y_true,y_pred
202,205.52481
129,152.2489
104,111.74397
104,105.86553
128,139.26488
172,176.13722
259,257.5531
338,330.7708
350,356.18118
294,295.87192
258,262.4439
246,257.9765
245,258.40146
276,269.62857
311,297.3129
293,326.9344
333,330.14624
352,387.59567
388,410.37317
390,403.64157
348,354.75403
379,347.0308
385,397.55222
394,374.30383
341,364.80566
281,300.04446
272,235.13412
225,227.42616
231,188.80815
181,171.32106
165,181.8507
208,204.95578
264,267.01306
345,304.9511
317,344.78952
316,346.5658
354,340.884
338,370.5089
357,363.95724
412,377.85806
375,427.8562
411,417.48138
384,442.07462
362,395.49738
355,352.04193
399,383.1182
405,419.63846
393,398.71436
384,385.58545
329,346.84232
283,280.49857
274,256.88913
249,249.13448
122,173.91483
149,156.22092
159,162.88945
227,206.19801
260,281.7153
328,309.549
312,332.2645
347,329.3159
334,339.51218
349,339.22418
310,350.44165
325,324.6591
304,339.89435
306,321.57892
264,288.33243
240,269.89706
315,260.40207
253,293.548
226,218.00734
171,165.61179
123,128.58165
100,93.12896
103,92.02218
145,141.94788
170,182.16992
227,250.2018
289,320.42328
320,350.13293
242,281.69
203,232.1979
208,204.94017
211,208.22891
211,213.87363
226,225.37689
248,234.6756
237,251.55258
249,283.96082
266,263.97305
215,251.48965
191,216.0387
202,203.5352
218,203.77838
145,174.44939
108,113.4301
78,74.808266
60,62.02153
54,63.877213
100,84.12386
147,160.13577
221,230.69026
307,324.88486
361,351.66086
288,294.55905
234,226.95325
196,210.88661
205,204.09062
198,219.3176
205,219.93831
206,231.64355
189,229.2357
277,247.93285
263,300.87445
253,237.86465
232,223.82939
227,237.28868
239,239.6088
176,180.3708
127,134.9083
96,97.32894
78,74.80366
70,70.32311
86,100.68246
134,150.9693
210,222.16054
286,320.59747
354,369.26328
284,301.44888
232,239.25255
189,215.75336
227,204.24234
234,233.9738
205,241.87596
231,221.11119
213,248.86789
250,271.7599
324,284.86884
273,298.26535
258,251.71835
301,253.56041
278,281.8168
194,224.36339
167,148.10805
109,116.07484
86,87.33299
77,81.350975
130,107.4066
164,172.05673
225,232.61858
305,318.23663
358,366.37677
283,296.20276
227,243.56584
222,214.91129
210,231.52818
248,233.7072
222,248.82854
230,233.32422
255,255.63348
305,294.853
279,334.91785
264,283.23856
234,255.97795
267,269.96637
286,279.25797
227,239.0119
171,196.79028
138,136.65186
94,117.2009
114,101.241135
143,137.15213
182,174.65523
223,248.81366
278,307.16043
341,343.76346
304,293.15457
229,257.04486
244,233.75034
245,245.3233
289,262.7742
250,295.80542
264,269.8756
330,299.60608
370,372.50192
395,409.0949
378,394.5674
357,346.18762
377,353.36612
427,390.57065
408,399.37845
376,350.91687
273,316.34924
242,241.12807
206,212.35649
219,192.6682
135,180.93076
159,164.90974
189,200.41786
255,253.05563
313,302.25864
316,326.0184
316,338.26498
337,341.2847
332,353.6961
338,351.1499
340,359.55573
357,377.28275
371,403.89407
380,411.58984
335,391.80237
353,341.91656
368,382.40158
406,404.07895
359,399.20563
388,368.8335
335,339.13797
316,282.37708
258,268.72397
232,231.35802
151,153.4422
153,157.7027
136,164.1294
184,198.51508
256,257.07773
335,305.35266
326,337.62955
314,341.98853
328,321.06345
333,331.08398
338,321.70206
305,341.1116
342,321.98553
325,344.92264
251,286.6583
273,248.31325
268,280.27194
282,266.82565
199,238.7256
178,160.29608
139,123.332855
110,100.23846
105,99.57312
114,142.82828
176,169.05652
249,233.42583
296,336.84494
334,349.61932
261,269.0481
226,232.72578
192,215.04861
191,200.31349
203,204.83662
228,222.28061
243,240.02974
234,247.0871
273,258.4034
269,276.6987
216,243.72069
195,196.65535
204,204.16895
206,207.59811
149,159.03491
113,115.768166
97,77.705284
59,67.818825
55,62.505966
103,92.74713
141,159.47987
203,231.41084
280,313.78864
349,352.41943
270,286.349
214,231.03467
220,197.49332
227,209.65146
212,222.14178
211,223.14714
231,216.64502
241,234.23917
353,278.7142
315,334.30655
257,269.00443
237,227.32368
225,228.64552
237,228.16336
182,180.44522
136,132.32808
105,102.5389
42,76.07196
70,64.65688
108,100.082825
131,145.3407
205,215.6171
306,301.08945
385,367.0269
324,304.38586
226,244.87819
227,212.89142
236,229.68346
222,236.84088
245,224.10583
263,246.45186
251,263.31326
363,290.05966
447,361.3348
548,357.87054
277,417.61108
284,267.04126
256,277.03674
190,208.75844
147,148.03136
109,109.954315
78,81.01084
68,78.97659
107,112.13028
146,166.8126
258,224.17607
329,330.51212
363,371.07675
308,308.63608
235,246.93056
218,225.55933
226,228.7726
243,239.41077
218,246.72104
239,241.06134
278,261.64905
367,319.4843
301,377.61716
362,310.44183
268,306.71695
302,280.02512
302,293.58154
242,243.17865
232,195.88945
146,153.6615
104,107.80089
102,105.33869
170,135.54276
184,173.03131
244,256.5477
294,319.0646
355,346.345
308,308.8968
256,260.97656
265,243.88312
254,260.7227
259,266.05994
294,273.01465
280,292.72858
322,314.0101
401,371.62863
425,416.25793
364,414.4469
326,337.6778
350,351.37686
401,393.6624
345,387.72134
404,326.0093
318,313.82993
242,245.16077
243,206.5101
209,210.76765
162,175.24901
198,174.66685
171,215.24937
249,244.8866
303,300.60858
311,316.85513
327,326.1571
359,340.46408
357,354.88156
362,359.32114
362,369.813
389,380.0644
378,425.14877
406,403.69894
351,387.6909
373,340.6842
356,389.46347
412,394.68927
398,375.40146
399,391.84662
360,347.75046
305,289.8505
288,260.81717
271,239.74318
114,172.66396
148,152.49275
127,156.74779
197,183.15811
261,260.46188
312,312.3416
308,325.86288
328,319.3392
313,326.97122
326,322.25668
337,326.28195
334,337.77765
345,343.0355
436,341.14554
294,352.8092
264,274.9351
278,270.02097
271,277.13742
189,228.31485
158,152.38701
110,115.286995
97,92.577286
108,100.6509
132,140.01807
159,171.11316
257,239.8049
290,329.24698
324,341.21204
274,264.88165
188,238.67436
193,194.88971
202,202.97414
173,211.47224
209,205.84593
204,229.00078
222,225.9542
229,250.82576
286,250.389
209,247.58116
210,196.09044
225,205.44257
206,216.34555
174,158.56085
115,119.159454
88,87.62424
67,62.86053
58,59.76761
93,100.72168
146,149.41875
253,227.0024
294,327.11057
330,346.94937
268,283.28763
220,215.75021
193,205.78769
206,205.19415
213,204.93628
208,218.37885
224,220.44453
216,240.83327
228,264.12955
264,278.4923
270,244.23837
188,242.85648
204,211.96964
229,217.74794
168,184.39928
130,128.61731
97,96.68897
72,70.67026
63,72.038666
96,97.96807
153,139.37422
211,225.73059
309,311.02496
347,368.7056
282,295.8877
237,233.11858
208,215.49374
222,213.91008
272,231.12035
267,260.51617
276,259.44748
325,271.88678
559,345.41864
509,510.98718
415,461.57175
369,329.79398
372,317.5342
330,318.64676
190,222.37964
140,144.45721
110,103.466156
82,83.60223
73,73.39937
115,109.85019
162,164.92012
249,240.3261
325,337.7024
374,361.4895
303,302.25204
249,246.23999
206,226.04614
212,216.8418
232,239.11058
205,243.69221
233,234.49313
263,273.73868
331,338.7896
326,343.97495
248,333.26556
259,255.65273
253,279.97192
261,286.97333
236,225.3798
203,194.61069
164,145.75288
111,116.476494
123,103.69617
138,140.74234
146,179.58208
236,238.45667
280,313.16995
313,348.68094
269,302.0889
237,253.22205
243,233.5849
229,244.32324
241,252.34724
301,262.73883
308,294.91953
307,322.65326
379,358.6704
428,405.54156
363,398.04654
335,336.79236
332,348.88956
406,370.29175
402,385.8427
330,373.76843
308,283.70438
273,239.7962
216,227.59343
216,194.93304
153,163.22179
178,175.45598
193,196.49203
249,248.97691
317,290.49222
333,318.29974
340,331.68515
329,350.20654
322,331.74048
357,342.705
340,361.09576
372,371.70374
395,399.97983
390,422.21262
353,375.3414
408,345.31888
348,390.22372
468,389.25192
403,437.50684
395,370.074
357,345.60147
252,298.05994
270,229.3494
234,244.23924
136,150.26512
162,151.49991
164,155.46121
215,197.10594
248,268.3527
306,305.80383
293,320.69235
309,308.48837
311,308.31445
257,318.17126
291,285.40222
301,304.7119
304,325.3108
327,313.20572
304,293.09668
278,279.09152
270,278.7473
243,272.29068
185,206.3882
145,151.14946
117,111.30554
98,94.21324
88,101.194244
145,126.042244
171,172.17087
238,250.98927
281,307.62885
298,328.1316
266,251.1311
211,218.12616
189,196.39372
183,197.0313
198,191.22208
199,216.56723
184,222.6099
248,214.54733
218,264.1519
242,241.38057
235,218.02362
188,207.5109
208,196.24403
212,202.64047
177,165.74919
124,121.214066
78,89.430626
75,61.991707
69,61.368362
88,101.666275
123,151.31519
230,228.86603
264,310.20245
311,330.26547
269,269.30917
230,218.43425
200,204.53122
192,198.07826
187,203.44485
179,202.88188
196,198.41653
238,218.30351
268,259.67606
234,273.06082
203,236.35916
206,203.95177
189,212.03172
227,210.01799
189,182.20123
138,134.01074
92,95.0183
78,71.6361
65,73.58385
101,96.53108
141,135.14873
208,214.61179
298,294.1087
348,344.70187
279,286.56424
240,237.44366
205,214.68375
199,206.79602
197,215.95802
201,218.44463
200,225.30719
224,234.59657
247,261.19824
288,292.7869
253,315.28494
211,248.44946
234,220.255
232,247.03038
177,196.38217
157,139.10474
105,108.3421
86,82.39688
86,77.516975
99,114.18262
166,154.85043
209,238.58386
311,311.8573
326,359.17596
258,289.59442
223,237.02649
222,212.67976
228,216.71541
211,233.94759
230,219.50021
233,233.16196
244,253.98267
294,290.8526
318,309.84503
305,284.40915
232,262.8091
277,249.54897
259,278.6833
226,221.58098
174,187.4541
141,136.86049
101,105.852394
119,103.64154
175,139.21426
168,180.34595
238,228.04117
258,311.02023
317,324.22702
309,288.123
225,251.37971
250,233.41156
234,251.36842
272,245.14764
275,284.16727
308,280.41327
325,317.9441
361,365.44714
390,405.11133
351,371.24512
338,323.94852
329,343.1452
390,368.94888
337,386.83127
325,322.60507
304,284.97803
235,247.86613
257,203.90947
225,217.85464
132,165.9219
185,176.18207
194,198.44447
245,247.17805
321,294.2772
292,320.05658
304,314.72165
299,319.002
328,315.2172
323,341.9845
365,335.3499
365,376.27985
429,394.30145
408,436.4752
411,384.99658
401,390.3735
373,385.36972
377,411.60953
423,380.75003
380,391.93472
308,341.1804
244,266.9277
261,238.97678
251,233.39735
124,151.39919
153,153.72725
157,153.77948
191,196.01965
250,254.017
285,300.06522
270,307.42197
303,293.88843
308,302.81815
281,305.6378
333,293.87888
345,325.96582
342,350.6494
469,340.8107
295,386.4018
297,276.7701
293,288.69675
315,281.3653
278,231.28009
170,175.53467
114,112.20428
55,74.64868
62,53.260494
74,67.28162
86,83.48431
112,116.584
173,164.51834
214,203.44366
235,216.89664
232,240.193
227,233.1373
261,234.03906
217,252.48709
224,244.27313
246,253.49548
271,267.96426
332,316.99283
305,360.70618
363,323.26663
328,334.66956
346,331.3932
373,363.7467
383,391.80173
390,336.76233
273,281.72424
151,178.83069
127,113.54134
82,95.90292
70,82.90518
111,99.05456
142,131.17621
175,172.81511
275,219.22241
257,268.60022
267,257.96332
291,278.53583
314,281.30637
301,310.19775
309,300.51303
330,321.06845
410,362.84305
492,429.07312
451,459.06525
460,414.5834
464,459.45877
445,456.76974
412,453.60638
339,396.92294
286,276.1059
175,196.1229
126,126.52309
94,93.76869
74,84.60442
99,100.495346
107,116.36582
164,149.07341
213,190.57152
247,239.06406
233,260.8615
268,256.12628
266,263.33112
302,272.24774
284,291.72995
318,287.259
290,323.305
272,296.47995
279,261.71167
256,259.78073
274,247.13394
217,256.9472
195,194.51091
116,150.05873
93,79.80318
53,55.757538
49,49.547237
44,64.35925
84,75.03192
114,116.469154
157,141.22545
174,183.84712
207,195.09138
202,197.05219
196,197.78777
243,194.52069
176,222.22209
208,189.57672
238,202.41553
225,240.13255
236,251.10999
222,244.13066
203,208.08104
189,190.45122
172,181.44829
221,174.58168
189,167.15869
119,113.761765
65,67.94111
45,41.803696
35,46.073532
50,54.524654
89,84.17171
114,123.010666
167,156.94843
155,177.79193
206,193.7634
232,195.07458
168,208.43558
172,180.4753
166,194.90004
206,199.97789
208,207.25136
186,223.23656
253,234.21266
255,258.84528
225,238.83177
224,209.59732
229,198.29109
211,237.95427
192,185.5222
127,127.24904
68,74.71253
47,46.83416
38,44.074463
54,57.7685
77,81.861755
115,119.66529
174,157.43271
205,179.49762
208,204.97707
203,206.34682
184,193.73537
212,189.79288
185,202.00157
214,212.11821
208,216.07372
192,219.0543
220,244.11949
270,259.81396
291,250.17352
268,257.3134
252,257.73505
318,243.68776
234,234.35664
154,149.31453
77,87.9852
45,53.587456
47,44.41635
71,62.64597
81,89.99552
127,112.84253
169,170.41017
217,191.82309
229,216.28253
184,211.7665
225,185.15213
208,223.5367
202,214.21024
218,224.7814
195,223.6698
223,222.41214
253,263.60184
257,286.57153
219,272.782
240,236.00075
258,253.38606
239,295.13177
256,235.06503
182,179.59035
114,118.16627
69,70.212685
49,60.00987
86,71.265755
97,87.79162
125,121.75351
163,170.84436
202,207.68987
204,217.71458
208,210.75844
213,220.94606
225,227.32523
213,226.60643
231,226.06561
229,237.71533
225,253.39658
271,278.2421
300,305.70847
327,318.2248
290,306.89954
307,308.935
326,341.78403
397,355.72372
334,342.7017
219,255.71986
152,155.72633
101,112.864204
92,85.62777
72,82.836845
116,102.53558
142,141.47057
182,173.37778
205,226.39508
258,242.4087
259,268.74973
280,275.3958
292,282.9583
317,294.65115
293,310.36438
355,307.65714
336,375.75854
375,378.66595
396,375.12045
382,381.315
405,405.00073
408,410.51126
387,437.55576
343,352.0829
284,271.88373
183,196.05426
135,125.20732
111,98.97911
71,79.10291
96,101.32638
139,116.66958
136,165.58113
213,192.66922
244,246.52203
261,250.96979
284,272.97177
284,278.89536
281,289.46332
328,281.35315
331,327.6455
300,329.8276
298,297.29495
297,279.84534
290,269.01544
291,274.96368
252,269.00818
207,209.49602
138,136.59488
87,87.242546
56,54.76866
47,50.03399
61,56.9238
73,79.16371
117,114.21684
142,151.44698
187,175.23119
187,201.25783
205,192.01712
225,199.26907
216,223.59828
189,201.1023
206,203.64449
196,217.91753
221,217.55391
238,242.1864
235,238.0584
200,213.35565
188,188.45236
172,180.45361
206,177.99915
168,170.71452
114,114.455734
71,68.12254
45,43.406845
43,37.693436
60,55.376667
74,85.17962
112,117.83815
162,156.99036
198,177.89532
210,199.22505
227,212.83078
199,195.34024
172,195.18518
206,175.78662
217,210.0364
210,214.31944
219,219.55766
249,254.10196
252,259.18607
228,224.09885
211,210.49681
279,193.32243
243,256.22226
234,188.99771
130,139.99553
87,73.156715
38,50.946873
50,42.613487
59,61.539864
91,78.08277
117,123.251274
163,156.83128
199,191.54219
205,205.96915
233,206.02832
214,211.68141
226,205.89409
227,215.27815
219,228.41342
218,218.7513
265,227.43324
342,274.75876
383,324.56543
371,317.48987
223,303.38116
223,243.86845
228,236.7619
176,214.38669
123,133.99634
76,78.64595
53,50.30432
37,48.743942
65,62.82355
86,87.75183
108,127.89109
171,165.21944
221,196.1249
235,218.20613
225,216.86464
236,221.19579
180,226.65796
184,202.83426
230,216.71617
233,228.72475
266,255.87149
275,288.1271
318,308.48172
285,299.9803
274,256.2346
275,263.1914
294,270.68234
252,246.88802
178,175.66638
143,114.48414
83,80.96729
63,55.940536
81,75.33482
68,91.35631
130,116.95372
179,171.80826
210,209.93834
225,218.45488
218,228.31316
234,224.10648
226,231.04926
201,223.29758
239,228.89468
233,247.31769
257,262.79312
278,296.3111
344,308.4427
345,344.00327
369,313.27353
312,350.23727
372,350.00867
428,394.48853
347,361.5217
290,259.3222
203,177.68864
138,123.88259
116,94.74102
94,78.55238
99,112.38944
140,138.41757
190,178.87811
220,226.7682
247,251.84677
302,267.1427
275,300.44
273,280.73373
338,292.07135
346,321.66098
363,346.09268
426,375.90268
466,447.16177
495,450.4281
468,447.8505
516,457.36966
506,506.1696
531,480.6356
505,407.02347
338,346.89682
240,214.68658
189,152.62198
105,117.58643
87,80.75958
92,97.76079
121,121.84368
155,160.76065
192,203.79666
264,232.90761
242,279.26392
274,262.57764
273,274.04926
300,282.11365
321,304.77814
295,323.64328
353,309.41458
401,339.26657
295,358.9046
264,273.15714
239,273.446
273,230.87143
202,214.08247
152,136.65596
86,90.7191
59,53.65662
51,47.505554
61,63.310555
79,80.19763
104,118.06545
153,148.14085
205,181.83836
214,200.90033
225,203.94786
177,212.04602
182,195.17865
159,185.8499
197,188.94676
168,212.19138
184,201.0272
213,222.89516
204,234.59836
186,197.09888
186,181.7828
173,178.6243
173,189.48286
143,155.44524
100,104.706
59,66.32011
41,44.005135
39,41.154613
49,54.0567
83,81.59544
115,116.605835
151,161.64383
199,175.57391
211,205.36766
179,220.14854
196,182.31119
178,188.87367
175,183.8182
182,202.59015
193,192.85448
207,206.65265
231,242.79745
257,243.18991
198,223.46729
213,198.37468
199,217.72101
233,211.9245
159,187.66687
121,110.76171
61,70.33754
40,42.902164
56,44.08208
61,59.908413
65,81.981255
119,115.47233
167,161.75752
236,201.41031
237,217.69945
236,209.58417
199,215.41089
185,203.08652
217,198.66476
254,217.64368
296,233.65019
302,282.15695
291,311.9551
323,324.59946
348,284.86105
495,286.60178
376,393.92157
276,319.03397
192,218.24759
114,141.05363
84,70.41039
47,52.207504
52,46.625168
64,65.97242
79,84.86948
105,125.26174
177,165.74385
224,225.36658
236,230.1921
209,228.13486
212,212.01588
207,205.69888
194,210.17876
219,226.41214
212,240.06357
220,256.75272
278,266.90295
322,313.5942
315,310.5303
221,304.43875
224,255.76741
266,259.2277
189,235.65692
170,150.51598
104,112.3975
63,68.332794
60,60.918182
72,78.1441
80,88.68244
125,118.96291
170,171.38841
197,210.76633
238,217.75854
219,222.2325
240,221.92781
215,234.97435
215,216.36511
241,232.9204
226,241.15118
220,247.39226
291,265.67734
316,317.63608
336,330.89435
310,314.0124
285,301.57898
366,329.87506
351,383.84265
313,317.52014
231,253.75838
156,155.49861
101,121.55624
100,90.35308
76,79.53819
114,104.14355
122,142.47339
175,171.18756
215,222.3554
217,248.74748
220,252.57556
245,247.6687
229,263.9274
274,259.36462
264,289.7268
294,299.54675
348,342.5192
382,400.16315
397,407.19492
458,406.15942
451,456.73752
467,464.28018
440,449.48978
387,356.78143
293,293.41803
192,193.59344
151,134.81645
87,107.85832
84,76.41223
109,97.56184
127,123.41828
126,155.17207
166,185.4784
222,215.42308
233,236.13445
261,249.5909
212,254.55493
239,243.53632
248,255.38583
251,275.6187
299,281.715
298,300.73596
249,284.7145
264,253.0427
243,269.00592
230,247.5531
172,203.76079
107,123.18221
67,77.56744
42,52.744312
53,46.99319
48,63.234505
79,78.57808
126,119.66976
164,162.53194
200,192.1839
214,201.6406
201,199.98396
227,192.4972
196,218.35901
190,189.1315
185,203.54796
204,190.00198
215,216.72589
222,237.05623
222,229.32031
209,201.1092
233,191.49054
159,207.15024
211,179.52325
175,165.89998
133,110.57699
62,68.8977
41,41.955444
33,37.081577
47,50.075108
77,81.03418
130,119.468315
159,168.04393
210,198.96002
193,209.77681
194,192.48395
193,197.75192
182,188.26021
176,185.69548
186,193.5456
190,200.8408
220,207.85771
236,247.88297
236,246.91643
225,215.18518
206,215.9427
172,204.1113
213,206.99292
174,179.86472
117,122.93244
61,67.37086
51,42.041317
39,46.04009
36,56.358883
84,74.32947
136,122.3273
159,172.90442
242,208.02484
219,216.65424
211,210.71745
205,200.82158
182,202.51657
192,198.28633
190,210.07297
203,206.49857
237,232.86296
270,270.98468
269,292.68796
241,280.666
248,230.66881
225,237.99571
208,242.3709
194,182.03026
125,127.14263
59,72.810936
47,46.50703
41,45.851845
62,57.4984
92,83.49392
150,121.97715
175,177.0413
227,228.5412
243,228.77223
203,214.72733
221,209.57883
217,211.24344
250,211.35219
220,235.22163
236,218.78816
256,242.28178
277,284.62253
286,302.92084
292,272.69186
278,262.63467
248,267.0522
290,251.51642
215,243.39902
174,162.26604
108,110.02866
81,68.488045
72,58.17102
69,78.84065
78,84.83039
123,127.25638
170,169.21065
257,209.03806
207,240.33345
214,210.2212
204,224.7523
204,219.38177
200,217.9355
250,226.60327
219,248.98245
274,236.49539
321,297.50427
309,336.6175
332,315.99918
313,311.14914
342,309.06003
361,364.6189
415,377.49695
424,336.50546
274,301.71472
181,176.01567
117,116.316154
110,94.67618
78,81.87856
112,105.47617
140,140.28575
172,181.09683
218,213.55374
266,244.63963
265,267.5387
271,270.2693
285,271.72787
288,296.33334
315,286.2379
321,338.01993
359,352.4596
387,381.998
380,395.68353
383,393.64542
357,416.0049
423,412.19962
447,451.22995
369,407.14175
267,294.37723
211,196.75952
135,145.80942
92,104.63442
87,83.07755
93,101.10723
136,121.73373
142,145.35532
195,187.44586
246,238.83046
259,253.21713
293,269.0443
260,279.7879
293,266.1627
307,290.786
331,301.18973
324,336.0262
339,317.49094
335,303.76517
352,298.40677
334,322.81396
366,307.58322
320,261.7227
281,279.00186
209,239.17845
207,182.41821
121,153.55435
104,128.27116
93,93.26893
105,108.716545
146,126.73323
187,165.37167
150,178.2129
137,153.33643
171,151.84196
159,170.39156
176,167.62517
167,194.89052
198,201.62643
221,226.56021
250,255.65332
283,285.77725
293,303.03262
309,308.68085
337,363.74658
403,433.79245
525,515.4896
590,590.5617
685,625.5592
605,614.5068
504,505.52148
310,303.13928
174,173.64482
112,139.78111
152,136.89131
133,161.99887
167,162.87532
180,189.70735
217,213.37515
209,225.17778
213,226.70978
226,231.99088
305,243.97066
259,315.6799
316,319.2621
322,365.36978
343,372.07928
332,360.03748
362,400.8282
470,464.00592
610,587.0766
617,714.2629
602,678.4156
611,550.41895
440,504.77393
305,316.89935
161,201.2479
121,142.63457
131,140.56532
101,143.11266
141,144.36008
148,167.91383
196,183.02348
191,214.01282
188,212.95961
217,214.53775
209,233.59984
198,226.3115
213,237.89642
210,261.9611
215,234.72765
273,238.07231
294,312.13748
349,326.9189
336,315.4601
230,274.5909
167,149.22478
94,114.55253
76,91.10302
93,83.76614
80,91.63194
93,106.07826
132,127.79141
152,158.76834
142,154.40677
107,127.64221
126,117.90959
133,130.11597
121,136.13408
122,146.20251
156,135.29819
165,160.60954
145,186.73938
403,172.10013
253,381.41705
166,224.17914
168,178.8004
176,191.58427
192,178.39044
160,146.81425
89,100.82018
65,66.41811
52,52.444324
48,68.22957
65,65.80603
89,90.963974
123,121.89077
131,139.8026
127,146.37532
123,117.98924
123,123.96296
113,127.02982
107,125.960686
146,137.83658
151,149.79004
148,169.76607
148,175.21367
189,195.47643
174,190.00026
212,171.36406
218,215.19234
221,228.87646
219,209.47762
155,167.19324
105,110.22504
83,84.16164
62,66.93434
75,72.458
73,80.806526
80,96.2797
132,122.64449
152,144.4187
134,147.40459
120,123.54264
121,125.75222
117,127.642105
131,126.85618
142,150.9428
139,157.61316
146,162.14241
183,177.20178
213,217.19603
159,218.87415
213,187.13739
256,240.38646
306,289.4505
266,298.21106
217,207.03496
140,149.44186
92,100.69065
83,81.36053
98,86.40732
82,83.436584
101,97.71176
131,130.84769
138,150.44328
157,149.29741
132,134.38467
144,127.453835
140,141.69241
134,144.3281
157,159.07227
155,173.90659
167,176.71815
203,206.10405
212,238.74026
214,222.8037
285,219.97484
264,314.23138
302,322.61752
315,321.929
255,286.95422
218,218.54092
160,172.21371
111,124.05487
118,126.63739
105,95.78043
98,112.4595
126,133.37302
173,165.53406
161,162.49574
139,147.45331
150,149.51134
158,155.84666
165,164.17067
139,173.24588
177,170.96375
194,203.94781
233,234.14835
220,270.08725
280,247.55795
273,307.9676
348,330.7656
398,429.2392
532,487.79913
607,608.3835
680,642.7859
606,598.24146
523,472.21417
335,316.48938
143,180.18047
105,120.56583
107,126.41867
138,140.45752
131,168.94336
178,162.86975
179,198.75328
188,194.43713
220,206.47559
205,216.22614
226,230.35837
256,250.67003
280,302.12192
306,317.3447
341,341.22592
366,347.28445
452,412.24136
520,539.90533
543,648.7913
770,646.2652
656,775.76935
554,532.2009
471,454.80487
331,342.4709
183,189.03073
135,155.33606
122,131.34454
126,135.04118
154,142.87173
179,173.44241
178,190.61874
167,190.23282
211,185.22664
222,216.07372
213,225.96704
254,224.61714
238,265.1647
356,263.50586
290,321.92395
267,294.5536
284,303.67322
330,324.49786
262,307.38776
187,205.59915
124,135.69145
83,90.676735
80,85.517494
54,85.04804
94,78.91617
114,101.89992
122,133.05298
142,154.48373
129,149.77286
103,123.97808
132,115.93082
146,134.43758
125,143.13911
148,145.89037
155,153.62393
146,159.78981
170,169.00856
168,190.86743
144,165.40222
147,151.03598
195,160.81448
211,207.8247
180,187.54155
147,142.906
103,93.34034
79,68.55001
63,57.022675
63,64.84598
66,69.386665
87,93.84019
119,125.93441
152,136.27591
138,145.60466
108,121.356964
102,120.94068
140,120.38823
145,141.48671
103,154.84906
148,140.0572
186,164.95253
180,198.93765
199,193.16132
165,177.9183
157,172.97041
237,191.0308
237,238.59859
198,214.21298
176,153.66866
109,116.72353
83,81.00885
73,67.58064
72,76.73195
80,79.50008
82,93.26456
143,122.78504
153,155.4219
136,149.05959
121,122.11128
102,120.96499
141,128.82477
152,142.72682
129,152.35217
143,144.01393
168,168.03091
252,198.45415
313,245.97809
369,247.42113
243,291.9489
258,265.73965
259,294.94235
266,263.33527
198,210.58029
146,143.06499
117,97.55328
95,88.465256
82,87.706215
81,84.65254
87,99.71837
125,128.0086
173,150.40617
140,157.46696
152,126.247345
167,139.26964
213,158.58311
207,187.99121
206,183.30603
175,183.54561
195,189.96567
216,225.89491
232,246.44568
242,248.57841
251,255.00961
281,282.63422
356,324.41428
392,346.0944
303,312.88913
218,223.24063
184,170.15663
128,133.10367
123,113.634834
104,98.58162
110,105.73244
136,129.82751
159,176.67943
165,156.81418
153,155.22795
130,159.78282
176,160.7933
171,186.70929
174,182.17569
197,190.95505
209,215.38884
275,246.28745
311,288.58563
281,318.62656
267,292.90442
359,325.80435
434,434.86948
635,553.0285
635,646.9379
756,647.8794
666,688.0268
545,509.63446
347,328.41125
152,168.07439
107,119.578766
132,119.37683
133,142.372
155,164.65068
172,179.73026
191,191.55186
204,207.54451
214,215.45116
245,221.55182
245,251.4793
235,266.22766
315,276.3741
339,361.72437
308,359.453
358,336.44177
427,411.21802
529,530.08044
592,662.2816
716,680.41266
774,755.3681
644,704.3662
583,512.23645
333,362.709
198,188.87708
138,154.71783
123,132.95755
124,129.64688
168,154.70175
184,179.51427
168,196.55534
201,184.2432
197,208.92256
234,213.27858
229,232.21523
285,236.43222
255,287.76752
369,290.95657
240,342.64636
265,256.3951
272,288.35684
286,310.25888
220,274.58145
200,179.11919
137,131.47003
110,92.63045
79,86.13932
70,80.837524
102,83.40633
98,114.387054
131,129.92574
156,152.32582
129,149.18927
134,120.75396
117,128.71857
114,131.70883
142,125.73768
116,151.1417
144,142.29315
168,152.34395
141,181.72498
165,173.01743
169,160.10947
155,155.72952
195,165.98882
176,202.36505
193,175.75604
125,146.3237
99,95.923294
72,69.60438
66,56.87279
56,66.89914
77,68.60469
89,95.24183
107,124.740486
133,141.69662
115,137.67845
125,121.23103
101,127.32801
119,121.2468
146,135.87962
139,153.40977
142,147.87625
154,171.42079
176,174.48555
157,192.00893
171,166.02995
199,174.72467
217,214.45456
234,225.89821
240,215.18524
167,169.48758
123,108.44185
78,83.59893
81,67.98619
68,72.1088
77,82.40266
95,89.909164
118,124.75305
161,146.48349
165,139.37036
126,137.19104
110,124.703735
146,128.06532
162,149.62537
195,157.64713
196,173.11935
241,188.63716
215,242.06503
282,241.19054
278,269.4688
252,255.54042
294,263.824
346,303.7219
279,308.04498
206,212.6472
119,142.1353
103,97.28068
69,91.38936
79,83.58495
80,84.60243
103,102.39456
109,128.42233
153,159.54243
154,158.01355
145,139.46442
112,136.72354
149,143.01741
130,160.95042
169,175.48193
350,183.3692
246,311.00336
186,253.79695
216,230.77368
229,238.61218
229,248.3696
235,274.34384
338,327.5964
346,335.884
372,287.4902
280,254.00366
184,193.47214
160,131.64864
121,121.441505
100,101.69841
162,108.1229
133,148.11525
177,164.20958
129,168.42877
128,140.50798
149,135.62064
143,157.94968
162,157.4203
181,177.03787
197,206.79533
178,219.12093
216,219.36378
261,264.4793
263,281.95923
312,271.5057
334,356.47144
430,419.89325
535,548.1956
562,602.6207
646,620.08514
501,549.31177
436,420.4669
302,301.78638
157,163.42763
111,130.26698
104,125.47188
133,130.77542
152,149.75552
163,168.9031
194,177.81926
210,196.74303
195,215.12483
196,212.79762
262,222.59079
234,270.03976
265,279.65076
312,313.855
337,342.88287
359,355.16895
455,411.06564
522,548.7874
625,635.67004
733,678.49805
746,777.2881
584,656.42957
528,432.32117
279,345.35675
152,187.44162
133,129.82819
130,119.06572
123,129.74965
150,153.07462
171,171.16759
185,182.58154
204,199.57468
191,204.41576
186,204.31032
185,201.30219
264,214.3959
205,265.1218
238,271.90344
221,239.08922
277,240.52106
279,298.7829
276,304.59207
259,260.68503
225,189.09625
149,145.61978
90,105.540985
79,76.03515
95,72.94044
83,98.37895
101,104.71986
133,134.51561
160,158.00215
144,143.55684
124,120.01573
121,123.401665
131,130.68997
119,132.22168
160,127.667145
153,160.16402
179,163.24248
176,179.27614
192,176.94469
169,175.29094
149,156.6634
150,170.55331
169,167.6641
232,167.05133
150,160.90358
86,101.08285
61,67.08046
64,61.410015
55,62.2521
57,68.57821
96,89.869865
120,126.76293
156,145.325
130,146.26994
109,122.71018
103,117.21044
130,122.25004
104,137.66292
109,137.30191
141,140.95624
157,160.30101
140,182.54399
216,172.91731
172,193.15732
191,175.1773
171,200.34094
226,203.98843
180,218.12369
140,143.87009
113,94.21336
92,79.09312
56,75.26509
69,68.78286
71,72.866325
91,88.00111
128,126.928406
136,160.23854
138,137.75081
108,123.84256
132,114.48134
119,136.92697
134,133.95316
144,145.73415
132,153.47028
149,154.9629
190,185.59654
207,235.43854
204,220.51799
193,219.16966
227,220.04105
285,263.33722
252,272.8546
221,188.29803
156,140.79991
109,108.95825
84,81.35882
86,80.52536
76,82.6076
94,102.9715
119,129.59389
161,150.08856
134,155.58917
124,129.89252
110,136.25826
132,131.63437
141,138.00839
140,154.55148
147,149.67259
200,169.41534
218,218.73584
202,232.27913
240,216.16756
245,239.4601
498,269.4406
351,494.91492
337,343.58282
273,302.4475
269,221.15358
220,191.32242
159,145.7803
118,122.55317
96,100.71482
103,114.28827
138,127.80513
173,167.67523
167,157.83273
277,146.87941
345,214.5607
256,242.07256
177,220.98366
185,174.04187
214,189.5199
228,219.70639
224,253.98804
256,257.93787
295,279.17725
299,298.02277
340,369.3162
385,427.95413
476,491.42572
581,516.7648
620,601.6701
633,555.25946
461,495.30795
285,317.53812
150,159.34283
107,120.555916
113,117.03347
121,134.88016
178,156.13158
172,196.67853
170,201.76472
170,202.2262
196,194.74449
215,208.95297
268,237.25484
229,277.82068
270,262.93832
290,312.88004
310,330.84995
361,335.82666
413,415.4455
442,496.8988
600,557.28107
703,693.6233
720,761.42096
636,659.5694
529,491.1304
317,353.91397
128,184.6814
96,121.41449
112,109.90093
147,120.802574
150,166.75154
172,172.5713
169,176.44148
179,183.00388
187,188.10046
211,203.51381
240,215.41339
300,248.52356
242,290.62
264,300.22372
286,254.10832
308,291.145
297,310.8685
365,316.11157
439,315.76202
347,345.39664
268,267.86127
195,192.77458
151,172.56422
121,161.62738
145,145.74306
177,180.81075
246,238.73059
303,291.81598
295,279.29327
253,257.6457
261,242.79611
274,271.8812
266,268.9253
298,293.24023
291,314.6009
326,332.2404
393,380.1208
470,443.05963
426,495.43243
443,446.6317
493,475.36713
588,590.6454
690,649.18665
661,724.68207
650,688.2577
603,556.33527
469,483.1491
379,312.02225
228,235.57875
221,222.32993
198,224.77301
253,258.4399
327,287.45346
306,320.24805
333,341.18878
311,357.0938
345,331.68134
385,356.12262
388,407.60675
386,410.26666
438,447.71536
484,498.22894
462,528.08997
514,528.0215
545,578.775
707,676.0915
710,775.5956
742,773.5825
773,772.256
645,681.20874
542,535.5769
327,395.43503
184,228.04234
167,203.63632
187,189.4152
226,233.78079
280,284.13202
292,313.7196
329,326.32806
295,332.97232
303,311.82623
314,318.07523
327,328.85696
330,347.23502
315,357.5402
327,344.83307
357,330.6817
366,354.6308
331,389.45627
399,362.92422
339,413.01962
277,256.63077
191,207.11879
116,131.86536
120,118.39928
112,133.29202
118,141.67851
176,161.65894
225,225.66666
247,256.75278
224,235.3024
188,204.9661
171,194.87753
196,186.59569
227,202.07997
199,231.90778
191,212.19202
233,212.31868
263,268.51047
374,271.09186
292,323.1386
231,264.87158
231,229.57657
274,254.39476
215,240.20201
184,167.75809
123,130.77602
103,98.350044
97,92.29195
91,109.165405
121,126.3189
159,169.53134
235,216.30046
236,248.94522
227,232.6593
198,198.24504
193,188.3581
179,192.0795
206,206.91673
203,213.1875
211,212.01207
225,224.81114
272,276.11383
305,301.32947
265,295.03766
237,259.8785
238,256.27594
328,278.31995
308,293.32047
204,215.3281
131,141.05411
86,101.93958
103,84.05592
104,109.99412
128,130.11769
147,167.9456
219,221.66457
250,236.21753
263,236.48724
192,217.19371
202,196.39241
196,204.61052
201,206.09167
195,216.3242
194,225.70691
239,230.41254
262,283.7557
320,309.61078
283,311.95825
291,274.71
339,299.85306
388,349.7951
289,324.87442
236,220.13364
174,157.78816
110,120.21285
105,108.51002
138,120.89487
149,142.08366
172,177.82957
216,234.29666
279,257.63504
268,262.61462
193,222.13315
224,206.3634
228,224.66927
206,230.88747
205,230.72057
214,229.7136
267,255.57538
304,316.74115
316,355.41483
312,333.67413
308,310.47345
322,350.67447
398,396.3182
431,394.8814
337,353.7855
246,266.41846
170,184.80112
136,160.69547
176,157.47273
122,152.53072
172,173.08289
264,228.12097
286,305.6703
288,283.0855
244,246.50568
252,249.37762
261,258.8609
229,254.67802
283,255.74634
269,285.90714
293,302.88165
348,360.0748
398,416.78058
421,430.94858
434,430.67862
423,456.62878
517,523.1499
544,638.139
655,630.8585
708,646.94977
738,613.5932
577,564.40656
327,369.06638
212,214.03568
202,208.78697
250,219.62712
301,264.28888
349,307.32828
375,324.15033
328,373.78357
367,336.26852
353,367.11215
374,361.19327
384,384.25424
401,407.81348
434,442.86978
446,483.69794
496,485.71622
553,518.3613
544,575.6553
681,671.28174
739,782.5569
779,754.60077
792,753.4783
685,697.0256
544,582.45764
328,366.0821
198,228.38715
188,196.89816
203,205.24658
215,246.54613
286,278.58957
319,321.94547
330,335.98166
359,343.73468
316,343.4462
366,323.1653
366,356.2755
367,369.0337
379,382.02216
412,375.76077
376,387.99768
355,369.1448
397,383.14142
394,415.99133
389,397.6926
341,302.52618
216,244.48776
182,139.21318
171,139.96484
144,131.19316
147,128.94585
171,172.7941
203,226.92677
254,253.53392
234,235.51443
201,210.44135
169,195.98692
195,188.53995
178,202.44974
205,207.12132
177,218.5955
228,206.05905
255,259.2998
248,274.86728
212,239.46167
237,214.80545
202,235.84645
267,232.47867
227,228.57916
182,179.03188
140,126.96829
105,106.23725
100,96.94152
94,109.03787
102,125.81199
160,164.37779
239,214.04214
259,253.95845
241,238.2863
217,205.90453
192,193.71625
172,190.32077
215,188.09682
213,215.37009
212,207.95172
230,229.8342
309,268.60767
281,316.26132
266,257.15817
218,252.93253
301,230.49104
325,315.9931
254,296.40228
222,188.3493
146,143.71527
103,100.66792
81,94.23697
114,101.89563
117,126.247345
188,158.33403
236,231.57837
275,249.04855
278,247.77127
204,223.50554
225,199.91052
198,208.41745
222,207.78209
231,225.92734
238,229.75267
268,248.94458
351,309.20755
424,349.55353
440,367.19772
317,362.74454
313,325.02158
315,335.15155
260,294.36206
209,214.96378
142,159.84244
116,110.26322
81,104.358826
127,126.04106
106,136.88913
196,179.28497
237,255.63872
285,270.2536
273,273.31992
237,224.21257
241,228.59756
247,230.2876
252,239.60887
218,250.44534
256,238.7509
262,278.58444
321,319.5868
358,355.506
327,374.97964
322,324.5636
315,351.89532
412,371.1618
411,399.70093
294,335.8126
229,236.49197
205,176.31746
204,148.23932
171,166.71124
149,142.15909
185,184.8854
241,245.6827
296,296.40884
303,286.5645
286,261.57947
270,273.95895
273,272.5462
274,268.95767
305,285.74847
286,304.66052
325,311.66342
397,377.3594
486,434.09567
471,481.4418
485,463.65854
504,484.23584
557,591.20734
637,625.88416
749,641.14795
773,733.7894
680,695.7998
545,539.234
347,353.50476
221,222.5584
195,217.65668
190,229.42815
269,255.20717
306,313.76813
306,323.5933
345,329.4682
334,355.44446
355,347.029
380,372.93732
438,395.1446
411,449.28262
456,459.82593
468,512.2247
464,504.99023
486,509.95593
584,533.89386
643,710.7246
731,727.85803
770,748.8498
843,784.93243
668,783.1522
552,574.4953
407,360.8827
225,239.96004
184,215.51144
206,195.8954
200,224.11247
302,269.06454
296,324.33432
334,326.76572
303,343.43854
321,310.685
360,332.38968
328,360.5808
365,341.4011
378,383.19348
452,389.72638
376,410.13992
378,365.85913
397,402.09622
405,413.60712
365,403.8305
260,272.94427
166,196.12085
132,115.57328
115,121.350266
141,121.4743
131,131.9275
174,178.96788
209,223.97318
256,252.55066
248,235.6956
192,214.62103
205,178.88748
184,204.78079
201,192.55891
210,214.75462
200,209.29443
202,221.8613
260,245.5184
283,275.9719
222,261.60855
235,218.77199
221,235.44893
245,246.30579
219,215.34839
156,173.55272
109,115.39172
98,94.37019
91,96.06982
103,97.79628
118,123.35208
152,164.9021
220,226.80518
259,253.67162
232,242.78288
205,203.56587
210,196.59233
184,197.30835
203,200.89972
217,214.74539
224,216.1422
214,233.3738
255,269.6594
299,293.21014
240,271.06302
273,233.37529
286,270.62787
304,307.6418
276,275.9759
202,198.65668
127,134.1011
99,99.28101
110,91.09555
114,114.651855
125,128.24083
195,163.06773
225,233.01044
266,262.3937
275,251.79353
234,218.79802
215,223.25359
214,206.65877
212,218.61003
282,230.15466
271,269.4371
314,273.01007
316,342.99872
409,371.17505
404,388.66022
384,358.31827
377,354.47052
339,365.20868
309,295.48563
226,223.66635
144,153.11429
125,112.82633
103,105.942345
135,130.37045
126,138.32408
150,196.63512
253,225.17648
295,287.5221
240,274.48776
222,229.5838
190,219.95998
218,215.62015
229,230.11247
228,238.51204
285,253.0074
326,302.43896
335,354.09885
374,381.63214
336,362.18008
325,337.72635
356,345.27106
496,407.39966
435,491.6338
318,337.7747
234,243.77283
183,180.63121
180,144.9167
187,160.34586
142,146.75662
213,171.76344
231,256.7639
288,289.53806
254,278.15945
246,244.41138
243,245.97083
253,253.68137
285,260.54477
260,294.70578
265,283.78586
297,306.2083
352,366.44638
383,429.81827
374,416.3781
411,408.16364
441,454.7156
509,544.7923
555,593.35913
645,581.5023
697,673.55115
729,641.08997
589,564.06085
368,365.99265
196,228.20891
210,207.0799
190,214.8897
226,252.60487
314,279.25266
326,315.50378
301,342.9757
314,321.55872
318,339.02927
340,340.07492
353,366.9603
400,384.3375
406,443.1423
476,459.70566
510,499.04602
574,537.53436
575,601.1014
693,680.9267
795,782.5569
791,804.2599
760,789.11896
707,682.8477
619,599.42676
357,405.70648
211,217.12553
226,203.7646
189,222.53905
217,214.49588
294,278.52856
346,316.34872
344,340.93207
285,337.59354
325,296.02692
308,334.6195
332,311.51923
371,346.9677
361,384.0043
353,378.6238
336,354.48868
352,340.63522
358,385.7791
395,390.30792
297,369.87292
308,228.46744
178,199.34172
133,128.15715
132,116.55591
128,140.76076
126,137.04501
188,176.14064
204,225.01363
252,255.44373
210,238.29178
198,194.91263
171,188.21613
185,185.66072
187,197.26451
197,205.00728
216,203.44789
234,229.29216
238,259.19284
237,264.06128
243,222.67259
235,231.27629
234,230.81238
238,250.20164
277,205.2794
199,202.04234
125,132.18924
72,97.342384
76,88.72478
102,97.87733
101,119.55054
159,162.42223
221,224.37834
266,265.65298
227,232.37634
199,200.50244
179,187.87308
204,183.79875
201,204.26344
180,209.9769
213,200.47462
232,228.69356
280,264.3768
257,291.25385
241,252.52983
236,239.68703
243,259.91858
251,279.99768
228,258.86203
198,179.23245
141,134.62497
112,95.66409
82,98.37599
99,108.53071
110,120.789696
205,178.40767
247,234.98997
278,282.71317
227,258.73965
197,205.3583
182,195.91972
184,196.41476
223,201.61824
216,230.50067
210,231.88712
216,245.52708
265,280.8915
271,319.57227
284,305.8098
284,290.71548
280,302.97144
337,304.9986
288,295.4783
203,216.46358
161,144.14774
124,119.18519
104,102.918724
141,126.16819
146,130.39995
192,186.70103
243,249.76134
289,289.2326
251,256.19586
219,217.47928
223,207.4921
225,217.75122
233,233.06421
199,233.39832
246,226.14441
283,256.34732
321,314.63742
343,348.36078
303,326.16507
341,307.87085
445,338.67776
488,450.16522
461,476.1083
387,358.3798
259,267.42642
210,186.79791
177,169.07053
161,163.35226
152,149.12766
200,196.06447
246,249.73851
289,291.05103
265,273.9558
288,237.79755
314,269.06906
289,295.5154
258,284.06818
261,267.10593
317,269.35217
317,326.31152
363,359.63077
401,405.02435
453,415.3793
424,440.62744
440,458.36298
497,525.43774
606,566.62
646,622.03375
711,659.47656
623,685.47504
511,529.10596
291,341.26303
196,203.26845
216,205.36996
245,214.9584
249,272.0934
323,293.02048
373,329.80444
305,372.8877
324,327.0151
368,338.59082
428,374.80334
421,425.16943
373,434.03354
383,420.00726
442,441.98297
464,486.4612
543,503.45062
577,585.2943
739,688.3859
749,805.0495
812,794.55566
688,774.2688
635,592.7129
512,527.9403
361,326.46478
190,221.53949
221,192.23476
207,222.43227
287,222.08688
317,313.074
328,354.3046
344,336.60907
364,339.20877
365,354.6499
350,361.11172
343,347.84552
434,348.42993
382,433.10007
420,393.93292
433,392.8382
416,406.03677
448,426.16513
510,459.69684
578,483.03015
104,131.16656
63,87.94775
67,67.10749
68,77.567924
83,88.88095
159,145.73344
227,232.3078
327,309.2024
327,353.05984
304,306.21466
234,241.97757
243,225.6278
202,244.97064
238,241.55887
255,260.47238
255,270.185
290,299.491
300,312.08783
299,308.78397
262,280.90268
286,235.5456
253,265.36566
257,264.90295
248,227.08226
210,194.65503
183,150.7999
144,122.56506
105,117.35862
102,98.33742
123,124.19493
133,144.594
170,182.53867
239,229.274
244,269.51956
221,259.1604
279,258.45554
287,275.3785
285,282.88034
287,294.9311
311,286.3102
313,314.08286
333,324.3237
305,325.29294
317,312.31622
348,298.50586
342,327.79294
338,331.40152
318,287.80606
284,264.68
233,230.74281
161,164.64903
144,122.34348
112,109.573
125,113.53417
137,136.13503
148,158.2745
194,186.98343
243,236.23772
250,261.92343
257,260.07684
212,243.65454
265,226.65576
250,258.92712
250,244.85551
239,245.54749
237,247.17659
233,239.85468
238,223.17061
245,232.30577
233,240.52225
209,228.7579
196,182.7415
139,146.74678
84,93.94918
77,65.0449
55,64.26201
74,74.08967
146,127.055046
203,214.28864
269,296.09
304,308.5223
253,244.56778
203,210.57184
206,206.3325
181,198.57126
234,199.53702
236,232.31187
210,225.94527
195,223.21861
250,236.1989
209,232.41545
174,188.48213
176,163.88553
207,173.98631
192,172.0846
134,145.20049
98,104.16113
71,71.45716
54,52.447803
61,52.700104
73,77.211784
133,137.04486
216,210.66109
313,306.02115
301,318.9025
256,248.60396
221,217.05467
192,200.97005
177,189.62073
203,210.07422
195,237.88934
241,210.39124
209,232.37889
253,251.74464
222,234.95929
175,197.13385
170,176.56554
174,170.46196
152,174.38634
121,136.80617
91,96.284966
86,72.46728
60,59.62807
54,63.1637
84,77.6967
138,134.5567
204,215.048
300,322.41376
381,326.52933
266,288.14783
219,216.45242
193,208.10406
203,199.71861
224,215.51767
221,244.38693
234,241.2408
216,242.7175
265,254.4125
261,250.62921
195,214.56163
213,184.51515
191,192.73328
212,180.16458
139,160.80737
92,98.899506
93,74.15321
71,65.89448
65,70.12037
98,87.68231
146,140.7722
232,221.72983
307,324.28125
351,359.90198
275,283.59302
240,226.745
215,218.53833
222,222.28468
207,239.14415
197,241.19426
224,226.38174
244,233.29756
292,282.00357
244,282.68253
228,216.40138
193,210.38947
185,198.3756
198,203.08917
157,165.21043
111,117.08067
86,88.62691
70,71.636475
62,70.912315
88,89.061035
136,146.97011
206,223.88841
269,298.7798
330,337.84116
251,293.02505
207,238.51396
230,217.16301
199,231.867
254,233.26665
244,254.23816
270,247.85762
314,291.30728
295,321.7849
283,299.05927
284,266.22147
266,256.49377
257,253.70975
258,263.25345
248,236.96353
196,202.08861
133,155.69696
141,101.82804
98,113.50823
98,100.80454
120,121.00886
130,142.7439
193,175.93692
207,241.36249
261,250.29124
251,255.37627
245,270.4869
307,260.59866
252,295.178
316,272.79724
279,309.14917
314,297.46622
293,325.17188
313,297.76465
287,317.328
359,289.63324
336,346.00055
325,337.36035
304,297.20697
251,261.52246
226,208.78624
132,165.93382
131,124.88436
109,111.53428
114,116.650894
132,132.00963
173,158.2717
209,194.1017
217,246.68623
257,249.83917
256,253.63882
237,243.35017
233,242.11258
278,243.83533
239,253.20961
267,239.70993
269,255.11707
284,252.93726
273,251.07393
298,248.85773
313,270.31995
268,273.45795
190,218.71332
148,144.00043
106,96.143234
66,73.60066
59,57.2654
76,76.35132
127,141.60657
234,201.77054
309,307.43246
307,315.56244
244,240.87373
236,211.37177
180,216.22076
184,184.38197
218,202.66759
219,235.32892
243,218.4339
218,235.95853
207,241.28418
203,212.78825
175,182.41283
186,165.04799
181,184.67017
173,167.3713
132,135.48265
98,100.60672
70,71.65379
64,53.937313
41,59.36829
81,73.38768
129,133.04636
203,221.6001
284,314.83377
334,316.2561
231,258.78528
206,219.08766
173,189.53093
191,184.80888
254,210.45485
257,233.65662
252,239.96776
232,240.43378
237,246.88232
216,227.23883
176,185.54208
174,179.18782
168,176.78955
171,162.3949
143,139.57181
110,100.153336
77,81.25227
55,59.598415
49,53.323414
93,78.6348
149,136.91821
215,214.44386
306,311.94922
295,336.8373
271,252.78831
232,211.12671
194,207.95863
203,202.77519
226,225.37263
251,252.06319
240,248.56311
246,241.9203
351,262.2283
286,290.5018
283,227.29996
200,219.19371
185,186.3414
163,188.30093
126,147.20221
95,99.96225
85,74.925125
110,62.89042
78,77.25054
79,99.78253
122,147.15749
230,218.88382
320,322.26938
369,338.67133
282,284.13846
251,233.95926
206,221.75395
203,218.19345
272,227.3378
267,268.62238
239,254.0652
258,262.30997
270,297.98404
263,266.15927
265,244.96214
241,221.7066
206,213.33238
203,194.05127
197,158.35208
152,130.78769
85,98.415665
64,72.76635
74,69.6825
81,92.09929
145,137.00566
228,220.16989
305,309.14822
319,335.54324
307,283.38675
278,252.34827
226,249.21965
275,222.16957
262,269.96408
269,268.885
279,264.41733
304,295.6499
313,309.24493
341,312.13535
294,309.06604
261,267.65594
256,252.23701
273,258.33966
226,250.82898
182,191.48212
159,142.22058
140,126.582054
95,105.819565
125,95.19455
117,127.37798
138,142.07253
183,180.72914
240,235.03006
286,272.50705
251,271.84268
281,266.47562
287,293.00717
287,283.45056
309,297.88342
339,293.94153
313,331.22186
325,323.6465
316,325.3378
320,310.55542
329,319.99985
337,328.07993
318,338.06754
274,294.5594
249,247.31148
215,213.02968
161,159.62994
115,133.26587
102,113.25568
129,112.222
132,137.87569
194,166.01407
183,211.86948
246,232.35364
292,260.801
268,278.35733
253,250.754
250,243.40663
259,254.29565
306,248.55333
241,276.00552
261,246.08725
332,254.71082
275,282.3575
244,253.80513
242,247.43134
240,235.91281
189,200.0945
150,142.98488
98,98.699036
59,69.74008
60,56.3197
73,78.983505
125,139.23746
207,205.47012
311,295.5564
309,314.09683
256,249.58865
206,215.849
184,200.1753
199,185.94672
201,212.35075
210,227.182
207,217.32217
216,216.3495
211,240.29156
217,215.80927
166,186.46109
182,166.80432
177,177.6661
170,172.2389
137,134.46967
115,99.44808
70,74.49572
50,54.951946
53,51.117523
66,76.463486
126,126.915665
232,215.88824
270,323.60794
301,316.07526
237,247.70966
208,210.5175
192,192.0474
197,193.43738
228,212.60985
202,241.80965
211,218.8336
199,228.90112
206,235.03787
224,218.41693
187,186.87407
175,178.09647
162,172.86108
187,163.54832
142,150.61438
118,102.06383
75,77.64109
66,57.493244
57,55.974617
81,82.28623
123,139.67682
241,217.04744
300,318.59634
314,310.05606
310,253.04494
237,220.28429
206,209.28767
207,205.19748
260,223.32703
261,253.22725
285,240.99866
276,262.0879
267,268.94492
309,257.63406
261,243.2828
254,212.50894
181,209.95293
193,183.68547
156,150.90324
139,104.702255
79,88.52165
63,66.873215
57,70.19174
84,85.32169
134,138.05003
247,236.00557
301,332.35214
343,335.87656
270,298.8881
228,234.53214
213,213.83745
193,216.13702
237,234.97665
253,266.1261
244,250.67674
246,265.34174
227,280.2694
245,261.5713
203,237.67377
200,204.29114
184,194.91977
206,195.9183
156,173.68355
120,121.74638
67,86.61719
80,63.972942
67,69.217415
79,87.75446
143,138.96693
238,232.53421
300,317.85263
307,325.96472
232,280.22485
237,234.61636
231,229.33972
232,228.91293
232,250.27747
272,260.81082
278,265.69107
258,289.65884
329,282.69092
307,313.92142
290,288.12112
259,258.0816
249,248.05812
249,262.07013
199,232.89767
182,174.44803
153,145.41104
148,126.557365
126,106.80341
88,106.45376
107,115.17637
148,142.47969
185,188.87248
237,238.46
266,260.62985
273,265.53534
260,279.06784
276,274.14084
255,275.312
284,281.65265
323,292.43268
303,316.73752
334,320.476
333,327.4381
312,320.63434
370,310.80362
321,354.4161
313,321.4904
272,286.72974
240,244.61633
213,205.36455
154,162.5127
125,131.0365
96,103.12074
108,111.78965
137,132.93996
160,171.54187
194,191.39664
227,245.75763
243,263.17844
248,254.33653
252,245.4199
244,244.85599
249,253.30489
253,249.44772
268,243.64624
271,263.558
308,273.54907
252,275.65308
246,238.54308
284,239.37321
220,261.25156
181,187.50479
162,140.46614
88,107.21138
52,64.054955
60,57.16647
65,77.41136
115,122.369385
205,199.6177
292,306.58615
275,319.6696
248,236.67395
182,210.66074
178,178.04065
200,181.91678
222,214.33241
192,227.4961
185,201.6101
226,206.43149
204,229.79079
205,212.67737
197,180.29082
162,183.96669
170,174.16026
165,167.46825
121,133.22035
104,96.72876
75,72.62351
62,54.279915
45,56.424496
79,71.9377
122,125.57445
243,216.93365
326,309.9891
275,306.58603
228,237.08754
202,198.67947
171,189.44475
204,188.30644
188,221.73466
195,204.52669
193,210.72775
184,210.5584
224,219.4054
200,223.93332
189,185.2511
154,172.91142
150,166.10416
145,164.31683
144,131.26912
89,109.12485
68,71.08842
53,58.314816
47,55.572342
85,82.38523
136,131.79762
231,231.74464
314,327.38876
311,306.67963
240,251.72137
209,222.08286
207,192.78717
225,206.58209
216,227.60382
223,239.75932
193,226.07375
226,222.31969
218,255.09909
216,243.84164
200,221.36597
193,195.05649
181,179.61449
175,175.59756
116,146.84587
99,86.87827
85,77.001396
58,64.87877
65,61.025494
79,88.17198
140,135.10257
251,233.94026
320,333.8497
334,339.54608
286,263.03314
216,224.386
223,210.60553
228,222.11168
231,236.1316
234,250.00313
263,227.44447
254,257.51718
270,257.55573
286,250.62944
246,242.66022
241,211.62723
250,210.01614
229,215.92339
174,164.43988
125,123.23669
94,86.87089
77,71.165245
82,70.852165
99,87.22669
130,141.83621
245,230.82318
330,324.63455
319,329.5437
314,263.4583
254,246.88852
266,236.1575
278,252.3318
258,263.85657
276,271.28708
273,274.82315
285,287.17056
272,307.5373
319,296.77246
323,296.04843
308,278.3753
299,282.35336
317,288.35623
264,255.44838
227,209.28445
184,168.03917
150,141.9764
190,112.2704
132,120.611435
124,122.8603
157,149.39206
183,192.5394
227,236.57411
243,268.53574
256,267.3238
280,270.19644
259,285.0674
280,262.80908
315,290.76486
277,313.53366
310,293.2973
311,317.81567
329,323.43872
326,319.7039
347,325.42377
342,342.56784
366,338.5011
350,308.4172
293,268.0479
266,232.7711
197,197.97406
161,146.80199
162,119.20226
136,125.26338
154,142.1609
195,174.17975
179,207.14809
243,226.573
267,264.5523
280,266.54874
215,259.32666
285,229.74927
258,270.38602
270,244.56624
271,265.33063
303,267.0182
291,296.2341
293,268.56842
286,261.3574
289,283.4053
294,264.5877
262,224.85538
103,116.88436
51,70.2151
59,47.801815
51,51.94949
52,60.505974
61,68.35099
126,108.71577
205,182.87767
218,251.05135
211,223.61986
179,210.79109
208,192.97047
206,214.94272
211,215.88057
224,239.18033
227,243.21068
237,245.61806
263,265.27933
256,286.54196
273,257.37408
248,251.35541
237,247.77814
245,253.41283
244,244.44687
215,195.36691
152,152.30801
119,111.60266
85,84.073364
54,66.03677
66,66.16068
89,82.04784
117,115.25402
136,148.14897
202,194.734
191,215.32373
191,215.95097
205,221.52423
194,227.28918
214,225.84914
225,238.90771
246,250.0829
265,268.2152
268,280.4166
249,269.4958
273,254.01357
269,282.23294
292,296.85977
316,281.92877
263,272.7306
192,202.65906
146,131.268
92,102.85494
78,67.84965
55,67.88025
81,80.01867
78,93.22326
102,105.57285
148,161.25606
193,190.11388
202,205.66827
225,211.68541
188,219.2698
237,201.27315
243,228.09848
268,232.6728
228,253.56427
230,233.46883
212,210.88426
204,197.19322
219,203.66713
193,202.97148
189,172.24258
105,124.411964
53,65.26021
55,41.24322
31,43.332214
52,48.92762
77,62.32332
101,106.70266
177,169.93776
229,224.76115
181,198.41118
172,161.77896
162,161.5697
164,169.85072
179,172.70012
168,189.52676
164,181.44342
189,190.28928
201,222.76764
217,224.21501
201,197.13586
182,178.87622
170,173.38368
152,160.20045
138,124.89004
75,85.50083
51,48.475407
35,34.12669
31,30.30531
48,50.78787
74,66.6936
105,117.67455
175,176.70248
240,232.08406
191,227.34676
155,173.3405
172,167.4316
158,174.68518
188,178.67339
182,189.70572
200,196.5657
210,208.48273
250,229.98074
274,252.38257
192,231.0376
185,181.5132
194,183.10449
149,164.49303
143,137.69044
88,92.2316
50,53.70357
40,31.90179
26,36.145695
48,49.590958
76,72.21372
126,123.69462
176,192.53416
236,243.47035
202,213.80658
191,176.14626
162,182.52078
175,175.13939
152,193.5475
193,177.12613
185,202.2986
205,209.75641
213,249.13002
242,258.94992
198,220.93013
222,193.42763
195,214.4599
155,175.93835
158,151.43753
94,103.18004
48,57.40823
28,36.847282
31,34.252354
62,55.480263
68,80.14257
103,126.60816
181,181.1532
260,239.77997
215,239.0892
180,200.09981
180,179.15103
187,189.06622
193,194.58003
183,208.3346
211,201.11371
212,223.48892
227,239.59741
256,251.46866
244,234.69005
219,219.21231
195,223.37532
202,199.15375
166,171.64546
127,116.57152
76,71.78285
37,49.55918
43,46.07396
58,59.717426
79,69.17209
118,111.29153
161,177.6184
239,226.30067
212,220.90376
180,197.58105
172,191.27353
191,194.83679
197,205.45872
222,212.4874
217,233.42963
241,236.68813
271,265.03052
301,291.68518
280,282.4263
264,254.6525
229,247.35182
265,247.1109
260,248.17865
212,207.43356
179,148.34964
99,118.384605
71,78.839355
62,64.385574
61,66.33002
90,86.538086
103,116.18618
141,141.73373
158,194.3894
170,195.235
181,200.03091
197,211.71454
200,216.35753
202,228.75824
214,227.81447
240,236.7625
246,266.72424
275,272.07788
272,270.8799
268,266.3614
262,273.36307
289,287.7273
271,284.80255
241,250.41553
196,196.57913
124,139.75348
80,91.96073
73,71.33229
61,63.490627
68,82.22281
81,83.979645
107,108.15076
140,153.81403
177,178.04118
197,194.56651
208,207.80696
213,206.94086
215,212.07388
259,220.87218
202,252.98793
219,217.35033
216,232.81621
209,207.39616
195,194.56845
185,203.71497
186,185.9026
160,171.18867
121,109.28068
64,64.9017
32,50.353138
36,37.72681
57,52.1518
78,73.01865
114,107.101814
184,170.90953
217,230.01392
180,189.05315
157,165.90855
156,159.59799
167,163.47313
181,176.59209
170,187.7006
178,182.06232
189,191.7441
195,209.60713
207,210.89166
194,191.0488
181,175.77861
170,174.02948
165,156.75595
95,137.0054
86,70.59186
58,52.49467
30,35.032745
27,28.715033
38,47.70839
80,65.84144
116,120.083115
159,179.91286
239,223.68094
184,209.56285
163,164.36473
200,168.84645
189,184.57684
198,188.8886
196,192.26219
188,195.30356
228,203.01923
219,237.72974
219,245.88832
177,200.74646
193,175.95052
186,185.35985
164,165.84015
118,131.69409
118,85.44543
60,64.24062
30,36.41126
31,28.367315
51,45.289757
80,77.851395
124,125.60709
214,186.43445
248,254.54562
215,213.51056
175,183.5076
182,183.71088
182,185.91148
208,179.93251
224,205.38791
203,212.05484
249,216.47995
287,255.20422
281,272.812
310,227.93718
201,244.34471
190,198.54803
168,175.95021
115,146.60387
120,92.95535
94,66.50424
49,43.142376
33,35.95632
47,59.013252
68,72.72533
121,117.99254
214,195.03128
252,254.73334
234,223.52203
180,198.06056
181,183.36818
179,188.50877
243,195.49469
231,231.19238
226,224.48488
238,233.4494
270,254.25027
302,277.81522
270,277.6582
279,231.34258
222,240.90288
208,206.07861
177,161.6581
142,126.03885
85,82.459145
67,51.38722
65,50.582977
70,59.969616
75,71.45957
147,116.256134
193,189.99875
256,236.45987
255,230.15817
184,206.71616
221,192.51617
225,214.14941
199,229.51346
223,221.40436
244,230.46466
279,254.2597
267,293.61737
292,298.298
285,286.9389
301,271.28293
291,271.60648
280,285.8435
271,261.60138
211,213.02762
152,150.74988
103,103.979355
66,82.64009
62,65.18697
64,65.31293
92,88.92489
111,112.317375
142,148.09773
166,194.00761
181,194.05211
189,201.40033
206,208.04564
213,211.95146
249,222.37985
241,248.52531
274,255.61778
290,277.91998
291,294.39783
281,281.34418
295,273.68738
291,291.3028
304,297.53665
322,294.25528
234,262.00702
169,182.12352
130,116.0986
91,89.88727
79,73.07337
80,66.5316
64,86.204636
88,81.41949
121,111.76003
166,158.70912
180,188.07721
209,195.78093
238,211.26035
226,224.02591
257,223.84328
252,240.99013
264,237.24013
292,250.37096
264,271.13864
227,232.336
188,209.28049
206,197.13785
146,193.85298
124,153.72098
120,94.359276
62,65.78746
48,47.41149
43,38.45053
59,55.023758
79,78.999565
116,108.416794
160,171.04774
219,220.9662
237,189.44131
159,187.41475
137,160.04831
161,155.67783
178,174.23749
182,181.4859
178,180.97359
201,187.69022
218,216.86505
198,221.65982
161,185.10669
158,169.34982
147,166.87137
160,145.66406
128,123.46586
68,88.17626
49,51.129482
25,35.04512
29,28.15274
58,46.72458
57,77.2509
124,115.30003
179,175.04471
233,230.2583
214,213.47905
176,173.73964
166,174.22383
149,173.30724
171,176.03442
185,192.06194
172,192.7908
199,203.56284
192,231.73297
216,228.00227
206,187.50305
178,184.24452
179,175.48949
167,165.138
138,138.92044
84,89.49351
47,53.310516
36,30.52275
29,30.562447
46,50.31253
72,70.38663
124,126.57207
193,194.28741
224,244.45332
196,216.80424
183,180.22316
163,178.0863
159,169.57315
213,182.72125
219,207.56995
201,208.89531
265,215.31119
264,272.39032
262,270.27628
251,252.20993
233,210.14407
219,211.36638
170,187.24956
152,149.63957
96,98.41942
56,58.63002
39,41.264874
43,33.30241
62,59.87316
72,75.07719
113,124.981384
202,188.85446
250,249.32912
195,227.70947
166,180.60715
183,170.57599
207,182.16878
155,220.55106
165,201.69908
194,194.39268
225,216.19153
269,250.63658
249,278.12552
204,245.5918
201,211.59511
200,203.58566
186,194.5703
170,165.58582
108,119.28972
77,69.70588
56,53.170246
46,52.070286
62,62.39997
74,77.3842
110,119.937
175,183.9213
223,227.97337
210,213.56784
198,187.84712
180,200.32811
213,199.57018
186,204.23651
230,205.51859
267,228.65201
268,268.81494
292,288.94525
301,302.48447
257,282.01273
268,249.78825
261,257.29495
254,269.12717
256,246.91707
223,199.2233
154,153.396
105,105.43079
79,74.1215
65,65.96905
74,65.671585
81,90.432816
113,109.62443
154,149.07375
191,183.95534
197,204.67859
281,202.07706
310,261.946
279,272.48898
256,261.89307
273,251.76543
280,275.01178
279,291.32983
330,293.45993
311,300.69595
320,288.8028
306,304.18216
354,299.77222
325,321.45493
294,252.74515
230,204.05473
181,140.49637
121,105.82979
72,81.62411
77,66.506454
63,75.573456
88,82.68697
140,115.41721
162,169.60242
202,189.43294
196,217.563
224,222.40562
228,225.28473
240,230.36919
240,239.95949
241,248.92819
247,244.0545
246,242.57225
199,224.57463
204,191.5413
191,204.63235
170,186.01654
130,149.13878
108,102.959724
48,63.193478
42,43.24094
29,36.606487
56,56.176235
69,79.42315
123,114.85647
193,174.42532
231,226.63008
184,196.57014
171,162.97899
144,157.91934
168,157.4757
186,177.75426
164,188.13107
175,172.771
191,188.2956
181,209.45279
241,198.8268
181,203.00095
184,172.4946
165,177.81676
164,157.8281
142,127.802635
82,81.688484
39,49.59708
33,28.006836
21,28.62328
59,47.23111
66,74.52685
107,117.91143
172,177.98921
232,232.15456
207,206.34511
171,175.80275
153,159.88303
146,158.8978
183,174.69226
185,186.02841
181,188.29784
186,201.80573
239,210.64453
209,236.40018
205,189.7752
173,189.7599
156,180.64877
140,166.48576
107,135.1069
78,80.17599
49,47.003735
26,34.26573
35,28.050642
44,51.361374
68,73.57976
114,121.18154
203,181.86952
242,243.46313
208,215.88074
192,183.8168
156,171.50041
186,164.69475
190,199.49773
172,206.06958
179,190.63853
219,214.81549
240,256.475
234,249.87407
218,227.87338
223,202.26907
174,202.61583
168,162.00746
163,140.98657
118,101.50898
62,64.77516
37,37.231167
32,35.06606
56,57.539333
63,73.20572
127,114.54802
226,204.01105
264,254.26245
230,221.87448
181,195.24417
165,173.12477
200,182.1104
197,198.96199
263,193.7683
213,234.63211
206,227.9488
247,249.02751
237,256.19086
209,225.81601
210,206.74548
238,201.34288
194,208.53357
152,170.19246
119,118.71492
63,73.45456
40,49.41242
47,43.064495
50,62.249645
62,72.67917
128,114.04314
190,185.8513
227,238.41507
225,219.1006
196,201.03804
221,185.90057
227,219.31326
223,221.02597
242,236.39532
270,245.13177
247,273.6695
290,273.20123
314,300.2735
293,285.77298
255,265.66638
254,260.8048
262,262.50592
263,247.29385
192,206.1089
129,145.53265
69,95.830894
78,65.2337
69,62.21768
62,64.62818
83,86.7888
108,110.12563
116,146.96962
180,171.30113
168,199.27101
215,196.92946
261,226.44777
225,254.05296
264,246.43951
270,265.94427
249,279.25595
293,276.08865
401,310.338
355,352.38324
277,309.18677
243,286.63525
280,261.33322
232,285.34467
217,206.40865
150,174.52885
105,106.01583
64,88.49948
55,69.424095
55,67.72645
81,65.30762
93,94.31551
108,117.8434
154,161.82945
192,179.80656
196,204.25314
225,216.9061
207,227.0819
205,218.74323
230,221.46767
244,231.7943
222,248.61386
244,232.40526
239,223.92506
202,212.9357
204,195.11415
193,187.79222
183,143.00304
165,194.90486
137,126.83613
84,106.72536
100,94.02156
93,109.964424
116,128.84534
220,194.13333
311,351.67868
448,408.26666
361,370.18808
288,303.06903
276,270.8143
254,272.3693
266,269.52194
271,281.2863
317,286.0311
304,330.25476
337,322.53436
381,342.57773
349,355.2503
334,313.69086
330,309.6312
353,330.65735
311,335.2621
309,264.7737
246,249.19186
192,184.34926
200,162.5709
153,149.1895
106,123.060646
144,168.79613
199,200.82184
241,264.67844
272,277.6018
278,291.85498
309,295.54343
332,306.63174
269,318.82144
324,289.20224
347,334.5498
314,343.58887
372,338.48654
404,372.64722
343,366.47916
283,323.1331
333,300.07672
396,352.54706
353,375.65677
346,308.82376
302,280.71405
234,236.31487
184,194.46034
144,145.02278
121,115.78606
132,139.59966
166,171.37186
176,185.1387
264,244.45673
287,288.14136
271,286.75867
297,290.85242
258,275.42142
293,268.76575
312,284.10645
295,290.3705
268,282.86615
266,266.08115
263,250.50084
265,235.30519
255,259.64905
284,257.44034
260,266.0385
197,202.99947
140,149.06969
104,104.74517
87,88.92939
93,95.212494
107,121.710724
189,179.03087
348,305.2127
421,368.3258
318,329.1485
266,237.9585
212,235.77974
186,216.18134
202,193.85641
207,213.9836
261,217.26913
260,270.8811
265,275.78168
243,257.41104
247,219.03152
225,214.52824
219,219.33064
212,214.34988
206,193.07796
147,146.19833
100,101.451096
68,72.285736
60,70.27888
92,87.71053
115,107.30359
195,194.75404
337,340.30582
437,390.54086
328,340.32846
242,251.67899
215,226.03601
235,223.44577
219,229.67735
243,238.18358
246,261.22043
295,270.22736
303,305.4354
281,289.44806
268,256.97226
207,236.95116
206,219.70248
189,229.87427
220,203.72421
159,164.92407
90,102.6369
77,69.87349
80,71.43451
89,100.1392
112,123.18362
200,194.45517
343,348.1579
430,424.80637
338,353.71927
261,260.1974
194,240.71613
234,212.59125
254,238.54738
227,259.52783
275,248.66452
300,291.50787
267,318.07474
312,299.17395
271,294.81067
254,241.47829
250,239.07648
237,245.9322
225,219.43425
196,172.53482
107,118.83917
79,78.66028
74,78.27049
114,99.31415
138,128.76865
189,205.9283
375,339.8421
422,415.86066
366,352.78088
266,283.8196
247,241.21193
258,246.84134
225,264.86234
256,256.39566
256,267.83517
295,290.33344
311,306.18195
255,319.62796
290,258.34457
266,266.9187
248,266.23105
281,261.1814
245,258.2095
232,194.4695
134,150.77974
115,103.28785
96,99.67347
120,105.14547
123,124.50066
194,198.84874
367,332.43185
459,425.60437
317,379.01266
278,278.4361
253,264.84888
257,256.97552
237,258.5331
307,262.7185
303,304.04562
320,310.94104
321,345.07782
346,335.1099
363,337.51212
350,323.00592
330,323.04443
337,344.91782
329,328.00446
309,285.7178
227,247.56894
198,183.33453
180,169.72804
154,150.57457
116,123.93983
154,159.73236
190,206.06859
314,248.34326
316,301.26657
284,302.97372
282,301.17447
290,298.7359
317,286.0096
287,323.18796
311,309.04578
306,325.43185
335,329.27826
344,356.8925
335,332.24835
353,315.82596
314,347.74426
311,342.41394
343,326.95905
350,300.79248
241,283.80212
207,209.85188
194,181.6755
126,148.96443
119,114.46084
148,139.4707
167,172.63524
195,194.23505
257,262.50818
287,286.40387
272,285.08005
261,287.44266
272,259.64252
273,273.63434
266,279.47928
253,275.23666
243,260.2318
264,254.8845
244,251.63925
232,238.05455
255,236.67862
255,256.62302
225,232.78432
181,182.2993
159,133.87347
91,113.45376
91,85.17188
98,96.953316
110,118.02899
201,184.45161
320,324.20273
432,387.7704
303,335.7943
223,234.71783
210,213.99503
217,207.74854
216,212.52849
212,222.36024
199,228.49458
255,231.3264
269,269.77917
230,256.14304
228,216.28075
195,207.61209
209,208.58572
209,210.41927
195,193.93684
135,146.56863
85,98.057945
72,68.58341
55,69.427956
93,88.72333
121,115.08215
204,197.6472
305,333.40378
421,410.66656
321,331.46255
249,240.71075
203,222.80692
201,222.2786
246,215.84569
273,247.84927
260,252.12213
326,281.86166
275,328.95715
293,274.57803
239,260.3719
235,214.29695
210,221.42754
222,221.16571
217,210.62975
166,158.81088
126,97.36941
73,82.63226
80,70.76117
102,98.9227
106,124.83653
192,196.94044
403,325.1663
457,440.0466
355,367.62646
253,268.5528
240,227.16963
249,228.11717
221,252.64024
267,244.64238
249,276.31808
343,291.91928
359,332.98898
330,341.9774
364,282.443
266,298.35037
223,252.02089
221,242.47787
236,217.78792
161,178.00208
137,113.71373
100,86.60743
88,82.990486
101,108.11909
130,126.818596
202,196.73756
380,369.34637
445,427.73703
321,361.2511
279,269.9054
284,255.3384
253,272.56177
268,249.02985
279,277.52206
293,270.62537
328,313.35538
324,345.61346
319,318.0726
304,297.39642
272,275.63043
286,257.39316
305,269.50952
275,271.89163
208,208.14543
185,146.52881
127,130.24698
111,102.10357
129,106.81563
104,131.30399
218,191.58287
370,357.17593
473,440.3836
336,370.9647
263,286.15665
243,261.33884
299,253.68428
271,288.0653
270,287.14456
311,288.3502
307,329.93335
351,333.08084
383,358.52127
434,359.72015
402,368.80774
386,362.9053
366,376.14743
340,351.3273
302,292.9753
236,246.5089
234,191.21959
165,182.9627
165,147.03593
103,121.95292
169,152.55505
200,199.47359
227,267.45755
289,279.1889
290,291.29428
305,288.0946
302,305.4933
291,308.01724
334,296.04797
356,337.50336
383,345.07666
346,379.7528
382,357.96664
350,365.37238
346,336.8655
352,333.40094
401,366.62695
426,370.16095
365,349.38632
278,287.97964
263,234.31003
210,198.43883
166,147.72282
116,118.54293
138,146.53854
157,166.92969
203,185.81125
260,261.12863
279,291.41028
275,282.099
257,287.72372
252,255.82504
291,266.9816
297,282.0203
315,287.96042
375,297.4852
313,331.5608
284,276.07275
270,256.23306
264,259.6923
289,260.07742
261,251.60564
197,190.78233
131,145.62349
89,99.87183
82,87.08415
114,94.74515
130,118.76521
220,191.84167
324,334.49704
386,400.16248
309,307.48975
234,242.789
236,216.88727
217,225.97612
194,217.58435
206,207.18698
216,225.66922
264,244.64299
245,276.37842
252,246.31775
260,227.22516
284,223.4679
221,252.49886
233,214.82254
207,202.88309
179,149.0126
102,109.5623
51,72.48067
55,57.139263
87,89.635895
118,117.689415
206,203.19318
316,328.67664
368,401.04828
298,315.11395
214,235.96187
206,214.02126
201,218.90501
181,211.49829
207,221.46353
230,233.10916
259,272.1216
249,284.42075
270,276.27457
212,259.18924
221,225.98747
231,218.85667
240,232.66379
197,215.11446
129,159.9719
110,89.51309
75,71.43305
69,72.83915
76,98.79813
119,113.39012
205,199.27391
323,331.3889
395,403.61243
310,327.8271
282,234.98369
209,245.73341
225,219.57657
252,232.3784
247,254.46913
242,256.70728
295,277.67603
304,319.48358
265,306.73892
266,263.58124
231,247.9473
237,241.41643
231,240.25134
222,227.08939
136,162.3417
91,98.96145
68,74.41474
79,80.52418
99,100.012245
118,128.67007
200,203.58731
320,338.8945
392,411.59335
360,327.57642
247,286.75757
244,239.41737
224,247.50925
230,252.41704
235,258.61624
259,252.11229
270,291.32315
284,308.1106
286,291.72498
293,276.89514
253,261.94733
244,253.60478
251,259.69336
248,231.89514
185,191.07104
126,136.57542
86,100.42761
80,93.67493
117,112.45951
120,121.30828
210,206.82384
342,338.10153
372,418.28668
329,338.5221
279,273.25885
240,261.06406
250,250.98293
244,258.73495
266,261.6711
295,284.93713
294,307.1685
309,325.84808
330,338.31006
399,332.13757
355,353.7873
355,336.74976
331,357.6192
315,333.5727
297,283.67108
249,233.81783
192,192.03712
160,165.20369
140,144.87027
114,115.39615
160,156.61124
201,206.75804
243,251.97237
275,285.99905
292,292.22128
319,298.7737
354,312.3319
356,326.15692
341,339.14542
312,341.64395
326,324.17776
306,343.69348
371,337.5853
343,358.79868
293,336.84503
316,316.2866
344,350.36398
365,339.3772
331,318.08746
277,278.8074
238,223.80003
177,190.33954
173,146.44804
107,126.81199
140,137.92552
161,166.84691
192,196.64394
235,253.24019
264,280.1233
295,277.27356
294,286.56244
246,276.89587
251,265.94717
289,266.1368
261,283.35678
249,274.45947
259,268.15283
234,251.57849
237,232.92894
251,238.23477
239,267.9025
243,228.19557
159,183.24203
141,116.93226
91,96.165825
65,86.32255
95,96.22783
122,115.156364
201,201.3105
340,320.83755
323,400.29938
294,288.08295
213,241.49303
178,210.04749
192,196.88593
201,203.52585
229,213.55254
216,222.91107
223,243.3301
230,253.52551
249,243.22931
217,232.40121
179,207.5904
197,197.99693
213,205.60802
204,195.99245
141,150.62172
107,99.21965
70,70.117004
52,57.630074
75,87.45071
90,114.98822
223,194.9634
329,349.09146
345,387.32147
287,302.62442
241,226.54178
194,209.39673
225,200.118
191,221.4482
206,225.6516
243,227.1344
271,263.075
222,278.31427
225,260.0987
234,222.45547
216,213.84557
207,215.8782
215,217.89388
174,207.27162
142,135.77179
79,104.884026
57,67.579735
66,67.55663
87,86.06783
102,109.45516
229,203.82774
321,353.96274
392,396.37762
325,320.1462
246,252.08298
217,216.7185
238,232.87646
217,240.61707
207,234.28937
228,235.14825
226,268.6886
292,269.3238
246,288.11398
265,247.55125
218,242.10861
234,229.12373
242,236.2473
299,216.73888
204,183.46072
115,120.270325
67,76.09898
72,74.96192
88,98.89607
123,121.37321
237,208.11961
363,358.62616
375,414.21066
311,321.914
260,253.17004
238,238.05168
239,245.53488
223,238.54144
222,240.38213
304,243.85277
301,292.17422
288,317.91885
305,288.38187
241,286.0892
234,238.03516
243,240.81381
237,258.71957
231,252.44244
202,194.58395
131,141.3918
98,100.50537
92,93.17198
114,111.3094
124,125.05297
212,209.56163
351,358.42606
394,414.97922
346,321.1202
253,281.74448
252,244.64581
306,255.89532
298,279.66315
283,284.96997
297,293.13577
315,311.75897
338,331.10867
336,348.15558
317,348.99225
327,318.05447
378,332.83612
331,364.10922
335,329.1726
282,292.50748
222,228.97804
184,184.2343
155,152.63043
135,143.91713
100,120.318634
145,152.69398
175,202.76132
211,238.80255
256,273.01096
248,279.96045
292,282.13373
285,306.824
291,304.7467
297,306.79004
339,304.1603
295,340.26324
320,323.5954
395,347.79526
374,363.41074
326,340.28754
318,329.1176
356,336.67923
313,350.91626
297,293.26865
289,255.69934
223,224.18193
161,183.0663
136,151.57597
97,111.06721
148,133.65613
163,163.40836
163,193.77162
234,233.6563
270,265.66605
260,279.29776
288,269.51746
255,269.62802
280,256.40973
258,276.92914
257,259.43994
270,254.25432
294,269.90338
261,262.9259
280,243.4349
260,260.88925
323,257.10425
286,279.54562
260,266.6331
154,213.55571
120,138.92505
141,130.16139
108,145.10379
121,117.560074
163,161.31854
204,228.16988
292,289.51807
244,281.4983
274,262.75266
254,280.44577
240,249.20201
249,250.54478
229,241.06242
194,218.52808
252,222.79362
281,281.7676
335,348.8856
343,355.49118
312,344.30527
387,382.32465
463,456.41498
426,457.99387
411,423.95657
340,369.42044
299,296.51288
253,259.97882
201,194.88333
139,142.81458
132,140.96791
125,148.92368
175,188.19116
228,235.62976
300,278.63422
276,305.051
242,288.17865
276,271.2801
257,273.5783
256,256.10645
304,304.15103
351,344.76968
330,380.04474
348,360.45218
313,327.1071
394,372.65448
462,466.74576
466,491.7776
435,462.69327
389,418.56628
335,319.17047
264,280.3065
234,211.25049
133,148.7145
115,134.33168
122,126.134346
177,159.23267
223,225.81107
268,275.2404
277,299.95364
271,280.25888
265,275.48505
262,265.3356
246,253.52528
280,266.15714
318,303.83337
332,327.696
272,313.18756
295,279.761
259,303.5442
288,275.67795
231,244.45721
181,180.02182
146,139.63428
91,110.037415
88,94.66333
102,107.78139
111,118.919624
146,151.84068
204,231.22353
316,296.47485
323,280.73798
240,264.96664
203,234.28264
174,211.86931
211,191.19438
188,211.12619
178,188.67853
198,204.82295
255,239.1968
265,295.1593
245,252.22067
236,245.9057
282,249.18645
250,260.5183
172,199.47603
157,133.98961
120,115.82319
87,85.98601
70,83.56543
96,92.850006
105,107.33938
147,158.58598
238,236.13266
357,349.91595
298,339.2675
252,248.84256
233,234.46219
201,213.83374
185,204.17592
194,195.21469
188,197.02908
226,215.1902
246,276.56046
281,287.39972
281,279.8421
237,278.7331
350,290.56375
331,337.87714
222,261.023
170,169.2657
107,126.89565
115,88.98385
100,87.14322
97,96.402664
106,106.306145
159,160.2065
230,259.17865
365,353.52435
343,327.99
250,277.39377
212,248.49916
212,214.49323
201,212.36293
195,204.9883
164,202.22961
220,214.24576
272,257.12256
299,312.4902
265,317.89
286,281.475
354,336.34988
357,366.16608
277,280.83093
244,224.87445
132,156.47748
88,112.41188
132,98.503
120,124.881195
119,123.4837
153,173.60924
223,247.45073
341,344.72073
313,364.745
280,289.70575
233,267.6703
201,227.92645
204,214.29936
167,205.86101
186,180.13136
197,205.29248
225,243.30826
300,268.88873
288,294.54636
269,285.7122
393,339.86755
396,392.03464
345,335.71524
306,288.7609
209,223.12051
151,151.81071
174,139.9752
147,143.57591
114,129.16841
140,156.18932
161,212.75957
257,263.79874
248,266.74365
268,262.6549
244,267.71225
262,237.73303
233,250.7339
221,226.72977
217,210.3691
239,240.97084
274,271.3843
362,348.26132
335,349.15158
299,335.847
389,376.05893
446,458.73465
417,458.47766
417,400.37582
424,360.53296
300,344.48102
265,263.22617
190,204.53156
117,140.29793
137,131.52588
118,136.84898
170,176.41173
198,232.82869
244,255.02875
257,271.20053
232,271.1125
266,256.6469
233,265.10052
232,241.0796
296,270.88364
331,338.65308
353,356.94543
340,367.1878
337,320.1237
349,387.57242
443,435.9274
450,459.92792
447,436.02573
380,435.884
341,315.32736
273,269.58978
190,212.9976
129,136.38358
144,134.23914
117,133.11093
178,154.5141
223,217.15993
264,258.1692
244,283.65683
232,254.7136
252,241.7594
219,249.88937
255,227.92082
236,270.80374
288,273.70328
317,309.01993
274,300.09964
270,276.17526
295,276.3225
256,296.0339
287,221.82832
204,208.42117
142,146.25964
126,105.58519
114,104.03575
119,109.68424
134,120.91527
137,162.31047
184,215.60056
327,282.02014
252,304.4927
213,230.52911
208,200.15546
192,198.7924
166,197.64337
167,182.1252
180,177.02853
169,197.78163
199,218.85632
248,235.81876
214,243.6925
252,214.83502
240,268.8053
206,241.9967
174,181.88054
179,138.08055
115,125.40055
80,85.85688
83,72.06758
86,97.70038
114,107.20373
141,152.57948
193,218.44281
309,313.65686
269,284.0814
248,232.01852
226,225.52396
183,209.65794
175,184.47038
194,182.6748
186,187.99588
199,204.69226
245,234.04707
267,276.69986
271,260.19284
235,264.63934
317,275.68005
305,308.46445
249,245.43834
179,185.95154
137,128.60202
116,101.462776
82,90.7556
75,92.77674
105,104.11855
134,153.51295
229,228.58466
315,336.07843
288,304.17297
263,247.87434
200,246.80212
224,197.06525
223,208.785
191,214.88162
196,192.54008
247,213.04578
264,276.6803
370,296.4346
410,321.96606
296,346.13263
283,340.17297
330,328.4541
234,290.96335
225,199.2688
193,153.93959
96,129.97964
109,98.62127
128,115.03383
97,122.071846
156,155.81677
219,244.90384
337,326.62726
316,320.2464
225,277.64163
193,214.5354
225,201.20036
199,221.57576
208,199.89998
201,202.87175
218,218.16653
249,246.62387
329,284.57367
283,323.4165
286,280.30313
395,345.8772
367,401.6504
331,314.8338
290,285.10626
187,222.83406
130,142.43556
148,130.25755
154,142.40091
123,124.51036
154,157.36069
161,206.2571
250,260.03064
244,257.4799
242,245.93701
238,233.8282
209,240.90808
245,222.7095
214,238.27936
234,216.28076
253,248.35684
293,284.14005
306,355.83536
367,327.6451
330,329.80838
440,385.47437
463,488.141
450,445.2469
454,418.1986
392,408.90793
386,311.7986
281,281.54175
229,204.97473
159,144.82533
152,147.3259
134,141.58624
159,177.13416
245,220.3208
296,271.79047
299,292.4177
240,280.2025
279,261.01917
262,268.85278
228,258.2363
316,263.11346
363,339.68842
381,372.28763
374,375.77768
345,346.57477
390,389.15033
489,447.11743
444,480.4176
486,440.2192
414,431.8518
335,354.8566
269,269.3836
226,222.54459
124,149.66382
146,144.23572
105,133.27159
151,150.75183
204,214.55992
256,259.77414
282,274.67365
284,269.65067
275,272.76025
257,261.02402
257,238.36807
276,268.54254
335,300.1796
380,343.0981
335,327.67838
289,306.1504
281,288.02087
261,277.19437
214,235.55656
183,171.46635
137,134.35818
109,104.829765
105,99.15986
137,114.05161
104,126.99121
150,151.75494
179,203.60811
246,278.11636
232,257.28757
219,222.0099
207,207.52335
185,197.38182
217,192.50131
172,205.19005
173,176.8269
176,190.44237
196,222.09865
244,234.18253
214,236.11964
225,223.52182
252,249.8251
243,245.42465
191,187.68655
138,151.69504
107,111.12132
74,82.922195
73,80.918495
89,96.8635
96,104.63754
117,152.17236
208,204.24043
270,305.95673
277,269.84348
236,236.195
208,220.15332
186,197.73724
205,192.20761
178,195.60277
172,180.40994
199,200.99193
221,233.71213
268,257.81754
231,259.83252
229,230.27737
302,274.23773
304,304.9511
257,248.20224
177,182.59352
119,125.4405
74,98.608635
72,78.532364
88,91.932144
106,103.38817
128,147.40718
220,221.88434
270,316.66528
271,292.2129
202,245.34177
202,199.69998
236,201.54234
240,225.3511
198,217.44098
223,193.83534
258,235.7584
264,273.755
309,319.9101
328,307.19208
301,293.49997
434,333.87823
418,392.28287
261,312.08838
185,206.89108
154,140.61545
119,101.93799
110,106.93097
115,119.05188
118,114.209625
167,151.02202
227,225.17993
319,305.97876
265,299.00177
233,241.66454
230,218.50789
211,230.74625
180,215.20166
217,196.19641
180,214.69759
246,208.24608
251,265.68158
286,298.8657
285,293.89752
276,289.84058
418,349.95822
373,418.91275
325,325.30414
252,281.17816
222,193.1183
172,145.30392
168,141.13333
136,143.66939
91,128.1381
153,153.61566
174,183.97372
227,250.74504
219,241.29205
257,236.26013
215,243.6856
233,222.3887
262,231.43542
209,246.39505
234,209.69527
256,256.93854
303,288.02756
342,336.369
352,340.68466
367,324.61508
416,414.8668
469,477.37274
501,444.5627
528,455.86923
488,443.67343
372,374.67334
306,277.9717
223,207.71275
127,144.24359
128,140.56647
156,136.67944
174,181.71799
279,224.33066
278,299.39352
349,284.9336
306,312.14008
301,300.86755
265,285.75787
271,255.6199
308,297.3973
328,346.89758
354,365.50757
349,363.04895
369,345.23627
413,400.24496
513,472.1563
450,497.03625
531,475.60034
488,488.47668
334,386.34854
327,270.23544
237,232.06807
169,139.31812
127,148.85509
127,127.33957
180,163.52647
226,232.76254
274,268.41318
301,293.48615
279,297.074
280,271.38345
244,263.02118
255,241.9126
312,266.3379
328,324.77722
307,335.86945
323,291.19324
292,301.012
296,294.7507
285,285.91223
249,241.6125
200,187.93587
130,140.98232
105,101.75641
102,100.836235
118,120.53338
138,119.41305
166,162.56386
211,198.57309
254,291.78217
264,243.11513
249,230.48212
259,224.34401
215,229.235
190,212.64641
210,187.28311
221,197.21866
214,212.34163
208,228.7061
219,234.61281
203,209.92313
234,213.39198
225,242.85236
203,233.36465
211,176.58582
140,155.63211
139,109.42818
71,89.189156
57,71.48171
78,88.49397
92,103.81747
141,145.21284
173,209.00723
278,267.3616
259,272.35422
218,239.7233
204,220.5395
166,199.46625
151,182.87943
195,176.92776
180,198.60397
214,203.36913
236,240.76665
257,252.62563
238,249.50299
228,232.79143
319,265.00494
311,299.6208
248,253.46538
198,176.0398
159,132.1941
122,107.56357
90,84.01102
85,91.534424
88,103.78074
142,137.51237
217,211.46909
290,300.9796
269,273.82803
232,229.50648
213,210.83733
186,202.74469
206,190.66675
198,204.47871
203,197.29524
215,231.89056
242,256.73163
263,284.52887
269,272.52142
251,268.8357
348,317.34122
312,362.14822
259,270.09103
248,207.6785
166,169.51578
120,114.31397
101,106.15754
124,111.70036
109,115.370735
143,154.20541
200,219.31773
292,302.67422
266,282.0104
257,235.37907
203,230.89731
206,199.39366
205,202.62349
218,207.9727
206,209.9167
225,223.02354
277,257.41415
305,299.76065
254,290.8962
255,259.9359
328,334.0068
346,353.93655
342,310.60837
292,290.2955
213,221.26796
162,156.09995
155,146.6147
142,143.73608
126,117.342415
167,154.57574
198,188.17041
216,257.12418
228,235.6929
268,243.44557
274,242.83466
222,253.41896
229,228.15602
226,226.02948
231,230.65598
250,253.2382
294,294.67578
358,339.211
321,353.62982
284,322.8522
419,362.15515
404,477.33047
400,425.13596
393,385.62393
444,374.49747
316,362.05295
250,266.61124
194,202.83347
118,135.87999
117,137.23685
142,139.54404
182,175.93765
276,237.37881
309,294.07492
303,324.9746
292,287.61298
243,287.9242
232,250.94888
240,240.7311
311,276.7977
332,336.95883
314,369.21625
352,331.7748
352,337.68405
358,398.47733
484,432.22928
475,470.78073
510,451.084
447,471.8889
351,348.72266
268,271.33875
177,212.01132
117,129.85126
141,130.429
116,129.66489
165,164.16339
256,223.78691
284,287.16882
333,296.58618
255,316.7789
244,254.01805
244,236.52286
257,236.2065
332,268.9236
346,338.4235
299,334.86484
320,299.31882
290,299.7901
349,294.6677
402,322.13812
403,312.89523
326,316.13522
151,217.3445
114,124.22956
97,115.77225
143,134.31488
142,158.7712
211,224.32628
304,318.85013
428,372.31906
414,398.02008
374,381.84412
369,383.5533
375,385.09332
306,386.55334
369,370.22833
461,437.84607
496,510.3111
528,570.0988
611,620.306
666,616.5443
544,596.6367
593,545.7722
589,610.1329
608,600.38165
564,544.488
429,427.79474
305,302.54474
236,211.47685
169,168.83109
169,148.53542
168,181.4861
223,236.6831
280,273.22675
377,347.69943
410,393.25198
420,426.66943
413,430.31647
419,413.02768
474,449.5526
540,500.49887
566,554.4362
568,604.4854
625,622.51825
592,636.9402
588,585.0976
647,609.1264
673,705.98474
664,701.8119
595,596.2374
499,470.09116
290,349.748
203,237.31282
201,180.62006
139,164.61269
164,168.04704
231,211.29631
239,263.0467
348,315.40686
386,404.88318
389,422.11493
438,410.72363
431,424.0842
435,442.291
451,449.89542
447,469.13116
420,467.6443
452,444.3576
437,429.3209
374,411.07068
395,393.67087
434,415.37375
367,404.738
259,266.94778
188,169.62015
112,123.490036
106,101.52281
112,116.58399
137,150.26108
220,202.9118
316,288.9189
361,357.63354
359,340.3049
291,302.04895
293,289.14362
302,288.92892
260,295.2867
305,283.59033
307,309.4988
324,348.90433
402,390.61298
383,435.65308
348,348.93723
325,314.28207
324,317.49756
316,325.11264
346,268.2432
198,228.00786
116,117.48083
74,76.895195
72,75.339676
116,96.25612
136,136.72214
234,201.93958
301,315.0827
398,344.58365
336,349.47107
286,298.05368
276,292.78073
282,291.53714
239,284.24463
297,276.6757
315,327.51773
366,352.91617
409,431.36273
436,441.8159
393,404.78375
338,355.07138
365,353.11908
328,367.69974
345,316.1686
222,236.5561
147,127.31439
99,95.89916
78,88.50707
119,108.95921
143,142.05768
229,216.23154
320,311.5317
343,379.712
390,336.30707
341,319.11243
299,320.5423
311,306.8077
289,293.95087
313,318.89297
303,338.4784
361,360.26816
438,439.70514
442,477.6263
393,428.8319
412,368.81448
468,420.308
434,424.8797
388,398.8034
326,282.70587
171,187.01305
107,110.41074
88,98.10274
108,123.288826
145,151.30354
263,226.0506
312,339.8434
410,375.41696
374,391.07074
337,341.51996
339,333.33914
317,344.27432
307,327.13132
336,340.4255
348,368.81345
387,407.3023
426,454.75717
468,477.1396
448,462.1191
445,420.54926
420,459.82498
436,445.50494
444,417.38123
324,323.88565
197,209.92079
125,137.25465
127,111.21368
142,133.25443
154,153.8509
223,232.26189
357,326.65042
389,417.73532
363,397.7609
333,358.65692
354,352.3327
327,366.80493
323,337.9665
380,356.9625
433,415.39972
464,479.3113
519,524.692
599,578.6906
595,609.2217
497,578.38055
527,523.5669
581,581.15717
640,613.3143
548,556.4219
378,409.77115
283,290.404
210,224.57722
177,161.78532
151,162.43488
186,172.08983
213,242.18446
261,276.3245
357,338.9684
350,374.12692
436,393.84528
382,429.23535
400,398.08475
485,440.19043
500,509.31125
523,528.9203
559,561.76447
594,622.51825
576,615.2912
655,571.56525
657,654.62915
687,706.0615
656,707.4268
674,587.9102
481,520.9984
322,329.30356
238,237.45126
168,193.96553
163,158.95805
185,178.05313
228,214.91486
267,250.84122
345,339.04623
397,381.592
435,422.17654
478,436.94894
463,445.4004
437,471.57507
443,446.37128
490,460.17688
468,485.1207
471,468.8706
462,445.15988
409,424.29285
424,424.08673
527,460.70517
340,450.96677
304,250.59564
168,189.64822
112,114.66861
93,104.49909
127,111.25753
130,151.4632
222,206.3898
329,297.82007
393,359.66287
351,344.7934
268,299.66046
295,277.5762
288,294.38287
297,286.65866
305,305.84396
315,307.5065
335,357.0188
373,392.95825
379,393.63562
370,343.99606
302,329.20856
303,310.8457
295,307.83252
287,268.35724
203,208.44702
118,123.65645
76,76.38254
85,75.0259
111,108.96327
139,136.0138
212,220.771
342,322.11377
397,374.3082
385,352.5489
328,300.28546
305,308.9101
312,300.01733
329,301.85715
308,322.01425
332,319.8922
365,362.18045
412,420.79877
385,435.85388
392,386.2527
365,346.28104
354,354.95667
373,359.30344
335,331.71762
266,233.90842
164,145.28505
105,101.73658
86,90.75325
108,109.85109
161,142.96097
230,219.85567
375,327.55542
439,378.28143
339,392.58847
319,323.86707
304,312.5226
340,313.87244
341,334.50034
365,346.88657
342,360.5794
403,378.30286
571,457.50372
684,524.4573
606,539.0734
399,487.18954
368,425.6243
370,398.96762
320,352.13535
265,264.9912
164,177.75316
135,114.18817
112,103.52376
136,124.30573
153,158.32808
256,238.05785
376,350.23865
437,422.2993
409,376.16745
376,339.92477
339,353.03427
339,337.42465
369,353.47855
370,378.11316
346,376.07654
382,389.1401
480,452.7884
478,505.82535
494,468.03934
501,440.92267
437,463.3129
481,441.09644
437,418.06058
299,315.11563
215,201.52205
134,143.02954
136,119.9743
142,143.27023
166,156.46162
250,232.77452
396,367.7233
437,414.11902
451,409.78665
389,403.5614
362,382.89523
367,369.35153
297,363.25864
377,349.60492
430,410.25818
471,475.7039
548,526.7164
630,599.33
578,620.26416
578,560.6539
570,564.84814
603,599.80896
631,616.1692
539,562.24646
399,427.20438
252,292.97903
196,201.2752
165,163.56636
161,162.6007
185,180.21802
238,227.60313
320,283.61234
364,370.25616
426,379.3691
417,444.1346
439,419.78638
408,428.9801
494,447.89075
570,511.46762
533,569.81146
567,577.6654
585,615.46906
586,599.0772
580,593.6542
671,611.1605
753,722.95074
706,744.6734
641,660.56726
486,502.17044
374,334.44855
269,245.77032
189,198.06747
157,160.49261
189,179.65831
228,220.91331
276,263.23218
389,345.6819
437,421.97308
405,446.14093
420,428.22137
451,422.39633
447,456.1292
453,457.91574
506,468.89423
519,502.56656
543,505.17383
420,495.838
425,396.05127
387,434.02637
498,423.09024
370,409.59906
255,266.8954
170,164.64447
111,115.4228
103,100.13379
130,117.14147
157,141.67052
201,225.97586
336,306.7155
381,361.46735
350,350.62885
292,297.40112
300,284.9781
264,295.9826
258,278.13248
276,282.2926
302,296.4732
323,336.59534
369,392.55023
343,386.4805
350,330.82947
285,316.6216
343,296.82373
297,323.3941
278,275.48306
221,205.69287
104,128.98285
67,72.6612
72,74.531
113,108.73399
142,141.74156
217,214.27524
335,332.76453
420,395.60135
338,367.821
290,304.10797
276,294.21332
249,283.00003
297,275.18655
297,304.76248
305,316.5972
325,342.75085
362,391.02002
449,403.08868
363,411.55136
385,333.4612
329,374.51447
335,344.05847
289,308.72504
207,218.61104
137,130.37747
96,94.343864
94,86.78453
111,110.59464
145,144.64029
235,227.203
344,343.89377
438,382.51642
402,365.2033
320,326.29434
296,304.54526
293,303.76352
322,315.15985
406,338.1417
462,375.87445
443,455.8769
447,481.02716
600,505.85403
605,551.8673
479,485.9751
490,448.1737
394,445.4016
373,353.29587
257,271.7555
157,167.60217
85,114.37463
105,96.12629
113,125.77752
140,153.22629
251,245.45857
353,352.51337
417,426.91077
389,397.67236
349,339.4739
306,334.36728
345,317.81433
325,353.26718
310,362.91837
359,349.41708
394,394.91644
498,451.29327
564,514.803
469,547.7637
410,454.34042
427,448.8914
427,444.36536
383,420.0142
277,295.59683
194,194.8624
131,129.70113
135,116.44199
123,135.43365
164,149.75635
234,235.26259
348,352.71854
415,416.98734
402,407.1999
357,373.19135
319,354.56717
344,341.25967
322,333.20312
368,348.70404
421,401.09827
422,461.66568
527,506.22903
603,612.2121
523,600.2667
576,521.88214
516,572.82904
609,572.3543
602,607.51874
544,516.7868
385,408.39484
262,282.4989
217,204.87178
179,164.30307
153,161.95084
188,187.30464
230,231.45586
293,286.4683
334,350.24698
406,378.51706
451,418.90396
417,438.0047
402,409.67676
447,434.5836
549,486.19983
530,556.157
547,572.3075
582,601.9504
581,584.6726
625,580.42896
636,647.9717
728,707.81476
684,704.75037
584,638.1834
478,444.5112
330,328.12305
271,236.81578
200,199.04611
160,156.83282
161,183.51958
214,214.29121
259,268.74777
318,332.9672
409,375.58047
406,435.60468
403,419.27023
385,416.18185
428,406.8542
469,445.00558
442,484.7025
431,471.4293
474,451.53238
429,435.5903
419,411.70242
445,414.84964
483,462.6243
414,406.75543
266,287.82092
179,168.40411
110,119.63442
106,102.96801
126,127.14495
156,146.33661
243,221.57764
382,335.61484
390,384.78528
366,334.58038
284,301.84644
298,282.25232
273,292.00494
268,265.29562
258,287.78986
303,279.37262
338,324.62088
388,377.87866
352,389.53372
349,331.8701
334,306.59186
316,322.6329
345,308.16632
337,282.575
202,231.65146
112,122.33387
74,74.70474
67,72.390686
102,108.71968
138,143.08089
255,224.66603
351,362.05228
395,397.80478
351,359.50552
299,290.32272
290,292.40332
273,282.7365
298,282.56287
296,299.10074
305,311.17755
341,347.80106
382,410.89117
377,415.3507
373,377.5333
345,355.99924
329,351.23096
394,340.58374
350,338.56116
233,228.82628
131,137.49507
102,92.3224
98,86.37982
113,111.77093
129,146.0516
243,239.673
357,361.65445
423,426.1932
373,384.5021
299,313.0553
297,299.76428
302,298.98593
277,313.704
319,315.81192
343,335.17526
368,388.08063
431,435.6422
416,482.67444
386,449.25293
374,385.28366
385,406.03198
467,403.9076
352,392.12137
267,254.96971
176,165.72592
112,113.62903
89,103.30994
138,114.03068
140,144.61696
258,246.28543
397,364.7752
445,434.92038
389,390.35156
335,329.18076
324,328.84402
331,324.4969
326,318.3489
343,336.98593
426,355.9694
411,434.81134
481,464.0997
544,486.50867
519,499.749
485,473.05334
513,460.34442
614,499.08865
498,477.7625
361,354.09375
243,224.31578
143,149.45277
180,122.63969
179,148.7848
147,157.70094
246,240.45639
364,371.84964
411,421.00964
432,400.58466
373,373.12613
371,366.2131
350,365.90445
344,343.419
397,364.4824
427,430.34146
465,466.07516
515,526.7164
639,597.1118
633,614.06824
636,596.5393
599,603.0613
603,657.08813
649,634.44257
575,559.1879
483,414.65533
398,311.8532
348,250.07088
250,202.97513
168,164.84666
202,194.64192
247,243.9414
277,297.61066
360,346.99414
375,396.4648
374,409.86694
388,399.52734
409,397.90512
516,444.46033
515,534.0739
498,542.37823
583,548.5961
575,612.61926
631,590.52386
649,626.6593
633,658.5363
715,691.14777
696,727.47095
650,633.3042
546,515.6457
440,374.83063
362,318.0002
211,224.85538
194,161.37988
145,197.06795
212,210.32733
233,264.55447
359,318.94034
416,412.90448
450,427.46033
456,438.23566
419,453.1257
469,430.02692
472,467.4735
503,479.71976
486,499.62344
595,481.10358
559,502.2333
611,497.3595
554,561.1315
580,530.60364
583,512.0347
183,285.8667
118,147.68187
94,100.6126
118,98.24595
89,92.662575
102,110.37763
161,156.71162
236,224.35788
296,324.94998
329,296.98752
275,315.15573
289,305.16113
299,308.40216
356,360.24176
319,365.5776
313,338.14825
304,375.22424
366,365.66498
415,437.81622
418,441.90717
449,425.65875
380,456.9078
449,447.7715
388,428.9953
285,327.5936
195,246.7313
211,173.10338
155,171.39212
115,124.1138
89,95.09953
92,89.62691
122,117.89792
176,168.26463
232,243.9896
279,279.4855
275,324.8521
302,306.04346
305,335.3464
278,319.96487
276,305.22742
331,313.12634
339,379.89224
348,378.15326
373,381.9715
321,359.33517
360,359.63455
387,404.0292
385,372.19995
307,323.80063
261,235.49889
191,214.59781
149,161.12213
126,122.31684
83,96.421844
70,94.67282
92,97.564095
167,132.3621
225,213.20636
235,283.91177
340,272.1148
307,338.69006
302,316.32294
327,305.26578
317,313.7125
263,324.20572
328,309.29855
384,338.7622
327,354.7055
353,308.2105
357,354.88107
326,326.80362
224,247.47902
209,182.8749
87,114.392586
57,65.43779
40,59.38917
74,69.21797
80,93.52767
130,138.90439
201,224.0184
328,313.96072
266,304.98782
231,253.24904
251,238.16855
230,260.21185
334,271.87057
271,322.3768
254,279.00443
291,301.93988
326,355.165
396,386.2852
361,381.4129
323,413.27884
344,369.15106
325,363.5259
223,240.7708
140,148.20612
78,79.961136
67,57.808567
71,53.09855
75,64.84133
73,92.297745
140,146.86743
234,240.70985
392,350.22238
283,353.64487
228,260.20883
274,254.04706
280,268.927
266,316.4494
257,293.5348
286,289.61755
341,341.75836
434,436.6703
372,462.6953
430,398.42352
423,428.6649
442,427.46594
372,404.673
230,250.82588
150,156.19882
86,81.12984
54,57.484562
41,42.23331
56,62.0941
98,80.05677
155,154.22398
270,261.83466
387,415.3222
307,323.08017
272,273.28006
265,287.54745
236,292.1244
315,280.13257
259,321.30496
295,285.92853
359,371.8662
417,448.21512
501,445.1481
454,471.33017
494,466.81644
534,484.7293
363,458.4562
205,292.5703
190,168.5125
93,117.20945
69,75.85398
67,65.7046
90,73.52684
102,112.18248
163,173.3071
242,278.39337
365,370.71606
282,341.99026
257,283.01837
254,282.18982
299,277.5472
259,339.54404
309,280.63834
309,336.97928
330,365.216
442,409.28528
393,472.1465
397,420.48132
423,439.76968
449,479.3209
451,428.00027
332,332.21936
201,259.19485
135,137.86838
131,100.36226
108,108.62667
81,96.27535
106,105.75632
167,161.25627
193,231.07787
260,295.61246
250,278.9947
274,270.22055
259,292.4011
287,284.75168
347,329.8835
297,334.92026
246,310.40915
336,304.5139
378,388.74435
424,432.8661
426,438.8558
363,437.56876
406,418.8175
418,447.48727
394,391.64334
289,326.21695
218,232.54112
154,185.435
147,138.89127
123,117.68107
68,94.93104
89,85.110435
89,120.67277
151,160.54758
180,223.18607
238,251.27628
265,289.15616
277,294.4407
286,318.22293
293,301.06354
264,296.1223
285,309.21072
369,343.85278
374,394.57733
369,380.51816
348,336.88538
361,371.697
402,404.73676
390,395.07974
386,326.09436
251,262.35797
226,194.58594
168,160.77077
100,129.02052
71,86.2928
75,90.50492
96,94.32641
131,145.59357
163,196.50943
241,228.34451
286,290.615
296,302.95407
313,320.64957
344,316.46448
236,320.90945
316,270.79977
321,345.9302
331,343.52124
286,325.12527
349,295.2752
303,354.59262
349,304.2735
217,251.30913
264,175.63715
70,143.13152
59,57.70956
57,55.947353
72,74.077835
79,89.450134
121,133.64235
167,216.17249
303,288.0931
275,279.43448
245,248.34392
249,249.00725
214,246.97272
272,262.03815
217,275.32382
246,243.6804
281,283.61505
352,330.65463
348,385.12875
307,342.70535
353,321.99185
369,354.18707
312,358.00116
302,221.67616
111,180.08562
64,67.59542
67,57.732697
45,57.286335
43,62.261784
73,77.19041
112,135.59892
235,217.69223
348,344.66418
257,299.95013
271,239.47624
285,275.10922
235,278.62576
307,273.56494
264,276.8338
257,276.02332
368,308.64865
410,432.20416
402,422.0783
371,396.70242
400,395.51776
371,428.47595
359,374.04913
248,265.4363
194,149.87988
88,97.964005
61,58.341957
37,43.262447
53,55.141823
76,81.57048
151,143.52676
227,259.73593
393,351.27008
306,303.56467
242,274.23685
311,269.6766
251,281.6378
291,300.4928
284,286.77588
292,294.9117
398,352.80942
531,463.38837
517,516.3233
540,480.95016
505,499.79605
412,471.8329
392,403.76102
235,315.86862
196,184.62878
141,115.36541
76,90.025734
63,63.14178
73,72.877785
114,102.503426
159,166.4565
228,253.72226
373,357.96964
308,309.55936
281,275.3458
280,300.63342
295,286.89304
348,320.62872
348,336.68515
298,339.16486
400,358.34955
477,472.25098
464,477.0041
431,468.3143
432,454.3979
346,439.27682
431,386.9764
296,330.43164
202,215.56198
122,138.90842
100,105.29449
101,94.861176
80,89.66025
93,108.26278
155,157.42679
200,215.98236
259,292.77356
270,275.19928
253,275.33087
242,275.4588
306,278.74442
354,341.17484
288,337.50565
308,297.27905
337,344.69534
343,391.3545
422,416.13568
380,434.68527
385,411.3925
395,399.0671
433,443.87445
356,390.4227
333,286.54926
233,229.03548
217,183.68819
158,159.25012
98,122.56404
76,90.75088
98,94.812645
105,110.214745
172,154.82858
222,231.81573
263,268.04865
312,283.1873
319,319.47498
350,334.62738
302,320.996
303,303.56186
330,327.79004
378,371.05035
399,401.20374
396,388.21414
368,354.3081
379,376.3825
410,406.9987
379,380.94196
342,334.026
227,255.38022
195,201.32117
152,160.70454
116,115.53907
70,84.39099
92,80.73667
83,97.983116
141,149.97273
202,192.14165
239,245.99722
327,297.5983
304,328.43185
306,314.81345
343,307.2955
292,318.2558
298,308.39157
365,324.60303
403,368.86786
385,352.82434
374,353.21786
333,360.08664
369,326.52618
181,254.53937
203,168.52011
78,111.18936
49,56.027023
36,54.07265
63,70.005714
78,81.51698
120,129.98616
193,192.35364
282,299.0774
248,267.02142
234,233.89487
236,243.25844
219,233.06934
251,266.30557
235,259.8535
219,246.71516
267,265.44577
259,326.87863
333,336.29227
304,339.32645
330,325.68933
301,355.47998
285,311.3051
212,227.54637
111,142.17169
58,68.63986
43,54.387012
57,45.954697
57,60.526814
96,76.85366
113,138.17026
194,217.96756
293,319.64624
221,275.9503
207,239.55954
190,244.0849
216,229.77185
218,268.941
243,241.43855
240,258.23444
304,291.31107
388,362.92712
394,406.47452
354,385.29584
394,377.51724
364,400.96054
300,344.0388
202,240.42334
137,137.25218
48,78.922874
37,47.020515
36,38.822044
52,58.62282
73,84.89698
114,140.31088
240,233.22296
325,340.66348
319,284.5378
233,258.56583
278,247.1012
238,263.65173
362,263.5463
295,321.99335
292,290.78818
406,350.29883
470,464.08032
497,487.0029
495,471.50827
450,475.73026
500,444.667
399,404.7651
292,248.62355
169,193.37091
87,105.55277
68,63.257027
60,60.058502
64,71.14532
95,101.97047
144,150.19109
266,244.13063
334,359.53046
289,321.12036
233,265.24695
244,266.84634
281,264.81607
284,332.6853
323,311.21304
321,318.73026
372,384.98575
451,441.18008
428,478.2286
411,445.9059
443,427.2379
415,453.39505
430,427.40503
306,325.8047
220,214.39977
136,131.96205
139,98.48797
92,107.49333
105,82.23773
81,104.67105
124,147.94885
187,206.06522
236,272.97116
278,265.80502
261,264.97064
303,261.8598
278,306.9321
348,320.37213
324,322.63654
342,321.23853
277,362.31445
359,345.21198
409,423.46225
396,421.36777
369,393.2515
358,394.3635
487,420.38126
477,417.71405
355,347.97607
213,240.38182
175,183.35948
152,143.44138
117,119.00547
81,82.53409
101,95.42088
111,116.17192
149,167.98616
225,220.2321
249,273.72452
319,290.70065
354,322.20438
339,350.2812
313,322.43683
271,309.23846
355,303.14832
362,388.6181
357,398.6476
407,373.74048
389,373.72937
389,379.2388
391,423.42618
550,373.5731
319,394.38013
227,247.33784
199,186.7324
156,155.28224
124,122.54709
60,82.74817
90,77.64815
115,99.80331
134,146.30154
186,200.39592
247,237.43863
359,302.2229
326,348.60794
341,329.63083
377,330.89603
322,325.81174
338,318.15994
407,348.30005
314,385.75256
340,315.60526
325,336.51855
339,330.58423
330,332.51166
248,242.75438
178,192.63611
80,89.96395
65,54.875397
53,46.232742
74,71.76076
91,82.41571
109,131.17094
198,188.16281
282,295.9974
239,254.70569
257,227.85674
262,255.98424
262,248.45482
318,279.57587
274,295.7982
259,267.74307
268,288.94678
302,319.96417
317,336.00977
296,306.85547
304,311.2813
261,324.01205
300,282.91327
194,228.93628
120,121.169106
74,65.46562
39,57.553772
47,51.943672
63,60.888554
68,79.53375
115,116.47216
190,216.75987
305,311.29587
234,258.6853
242,232.30466
231,259.66156
244,245.0388
267,277.86426
252,266.83
246,261.8271
287,293.4533
374,358.04614
381,394.33768
331,355.14822
326,354.5876
310,339.00146
324,324.56244
380,228.1247
187,184.405
75,96.73066
34,49.37466
37,37.77702
53,57.216644
85,75.87381
134,142.73097
249,220.68916
291,347.0696
253,279.86353
258,240.8486
265,262.41193
237,260.4714
249,282.94098
260,264.85104
238,276.18234
314,299.7635
333,409.05905
339,387.99103
359,368.1822
346,379.80548
335,385.03885
333,356.91687
379,273.38873
226,219.40353
100,113.01666
55,65.256516
58,54.36857
79,69.26028
119,100.57584
154,154.98926
211,253.80403
289,323.53455
239,276.65564
254,249.69333
276,259.14597
234,278.2484
304,273.2431
269,298.72604
292,281.37927
336,339.11786
376,392.0065
398,411.74335
355,398.87
391,378.18494
349,403.78055
386,379.89728
350,320.20953
252,240.07953
139,151.09102
117,112.04896
99,92.70812
97,88.036934
116,99.93356
135,152.19736
181,199.16737
237,259.3101
233,254.71954
279,252.86682
282,282.68777
283,284.52628
342,322.04742
323,310.4371
291,314.4751
340,328.10236
354,387.40384
407,413.5662
404,400.67117
388,387.4951
351,396.40518
471,412.74445
418,429.55023
289,332.77298
236,222.47829
199,176.14622
146,151.34236
132,119.10014
72,89.75267
81,98.51911
103,106.4971
156,150.01712
232,220.74011
261,269.2042
324,302.71277
317,333.08597
309,343.0755
294,308.48627
283,294.13773
312,319.74844
387,361.22604
364,404.4513
350,381.3989
355,357.44202
345,370.45532
403,386.20807
420,395.62146
342,330.45947
253,244.7955
174,202.1944
159,148.26443
110,125.79919
55,77.68029
70,80.65469
90,95.4741
126,132.80992
182,186.86809
247,236.90846
321,304.96265
306,327.01382
337,307.31107
306,326.60205
293,291.8716
316,304.25836
390,341.38934
383,364.549
298,347.18143
293,311.72348
302,309.0499
348,315.36148
315,249.33778
158,139.98369
95,107.73413
58,64.47126
50,54.83265
63,71.1844
106,102.61675
161,158.91965
234,243.01439
297,295.80334
245,260.15762
192,218.07481
185,200.65132
206,202.24464
212,213.97389
231,239.46846
259,244.30037
244,263.27472
269,265.27164
313,284.97324
287,281.94308
258,251.06206
303,257.7222
295,287.55844
247,271.72754
211,217.58202
182,157.76726
126,125.874725
106,93.418755
102,87.08232
115,107.97683
137,130.99327
168,143.24542
196,186.88065
195,216.09828
230,211.5566
215,233.064
229,231.7983
234,241.85912
244,254.86148
327,262.8989
314,310.43295
299,310.48062
298,308.27975
275,288.48132
250,271.9161
292,273.254
314,304.74854
314,292.94067
278,253.0945
202,214.69696
144,140.92178
126,109.29087
90,97.56568
88,93.33528
130,113.13462
135,121.015915
138,153.74904
194,176.86942
191,208.77383
179,209.11974
223,207.82033
230,214.93968
253,230.17023
261,245.00557
242,256.90036
231,242.63419
245,237.10283
241,225.80798
226,221.21349
250,226.17097
223,240.93898
207,202.8945
152,142.12642
82,94.409325
52,53.191296
53,49.91823
68,64.95139
98,91.47743
164,159.43813
242,225.1822
298,281.5519
231,237.05568
193,188.2774
170,175.00375
146,178.2504
171,167.17816
189,186.0768
174,191.40175
188,203.24094
183,211.55107
215,188.02885
178,202.21573
155,175.09077
158,168.23624
174,166.0424
148,151.30952
125,113.549774
62,77.457214
48,42.44447
44,39.045315
56,61.98217
85,89.195114
146,154.11412
195,223.19476
285,274.9427
214,242.32896
196,183.88574
163,172.08481
158,165.06067
160,172.74376
192,177.6659
205,189.75467
218,211.09749
218,221.7911
222,223.69702
208,199.34944
177,182.86826
182,180.23181
186,177.24373
156,158.87053
104,121.24072
78,67.799934
44,49.993164
31,50.355103
56,57.001335
81,88.769615
150,155.23907
238,228.82973
257,269.19232
258,231.5604
204,206.6204
166,185.56776
170,176.30884
181,180.93457
188,201.11519
224,200.95387
230,230.84822
231,243.98227
264,241.84686
193,233.34009
194,182.28955
206,198.20084
193,197.46819
167,174.27356
126,127.137
89,81.34717
46,57.438225
51,48.07828
60,71.67391
103,104.436455
170,157.07695
231,248.36116
331,287.3895
251,269.90173
215,208.46547
172,191.13187
181,179.03891
192,198.78998
235,214.26192
217,234.20688
236,227.69296
225,239.74152
267,241.3607
214,228.33621
232,192.15063
214,219.56912
205,212.14684
196,176.83238
147,156.74641
94,98.01578
74,59.44172
61,56.559284
81,70.914696
98,105.60756
167,160.28584
202,229.65959
286,286.169
265,250.92413
177,221.12425
200,186.3077
218,205.04105
222,218.1144
219,238.4472
199,237.81125
273,232.0837
287,278.85394
327,304.86697
305,295.68848
276,270.29453
253,270.88855
299,274.35013
255,276.11676
242,204.73433
184,179.09427
117,128.43259
106,94.97038
106,93.94336
124,108.7937
127,138.5449
141,163.93102
179,174.40268
185,210.81479
193,210.6586
213,214.52844
186,232.06636
258,221.16621
276,260.4499
233,277.2197
264,265.9959
281,290.76108
291,302.67313
257,286.8271
296,254.5073
262,289.32083
282,289.06528
318,280.20248
241,267.99808
193,196.82516
128,139.04193
111,106.929924
109,95.55558
89,95.29239
120,119.447174
131,126.958824
123,147.25212
164,170.78041
188,191.06131
225,197.79721
206,220.27292
212,216.1035
221,224.26733
221,229.18953
243,228.1614
241,242.15944
299,244.02345
241,257.95685
249,221.46266
263,239.89357
224,246.22911
204,203.09782
143,144.39226
80,83.71882
45,53.107727
53,49.75435
69,70.00075
90,92.83247
169,160.79712
245,230.95035
267,298.99185
232,227.57712
190,191.94913
172,177.19995
155,176.91862
168,167.3195
185,182.75278
202,189.29324
202,203.42757
217,219.17062
197,211.76674
188,180.8641
176,172.54002
172,169.95438
153,169.91576
154,143.90152
111,115.68046
70,64.6869
43,44.373257
51,42.70427
66,61.560898
96,87.94494
150,155.90761
214,223.41322
289,274.42145
219,240.12582
210,191.57274
170,181.99733
152,168.06345
174,166.84077
188,189.92982
218,194.22241
216,221.70059
223,231.80115
211,223.31831
194,197.3811
179,178.10011
168,183.20784
188,175.97112
155,158.83351
119,120.167114
80,73.728355
53,48.290543
42,49.54435
75,61.616837
96,93.70167
173,156.823
263,234.1307
276,273.37073
257,236.05298
234,210.29031
199,194.41002
195,184.76013
207,192.27473
198,206.07565
232,207.4549
255,238.8274
276,259.22305
247,264.2738
290,209.88585
199,225.30374
173,196.51071
183,186.60889
160,168.46074
131,126.29697
109,85.891785
72,63.59336
40,54.51495
76,62.380184
111,105.829735
167,164.29314
251,245.12238
337,301.6712
250,269.5728
194,221.59114
166,185.6018
179,181.43878
200,194.68237
196,217.66267
214,216.62137
252,229.47266
265,259.99594
241,264.53833
250,224.13803
224,213.98462
227,212.68666
211,210.50241
184,184.51817
145,145.88669
94,97.686066
70,66.752266
64,57.957016
78,75.640175
111,104.00657
171,161.51332
249,233.98074
303,300.72296
269,259.46164
215,214.3483
204,198.82364
219,209.22078
211,219.80907
240,222.73671
265,245.00058
240,273.02542
254,273.20007
294,285.98532
277,285.78317
297,260.1101
285,280.61865
266,291.16644
279,251.19887
230,228.48691
173,174.53696
125,119.62031
128,100.85711
116,103.236565
114,113.71616
151,133.00545
149,157.29399
180,183.14252
221,209.05373
221,226.93623
217,226.98271
254,228.63997
254,254.22179
277,262.45074
303,280.53366
305,297.70288
291,304.20566
300,305.39914
317,283.6935
287,293.7135
280,287.80872
297,293.48758
266,290.26355
260,233.03189
195,198.1856
133,142.0973
95,112.33177
99,95.36233
85,93.46523
138,117.98063
125,138.57188
141,143.75291
185,177.96103
201,204.99686
222,206.51627
193,227.97298
192,203.39456
235,208.72588
235,230.95598
281,239.45349
284,268.40143
283,277.39822
246,256.59164
233,227.25313
229,235.43816
204,222.69809
186,191.25047
152,135.6544
61,87.21719
53,48.49261
44,51.725002
60,68.58655
83,90.48844
162,158.57785
248,238.87587
286,281.17715
218,233.82231
188,187.92375
153,176.49728
158,155.17929
163,168.38885
191,178.99727
188,193.42082
181,201.14912
195,207.66025
198,205.47647
191,187.03053
177,176.01173
165,173.1645
159,165.84648
139,148.33336
113,110.3073
69,65.27583
49,43.747276
45,43.702366
59,63.170345
75,88.17188
167,150.01717
229,229.69344
275,285.46133
216,227.19365
167,191.7019
168,162.7284
170,164.55135
145,173.77502
165,177.85956
165,186.32109
206,193.43744
209,220.42424
201,216.88599
190,195.75784
201,177.26741
164,188.31415
170,173.8347
147,151.96887
110,111.29997
68,72.12724
61,46.662647
40,46.668316
77,61.58668
73,89.17022
167,161.93045
252,239.01224
246,269.46484
244,232.63466
211,200.26756
179,190.05304
171,183.76527
192,177.94012
197,194.03835
199,202.45511
224,223.82852
237,248.28053
252,243.51031
217,243.41881
213,200.26038
244,197.88065
181,206.69907
175,159.83568
125,123.22655
62,88.23842
47,55.2277
52,48.2684
69,76.71607
100,98.052895
168,167.48013
254,250.40932
302,297.2215
251,250.87608
202,213.12442
196,184.62
161,187.87793
188,188.53131
184,210.3353
187,203.81134
214,221.93867
221,243.10507
228,244.83614
223,214.84944
209,214.25755
191,219.89084
186,195.7191
165,177.55942
157,130.33325
77,96.016075
55,60.20524
55,59.4297
87,76.452484
101,105.1933
159,165.18721
231,239.40271
280,287.1027
233,258.90356
187,210.39355
199,196.17683
150,204.66454
203,183.97353
213,217.53445
197,233.90291
241,227.38039
248,262.7558
261,280.57874
304,262.8801
256,273.0213
236,263.05362
261,254.57454
262,246.44583
201,220.28787
158,163.38191
114,115.626495
92,96.77041
86,98.80154
100,101.56378
134,132.50699
151,154.21451
172,182.29987
163,206.9617
219,202.82826
213,227.68715
261,221.67776
243,258.25555
244,254.56618
272,260.9201
264,287.2621
248,282.08298
307,277.83118
302,294.44748
324,282.0529
316,297.99695
277,309.45557
255,274.84866
278,228.2533
211,205.49405
123,138.54967
105,100.529625
114,92.895065
99,92.3587
134,124.206314
121,137.70808
123,143.93906
195,165.92453
188,209.85858
187,207.59343
203,203.78195
196,210.18167
201,214.81299
233,216.39407
231,238.52841
229,237.30429
245,249.73589
228,230.77193
209,221.40225
248,222.9161
226,232.59381
169,201.36928
111,125.75801
69,71.70095
57,50.607784
45,51.38865
54,67.1283
89,88.96187
162,161.2329
252,241.62222
269,293.4701
221,228.31572
167,186.93822
164,166.1601
173,162.44557
169,172.82394
167,183.71175
172,179.61392
176,186.2537
197,199.94473
206,205.5171
191,189.80347
152,176.4527
143,156.51233
172,149.02559
145,146.38261
124,105.06275
62,70.098755
43,45.977516
44,42.88484
69,58.68378
85,88.14316
186,154.33266
217,239.07495
259,277.7761
221,223.13626
213,183.45569
176,181.13158
193,170.7989
161,178.43929
174,177.14775
155,186.16214
158,186.40666
196,201.21013
204,211.41745
210,192.31364
179,181.85484
179,166.51076
180,179.53542
160,154.63686
117,113.31356
61,70.71491
42,48.108738
32,42.28721
69,70.68321
107,86.302414
145,172.9519
253,230.17331
258,265.3653
198,234.32175
163,199.70189
169,170.06435
165,179.9415
179,177.45206
190,192.12599
186,196.7603
205,205.37598
178,229.30031
207,217.29352
221,206.71423
184,199.70413
181,195.84557
191,183.8755
172,167.31384
143,119.897514
77,83.56693
39,47.913216
61,45.42806
68,73.293594
80,105.213394
177,157.54831
260,257.33914
286,304.8987
223,235.58594
170,192.59177
198,171.25659
200,184.38327
204,195.72299
171,207.5083
206,195.4604
207,223.29102
219,220.22185
220,235.42188
228,212.77138
244,208.02318
203,219.28072
191,204.41833
190,177.87537
129,146.94415
93,89.010605
59,62.81942
54,60.87391
81,78.3135
81,97.80959
174,159.58986
283,240.73758
324,297.2168
249,261.07593
184,205.10684
192,194.8995
221,202.19008
221,220.87497
230,220.4996
239,222.32172
296,245.243
258,288.5905
292,276.60617
275,286.82645
271,264.5776
252,258.9991
287,263.04886
231,263.24268
218,195.29169
160,162.70529
124,113.58404
84,97.24277
97,94.92578
99,103.31256
146,131.38908
141,160.65329
169,181.12198
187,198.28757
214,211.71933
230,222.14816
211,245.57188
239,234.67836
276,252.92184
283,272.15884
294,287.11905
296,295.6307
313,306.1946
322,301.09595
283,295.7483
288,285.8519
283,292.22375
317,264.5599
257,257.72318
183,195.3603
126,129.63544
108,97.25957
106,101.66896
87,92.26285
139,123.85325
139,135.33641
138,139.23198
178,184.35124
169,200.79568
202,201.19208
182,207.22826
208,194.01515
227,217.06303
239,229.38887
267,241.64392
233,258.099
256,251.3753
209,236.8496
265,209.86035
232,255.03288
281,225.23747
216,216.66454
182,213.15636
123,129.8533
98,92.05244
96,102.43963
117,120.062836
196,188.69012
338,318.42703
510,475.8169
503,534.70917
423,402.5644
363,352.6039
372,359.64154
375,391.20724
404,394.63947
386,439.92892
449,456.90878
490,521.6904
549,497.51886
465,489.69577
438,427.8054
469,399.98697
430,438.79507
453,424.76706
401,382.47363
328,304.67758
227,217.91179
180,159.17804
138,145.68196
162,137.08441
186,173.35472
195,219.60236
237,232.73949
290,284.7015
334,328.89743
353,347.6788
378,382.97824
435,401.91397
436,433.70526
457,443.45435
497,467.8756
444,483.51947
481,459.09146
490,468.41858
444,464.45682
454,427.9378
487,451.04608
454,476.55707
456,437.93747
360,371.52725
247,294.24857
221,203.77942
162,169.8445
168,149.68788
185,177.10635
200,197.5671
194,214.47464
227,227.10966
286,286.29514
370,318.88776
325,371.34534
351,338.32843
341,352.93945
417,354.69086
408,396.586
424,386.37543
373,393.9829
393,358.037
343,334.63925
332,314.71555
336,327.15674
355,319.82062
373,299.74628
239,254.04715
130,144.76472
75,93.77661
82,86.98031
121,108.95907
175,184.63866
299,279.64105
445,414.74542
459,484.51736
401,382.26102
322,313.29462
290,300.0925
292,301.2909
318,314.20007
354,338.13248
338,361.37997
368,359.17783
379,383.67984
336,344.8347
312,296.0326
277,283.00772
274,271.86343
263,266.95322
266,216.01358
147,176.60992
106,94.30606
75,70.68693
97,75.03271
112,112.66566
174,173.57588
283,293.49185
439,432.68326
480,486.40424
365,381.1315
293,307.44928
255,298.21344
305,281.62552
312,317.22757
333,335.57294
364,353.23944
367,387.01495
396,396.50037
361,354.87927
288,318.8835
312,279.87454
290,295.77692
257,282.99197
236,238.97302
152,164.3285
103,108.66425
75,77.73101
89,91.44196
108,107.07838
186,181.69832
312,295.01895
450,444.294
529,486.25415
385,400.07263
284,304.32257
268,282.77667
311,292.87292
303,328.20798
297,337.86774
337,341.6358
389,390.89566
428,412.9093
373,390.77374
328,329.80118
308,310.27368
304,303.27454
305,299.0707
296,260.57645
183,196.71529
115,112.45293
89,85.98016
108,94.80079
128,124.328094
176,195.29343
312,309.922
461,443.48093
530,519.4804
397,417.40112
291,314.4911
295,302.32748
350,323.90298
363,353.2011
366,387.9347
370,365.8383
409,438.33264
397,433.20102
367,374.85498
342,328.6673
341,319.0555
316,330.97827
349,326.788
289,300.3008
233,208.6035
107,144.5014
83,91.104904
97,97.45945
111,122.21159
188,184.91173
310,313.60217
484,458.8811
503,526.9889
439,397.95804
351,354.61206
328,349.00928
344,358.75296
364,382.7271
403,405.19727
443,431.42682
463,492.1862
489,487.1317
466,462.63153
450,438.91812
415,427.5251
393,411.80344
409,422.4962
390,392.90833
311,311.5619
203,219.7987
164,156.88261
159,138.85365
143,141.37929
177,172.0723
197,217.45078
256,248.81895
300,295.29788
326,339.2688
356,354.33676
362,375.87354
402,387.95688
449,420.74997
463,454.69925
472,472.53986
509,470.93317
427,501.4525
426,434.39825
431,436.155
437,416.97153
460,429.03998
448,457.1685
455,428.11346
357,367.0177
257,262.48553
188,200.93231
147,162.027
142,145.99469
157,166.10144
204,190.91043
212,218.2615
213,230.72968
291,278.03827
320,330.62543
341,331.22427
316,355.95145
376,333.1514
375,378.8566
364,379.3979
373,376.10117
355,365.32272
360,347.59323
383,334.30756
350,333.46826
354,341.98062
369,330.20016
285,312.22632
226,210.19016
146,141.4222
95,89.19332
110,84.06825
97,123.236725
176,168.41548
302,289.9889
446,414.0523
417,465.02307
379,352.43198
298,304.168
273,291.7992
315,283.0629
349,326.90692
341,372.8351
313,357.3731
357,344.0613
378,382.8917
326,346.2585
291,294.8689
286,269.85742
298,275.39703
289,279.85037
224,235.68109
178,154.76332
114,104.91656
72,75.15015
67,90.35257
102,104.06471
156,171.87288
255,289.36966
432,420.31232
435,471.7567
375,360.85806
285,299.1218
310,287.21008
297,315.50162
358,317.96844
333,365.45316
349,347.13104
392,374.21805
408,402.54538
342,360.48373
282,305.07523
308,281.96555
256,300.76242
269,268.46255
249,235.06584
188,171.12378
119,116.49443
82,78.976974
77,83.71025
105,108.17499
162,177.65613
289,280.35938
460,428.34036
443,493.2102
349,374.05603
299,290.48154
280,298.46582
306,294.72208
350,319.71973
393,355.04977
361,376.52374
439,392.55856
575,449.0741
415,463.56683
488,343.86374
288,376.86862
295,294.55692
288,297.91254
245,266.39365
170,189.29579
120,119.14204
105,88.869896
102,97.488266
110,125.29146
186,184.1849
329,304.79385
488,466.4981
485,501.34357
379,386.39008
347,302.79163
318,326.6933
368,332.71146
362,373.2749
417,391.13104
430,393.6973
425,444.07077
445,453.04144
404,404.475
369,372.98083
371,322.73663
334,339.13095
359,330.58316
304,292.52524
175,213.38867
119,124.181435
80,97.3031
114,94.44378
95,119.96784
195,186.5448
314,326.51807
531,484.1035
515,516.7865
399,420.51785
359,354.20834
325,357.0112
349,356.82855
415,373.99048
435,430.98138
477,446.7604
542,491.31577
487,534.7716
497,470.42303
480,457.1468
460,439.02405
403,426.99747
433,417.6118
407,408.6694
320,315.65906
208,219.30663
159,154.22656
130,139.0187
134,131.73166
167,173.50508
227,204.02548
266,262.11398
266,302.99637
318,322.42325
363,352.77463
368,378.1933
424,388.84943
451,437.08493
445,462.17966
467,457.85266
510,475.22076
526,499.1883
470,490.04663
454,458.3641
445,444.95905
458,436.3167
464,463.2098
469,438.55762
329,365.15265
247,255.99924
181,194.30539
167,153.5042
144,147.91241
164,165.09178
212,198.75856
216,223.03485
249,227.36517
337,295.89948
298,353.0581
329,326.29028
345,333.90707
372,350.33838
426,374.66827
408,399.74484
417,387.76978
386,393.7379
472,361.83914
372,399.9047
342,340.22348
306,340.19635
303,314.96185
265,265.64383
212,209.51566
152,137.84698
101,95.37763
126,86.88616
124,118.426865
163,174.3994
281,276.05136
401,411.1729
428,427.71466
373,364.97775
286,296.26865
268,274.8072
290,292.39398
333,312.52374
348,363.25406
291,352.0077
318,330.9595
351,361.77853
335,340.66702
285,300.56067
280,271.2518
238,274.5569
251,243.88887
211,213.24431
148,163.29448
92,105.3073
74,71.07113
91,91.33784
108,111.39988
174,169.68896
278,284.54755
408,422.7183
427,461.18033
315,371.64362
271,282.3434
261,283.8432
261,285.7715
291,305.1593
323,327.64612
341,336.8065
369,371.99484
311,392.4313
295,326.22702
303,284.38727
296,294.7379
269,276.32703
241,270.50842
238,224.08318
163,173.75294
122,107.11413
75,80.945625
88,87.9155
102,111.25122
183,179.6647
311,296.64545
434,422.0998
461,464.59177
401,362.4389
264,298.3872
257,272.358
318,277.58917
329,325.41794
358,350.0184
398,364.99026
487,417.33597
381,458.6424
402,368.81342
381,338.58807
312,322.04312
300,303.70523
305,292.00327
246,268.86176
153,181.04659
91,118.16391
66,80.17749
98,91.71025
111,120.331154
195,186.9205
330,324.1507
488,465.77612
468,515.17737
379,389.92154
324,306.67615
278,308.93488
334,315.09756
330,354.93195
333,383.57703
341,381.8816
393,414.78146
411,417.84473
356,388.21686
334,347.72345
307,326.4745
315,320.16428
326,329.37836
274,283.97998
175,196.92557
126,118.276505
101,86.84214
93,101.9332
130,113.297165
177,191.81825
329,311.7053
489,500.8958
460,501.97815
349,402.6945
316,338.81482
336,316.9855
410,353.55963
380,402.36438
395,403.5894
425,419.51273
449,468.67035
478,470.41016
456,451.32205
404,439.0955
419,393.31165
377,401.4379
436,409.26337
400,404.19464
311,318.24332
202,218.9085
120,155.4765
124,118.797615
145,136.05096
199,169.69563
194,217.9014
252,259.08942
313,292.41916
343,330.425
347,352.1672
379,363.36566
378,415.8267
456,415.2567
463,462.61108
514,462.46948
526,510.71783
460,501.22964
445,458.61176
463,435.5684
479,433.6965
448,449.0381
477,456.28116
407,441.27444
350,337.55875
297,258.97308
204,201.12007
158,157.85178
184,150.25365
180,167.6872
199,199.94424
219,216.01402
231,236.60735
292,293.63858
332,322.2345
325,343.06482
299,340.86856
338,327.51642
365,366.3407
361,377.38068
370,375.20837
351,367.80197
353,357.59357
327,341.24973
303,318.1944
330,315.88318
279,333.37268
287,258.29678
172,220.60849
128,128.57317
88,95.80732
84,98.76144
96,117.73236
195,171.42427
299,301.77017
450,426.4023
408,463.74384
312,350.19882
268,291.31696
245,262.81897
288,266.30237
286,312.55386
343,331.35757
334,334.4947
341,357.73718
326,374.6394
299,332.65982
228,279.84332
281,236.82013
238,274.63718
280,245.48334
225,224.03053
176,155.07306
107,112.24106
80,74.764854
78,85.61982
94,104.85355
165,175.79398
298,287.61398
432,441.70288
407,439.7648
296,325.59283
262,273.05872
286,256.74243
274,295.78653
278,296.68723
318,320.11887
345,340.6238
348,369.8554
363,376.14566
304,330.79276
278,276.05804
259,284.3081
234,262.8074
263,247.40929
235,231.46367
151,168.44104
98,111.4646
38,76.54952
80,76.48551
80,105.20177
168,173.69159
301,306.38535
473,438.67828
445,455.86334
330,348.27487
265,280.56732
267,273.37704
304,287.91727
312,310.90335
349,345.29382
391,363.74924
343,409.41745
393,402.51984
355,364.25787
315,333.6607
300,296.023
288,288.0544
260,293.86273
248,240.13576
157,172.01175
130,108.99304
80,85.09689
104,93.77246
96,111.24183
194,181.07254
322,318.0894
511,487.8803
408,491.1836
373,347.60474
306,304.11304
342,294.25375
355,345.39948
359,358.20798
363,372.99908
422,377.9655
385,411.07367
384,412.4368
363,364.43134
380,332.6111
326,343.65375
348,320.02692
304,332.5405
279,281.05814
189,196.69916
117,133.2309
100,85.701195
95,99.70182
116,112.29676
195,186.05934
338,316.6894
503,497.64474
477,482.50143
398,392.9481
326,335.4773
370,334.8669
416,378.38058
408,407.9173
424,419.90857
432,438.39868
478,450.53677
487,475.7063
450,465.29364
496,440.94608
462,435.7126
399,426.66956
454,417.8798
395,421.51343
292,311.0432
220,209.46063
174,155.99669
203,137.78596
154,146.20702
179,177.41241
223,209.97691
262,273.27148
296,312.1303
306,329.6885
318,338.5241
379,358.58832
362,406.95712
391,404.52185
441,432.83377
497,455.52142
466,507.28918
488,471.02646
467,470.50803
506,463.873
512,467.22272
528,469.74966
446,504.83145
463,431.93466
332,365.02005
275,261.8554
246,198.0228
239,178.51317
194,163.45958
184,167.79355
204,208.1544
219,220.24156
207,236.83278
315,276.6563
323,336.1976
353,336.43057
326,349.056
352,338.31314
372,365.2077
381,371.1005
380,374.786
408,372.87552
427,374.70435
434,380.20547
443,374.344
442,394.60663
372,391.37582
373,307.6748
422,498.8064
339,376.97244
224,286.2579
168,180.15506
126,144.44551
114,115.03359
180,150.81525
227,225.36855
258,307.8428
276,284.84692
209,243.61934
192,211.09233
222,209.70444
222,235.38498
238,230.1997
229,251.12534
273,260.24194
358,350.5821
410,452.44897
520,517.63763
542,568.8879
578,650.94446
758,721.9471
873,905.79895
869,905.2833
929,905.592
949,787.62427
576,625.97156
234,271.50986
121,138.40727
131,120.92588
139,138.55713
153,163.46944
189,210.15314
250,235.67216
277,288.92828
298,302.9668
297,331.47543
276,314.48254
301,315.5939
305,351.50735
412,390.67545
443,498.35397
517,539.9655
527,586.25104
642,620.8469
776,811.5843
953,812.6497
997,1011.94104
1054,989.45056
952,952.31604
637,684.0645
280,274.46466
124,149.97144
108,118.91112
99,115.25803
149,136.99658
171,186.3249
241,223.84488
256,284.5828
286,293.8826
296,293.2353
330,296.95877
251,316.2249
261,282.32138
286,307.60092
319,336.9733
322,325.87247
317,344.07278
341,358.7034
312,335.75262
228,244.77832
190,188.26021
123,138.02763
85,96.79029
71,85.50368
90,97.50348
96,101.748375
148,148.28664
206,198.4277
259,262.25815
233,232.19981
186,200.64238
155,170.23622
160,162.0717
185,168.2438
152,186.72623
168,173.34224
159,184.28812
195,211.98596
303,248.78972
290,322.57483
267,315.88306
324,321.75766
312,320.77402
214,227.952
177,166.99394
119,113.00737
97,80.16317
63,69.14706
75,83.77548
92,91.88497
149,152.55031
180,209.34387
299,263.62354
269,275.52887
178,203.9554
155,168.91109
176,165.36511
154,180.87163
162,165.09239
162,175.23586
172,179.71938
222,215.4238
288,311.6316
314,346.53284
346,368.30453
400,409.65222
385,404.92416
348,311.48663
245,263.27704
216,166.20654
192,144.6558
133,124.47676
102,97.42026
91,99.30215
147,150.36897
204,201.49927
265,279.85052
263,284.74237
173,203.75522
171,173.27733
159,173.10762
166,170.27702
137,180.549
149,165.90146
178,182.05942
237,231.42355
337,327.85175
373,391.09128
492,423.70477
636,516.82904
530,519.3929
419,426.0209
294,308.86972
210,210.75224
111,158.66827
90,106.58424
114,103.76399
98,109.979774
178,156.93265
244,225.05261
289,291.3553
283,292.84772
204,220.76567
162,187.96336
186,174.06181
187,194.87404
170,184.15228
181,184.6788
221,200.7208
265,261.01352
353,350.71335
387,406.45746
415,470.17868
537,538.98376
637,576.06445
543,548.0048
545,492.2686
436,441.4343
299,302.05597
239,198.87321
152,147.4834
125,119.19305
155,170.6444
215,216.47234
238,280.08914
265,269.8026
217,220.9887
210,200.08401
220,210.96498
214,219.57837
227,222.36292
249,226.55994
260,268.94525
299,337.71838
420,410.24457
485,519.5318
518,540.03156
559,607.0503
778,702.98303
847,891.2516
982,853.31555
993,994.9402
860,785.87915
531,625.61414
258,270.71317
140,140.95192
134,130.8574
143,140.50627
167,164.54858
232,211.92699
279,258.69803
302,300.7558
318,310.14044
286,325.9851
316,294.71133
352,326.389
360,381.69687
371,429.72598
424,451.81485
516,509.46393
533,573.7189
630,619.2399
775,766.05304
1015,859.625
935,1053.0801
986,989.45056
926,743.4575
583,678.29987
268,275.40036
114,142.84917
108,113.560005
80,107.20352
136,131.79674
181,182.50049
219,237.74586
263,271.92838
293,300.7481
283,295.37744
289,289.46606
243,288.38367
249,279.30057
267,298.0037
312,323.8145
365,325.8111
364,366.8231
382,395.26422
333,346.08972
256,250.95963
178,178.67575
155,123.33302
72,106.64035
80,77.12348
119,97.00079
93,105.38986
144,147.63847
186,200.44061
228,250.62474
206,222.82693
159,183.14276
169,156.38266
159,173.63489
167,171.53757
162,169.96956
150,175.84056
186,166.19728
172,209.92001
231,222.70192
243,262.87808
253,258.56235
304,298.6512
286,308.39267
216,224.65297
196,165.30554
138,127.76533
98,88.96894
98,72.21415
83,84.46771
92,92.58104
133,147.69705
177,189.33087
283,254.47409
241,254.7483
200,185.31229
174,175.73901
149,169.02986
163,160.72032
177,172.46838
179,176.25832
198,186.25153
219,219.1972
284,272.3644
307,309.58017
375,342.27377
446,423.00552
420,395.54834
341,319.03452
315,260.28745
177,209.88525
170,128.57509
114,124.47794
96,98.7576
85,97.44898
150,143.19629
202,197.35419
275,278.72086
268,262.5887
202,204.01797
179,186.27217
201,169.97844
193,187.32155
220,186.3246
210,191.01811
194,205.9129
303,240.4746
442,364.3085
539,442.37643
489,528.65576
529,541.19653
491,501.4342
370,420.59467
335,309.20383
204,212.52895
129,151.59926
83,107.44103
120,100.76354
96,110.208176
153,157.59314
214,223.70392
294,284.8192
252,288.57623
197,209.78459
215,181.2244
194,206.3378
212,196.28716
223,213.53699
189,208.87337
226,206.01967
304,282.6438
393,380.91028
451,437.67825
449,500.16254
555,528.2633
597,576.3955
516,546.6981
472,521.2889
429,406.67654
283,310.6073
180,198.87578
138,138.79797
132,115.84274
163,158.31975
193,214.12846
248,260.24268
260,266.21237
224,222.70413
237,218.17671
220,228.35303
224,225.54886
244,238.44847
260,245.58817
265,278.90497
348,334.1134
409,444.3038
507,508.92905
526,551.19073
608,593.84875
809,747.5196
849,909.40106
930,914.7289
898,975.6572
815,743.78925
559,544.04987
263,260.28574
123,149.46844
108,131.33258
148,139.21158
157,165.4868
214,211.17032
250,254.63037
293,284.86255
303,304.44296
351,304.7936
317,338.57202
352,345.79318
387,375.90134
441,437.97125
501,500.7523
564,549.0943
604,577.796
683,652.32776
766,838.64325
879,859.625
855,978.99054
870,988.6051
826,681.1244
557,570.526
310,275.5353
146,140.0502
125,116.44667
125,111.18393
161,145.72757
189,193.38196
217,229.48312
304,259.1534
313,312.5869
326,308.85214
304,321.2769
321,290.55087
304,306.05048
327,317.10052
451,349.99823
365,408.88663
363,370.25635
368,382.46176
335,346.03296
299,250.86926
184,200.29732
126,130.99168
87,84.37823
75,77.12262
89,98.63827
79,101.10364
123,147.99791
169,183.73013
236,242.67847
202,222.14435
151,180.74239
152,153.76309
128,156.94894
138,160.58437
155,154.44017
148,167.70213
177,172.22406
176,204.94177
247,235.35802
228,271.25674
285,249.81738
343,314.50906
308,336.46167
228,233.19449
151,171.57884
128,109.86939
73,93.271225
57,62.857243
88,82.457306
86,93.32808
123,140.39055
166,177.88188
279,247.93167
227,253.29483
156,188.25423
165,157.25821
148,157.87549
145,154.54291
151,162.15604
163,158.8935
182,182.7963
205,209.18489
257,268.05176
280,287.3745
379,341.46286
459,430.55063
410,429.06656
311,320.73502
294,256.9101
164,186.75177
141,129.49088
116,113.97798
100,99.64425
77,96.150566
130,137.86386
188,190.67198
260,268.8662
233,254.38763
209,196.36237
166,183.75146
194,165.0506
199,181.01753
208,192.0894
214,204.25687
240,211.32304
290,262.59
382,367.8356
578,428.59814
589,560.2631
718,573.43933
573,573.58075
411,417.51202
298,320.77292
193,208.89545
126,133.92232
86,99.309135
92,107.76501
75,97.42473
165,145.6832
209,221.9923
281,276.24582
284,269.98596
205,219.87186
193,192.77219
184,194.15884
174,198.19644
168,196.195
229,189.21106
263,244.0379
336,303.29587
383,412.57855
404,438.55057
434,491.7796
573,584.1697
550,606.3002
534,514.4899
411,465.90982
394,350.96457
276,290.03784
201,187.69395
133,137.86365
112,119.70838
135,160.45108
175,202.78601
247,243.69598
247,268.56604
203,221.14359
213,202.90906
203,213.15388
225,208.65808
252,230.66914
248,257.0792
274,276.46307
329,355.81375
435,425.2034
499,512.42975
563,541.23236
577,617.9106
727,723.6054
845,828.6128
905,933.7059
973,937.4715
845,822.58374
542,620.7115
242,265.95508
114,135.2858
119,125.266815
131,139.5399
170,161.13705
210,216.40216
292,241.30278
360,306.51254
341,348.2411
365,340.2028
339,360.17413
367,359.14026
376,392.71838
442,432.97794
532,508.15405
604,568.9139
608,604.94775
720,651.7762
878,819.8269
960,910.051
941,953.2488
1038,950.43744
881,661.6966
562,601.17206
280,263.7178
147,138.06456
122,121.38405
117,111.578545
147,146.474
203,187.78667
273,234.86412
301,298.67804
287,316.03256
322,290.6466
283,319.0666
310,279.6243
355,307.13495
351,355.53445
360,372.23627
309,362.44138
339,339.19162
421,358.07993
319,383.0325
304,236.6807
203,197.58807
158,137.22807
128,105.92312
80,90.90867
99,91.24189
88,97.83792
124,146.88293
175,182.69913
229,226.12126
227,211.7824
183,182.92793
147,167.43095
173,149.45721
180,172.25471
218,176.88092
202,191.05391
189,202.66478
194,209.00934
281,243.06752
269,282.2464
311,274.72745
339,336.58664
346,330.23865
326,250.28227
202,200.05261
144,132.63911
99,97.8148
76,71.42029
66,87.35191
82,91.72083
115,130.40698
172,169.87698
237,251.17683
229,238.00023
170,185.8064
160,163.22218
166,163.40616
191,168.49677
179,187.76266
183,185.0469
193,189.8074
208,219.35405
302,281.29968
284,322.7788
348,360.60974
415,417.62808
423,411.39017
313,359.63828
267,264.88895
182,178.56154
130,137.99306
78,106.06303
98,91.5774
73,89.86168
139,132.42406
149,194.5234
271,237.8952
261,255.3577
174,202.99034
182,164.7772
162,181.61539
192,182.85982
177,198.6689
175,192.4354
177,194.57198
269,226.1421
298,364.98083
344,353.92783
378,422.6794
474,479.9451
517,497.23895
397,423.10992
300,307.47858
220,206.41277
133,139.2555
122,96.86191
116,112.68115
89,95.937935
161,153.87227
188,198.99571
284,264.88022
266,282.3355
208,204.07455
194,192.45258
186,183.4944
211,192.95163
205,199.7359
225,196.97836
249,230.69987
280,305.5591
353,371.8033
423,407.9192
404,461.1684
517,491.57343
572,586.5256
577,514.12164
456,468.3891
349,401.832
284,265.78595
208,204.44373
161,141.68071
137,122.328964
179,159.30511
177,206.65189
249,243.5829
232,263.3375
226,217.22348
254,212.30176
294,234.68756
246,267.5391
258,248.7615
255,260.01993
285,275.24457
302,344.0287
409,414.84183
455,496.48035
481,524.36273
565,561.2721
686,735.9232
796,816.4995
825,851.5596
824,848.24603
698,675.79553
521,539.0543
215,273.37674
98,135.94902
126,119.31274
136,140.9366
152,172.3504
217,206.17427
268,259.7422
241,311.56415
287,291.50732
296,319.91098
295,317.42764
350,328.79956
358,380.62122
412,424.10846
427,498.95868
522,513.2495
501,573.3842
680,581.22754
729,812.50336
842,809.8745
817,920.1436
819,862.05676
651,684.2979
523,497.47748
240,275.3567
108,136.3309
80,120.10877
111,106.82318
132,140.91008
182,186.31786
239,228.45235
289,264.66544
275,298.74887
311,290.0118
323,305.97635
336,317.13278
337,337.1209
347,355.68515
341,371.5859
384,351.36557
407,381.21997
471,412.74078
503,442.2686
513,390.24963
251,268.52304
341,189.6932
401,185.02379
148,168.10286
89,120.44512
88,95.02415
105,117.34547
135,143.20995
171,179.14938
172,192.18979
128,164.1494
186,150.24924
147,183.3456
180,166.135
180,196.30911
206,208.6744
229,251.87129
262,293.4181
307,332.06027
334,333.88147
330,329.08878
451,355.0352
502,523.48096
722,663.095
1084,714.7092
718,1075.0181
743,700.3039
744,593.5059
409,367.63535
273,163.47517
142,179.0241
150,132.17249
141,155.2675
176,180.23232
168,194.44966
244,210.22981
282,259.44122
311,283.73685
417,315.6786
364,401.02997
295,375.64856
344,379.53436
408,436.6446
384,447.41498
459,411.39972
507,504.85635
514,641.51495
681,651.3819
955,767.6247
638,910.6734
552,526.3516
419,473.19296
280,297.2853
181,173.10034
146,148.15686
102,132.29066
108,122.47362
114,156.18564
164,153.05664
210,198.86987
218,244.09782
254,248.52405
240,271.40634
213,261.92545
226,249.53581
278,265.73682
246,304.2946
283,268.51135
260,275.57526
324,306.5973
276,321.1766
255,238.1499
181,205.66936
91,117.79653
68,78.13505
67,75.42339
82,72.28082
88,85.0045
99,123.82741
143,129.49998
155,160.85374
131,144.54256
120,121.748055
124,123.55419
95,127.98742
117,113.830055
114,133.88264
131,137.85359
138,146.26036
149,178.38058
378,189.40561
328,324.7041
113,250.95145
128,154.45819
169,151.50673
122,143.34041
109,88.45456
61,61.605537
51,42.93318
48,46.690735
50,57.35649
73,67.10133
85,94.3934
121,128.6845
156,167.39528
143,144.36476
116,124.928
100,119.761284
98,111.86942
117,117.98645
129,130.12984
128,132.77214
125,147.7444
166,160.15189
207,207.9838
162,214.17204
162,150.57689
184,178.39137
212,209.62135
178,166.41998
122,119.13248
69,75.831024
50,54.445633
48,50.447468
69,56.399734
76,76.83878
102,99.23142
130,133.49284
164,160.7486
142,155.29904
108,124.32091
106,114.57163
109,120.30552
114,125.40063
110,137.17265
140,129.81183
139,152.41289
163,188.2049
216,219.71063
206,221.98672
208,207.39606
287,235.00012
305,313.3159
204,267.34183
172,161.7322
144,110.74789
80,91.46413
64,60.938793
77,72.0158
86,80.21166
98,114.6124
140,135.25705
159,166.15027
152,155.0911
140,131.03432
133,125.757675
134,130.59668
157,130.25967
140,151.8255
126,148.70758
161,153.16124
200,210.37775
242,244.14038
236,243.99536
225,240.84998
269,268.9745
369,359.22516
270,314.52756
220,239.53659
139,177.20195
123,121.88922
97,103.45117
129,98.387375
96,100.60982
93,109.607796
129,131.11194
186,176.01566
165,183.80753
123,154.57375
136,143.52094
123,148.06384
172,153.8131
188,177.68234
183,192.21815
224,210.89267
266,268.33463
352,317.56265
306,356.00977
373,308.91586
371,405.14105
713,482.08643
748,702.3643
1022,772.94653
592,884.95465
394,589.1124
352,311.05365
209,271.94797
105,134.9415
98,104.853615
113,115.35686
136,143.35574
185,174.41118
216,196.8445
234,237.87419
228,246.36234
204,246.93413
257,238.66673
289,291.12924
324,315.7712
385,379.35083
387,453.25333
357,425.83203
372,397.21658
426,415.578
451,574.87646
557,558.4569
654,671.8499
599,548.4656
538,542.45233
496,420.49594
233,307.11063
128,157.05771
103,128.05121
86,116.516495
125,111.64204
128,150.78467
192,170.34186
230,214.14113
254,242.93813
207,252.31659
246,233.85904
265,252.27916
277,272.6669
314,291.96628
276,321.89078
237,275.09985
239,250.09282
263,284.25003
255,280.767
235,231.47797
185,171.72238
130,117.26618
124,91.47177
79,95.09483
91,80.39857
84,93.34278
91,110.644424
125,129.76505
153,159.20245
153,142.24333
106,131.77423
103,118.088196
129,107.077736
124,129.13889
124,132.68309
125,140.9595
143,148.42482
174,180.97157
166,226.4962
133,191.43292
154,128.57686
146,145.76244
179,155.90593
153,144.9791
122,113.69007
65,70.17408
45,48.27982
38,46.87394
49,53.325043
58,71.93294
97,86.76681
124,129.26445
167,165.4894
145,158.5888
113,124.863686
113,113.15045
115,110.153625
126,123.64124
137,130.32092
142,131.94183
157,152.80171
177,185.20819
195,197.746
189,178.46387
168,171.80057
203,177.79214
243,226.17456
167,187.84363
132,121.10007
68,75.45531
47,52.78816
40,44.75255
63,54.86935
68,75.990456
102,98.58463
146,132.85333
179,172.77527
155,160.8057
137,128.33318
121,127.23554
120,124.056885
118,128.69444
152,137.9064
139,150.6819
186,161.42558
282,208.18951
371,275.88968
356,310.92563
271,292.49152
205,274.49164
248,269.78763
173,229.39406
144,131.24695
118,101.79013
76,77.76871
64,57.00499
67,73.57141
72,82.60471
98,105.28605
168,143.13249
191,178.28557
173,172.46892
127,149.4938
140,126.01786
135,136.05414
150,136.89833
150,155.15404
154,151.19566
192,172.90472
246,233.93275
234,286.336
214,256.86023
234,228.95229
227,254.2752
293,283.42688
298,265.58734
194,225.36674
134,138.58759
98,108.26744
106,90.95598
84,109.02221
83,86.46793
107,102.5441
137,140.51578
162,185.89046
178,170.79218
165,148.0884
153,157.77538
156,153.30322
177,169.45451
181,183.32068
200,191.29633
219,223.44783
308,271.14188
314,347.95294
330,326.21817
332,327.17847
327,350.9732
435,466.16656
553,533.93286
483,653.87256
536,461.65207
697,579.5137
656,631.5734
295,385.62183
109,129.56142
113,106.596085
122,121.83008
136,142.63136
182,181.31068
216,208.63844
205,240.93408
264,231.63074
249,265.58017
275,269.3744
301,307.24652
303,326.38654
370,372.29733
423,424.71487
426,440.9317
422,406.9068
443,441.65527
508,522.6341
560,673.73895
622,571.87744
612,587.91644
546,611.0725
529,503.66364
357,365.88303
270,154.10213
125,179.17615
119,115.455864
118,121.643005
166,142.03143
178,193.1383
228,204.35858
239,248.0847
252,246.00612
252,259.27933
248,263.66626
289,269.01114
298,304.3349
435,305.52322
311,387.03918
278,293.44797
248,298.86798
231,280.53693
173,232.30688
119,136.4474
78,94.46392
61,75.604385
48,71.105705
69,71.09087
74,94.536156
94,104.75383
133,130.3725
153,158.03412
156,145.31265
136,130.9463
109,130.51689
100,120.83219
124,120.908554
130,133.63779
135,133.07571
134,147.57092
174,168.30446
150,206.45972
150,166.00426
142,147.79263
167,142.73247
163,171.03436
129,133.83286
87,98.97228
63,60.33368
39,45.017086
56,42.263496
66,57.20039
69,72.89345
106,99.78289
107,133.64233
164,159.73846
134,157.79543
126,124.177765
90,121.9815
111,110.829254
120,121.75524
101,134.02599
125,128.32892
129,146.031
160,169.8137
188,183.84354
193,175.57504
167,169.7968
212,187.75975
237,231.88902
178,177.69606
130,116.590294
92,74.86658
46,52.851852
49,46.907207
71,64.50642
70,77.85668
95,107.629166
126,126.566795
180,169.83928
156,159.15498
123,137.00275
120,115.294044
136,125.3641
157,133.63483
133,149.13005
185,134.59485
212,178.31625
229,239.59181
257,261.5753
317,262.6578
337,272.15054
364,316.8752
447,355.4716
259,265.3578
139,186.7913
89,103.202484
86,66.28857
67,65.10962
75,72.60829
80,84.09372
94,104.81156
131,138.34734
156,184.07542
155,166.40668
119,137.84314
117,125.823555
134,131.01369
131,150.0604
139,144.9184
242,158.37964
231,245.22551
225,268.08524
261,262.10986
259,264.9648
225,261.62567
231,270.97748
330,311.436
430,340.31824
375,265.82684
160,178.84706
118,117.543106
115,98.32574
112,90.28365
98,92.27338
139,109.33589
128,143.51958
151,166.01157
134,164.30566
151,128.16956
128,145.8576
137,145.37555
159,156.58234
181,172.5468
212,207.40675
215,242.43735
264,269.45178
289,317.20624
335,324.67676
320,328.92413
340,352.98993
398,454.5901
427,516.8877
541,567.384
553,528.6497
505,524.79095
382,386.15387
258,250.01276
132,143.37645
127,125.1708
98,128.47853
106,127.140564
150,146.0517
204,195.08522
222,224.4032
206,238.74934
217,231.52684
228,241.67606
218,259.2714
254,257.3274
318,318.8438
336,381.02036
364,374.95264
361,397.14
418,415.81635
508,511.40067
533,624.5569
579,591.65796
549,585.3548
436,479.93286
397,372.96646
211,275.99237
147,148.15695
129,128.79538
96,113.65723
115,110.76014
160,136.90898
176,188.6501
173,210.52138
179,204.13387
199,207.1172
214,221.08264
224,226.49179
201,247.06282
269,254.80582
242,294.15924
202,260.99493
236,223.31987
190,256.12125
196,226.58736
180,209.01099
137,131.3759
84,87.46095
77,60.85768
49,64.06479
69,72.7591
88,85.03026
107,103.95665
128,135.5115
146,157.80507
130,152.11676
122,122.19166
117,117.04308
114,113.71009
110,124.6403
129,126.14465
152,133.77058
145,149.77335
182,172.85196
179,177.99333
171,159.73985
126,152.01672
123,144.73361
143,151.19366
131,124.8308
100,97.42306
71,63.49228
38,46.00123
50,44.003212
53,54.986523
68,70.64387
111,102.57963
115,131.78317
150,157.91545
136,143.38382
112,125.16016
109,110.38938
138,119.293205
112,130.96742
116,129.49391
113,127.874275
130,131.43115
156,168.75237
200,183.89333
167,188.83832
160,155.94272
163,177.07576
177,186.53714
151,160.36873
117,109.364105
75,71.202896
46,47.57677
39,48.473072
53,64.96128
63,71.64504
101,103.59663
137,131.05049
163,173.10335
141,153.95683
122,125.78176
121,122.48992
112,129.28467
136,120.77824
132,136.45398
153,130.79054
142,172.15063
204,182.66237
184,244.65706
206,201.63692
185,219.10168
183,210.55966
221,199.5782
194,187.30772
140,137.1888
102,98.894424
86,71.59723
54,63.907703
78,70.014
92,81.11227
106,107.47345
162,142.48405
161,172.71603
155,154.95973
149,135.11653
145,135.43831
151,134.81311
127,150.51451
147,138.81924
187,155.56845
211,193.25418
234,239.12027
221,252.85863
224,223.70193
205,217.75424
416,221.30103
297,384.17355
301,270.01944
309,235.43166
293,178.38637
372,160.89752
125,190.48701
93,110.34562
99,97.321236
122,115.638985
145,140.20544
159,165.59172
151,165.05112
229,151.72266
320,186.10783
292,222.2148
164,224.56934
182,175.23807
216,201.63487
217,237.98622
237,269.37784
252,289.84384
285,289.70468
293,303.64273
301,350.8352
299,415.50937
424,450.62146
449,451.25024
364,471.52646
368,321.89578
306,302.25665
300,221.70912
207,142.42137
110,170.43832
109,119.33527
126,131.79222
174,164.28732
206,220.90364
229,243.15364
214,252.83331
236,225.38469
216,254.26247
242,251.91377
242,276.95062
302,309.793
357,357.22827
302,366.99316
339,329.24045
388,392.04086
467,464.96646
503,604.6107
501,517.0492
491,472.96884
401,449.9636
356,369.5016
237,275.2731
105,155.55414
93,112.18578
84,99.16507
92,108.115204
147,143.63202
210,183.84546
197,225.77702
206,217.72137
212,216.04791
228,225.68948
234,236.647
269,257.20776
300,290.299
281,308.17142
281,262.3241
324,264.9852
461,309.04712
339,419.5517
357,280.6747
166,142.13165
100,114.39017
68,77.567085
80,83.147255
112,115.62193
124,117.63662
153,154.10275
199,203.84337
232,238.78085
223,238.87993
180,220.07681
182,194.97449
202,209.73354
216,229.24457
264,243.919
272,285.53897
282,303.27756
271,306.0039
303,293.98022
283,296.57126
300,288.007
335,312.72543
269,308.33545
242,260.71667
202,210.09453
159,165.88104
134,128.0097
121,119.83344
151,137.87276
164,137.99727
159,161.06354
160,172.12265
204,208.13426
199,229.08304
221,224.53842
238,244.9959
227,256.77808
266,248.84366
275,285.64343
314,291.59915
314,331.0825
316,329.8969
319,342.74545
329,328.3278
343,318.82837
310,338.83432
275,300.47034
268,276.65842
198,239.88782
207,169.6169
155,154.10677
116,136.4033
141,145.46301
124,142.9377
136,146.78828
157,149.71123
170,169.75871
226,203.62169
201,245.64767
230,224.83353
212,233.73041
256,233.70631
250,259.59024
246,265.12335
225,256.71384
247,245.20589
289,255.18332
239,269.74286
261,234.6249
214,253.23886
192,208.60252
181,188.92415
129,143.00807
100,100.107086
69,81.29476
74,71.79663
124,109.60693
127,125.12289
182,171.12994
196,216.14786
218,242.78575
216,218.79388
213,198.37206
174,192.71585
186,186.56389
204,194.80183
217,217.08673
225,226.37024
216,237.98685
241,244.7677
237,237.74059
211,219.42873
228,202.25014
222,223.66112
173,203.98253
166,164.62592
98,113.37766
73,69.193436
40,48.06987
70,63.830025
122,91.34894
101,103.23034
137,152.95045
172,198.9248
231,211.06448
215,218.32913
220,204.30817
154,195.96716
190,173.03705
186,195.08383
210,217.0186
204,230.106
232,229.07109
227,256.05148
251,242.1544
192,230.73244
222,204.13217
211,222.24153
189,192.22511
141,167.00655
117,106.91327
78,83.77898
76,55.088264
62,61.93519
93,97.49885
91,99.442825
145,145.51587
183,191.1053
230,234.25465
220,217.0578
187,207.4921
217,180.31378
179,209.67712
207,192.51405
179,225.67676
250,203.86267
190,258.4647
214,228.74074
271,241.46977
226,249.80962
226,215.38092
241,225.43909
227,215.80927
178,182.24551
126,123.45618
78,88.31321
63,61.246716
66,71.78666
92,88.305786
100,105.41064
144,150.70274
192,192.82335
222,231.08073
199,216.72525
216,192.55064
190,210.75955
177,191.81198
208,208.29324
228,222.29964
228,245.9923
234,233.58086
266,248.17741
227,274.19562
218,229.55775
207,213.4541
242,229.95131
199,224.80357
185,184.13084
145,150.34763
120,107.38628
72,84.497314
91,79.10024
112,111.173515
123,120.210014
147,154.4467
186,197.71461
242,227.37193
225,228.0594
211,212.82326
166,202.68916
202,193.0467
217,221.84853
241,245.88306
239,257.66748
265,266.66772
250,292.63123
294,273.47586
261,292.79752
288,264.84027
268,302.34662
271,264.51602
256,258.4367
201,207.96782
173,165.15382
124,130.59358
127,119.225174
141,138.95837
158,137.24397
155,159.80295
151,170.9597
171,198.1592
211,218.08438
229,236.30978
220,243.19606
224,245.84775
231,251.08936
272,258.84363
281,286.8162
273,306.2331
277,301.23993
300,318.0984
304,302.05945
329,305.28592
318,317.02155
279,300.52625
278,271.74994
223,246.24646
205,186.0
157,152.85275
175,134.08684
180,148.5934
118,145.74004
142,137.25182
141,150.34737
161,164.30838
216,203.83836
232,238.61871
218,239.28119
238,221.01715
223,240.02072
243,234.82669
251,252.70686
274,254.98386
279,270.74542
241,280.9302
245,234.32304
238,241.29912
229,231.74693
217,209.68086
224,189.89262
129,158.31602
111,98.06728
85,81.11337
85,75.06457
119,112.93067
120,131.12994
157,170.53783
173,203.44989
222,227.72743
218,215.61026
208,203.37314
175,186.3661
164,186.78596
234,184.85814
207,234.07283
226,222.72859
245,240.37177
231,256.08014
220,232.15324
207,205.19598
223,200.1396
183,218.95764
195,173.39545
168,166.23418
133,111.99267
86,78.52475
56,51.518078
64,67.317116
109,91.56741
95,106.71397
145,143.13869
163,193.09694
218,223.96385
220,212.87202
236,205.30276
168,198.79483
175,178.37213
206,193.07677
230,221.83476
218,226.37209
209,238.47345
259,232.87758
273,251.61104
209,228.63039
223,208.75565
225,213.19931
219,207.88124
167,175.90915
127,120.500305
92,89.09681
43,67.6575
74,56.163784
83,97.55611
108,97.78417
127,152.48428
196,181.92545
240,232.4998
218,218.8934
204,208.33492
201,193.59198
187,192.23502
215,202.83543
238,227.83337
245,239.60606
261,242.8526
349,272.0564
344,318.72647
453,281.813
231,388.3059
235,232.15648
170,218.81245
170,169.66515
118,126.38941
89,86.86252
71,60.279076
72,73.619965
97,93.92319
111,109.12992
160,145.21326
179,202.04057
249,228.5081
227,221.57729
214,207.37051
203,201.04268
230,199.25266
223,237.28653
258,240.99055
252,259.19382
267,262.12082
269,285.09613
267,273.5508
220,268.52277
281,213.18689
249,268.5152
229,218.3864
199,191.62695
159,155.38297
94,112.58117
83,71.80904
80,84.385895
129,108.56699
112,125.55014
155,152.01476
183,197.0044
232,233.12991
233,228.89384
196,217.78723
187,192.87234
231,206.05925
198,234.05981
253,238.3702
259,265.9623
300,283.686
286,309.4079
295,306.49072
291,280.07733
328,289.11188
289,329.62625
274,283.3001
282,259.0472
218,224.30832
177,170.25574
131,132.65898
113,117.6419
148,136.56252
129,143.79526
158,153.65422
156,165.11505
208,197.20996
208,226.44858
220,228.3639
226,234.23456
245,238.83592
260,256.39337
312,276.5674
325,310.48874
313,324.39304
296,325.09497
299,314.1998
297,303.53906
339,309.95844
338,328.2862
279,314.85565
271,273.38437
247,230.11
229,201.6528
175,161.77716
158,136.69518
155,156.97363
110,129.50711
148,141.06291
147,151.36017
188,168.9927
202,217.0216
218,231.3738
234,229.85075
252,232.52086
218,251.46617
266,235.6076
271,261.60742
257,271.2673
291,268.05887
302,281.1249
288,270.80002
258,266.98105
266,249.14243
225,240.4443
170,208.1215
164,124.124275
96,113.66616
81,79.89313
82,79.732216
117,113.55791
107,126.51806
160,167.73845
205,189.89394
213,233.41902
203,207.91846
183,195.05537
188,173.69897
173,188.84917
179,188.58615
183,203.10718
226,204.4193
209,239.26518
263,234.13748
272,250.41327
192,241.1996
252,200.90657
282,234.43347
177,240.97397
162,156.30595
97,115.62713
69,70.79982
58,49.128864
61,67.17525
83,105.08538
99,99.844376
143,148.9217
200,185.3623
199,226.3188
185,205.94017
194,194.97621
176,179.46667
171,181.54836
193,189.63829
213,208.17424
213,221.36736
215,226.7399
228,249.206
251,252.02788
171,221.41875
243,205.30177
218,234.18246
182,195.91422
168,164.4308
121,114.610535
82,83.69063
58,54.241425
67,61.80596
80,92.894325
108,102.383316
160,149.49559
181,202.65529
207,221.07646
228,202.90865
202,203.01904
187,193.30038
171,186.00206
217,198.68056
262,233.56491
282,249.74977
313,272.68375
235,308.99588
269,255.55249
303,261.61725
296,265.85263
263,268.97342
241,226.35051
212,188.83066
137,135.05972
80,89.731995
62,61.530533
80,69.90812
104,94.62606
105,109.645805
141,154.23108
183,189.62473
231,220.91074
217,227.53111
200,204.60399
153,197.12128
179,182.34727
200,206.62352
202,236.26978
244,238.68535
205,271.548
250,240.97726
264,260.58133
222,247.44402
225,228.77905
224,244.26938
224,222.59929
194,202.50496
143,154.37085
110,99.83978
89,76.0136
79,84.04963
117,111.57213
109,120.27586
149,150.03969
165,190.07816
226,219.8803
201,222.40887
198,199.5744
174,187.74492
200,192.20453
224,211.96623
233,241.2381
259,252.51035
291,273.93414
270,304.01047
297,294.4687
300,287.02097
323,285.69113
368,304.27542
281,327.39426
245,263.67288
247,203.29494
160,182.14038
153,126.980484
127,123.858925
174,135.55606
143,145.62675
167,155.38524
177,167.39687
200,204.7698
272,218.96149
241,251.47038
245,237.40807
263,242.771
324,265.63742
294,311.05942
320,299.2305
344,326.80737
324,334.06894
332,325.5417
361,314.40945
364,339.22858
350,353.45258
342,320.96036
293,301.20926
324,245.80385
236,230.34903
173,168.43675
146,146.81638
154,154.46873
132,125.874695
170,147.31096
166,163.45955
168,181.32495
208,219.17993
241,230.05106
221,242.06917
223,231.78851
253,232.94624
270,253.83011
263,263.3186
259,263.5089
268,270.098
264,278.3635
270,256.28232
275,259.1674
256,262.43805
218,232.00908
199,184.71562
170,137.02155
113,110.18567
78,80.16403
81,78.2274
127,113.55791
127,125.407425
174,167.34608
238,209.84189
232,238.7695
202,215.26514
201,194.85039
179,185.3372
169,178.53972
194,187.04942
219,204.92867
207,224.98224
227,216.59573
225,243.53583
236,231.42123
210,211.0473
235,205.0274
201,224.16978
188,182.30737
159,161.67157
107,107.20561
83,72.319534
67,57.630726
75,63.79441
96,106.46389
103,105.50351
167,152.32323
150,201.95885
191,215.0596
194,200.0965
187,191.63158
174,176.62273
177,175.39156
173,191.0545
183,202.01549
212,200.31978
227,224.76538
226,241.78603
219,240.83128
237,201.78078
221,226.08215
207,215.81253
206,193.41736
183,171.94476
152,123.532234
79,89.28643
58,58.427864
67,65.65562
103,88.14697
91,110.23203
146,154.7611
170,182.33081
217,212.81099
218,208.8628
176,198.34105
167,180.85991
190,177.3125
183,201.69783
208,208.44728
205,226.97217
231,236.22018
233,250.52007
251,242.43524
247,248.00438
208,235.81424
239,220.76872
207,224.06677
191,183.63005
140,134.39172
95,86.42614
88,65.29175
79,77.10493
100,102.178665
98,104.7197
138,150.68562
184,186.03542
191,226.71245
215,205.89726
188,194.9109
171,179.05911
188,184.5556
203,200.4862
220,218.3373
251,228.30951
237,254.18324
252,254.40126
238,262.6576
240,225.64957
237,222.22714
217,241.1875
240,212.37396
217,204.76474
148,157.36351
99,111.61408
87,83.92741
90,83.21938
134,113.67059
124,118.629295
172,151.091
173,198.5623
233,211.57954
228,223.37314
192,207.9427
186,186.06909
200,201.66951
238,215.90808
263,246.23628
258,268.3185
314,279.58728
295,315.56055
309,301.75403
319,294.85007
287,303.16537
318,287.841
299,301.03366
269,275.80298
208,215.59686
169,165.15793
135,130.44344
135,119.294174
137,145.56874
146,136.37784
138,160.00095
148,158.28809
198,195.12851
190,225.23642
219,220.91522
218,228.9424
213,234.63597
228,243.60204
268,256.16693
242,289.74826
319,278.79916
339,323.7893
301,338.48965
337,310.0355
345,326.58606
322,343.36664
309,311.81985
278,292.43628
211,234.79814
182,184.0676
142,148.83148
157,137.03253
161,149.86497
135,129.69713
130,143.36069
130,146.39568
160,167.29927
207,199.9913
211,231.97324
201,219.82225
196,216.64378
221,212.29997
230,241.26753
253,238.26048
264,258.19095
274,271.88614
289,272.4025
282,272.6811
292,266.86053
197,276.9916
192,201.80113
193,187.08118
140,141.32579
81,89.07169
55,59.137943
51,61.924347
94,79.85222
108,122.93882
188,176.0702
307,260.35
303,326.45352
292,286.60876
252,264.61984
214,246.25616
246,239.91681
237,250.30571
263,258.04355
274,278.8029
260,314.14697
301,307.9312
312,330.53735
334,307.24826
299,296.83472
309,275.80038
340,305.3816
262,299.62637
201,201.7338
145,143.94489
78,94.34465
82,70.039986
91,86.099365
122,105.45143
137,147.96684
180,177.51425
185,218.36247
220,247.79059
251,260.62592
265,269.20535
252,272.2156
270,268.35776
317,286.71692
279,305.07248
298,295.68704
333,320.48737
325,350.45502
328,324.00162
286,302.06128
291,307.69983
313,312.76614
305,300.29935
244,247.04594
140,168.39095
113,97.91675
101,92.5654
107,94.61867
100,96.21007
92,116.5303
142,142.92574
193,176.37276
231,237.5576
271,268.56482
285,275.12653
268,275.5242
275,256.7696
286,275.46066
249,275.4014
263,249.79153
202,263.04364
282,236.05411
242,264.15292
245,233.9588
234,233.53171
229,229.56497
215,204.15617
150,144.86444
94,82.47005
54,59.253574
50,55.89181
80,78.01061
117,114.639984
182,162.7476
263,262.37357
283,308.8935
253,246.02113
233,219.04475
190,219.08125
208,197.5153
225,207.78258
231,232.36565
204,231.33533
206,225.51228
251,237.45804
231,259.3949
198,220.26971
183,187.66013
185,183.869
173,185.22774
191,157.51404
98,110.05459
62,66.9386
46,43.544975
33,44.12272
56,63.563606
102,108.72028
186,164.13708
261,265.6261
322,310.4487
244,269.74216
230,222.2105
211,205.86284
225,217.1691
205,224.44249
219,228.50244
210,226.22493
199,219.5267
240,252.22005
273,250.62286
227,236.0765
188,206.90097
204,198.8057
210,208.25136
199,176.56197
118,121.827
66,69.31756
42,50.312035
50,45.50409
82,68.20107
107,108.2543
177,180.714
252,272.16888
350,314.91983
258,287.004
233,232.88622
209,227.33691
196,218.67729
228,219.3422
226,238.12906
213,231.82875
246,228.70374
291,280.79813
277,291.1124
270,258.9489
241,223.11214
246,226.36417
222,232.71759
171,192.02544
121,120.86978
70,70.76604
26,49.799175
47,45.39675
63,73.32632
96,104.92999
170,183.10439
274,268.93622
318,329.3867
302,276.52042
258,254.33356
207,234.04599
205,217.05333
219,227.15332
231,244.27235
211,235.676
236,240.54518
312,283.52643
290,306.6628
266,269.5134
223,248.10175
193,228.2536
228,213.20045
205,200.35011
149,140.88951
67,93.73699
55,50.917854
55,59.497513
85,82.76841
129,116.041725
196,183.2748
254,282.27295
316,304.6968
266,294.7925
235,252.37857
213,225.87405
236,227.88503
264,238.3902
271,265.42697
250,270.83362
248,263.51846
298,294.8519
360,318.01453
301,337.0287
292,279.4071
296,289.5384
268,305.72656
231,257.78912
195,189.99646
145,138.9222
101,91.44744
77,78.79887
70,88.64235
106,102.99704
141,142.81438
149,175.66086
203,199.72337
256,249.925
267,269.36633
244,275.02213
276,259.26648
238,282.81256
268,266.06284
254,275.088
263,282.49066
298,299.6014
327,335.71902
272,319.13028
301,273.47272
297,300.7701
272,312.76874
278,274.76984
237,233.67885
171,157.24973
86,111.38198
95,87.66527
77,87.41613
104,90.87511
105,113.04148
157,139.67638
191,188.95856
205,243.0402
277,253.87128
253,278.3136
242,264.00073
269,242.55309
265,268.8169
241,251.78183
239,247.116
251,250.1522
256,264.435
228,232.8466
248,224.7997
221,238.67659
244,221.16927
203,209.78183
129,144.14926
72,74.195404
59,51.538086
49,53.96337
76,77.4654
121,114.99282
168,176.87901
283,258.61288
295,312.9811
257,245.59766
291,224.47066
210,247.36174
232,211.24736
198,231.89561
218,222.53099
246,223.69615
220,245.94362
225,245.44951
240,241.17102
212,208.90189
166,190.61626
185,178.2959
205,178.92729
127,172.85808
106,92.508064
59,66.65248
44,44.2833
35,42.424274
57,63.20959
97,104.95341
165,174.06038
262,266.87115
305,317.9741
271,256.9304
214,245.3505
206,208.55803
215,222.323
196,212.83237
269,217.34535
246,258.63925
229,237.85693
255,258.1212
240,264.24533
212,219.44566
209,190.05849
194,205.03667
173,207.64659
156,165.09087
104,111.20465
82,66.499825
35,48.250046
33,44.623608
70,69.250626
97,104.81515
173,172.37604
263,267.93246
292,322.41696
260,271.9678
231,224.96167
211,214.40424
226,213.48987
224,225.07045
217,245.55588
208,229.01389
257,235.80257
323,288.19394
413,302.56784
353,336.27835
230,276.89246
195,224.15186
197,209.04988
150,172.08731
102,111.55403
76,68.4634
65,47.62138
45,48.000317
76,71.27026
108,103.68889
185,173.60646
297,275.22952
333,319.85388
312,288.0006
220,257.6452
230,214.67648
235,225.27802
224,231.94304
231,237.70583
232,224.7188
235,250.53125
292,289.6829
283,312.86008
239,273.7468
240,224.20366
261,222.16588
219,242.1211
179,186.81503
139,132.24435
104,84.35313
59,63.06292
63,56.01371
92,84.96069
118,119.24797
181,185.0177
273,262.1808
319,316.8411
286,286.6339
230,243.87326
219,225.75139
244,236.79634
239,245.3611
265,255.40782
242,265.7471
288,258.08035
341,311.8684
350,359.88583
305,323.46564
303,282.4492
302,296.36224
274,296.64105
314,257.9418
215,220.04144
146,151.91779
90,100.610916
58,78.2767
90,83.49961
107,105.10262
137,144.1246
178,173.12657
194,215.02408
253,249.61069
271,268.6675
256,272.52774
245,265.67612
289,258.21762
307,290.311
310,294.4465
323,311.9416
302,337.25928
374,322.8885
308,338.97464
318,294.16306
279,310.29633
317,293.32684
272,305.4869
206,234.13849
175,163.47636
110,106.87527
90,82.2395
96,94.34866
90,100.13127
115,108.96456
174,150.47327
178,192.86151
264,231.7481
271,287.1718
297,270.09967
299,280.2134
287,283.611
309,280.28137
283,283.9399
312,268.54175
295,293.9404
379,285.02466
311,304.1709
288,272.39355
224,261.63702
229,229.33698
197,205.24786
160,130.5598
81,86.37125
46,54.78364
39,49.947792
88,75.14426
85,115.562584
178,164.12231
268,260.528
289,307.55945
228,251.75575
224,217.81758
179,218.15544
199,200.15758
201,212.57385
232,221.27681
195,235.19841
211,215.67172
240,243.52034
235,243.1281
207,211.9934
199,189.10501
189,191.18205
180,187.55402
168,159.60327
107,113.065186
59,63.904163
42,42.277252
37,37.47781
66,59.94099
85,97.84895
163,171.96945
241,266.0584
282,306.285
266,252.46638
183,221.24889
193,185.91467
233,203.24417
202,221.87868
188,227.59831
203,215.88803
223,219.20433
224,253.37782
251,244.92145
206,223.60165
193,199.63512
194,198.46146
174,195.574
153,163.37158
107,110.21184
76,67.47836
40,42.887516
56,44.32367
66,77.25749
104,99.64509
175,172.62831
242,258.96152
281,309.57324
306,256.84402
268,229.7795
218,227.53835
233,227.76779
235,229.27187
285,226.2651
236,253.41484
248,249.55927
274,278.31046
421,293.055
397,343.76788
288,296.98605
233,250.44615
211,219.3047
220,172.5248
114,129.4801
72,72.05039
46,49.42494
40,48.546764
80,71.72444
102,109.832405
203,183.34134
282,277.88217
319,318.2393
272,304.63864
250,251.0302
225,231.75418
205,236.17122
209,223.29025
217,238.74596
210,233.13885
242,236.98373
270,284.96906
274,301.9792
224,270.223
197,231.98564
224,219.34097
221,225.02188
183,201.11423
106,134.4598
84,76.09473
54,55.51387
66,53.336754
86,91.004974
114,111.89515
199,187.45056
272,279.20773
283,317.6875
298,275.34775
237,254.84195
205,225.93625
225,224.74304
234,234.47804
269,247.12775
271,255.5683
247,275.39722
306,287.0152
321,325.2364
323,301.63647
296,291.59955
221,291.61285
309,247.49612
247,280.70837
210,193.50598
160,145.70201
83,99.762695
82,72.779076
81,89.56749
107,101.822266
141,140.24422
182,179.44551
191,203.5897
258,250.76787
266,275.62784
263,266.20367
266,263.85104
243,270.16437
256,271.57584
277,272.6892
309,289.54285
294,318.24002
320,316.66617
288,313.9926
280,286.93094
269,277.38452
289,297.39615
258,276.7271
216,221.42114
145,168.8309
111,101.01668
77,91.64356
102,87.4969
107,100.40577
119,112.71478
172,155.69586
172,191.86542
235,230.53822
273,271.95792
278,282.656
266,278.8276
241,259.62546
252,255.37881
240,248.5887
224,253.63397
287,244.47746
265,285.36023
230,248.99635
253,231.12152
200,236.28566
224,212.10709
199,203.68204
154,145.87851
82,88.35252
54,53.073803
47,48.759975
82,78.84686
100,111.44722
208,174.41837
247,282.06522
277,288.1966
223,244.03426
220,216.08893
223,200.75214
200,218.8
200,206.30048
223,222.3021
198,221.57161
190,210.41933
240,227.19228
246,241.41095
212,215.23993
185,192.17877
155,185.71426
166,170.26767
164,157.61453
85,111.99836
61,56.28171
44,42.43886
53,38.980724
61,63.74501
96,96.94407
154,172.67966
208,256.24374
285,285.85767
245,248.3067
193,213.40733
187,199.61214
198,201.66309
216,205.16661
218,225.73921
198,215.32625
211,210.78915
220,244.07059
246,244.42575
239,217.61427
190,203.84174
157,185.02983
194,174.58725
163,163.66489
121,103.82889
67,72.33462
44,43.52384
31,51.357098
54,66.97306
91,99.82523
177,166.76726
216,242.80159
271,290.29785
263,249.54634
237,220.8392
201,211.40811
210,210.07233
210,223.7216
224,229.05362
216,221.70119
230,236.56256
287,262.24548
271,315.63104
203,272.579
236,211.85242
188,218.88008
223,203.99872
149,184.30026
131,111.47908
92,74.31879
60,51.56499
54,46.628834
68,72.759
96,101.529594
202,184.5648
266,263.62296
302,309.17084
276,276.218
247,241.16124
206,223.15103
266,209.26492
249,244.92863
261,247.65791
225,240.61742
255,242.7192
284,291.08734
309,291.39124
303,256.71805
273,253.78276
285,240.51765
268,258.9962
261,205.5741
309,161.32016
134,141.22578
72,73.11102
68,63.95666
87,86.016045
121,111.21349
209,194.53116
242,279.1549
276,299.62003
263,274.99432
238,242.19753
232,220.75835
226,244.77043
253,241.89946
263,268.30386
277,257.20352
278,279.98633
285,308.7366
340,327.16187
338,323.3288
344,302.792
322,317.9069
305,322.8413
298,284.6244
252,235.87625
164,166.94688
108,101.767426
97,83.939705
86,85.57674
112,103.41032
121,147.7916
175,175.41927
221,200.6729
242,258.54752
256,267.82285
245,266.12003
270,257.4505
280,268.60114
292,281.2448
283,289.1735
278,297.16754
337,299.7593
298,347.5775
346,295.60806
343,315.26352
350,321.97556
312,334.96292
343,294.14148
277,250.47826
212,191.5966
128,129.26724
94,98.64985
107,91.850395
104,105.7466
122,119.34979
137,162.58339
187,178.1966
225,233.99585
247,265.63217
272,262.0965
269,271.46683
264,264.2449
256,260.62225
288,246.1635
314,268.10687
290,309.40192
314,277.55896
311,272.65366
298,275.02704
305,264.12076
267,274.21802
305,223.51721
128,151.12857
120,110.4409
77,96.606926
63,70.649124
64,84.863014
103,93.56181
139,129.36397
159,170.43034
195,212.16814
167,215.5375
180,188.07576
187,191.15378
168,193.2766
153,186.26012
162,173.783
163,183.71643
206,197.41365
207,259.62027
296,264.50195
306,307.7564
234,282.746
249,238.00822
254,276.0463
281,271.28406
276,255.69496
244,228.28183
173,194.86314
137,139.93753
120,105.075386
65,76.34283
61,69.19812
85,76.726074
96,118.9128
126,146.15428
190,174.99895
171,212.80641
168,202.83177
185,187.80598
180,194.47644
188,195.39984
189,215.74718
222,236.87553
242,264.98517
294,268.00058
264,273.5976
267,269.15326
262,285.91583
273,278.01996
260,260.05423
244,238.23558
206,201.7554
156,170.46556
109,117.28472
67,77.14282
68,69.945854
68,77.64775
112,96.79087
136,142.31908
175,181.99991
153,196.89584
209,174.10722
189,202.6094
183,184.291
197,178.9076
189,191.60847
175,201.46762
186,201.35645
151,179.7072
142,148.34871
176,150.46616
136,144.63007
66,97.689575
69,63.878914
49,56.753586
46,47.090195
35,50.947475
53,59.982082
67,77.112854
119,123.03655
189,175.4804
239,235.23553
190,199.01273
139,164.20865
144,147.96681
137,146.49576
140,142.20094
142,144.76701
137,155.23766
142,161.29437
169,186.32985
241,210.2426
169,214.13588
161,164.89473
145,156.66666
105,126.277695
103,80.890656
55,64.02403
48,43.461254
25,32.58183
24,25.544666
36,45.709618
68,71.722145
129,123.78911
190,198.37221
276,255.54294
203,249.2659
180,167.78262
127,159.13268
131,136.36978
128,137.21689
158,149.23837
148,160.33765
167,163.9986
218,214.15837
284,255.57341
228,260.1031
212,199.26984
209,187.51585
170,167.75887
106,133.77597
83,78.26512
44,55.45373
43,39.020153
32,30.564846
49,44.811417
73,75.03183
127,132.83578
194,202.59518
261,279.83136
248,232.22935
161,201.37976
148,161.62634
160,149.7192
152,158.08553
150,164.388
145,159.6399
199,174.2312
222,244.61244
270,273.18973
245,256.5705
233,228.33757
260,233.17143
163,217.99257
147,148.04063
112,108.1057
70,75.613945
47,52.030228
43,41.786762
68,64.343704
85,82.28044
128,130.37115
206,201.32964
275,277.52878
220,272.33618
173,189.50034
170,164.55502
137,172.31572
151,161.20601
155,165.32294
148,171.06566
184,187.63339
229,232.65092
228,261.02692
239,249.24683
223,233.4943
248,237.28563
217,225.15137
191,180.8447
153,154.16205
141,123.56368
124,99.1186
88,77.06461
81,85.65861
86,99.310715
122,129.39883
148,165.0774
178,200.43759
192,194.09834
164,185.5108
164,175.98103
163,165.5421
165,170.75204
169,173.63876
158,170.28845
181,193.73822
189,231.88217
267,241.35983
240,286.08868
250,241.11104
241,253.21231
222,264.90158
279,256.17584
257,255.16228
239,225.67496
194,198.17216
157,146.9596
99,117.68551
67,72.11271
61,67.05377
64,76.174545
104,100.55253
142,140.18321
191,181.60489
197,206.57402
200,213.40976
160,199.78473
154,182.4582
157,174.42795
189,184.27208
265,218.5156
254,284.08463
298,270.99945
224,277.93433
237,247.17572
265,251.51237
278,272.392
276,263.2964
240,246.29907
236,202.94925
154,168.89636
111,111.101166
73,74.77547
53,70.31934
83,67.75407
87,101.81818
115,134.71422
129,162.67397
200,168.75876
189,204.42195
173,180.74525
138,167.8954
168,153.42859
161,179.00249
174,182.73622
170,197.45674
150,171.84297
118,145.93254
132,143.14087
108,129.76268
80,88.02779
62,65.6541
61,52.5546
62,48.933163
39,48.972256
58,54.87286
73,73.519394
114,117.66501
141,180.34161
204,207.89815
161,182.15642
151,145.51773
134,148.0588
134,137.62268
120,141.84637
126,137.64674
155,145.2985
152,157.7242
153,174.60104
243,193.61432
169,192.47243
152,162.27266
159,145.50269
99,126.826584
80,92.31844
82,54.960686
38,50.2829
24,29.720047
21,23.312986
37,38.886898
59,67.96451
106,123.7389
159,173.99742
268,236.85097
215,234.41689
170,173.7607
164,154.0042
133,152.36732
133,130.09764
135,144.53357
131,149.43153
167,157.28697
210,200.03348
250,254.58803
228,221.26538
173,199.05923
214,182.48174
134,171.2864
150,114.35387
98,94.67133
75,57.550976
40,44.26918
29,31.807936
54,44.124126
64,73.325905
110,121.225296
174,185.18146
257,260.32764
225,233.90591
197,183.77956
150,172.22592
180,151.31287
151,165.77084
187,153.9633
157,168.15373
163,183.056
246,211.84299
341,271.5884
322,288.7369
232,259.53574
222,234.1911
146,187.70782
171,150.96927
105,117.1548
69,77.64104
42,49.91286
36,40.571564
61,64.73474
74,83.2037
139,124.15246
195,195.94807
302,263.55075
244,252.48329
173,205.30336
167,165.95853
181,169.03288
184,172.47389
181,185.77528
175,172.69107
194,189.23628
243,243.66664
299,266.71823
277,280.0147
272,252.27713
247,256.43433
221,218.52907
198,191.5374
166,155.88159
151,131.24203
123,112.60715
68,82.4252
77,79.052536
93,95.57197
115,132.62453
163,158.48592
175,205.5743
189,197.2467
183,181.57466
175,182.7452
167,179.3902
188,178.69125
147,190.54028
184,167.76035
227,203.74028
247,242.79982
311,287.1851
268,305.74197
261,256.72443
238,259.636
251,250.46437
264,261.14832
306,242.59761
263,255.0397
212,201.70692
161,154.67874
102,113.19985
66,75.11527
61,65.85891
64,75.84901
114,98.4683
153,143.83455
173,189.54034
218,195.38976
210,213.23418
197,205.15865
184,183.7835
184,190.15828
233,199.76152
260,259.2906
263,279.75314
261,279.67468
279,251.51805
233,267.27084
278,255.51645
287,279.22342
267,268.10846
224,245.64877
188,197.89203
139,153.53232
111,111.59057
76,76.42817
75,70.53871
73,73.33399
97,101.578705
122,135.77483
163,164.73071
211,190.59627
203,211.1231
185,195.66142
197,181.2299
214,187.01733
193,205.02701
238,194.1553
266,219.92535
196,218.16061
153,168.19325
141,160.72134
98,130.66365
92,79.27906
78,63.58772
57,57.821228
52,51.29473
42,39.368706
50,56.41243
68,72.44871
87,117.76922
138,151.12563
189,214.01231
177,179.17075
156,155.72656
137,151.9812
138,140.75302
139,143.42006
129,147.03604
131,149.13634
139,150.59763
155,169.18059
188,200.79166
157,170.76706
129,154.87128
158,139.39505
111,115.826294
72,96.08489
60,63.25396
49,43.420364
28,31.018122
17,24.122433
38,37.74331
50,67.33974
99,102.49786
150,170.12906
211,225.75806
183,201.33168
132,164.99126
117,142.63524
134,132.40213
141,137.87958
124,147.67517
148,140.06169
131,158.59392
199,177.88963
230,237.76665
192,209.65271
175,178.43196
199,187.0551
166,160.97833
113,133.53831
85,75.851776
53,56.1745
23,40.609074
26,28.530294
47,46.206623
46,67.50885
129,115.06471
168,181.12383
283,237.67142
226,234.32294
158,187.6102
132,144.24863
145,147.07288
189,151.40125
173,181.7451
160,165.84187
220,174.05255
324,244.81694
292,325.26254
289,277.41122
233,243.06277
245,222.79913
203,196.09155
179,164.03464
114,118.09228
58,70.75547
34,42.115917
27,37.250618
64,60.32382
63,75.87864
121,127.36944
172,189.08727
259,271.12146
210,239.82306
175,178.17363
156,160.30927
149,164.25993
161,176.73848
157,178.96832
180,170.80338
228,202.42494
248,265.8201
254,270.43927
264,265.41013
210,245.7146
232,228.64798
193,221.17139
181,183.50587
152,150.41187
119,124.28374
109,99.769516
79,73.13701
72,79.58886
84,87.78351
100,122.18879
144,155.21013
195,188.29181
167,196.93004
166,174.8764
186,172.3158
183,178.48624
196,178.97691
160,183.63043
177,176.76688
193,206.31412
223,229.09453
272,272.06027
305,277.37076
247,265.1737
259,244.86082
256,257.31067
274,260.9969
244,253.73192
222,224.01186
212,184.41473
150,153.52934
104,106.56758
79,74.77341
78,69.835106
82,74.26294
95,108.219
143,139.8115
214,178.36835
221,219.77466
221,220.82655
209,216.16368
210,196.59023
210,201.14346
253,209.63171
263,268.21628
266,277.10822
292,277.59912
226,273.4633
248,236.78815
229,267.84235
274,247.81972
280,262.41968
234,242.2933
180,201.88892
158,146.98993
112,116.726715
67,79.723
54,72.190056
87,71.931046
106,102.0139
160,134.45491
177,186.14383
203,197.29178
202,209.47028
180,196.9322
159,184.30545
157,177.18083
164,176.15305
166,178.79723
163,185.70993
145,159.66856
156,143.64731
151,152.4467
106,120.73237
99,81.59978
68,67.828636
50,52.66844
45,47.12951
26,38.105957
45,52.886665
55,69.59868
115,103.68434
120,147.49083
170,188.19565
159,169.9553
151,149.07336
145,142.32445
140,144.69315
130,145.05525
159,136.77614
153,149.91016
133,154.72179
188,161.04991
185,210.94263
167,164.88518
153,152.28912
140,150.46504
106,111.340965
93,79.872894
75,60.728695
47,47.722893
34,30.5326
20,24.03066
46,38.0055
63,61.293064
108,109.478386
119,148.88162
208,204.88235
175,190.91354
145,158.0118
150,138.05582
117,145.4461
133,130.7928
123,143.8512
151,147.49072
172,156.72588
226,209.32605
221,236.81348
206,203.86081
195,178.7621
174,185.66539
142,150.81743
119,115.35421
88,79.27383
53,54.83804
35,40.36137
26,28.77366
40,49.588963
67,64.08653
114,122.02871
160,157.97179
202,230.77733
165,202.96062
140,157.57649
159,148.83125
155,149.92119
136,157.11502
129,155.28854
170,152.09203
181,192.99724
195,234.57178
243,238.54242
229,246.89326
186,215.53543
206,201.94734
178,174.46968
149,154.32664
113,110.807724
63,70.28206
31,42.69088
44,32.011845
44,59.016582
60,72.555756
98,121.873665
139,175.84349
225,216.47523
177,204.82422
171,157.71716
167,166.14406
166,163.70558
158,163.46976
164,156.24922
152,175.64447
211,180.50302
228,239.56647
231,254.21721
207,240.55798
203,199.7134
193,220.12457
188,196.78459
156,171.58434
149,141.78876
109,125.193504
97,95.55703
68,76.505554
84,70.30935
96,84.03067
120,118.24885
161,149.2731
155,193.68294
168,175.06973
166,170.96844
183,175.11009
196,181.24065
161,191.91994
180,172.40105
168,178.80977
197,198.09335
210,233.76724
205,254.49825
238,230.02057
198,232.22014
180,210.64313
197,210.06721
219,213.12317
208,211.63535
211,180.43744
177,180.56479
125,142.04712
85,101.30671
61,73.27504
61,67.22341
82,70.129036
122,106.62961
138,155.53514
191,179.2029
187,213.27759
206,207.88289
162,201.33354
169,180.5508
186,180.67564
189,217.20119
252,231.62611
198,263.95932
265,220.23473
205,236.996
223,210.92303
218,242.06232
210,226.76826
224,205.8891
207,211.70248
183,173.97508
135,143.81602
79,105.9022
52,71.147285
54,56.9792
80,76.475494
83,104.04424
133,117.989845
178,170.45999
174,193.7104
161,192.52544
158,162.44368
164,159.32198
163,166.1857
189,170.43976
234,190.87627
202,210.19206
175,173.58911
173,160.11856
166,158.98212
162,130.28691
187,114.12568
96,103.34039
56,65.00065
30,40.902462
22,34.71789
57,63.4472
94,90.72336
144,150.3319
217,199.69148
307,290.38977
267,285.806
228,240.54346
232,242.76752
232,251.64932
252,264.11887
277,265.77924
272,294.8992
330,317.3053
306,357.29495
403,323.906
336,336.83096
288,273.95273
272,253.96568
667,257.81277
425,383.2659
224,291.16257
140,136.70715
76,81.48006
54,54.0647
39,56.163204
79,65.694275
89,102.66843
124,131.54115
156,175.36792
205,215.44197
192,236.7244
226,231.91405
246,250.96243
259,258.7386
274,266.57687
283,281.96378
283,306.3415
299,322.03543
301,336.6577
277,286.57373
213,255.80077
353,229.07127
745,367.39987
393,445.814
244,270.3097
130,151.80887
63,85.91688
51,56.28004
71,51.912247
66,67.92343
84,88.83202
127,107.75643
150,147.8066
204,196.53943
213,216.32611
205,224.0141
230,223.00435
235,229.93768
226,241.62813
210,236.37866
200,232.78233
215,231.51813
221,226.96826
200,206.00906
202,186.56845
175,192.90115
158,157.33195
131,116.199585
79,80.13516
41,47.83182
26,37.213867
19,25.721111
57,56.48642
98,79.82896
174,162.04927
220,234.53172
280,303.30524
257,243.5991
190,225.86873
220,196.82104
233,221.93349
236,234.25896
204,244.18219
224,217.35811
277,231.6434
279,293.3453
306,282.46414
192,251.07661
189,176.72008
159,165.14589
138,140.18239
104,98.626366
56,66.595245
49,38.08376
24,26.575186
26,19.40248
62,55.45519
84,91.6214
149,154.58781
196,225.53622
333,290.2456
276,275.4414
223,230.69562
218,219.73065
230,234.11502
248,244.2125
236,242.64926
236,239.0787
218,262.4669
303,273.49615
274,311.18454
232,242.98477
209,206.78934
156,187.62552
137,155.29056
105,115.67813
96,77.29161
39,58.49736
32,27.033575
19,27.71873
59,58.52932
92,89.177284
142,150.83153
217,214.6167
331,319.90775
276,284.41507
205,234.86467
229,222.24869
237,243.29614
232,249.10803
219,250.19135
232,233.8857
249,247.89938
302,294.16647
309,305.13562
241,267.52026
227,212.16956
191,200.78485
155,171.95045
138,119.64794
92,86.746574
44,51.943897
32,32.090527
28,33.843822
59,58.60131
70,96.24964
152,144.66974
209,228.52533
323,314.03564
281,288.39673
239,233.83124
212,233.96835
240,233.85445
274,249.54086
268,266.2139
280,263.47617
265,301.83496
300,305.74823
270,311.55658
253,250.65579
217,228.92572
197,210.32834
161,182.77448
149,150.18205
104,100.65162
53,65.42823
55,40.22733
30,36.36597
76,61.21067
77,89.816696
150,143.8948
211,199.61594
308,287.8986
257,274.9334
202,239.95004
247,219.75638
243,252.82475
283,257.5949
249,284.0093
268,269.71313
268,294.71967
332,306.97385
352,337.85364
320,319.36255
254,270.56448
336,244.20413
836,333.39297
472,436.38342
192,253.43408
122,125.591194
83,76.800575
44,57.62374
54,54.386723
70,74.71797
110,97.90866
137,132.58354
183,178.07413
213,220.06401
196,233.37434
222,233.33542
223,247.66183
236,252.9838
235,255.01282
253,257.55362
260,275.51956
248,298.75433
255,279.44446
246,257.37473
245,227.16798
390,251.78084
725,494.36166
389,440.88525
231,288.5447
132,147.653
81,85.27275
61,56.35107
59,59.286892
69,64.30938
92,92.805885
128,113.0863
128,154.46776
188,193.45906
217,210.96336
214,225.81937
225,225.57037
258,230.20699
227,247.93123
226,229.9629
196,236.51917
211,219.80785
207,220.4909
213,196.29208
193,199.38165
177,187.76251
148,159.11174
126,109.33481
103,80.30501
45,53.30212
40,30.276747
26,23.920269
60,55.87134
92,92.07988
111,159.55714
219,208.06677
322,300.06424
249,259.5526
233,215.8808
226,220.10391
220,226.71333
241,227.47037
221,238.2554
250,228.0607
248,262.26523
244,270.2448
307,261.01285
214,244.10461
178,187.2788
160,160.85747
122,140.85109
102,96.697716
87,63.541653
45,49.96947
21,26.061077
30,26.131424
53,59.290825
84,84.832306
140,139.82968
228,220.63138
292,317.88763
253,265.01117
218,229.46141
244,217.89569
243,240.79204
239,247.28952
241,242.47961
265,246.49239
384,265.84818
303,368.3763
311,309.32718
271,259.26602
209,224.41394
188,187.52538
147,151.06004
139,116.30111
81,93.233345
49,51.326233
36,31.817032
29,26.893364
53,57.342598
95,87.122116
161,145.0024
221,235.05986
331,306.17813
281,279.377
233,232.2339
210,237.13202
240,235.73212
253,245.4862
233,255.68309
278,245.08067
295,292.9039
376,317.05484
390,355.95984
444,339.93225
274,407.34323
256,230.0042
505,204.16768
186,290.69547
140,105.61496
58,70.70211
46,36.529594
32,38.21388
63,58.53062
99,96.913216
160,158.74687
227,215.91747
341,313.93994
299,287.92825
228,242.88066
252,222.74725
234,251.023
271,255.46344
237,268.26065
246,264.4863
284,280.49738
304,317.395
345,316.7428
295,317.94788
263,250.88148
236,239.77489
166,239.07434
157,156.61234
88,111.084816
72,58.5132
39,49.512516
39,33.0088
79,72.10133
87,87.583595
155,147.26762
201,214.38297
337,291.68573
255,290.64114
232,233.71733
226,243.22495
226,239.82652
256,259.05307
260,261.7648
279,265.028
322,299.56763
373,337.69647
320,371.26672
309,305.85895
222,271.25873
252,234.64978
221,340.52908
251,208.98912
132,188.59851
98,103.71946
67,70.07156
58,53.945892
51,58.89203
82,74.75962
92,103.17262
128,132.8302
161,175.98027
212,210.66447
231,227.31622
216,243.73015
227,239.37984
254,247.3009
244,262.96054
282,264.4889
250,292.29984
263,283.18445
295,283.36438
260,276.0956
255,239.5081
487,273.71744
339,621.57513
249,318.5749
165,212.6917
129,116.28762
97,80.63081
46,65.59257
63,54.918095
82,67.72271
77,94.40914
116,115.15442
141,144.43073
187,194.46628
216,219.00566
215,223.44414
247,225.78569
245,242.40405
277,238.23137
251,257.3513
214,235.21529
266,218.63818
269,246.17961
225,230.85985
195,205.98573
180,187.06349
158,157.63374
121,122.90336
91,81.501686
45,49.627354
31,31.395378
31,27.628677
60,56.85777
88,94.55353
152,155.89613
192,223.06693
302,285.97244
280,248.17966
192,233.82274
202,200.60452
229,214.36674
220,231.87186
209,227.60094
239,222.27985
222,253.73143
267,255.36858
250,284.49335
235,217.21672
199,195.77147
158,171.75958
132,138.10843
103,102.19278
74,66.28098
50,43.7515
34,26.900553
40,29.993788
58,61.67377
82,86.32761
121,150.8871
211,208.6999
283,303.14383
274,269.31854
209,219.31787
229,214.34167
236,234.23792
206,238.02176
207,225.00111
239,229.49066
247,256.7223
214,284.9606
252,255.7453
214,239.74828
201,197.5344
174,183.96109
141,151.14528
107,115.95828
64,81.78
42,48.648285
28,33.12828
30,27.948042
56,58.585987
88,90.064735
137,153.30954
204,218.55446
309,300.27066
297,275.86298
234,233.84201
238,227.86476
252,239.46397
226,247.00238
263,235.25743
270,264.42377
354,283.7324
316,346.344
358,319.06064
280,319.8209
251,238.63231
197,213.84117
187,153.92659
115,139.20877
76,77.44525
45,49.32276
33,34.253136
26,32.452557
50,58.286976
101,92.38647
149,154.05322
192,208.8542
327,294.06247
305,297.96262
225,245.54619
221,237.26474
247,234.15176
220,253.41437
225,251.83742
249,255.54008
253,287.74597
294,295.4127
314,317.66388
255,282.08505
256,230.36528
207,226.10796
190,183.87375
154,147.95174
97,100.15717
48,59.61218
49,36.656578
52,35.748848
67,71.31342
83,92.68212
142,145.42308
198,201.0987
302,291.14594
271,270.91162
222,240.39044
238,227.6089
232,244.9832
228,242.90775
259,247.48254
260,264.98734
292,289.08783
307,318.48587
303,326.58902
298,290.60934
253,264.29947
332,246.36441
592,437.98062
288,440.4741
211,198.6634
118,130.30864
86,75.22348
54,62.590004
62,55.400288
85,76.16836
119,96.698906
149,135.46729
180,173.16588
227,221.17447
232,234.73698
238,243.69325
270,244.54172
240,263.3533
288,254.02808
250,285.9056
263,266.39096
274,274.22052
249,291.79514
279,252.92534
258,255.31963
295,274.1807
702,367.52188
329,480.47137
198,240.6285
124,135.06187
84,82.6288
55,56.975334
69,61.049393
62,71.75387
98,84.10726
119,125.864815
153,147.52841
201,195.98691
237,227.10938
238,234.89232
249,241.20694
234,241.63641
247,238.25833
210,237.11917
221,210.39781
224,226.25574
240,226.87451
226,216.02306
184,204.02089
167,176.80377
157,155.93274
130,118.29814
94,88.1753
60,51.976406
35,35.708775
33,29.472277
45,58.334282
89,82.190094
186,149.98518
210,232.0806
281,286.66788
255,250.09291
221,212.19731
216,215.09967
223,222.00027
213,227.63214
252,217.65784
254,239.72917
255,250.96362
272,266.13516
267,284.7513
239,228.89732
158,197.32452
166,155.05676
132,140.78387
116,102.95544
69,72.74839
56,48.216133
27,28.848843
22,29.493267
49,53.113323
88,83.284805
151,147.80812
187,211.77554
297,275.53827
258,266.7345
226,221.01466
240,222.83987
211,236.4016
243,224.16594
225,248.9635
243,240.75427
256,255.09462
261,283.15585
284,273.3323
223,250.5039
170,193.91812
147,170.6687
128,138.05185
112,109.48501
79,73.64682
35,47.643497
33,30.011364
32,29.516598
53,56.95054
87,90.81186
144,146.30545
190,211.38031
304,292.6679
255,272.1312
224,232.46605
227,229.45958
233,229.86745
233,242.5242
222,244.04253
226,246.08348
270,259.21332
303,302.18393
324,315.19562
223,272.07462
195,212.66606
163,181.5925
137,166.13449
97,121.31016
86,82.312614
66,47.57508
35,37.498447
37,30.040413
67,59.78653
99,99.051384
161,151.27315
191,209.85251
320,287.7585
274,284.05222
235,235.96465
228,225.65785
239,235.51057
241,248.0126
253,243.8022
255,250.29634
269,272.03766
322,304.05
325,326.73022
266,262.41302
238,236.52296
196,209.61584
180,169.72919
120,143.66608
106,90.14746
58,61.15731
46,46.25214
37,40.98873
73,71.893654
109,89.87762
134,153.38226
210,195.35846
261,292.1263
237,256.925
232,229.8625
252,235.29762
264,251.37576
236,261.81302
257,255.03522
276,266.07495
265,289.8622
299,307.5292
331,316.12057
302,303.4415
219,263.554
225,239.76273
200,285.31644
184,203.68446
139,156.12433
91,104.53247
62,72.5317
54,52.122395
72,58.336304
65,82.082275
102,100.36615
126,138.51012
152,174.21028
196,207.62643
193,234.8564
220,224.71062
213,239.57774
231,232.90926
229,252.93132
217,248.98111
192,249.06912
233,239.54846
253,254.72017
248,256.62405
226,233.30138
188,251.8577
218,321.7408
168,214.83336
118,150.12744
92,91.84414
65,69.76405
58,55.275837
51,63.389988
59,64.106804
82,86.653
110,111.2212
136,140.82123
155,187.04765
217,199.0047
212,226.13968
243,224.96986
222,235.74088
213,227.2959
212,215.06787
212,208.56372
229,221.32748
231,229.66568
201,215.62259
185,183.88228
148,172.0576
129,146.76088
131,112.38642
184,221.43329
59,92.7702
36,35.379147
27,27.566813
38,39.902565
49,59.037075
98,91.00328
139,146.04633
174,171.59389
165,184.83307
160,176.0338
175,170.58502
179,187.10062
173,194.80226
175,198.89926
228,212.89352
231,244.42485
266,267.56345
298,303.1234
281,310.2918
328,286.16867
314,337.9672
366,360.90723
302,403.33096
223,251.44843
149,143.74525
84,94.33547
51,64.67087
38,90.49081
56,66.35723
74,65.22146
91,100.137474
127,125.44436
132,147.08957
179,171.3285
214,197.31233
228,221.94905
222,230.22627
247,239.04721
285,255.08386
289,303.9814
309,318.58914
362,342.69684
347,347.91058
333,337.9451
348,348.49536
362,379.70065
312,349.5817
255,276.31223
168,173.90233
91,97.58215
66,66.16583
51,55.42184
37,50.095577
66,56.675026
77,78.90033
82,103.6555
119,120.44271
149,159.9953
158,180.49564
207,190.6326
208,206.3051
217,213.99931
218,228.79912
239,228.47403
223,254.24434
254,244.422
259,245.10965
225,247.39005
217,245.64735
203,226.97203
154,164.14528
83,87.194405
48,44.05322
31,24.866673
24,24.502827
33,33.443943
56,57.795494
82,88.68203
124,136.26834
191,174.00302
146,167.02888
127,140.6286
132,136.68483
159,146.7485
147,158.79402
134,158.32585
159,155.98463
210,179.23216
190,207.25105
202,203.84547
172,206.74287
146,168.0049
212,180.39238
356,211.54826
249,180.1694
86,104.63952
53,39.958805
20,26.179348
13,21.542313
38,29.602676
65,58.850754
104,99.446304
139,143.27267
179,182.99118
197,179.1137
136,159.16669
128,141.27142
164,140.72525
134,161.15434
140,149.69128
154,166.34789
174,193.31526
209,211.28577
227,227.87514
191,211.28226
251,177.65971
387,267.9686
266,399.3478
160,275.33173
86,93.50524
62,53.215088
18,31.756548
26,23.995132
34,34.675766
56,61.103405
102,96.7608
134,149.48074
176,178.33008
201,189.5647
151,170.57478
140,143.51663
142,155.0729
130,150.98767
129,157.05252
139,163.35811
181,171.28336
204,227.75766
248,249.84245
221,223.73816
239,221.11806
301,310.83444
296,376.34323
207,275.39752
96,114.47425
45,58.620148
30,25.091906
22,19.971827
24,42.010838
56,57.525864
106,102.76971
146,147.92212
163,178.96342
176,184.42976
157,170.70709
143,155.62917
154,155.25252
152,158.42487
153,168.00064
178,175.05122
192,197.62741
214,232.6085
237,248.6991
233,239.03574
208,225.71077
236,262.31937
269,296.198
229,261.90945
105,154.1481
67,61.29037
49,37.76495
30,32.512108
41,36.07412
66,57.204746
119,97.0458
146,149.42339
175,173.18642
182,172.94016
146,171.0757
148,154.79768
182,167.36447
182,179.4279
180,183.45586
221,204.84155
224,232.04105
274,258.5125
299,302.67737
335,306.29858
300,307.55746
351,355.67883
434,381.96695
406,450.97546
248,275.69412
154,149.46022
72,92.45802
64,54.746956
42,47.098694
57,56.8754
68,67.59242
103,97.05422
102,131.83438
158,140.13882
180,177.54309
187,193.06308
212,211.40335
246,222.54309
283,251.00314
288,288.43176
338,303.80374
315,345.88187
365,351.39597
401,354.8145
315,364.0263
331,356.43103
320,380.20926
344,340.9896
224,273.4087
161,151.41809
76,93.17038
73,63.295753
50,56.26011
38,44.126354
67,59.505135
70,81.628654
92,87.37765
112,131.84044
148,159.35419
187,175.22919
191,200.17801
211,203.90443
317,220.57649
279,290.29974
248,276.8506
223,253.68016
226,245.90787
254,231.05916
244,240.7201
238,244.35875
280,232.12877
213,192.95291
94,114.139305
51,51.187473
28,27.57238
27,24.660976
43,33.551983
52,59.69588
97,88.24858
144,135.91096
170,178.95695
170,156.18141
129,142.4115
132,130.99098
138,146.66875
149,149.23004
137,157.53308
152,156.8591
174,179.26164
207,185.84294
208,211.3872
199,185.3225
175,179.82155
216,202.6127
222,201.36171
214,177.49734
131,104.657234
61,62.752846
41,28.22643
38,25.150537
39,35.238785
44,58.957756
99,99.678276
128,145.94086
173,178.82315
175,184.33066
141,142.87987
139,141.05656
148,149.33012
161,150.16077
185,160.44246
199,182.15143
170,204.69502
176,212.53545
191,212.39198
237,189.39586
194,217.17142
254,224.6482
378,277.2365
249,219.8412
126,121.445595
60,65.44991
26,32.92871
16,27.800299
28,35.07672
59,55.860886
93,102.22231
151,138.00772
192,179.95595
182,186.56398
157,157.0583
155,149.05173
137,156.79454
163,158.00017
185,174.01535
183,189.63904
187,186.88791
256,212.27997
361,258.44583
320,300.72675
219,264.68213
261,274.6183
237,336.5128
171,219.66228
92,101.04191
53,54.250526
36,29.372017
20,23.545681
55,38.198536
59,64.84679
92,100.61305
135,150.7482
199,180.97542
183,187.63052
166,160.80034
167,159.17577
163,160.4945
160,170.01836
169,179.47618
179,183.28748
195,199.97565
219,244.81929
228,258.1239
223,242.54701
232,212.80717
307,263.8433
423,320.9524
246,278.07797
114,142.41246
76,65.42065
42,41.916416
28,30.703981
54,40.77613
53,64.713264
96,96.32461
140,141.70952
184,177.97499
184,180.7612
151,171.01744
162,161.96043
191,178.00047
174,188.48228
225,184.88293
202,228.35835
222,222.6843
231,261.02438
313,274.41656
319,313.05798
297,307.32764
318,345.10938
349,393.1434
423,366.61105
294,295.07132
146,165.54738
71,84.697845
67,55.27597
39,50.934486
60,54.307575
85,70.21215
85,104.637634
121,122.27602
150,160.16
182,173.46646
183,191.41707
226,208.71567
246,231.30496
241,261.23788
262,258.702
312,283.54352
323,328.4321
346,355.15567
347,347.9193
341,332.3282
369,368.2062
399,411.2363
344,393.99796
284,277.03348
151,176.6073
115,89.87851
59,81.795296
41,51.57605
53,39.98069
70,67.129425
104,78.386536
89,101.48848
109,128.46722
151,154.5397
195,176.41444
200,208.90923
241,209.92789
229,243.21179
255,235.45557
261,259.65802
263,261.79498
321,268.59628
244,294.02582
226,235.08226
213,235.13205
223,222.57854
159,178.43439
95,88.62953
61,51.585995
27,32.49725
21,24.044996
32,34.132984
52,58.094494
104,89.24753
142,149.60138
206,174.24913
149,173.74248
142,132.32793
115,135.36314
133,141.29678
134,146.47092
136,142.26979
147,150.29962
159,176.75742
176,188.63615
164,197.91971
167,177.08185
174,167.0556
184,200.99765
150,211.87833
121,159.46394
60,76.714294
53,45.89539
23,28.641314
26,23.547676
40,36.169697
51,59.234455
99,102.0492
134,144.03008
170,185.10947
189,175.76933
140,159.47466
109,131.74294
119,136.10269
138,142.92499
139,159.76378
154,161.55664
155,169.57568
182,190.90947
192,203.30095
194,201.372
233,192.98239
382,251.55247
252,372.42288
184,209.69208
95,97.23961
60,55.255245
18,30.173735
13,23.489582
24,29.689783
49,56.38035
110,100.18722
150,145.4091
193,180.26381
200,192.04152
156,164.72594
149,142.77293
152,141.41928
191,156.88007
215,183.2222
246,196.93417
222,222.1158
253,242.94777
334,285.97174
348,290.13382
351,290.12653
391,370.80038
311,383.85934
180,223.10728
79,99.14031
40,50.754173
17,26.496763
23,20.236813
40,47.242912
61,59.861393
108,103.55062
174,153.09825
212,191.9011
192,200.69441
172,167.94142
158,163.47525
148,165.10162
131,166.0527
121,167.47389
171,163.22546
178,202.49892
213,223.00969
231,253.2232
229,245.39099
248,235.14543
379,295.32938
261,380.7651
221,232.13544
120,121.917244
72,65.83852
42,39.94839
25,30.703981
43,42.579044
60,60.44672
99,98.819046
142,146.70863
175,183.54903
168,186.6915
150,164.86113
158,162.05081
148,172.04486
136,159.42877
163,158.86966
216,192.75728
218,223.86536
210,254.75552
294,261.63174
305,316.88992
249,305.85175
286,318.49728
348,363.1008
305,360.32547
197,251.78604
105,131.91968
88,68.56218
44,64.05556
45,39.497776
50,57.284164
88,67.564865
87,96.67622
123,125.105064
140,159.08925
173,169.66544
181,188.17047
242,198.98853
223,236.20078
210,230.85703
242,242.55669
251,273.3605
259,291.0411
366,306.8444
348,357.17432
386,329.99725
388,376.52353
428,399.1389
442,382.68137
355,365.2803
272,184.83293
164,131.89868
129,90.57367
74,102.05373
47,50.167187
63,66.475586
61,77.56271
110,90.309616
142,129.11269
147,165.52954
171,174.45753
178,197.17938
167,193.47289
199,197.03424
201,218.61519
168,222.81895
232,204.653
234,256.10315
258,234.71875
239,247.76154
255,238.67677
244,251.72101
308,182.89622
121,155.60622
67,64.5838
34,32.57333
22,26.99078
36,34.88699
64,55.008457
108,100.32951
115,142.39313
150,178.12756
173,152.90565
140,139.65009
109,133.42688
145,131.15182
146,150.6629
151,146.84744
179,152.6718
152,180.68501
157,181.61653
161,182.43356
155,163.89389
153,162.61336
290,186.20926
219,282.04465
166,184.44302
88,89.829475
61,51.20389
21,29.211514
20,24.492914
31,36.797
51,55.725212
105,101.034004
142,135.65723
180,171.40237
150,181.24489
128,139.52194
131,123.91896
125,144.99368
112,140.69363
149,141.81853
133,161.2497
149,160.72234
167,178.6129
209,183.74117
192,188.47473
186,198.46248
212,245.12225
260,247.17848
157,211.47206
95,93.26749
53,55.485355
31,21.455555
17,19.1156
29,27.46372
68,57.29448
92,107.94716
146,148.00443
169,188.9274
165,177.5423
144,147.0978
117,141.94487
155,131.0384
132,154.8704
145,162.09853
172,159.85492
200,183.55368
194,235.19183
235,237.12485
222,254.42224
213,215.55998
234,250.34004
243,300.2103
226,181.45068
108,113.69709
52,52.95461
24,29.104893
15,21.564838
32,39.90203
67,61.211258
92,105.868385
163,148.436
197,194.45154
176,184.75002
164,157.37245
135,148.6236
143,149.95667
160,148.60144
162,164.87772
184,176.8264
188,198.8731
232,215.11168
245,250.57588
262,234.37453
272,246.68423
313,315.11835
287,327.33975
218,282.13727
161,122.66672
150,82.92822
156,76.80314
31,84.91895
39,41.81011
63,61.225044
96,97.431625
126,144.9458
158,176.73741
160,175.77345
154,161.48376
161,153.53667
165,170.3391
173,173.5456
186,182.37878
206,204.51622
218,218.64171
237,245.90506
273,278.74762
307,301.7018
259,303.48102
300,317.14935
319,355.54465
345,359.49188
492,244.63792
183,262.00845
79,103.668335
53,59.382156
53,44.835575
60,58.15165
75,79.609375
94,90.575676
114,124.81136
149,152.85907
179,177.16133
199,190.12468
228,213.4802
237,235.00449
262,239.13435
246,264.91043
288,274.89642
309,315.76926
308,341.21265
293,328.83426
394,312.02533
323,392.67972
334,365.3699
368,334.60144
399,314.9875
262,221.41216
139,132.88129
161,88.54702
134,116.170105
51,103.40721
68,66.553345
78,76.91439
102,99.69988
120,127.35469
150,160.63882
159,178.59715
211,183.41649
238,208.14783
238,236.50584
244,236.61545
305,245.57126
257,297.6777
281,257.9708
244,267.66827
270,237.79126
276,273.19354
251,281.67416
249,218.31207
151,190.60945
77,106.25196
61,64.34147
55,49.368668
60,72.93427
87,86.741585
151,139.61017
196,205.47769
225,248.17159
224,220.94514
198,204.68346
178,187.63342
163,193.67752
168,198.51944
199,187.30289
158,209.74117
225,202.6314
254,270.72818
333,307.48337
353,352.39813
347,333.67578
298,335.12207
320,346.13083
352,325.55405
283,282.77258
248,243.7091
177,174.66162
129,127.09328
127,90.26399
71,84.29765
79,89.36182
98,101.3282
131,131.36143
137,176.73473
186,188.68378
171,214.58435
153,196.58769
146,184.04759
150,175.54268
172,174.29465
162,206.20137
232,216.64456
269,284.1908
242,298.79514
289,265.7483
266,301.94943
291,312.1298
330,313.9895
315,290.7249
265,266.0944
153,196.79353
109,127.99504
82,95.04153
59,71.53194
80,74.190865
86,90.156654
101,111.35941
124,135.11168
169,167.17075
175,187.0755
194,186.21634
206,192.56459
155,185.54347
162,162.56001
160,168.43846
182,181.38675
186,192.89937
148,181.23547
121,154.49406
170,146.28732
165,157.03656
97,111.023636
58,65.286354
47,33.69288
32,28.832333
32,25.694128
51,51.18
75,70.9654
136,121.713326
196,195.6692
250,256.14352
194,204.42014
145,167.84941
142,148.39615
143,147.28503
128,154.90034
124,148.19942
107,148.16722
171,145.30206
162,208.92233
249,199.64265
181,225.99835
174,175.15315
174,189.95982
144,170.5822
86,106.67221
67,60.35754
29,34.240414
25,17.0651
19,22.767702
39,45.64429
74,70.985596
146,146.38257
204,215.55095
300,273.70688
254,247.93869
164,187.33023
163,157.20384
150,158.52228
152,154.44511
157,155.60619
180,152.33281
156,189.23233
228,200.18436
232,262.65564
232,234.27933
243,243.50233
269,251.2389
185,225.28207
138,139.10727
96,84.583916
50,53.59271
30,30.48364
32,23.46296
45,44.588615
83,69.437386
144,149.0433
198,219.50528
278,293.43
257,271.03467
170,195.61293
156,173.07626
155,165.51584
185,170.23732
158,186.43753
181,186.22133
209,194.1762
250,250.85298
267,277.62372
275,275.4519
280,270.42825
303,292.82822
257,269.32974
187,188.82079
141,122.05942
52,73.31682
32,34.783257
27,28.33365
44,52.117977
75,87.75049
158,147.45677
190,215.31947
302,274.85922
262,268.6759
193,209.21544
172,179.85568
189,172.80249
156,197.31711
174,176.44324
159,195.63126
191,198.61191
256,242.10178
271,292.98303
270,297.23813
252,281.89557
286,279.94058
279,290.0879
222,239.79652
165,169.20616
101,101.565186
70,63.304417
51,51.655872
62,62.332367
86,83.36143
144,146.95166
176,198.97707
208,235.87935
189,219.9597
198,192.50726
189,188.14432
184,194.56122
183,182.75726
202,193.28824
186,193.49565
231,214.15169
217,275.01605
328,282.9087
343,346.72076
296,330.04422
279,301.56552
327,324.55548
289,321.21313
354,254.24088
203,271.82013
138,160.92686
127,111.88107
87,93.69382
77,76.96922
87,90.94818
102,104.58965
100,134.84721
141,149.94441
161,187.92726
218,198.02945
201,217.3734
160,211.35843
148,185.83488
184,178.63347
202,207.59067
227,235.2883
254,276.41528
255,283.6202
243,269.6808
283,267.81393
301,313.39566
349,305.97617
297,310.64197
254,250.30272
211,177.06273
138,134.45404
71,96.603775
64,69.95098
60,79.48152
79,84.47896
84,102.48653
117,124.94417
167,151.44185
170,189.30238
175,192.61058
149,182.90723
142,157.36887
140,158.59377
141,165.27985
168,171.34262
165,185.1426
163,170.75029
153,151.81572
151,161.3099
138,146.59995
95,92.831085
58,58.963158
44,51.631042
27,31.037512
22,26.380571
32,50.0184
59,70.542435
121,124.23562
192,189.98149
219,245.11057
174,192.61432
145,155.57181
138,146.17293
142,145.97427
150,142.91571
160,148.71413
145,153.16255
131,159.04298
191,175.3643
165,214.23518
147,169.9158
151,155.17566
148,160.10214
131,146.30779
107,101.0746
71,65.21011
48,34.409733
22,25.540674
23,17.399504
41,36.265903
64,69.76097
127,133.84302
171,200.15814
282,252.46422
203,240.13171
149,171.78452
150,149.3405
159,151.26491
158,160.63133
169,168.93732
178,171.10614
167,178.31564
201,208.04639
257,222.9584
199,230.38326
215,203.71254
236,228.42506
214,202.9632
159,146.6755
79,92.734375
50,51.571255
28,29.882267
15,27.161837
38,44.16439
74,67.793625
150,140.35359
201,195.20793
293,279.51642
246,246.29922
178,184.88158
166,171.80222
169,165.46535
174,179.1128
183,178.88611
180,186.16946
202,194.88731
310,237.67677
339,310.14322
385,290.83322
315,322.69302
310,295.71133
277,273.04413
207,207.55238
124,132.15677
71,66.032745
32,39.031372
32,26.529669
47,49.87929
69,79.08768
151,147.8971
174,207.86174
322,274.59082
271,265.78766
170,204.91461
184,173.12239
204,183.33641
187,199.75533
184,191.84673
183,192.49052
213,202.30289
221,262.75266
309,266.5875
344,317.64496
294,309.3969
290,302.06827
271,287.37073
244,236.68196
198,164.28407
102,116.14345
57,65.3816
44,48.88633
58,60.561928
92,84.00582
135,146.90942
176,185.63048
222,229.07002
199,218.70247
178,190.18887
189,186.48906
181,195.45149
177,192.18294
165,196.47758
167,183.8324
216,209.82607
246,251.56985
310,308.1174
301,335.73386
284,306.98767
267,299.25427
320,303.78635
275,315.59293
343,248.62576
245,256.01007
183,170.52838
131,127.10645
78,90.021645
60,77.49551
96,84.75284
98,114.21601
121,129.198
160,156.28151
164,188.57281
190,198.05899
173,203.06625
182,174.51799
196,174.42972
228,189.90222
219,227.26253
306,244.41638
322,317.06738
332,302.57175
319,295.20343
279,307.81213
358,298.50952
346,335.17032
377,304.72977
252,289.9195
180,196.04501
136,137.69296
85,88.69012
64,65.12552
74,77.461136
94,85.22849
105,108.07948
141,134.75526
200,166.66136
222,196.40584
200,206.11739
188,191.18475
187,177.48463
212,178.59033
210,190.09183
257,206.24585
271,232.07889
242,224.29794
192,209.20447
150,180.21455
137,138.61484
103,89.864235
76,57.251682
61,43.643036
38,32.721066
17,28.437803
40,46.684853
61,68.84547
113,126.072815
160,184.23978
233,232.66544
185,197.45473
128,162.4515
136,139.52403
144,145.86736
142,152.25725
146,154.82782
202,151.47154
151,192.98112
168,185.61876
196,204.27733
164,187.69716
158,169.67778
162,160.2033
154,146.10666
107,104.980865
70,68.38603
47,43.84614
38,26.295984
15,18.692509
31,40.41333
71,67.34806
122,133.96407
146,188.5487
266,234.28568
273,234.78436
150,188.49905
134,149.07022
125,146.09319
154,146.96301
134,162.91443
160,167.80156
151,169.77805
187,194.41614
222,225.89561
231,211.3321
217,222.16861
256,228.30293
217,219.82236
135,157.06389
84,83.30186
50,50.62174
34,32.304367
25,25.646187
40,41.80853
71,71.84507
101,133.5142
213,176.10956
221,280.62643
240,243.07697
180,184.75217
154,161.0448
154,153.36893
210,170.50366
210,187.25772
225,192.51442
257,209.98125
239,269.34702
295,274.00995
348,303.87042
316,304.88385
345,308.26495
266,288.96985
181,196.44102
99,124.28657
63,58.345238
34,36.99337
22,28.98418
47,45.863907
77,74.55156
151,137.3876
223,200.67574
279,276.25693
247,257.64713
192,199.01025
157,174.54858
162,173.31393
179,186.02632
194,194.50832
179,200.19478
205,206.99617
268,243.08469
299,295.48123
283,314.2887
257,279.5657
251,290.38065
326,268.93405
240,249.54813
173,163.8662
85,106.0679
55,55.07067
53,46.91892
64,59.45803
71,87.65645
109,139.9598
148,175.82545
212,213.86385
187,212.36485
180,192.22296
171,180.18767
192,178.30978
189,192.082
196,198.53111
189,190.47238
244,212.61896
234,268.40445
288,293.40222
336,313.01538
290,308.97543
283,287.2229
291,315.7227
346,287.26434
296,299.86182
217,232.15901
172,166.70825
106,124.789215
84,84.55814
66,72.20656
94,84.928024
119,102.98756
128,136.32915
175,160.16138
201,186.43839
239,203.32896
214,221.07079
220,197.94759
207,198.47116
207,202.14186
246,216.18968
239,261.66
297,276.65988
324,296.44174
322,303.42975
322,309.3438
352,329.21005
336,349.6135
289,298.74512
219,241.00356
167,171.23021
113,124.70315
64,81.70416
59,62.382145
81,73.07637
79,93.46832
104,105.022385
156,137.16742
203,183.28856
230,206.55223
217,221.26549
201,209.61722
180,185.49252
220,176.47574
203,197.49742
216,206.72571
202,219.1062
153,184.04077
166,154.74413
150,161.94446
153,136.12721
90,100.68009
61,56.944653
34,44.6009
23,29.739878
14,25.233788
44,42.228172
53,64.0985
142,114.92559
157,187.74829
192,221.10785
183,184.97682
160,158.24586
156,148.02266
147,153.99956
162,150.24716
144,162.95097
147,153.07893
186,156.42915
188,198.51814
181,199.68077
174,168.82487
185,161.57922
176,170.68849
134,157.51051
142,95.837814
69,75.23225
42,41.767017
37,26.468018
19,18.47507
33,36.67654
76,64.54325
112,133.0873
164,166.38606
194,234.0725
184,213.43892
153,163.69827
147,152.81859
126,151.3412
136,152.2452
159,151.68132
156,166.84007
168,168.67729
210,201.56216
211,223.45119
216,210.27881
235,207.88394
229,233.08258
224,204.15857
169,157.45316
91,94.852295
67,49.823425
32,36.442192
29,26.321043
40,40.99274
60,73.574196
115,129.72267
167,184.48524
235,231.90317
215,223.57056
161,178.01392
158,157.86383
163,152.44283
164,172.76682
158,179.3678
145,172.82765
208,176.25584
258,243.33318
249,277.42227
226,274.64825
268,251.85443
252,277.643
295,252.86182
228,212.37952
118,132.21873
86,69.4032
36,41.994118
22,27.876228
63,45.863907
87,76.37366
118,139.96732
184,181.32144
253,259.0664
217,239.32169
177,187.30424
171,169.53046
160,178.34404
185,175.17795
192,186.9243
212,179.50084
222,216.09401
283,262.3623
278,301.6446
265,271.7247
257,263.63248
246,270.7864
273,271.44888
257,240.63017
152,182.2781
91,98.82789
56,54.45035
52,47.45349
60,65.64286
118,88.38067
108,133.35982
169,169.43398
169,214.7438
170,191.0538
182,175.7893
200,183.76982
196,193.52687
174,198.61798
159,196.39378
195,186.50383
202,226.12094
262,244.28784
275,303.72232
252,305.3987
251,267.2778
209,267.30774
280,257.50754
256,287.41394
232,227.11932
178,188.94672
116,141.08394
103,103.540184
83,80.95519
55,70.15518
73,80.99537
91,100.76366
127,123.77094
159,161.36844
221,184.71284
198,230.37782
181,210.82782
183,189.07114
181,186.1842
197,195.83191
198,213.27509
205,236.93913
247,259.1424
229,278.92593
263,254.24504
229,275.8984
303,268.41574
308,307.51425
241,269.68744
196,212.49854
131,153.64362
82,110.19048
56,72.428955
52,56.867603
63,67.462944
68,80.48623
99,101.87643
144,141.0047
165,189.7292
155,192.30646
195,174.31247
205,189.50044
178,188.35486
184,183.1751
190,188.3426
195,200.26074
175,201.37585
170,165.45685
205,164.67522
204,179.03601
188,166.61217
223,114.89985
208,228.50476
106,136.59767
60,72.2517
58,52.714886
89,78.948944
104,109.2672
187,169.27109
225,239.35182
319,310.69098
282,301.02194
280,248.9462
220,273.72003
212,240.53392
240,246.30077
275,276.19354
311,311.4389
315,358.0143
430,407.64413
474,491.01355
468,473.37546
448,429.8413
546,473.38788
711,628.92706
818,724.72015
1089,656.4903
636,731.3605
340,420.75995
218,228.76807
137,156.07693
129,119.87543
127,154.07431
189,166.36462
209,212.84206
299,277.538
319,327.7239
400,345.57043
396,405.13986
424,405.2451
422,432.11853
472,439.82297
505,497.8188
627,581.67773
650,662.97797
570,646.9207
608,548.2914
667,632.9226
682,757.77466
889,661.8744
1039,945.88916
643,732.2821
382,424.87463
233,262.81662
127,176.65468
122,121.410225
118,130.23903
129,138.82396
166,160.54137
221,211.36374
278,271.99063
326,319.1306
356,351.20343
381,368.77808
383,378.7695
354,383.7369
390,375.8962
394,403.7652
399,398.89767
316,367.13712
308,308.80692
315,304.70337
277,286.8404
154,186.97498
91,104.14269
43,58.700302
37,41.831734
29,33.916348
65,65.53363
96,105.24816
161,161.13312
253,256.40125
306,332.92206
266,281.7228
231,217.90732
172,210.67325
189,181.2358
166,197.10211
195,186.5264
202,211.28218
183,221.44196
245,247.12784
258,282.27838
196,235.05417
215,184.12057
234,213.51057
272,218.58276
150,179.29175
91,84.97332
45,50.660954
32,25.627985
23,28.69777
55,52.407635
85,97.49355
170,167.68953
276,277.69724
373,349.98785
302,318.31445
224,237.03876
189,204.84471
179,188.49483
162,184.63649
170,190.89319
192,199.74023
212,211.99419
234,270.53754
281,282.46027
225,264.94043
214,221.60773
297,244.14603
301,295.72256
190,193.83282
112,113.26335
61,61.31408
43,37.517353
34,33.134533
58,58.556713
87,101.8696
165,169.9601
263,286.15268
353,374.64053
318,327.6117
231,256.9908
214,215.6167
200,211.34602
195,208.23082
193,207.36894
185,216.1174
224,221.457
258,286.72418
378,315.94208
333,342.6053
293,286.86874
373,327.5683
432,376.84503
275,302.94727
155,171.51453
66,87.88093
44,42.705387
32,37.461445
70,66.356476
128,104.56987
166,186.2755
296,277.1503
374,374.6094
301,340.31976
241,247.79042
215,237.28052
206,215.00418
200,216.1741
224,216.13692
232,234.18034
239,258.0223
265,307.99893
321,345.13763
300,336.76117
286,297.8394
345,340.14676
456,392.58304
292,375.74255
184,212.96555
115,128.23886
48,73.85653
59,50.509766
91,84.20703
115,112.70336
169,172.25124
215,235.07616
300,307.08212
246,288.9917
225,254.71796
222,230.63202
238,230.3036
259,238.19327
266,269.85208
241,289.762
307,292.02997
384,381.64743
431,450.22974
459,433.04367
456,428.55795
474,494.62173
665,575.4377
949,627.9811
1121,706.63885
458,710.6359
313,332.55328
201,217.13051
94,135.9769
107,111.1242
124,143.65541
182,174.02509
227,214.91464
279,273.04437
315,310.03705
357,358.6781
426,377.13806
355,449.21252
417,389.29248
403,431.7596
496,456.67188
578,584.8214
594,629.0106
599,622.26526
558,582.92773
573,585.04456
591,651.65106
582,582.11633
515,647.84424
456,429.6116
313,348.52856
233,239.20355
150,145.42847
119,118.43306
107,121.2522
102,135.70901
150,151.52151
208,203.02502
289,266.79715
358,318.9285
362,378.20703
378,362.42978
374,379.65622
378,367.2233
424,388.8401
417,446.26126
431,426.18912
325,377.38324
334,305.2607
313,325.28384
274,296.43436
184,176.79092
107,105.723915
65,60.971916
27,44.7305
33,29.516054
74,61.750816
100,105.318794
135,161.36058
239,245.65648
338,315.661
245,282.89258
222,216.8259
156,199.82654
164,173.61345
148,173.8966
176,181.29187
178,197.78891
226,201.21599
250,257.74475
254,272.26453
207,216.52876
198,189.25058
234,207.10414
292,219.35162
142,191.7275
81,91.06016
47,49.31248
32,28.153896
30,27.229467
62,55.475494
82,98.092896
165,162.44147
280,263.7371
358,366.78525
307,293.74762
234,230.66914
200,201.07729
180,186.17009
206,173.92383
198,194.69116
207,202.29124
224,222.70638
246,272.08264
292,286.2339
238,249.2382
199,217.4567
263,231.99759
308,282.8485
213,192.45815
141,117.18479
57,69.19453
39,36.6317
32,33.65827
57,58.691055
101,94.568634
156,167.10527
274,273.3376
379,367.13766
328,327.46747
236,245.69565
213,215.9493
202,204.10678
199,205.80017
217,211.62653
235,224.97403
255,248.6714
445,302.60895
560,443.15723
600,447.8627
346,427.69073
341,352.47363
315,376.71857
225,257.6436
120,153.15723
80,68.82975
38,48.72947
43,33.317688
51,67.26508
106,103.66185
193,167.74278
267,291.03488
391,376.32712
346,340.52338
254,252.84999
232,228.38782
200,226.89047
237,213.29869
219,235.47583
240,244.91624
269,269.8718
339,336.77222
418,396.30228
363,389.24536
301,331.80118
353,343.37604
463,392.3865
305,375.3582
227,206.81065
106,136.01196
50,61.68912
49,53.179146
76,74.26983
107,107.84602
170,170.48738
243,228.45721
313,314.58325
291,287.81296
269,268.54898
269,250.54631
247,252.75908
248,260.40268
278,261.73904
280,291.28772
316,316.98947
388,408.8554
490,463.26843
491,485.83145
414,451.3855
430,462.13696
600,595.76807
610,662.8123
544,633.5608
391,476.009
295,289.19293
175,210.85954
158,128.17528
141,122.99104
126,139.75952
208,178.87602
196,233.33788
297,268.96347
350,323.02313
389,377.65057
385,413.31317
408,408.1226
430,431.73404
521,449.7682
540,551.15204
563,633.89026
638,640.37177
603,619.8091
546,587.4016
564,591.97125
574,693.06476
565,642.8497
549,548.5763
426,451.23712
309,329.2695
214,221.41519
138,156.39688
109,123.17101
128,120.58015
138,141.49625
167,160.4361
250,217.84358
306,299.51428
328,343.79218
374,349.2346
402,377.2393
371,401.12262
448,372.34152
448,475.56796
457,472.19275
540,472.4588
385,448.90125
338,345.99762
326,329.16605
267,302.92676
162,188.66988
118,100.84857
61,65.430084
39,36.00901
31,32.453796
49,68.520485
81,96.429634
166,155.38876
233,248.93292
293,312.8116
280,265.65656
263,231.62994
148,217.5547
180,171.67517
170,177.36485
170,188.5495
182,189.43756
183,212.78021
210,234.45291
232,249.74008
190,207.08356
163,185.6579
194,195.7877
155,217.49377
134,132.93066
87,82.05777
46,49.14866
33,32.047993
29,28.69777
57,52.289715
106,83.63209
167,170.88509
238,262.21408
349,327.04324
284,307.57144
216,246.17395
190,190.78256
150,186.08778
166,175.83015
184,184.99225
193,196.38583
210,208.79283
239,243.31966
305,271.81384
231,249.51334
251,203.4237
258,259.84192
316,268.47092
204,205.4395
109,122.33458
56,59.281624
31,36.6317
37,31.09613
53,58.70357
85,98.56462
166,163.54132
294,259.93445
401,370.88742
329,334.5249
290,238.42863
204,243.49289
226,191.7774
261,209.53114
276,242.29506
260,255.26602
324,267.94315
335,359.5484
423,422.59424
444,405.83545
569,373.5277
596,478.48868
359,508.52484
235,250.01698
140,139.388
76,75.3885
47,41.836704
27,37.266003
65,57.35632
96,101.104256
186,180.41246
283,292.05627
396,388.8082
336,349.32343
255,279.977
218,234.7046
214,218.01505
217,234.47464
218,236.31996
225,239.76862
258,272.22537
317,335.25412
370,385.56107
324,365.56134
312,333.66843
356,359.4714
339,410.0861
260,289.68143
197,197.94064
102,118.077675
82,60.348278
60,56.296844
66,82.82212
108,101.41448
177,171.70714
225,240.09764
306,311.06116
244,291.11926
262,256.35602
267,245.7168
237,255.48361
223,243.38277
255,250.55342
285,270.27673
347,320.77826
391,415.65683
434,464.33368
465,448.5913
365,435.25864
410,422.50104
510,558.27386
591,592.1222
550,529.4101
471,479.86996
318,332.56512
247,210.70784
147,151.6995
117,125.43164
186,133.04999
158,196.55376
202,207.16951
264,260.30777
291,313.82477
358,340.9145
344,380.31635
335,369.46237
360,372.9879
398,390.00687
390,463.071
462,463.43015
530,542.4594
507,579.51025
523,520.7763
583,560.58716
598,719.826
571,668.0504
595,519.3313
453,494.54938
308,327.95822
181,241.37567
119,143.01764
106,113.89681
123,125.86897
127,135.25153
169,165.66504
204,221.50279
258,269.00406
311,303.50797
285,340.90164
330,306.91492
304,338.3375
320,328.31735
305,351.4269
347,348.81052
295,371.43713
280,294.7965
253,276.37375
250,277.50317
228,258.22308
169,163.93686
119,100.64108
57,64.88964
41,34.94863
38,31.120306
66,61.665043
88,95.50649
157,159.75209
221,232.81627
302,298.58374
300,265.43655
179,248.08476
186,164.34856
192,183.94273
183,184.66223
182,183.39288
218,185.04227
213,214.26326
273,248.4694
260,274.46152
215,218.26929
194,188.14772
194,211.53453
155,222.28995
132,131.34747
79,87.927
38,46.339684
28,30.21684
26,28.8159
47,56.58068
77,84.38171
162,159.5525
261,250.44781
333,338.75302
290,309.20364
230,217.30962
181,203.09892
186,180.5521
189,183.79884
167,193.34975
198,188.57281
204,214.8738
284,248.38063
294,309.21368
257,251.24948
204,221.02995
240,231.55338
223,262.81305
150,178.06763
119,102.66617
54,62.633022
31,35.743153
20,30.966599
52,54.695934
87,86.102005
148,162.70879
254,268.7765
363,352.60184
276,321.3033
222,241.40315
195,205.08441
137,199.04657
200,171.3086
180,214.16911
199,209.85669
211,231.62183
308,293.7663
290,358.11533
321,302.1832
270,294.15115
266,286.3639
224,294.04324
207,199.16011
121,137.01682
78,71.14629
60,47.43977
21,37.2512
77,59.636322
113,102.44487
184,174.3715
240,274.44046
320,353.24777
297,308.04898
246,239.89963
212,220.73346
208,194.98335
216,213.99661
189,217.53165
242,211.0375
269,258.4718
342,333.11993
372,373.33032
312,338.81766
274,298.19608
254,321.47516
322,287.52615
231,274.16434
158,177.09142
99,103.87034
55,62.124397
41,50.545696
79,73.767334
117,108.36013
166,173.6487
214,228.13953
248,299.32874
288,251.81497
252,258.26163
280,251.32892
287,264.02704
258,273.09735
271,261.82394
238,283.43842
260,293.21106
358,358.05527
413,435.0384
385,426.83218
376,375.96384
374,404.86923
428,496.7124
487,509.3217
412,442.05325
257,363.1306
190,203.5255
150,162.76091
88,133.8031
102,106.64148
135,131.04524
153,177.94643
182,198.93747
257,259.11685
241,300.34195
317,313.32162
318,352.8637
261,341.9995
327,313.86356
319,353.7326
352,389.68893
399,446.34598
418,479.92084
464,467.609
464,490.65723
705,505.2853
714,728.05
552,693.473
439,476.64868
333,383.80505
218,266.8863
168,183.89514
105,121.25041
86,102.343544
93,118.82149
102,124.17505
143,155.53265
205,203.94725
261,255.48508
267,303.38306
256,303.66962
308,263.92014
320,314.62872
323,326.16473
363,350.23874
391,387.70117
380,394.41168
336,342.91678
382,316.21472
518,348.1131
407,579.8507
373,266.2932
129,128.92738
96,104.60552
72,80.40588
102,93.24055
147,142.16078
156,155.40572
219,218.4234
283,287.11328
338,339.6903
274,280.6239
238,252.11069
210,226.29442
235,221.6223
213,243.52725
274,252.4312
254,276.0315
255,269.04703
273,271.96225
232,285.3451
277,247.41255
253,264.8446
273,255.20769
277,277.32013
267,274.3548
229,250.53629
217,203.95749
201,187.07684
190,208.95897
240,197.38565
178,172.22176
179,177.02075
168,183.57773
205,218.92818
257,246.87993
218,271.60855
258,251.75703
251,266.2174
279,255.928
264,285.40344
285,273.81036
287,297.16757
276,304.7058
247,291.78677
281,264.5421
281,275.1025
288,287.2819
312,303.1805
261,308.8036
252,265.0238
235,246.30145
228,230.36603
205,242.66315
269,246.12816
181,190.45555
153,171.59352
158,153.11008
173,166.3883
221,222.66821
238,241.96806
223,247.27759
228,226.236
223,242.10707
253,239.20862
271,246.10806
234,260.76715
240,234.63033
218,236.1147
230,209.68497
227,225.30351
267,229.82683
235,246.31676
201,197.49844
133,158.31349
84,103.6161
84,89.16445
106,102.63101
142,155.92271
172,157.60445
237,235.47105
268,295.2287
337,332.99557
237,273.67554
246,218.04008
193,207.09575
187,197.54845
196,197.49771
223,206.01865
220,219.02094
184,222.53598
221,225.19344
208,220.7663
195,188.8723
189,180.80008
165,176.60635
190,174.16049
131,148.88086
88,103.8786
96,66.74091
48,70.92989
77,82.56957
95,118.67811
150,136.79103
205,223.2328
267,287.4519
314,347.6836
270,259.88058
230,235.98517
192,207.36267
157,188.157
200,185.0553
197,216.50546
223,209.81818
171,218.40308
205,207.46504
191,216.28369
214,178.16881
174,192.45413
200,178.08025
182,186.96265
146,151.55238
106,107.91526
72,81.31503
69,58.04886
82,89.13338
115,112.44905
142,140.67944
211,203.56664
278,287.95837
320,339.34058
270,273.52014
221,237.28464
232,206.36203
214,223.04053
217,212.93788
211,226.22745
202,224.83145
211,204.07445
227,229.0864
223,223.60368
169,218.31328
183,172.90445
191,190.73608
197,185.93263
164,159.51988
124,118.57112
77,87.6824
82,68.440834
81,81.49741
130,120.94601
145,148.80396
232,210.56845
269,300.42938
317,343.3166
290,273.8651
242,234.70935
200,224.5997
214,208.08565
209,224.80382
220,233.16237
223,215.85631
186,233.43019
234,229.0535
211,237.79738
202,200.38263
185,192.30771
198,198.38387
205,204.19273
165,168.88345
132,132.84758
84,104.712845
63,79.02489
104,94.54701
165,145.60637
150,157.06499
211,219.38489
224,278.08273
325,309.0256
254,274.44693
230,238.31396
199,219.8292
212,220.7897
243,222.29248
251,256.7218
236,248.84572
242,242.12486
264,265.80157
273,275.90454
229,267.77646
275,226.26054
260,279.7084
269,276.20288
235,262.2027
213,237.18277
197,194.7547
179,181.62733
214,201.5359
232,212.73018
179,173.32368
181,178.89633
180,180.99753
223,218.50145
267,251.75996
233,269.29892
257,249.3022
235,260.26285
249,254.38701
261,266.91617
275,268.90314
298,281.26544
249,305.12494
271,271.4827
292,269.5295
297,282.79892
311,300.2665
309,315.12534
276,299.8915
280,261.52356
248,249.03958
204,239.45595
244,233.0995
301,256.80017
167,197.54942
161,165.30383
122,164.47627
165,157.7022
229,213.47801
248,245.49728
241,244.41733
252,237.51814
287,248.18095
299,271.9243
307,278.814
286,288.55524
257,265.15842
211,240.5607
232,208.61334
238,224.93259
224,238.94183
238,219.50504
192,204.7888
168,150.31238
105,115.31044
102,93.85954
121,110.076996
162,158.17091
173,169.1368
214,237.79756
280,285.6789
304,336.69012
252,250.67834
213,223.79192
199,193.9868
227,197.89383
215,218.39778
216,220.30283
194,218.71286
187,206.05746
227,213.50072
195,218.12807
167,185.80185
185,168.58798
169,174.50081
175,177.24174
153,134.45157
95,114.13408
73,78.840164
53,60.82519
85,82.96969
131,116.59245
155,144.29204
183,212.92488
255,278.46832
324,326.75177
234,266.40195
219,216.60028
196,201.99509
215,192.94368
200,212.3414
212,213.56837
212,209.76862
246,204.46468
210,241.1398
221,205.56313
168,192.4089
156,177.97847
192,172.56557
189,184.47258
154,160.20714
101,108.63861
82,73.35676
52,60.985493
83,81.23151
122,117.503204
155,147.48286
184,202.52162
266,272.65503
340,335.81293
244,269.22592
236,224.79172
207,219.77571
230,209.74234
235,224.58923
231,237.79642
213,222.29991
205,224.06816
303,227.42128
299,271.44617
376,231.75499
223,296.91324
170,209.07553
164,184.70833
133,154.93265
122,104.58231
84,85.94554
76,68.09257
85,81.03825
141,125.83119
157,152.77466
236,209.89452
263,293.2676
336,326.61
253,276.3158
222,233.01639
213,207.57301
235,215.49414
221,228.85394
231,231.94539
258,233.28235
234,238.56778
284,255.2784
238,269.79123
206,227.82668
243,195.94958
222,211.37013
196,210.32405
154,162.17975
123,129.74937
93,96.43345
98,76.73732
109,103.164375
168,150.67265
182,158.32599
244,229.245
247,283.57938
357,320.13974
281,278.63818
225,238.90012
247,216.33813
241,244.86958
261,242.53304
264,266.9024
272,261.44278
271,269.02676
281,287.7231
297,283.32214
284,280.077
274,273.6627
294,271.9191
289,289.52356
221,267.8948
238,210.80923
209,208.19768
182,198.29323
202,201.59508
235,215.09227
195,187.4553
161,197.42386
187,179.70651
227,222.16304
246,261.22247
280,251.51595
240,280.0607
256,252.18263
251,264.6661
305,265.1043
308,297.6329
281,306.76184
289,287.14896
319,290.93906
311,301.7186
342,294.4071
298,325.26135
337,311.28937
263,291.70163
255,267.4691
245,249.9388
263,230.78333
269,253.44382
287,261.14008
186,192.69745
162,170.27196
154,162.5511
189,172.98055
210,226.3148
246,239.74673
247,244.24887
207,242.82127
237,226.74052
256,250.93091
273,258.01205
231,262.11862
265,241.41342
282,247.63087
250,252.93901
245,235.8483
277,239.48633
217,262.03094
185,193.38876
156,149.63672
114,111.997314
97,99.82702
93,107.80543
145,152.83531
150,169.77203
232,228.15944
249,299.77353
338,319.2483
243,263.08823
221,218.90952
191,198.04092
202,194.80417
207,207.86826
180,213.73119
182,197.40968
170,187.90712
207,207.71971
199,206.2785
191,183.71194
165,181.33992
184,165.51003
182,176.41534
136,140.38524
115,97.18416
71,83.47316
55,55.769806
84,80.372955
134,118.957756
107,152.88695
195,201.82709
244,273.15952
311,324.8773
235,258.96057
223,216.56203
203,200.46086
173,197.98946
179,193.3236
198,196.80083
201,201.81796
196,214.32178
186,214.86143
194,205.35631
197,186.50424
185,177.25601
190,190.08344
186,186.98303
141,153.63312
107,107.49566
97,76.145256
74,65.66187
78,84.9677
130,118.5492
133,134.62051
182,192.80698
248,266.74356
301,325.8067
252,255.03024
247,223.83717
225,225.93217
179,210.35329
241,196.6923
271,237.31128
248,242.71507
270,234.86806
241,270.47058
286,243.722
201,270.25598
284,189.04799
245,242.346
223,208.38678
147,167.27461
131,117.18048
83,91.02795
76,71.346375
83,83.24519
139,128.19112
161,147.85504
234,218.51065
251,285.5493
310,317.9553
269,269.48788
248,236.51523
225,223.07393
200,211.67593
193,218.17485
212,226.05087
190,237.09341
205,225.60822
237,239.01952
217,241.61723
187,203.17001
191,199.01447
185,213.8357
220,200.56874
157,169.91772
119,131.51851
111,93.861496
101,83.456726
86,103.039055
174,150.16156
190,163.17409
245,236.60072
238,272.81845
334,310.16235
270,281.08606
231,241.84535
200,223.97296
210,215.06337
229,224.75005
251,245.77786
236,245.8206
258,243.93199
248,275.1516
327,263.9066
279,295.96896
276,265.11234
297,273.97287
259,298.24356
262,236.49997
235,238.88246
208,213.96634
188,187.23918
198,194.86952
223,212.63782
186,183.94629
191,189.72667
155,194.48938
232,215.24129
245,259.33847
257,257.67258
266,259.55295
270,261.74252
319,264.9286
264,304.0157
290,269.9182
283,290.34094
276,285.51535
244,291.0463
313,266.1425
340,299.7189
313,323.24588
299,317.10236
290,280.33246
296,263.724
244,255.28952
250,237.27303
264,250.72842
289,270.03418
198,197.0766
185,184.13965
150,166.82294
155,176.16664
237,209.25882
205,257.2817
242,228.15886
209,237.01735
260,225.6411
241,252.43748
235,247.57416
240,233.59364
218,243.69948
230,224.1343
228,222.84148
237,222.40756
204,248.20778
227,212.3871
156,194.62738
162,133.71854
113,114.96403
97,94.72264
119,105.08992
157,149.45485
157,169.2897
257,231.3118
334,293.98752
328,338.9951
234,256.7699
221,205.09541
212,198.37128
186,203.56642
215,197.86217
211,216.65544
214,199.97925
210,204.43678
210,224.434
184,209.69986
184,180.29819
193,177.6079
156,179.30217
182,168.87978
149,139.6876
128,102.12355
81,81.343155
54,58.272472
71,81.51574
115,128.63622
121,144.42252
211,204.20105
225,286.9269
303,313.0152
265,247.13419
216,220.78867
192,202.16972
183,186.9774
211,194.6884
228,212.8241
215,219.54037
192,212.84698
229,210.43498
206,212.57755
179,192.08437
181,176.65979
177,180.86952
144,183.493
170,143.31264
109,119.680084
85,81.017944
50,65.98407
71,75.01078
120,119.79031
137,137.17159
200,196.306
241,267.30618
341,308.70636
230,271.78238
224,219.166
201,209.8489
187,198.25287
187,214.52225
208,221.11588
212,213.50995
208,217.14719
202,239.40126
231,236.54193
165,204.9511
191,187.48413
179,190.06679
184,182.02141
155,160.79564
119,119.12692
89,85.98157
58,69.82782
100,78.951904
137,136.17017
141,151.29366
206,217.26817
247,268.61316
291,320.97513
240,253.5437
229,227.76227
235,208.71085
192,215.94144
215,201.02675
216,221.20602
213,217.77863
223,214.65652
222,236.17577
236,232.06256
211,200.99031
204,195.27109
189,198.4077
218,195.77985
200,172.0546
133,143.64899
115,99.07732
95,95.22595
96,106.38739
176,149.84486
159,172.96867
235,227.11203
220,259.25513
303,299.96204
236,262.337
237,227.13475
204,223.5254
212,206.92586
240,229.08446
231,247.24387
252,235.39671
255,257.83694
263,266.49765
332,285.31494
279,297.1339
276,265.20584
253,281.27103
267,264.7515
256,247.94777
238,242.93858
205,212.8902
185,184.7867
219,195.57716
249,230.32234
196,190.45932
181,198.7324
202,184.30052
203,228.76212
233,240.11488
236,258.8738
236,248.92755
218,244.34883
240,243.74748
262,255.02663
261,271.2129
285,275.75052
285,291.0083
283,290.23462
255,290.6961
261,284.32233
290,284.1185
247,303.41803
324,255.86137
263,286.38727
237,251.80066
228,227.72044
264,243.95665
251,271.7455
187,195.2369
159,177.13611
147,159.66162
164,167.21959
207,215.65152
262,233.31181
246,255.43845
231,228.05461
227,235.88771
278,234.20422
252,263.53717
240,243.05641
239,242.44118
258,232.92761
216,234.89018
254,211.89362
247,238.00789
206,230.39197
217,179.53107
220,213.03925
127,151.43416
92,93.4883
79,80.051
75,83.346146
120,103.54053
178,177.94536
244,213.78297
295,271.06873
259,275.33826
261,247.87282
249,258.54498
268,266.09097
287,288.38388
310,318.26312
366,346.12454
378,400.8509
393,398.21414
357,379.86755
296,319.38638
328,273.77893
335,313.76736
408,335.9044
379,371.146
298,298.91315
224,234.32307
173,163.935
142,124.544914
114,117.547066
134,118.76728
150,152.35577
176,161.97792
241,201.84993
226,243.52682
248,253.46014
232,262.63727
291,262.9673
305,297.4649
344,330.57693
372,343.09552
380,368.72955
371,383.13864
392,362.0283
378,358.7312
389,350.47174
426,364.62363
345,408.069
347,343.53088
267,298.97736
190,234.91139
155,157.22351
103,129.9347
127,113.500725
104,115.773125
117,133.4218
119,146.83678
174,155.37323
185,202.2589
227,220.48854
242,233.71487
215,248.58327
264,235.79996
312,287.5139
294,297.3361
294,295.14423
278,289.92773
277,290.07187
271,271.95996
303,264.86942
263,280.856
297,262.8016
222,251.10349
183,172.61926
103,132.62791
100,74.77143
65,73.902916
78,76.84296
113,102.26755
151,154.67885
217,222.44292
260,273.8044
225,248.30022
235,222.47649
223,225.11743
250,230.19334
247,258.59634
265,262.95978
300,280.95596
323,311.3306
350,352.97525
305,326.30862
231,260.1573
224,225.12318
195,216.96196
223,201.35721
220,201.3127
160,161.11511
112,109.76068
68,76.00559
63,59.96306
53,67.87977
98,90.06645
136,154.59785
182,209.75455
289,253.79343
252,248.75703
241,232.34512
256,235.80649
232,257.0384
277,248.30057
272,285.73492
298,293.27856
318,326.20544
341,357.09973
351,330.87872
250,270.52084
230,221.88116
235,227.38983
236,223.11118
201,219.3483
141,163.9217
92,102.74087
69,69.11323
60,61.679714
68,66.23702
87,96.9345
128,144.66931
189,206.59456
257,267.32626
271,257.786
232,240.5365
222,245.96143
265,235.91159
216,273.71082
278,265.06903
306,299.1897
310,332.22723
321,344.0739
367,334.1222
284,312.68796
259,257.06012
269,254.27094
317,256.01468
273,246.6502
175,179.24258
124,117.614746
68,81.37742
67,68.35234
66,77.06172
107,94.84701
133,145.63264
197,201.32253
247,260.90067
242,255.04478
212,236.01018
214,222.10416
271,250.34708
244,266.05292
289,284.28107
309,313.02286
341,317.97476
340,355.63663
366,357.63016
321,314.40976
274,281.75967
278,285.73068
291,288.0639
292,277.518
178,219.15912
147,133.05089
96,98.31829
105,81.97024
96,83.91334
94,115.69544
157,160.3725
223,206.46031
255,272.6337
260,252.35027
242,244.0686
271,240.53662
265,280.9281
239,278.8151
321,283.6522
327,341.03375
343,360.32034
361,383.69897
341,367.13382
338,317.34796
324,305.70624
344,316.2971
356,352.7355
308,342.28128
241,270.51443
202,213.31331
160,163.87413
124,127.57867
132,112.96805
114,123.65292
146,146.68248
159,175.7564
185,212.18314
157,229.98999
205,217.67432
224,243.63885
226,261.5249
240,259.2483
308,291.12463
311,325.54175
315,346.0095
343,347.3043
354,355.92963
318,340.85593
344,314.00378
350,347.8643
357,357.48724
326,345.4578
300,279.0172
216,239.4757
169,160.96278
119,131.05586
112,125.36183
104,112.37755
133,131.1069
121,147.0503
133,165.51291
192,173.59898
231,221.63162
205,242.56793
209,226.8809
250,230.50316
323,277.8677
274,306.41934
282,283.00424
289,282.68842
278,288.4011
251,262.85226
300,255.0247
285,280.42426
311,280.6592
205,257.10556
168,171.97578
148,118.58782
76,106.1976
51,66.04604
92,76.11069
86,113.53688
152,153.16301
209,224.84212
263,271.78976
260,229.94052
212,234.8297
235,208.65245
242,234.4059
238,247.58864
257,262.08762
284,276.0414
310,311.03717
310,338.76273
319,301.29596
251,262.2807
206,231.1432
190,205.5707
208,204.19833
194,197.61124
145,152.06161
108,106.79373
82,73.176735
61,62.693928
55,64.98748
76,93.99687
143,149.70425
177,207.246
233,250.89919
234,246.5152
221,218.41878
254,233.65063
293,251.38716
258,277.6072
271,277.5746
296,292.3387
301,325.21527
317,337.70786
307,329.66714
235,265.75842
263,212.85645
249,242.22289
238,239.07628
221,211.15111
213,149.10988
150,120.56981
62,89.96695
52,60.07414
68,65.89323
94,91.26942
164,142.35237
171,211.68472
278,242.80046
252,257.86063
212,230.71191
209,223.50455
258,247.13736
286,265.337
275,295.60556
284,298.36688
366,312.95248
402,376.0383
407,372.2537
465,322.2724
268,367.3558
224,266.8543
247,243.94742
196,251.14803
185,161.45712
171,132.46002
114,95.022545
78,77.70673
75,77.58651
113,102.741425
183,152.90869
213,208.47891
242,268.12387
260,242.82625
222,228.7521
221,219.89273
279,249.56422
271,280.836
321,292.9061
302,319.10977
357,341.03967
393,378.67554
344,384.18634
308,332.599
267,277.5323
290,268.83908
347,282.61404
272,277.16254
220,205.69383
150,159.0923
110,105.32024
87,88.28487
83,94.0694
114,110.61542
161,175.26262
223,219.69415
273,273.88388
289,259.7099
226,249.75227
261,239.76506
294,274.9736
290,295.9546
340,315.5112
350,349.4391
373,369.5142
399,391.92032
378,383.69107
334,338.0791
360,308.0575
316,341.6733
322,350.11945
346,326.36212
202,280.59656
214,168.47583
157,165.97623
138,123.75422
115,114.76302
118,116.986435
140,146.6314
157,161.82947
186,193.09572
227,222.35028
218,240.53278
239,245.46252
258,265.12247
281,276.7748
306,317.96024
291,313.2716
359,319.219
369,376.67862
367,369.73798
384,347.12805
374,352.96954
306,359.2392
334,329.628
327,330.86325
269,277.64783
181,218.8266
186,142.14784
113,136.4758
112,115.767334
113,107.114426
116,131.06694
142,129.79669
168,154.85002
180,201.62804
240,219.29362
213,245.00514
237,224.47827
225,245.03215
284,260.9549
285,280.64474
329,291.0032
339,314.9002
367,314.0447
321,305.37396
288,297.9753
287,277.3803
217,289.64114
185,206.52103
166,158.62793
116,118.66749
71,90.08409
67,62.99807
70,81.96185
101,108.590645
160,152.01843
171,223.50719
253,247.40363
255,243.75201
233,225.87238
212,222.92062
235,227.38766
212,242.24881
253,247.86703
249,275.08752
305,286.58356
315,342.89142
259,313.1974
237,236.04079
222,220.22038
191,210.9788
224,199.74525
197,197.12466
123,149.6012
112,98.65221
82,74.712364
59,66.1723
74,62.198345
91,99.62395
153,149.82683
176,193.76225
237,247.8412
209,242.30327
180,213.33926
224,208.54381
220,248.11006
263,238.99417
239,278.60657
241,265.17145
277,291.5377
313,331.68768
287,314.6306
239,253.3511
228,228.08716
218,226.76492
217,228.95546
208,207.7158
170,156.4276
112,113.723465
82,72.96432
62,64.431076
56,73.41891
112,92.6524
146,150.96082
180,191.15524
255,246.90295
275,245.55447
200,225.77481
228,213.3494
236,239.48979
291,254.42754
303,290.1693
373,298.79346
401,365.0839
373,396.30093
348,341.32584
383,299.0793
310,305.6822
276,261.85336
282,257.7768
231,239.4649
184,175.01526
123,128.4071
66,86.22017
51,70.342606
70,69.7305
99,108.32979
155,155.44995
196,203.66109
266,253.82094
247,261.67664
234,218.6108
232,226.97159
210,251.75688
253,253.42659
264,295.61978
318,297.07806
296,358.84506
321,354.765
318,341.8051
284,308.65042
270,279.10132
261,281.36227
285,281.85968
231,279.3427
163,196.24634
144,131.32742
97,98.79912
78,82.926476
87,85.75354
110,110.83732
159,160.33441
223,213.72314
242,274.20026
210,248.5514
207,225.88591
238,234.20741
251,251.73808
277,273.1903
301,303.32013
310,327.8032
331,340.74554
376,367.67172
411,370.95184
329,366.2482
341,313.20105
297,331.84412
316,332.35678
344,330.69458
273,254.54106
218,215.43155
139,159.34767
108,124.0473
108,108.62099
107,112.78087
156,143.46152
163,168.60057
232,190.22034
213,242.73073
233,232.11404
215,251.99744
242,249.28699
256,269.91803
309,291.5878
325,313.2784
305,349.17175
337,341.62292
351,353.37805
323,337.67844
349,330.6778
342,337.7377
355,343.69452
326,338.35083
257,275.38724
209,204.04504
148,158.51828
136,115.957794
126,113.67249
87,105.93245
118,118.316826
136,131.2207
165,172.62172
194,195.25027
238,230.80705
204,231.83856
215,223.18716
233,231.75371
285,266.4573
261,286.3162
321,273.3644
275,316.0578
325,278.58423
298,285.99542
260,284.03543
261,274.57208
254,272.89502
253,223.45888
235,179.60023
144,146.06723
80,88.21735
63,67.6892
66,78.974556
104,99.882835
169,154.86621
182,217.22269
267,251.23177
212,241.32501
229,210.74162
200,218.27986
227,220.42323
240,235.81625
276,260.28003
302,282.11755
314,314.30582
329,332.70776
262,318.1779
258,239.74715
227,236.21204
201,210.70807
198,212.23154
177,193.4894
155,136.75026
109,111.41662
70,78.277855
55,63.05251
62,62.27049
63,92.554
134,147.64034
151,183.66399
245,228.72043
244,231.26949
244,218.97112
232,236.54716
226,238.4041
220,250.18562
257,261.88007
267,281.73016
279,302.23206
287,326.56793
289,296.1476
250,257.216
248,234.79547
197,237.04128
219,212.37102
193,200.33208
151,157.18254
119,109.05463
57,76.38073
53,57.629078
53,69.18317
103,85.88598
145,149.65894
179,179.373
238,247.52875
267,250.4228
219,230.18677
217,225.08488
233,240.4128
270,251.80011
259,287.99533
268,282.93225
279,311.61035
338,325.61304
325,335.04953
278,304.43295
259,268.4605
210,257.79016
254,233.712
244,225.39095
168,182.32619
119,122.73082
66,73.72996
60,64.023926
54,70.40403
90,101.05716
160,154.93816
181,200.31947
232,240.79663
238,245.34001
210,222.9348
220,215.1696
247,240.93137
277,262.74597
266,293.40427
300,289.8488
305,324.14792
362,340.62167
314,354.9623
297,294.8177
293,274.0179
267,272.18546
277,282.35507
288,265.36212
186,204.35417
138,142.80779
88,95.04457
82,82.22749
87,82.51462
111,106.707466
163,158.42938
186,211.06845
247,241.24927
259,247.71637
241,231.12439
240,246.0466
262,257.2565
302,278.84436
316,313.82846
317,327.91724
369,340.93164
396,383.14236
394,378.35532
366,356.41852
356,334.1369
324,329.9495
344,327.20303
317,348.7084
294,257.70544
222,222.3204
167,156.2441
126,124.85316
107,110.920944
115,112.23442
130,148.6392
162,157.4147
174,193.44087
186,216.74373
209,226.38344
251,231.49962
226,263.30664
258,257.57648
270,294.9146
329,298.92117
293,338.89203
317,328.25754
380,349.85175
330,346.5933
340,329.51553
321,338.80582
352,345.36182
336,336.94775
299,282.6478
267,226.68474
165,182.60046
160,129.2243
172,119.558525
121,118.00103
119,124.544685
143,136.7761
158,165.78743
167,191.58728
218,215.1385
204,227.96864
207,221.1811
204,223.90834
305,242.6323
275,295.908
261,285.56012
291,277.53995
299,299.27753
268,278.17923
282,269.12457
253,278.01724
215,251.92285
212,204.48138
854,775.26404
452,598.10425
297,158.41194
181,101.26935
122,102.5564
326,286.65588
241,402.74673
568,412.59497
438,363.5115
331,299.58276
500,383.06274
370,403.61096
470,347.66953
369,434.2003
505,481.01974
572,574.15765
671,587.927
541,537.5967
543,530.4635
630,561.56036
723,705.33215
566,736.4192
674,618.44305
643,642.1715
759,533.82275
424,385.93204
213,229.26308
82,158.89284
57,96.491196
175,241.29659
335,261.35178
453,434.1867
348,358.33936
284,351.88474
340,365.52634
355,378.9076
337,377.89514
323,363.85565
526,503.95166
592,594.39886
512,623.11707
526,502.28143
441,506.0589
656,512.60486
617,660.3223
564,664.29254
553,619.87164
743,606.306
524,645.7503
286,322.55548
128,191.9885
126,78.57763
59,79.11813
232,176.50194
347,333.06628
353,399.26974
278,355.68555
338,353.78796
386,446.24915
474,458.90503
413,431.92874
455,457.85074
652,606.1366
746,899.4795
774,773.84845
638,701.9905
827,703.63635
676,740.4354
899,1014.2537
637,880.80945
1209,867.3353
933,1221.5542
818,1118.9113
287,424.9566
228,173.53766
243,179.52982
130,134.60371
278,332.28653
432,423.5596
444,413.95734
304,391.11023
335,318.05792
456,457.5842
338,433.47998
301,390.14548
426,366.16162
547,583.78076
688,752.21027
623,720.37256
583,614.2253
750,656.68353
558,676.389
725,692.4135
645,712.4115
713,729.94403
756,924.9705
546,708.93427
318,273.86087
232,224.71336
164,168.14536
100,145.36705
208,273.87473
397,356.3358
337,394.65045
252,286.56354
219,264.47186
270,295.02682
236,296.6323
260,295.9352
313,310.8269
456,450.0197
513,555.4434
493,534.1337
550,497.21936
595,545.36127
526,577.0335
693,620.1805
570,602.2953
539,593.6702
496,549.05896
515,399.75104
243,243.59714
95,162.32947
70,116.42331
58,83.443016
180,198.91638
280,319.11975
319,325.0562
219,231.0482
177,212.75339
284,243.15215
219,272.06427
272,283.30573
324,310.57443
437,436.86765
472,514.36584
545,526.4095
466,509.95282
548,512.6424
627,570.5857
661,643.00397
596,617.632
620,633.0198
668,666.26294
521,718.5843
213,322.19525
162,114.46588
72,95.153564
55,65.163795
266,194.62428
303,333.91254
358,356.2971
262,268.6126
192,218.55112
281,262.4095
282,282.28452
361,316.28427
293,351.04416
467,453.35953
538,530.14886
576,553.3924
489,554.10187
578,511.09982
520,626.34656
693,630.7883
668,722.0365
499,694.7983
645,629.20105
611,708.8706
307,334.32074
230,186.25226
114,119.03163
61,82.5244
297,229.75368
410,374.47876
490,432.9344
269,353.45657
324,267.67072
337,372.1233
272,357.5704
375,366.4881
315,376.2898
498,498.04987
613,599.67865
540,660.5582
544,510.15778
511,541.0314
494,617.3037
722,640.68866
606,677.70166
667,728.72205
619,714.7177
491,658.70593
261,314.82877
130,209.22227
73,91.36781
84,69.08147
191,246.35794
395,294.27225
402,425.3841
307,312.09937
288,309.19534
341,339.36588
312,346.37122
279,352.15686
337,302.10092
516,505.0229
552,596.1565
545,594.7674
591,495.47736
441,548.3765
683,529.47577
590,672.5434
659,608.7682
642,620.4093
670,700.09265
542,515.6874
298,261.09518
179,145.23087
100,91.860405
80,78.06737
205,213.00409
381,345.50244
398,401.27435
349,320.07202
319,355.15637
490,431.66785
411,435.34592
393,382.3928
457,440.23584
709,655.23584
801,765.5308
984,821.53503
694,871.31067
647,704.50116
820,753.58307
867,886.2884
874,912.57935
973,958.8932
943,1082.4475
674,952.92365
499,410.73892
290,354.21524
153,153.22961
84,103.78601
252,305.23468
525,432.53
427,444.03564
428,349.49026
434,349.37274
439,472.73196
468,423.82346
393,412.73996
379,419.92303
565,545.98444
651,755.03796
727,755.6638
616,595.021
657,674.90015
662,709.42755
751,741.55035
598,750.0861
859,750.0122
691,831.8256
546,574.5633
361,305.5461
193,211.50327
149,135.51926
80,97.548676
261,232.05452
345,412.20316
389,394.31403
299,291.74127
247,258.96207
302,317.76968
368,293.0824
351,320.8045
309,329.07095
438,439.08722
484,539.0433
559,551.23724
450,512.5154
526,491.44528
549,560.91833
658,646.4225
521,620.0953
648,599.13727
586,547.45184
511,467.96683
269,228.07816
160,163.15735
101,109.530556
117,69.78062
141,212.11307
343,313.2169
312,330.5057
313,259.51743
257,228.85814
279,303.15857
302,269.72137
271,308.5922
363,303.9582
437,421.8508
494,507.48193
479,556.3291
580,486.2303
467,498.252
388,563.79974
359,548.14014
469,488.81607
609,595.2686
981,762.00354
799,669.2355
858,351.9723
601,471.63565
308,216.02092
128,113.27569
181,207.41638
246,327.53116
392,355.41278
320,301.26306
404,241.02586
365,315.53152
371,309.0934
410,340.1508
410,376.56927
484,470.57724
497,536.2954
610,527.02277
534,571.824
547,498.4738
541,531.15045
625,653.8738
515,683.6449
513,583.50653
1012,680.1082
797,724.3971
690,572.43274
326,423.98514
196,179.01788
89,113.42789
305,216.71654
384,385.63608
447,470.5753
382,349.57397
299,366.7953
357,356.59067
453,358.9782
404,430.71387
383,402.7413
525,509.37823
606,604.58325
653,590.9758
599,576.40643
432,577.6872
625,542.3878
775,697.29987
609,658.6711
699,717.14087
551,635.9299
464,614.3235
382,346.37943
247,215.3702
97,144.72795
73,85.16493
205,203.85011
318,336.48462
370,418.56567
402,342.11676
380,312.48672
373,380.50076
354,374.61685
375,357.92856
454,359.26532
507,540.19385
500,600.31885
617,549.8319
496,548.86456
582,503.85468
504,597.3561
627,588.8656
681,660.96234
716,669.16833
477,734.734
736,407.73816
218,391.27625
185,171.44682
106,100.61337
145,88.232
196,233.83255
448,319.45123
359,397.7183
433,376.33698
356,395.3208
454,465.31595
489,451.73895
484,447.44186
503,496.50162
701,649.67584
896,745.8071
1007,906.8416
816,798.8268
654,716.1099
609,760.1234
674,974.53564
736,932.48444
979,832.0344
1322,875.10266
1077,1042.713
771,468.93964
493,327.85522
145,197.24542
107,138.04326
352,268.67154
480,502.47485
534,439.52997
523,457.04962
358,379.4975
456,426.08832
536,442.60413
506,443.34732
450,496.17398
584,567.4213
754,749.0006
871,773.7372
735,742.62463
529,651.76904
783,654.4233
873,757.8171
584,786.40344
945,678.49414
780,903.8467
540,707.50464
480,359.13766
213,253.85806
147,138.4279
174,98.24028
317,250.17824
414,394.32513
406,445.35165
275,361.67038
394,264.93204
314,338.84378
410,327.92035
322,413.2555
374,326.94928
574,472.4458
603,658.9422
638,595.44745
600,580.81995
574,514.9006
623,665.76935
791,706.85486
563,641.8633
626,687.21643
587,616.24115
432,455.7169
263,251.18541
172,176.74661
61,113.4338
60,78.76477
207,227.76717
400,326.52213
360,335.1144
256,253.73183
296,261.66534
257,316.20743
364,278.22504
334,307.7312
332,361.26508
467,476.1444
546,549.09155
711,554.7119
537,575.1223
466,506.87302
507,508.80472
635,573.80536
567,604.01483
767,627.9013
714,687.7636
986,633.7054
787,642.17993
200,372.1601
125,84.466606
102,73.876976
245,235.61961
344,368.77332
499,391.21506
329,313.61765
312,322.8771
334,314.0031
391,336.81808
375,360.92255
435,360.53842
483,504.32523
628,571.96796
711,658.43164
586,519.5352
520,528.75696
559,544.4667
684,677.1727
654,648.90735
802,661.3567
657,719.29706
873,721.51843
607,610.60645
214,297.5435
118,172.77095
77,95.83662
290,257.82056
493,394.10947
492,445.29495
382,381.35727
260,320.85376
402,321.7504
428,390.16006
406,415.2882
402,402.88486
598,493.01178
689,683.7414
724,678.8437
555,603.3589
613,514.5299
584,657.166
694,686.6877
581,676.3461
787,718.67834
658,683.66504
588,581.7241
285,372.98312
208,182.70787
107,121.999146
97,77.69353
246,208.55873
431,364.60147
514,401.4655
484,374.5616
329,343.79404
382,387.5909
422,389.4987
451,408.7535
409,410.59665
537,521.69025
784,595.1547
768,707.60846
628,562.76154
573,556.03296
612,594.98676
691,626.10583
598,682.1569
590,673.9319
672,558.6724
743,509.94638
364,346.05524
177,214.4311
70,108.74882
66,77.05108
282,212.81853
306,421.5221
562,429.09293
383,433.86356
370,373.00674
532,474.99908
499,463.2551
498,470.17148
532,484.6347
822,687.8289
811,958.6738
915,932.37866
842,804.4381
716,779.7023
816,731.238
883,927.4143
978,850.5093
1040,1066.8615
973,1215.5669
1048,1063.4581
439,644.4859
314,257.2428
278,142.2105
132,126.30171
365,336.15088
590,419.77127
526,526.9871
381,423.78336
337,374.89
596,468.3001
424,470.06378
395,504.80563
415,458.0705
673,633.53204
663,764.1908
733,698.04877
706,720.0431
713,596.3997
744,749.2651
963,770.17206
761,823.304
721,881.3872
670,642.74066
738,656.16364
460,457.93744
248,217.5039
123,176.71844
73,112.16915
308,281.49844
381,467.99884
400,459.8238
305,302.1028
275,293.50104
384,355.97995
333,362.55533
389,342.40567
392,354.32803
451,476.984
666,524.1286
690,600.0638
614,572.4128
662,548.64453
686,641.5897
712,698.63635
540,649.4575
642,622.52435
591,577.3662
511,507.3337
251,257.15466
167,167.09372
76,92.43596
59,68.135284
244,231.7113
376,379.217
379,361.54486
281,271.10312
262,262.24008
322,320.38092
385,319.8528
394,318.98727
341,358.93765
487,436.45874
612,554.31757
586,600.4884
656,547.0022
493,571.66815
628,549.93463
664,687.59656
583,596.25476
617,671.53107
702,736.456
677,674.9056
263,492.365
143,185.1921
81,99.41815
59,81.22873
289,237.30986
369,356.02576
417,420.3859
292,292.08347
295,285.45837
355,330.47955
432,362.98944
400,415.7031
346,386.7979
539,491.16565
604,635.9376
579,641.9212
559,551.46796
523,528.8003
534,590.65594
854,681.72455
630,762.5118
832,726.4169
865,727.17487
628,812.1294
271,458.96115
260,195.60738
201,115.43298
49,103.44439
342,263.57706
421,397.43677
463,467.10776
436,376.1015
314,318.42288
404,362.7324
447,427.12305
428,428.62378
375,405.65244
574,526.8706
638,668.6296
648,670.6392
545,596.9274
549,515.74896
561,589.563
811,688.6782
640,673.3215
682,718.18134
714,782.8119
664,560.60925
259,283.1406
166,202.53844
90,125.56219
71,68.80609
295,213.05864
373,422.0601
551,427.18137
467,410.52322
374,354.92725
429,403.3176
406,426.95273
478,409.01276
467,446.6683
655,538.45776
605,675.3429
707,634.271
580,590.01373
567,560.4983
554,604.93695
735,616.6738
688,686.3723
766,655.7519
799,720.9659
615,725.20294
239,305.2904
134,180.19704
74,93.55259
81,78.95618
275,234.19302
339,407.32605
360,456.11966
403,417.32275
421,404.5737
458,507.93222
635,489.89713
423,564.32214
475,493.83047
757,746.6731
839,929.5758
801,948.92694
726,824.5947
592,681.0435
794,819.7729
933,916.9199
679,972.0245
985,890.6355
745,983.20996
955,913.5425
458,425.35565
116,80.82063
13,33.197952
17,10.877776
53,12.912547
83,33.03502
257,224.0103
455,401.96823
629,672.544
868,787.7583
749,630.8388
684,731.52954
748,777.03784
829,880.9282
911,792.9942
867,874.2721
762,877.0439
831,765.7852
780,761.76697
931,809.5104
1121,931.4891
784,1249.6951
1010,853.91815
580,995.0412
92,228.80089
7,6.0867214
3,4.93538
16,8.893953
43,20.319601
38,28.130627
70,93.118286
234,262.0559
416,437.0293
615,589.22345
403,432.68564
557,492.3437
463,538.2026
433,558.1713
626,493.50558
396,560.96655
439,495.24777
747,551.5687
408,523.9468
444,367.82797
287,464.21277
345,367.58807
458,412.9862
336,320.38474
99,86.07562
6,23.536383
8,4.8503137
13,11.782963
16,17.29154
15,24.812685
143,139.95534
225,314.4994
494,453.73224
623,774.3826
497,598.2525
765,695.97125
845,862.3213
1006,981.6995
1078,1109.1437
1118,941.3608
826,845.3457
938,908.22076
1048,978.2227
1003,1147.1366
1171,1103.7976
1220,1101.3716
1220,1126.7435
580,1137.5249
18,387.05847
3,18.622458
5,1.9293307
8,12.60823
19,20.648113
63,39.399982
353,365.75137
568,627.71155
898,859.7363
925,1190.1716
676,726.511
723,824.7431
700,809.187
1036,918.47345
951,906.675
881,1070.8824
746,806.9484
885,909.33984
877,999.4041
849,954.3881
1125,1129.6062
847,1099.3954
906,1367.4816
513,585.70605
35,170.36688
2,8.057859
1,1.4376224
7,7.1045284
11,12.63199
10,32.351143
307,321.91663
464,535.6721
729,829.60065
706,816.0633
579,578.8053
628,592.22076
599,683.06555
755,800.1663
754,741.84796
697,787.41736
473,722.4454
752,597.20605
816,853.10535
871,830.94135
860,964.8802
747,885.53296
782,792.5955
284,268.14044
41,71.12725
2,13.144593
6,2.2019887
7,7.666811
6,10.412485
21,26.735441
200,238.49928
380,388.5723
601,663.7916
576,726.70184
500,596.69916
624,574.3432
664,699.45917
809,775.1329
628,728.8723
645,675.9211
654,614.70233
867,651.58984
875,932.9288
1008,893.08
860,1107.17
636,808.39557
917,916.8988
409,584.41003
99,116.94241
9,25.17582
27,5.0032444
8,14.495396
14,12.128765
19,26.987663
207,205.31273
349,407.03372
558,614.66724
707,724.6006
481,568.30554
597,643.6793
658,674.71954
807,820.0656
767,894.78687
1074,836.3582
599,887.3763
902,761.4942
1060,1082.7532
989,1160.8097
883,1102.6433
1009,1046.872
1140,1005.4639
562,808.71893
88,276.55258
1,29.72433
2,8.512555
8,9.937731
10,14.123132
23,19.742935
193,231.47394
369,384.82205
690,645.03986
721,829.39325
635,650.96027
757,700.18604
700,745.0209
855,866.2251
862,847.68207
878,869.8111
657,748.26764
804,788.8315
789,741.85547
803,791.34515
782,946.2617
666,806.44476
808,767.5233
359,539.2709
3,123.76219
3,8.394746
3,4.3024073
10,9.68091
19,22.549145
10,23.87599
84,95.86631
185,219.51907
411,394.438
622,612.5886
301,395.72534
405,504.5747
581,501.52695
503,573.46826
550,555.99054
553,447.62338
485,496.72983
565,578.35486
318,394.2824
349,377.34808
472,415.86447
276,385.86725
346,377.2374
337,270.584
27,27.30727
3,11.856424
4,4.8503137
15,11.311078
8,13.2481
19,18.0785
148,148.54561
273,241.04778
401,467.67596
647,690.2269
559,519.4732
756,713.3084
754,933.68445
1288,984.9888
985,950.4761
1004,1052.4342
956,920.7737
1263,1045.2686
932,1017.61334
916,1033.3569
1130,1072.4733
1169,1207.1896
1170,1177.6959
591,784.91235
126,220.28073
6,36.598267
1,0.6037181
7,9.620204
13,13.717154
24,36.87229
355,321.4799
533,616.8957
850,875.3194
829,1065.3795
559,720.9279
764,700.5831
796,784.68115
1078,1128.5215
776,974.9273
814,895.43243
822,788.7392
985,926.26746
979,1015.6627
1039,985.7267
962,1141.2777
946,944.8663
1023,937.93097
505,627.1999
38,81.52919
4,12.017646
2,1.4376224
10,7.1045284
16,10.4902935
11,20.53495
317,320.45035
291,530.19165
779,683.0769
673,841.6591
508,545.56177
555,625.1309
665,641.5144
848,803.80206
707,751.24994
720,738.5534
603,700.111
681,674.54846
916,868.28107
766,863.3241
632,873.72864
768,754.81995
782,760.29626
433,246.63417
46,57.26433
3,13.763745
7,2.2019887
6,7.666811
12,10.737402
10,25.899097
237,246.19801
381,357.77652
563,634.86334
687,687.5391
616,568.5148
622,625.86597
596,674.82434
620,741.06506
536,653.6375
616,623.63074
617,646.75055
526,720.3938
433,561.7583
384,530.6372
412,524.674
1226,610.6337
1501,1018.01807
1342,605.5497
720,570.5745
253,309.2738
56,57.05173
20,19.74859
29,16.456633
18,25.791721
300,215.16742
489,429.26202
680,627.8151
728,702.8545
557,581.24786
811,630.7562
682,693.1346
1128,755.22076
815,777.7898
611,858.1585
919,635.7699
775,932.34247
670,955.4987
1041,919.9639
1267,1070.7177
1180,1181.012
1216,1417.4097
931,924.80756
276,535.36035
83,141.18106
61,23.390099
8,27.573412
11,15.603624
26,22.126606
218,243.45866
436,400.71667
668,664.94775
856,836.6471
632,663.894
681,790.59174
726,721.98615
982,963.1097
841,819.87946
604,772.90375
863,646.8301
869,837.32556
886,823.67694
752,841.4198
766,831.0156
704,892.25305
753,837.19275
443,558.608
213,101.76418
0,39.599194
6,16.759521
8,9.662863
13,22.12238
14,22.32187
72,87.357635
172,217.4286
314,354.36826
686,578.8219
324,382.86618
393,489.2481
583,500.43518
650,554.4058
460,563.5181
686,490.4348
420,564.5971
562,524.0187
499,429.25305
328,420.3188
452,403.38394
270,380.95712
456,387.42972
308,310.2747
80,126.48662
5,14.887441
5,4.8503137
10,11.311078
14,12.664077
22,16.482471
144,142.06404
271,250.84506
543,482.21896
588,747.7599
631,534.6252
825,687.7654
669,839.41113
1137,1017.81256
1049,813.00684
1218,1085.664
1014,819.6365
686,1081.7853
766,854.70483
970,996.2997
786,1159.7665
1155,967.61786
1259,1118.3762
926,989.2869
1159,347.3783
206,638.4466
16,38.7963
14,8.035886
15,13.9487
61,44.71289
360,319.0949
620,579.7619
963,920.7413
841,913.6119
525,757.75867
802,699.83484
740,700.8666
959,1152.7585
867,775.67126
1089,963.4563
989,968.51355
988,945.3061
799,1044.4183
904,964.7531
1004,1039.9116
979,962.967
1127,909.82007
529,859.07697
196,169.17494
5,49.598152
7,2.052547
11,7.4474916
10,12.63199
33,29.390074
270,298.81754
443,428.22693
610,812.9737
698,732.6513
627,558.62665
685,682.2369
707,682.67267
802,785.84607
749,750.4013
783,800.6129
829,784.69684
612,840.49506
765,776.27246
889,814.3009
1069,936.0802
776,860.9754
1103,845.6829
468,509.4009
57,69.26659
1,14.392557
3,2.2019887
9,7.666811
8,10.412485
24,25.219168
269,242.07886
381,406.09982
670,613.6798
727,695.3711
532,595.9274
736,604.2733
608,714.0166
839,819.58295
710,728.05756
732,733.44495
765,728.9667
935,673.2069
919,918.6907
964,1022.332
1031,1119.0382
1045,1147.5176
1321,1237.9758
530,716.8679
177,111.51083
55,14.160969
27,18.988083
9,14.730882
10,16.911013
10,21.16362
208,233.31972
416,408.89008
678,623.5142
834,731.47064
586,565.464
767,710.5252
696,694.0755
838,878.37244
1001,800.4719
949,879.1106
939,916.4068
885,911.56
1127,1136.5823
1075,1149.6823
1264,1198.2031
898,1346.2883
1325,1287.9573
545,745.4286
104,244.42165
1,49.18428
2,14.92881
8,9.919683
8,11.61149
13,24.681355
215,203.78601
462,403.89185
735,677.88135
842,867.85565
759,661.5976
823,779.26294
678,751.6811
1069,831.863
781,880.3282
891,918.87286
874,758.3135
901,815.4535
823,850.0933
740,770.41547
894,777.41327
857,793.2584
1009,943.5849
690,585.2766
85,173.5068
19,16.588825
4,5.2424507
8,7.6949124
11,10.484721
13,12.6341915
119,75.883156
205,219.7281
440,395.53326
795,652.0168
398,433.72327
504,404.43002
650,550.01306
640,681.4538
721,521.9126
719,597.7112
581,554.63983
396,545.6415
562,368.94962
475,429.7201
427,448.64966
341,390.5799
588,395.72867
172,361.5943
69,54.75871
9,16.83641
2,4.8503137
7,10.816164
17,12.687106
23,16.482471
215,148.46222
348,311.98444
601,560.44293
873,730.8355
589,660.303
1007,733.62177
838,866.71643
1226,1118.1385
1112,1161.8383
1102,1256.6859
1022,1068.0765
1081,1054.6741
1193,1109.4612
1011,998.33484
1232,1192.0671
947,1082.879
1507,1127.7476
392,770.8997
80,49.38952
5,5.3239503
3,0.77745444
6,7.48302
11,13.222097
18,47.516724
338,328.1221
594,586.4195
935,871.9621
1009,943.8619
752,728.7485
805,866.7866
818,789.37115
1234,1059.8956
903,1005.6605
882,962.0547
989,832.98267
851,946.71405
996,1000.42126
1015,1011.23676
1118,1183.9648
812,1046.0576
1185,1132.4055
461,601.69305
7,63.10863
1,4.9528837
2,1.4376224
5,7.1045284
11,10.147329
19,18.658667
331,301.004
492,501.31897
685,821.9977
770,768.42114
581,579.1146
758,636.2676
700,776.8654
1061,857.59515
758,822.2662
745,770.00757
860,808.5985
871,831.46533
869,852.79065
813,896.6886
1012,848.1125
822,840.11554
909,956.1935
211,547.283
129,18.315983
12,32.240807
2,3.1420321
3,7.666811
8,10.394438
8,23.027437
247,255.69745
430,391.40674
664,629.43884
855,729.071
659,615.29626
698,713.03754
739,707.2551
967,917.38477
831,831.32324
821,754.6203
717,752.8283
931,835.87897
983,977.10925
916,1020.673
1097,947.1541
838,999.80426
1049,1185.96
411,667.38794
15,112.551
1,5.5811663
2,12.370524
8,9.45524
4,14.0786705
9,18.703392
216,224.83463
426,398.79797
622,627.0479
959,833.17285
723,676.08
752,713.467
732,745.1466
1010,874.2663
850,865.98816
908,896.9079
936,865.95374
1002,951.4038
1187,1086.2433
1080,1117.0112
986,1276.5131
942,1016.186
1189,1147.4423
438,596.0268
191,39.508095
8,54.557186
57,4.611818
13,20.213037
10,12.5515375
12,20.54639
185,210.13823
506,410.02676
744,692.76654
832,910.85944
726,701.91534
788,752.66833
717,757.2082
1132,918.14594
918,778.68414
871,756.97455
687,768.1481
1118,794.35077
970,964.24854
929,857.2127
1108,825.0515
779,825.1434
928,877.32874
494,618.6928
63,180.13843
0,18.741274
5,13.269236
8,8.037876
7,10.466674
9,12.6341915
139,106.628105
202,239.86569
453,385.72668
734,646.0864
473,407.23962
489,458.72812
794,561.4913
742,860.5014
804,662.872
598,761.6366
541,537.93427
429,445.18527
507,418.59872
438,367.1559
354,464.08548
358,370.13025
548,366.26678
129,297.42014
73,40.2609
4,16.671267
4,4.8503137
7,9.033518
10,12.687106
17,19.054241
73,169.59901
130,226.51816
410,493.05563
570,595.31274
582,640.51324
723,762.602
722,846.2697
962,1021.28894
1088,1071.4872
934,1071.5187
668,1073.3047
658,800.6135
805,864.4187
932,886.6434
1129,1061.5204
891,955.20874
957,1072.4474
93,81.94773
54,51.437946
48,32.45909
30,39.07224
61,61.979244
89,81.14826
146,140.87616
202,200.11798
232,254.67406
193,241.28294
196,189.53604
159,189.02144
169,183.39636
189,190.63043
179,199.51938
179,190.27232
166,205.16246
230,212.95316
275,278.38336
267,280.75168
271,237.15262
232,239.8633
241,228.83144
211,200.9668
161,153.37117
114,106.80346
76,72.78226
60,50.666096
52,59.152267
65,52.184944
55,78.11004
105,87.55692
133,136.11809
140,163.91434
149,176.12236
159,175.29623
178,179.40294
146,192.15294
184,167.84204
164,185.00992
166,184.75995
208,198.06703
220,242.92854
253,234.30652
213,231.08778
213,212.35632
226,229.8749
173,207.88335
121,142.56549
124,101.40864
69,75.35198
46,64.34853
51,50.036568
46,48.927483
68,59.94319
60,78.58932
88,91.56355
125,126.07857
151,156.75592
151,164.51353
144,167.58827
190,152.83626
146,187.35617
144,150.29137
145,154.61739
144,169.59097
147,170.9696
134,147.6212
124,140.28345
144,142.96332
132,125.3804
79,93.40753
43,49.971222
28,27.159258
18,20.489237
24,17.369963
47,48.58625
75,77.32882
138,143.11078
195,203.77678
257,282.7595
217,223.76329
158,181.78499
150,162.45529
150,149.14043
170,159.4929
150,164.59601
159,150.18826
181,162.69815
174,188.60606
168,198.09018
167,181.66803
171,159.70291
176,155.87717
117,137.6382
66,81.62768
46,41.737423
24,28.383606
26,14.49052
16,18.915527
49,45.335197
75,76.41498
139,161.3826
205,214.01459
306,293.64273
264,253.27863
192,196.60606
158,170.95303
159,162.93242
137,170.30327
136,157.50783
164,162.80342
164,182.00342
189,188.83223
232,215.65697
193,207.69617
189,180.31102
171,185.07443
139,144.03967
88,89.720505
64,56.079056
34,33.9767
23,23.54817
22,24.981174
57,50.740166
77,79.77841
150,148.18872
212,235.46019
323,306.83472
235,285.59476
195,208.7131
144,181.96869
171,166.11049
164,176.3782
160,168.6336
162,171.78192
156,179.46747
207,196.19537
261,240.81464
229,238.86906
199,203.18246
216,194.96455
167,185.72133
88,119.14551
65,67.3379
36,36.91436
25,25.787079
15,27.94973
44,58.59399
83,81.91095
138,156.51796
188,212.99205
295,293.75958
249,281.16327
199,205.14897
200,179.91669
169,187.7489
179,180.3183
162,183.96635
131,174.96878
174,161.06407
194,217.9379
261,238.06096
232,243.34358
204,205.31377
215,202.42712
155,190.47849
110,118.697044
81,73.92509
46,48.56409
56,32.406124
30,38.387447
67,56.97477
74,90.16516
137,135.59128
159,193.3164
255,227.04831
205,239.18715
181,195.85399
175,175.78992
172,181.89816
170,184.96313
150,181.2852
195,160.65334
221,193.71878
234,236.75789
264,273.41867
288,266.9713
236,251.4608
220,222.45439
218,220.48796
174,181.79398
130,135.81874
83,93.84724
89,63.578625
60,56.45696
76,59.55456
52,61.907234
71,69.88991
102,96.13679
107,137.97395
133,155.46179
179,166.67105
171,187.07253
160,186.44182
174,172.80946
159,174.17233
163,176.14325
182,184.51735
198,205.67155
254,229.29015
231,254.02803
219,212.90619
176,214.1652
213,200.97426
204,185.24944
162,153.5879
113,108.01275
86,73.58427
63,65.29153
50,54.73444
47,46.187668
66,63.43675
61,70.573944
92,89.71505
124,128.57025
162,162.3744
157,171.63988
154,166.95007
161,162.57982
140,160.68645
175,146.59091
165,171.82155
155,171.8909
185,175.44304
148,163.20139
181,138.45685
127,161.16606
133,122.78384
70,88.43152
46,42.51251
30,27.149237
21,18.39161
15,23.932611
48,45.355717
54,71.5607
133,134.65663
193,199.95123
242,261.28558
218,212.8993
181,170.7909
172,171.79494
150,160.10948
152,159.7359
158,152.93727
161,158.35509
145,170.02425
159,170.069
175,172.6002
179,157.65623
143,166.60294
150,144.9565
95,126.22556
78,81.81862
39,45.27305
18,22.05143
24,15.086239
21,15.666056
36,49.064095
66,68.487175
143,139.17314
199,212.08519
288,282.23395
276,245.19142
206,206.64673
155,181.22574
170,161.29033
191,167.076
155,179.25871
182,166.29085
165,174.91469
195,184.34016
218,215.84102
189,195.99744
198,166.77318
183,179.27452
128,145.43823
98,88.91939
63,58.23388
29,31.516874
17,21.502161
19,21.519646
49,46.790195
85,76.4687
131,147.99414
203,210.72397
320,296.7396
256,274.77573
196,211.01231
157,171.5711
200,169.22794
189,189.22702
186,180.25562
145,181.65787
184,162.08434
233,210.91922
281,249.27556
304,244.72049
200,235.7274
241,201.194
187,187.09698
113,125.36253
41,71.92476
37,31.322298
26,25.386934
24,21.991049
50,57.10168
96,83.50213
118,149.15953
206,201.24825
322,298.84213
259,264.26932
216,207.51237
176,191.15443
184,179.58269
187,187.67433
194,190.50677
191,172.75279
186,194.80058
228,219.08878
218,258.43912
215,234.80606
220,195.78784
230,213.43405
191,201.01811
135,135.38435
85,76.42695
49,50.90453
42,41.059864
45,31.737288
52,64.42019
83,78.97579
137,129.94156
153,194.303
210,229.16661
239,209.86533
174,211.4078
175,175.69292
183,181.26392
195,189.10878
149,195.30876
174,179.5328
223,202.31827
233,248.7324
300,259.79602
285,283.69528
222,252.64828
218,220.5527
188,225.68932
206,178.90489
147,150.73836
91,98.496445
97,66.51423
53,67.20557
55,56.411304
63,56.816833
76,73.974174
85,102.69546
103,126.6493
157,148.74966
187,179.06958
182,191.24622
176,188.05904
171,186.92723
180,165.43207
198,176.5414
195,199.8909
242,209.95546
220,256.1733
247,234.11559
217,217.05856
199,211.39574
217,206.53127
190,197.97112
174,151.59242
112,109.33161
80,73.74772
72,61.095028
46,54.56583
34,47.99048
53,61.931854
62,64.270775
116,88.9462
117,139.4876
155,159.73836
185,170.69095
187,182.87485
149,179.03992
157,154.83044
171,161.2032
182,172.94383
181,178.76999
211,186.83446
200,179.41402
149,167.47133
146,147.3759
99,132.38693
76,81.684
50,45.123886
18,29.688265
14,16.447514
18,17.336143
38,45.788773
63,64.627686
138,126.01906
144,192.97339
244,223.19148
205,212.02629
167,174.87427
152,165.0964
145,151.20198
149,154.15625
143,154.07082
156,153.6331
161,165.09918
147,180.52554
173,167.03886
167,170.14078
157,154.7601
139,151.54886
99,115.32505
67,72.078926
33,43.04499
35,15.672437
21,20.566433
25,20.230568
49,44.345192
73,73.01793
110,139.51025
167,176.9933
273,256.75635
237,250.29626
167,192.40947
157,157.73392
158,161.31282
121,168.16702
148,146.39621
150,165.01039
142,165.08006
185,171.87946
198,211.25906
202,180.48703
186,179.70013
207,172.02791
140,151.79352
92,86.18084
51,54.71377
27,31.972332
23,20.893883
26,23.4742
36,51.707417
100,73.87842
134,141.67053
206,197.9883
269,292.2491
256,245.01225
195,199.41295
146,168.34225
201,166.11049
168,179.67972
203,168.1463
197,181.95479
232,185.00229
306,237.41322
279,291.02304
300,264.7605
245,234.91805
244,230.24553
181,197.89392
116,123.27639
48,65.37119
31,31.402485
22,24.183403
35,23.734472
46,48.42723
78,90.675
138,137.12346
203,201.30127
295,285.9053
252,258.21442
193,208.04184
166,176.2608
171,180.65082
159,180.71455
166,185.67824
161,184.61775
192,186.00156
221,229.51538
218,251.66898
199,224.79749
193,198.62366
172,209.75287
172,180.3585
121,128.71994
76,76.447754
58,46.37712
49,41.568798
31,36.803436
50,57.460445
62,81.259735
112,130.023
183,159.03342
191,233.46391
194,207.60733
137,184.90994
171,161.96346
138,176.87541
182,166.37659
189,176.4654
179,182.90367
235,204.49236
231,252.1276
288,262.14145
247,274.97867
207,219.62067
209,202.9244
201,211.1125
166,182.97298
149,128.1204
105,91.83807
70,77.00883
41,52.58214
54,52.813652
48,60.26458
76,66.49079
95,103.78644
122,119.30004
152,157.09346
178,170.72618
158,186.16087
177,165.38454
173,186.56598
183,182.36333
183,179.32121
208,192.95967
181,223.56389
248,212.95279
231,245.05284
230,210.378
215,218.71983
227,215.45142
191,191.13226
140,155.5377
103,102.94704
93,72.14768
65,63.97353
75,52.585308
46,49.678974
75,60.53185
84,71.51838
119,100.60149
133,138.90952
198,164.00557
162,183.78923
178,171.81284
148,171.37733
138,156.66049
148,158.62581
163,162.82578
195,165.42148
185,199.04953
129,167.80261
148,139.71333
123,148.38838
113,123.91405
71,81.01866
52,44.953728
22,28.366718
18,17.582163
15,17.395432
37,45.533756
74,60.590996
129,133.27902
163,184.93498
221,227.2467
194,205.4752
163,167.95374
146,154.12166
143,148.27202
144,146.45699
149,147.3467
140,150.66838
142,155.68239
140,159.6818
168,163.38368
156,153.87476
127,146.9365
141,135.78987
117,106.456314
86,68.09967
49,43.414906
28,24.51478
17,18.836826
24,19.989622
36,45.176517
66,70.62282
100,130.23819
182,177.58873
256,250.96053
209,236.0962
184,178.65128
149,163.38393
152,150.22105
158,145.79494
155,158.99477
143,155.86063
172,155.36197
198,184.2525
211,206.94933
196,185.2249
138,168.8483
153,156.88727
107,135.03435
95,86.11953
60,59.879055
34,32.328663
22,21.739546
18,24.143015
33,44.59647
69,74.780846
136,122.81817
185,197.23108
252,271.16278
209,233.64479
173,189.988
159,157.90402
153,170.89345
153,163.30379
141,171.32227
163,152.08664
193,181.93454
182,228.2493
206,227.60938
179,219.54066
163,170.77086
177,184.16324
159,159.9553
100,114.53569
62,55.883648
48,36.542557
43,27.737003
21,27.481314
60,44.028217
83,83.21442
116,139.2927
184,188.5895
273,258.06207
218,235.46004
156,192.32303
163,160.74065
159,167.11047
164,169.06789
154,164.59442
177,163.95552
178,194.11693
228,208.15501
211,230.58855
219,198.32988
188,188.61887
170,193.31215
163,168.2609
113,122.53527
62,73.487144
48,48.80687
39,45.539635
25,30.756927
54,53.441704
83,74.79922
129,125.80806
149,165.49615
179,205.14548
197,194.9208
188,176.4207
164,179.77388
189,170.21867
192,187.22719
168,179.55399
182,179.72137
192,203.15508
216,231.9119
248,258.44366
202,253.07716
160,195.72055
171,182.22087
166,189.78061
143,156.05898
108,117.42494
88,80.73481
80,69.8581
44,52.5993
59,53.86803
32,55.609776
77,66.82358
99,96.013275
110,121.01777
154,154.75665
167,185.45229
164,179.80435
161,182.00778
169,179.55675
131,177.11028
164,163.65515
157,186.96022
225,189.03746
228,251.20459
212,223.24173
205,193.19113
204,198.75204
192,204.98973
190,168.22443
104,147.78435
93,81.36055
64,76.397934
48,56.682556
55,51.36615
34,43.03246
42,60.507317
55,64.439766
83,91.89419
127,123.556114
154,163.83278
143,165.88739
145,158.98859
154,153.54642
147,136.81538
149,154.4112
170,154.67114
153,184.15044
171,172.52902
147,156.24915
146,142.78235
138,133.76726
128,118.70157
108,80.86945
86,110.82125
64,67.41763
43,50.51154
35,44.185383
46,40.077614
62,59.936535
123,107.285
189,165.10992
221,207.01152
180,217.22043
216,189.34995
200,205.997
193,209.40912
190,200.22685
186,198.11067
174,196.49245
185,198.44063
211,211.9183
225,248.68073
245,236.97156
208,223.03279
217,238.90446
190,253.85338
204,199.67953
138,145.85295
95,100.461426
47,56.03629
28,34.902412
39,42.81009
43,42.32094
58,58.222992
80,89.41495
86,115.37383
130,139.437
165,175.64708
174,192.67029
179,199.05872
167,200.06055
161,190.2937
190,181.9014
199,213.95158
238,228.83394
241,253.13141
252,253.20377
220,229.26654
223,240.29248
229,248.67279
200,219.37889
137,147.53203
104,96.54082
58,57.89618
29,32.081955
40,32.296604
35,36.613537
52,55.38694
64,64.313675
105,87.22198
114,126.84485
129,158.68799
169,164.86142
190,184.23616
144,189.07822
174,161.24281
158,182.42944
167,176.45094
171,183.93555
178,193.76608
163,178.00822
157,167.79094
136,166.50069
129,157.92984
107,112.119934
64,63.558643
35,48.544983
15,23.490025
21,21.850384
39,34.11061
70,55.16549
104,121.29072
179,178.05264
207,220.05334
206,200.57301
178,185.13547
163,169.46326
176,172.39105
172,170.49522
154,167.39853
171,157.73315
154,179.81152
174,190.56099
169,198.00246
171,170.7571
145,170.134
167,175.46088
136,174.12125
100,132.2934
63,70.38103
44,41.72355
17,24.914375
14,22.228287
35,43.20558
69,64.95544
118,122.414024
189,186.83292
246,239.62256
196,237.75804
173,188.93222
182,179.25932
187,190.29735
166,185.57707
165,177.87141
173,176.51212
174,180.7619
181,206.81903
217,208.63074
187,204.76054
207,189.90352
275,236.16841
177,227.8776
152,142.43654
68,83.49218
41,49.356373
22,25.670862
15,23.004745
30,34.862625
68,68.498245
111,126.395775
176,194.89404
232,240.70584
235,233.1549
183,202.27129
179,186.43442
190,190.17809
162,192.24892
159,176.19183
186,174.94473
157,198.11934
197,197.37875
232,226.1382
216,225.50668
241,212.76923
306,289.6234
230,280.50598
136,182.69681
81,85.28615
34,52.763374
23,26.309488
26,29.074167
30,37.82849
68,57.85171
123,123.132675
169,187.87637
220,232.05214
200,231.95251
171,194.83252
201,185.46043
174,200.90872
182,183.0884
191,184.51788
154,194.93655
174,174.18922
175,201.13011
195,219.12581
209,204.85756
203,226.44977
213,262.07513
207,240.26826
179,169.35397
78,103.72246
57,59.67056
52,38.895874
30,38.01217
53,41.560776
54,60.922306
104,119.23859
130,161.67516
179,190.60452
167,188.29408
151,177.59038
163,178.93832
170,184.97931
171,188.25049
175,192.41847
172,175.57246
176,189.679
237,204.93689
240,242.71059
220,241.89159
233,206.45795
219,243.58789
214,242.1446
187,206.07497
146,131.58345
114,94.56945
62,65.32555
43,37.336998
30,39.470108
39,41.25315
61,54.542248
79,86.389465
95,114.59233
123,143.9651
155,161.4126
157,179.18973
171,183.7444
175,188.12926
152,186.96968
186,169.97702
207,197.52582
242,234.83055
232,254.37302
234,235.67854
220,219.7022
229,239.70964
209,239.39877
161,197.78725
139,128.0581
122,100.970276
50,67.47701
45,33.475227
33,36.347042
34,35.175316
65,54.39865
66,68.72974
74,91.600845
94,111.82951
129,142.34372
162,158.46451
167,177.58864
157,176.13916
151,163.5474
176,165.43576
158,180.64473
184,180.4306
193,193.39786
188,180.20465
153,172.18726
132,156.47508
117,139.29489
88,104.49413
28,57.974987
45,37.04907
18,21.508253
21,22.87054
37,33.36097
54,61.54507
104,113.04964
156,171.88817
174,201.2979
190,180.8968
129,164.06802
174,148.79562
144,173.97467
156,159.20303
142,162.69688
161,158.54974
153,171.53542
177,183.05142
174,193.72798
132,176.02415
132,152.51323
184,162.28171
137,164.5111
86,105.86037
56,60.747086
30,42.41002
21,20.999052
16,21.793753
30,41.337875
58,63.71608
113,117.58815
159,178.13806
225,217.90111
213,221.60277
188,171.5836
152,184.68217
194,162.52992
190,180.98547
183,177.92467
167,181.68645
190,175.81644
223,199.6898
225,221.14055
197,189.92137
166,185.78702
231,203.86264
230,203.67245
132,155.41342
83,68.04597
46,43.21173
18,25.169289
18,19.287062
36,31.189047
67,67.35581
114,122.06816
181,180.01578
281,233.54225
221,241.86116
181,198.54147
194,173.98622
200,194.7916
189,191.4001
190,188.68391
199,187.44556
193,192.2781
260,217.52711
317,260.50198
296,255.38397
196,245.45346
239,249.39583
196,253.3546
167,159.48268
94,93.27406
68,52.631313
24,30.183357
22,28.179956
45,32.465508
63,70.3408
104,122.896286
191,182.18349
229,246.08575
189,219.57573
174,183.04654
199,187.25972
207,194.04893
198,198.4532
167,201.1791
153,181.7076
193,181.77736
193,212.16815
232,237.80702
204,223.61458
164,202.28787
201,212.49496
182,220.70416
157,170.16266
132,95.15149
42,70.39368
35,41.500984
28,33.160294
45,46.8095
43,60.546146
112,111.238525
142,158.51634
187,190.21571
171,184.85205
177,171.10555
174,182.46988
165,190.5452
190,185.329
170,191.57463
165,174.8405
200,188.94186
229,220.99135
252,249.65436
229,241.1455
227,207.18617
186,230.0538
187,210.47481
159,188.25957
118,122.12008
95,86.50032
53,55.192093
25,41.351295
33,35.63843
46,36.303905
72,60.206047
80,83.76363
96,103.842354
110,135.8499
163,158.53255
181,179.61359
163,187.10173
199,182.04315
144,188.32567
167,165.50137
212,192.5731
233,236.87483
252,249.93367
251,248.0578
203,228.92876
206,219.62401
199,215.19371
164,180.3166
142,118.699
94,94.199486
46,55.50229
36,32.62647
18,33.656532
43,35.38192
67,60.745552
66,70.21574
92,92.66861
120,116.580574
135,142.55875
167,164.4329
191,174.57008
146,184.90839
195,146.96526
174,179.79182
179,177.43144
211,188.52441
269,208.2998
191,228.61798
152,169.18831
147,146.72922
138,130.94608
91,107.33451
45,53.06326
24,39.757927
8,17.323301
12,21.334883
38,32.96971
55,61.661026
115,101.675156
143,170.37616
202,191.69553
192,190.94331
133,162.27962
146,149.93117
166,159.77986
146,165.3407
133,157.24211
165,154.62737
159,170.18872
142,180.46669
159,163.19475
144,160.71089
131,146.4958
170,166.26132
114,152.75127
65,89.42621
48,48.59335
37,32.988014
16,20.691498
20,14.07261
34,36.03162
54,64.461334
107,115.44075
138,172.38321
234,214.37859
176,213.67482
187,164.30606
167,171.7636
153,177.05402
122,164.82933
170,149.39491
160,174.08583
164,178.97107
182,193.73871
191,201.04335
177,176.61864
157,175.4034
220,201.61911
183,198.48093
107,136.05508
81,68.59267
43,44.625072
9,22.363857
19,15.839389
30,34.862625
51,63.857586
102,110.83279
148,166.51556
187,230.59367
220,203.46837
175,191.76501
165,177.79935
192,174.24191
223,178.40654
175,206.52138
225,184.3659
227,209.21695
252,239.633
259,267.82675
266,248.49777
244,219.27805
276,272.08264
189,244.99179
136,149.62622
94,85.52937
30,57.854645
22,19.327105
23,23.91532
36,43.30175
57,64.16237
102,117.62053
170,172.99855
205,212.75328
207,205.56859
181,182.12857
164,181.38513
170,185.25806
162,195.13782
161,179.16243
164,175.38243
191,193.69539
206,212.63805
225,237.73982
195,219.61298
185,198.8099
223,223.75615
169,215.1927
142,151.42905
86,86.90518
41,49.784443
44,35.598217
23,32.275013
44,43.742245
62,57.742287
93,107.58146
129,144.74072
161,186.46956
168,179.26959
150,173.81819
174,166.48428
180,177.73251
177,185.75063
162,182.36508
165,174.13345
204,189.42354
189,231.70811
221,227.17491
235,217.38673
192,214.9754
232,212.73692
206,218.49077
173,183.67851
123,120.61846
75,80.32734
38,51.941936
25,29.015455
34,32.763645
55,43.76734
63,63.3233
73,80.47867
101,99.824036
138,133.40692
175,166.71716
301,185.66577
214,254.34628
227,203.02092
181,198.59325
182,182.75525
246,202.49515
242,245.27751
249,249.95114
246,248.9946
216,219.10223
198,231.35982
198,209.57321
160,172.21547
104,119.56315
72,78.54862
34,43.98716
29,34.212704
30,29.770105
36,36.40839
57,58.254852
65,65.96378
103,91.605965
145,127.24404
164,153.28542
201,185.24222
178,203.04767
183,174.64328
179,177.0907
181,176.46504
186,183.58365
196,193.37244
188,203.43744
170,182.61879
183,160.5458
171,164.47264
156,145.86339
103,103.16738
62,51.65403
29,36.056747
10,19.593197
14,19.511778
30,35.622616
46,50.50479
97,98.43809
134,153.4918
202,194.39227
160,187.4876
156,140.17334
148,160.11674
175,160.6037
158,166.926
166,158.36412
169,170.77783
159,171.46095
167,178.31006
200,177.80338
170,169.69833
153,151.30846
192,170.68837
146,158.0011
105,91.94343
61,57.117153
39,34.180843
20,16.93721
13,16.16187
41,33.336384
56,58.256874
97,109.66827
144,150.02843
195,209.9973
157,184.20927
173,164.82521
158,163.25897
170,173.02579
163,170.52887
163,173.72646
158,171.14456
174,172.60164
179,193.24478
208,204.47327
198,187.06432
194,177.23688
208,222.36827
171,186.40329
119,132.4318
65,69.950294
34,40.98016
28,20.029148
13,17.99883
30,32.244972
52,62.16452
110,107.64773
138,163.83426
192,207.29411
211,190.20168
192,182.54204
146,175.07872
160,168.60014
181,175.36607
157,182.56915
158,177.48135
128,183.24045
203,180.88121
192,236.9514
162,211.51257
144,190.44794
240,196.85576
173,213.20226
125,133.39757
80,77.44365
49,37.94505
32,27.11756
25,22.902014
29,36.503567
52,60.04774
79,105.0702
153,154.89328
175,203.2756
176,197.20488
175,174.60355
165,173.42743
169,168.9711
170,181.48642
155,174.74649
173,165.26212
196,179.07831
189,211.9465
220,209.20395
217,195.54332
193,184.70801
207,222.3004
162,192.43991
122,145.15926
76,80.67689
69,45.77399
30,43.598854
19,26.847809
41,42.849365
55,57.79582
85,94.2101
128,131.13327
126,173.82896
159,162.50183
179,161.7261
154,179.08699
175,170.78796
177,180.50723
180,180.39134
190,182.11778
196,206.77774
231,220.83418
222,248.94164
243,226.03557
185,218.29556
186,213.83243
165,200.42825
186,164.4415
122,122.12944
68,83.37533
41,44.87508
22,28.327421
36,32.44862
40,44.86092
51,58.857067
88,77.22984
99,107.79175
129,134.38211
148,171.17494
182,169.31412
164,189.6558
177,185.65552
174,174.36972
170,185.89436
168,197.84477
225,214.10097
221,248.74513
264,229.66528
213,229.20346
171,218.91545
180,188.69391
142,166.18047
133,113.53759
61,82.703384
31,39.809372
37,32.84177
20,30.444874
19,33.983406
51,54.992332
63,66.26029
84,91.12117
111,115.732056
165,138.07298
174,178.99077
166,175.42513
155,168.68938
187,162.11609
193,177.21921
201,181.83966
190,206.26894
212,196.57568
169,195.7986
184,162.14323
163,172.59056
126,151.93576
154,92.82799
209,223.57109
191,177.89203
123,152.16313
81,99.03744
66,66.53343
45,61.329433
55,61.63971
65,76.67746
103,121.45477
137,138.75296
99,150.71051
126,146.89493
155,168.8658
200,189.21371
198,228.04324
229,239.00662
197,244.63606
237,236.11182
226,272.25452
240,261.36166
297,264.7142
306,323.11816
331,351.0577
343,338.543
309,336.06433
345,321.1426
302,293.93918
216,229.07341
109,120.10925
57,61.681423
37,47.236584
39,42.526585
55,61.61261
78,96.7016
100,108.085014
139,132.46896
128,176.34692
127,172.70087
147,165.08157
198,189.07425
265,236.88875
284,292.9008
274,315.22498
296,300.13843
309,316.08072
331,330.36234
338,352.87576
306,334.1086
330,296.21207
351,312.6118
244,314.5919
219,204.24193
123,130.40135
50,67.13497
43,45.69435
39,44.295334
61,52.5359
85,89.31583
114,113.52397
171,144.2934
178,179.61143
214,185.6878
216,222.63106
226,232.51947
245,246.12622
241,254.99138
219,248.21109
203,217.09618
219,210.51215
191,215.61763
156,171.54037
125,117.48481
58,76.509964
41,43.857018
29,36.336018
36,29.841509
31,31.90415
30,36.851227
41,56.2151
49,65.48497
111,104.88705
110,117.244415
91,111.49972
93,120.93728
137,135.4044
147,157.59323
178,171.42369
181,187.50339
158,211.68382
220,212.19196
207,245.91849
222,218.59737
220,225.66347
243,220.73357
172,193.34933
114,107.4725
77,63.488113
42,40.31963
25,26.841396
25,18.36572
25,24.754032
34,36.59624
53,54.138256
72,77.455696
133,128.35562
136,143.76265
116,113.62222
112,117.270386
154,137.48631
178,168.51042
178,184.98816
194,194.60739
197,219.28394
236,241.08258
235,256.4205
250,247.82285
330,263.77167
286,313.86453
219,255.01666
160,159.42343
95,102.66788
56,59.375267
35,40.537075
25,26.340517
31,30.30444
34,37.328148
59,58.602245
76,87.62085
133,135.53746
146,153.61124
123,135.5436
133,137.95386
149,151.37938
153,183.10905
177,184.62276
204,203.93076
173,224.35106
245,229.44405
308,276.54907
261,299.93826
352,286.49356
329,339.74197
253,267.68115
173,185.10577
157,128.93913
73,95.02414
61,55.154747
64,45.743187
50,50.21984
42,47.706566
50,65.59255
84,89.98466
139,136.47751
131,157.41328
118,127.276505
145,138.7472
154,163.73627
178,183.97377
212,207.10811
208,229.69354
215,215.00087
248,237.18556
266,272.36752
234,272.64786
287,267.1303
311,327.89233
290,309.62643
272,247.74794
287,248.9511
229,210.89658
164,162.66719
120,112.69234
69,75.05247
62,55.715324
49,61.53554
78,69.79881
107,125.85251
128,129.58684
136,128.66742
137,152.88197
152,168.58492
176,185.17125
206,203.73466
222,225.79558
215,235.17963
250,247.49706
252,287.511
275,278.89783
268,290.86688
287,300.11862
354,342.72534
358,349.69147
327,340.44156
349,339.03152
318,299.30737
221,241.92946
124,128.6052
47,68.43864
40,43.608994
43,41.485657
64,61.994904
79,97.084076
92,114.749855
128,132.60088
128,163.73933
155,176.20644
177,203.20494
209,216.01523
264,249.81625
280,288.13794
293,304.47308
288,307.0512
335,300.3632
317,335.22662
326,350.0253
299,335.3145
307,288.31708
314,288.3536
350,293.0759
191,244.4957
109,130.54929
56,61.21113
40,48.441647
38,43.549103
62,57.856735
68,89.83075
108,86.64321
140,137.80135
193,161.43228
186,193.3573
170,209.6964
190,197.8515
224,222.43321
207,239.91884
198,230.05286
209,207.89677
216,212.08272
201,213.58568
112,172.48192
95,105.173294
68,65.35672
41,46.826054
34,33.077755
42,33.204617
34,33.967426
42,35.86437
58,60.631275
53,65.95394
85,104.40844
101,111.47927
85,107.4141
119,105.9166
146,141.89842
152,156.00389
150,172.78185
181,175.90706
183,192.37924
151,211.48848
221,189.07146
200,211.5943
222,202.50511
205,225.50388
152,164.098
102,104.868546
85,64.20638
32,42.98804
24,24.953167
20,18.754175
19,25.775703
33,37.567142
39,55.75845
66,69.68097
129,121.47141
124,135.64336
117,112.37728
146,121.79071
145,156.159
186,166.62291
190,182.83806
188,197.23904
181,205.11864
232,210.30255
238,249.63531
268,234.45544
274,281.67242
237,276.71118
229,202.92534
152,159.46289
103,97.36068
48,58.253826
42,32.57083
26,29.123991
28,28.019035
41,34.989697
56,56.36029
89,86.20632
143,137.34262
125,147.1166
115,124.60921
138,133.59822
170,153.57062
202,190.20595
179,210.37032
215,203.49478
225,214.79124
327,255.48665
384,321.978
351,333.35513
273,326.423
290,288.28842
234,260.4407
154,179.48975
116,126.61172
60,72.23738
42,53.683567
35,50.451145
43,44.678528
46,47.493805
61,59.338722
84,94.91028
137,141.92798
125,143.12935
123,125.20625
136,141.97244
161,161.01622
204,190.04192
230,212.73534
215,235.1166
219,231.01636
226,246.43188
283,256.92645
304,282.24374
354,297.94803
329,341.7523
262,300.4391
246,234.5696
190,213.78528
184,160.60796
119,148.51518
88,93.18429
74,64.28265
45,60.5916
62,58.771793
59,81.096664
100,108.430336
110,126.03565
114,125.84859
150,137.52892
176,166.19022
214,198.80867
215,225.39178
229,229.66524
219,236.81137
234,250.06686
253,267.26987
315,274.54916
277,310.37738
301,299.52316
334,341.063
355,334.63654
299,343.417
317,301.00668
264,282.31064
194,203.01608
128,119.168015
59,69.08079
37,45.26542
34,40.041435
59,61.358196
67,84.812386
98,103.65959
134,142.42923
161,150.34866
176,179.93628
192,193.8373
246,212.751
317,261.13654
307,318.95093
312,316.937
360,319.7897
321,338.86063
313,322.5841
342,334.42606
323,318.56223
274,310.294
294,249.75075
266,267.6333
188,211.5593
112,129.8764
62,66.176605
30,46.25859
48,34.79212
71,60.559746
82,86.758484
116,107.56725
148,141.95781
197,172.02972
237,197.07571
245,220.55939
256,236.34741
232,258.043
267,243.4565
225,251.15903
210,216.58246
191,214.00896
185,193.8669
151,158.08646
93,102.57948
50,64.08049
31,35.979046
33,26.049177
33,33.280754
36,33.005028
34,46.338818
47,55.303745
49,63.51444
106,98.950294
101,113.63359
91,95.04633
88,108.064644
128,125.83019
134,149.94008
118,163.11522
235,148.98949
164,223.42143
183,201.0503
218,208.04996
200,211.76958
185,202.72481
208,204.72554
145,173.98024
100,102.685036
62,65.131
28,35.455734
21,23.16815
17,17.179472
22,19.50494
33,34.54634
41,53.642506
54,68.64201
121,117.09682
178,129.72438
87,132.85834
113,115.19101
129,137.515
154,157.45189
159,165.82095
178,189.53006
182,191.49889
218,215.33069
238,239.45302
217,243.47758
252,233.08218
238,259.70325
186,206.22896
133,140.34889
99,88.79594
39,55.376324
27,35.589294
19,24.663252
25,26.31234
35,35.08146
51,55.217255
67,81.734344
139,127.15019
136,161.49252
128,121.048195
155,130.38274
156,160.30751
235,179.82243
246,211.1002
266,229.33775
265,252.44057
326,292.17972
332,334.284
384,312.71994
391,333.17435
401,348.03534
313,317.30725
197,195.64221
127,132.30247
78,69.51596
40,51.874718
44,46.419697
45,46.479126
47,48.776524
55,58.74298
91,83.21241
139,141.49759
143,144.74725
88,136.07507
145,137.7748
181,162.57176
202,208.17397
215,232.26895
196,228.3539
218,225.8796
250,249.10248
270,283.99133
261,272.27634
314,280.11212
311,337.0805
282,311.46088
249,241.82358
188,208.34601
174,165.46587
137,119.98408
110,91.94013
62,72.00281
45,52.572823
49,57.54576
61,66.67587
117,107.89879
100,133.17355
121,106.56714
129,142.48305
161,159.46286
194,195.27812
206,211.9272
214,219.31064
251,230.29027
256,267.78516
286,276.22742
296,299.44922
331,298.3548
304,325.72394
379,336.11185
307,357.5295
291,293.49902
311,287.7773
302,279.65936
187,218.67416
114,124.92529
48,65.5309
45,37.98773
51,38.6498
70,62.997948
106,89.99106
134,119.69059
179,143.94559
236,175.9646
250,220.13034
286,236.05983
325,271.23203
323,319.97446
325,325.8552
360,329.1973
347,350.45486
336,336.49945
330,331.30063
337,350.49966
371,319.08182
371,332.16943
298,329.03018
265,265.30374
186,201.87553
105,122.25122
39,61.08611
46,38.947605
53,42.39724
76,65.02689
139,94.96556
152,141.39459
172,168.58968
210,196.16948
247,219.34975
260,241.1993
269,255.57681
237,261.7583
231,247.39526
240,235.17389
206,223.90685
218,208.33937
208,205.3543
140,175.96951
122,87.7757
70,64.48917
43,41.342712
52,29.477333
48,37.966908
30,39.321
41,35.693314
50,55.57831
47,62.80223
113,98.59875
103,117.41461
98,98.194756
118,103.44324
143,137.52325
138,154.4236
179,151.7633
168,182.99155
183,177.0611
238,199.07117
212,237.81593
189,202.90942
179,196.79959
182,190.02316
159,146.50996
103,108.33143
60,68.03528
41,34.77127
18,26.606298
22,17.639019
27,24.227379
28,34.84632
56,47.19433
59,68.59989
112,119.79986
101,130.90407
100,108.966125
141,117.75535
119,149.13101
175,147.02055
164,184.47263
185,179.11823
186,197.69826
203,232.88077
284,232.65297
238,260.34738
263,240.57823
232,240.7357
182,203.61017
149,134.33507
94,94.67527
48,51.714092
33,32.614765
35,25.461903
35,31.38411
34,38.868526
52,58.933407
67,76.58889
138,126.92365
128,134.34625
108,122.28544
135,131.93324
126,144.63748
176,161.98404
192,185.26431
173,208.93326
180,207.99919
246,230.91109
232,298.42715
268,259.84558
273,296.51566
262,286.79187
231,243.6898
182,173.69492
128,123.61931
73,73.923325
45,44.704533
40,42.646206
42,46.516464
43,48.44946
58,60.462658
100,83.959366
121,146.30959
121,136.46724
132,120.405396
139,143.63087
168,153.73367
171,192.04147
182,203.70467
195,196.69612
224,211.46298
203,254.92406
239,244.56633
282,255.05019
254,296.24448
251,283.38086
269,263.24048
223,230.67139
215,190.13634
162,179.80711
115,122.925766
82,96.76868
66,62.847828
60,51.62844
57,59.361645
55,69.65661
80,105.02117
107,112.05975
105,126.2725
146,133.4696
181,169.06805
208,196.00603
190,215.19092
224,210.88628
224,239.40778
250,249.97784
271,273.6072
279,294.974
248,285.41522
306,281.31458
292,344.0048
333,316.00842
298,306.9221
289,296.83508
239,260.64334
187,184.82083
106,125.492424
39,62.94132
45,39.88503
44,43.812454
74,62.677177
107,93.15393
132,119.20697
152,146.55974
207,177.39561
286,218.675
286,272.71362
320,291.18512
293,332.32983
344,318.2288
337,350.5615
355,348.0749
339,340.63437
362,330.22684
289,356.82492
358,292.5539
326,337.13562
294,302.32324
230,253.64377
176,189.10956
102,115.57181
35,60.294525
29,40.46858
35,43.336304
48,63.05826
92,73.15077
130,121.11755
153,157.76608
188,183.34416
219,216.99829
254,234.30185
247,256.11154
256,246.33281
280,254.6907
280,269.77405
240,251.7205
244,225.66232
263,225.76424
242,209.67772
175,139.25388
163,174.00217
80,107.513794
73,67.32567
48,57.05214
90,71.513405
108,111.98669
180,166.48117
210,217.56544
283,265.49237
240,260.86646
210,232.74025
196,217.26508
206,220.11972
223,237.59346
299,266.26956
304,313.76624
321,337.4802
359,383.37152
443,409.43658
395,437.85995
341,380.00256
462,386.25253
618,526.1389
556,592.9064
397,442.71143
301,297.8621
240,208.76253
170,172.15135
131,131.28389
110,117.01705
144,150.51236
159,162.55287
213,194.8848
263,253.39963
309,291.33044
330,336.4647
379,349.53336
350,393.0886
380,363.68286
428,387.44067
461,445.41766
419,484.87512
468,457.059
481,456.86453
427,440.92377
443,452.65106
492,481.87076
468,496.84787
368,415.42343
327,310.82617
229,241.65549
161,174.3216
109,126.26596
97,110.29931
128,126.28548
128,149.60631
158,166.25948
239,213.34717
281,282.66412
324,316.93872
371,341.53125
367,366.33093
341,358.25342
350,348.5725
328,355.37982
412,347.56744
376,390.36368
317,326.02972
328,297.80722
334,318.7394
294,321.12366
241,248.6679
153,167.75691
82,88.29219
49,53.10516
31,54.848923
66,71.13021
83,100.43791
182,169.20068
206,217.77571
270,274.79886
228,241.63504
287,198.89214
173,232.47073
215,186.54315
175,208.07875
179,206.39308
221,205.74023
259,235.82246
270,316.19772
268,296.7103
235,250.2363
243,224.91356
196,245.02946
296,191.22028
171,199.06874
84,92.31656
72,50.82497
41,39.443695
44,32.05329
65,64.25409
90,88.36949
176,175.03645
223,226.43446
273,290.10815
241,268.5975
190,227.08722
157,184.19868
190,178.71071
196,191.28555
170,214.1492
207,204.62419
227,253.23604
279,298.68292
322,319.33517
271,282.96628
258,256.61295
290,259.136
370,293.1477
201,256.50262
128,133.382
86,77.41183
51,49.44197
33,38.988815
53,63.313892
105,94.53115
166,171.30531
206,213.08226
369,289.04333
247,299.7436
208,209.87471
187,186.66768
209,194.73677
192,211.74228
195,206.96184
220,222.26357
235,246.97638
300,313.4924
380,316.62106
311,340.70334
273,285.95322
375,291.58566
364,358.3688
209,268.0626
118,138.5328
55,74.76647
51,47.437263
42,43.553627
78,66.388535
91,106.991646
162,171.99292
217,219.88142
297,326.45648
238,283.95746
203,215.07826
200,196.2628
181,203.96739
201,201.96355
209,226.10863
227,224.8874
223,252.2021
289,294.1944
333,346.10843
287,332.55243
286,277.2133
311,307.97644
340,338.08167
218,279.7049
161,162.66133
112,103.26048
58,73.84811
61,56.205208
80,90.06261
118,105.118484
177,167.92592
212,218.53506
290,276.99435
260,251.48184
211,226.81573
203,209.9595
216,209.45517
219,224.10559
254,257.022
256,279.07947
286,294.78937
312,347.1104
402,365.3004
419,395.56073
432,371.14774
505,435.71564
646,574.5895
518,639.57745
378,419.62732
268,296.68396
191,200.17213
194,159.83081
122,134.19997
110,117.599594
147,148.19913
181,166.82916
202,204.03406
265,253.24161
273,296.88925
355,312.76074
333,359.7496
370,350.4039
350,379.53165
394,374.22665
379,415.64746
434,417.92874
470,465.5062
484,459.8509
453,454.14694
446,464.3668
475,503.37643
458,481.52716
424,406.03268
280,329.58548
210,219.16655
142,169.36426
133,121.01405
97,111.04693
132,128.3916
143,151.25269
146,163.95045
236,202.7147
308,277.1592
319,328.94302
356,336.2393
329,349.20413
340,329.88837
345,346.17944
344,341.38672
328,356.5101
355,335.03314
320,320.6842
304,303.86847
269,310.70377
245,276.18204
209,224.57422
129,149.829
65,79.35724
47,48.83257
55,42.40745
71,67.593605
99,100.612724
171,178.00108
198,213.64651
243,266.19254
216,233.49573
172,201.58186
185,171.34424
164,204.85713
189,175.82788
198,201.03757
193,218.194
375,228.31863
278,378.8733
276,296.1913
215,247.39258
212,216.59764
244,205.5254
202,218.5668
171,161.27393
75,95.44052
54,52.814064
26,34.957634
31,33.940838
70,62.12798
78,92.70525
171,169.36862
216,221.13876
280,278.3986
251,239.58492
171,197.3539
189,179.22621
181,184.37859
224,190.51982
234,219.94553
228,223.70775
260,256.5856
357,310.43088
313,350.08966
290,270.49493
263,261.9282
278,275.69852
364,287.73975
228,248.16917
143,141.39864
71,83.96522
35,42.806126
41,32.990574
62,59.222057
101,95.45127
168,169.67506
198,213.37088
275,297.6686
262,250.52597
203,207.43805
173,194.19427
220,186.97095
219,221.42772
198,228.99261
228,219.19594
272,252.3998
426,327.7571
480,415.67938
474,385.7642
306,374.12393
284,311.65677
288,317.8854
194,244.00635
134,137.88568
92,75.478546
55,53.30166
44,45.42373
78,69.6775
106,103.82149
164,172.5502
218,216.90765
334,288.72485
281,283.56934
215,219.83087
183,198.7526
199,194.44339
207,211.04503
227,216.34048
212,237.06995
266,244.39342
327,323.3916
418,367.0594
323,374.2314
319,305.13403
342,313.40927
427,357.2842
283,295.8933
184,187.12572
96,123.808014
62,68.92319
61,58.010517
83,89.78336
116,110.90075
161,171.79408
182,215.44514
214,266.879
246,238.79855
238,222.89346
218,218.39792
253,222.26889
247,246.00099
257,274.7314
278,276.49005
320,309.71796
386,363.4359
404,433.79495
400,404.25153
370,398.76733
508,418.9836
699,585.0219
564,688.56067
450,447.68237
290,321.32135
195,202.61662
173,168.47993
137,129.9836
120,120.13614
178,149.33446
188,182.54077
202,211.43083
269,249.30264
320,296.58093
342,349.87064
331,350.85397
377,349.76495
425,382.6014
511,430.548
424,495.21295
470,460.914
492,485.5085
509,471.14117
528,461.63632
496,522.6954
544,574.8129
508,538.5136
389,431.8651
324,316.37512
250,232.7723
185,176.13643
140,132.14299
132,105.19175
141,141.77336
149,151.77681
191,162.41808
234,236.62053
292,287.84937
350,316.99402
375,353.12827
307,356.18558
378,326.48468
348,371.35532
384,351.0984
407,374.43393
491,390.06824
352,406.5079
408,321.99484
362,363.32672
234,341.42218
205,203.21436
117,144.74326
70,72.675
44,47.602444
47,52.54953
58,70.69086
104,96.96563
172,179.50137
199,213.72623
260,261.7592
230,237.61339
190,201.28001
178,186.49649
174,195.78148
185,185.26765
178,206.62712
206,205.101
216,256.44617
252,263.05945
269,263.25217
219,242.74197
236,219.82414
194,234.1466
184,195.9407
137,162.39558
92,82.07574
47,55.190327
31,33.113632
57,32.08384
101,66.62079
91,86.67529
157,172.56786
195,217.9347
257,271.38614
257,243.82416
162,204.82523
170,170.3545
169,179.435
171,188.59949
172,202.05936
194,207.17117
227,229.57825
297,300.73718
324,315.4645
269,280.9
294,258.37167
278,276.5021
267,284.53824
189,203.88776
138,130.59615
71,74.984695
41,42.336548
35,37.48306
65,65.30942
93,99.15003
151,165.16238
205,201.91312
251,282.08334
280,255.1444
211,212.1419
192,188.24506
197,196.40773
205,204.29654
242,205.07083
284,233.22913
349,288.40894
436,386.27753
442,445.04965
446,397.75476
523,376.28918
527,417.68353
367,431.2871
286,252.02495
231,168.92865
62,117.79372
33,49.452454
45,40.97415
70,74.51595
82,104.16539
175,158.92366
239,225.12369
280,296.24948
284,278.45715
197,225.44406
168,196.77438
189,190.79285
202,205.95251
215,228.53287
226,232.41063
265,268.7825
334,323.61853
352,374.93643
323,345.1418
277,322.79004
318,309.97556
267,349.8704
239,256.58185
203,184.15541
103,116.64536
65,64.00449
69,61.961803
80,85.835365
97,108.864914
157,169.30904
175,216.31319
253,255.7847
255,255.3579
232,222.93277
211,214.1146
285,219.31128
240,268.21005
279,255.20341
278,284.3436
330,311.38547
356,377.9883
380,404.12573
395,395.07367
411,365.54227
466,435.5193
566,535.3461
534,577.525
352,423.47498
309,278.40524
202,210.66457
160,166.69916
147,129.4796
143,119.96654
176,156.68996
161,183.69905
209,204.60812
287,257.5418
281,307.55008
324,316.77185
377,339.06924
406,382.69315
314,405.7225
384,341.53943
409,416.11453
484,439.82886
472,492.55493
462,465.21912
471,450.70218
532,470.9428
605,549.29004
515,571.45654
388,415.96292
259,326.76245
213,210.42065
137,167.50812
110,134.04695
109,106.95578
129,138.39534
134,146.86336
182,164.44778
217,235.56049
293,269.90833
311,319.93552
301,343.72653
298,314.34854
304,315.5474
296,321.0251
310,323.86285
314,341.1459
324,339.2809
300,310.07523
327,293.33313
268,341.40265
281,248.88406
217,217.89618
167,135.76248
91,89.29396
60,52.093403
52,49.49126
74,65.27322
135,103.635315
287,179.37454
385,258.298
299,329.89035
249,246.63467
191,209.17342
191,183.14716
187,188.7253
163,190.52982
174,180.27934
223,194.07779
244,250.52296
273,279.34854
265,274.0471
245,231.64436
239,228.8571
221,216.49472
223,206.91826
204,168.6753
163,116.1227
53,83.77305
40,34.05748
39,43.510128
64,69.63806
72,93.71922
151,179.86096
198,257.54678
253,279.36957
206,249.88664
201,181.7753
183,187.65909
186,183.52492
189,187.618
205,190.46962
180,213.54648
220,221.40283
312,280.15488
286,321.54184
292,265.7039
268,275.74313
256,269.14297
262,280.2364
280,212.36443
193,172.10757
85,92.87624
44,49.44197
24,39.42077
50,62.211395
86,87.86943
155,160.43327
191,206.78647
290,260.6331
254,251.69966
176,211.94127
188,182.27681
174,197.77364
206,194.4189
211,213.12654
273,223.88983
220,283.97046
322,301.3601
306,361.67477
312,320.55588
273,294.87082
293,291.13617
256,312.04636
354,228.03828
139,207.67906
91,75.375046
41,53.49544
52,40.52021
78,69.98723
120,95.39496
164,170.536
220,214.61565
288,293.99622
226,273.96857
205,198.18044
198,193.19537
188,190.96707
186,204.7123
206,211.52972
219,229.6724
268,244.74155
317,327.78174
328,344.41122
283,316.26184
304,275.29245
282,309.80466
307,292.3896
308,275.66248
249,202.58115
134,139.64844
100,74.739426
75,72.61704
98,86.388794
129,118.69329
191,168.38863
176,218.43105
240,247.23438
258,242.10315
225,234.15935
210,217.65892
238,232.39568
246,237.41515
266,259.78632
277,274.907
320,311.04453
358,367.42194
389,397.06046
360,390.18042
337,369.88022
390,391.46326
419,508.99088
459,481.78284
412,394.46222
279,310.96936
202,205.68571
149,164.33707
132,130.84718
128,124.86485
168,175.01192
169,181.4747
195,207.42072
258,254.95012
291,285.759
287,321.26117
300,313.61758
280,326.6428
308,310.3809
348,338.25656
350,384.1149
457,405.36667
479,483.54385
506,463.93817
501,455.78763
442,479.6866
643,493.36417
670,596.75946
417,528.76404
327,307.75986
226,229.79358
171,157.14938
107,136.44127
96,111.385956
120,131.24998
126,144.47928
166,171.30295
215,221.01753
241,274.48154
295,282.89755
307,310.9492
308,300.70377
312,312.6897
319,317.10687
340,327.3335
354,349.54428
414,359.40036
362,358.51562
387,331.74948
386,334.11383
427,349.30344
425,337.48117
488,516.6747
387,429.10388
305,307.3072
188,209.24748
141,131.84795
81,107.73152
99,100.25962
123,129.38487
173,180.15335
168,209.34921
178,190.53703
157,206.91008
187,197.41016
181,208.65439
157,211.32675
201,193.89902
180,225.20157
234,242.65877
310,309.3155
393,379.8233
386,433.1445
447,480.1147
667,616.92255
825,778.30566
919,851.07025
1047,1116.4365
921,825.1635
661,633.59515
284,352.7283
122,128.77377
83,92.77302
75,90.37
108,112.29394
142,155.86142
180,187.92995
216,209.53488
214,244.35057
218,246.66885
258,241.51364
247,289.16986
308,288.3041
342,347.97983
428,409.05133
417,480.72025
432,460.5251
494,504.6043
647,649.85815
786,801.7024
888,865.27563
904,1045.9603
866,761.69354
673,645.70013
346,372.21213
154,163.03963
89,104.29146
90,84.679054
109,111.31084
164,142.57767
174,188.72942
193,209.24495
258,220.56078
256,255.17152
232,251.81535
250,241.54234
217,271.02963
238,256.24652
266,276.16562
254,278.99994
252,263.81802
285,281.39728
265,288.47787
228,238.27551
189,173.43304
172,142.06451
77,117.916664
76,80.73758
59,74.300835
68,89.87078
79,96.86085
102,119.409004
146,155.17667
161,167.21095
142,153.01953
123,144.69577
146,143.11899
138,147.8724
186,157.05075
136,179.6952
147,162.58687
163,183.01222
186,205.85466
221,210.6922
205,241.91776
255,239.87564
224,243.17508
163,192.20255
143,131.1939
88,98.16193
59,55.14629
51,40.963493
42,49.752087
62,63.923264
73,88.87392
114,118.39461
190,167.53625
181,174.29909
142,165.9346
142,134.95679
137,153.40977
124,150.35318
146,152.14507
152,154.32623
134,166.49298
188,170.46613
239,238.28458
231,269.3414
276,289.75513
388,350.45935
382,387.99432
294,327.68997
257,206.83142
190,164.92917
89,103.52341
40,61.13367
47,50.917988
62,63.142395
97,88.98838
129,131.92342
199,188.23566
176,207.33228
146,158.70522
172,155.28682
152,163.10368
155,156.14607
135,169.27444
192,154.76442
148,185.88393
188,196.06096
283,256.59235
263,310.19894
351,316.3819
431,447.80957
494,455.90192
374,430.78107
355,325.10364
235,243.33258
116,140.69398
122,92.68463
71,81.721016
70,77.31166
99,100.87034
121,139.81099
193,180.88565
175,207.1691
172,169.38573
172,187.42288
146,185.07162
182,160.4744
161,179.99329
163,186.14053
154,175.3224
213,197.97679
261,279.38007
298,301.8363
359,370.74335
427,457.87445
577,530.4692
633,590.4774
536,579.502
482,423.09998
315,335.56573
239,214.26419
131,142.18983
77,103.08546
100,100.16694
117,126.20981
156,172.63774
169,178.406
161,174.96747
149,179.54231
203,169.81377
173,210.11354
188,193.29755
200,201.49544
224,204.73502
226,272.57068
302,303.5605
348,372.01727
363,409.12018
426,449.20883
617,611.55914
792,837.76935
900,876.8277
1044,1029.5352
882,887.2706
685,626.02094
358,334.824
101,141.87788
108,87.21622
87,95.72968
126,119.41559
154,156.47903
175,188.37367
217,203.02577
231,244.92221
216,243.18224
227,246.20518
272,261.22165
283,302.99155
346,331.43948
440,414.76483
403,478.37747
442,446.15796
520,495.14557
650,672.5165
820,805.43256
855,875.3822
1024,1105.4546
866,843.67084
689,672.8038
374,385.96585
172,174.77823
78,112.16643
87,90.8929
122,114.38651
112,154.46266
200,156.45647
229,227.23788
241,245.1975
235,246.07278
240,237.73566
247,249.27191
224,263.61514
287,258.99146
279,305.98413
414,285.05612
469,373.2021
376,436.75748
290,341.8424
260,258.6602
177,192.80238
146,131.98979
102,101.03728
75,89.61375
85,68.709755
69,85.45335
94,87.53723
115,118.45105
134,159.21616
147,155.78001
112,143.35521
151,134.27924
140,149.09503
155,144.60805
147,172.59361
144,149.90788
167,161.79019
182,190.09612
204,213.45259
201,226.06995
216,226.99373
254,242.42834
233,246.27473
201,189.1865
144,146.9682
94,96.44642
58,58.110542
30,51.518993
46,44.16815
40,63.846024
66,82.776825
104,112.84044
180,165.35043
146,178.02925
161,139.02748
136,157.60985
149,144.5854
123,151.1816
141,146.47609
146,150.05019
146,154.6
178,183.30666
222,224.1213
268,247.52551
443,300.52194
568,451.72668
384,438.97882
303,331.86102
249,215.27193
165,155.32391
112,96.963936
61,64.25106
58,53.86075
53,58.27282
103,85.3351
113,129.05095
181,178.52568
198,182.13406
137,172.87288
157,149.2936
149,158.33156
165,147.81111
173,162.65254
151,171.55016
191,164.54834
238,217.5563
350,278.12524
434,341.0957
350,445.29517
454,472.9496
438,475.16214
392,427.67267
237,325.96017
177,190.31258
84,119.489105
98,88.19964
80,76.19722
65,73.01708
73,99.86557
118,119.8649
170,181.09769
196,196.03023
169,166.63402
144,168.70068
153,156.14319
178,170.54315
171,185.9499
173,175.87086
200,189.22626
228,238.69765
283,285.77075
314,324.7442
361,381.47568
466,444.62967
521,543.9055
650,540.46954
485,556.0425
475,420.04697
278,340.31558
197,200.87122
117,135.82968
78,83.23169
80,97.059074
120,119.80406
144,160.59006
153,171.08478
176,168.22595
193,165.09856
163,193.7111
183,178.49246
173,190.5489
208,190.52814
223,224.67491
248,255.2332
276,315.3239
353,360.88596
351,402.69916
459,458.98813
608,628.71857
764,758.2659
900,828.544
1008,1029.5352
922,806.4197
643,689.5855
304,361.37518
128,127.02213
81,94.27611
102,89.37691
109,125.24672
139,152.9051
205,179.89088
204,227.27467
215,228.70517
198,224.17451
261,222.4642
272,271.0491
302,300.16504
390,341.319
407,449.463
433,439.90546
478,455.69565
501,520.48145
721,638.9123
721,817.4187
822,818.0725
913,930.818
797,837.74976
604,613.5853
354,327.0133
132,173.80103
86,92.60043
75,90.62202
105,102.65769
156,138.11255
210,199.06262
238,228.74348
225,242.88365
233,232.93466
234,240.21909
248,241.32727
239,247.66957
285,263.4541
362,297.35797
310,346.36972
299,291.91235
263,326.91174
274,280.5153
223,234.04204
164,184.67043
120,123.294464
90,99.37837
67,73.29759
79,73.896324
63,75.70646
89,88.083275
112,121.09314
150,153.70317
145,160.82521
130,136.96165
142,141.13638
141,146.11877
141,148.97073
135,161.90517
159,141.82655
148,168.44894
157,177.01555
209,198.49893
192,225.21614
197,215.0082
232,227.62144
249,228.84329
193,207.91705
152,145.1027
118,95.942055
62,70.18073
46,49.223763
43,48.97527
69,60.645863
89,81.47556
101,120.69767
143,166.18639
162,162.88664
132,148.85359
115,137.98991
129,138.53375
148,134.48694
137,149.67868
120,150.87297
159,148.375
160,188.11324
209,217.64206
236,242.24692
302,280.04904
360,357.81882
425,358.3918
278,325.4293
226,209.58026
134,153.99768
88,88.16873
52,55.665615
53,52.586582
42,59.343456
90,90.218056
114,124.39163
155,162.85718
194,178.35829
142,160.23439
175,140.3289
137,155.17113
177,154.35745
200,170.04137
181,176.33337
193,187.95123
267,219.66237
305,317.6473
402,328.0197
408,413.31516
491,469.07843
450,498.5744
424,402.42422
249,325.67917
167,191.28232
102,109.23808
74,88.06869
88,70.882706
70,69.72917
84,98.043755
122,122.25448
172,174.27487
171,194.99234
159,157.1896
183,167.10658
144,165.31335
173,168.25934
160,186.88737
180,176.2902
183,197.84927
203,236.42972
270,278.5627
368,313.7958
404,408.7174
432,494.79663
543,519.93854
534,586.70496
528,462.22488
443,440.14536
300,313.87726
221,199.55605
124,139.54973
75,87.07606
96,95.4585
112,124.09698
150,157.16661
173,168.81172
156,171.7709
171,168.62086
189,177.6217
198,192.3563
180,194.02965
193,194.03757
199,215.13872
276,239.7294
313,331.94012
357,383.99133
378,397.94482
480,456.29602
680,625.48627
872,877.57056
887,886.14484
993,1027.4225
829,807.0004
634,579.6518
318,312.84064
125,130.98537
94,89.64838
101,92.97449
165,119.04917
163,172.29614
193,186.28932
233,214.81113
236,237.07596
227,236.2951
274,244.84166
293,280.4684
305,310.08423
309,363.617
400,379.2113
413,447.26932
451,460.95184
497,506.22668
715,626.69824
830,819.40704
922,875.52246
979,1024.5209
753,804.58856
618,592.50916
333,346.51428
156,153.5391
81,106.713104
90,90.55324
117,118.4157
191,158.02266
243,214.59425
263,253.25624
267,259.4608
259,254.85481
276,254.73279
256,266.4493
263,251.31868
298,274.86087
267,314.1203
264,285.122
238,277.05408
279,264.06415
260,303.71924
257,227.97383
203,174.82591
122,142.57286
92,90.207886
76,74.11554
65,77.22066
68,73.14542
97,93.47008
95,120.637245
143,148.59439
172,153.49495
156,149.65556
142,151.6315
148,144.36443
141,148.342
157,147.7879
174,158.79854
166,169.62657
173,181.74617
196,206.65497
198,215.08769
227,214.27924
222,245.0307
240,220.75516
166,204.12202
133,133.2782
103,91.09348
61,62.42758
32,47.893707
47,44.671356
53,64.47075
92,78.88722
100,112.20032
154,159.37411
166,168.67126
159,150.58948
157,145.1334
141,150.30496
131,138.26248
146,147.63391
154,154.47511
160,164.17221
181,188.1946
230,219.29626
236,240.18567
290,277.32144
331,360.0242
359,346.81937
363,292.25513
238,240.57634
165,148.97917
107,97.15608
58,66.2983
64,55.139122
61,57.334217
73,96.54819
98,111.094086
175,160.00455
181,184.4652
150,159.90402
167,160.14616
159,158.28873
147,158.4893
152,161.66246
143,165.01021
162,170.25728
230,212.8537
210,288.4163
263,263.45923
290,309.73016
368,357.33997
376,411.7902
347,390.52667
289,257.0667
195,198.91273
121,120.33177
104,91.92369
73,81.96082
65,74.1459
77,84.26814
94,119.066154
166,168.757
187,179.2388
180,169.5747
168,177.62428
153,164.93106
163,163.25024
181,170.41318
196,170.63896
193,193.3932
186,229.46193
248,242.76967
291,306.52228
341,346.76602
410,435.41937
488,499.5041
489,530.9701
474,481.90146
371,399.61722
304,285.39215
232,209.95227
133,135.81003
87,86.55141
84,97.68081
118,109.040184
142,156.37904
186,171.40907
191,181.58865
197,189.19778
185,189.41632
194,187.99313
189,198.19556
192,207.38243
213,215.7468
253,251.83534
299,311.8414
355,358.3069
355,394.8782
402,447.5992
533,560.1873
761,634.62823
892,849.6386
944,970.79425
855,839.90985
599,632.168
359,330.8821
107,142.04768
92,90.13346
124,102.62633
115,135.15695
157,159.0313
208,199.51399
225,230.73871
223,238.93246
262,229.49637
241,269.02716
284,258.40543
278,312.13297
329,324.91742
423,385.34836
411,454.23206
465,454.10394
532,507.38815
625,667.59674
727,753.48956
777,820.2609
915,890.7808
791,776.2316
597,605.0046
316,350.18005
113,146.41408
84,84.2491
75,91.62755
99,106.43727
149,148.79546
205,204.81834
257,232.7122
250,254.82477
262,248.97173
257,253.79126
307,253.46008
274,290.51514
324,288.14822
341,319.70193
317,324.13187
333,310.42712
367,321.41232
439,340.8139
471,357.48993
349,381.57788
284,240.70642
148,188.076
85,114.88982
66,67.89809
68,67.9755
76,84.132866
115,110.64656
161,184.10574
179,204.14095
222,234.79512
281,286.98566
302,346.69226
286,354.90894
335,351.27982
348,394.13947
428,416.40683
381,475.55045
414,424.0065
436,432.44028
432,432.56882
448,450.5722
392,447.6315
288,332.60666
199,213.6209
123,131.22592
65,80.903915
49,52.176323
36,46.16887
28,34.595627
34,37.375103
46,58.865196
77,84.680405
118,131.7673
175,181.50209
257,236.64117
236,285.7392
234,271.88797
238,271.6876
274,280.49442
312,322.42773
361,365.074
342,393.5751
312,354.8066
287,302.7033
306,309.27423
332,341.2328
246,304.51886
243,185.19261
86,153.89598
71,60.0917
51,49.817715
40,49.93552
43,41.186066
41,47.694607
74,60.07241
85,96.31947
120,129.48679
168,173.60556
211,224.876
262,244.7073
257,272.74796
271,258.24182
257,283.03607
284,280.51675
298,306.85764
329,307.01688
261,294.20752
278,247.15488
252,272.90027
174,233.99646
171,178.7022
103,115.87706
37,62.13537
31,37.770546
34,29.945677
34,38.29953
27,46.791702
51,64.59709
97,97.954704
148,170.74768
165,198.81056
223,207.30922
247,275.14066
264,292.49603
327,304.26724
318,358.9639
343,370.62985
376,400.86758
489,490.19934
518,534.30896
547,584.3168
771,697.19916
780,789.49
562,644.69403
483,444.38858
310,326.53738
213,202.32602
135,128.88315
60,83.91976
39,52.875015
41,46.129143
66,67.93036
101,121.77127
184,177.63092
193,225.39085
243,244.9387
295,294.37766
360,337.99075
357,404.2924
423,394.55658
413,466.13467
419,520.2305
614,575.7535
599,615.87756
628,649.5113
900,789.1556
910,864.1077
641,703.815
491,534.03375
385,364.90378
218,271.87305
131,149.6597
59,88.23994
52,55.58934
43,54.265244
81,76.33505
123,142.57716
221,204.81302
220,254.74864
238,267.89676
354,312.91547
352,397.9444
392,397.37753
368,449.38925
436,409.97925
501,511.75067
613,638.5606
665,676.01825
748,674.8167
872,933.68774
1033,935.5674
666,780.1287
531,528.9491
402,402.02844
228,255.56857
142,159.10358
92,103.8754
69,68.9957
62,59.45076
73,91.9074
108,137.60286
187,198.89174
198,242.79288
237,252.68411
345,319.9907
377,396.5665
444,412.64963
426,495.67953
468,543.2571
515,550.1299
527,649.7695
552,581.068
589,637.0503
813,716.3407
803,883.5458
684,693.5645
529,559.6292
266,392.7452
229,201.74951
132,161.29008
76,91.70332
55,71.04616
49,66.55356
80,74.690445
86,116.01479
136,164.55672
207,187.17235
206,240.97182
302,272.67145
287,344.6272
325,333.2149
347,365.39243
347,392.07474
415,409.09753
429,442.5066
379,444.4489
428,399.6373
412,415.10678
390,416.97025
370,424.07495
293,315.83112
188,217.53128
108,120.51434
60,72.886314
43,51.150932
32,41.682888
24,29.515722
30,36.790684
60,54.027725
80,88.148636
111,129.49094
151,174.03065
186,216.96254
193,240.66406
207,250.73204
224,246.64194
238,267.8371
297,290.47125
332,349.78473
294,363.33954
318,317.37354
289,299.65924
276,305.90604
335,308.6288
269,295.17957
153,195.43845
98,111.73683
57,63.02711
33,46.390453
50,44.784977
41,41.504932
35,45.301216
51,64.20163
83,85.27739
98,129.75456
90,142.87775
119,136.94464
143,163.01642
123,175.09303
149,154.6882
137,187.85434
186,190.58318
197,247.66814
254,245.78105
218,257.00717
242,226.11726
205,247.52661
179,203.27225
138,176.00014
79,99.94849
25,50.285473
37,33.879086
20,30.421368
47,33.381195
44,40.647266
48,67.10489
80,90.5455
131,169.2633
155,171.16324
166,205.3169
231,218.19127
279,272.9427
308,312.5195
338,335.10736
386,367.9253
425,442.12314
500,532.7377
442,539.5021
502,489.77863
780,644.0585
702,819.41046
535,553.4183
414,422.49762
270,287.5765
132,184.17416
100,90.544655
59,65.36431
32,53.83885
30,45.702953
56,62.937
79,103.02417
198,163.57852
184,211.38136
217,217.14375
289,276.36993
326,331.38617
337,369.2635
422,397.05328
422,456.28625
524,493.60336
647,640.29877
563,618.21924
685,610.5247
865,917.38257
813,929.94
645,664.63824
438,511.17606
348,333.3028
180,223.02866
127,129.24072
63,85.355774
41,52.3982
43,49.14431
58,72.463776
103,121.12293
211,205.0304
209,237.54047
284,247.96417
338,343.94907
336,374.31345
399,382.10498
412,440.7301
413,446.1337
564,508.73364
795,677.2168
768,754.2841
1029,762.4642
897,1116.8728
919,925.6936
617,722.04004
503,522.6908
312,375.60654
182,214.54305
98,127.54119
61,85.50958
45,60.218155
54,56.24097
66,77.52527
120,115.21531
192,203.93642
198,223.62279
246,260.85132
365,330.58838
361,392.30426
438,417.57108
446,471.3943
439,474.1279
563,519.4061
597,655.97095
555,625.9573
602,576.47296
740,740.0354
814,821.8903
589,675.9902
458,489.49915
260,319.47473
161,203.28198
102,120.075935
74,77.134964
49,60.21883
51,61.625256
57,76.764915
65,95.61174
141,143.89754
175,187.60947
193,222.48563
277,262.59402
295,309.9041
319,328.42258
340,352.48648
362,365.13556
404,410.08798
376,451.89047
392,410.99963
393,407.4569
413,398.94907
354,419.69077
448,386.7167
273,332.30225
180,201.6704
97,127.423096
86,62.183044
44,55.095886
47,36.523705
24,31.044884
39,31.715916
57,55.21658
67,81.04921
108,113.42201
168,170.8675
235,230.22714
228,258.65762
272,257.15543
274,277.13687
250,289.22827
337,290.92456
367,370.1616
343,363.67072
319,325.92642
257,298.59097
273,283.01712
361,315.25565
274,294.21964
184,196.55417
87,101.91788
52,62.134987
41,45.837822
30,49.16382
28,38.78156
50,41.759354
68,64.27389
106,85.50407
124,130.27489
184,174.26537
246,221.72456
236,257.91272
254,253.75145
251,263.00122
299,248.33397
276,298.3046
331,293.1425
397,316.19257
289,321.91168
244,261.38684
205,244.50815
192,194.75677
163,179.56325
87,104.347305
62,43.465256
30,36.925583
22,27.912844
27,39.268658
29,42.15901
48,58.806652
87,93.295334
132,154.27872
157,169.1386
175,203.48262
209,228.60384
237,257.98743
256,280.51724
280,303.90417
322,336.47867
312,389.6517
398,404.05533
400,462.0893
510,458.8846
703,663.3712
635,735.98676
509,546.4653
311,411.73865
192,232.25227
131,143.20982
90,95.81471
48,55.66094
29,38.841846
36,39.81497
62,64.50455
85,104.60295
130,164.76984
177,185.44417
218,213.91586
260,266.0371
274,303.16504
288,319.7328
288,343.02957
319,349.61816
403,390.68088
497,535.4798
534,536.28827
601,601.1057
769,791.11707
750,834.2475
514,655.8132
390,437.68207
280,294.05493
128,182.43616
88,99.69167
48,60.85322
42,48.038685
39,45.678284
75,71.55458
96,120.01519
163,172.8444
212,203.5926
238,255.8396
324,305.9531
379,345.78082
471,392.54364
509,459.52118
555,489.9526
665,583.0278
734,753.40784
703,712.54736
794,837.5876
855,916.65594
871,891.6022
645,651.0676
404,508.42337
302,311.9892
147,195.48503
85,109.75046
58,73.02839
47,51.87201
44,55.79292
69,74.70749
103,115.52325
173,174.58734
181,209.80417
247,232.2564
298,320.82364
301,361.73273
327,391.7663
365,416.6144
404,434.7127
482,494.53125
537,605.20667
518,565.64
561,556.14734
735,681.99365
701,812.92053
627,647.42365
430,498.49185
271,285.41
172,190.45128
109,111.37017
63,73.726265
49,56.39873
47,53.22776
55,72.616455
83,90.87905
131,146.33556
160,179.14014
222,210.8555
265,275.9047
276,294.53003
314,312.3128
326,345.72867
343,354.6591
377,403.31384
393,411.74112
477,411.19077
422,452.00952
372,410.3098
386,380.48282
379,413.4329
274,320.902
199,202.3412
119,117.20586
60,69.55382
47,44.97271
26,38.459743
30,24.873222
49,33.15099
60,58.072052
77,80.855606
152,119.33489
210,199.37909
277,255.03392
255,280.36856
312,270.04498
251,303.6589
313,266.07272
310,334.95187
405,349.7944
368,396.39792
385,337.71478
345,326.6443
286,317.7822
319,322.9503
276,286.17212
158,198.29599
96,96.30299
72,59.23196
49,46.76318
44,40.419655
40,40.527718
42,46.25991
74,66.40308
96,89.99493
161,136.0984
204,205.87076
254,237.30052
274,257.11813
309,273.02777
274,283.80096
319,273.63153
329,305.0907
356,327.86725
337,343.1297
287,296.20096
260,260.95593
224,240.20284
171,211.56673
126,158.76984
78,83.89457
38,44.542286
32,27.171724
20,24.557503
33,32.4682
31,34.090725
70,53.118214
91,97.87612
157,140.88203
221,177.59631
202,219.53691
235,245.39102
255,281.41592
273,303.23227
303,312.31937
330,339.03714
356,382.73257
408,445.11325
416,435.2798
477,460.59555
618,588.45557
561,688.25836
444,467.36642
317,375.88504
205,222.50443
131,117.44932
84,84.14087
26,52.627163
33,31.406128
38,37.920338
49,66.45803
122,91.601906
198,186.60913
168,219.40477
243,216.3838
287,285.9927
283,308.2086
306,313.99292
326,362.89154
338,376.32367
398,408.2904
493,534.93835
476,516.16187
519,507.77222
715,732.44855
667,724.3003
490,611.40607
343,388.8584
233,248.06403
160,158.82361
86,106.71264
42,54.521507
42,43.288086
57,45.845943
61,74.09007
105,109.35258
192,195.70753
217,212.05264
236,255.10524
355,303.3328
294,365.80966
330,349.00513
333,373.45444
375,372.0435
433,446.44046
482,570.63165
456,522.5792
489,526.0702
636,588.51794
653,742.6151
511,607.65625
389,421.89667
264,271.07196
125,180.32878
106,83.9384
64,66.72691
42,49.178856
56,56.30906
72,73.88117
122,115.049545
179,193.15398
194,209.50105
255,236.3007
288,335.02686
354,326.3976
339,394.9791
351,386.57803
385,396.26486
433,451.2498
468,490.25217
449,481.77567
464,430.60397
577,540.52136
537,626.03516
484,535.3902
334,411.57828
237,235.14363
148,158.87393
94,101.82881
60,69.262886
69,51.481106
42,55.233227
80,62.926865
87,99.48244
138,141.52356
188,181.14108
249,223.04419
292,283.6151
322,310.62134
331,338.11044
308,350.5271
354,337.42297
388,397.65982
397,422.89954
377,427.87225
415,395.76428
320,397.80255
313,351.63132
349,361.40485
311,300.21585
200,210.78796
135,121.14175
69,71.26101
36,46.627003
13,33.70036
29,22.096008
33,39.226093
56,55.70342
88,78.25882
165,124.36494
227,206.49658
247,270.12823
252,269.54266
266,283.70126
260,278.8768
318,280.248
341,331.54825
407,379.40018
446,393.00446
441,390.04193
345,356.77286
373,317.6823
349,360.74582
300,297.82785
207,189.0399
111,118.66516
65,63.260323
52,44.7117
41,40.527843
38,40.595795
45,42.974773
72,65.00007
99,97.75036
152,138.74074
224,207.0874
257,254.66298
268,260.77676
274,269.23038
275,265.6868
315,284.6673
332,310.74744
325,345.1985
316,328.0895
324,291.06274
277,278.58832
258,254.57506
237,229.10075
189,177.96153
183,199.78484
89,132.85904
90,69.14443
43,57.780647
54,59.288948
81,65.866745
112,90.79614
120,134.1139
164,176.22739
194,194.13145
193,201.22917
244,214.69887
215,255.48228
192,241.69641
180,227.66211
223,226.6099
217,269.68988
260,275.3431
283,313.34393
294,297.0371
251,311.7011
292,256.83035
268,284.9693
224,241.77786
119,192.23006
113,93.18089
78,88.333595
46,57.009716
58,39.64611
38,49.926136
46,55.150436
69,59.789944
78,107.23162
121,136.98924
155,171.14926
167,195.62294
174,194.07004
151,194.56322
140,167.84134
130,170.69327
178,172.34174
236,219.67007
207,252.74614
243,230.58609
208,221.38231
212,206.12508
212,216.62729
164,186.96545
126,128.56667
89,95.713135
62,72.54898
52,54.09025
42,59.652637
34,48.141727
64,52.973873
69,76.44928
98,95.44057
137,127.80496
174,177.91455
188,196.43268
207,202.91449
225,187.0183
202,193.2404
182,175.08755
195,183.28859
203,201.43674
195,211.65836
227,191.89076
176,212.51129
169,170.44307
151,153.13374
113,118.28573
42,74.1146
43,44.695496
37,28.47539
37,38.06482
38,52.067738
49,48.180336
74,89.162025
107,126.48033
174,175.57188
153,173.07436
191,174.31349
183,209.50359
217,207.76727
220,240.71112
204,232.35109
238,231.38655
259,270.469
324,363.9615
341,359.99884
343,358.3052
518,537.1859
421,486.92285
311,361.72446
218,227.59396
133,149.60526
76,83.66504
45,55.23959
40,36.97316
40,43.69615
56,49.599796
82,99.845375
113,139.25627
202,191.94211
185,199.25131
175,209.75467
214,205.03085
229,240.37846
260,251.86008
283,272.2305
266,288.54327
335,320.62646
433,449.47345
388,438.6482
384,407.63623
568,583.68365
552,523.3769
407,409.89716
267,280.35358
148,184.73792
86,101.476814
65,61.510536
35,41.638252
39,41.54883
45,59.39346
86,93.25416
172,150.7998
229,232.2499
173,216.42662
191,185.42764
220,229.23898
213,246.87604
240,257.02048
258,278.24088
286,286.20847
316,350.66193
446,438.90936
481,461.8989
462,454.3087
655,612.3202
590,569.0314
449,436.21722
294,307.59894
202,200.57365
86,125.74288
53,68.021576
41,45.8812
52,52.83101
57,60.213947
95,100.00677
154,166.38971
202,228.22177
190,210.93385
162,205.44766
219,205.31598
220,244.33685
272,253.43358
257,297.67212
288,292.81552
302,346.93137
370,393.36853
391,410.3093
403,423.41696
561,570.6411
507,511.68945
358,426.16882
251,288.44012
181,197.06454
150,117.75562
91,87.49147
44,55.15016
65,59.54418
59,75.032196
83,96.94185
128,123.764275
153,173.2053
157,182.63512
177,175.02618
196,206.54626
213,219.13123
217,236.6743
239,240.01932
223,255.94022
269,260.5037
258,291.3558
405,309.27402
276,362.3866
276,283.97842
242,268.09125
259,250.28798
242,231.35565
146,170.58571
87,115.5759
101,80.923195
60,64.12146
38,45.399517
41,41.307766
74,53.118706
74,72.43055
78,102.951294
140,134.8288
165,176.99112
193,193.50089
189,204.80899
176,194.14597
163,181.22073
146,172.89844
171,176.49199
220,213.35849
218,242.51491
231,235.1133
186,215.6669
177,191.07056
225,189.71967
170,198.47215
111,129.03645
72,86.78924
66,59.184563
52,53.548267
33,46.376617
58,40.486397
43,63.288635
79,68.24225
89,96.00982
121,130.28307
187,156.47667
185,204.83244
202,203.69984
169,198.20325
199,171.45392
172,178.64996
178,180.79022
196,190.9111
190,208.37207
176,193.35802
187,180.44653
164,167.0836
150,151.848
95,118.356735
59,57.71607
36,45.553185
32,32.455574
43,34.688614
50,46.719715
42,56.892506
52,79.87039
103,116.60046
137,168.35152
150,164.23697
171,174.87877
182,200.40695
197,207.27434
185,224.52422
225,215.68835
212,234.22244
270,250.26956
311,354.43344
340,338.82825
344,340.18982
551,527.72797
475,460.69553
338,362.6326
203,229.4252
136,129.9255
101,72.824486
47,52.51197
30,37.92365
29,42.541847
41,52.51613
79,77.94816
124,124.574005
166,182.9981
199,178.58684
177,186.10329
232,201.83871
210,239.70595
238,239.11386
266,264.1966
264,274.4342
288,310.25623
372,394.94153
404,414.0874
395,416.43552
608,547.33636
527,523.9386
428,413.7825
258,277.5769
154,178.60347
105,100.43877
58,64.9463
33,38.68218
43,39.01681
48,57.147842
77,93.639565
129,151.94597
212,199.52017
190,212.04597
214,189.33669
230,233.70412
228,245.59859
279,248.62845
275,288.83676
255,290.687
341,303.59213
517,455.67142
552,497.554
644,484.43457
723,710.33685
565,583.3316
385,434.72293
254,289.01666
168,185.50801
110,106.25035
67,70.045425
61,46.24561
74,56.340637
84,63.651306
84,106.81891
121,145.39316
211,198.97456
180,208.27794
197,193.54979
230,223.09894
244,251.08437
248,278.92786
257,276.90027
273,283.16458
297,325.44772
365,378.69516
352,414.82385
374,397.5457
546,541.3871
498,497.45328
395,395.92102
280,285.95615
170,198.42204
104,127.923004
63,78.55924
52,48.105026
32,62.63703
62,65.44704
84,87.12154
99,120.021736
141,165.04929
157,174.96765
179,181.41463
187,209.91838
207,205.94624
213,218.63458
234,231.55418
215,236.64085
255,253.26544
283,279.69388
308,325.08115
320,298.49594
278,299.67255
264,265.88632
239,254.98065
185,226.64172
138,147.86105
105,104.680504
69,81.39541
39,53.940624
31,34.768326
34,40.39923
79,55.228607
101,77.27711
121,94.75974
162,151.71799
185,184.1845
189,201.46051
172,197.19716
158,185.65764
177,172.89192
211,173.6203
189,208.93205
244,214.68372
248,242.80974
255,241.14758
226,221.57921
200,210.47751
240,204.99266
207,196.13867
158,141.0634
86,100.68307
61,61.39058
43,49.3478
57,38.803547
44,49.89685
60,57.44797
76,79.08338
76,104.42214
129,126.806175
181,178.74562
204,192.59494
216,201.76524
181,192.9263
204,180.60718
218,196.23842
196,205.69444
229,205.6826
239,218.65572
234,208.4107
222,209.34048
234,189.15092
148,197.78976
109,115.11493
48,60.66124
39,37.07148
21,29.34151
34,33.66837
57,50.72167
34,54.459396
53,75.42972
78,103.91716
130,153.94685
140,156.07777
146,170.6244
191,177.38072
151,212.09563
213,192.07547
182,228.37224
219,215.06587
201,253.88568
247,270.9676
259,297.7922
301,284.77213
457,406.52112
408,426.7868
305,322.63852
212,213.23804
123,129.76073
73,69.885544
46,41.902046
36,36.814114
45,43.952972
42,54.650566
54,77.43935
115,113.427765
152,174.93028
176,177.55241
167,167.8342
176,203.4724
189,197.27664
203,229.04192
205,242.28644
206,241.01152
270,252.98746
314,370.24924
321,358.96606
376,351.8107
452,505.77136
461,458.53952
361,381.75024
208,266.13995
153,145.29077
72,97.496895
63,54.11231
40,39.341324
29,46.012135
45,47.577103
54,81.299614
97,141.73564
143,177.58353
175,182.58813
190,186.84526
189,207.56221
250,210.02077
270,264.56476
307,280.5455
298,299.78146
374,334.71002
410,465.92267
444,468.8354
460,483.4534
603,561.00745
533,516.28235
384,408.77698
260,269.09723
161,185.60645
77,101.194016
55,61.21352
39,46.740524
46,52.2122
56,60.57164
75,85.63354
119,139.05243
149,180.73135
167,183.08394
176,186.82362
204,201.71846
200,234.71338
236,243.60196
232,268.11343
261,273.7055
298,305.89212
360,367.2707
380,386.19672
340,388.7828
421,444.46432
408,458.32635
331,369.55634
278,268.461
135,195.12917
111,91.37317
52,75.20892
51,43.662064
46,55.147636
50,61.556976
68,79.284485
83,116.063385
111,146.7041
177,152.36331
174,178.55888
170,193.17146
197,193.51254
197,210.78223
201,224.20932
200,216.10962
231,237.04585
252,269.6732
306,292.49722
251,296.7808
258,254.09889
236,247.49486
261,235.01462
188,231.7883
177,142.28534
103,115.95936
62,69.02008
41,47.782925
29,37.222942
38,35.865913
64,61.53582
99,73.54134
134,94.078156
146,159.4901
192,173.38829
244,194.96844
203,224.17223
184,190.97426
163,186.67795
165,170.04832
182,182.9191
238,217.40393
235,241.04752
273,233.65286
211,236.36533
211,203.24768
228,209.31665
187,190.74911
136,140.10497
78,90.863
46,57.020462
39,47.85646
38,39.5286
45,40.98213
70,58.87768
70,83.30976
107,97.65169
167,136.67142
179,191.52863
197,198.45186
223,203.34825
199,204.96573
162,188.05449
175,167.88661
222,185.21628
237,223.22452
222,223.08861
211,212.23419
239,193.86206
164,206.61201
200,151.68074
137,134.27902
64,70.938866
54,36.659256
30,32.201424
26,33.235542
43,44.548603
33,48.094326
87,63.40136
117,113.13514
131,146.31717
163,159.81454
170,172.91493
164,188.40256
168,186.10304
193,202.62044
212,199.7082
190,219.22867
224,234.5333
266,283.9713
255,303.49866
271,282.07907
374,359.49146
312,390.01526
236,298.11652
185,198.61452
131,124.844734
74,71.92353
50,43.229507
25,35.260387
37,41.379044
39,45.13522
81,78.53494
97,122.525475
143,156.70473
179,179.55684
183,176.87943
203,194.07143
178,207.24951
207,215.11667
245,240.22548
224,253.8754
257,265.8374
298,334.71396
312,334.0012
279,331.56937
429,353.0695
390,444.38376
380,354.14032
269,264.4388
165,174.26979
81,92.095245
55,57.33369
29,37.368496
37,38.281933
39,48.273914
83,77.30665
105,124.92377
158,177.90288
172,180.97238
166,183.9702
184,201.27533
191,208.28645
203,232.88232
207,246.42348
223,244.01547
243,278.77832
312,351.59772
278,366.91037
308,302.9091
408,346.90994
409,447.5607
339,369.37897
252,265.67343
182,176.29636
81,98.813545
44,54.20219
40,40.028206
52,51.02349
57,57.8415
80,88.06557
119,124.858986
144,177.6611
149,177.62341
172,166.31668
180,197.24013
202,207.14337
217,232.29819
232,244.48328
252,253.04872
253,283.2325
361,320.03525
278,362.9006
298,307.96713
321,341.24353
329,356.17188
293,320.9322
234,261.21994
168,171.04285
73,107.814995
67,53.935085
48,50.92715
59,51.034298
57,61.449787
86,84.14121
90,109.873695
137,138.54346
145,155.62318
178,167.82716
169,185.47874
180,194.70317
179,200.91037
191,214.09442
201,207.25893
207,232.59634
251,251.03523
216,287.37985
215,240.56667
209,232.22127
189,209.87053
198,210.18176
204,196.6206
171,157.02243
96,109.11904
78,68.47255
51,51.083046
39,35.966755
44,37.25005
58,66.03371
84,85.748245
102,114.24703
137,145.23552
190,181.18565
217,199.39467
177,208.8305
163,183.8803
143,175.45332
150,163.81381
170,177.66304
216,211.85661
209,232.19058
243,217.6579
220,217.06712
202,202.26509
220,204.19026
178,190.91055
127,139.14919
107,83.31501
104,65.34699
51,61.98432
20,39.64961
26,42.142704
67,55.4337
80,81.94788
113,97.800735
143,136.35399
189,183.04575
180,202.57425
205,192.91652
166,186.77936
157,164.60553
159,159.35074
180,174.16875
199,204.92676
210,209.14105
152,200.92256
174,171.08867
157,165.12416
164,153.08783
127,117.313095
175,181.04193
117,104.29042
51,71.82031
42,48.954685
47,65.1595
70,69.13377
94,95.35012
151,141.90573
206,206.82645
195,213.83629
215,226.57593
235,249.41507
241,252.65204
233,260.689
206,261.61017
235,241.92831
258,275.29147
282,301.50388
336,335.051
294,323.6404
258,285.37057
248,256.07153
279,265.98526
236,242.96948
188,190.70941
95,125.33507
74,76.11937
60,50.407486
41,46.322342
32,48.41397
39,46.38718
78,65.14271
111,120.55623
138,170.06871
163,197.20569
205,208.41296
208,233.99437
217,237.56317
203,238.97838
206,234.79251
216,244.42628
304,264.4332
283,334.2214
286,298.91098
214,266.06897
244,224.76932
267,245.92873
207,231.39468
223,179.87447
127,140.95987
88,83.83423
59,65.567795
51,52.12222
56,49.814926
65,58.283703
75,76.05797
107,110.892715
160,149.22789
190,199.55452
243,225.84761
265,253.86563
236,260.16183
240,234.0696
231,233.10646
236,232.09486
247,256.56915
254,254.72028
230,230.69969
166,205.43123
180,177.66516
158,163.33513
127,125.86281
94,97.10273
58,62.725433
38,43.428608
33,28.34815
35,42.575775
54,58.34463
76,80.98932
113,127.50945
178,189.99734
190,203.92725
219,200.20528
205,225.36946
208,218.83038
222,230.02724
232,243.56808
222,237.87599
236,248.85974
294,308.18988
303,355.43396
288,345.75162
476,474.39258
366,396.06506
260,298.1882
185,191.10034
141,136.83807
73,75.87714
47,45.95006
32,36.42999
34,41.83611
41,53.31431
80,79.02548
147,171.4438
213,220.2099
196,221.67055
218,219.73238
249,231.52003
234,246.8418
253,251.11557
235,265.04193
280,250.38345
297,299.37445
356,370.3227
382,414.60504
356,352.78238
556,522.57166
387,461.10025
304,323.2204
232,224.72462
169,164.8193
116,93.6514
59,65.32196
32,38.326797
43,46.365646
44,58.300846
93,91.253944
136,179.46771
242,227.8962
225,240.69528
205,229.32036
257,245.08595
250,260.7527
227,274.9072
224,256.37756
248,263.3814
286,300.0917
341,378.2911
430,398.27863
396,425.17554
564,538.6331
470,467.02338
367,368.62027
213,262.34805
195,170.59953
87,104.88651
63,62.798943
26,39.961617
60,55.776386
47,66.64559
107,96.18896
147,174.34543
250,230.4392
194,252.67717
209,216.22658
265,246.44928
269,277.198
289,277.51126
250,296.23242
243,274.22638
256,281.0889
311,330.03217
325,367.91745
296,342.9566
428,396.78925
413,401.03836
327,371.39938
255,232.75876
201,197.75168
86,117.02614
73,62.91159
38,49.886795
43,51.14743
72,64.22606
74,99.10032
94,144.80177
173,187.60622
193,196.27223
182,215.23962
200,225.26462
229,229.18861
247,248.0301
206,260.30338
237,234.25906
259,268.2793
274,295.64798
287,326.0407
243,288.6435
269,253.30428
245,262.71082
258,264.81598
243,236.5896
213,200.29056
128,128.18396
92,90.01552
57,60.575024
43,43.57899
33,45.51861
49,38.370567
67,67.43633
123,109.58513
143,182.43875
173,193.66231
208,216.04967
237,226.91492
230,247.47353
189,243.63005
213,222.37598
232,245.76831
271,273.15225
306,300.77966
294,304.84283
242,265.04193
213,238.1351
255,233.43858
240,220.72078
199,207.10199
131,133.19026
74,89.49862
32,57.15763
53,46.192276
50,49.42472
65,58.92358
83,78.756096
131,119.04541
170,168.93074
186,204.74513
224,223.34149
201,248.21918
189,225.60172
167,207.8075
191,190.84323
215,213.72183
205,239.00107
225,233.54523
201,213.89142
176,185.83463
169,175.1967
184,159.65001
140,132.90674
95,100.35111
53,58.16971
39,36.158333
25,30.463041
40,41.53294
41,57.284927
71,76.28764
90,120.56672
141,174.3269
154,189.58365
173,184.79184
214,203.29391
221,216.09035
187,223.96844
220,217.28238
234,223.80952
241,249.18452
295,288.42615
316,335.99203
270,300.0428
422,383.16602
363,379.67688
227,291.758
145,179.6589
135,116.364746
63,69.93473
48,42.769875
31,35.290375
36,40.808376
46,45.5612
61,80.01369
125,157.53189
203,194.15366
199,203.19518
193,200.97134
200,219.20338
214,222.24446
252,230.25209
239,252.8333
227,257.4938
250,260.1466
327,325.76584
360,376.49783
319,335.2196
507,466.8579
381,418.8829
339,310.54373
206,230.58139
133,157.90408
77,86.850334
55,53.852837
31,35.34193
47,44.131416
50,58.414555
84,84.40529
142,169.92673
267,219.1173
223,233.8986
236,215.22156
241,238.64494
248,241.67429
277,258.2205
283,276.43552
294,271.71967
313,305.1177
460,364.3633
528,466.91315
523,449.40152
522,556.9131
434,453.83917
295,367.56567
224,222.76988
155,173.12215
75,90.98338
50,56.889267
38,34.51015
38,56.515667
84,63.319805
92,105.87076
164,160.80406
218,242.30962
215,227.31325
184,229.10208
215,221.26883
221,240.13976
224,254.2628
245,262.3472
211,277.38196
285,269.16373
294,344.35425
339,354.49176
337,347.63928
419,419.35916
350,399.68863
336,327.82474
238,250.02937
159,185.529
79,98.04152
65,61.069595
47,45.310642
51,48.998142
51,74.109375
70,89.04076
97,130.99161
153,182.60147
177,192.77943
192,197.75523
217,217.73843
177,231.24286
217,210.25093
226,230.0299
207,235.26631
260,248.10542
255,290.79477
322,304.85522
206,300.68967
247,224.31776
214,241.11763
239,247.18379
204,231.2348
193,176.09785
101,123.15152
70,80.676025
47,55.820248
44,44.194767
31,35.341248
54,46.0005
61,70.9007
89,111.01731
136,150.83873
180,186.85223
197,217.52162
226,211.839
232,237.27245
211,233.73497
223,217.11224
258,241.91396
268,279.9279
302,300.50192
308,277.9522
233,269.01938
208,227.41234
256,227.14537
198,217.69478
181,181.13156
117,118.44338
91,77.755005
47,58.355988
54,50.85746
36,49.521217
56,56.91523
60,71.96412
110,96.58979
150,152.9074
232,188.29614
213,244.01256
210,233.38274
218,218.06354
200,218.59338
214,212.34686
232,223.52827
259,242.07127
329,254.06468
233,277.0558
138,202.5515
121,152.97478
145,139.56479
96,123.35079
109,85.71444
40,59.084785
53,33.29877
17,34.845993
39,40.988945
42,49.17933
62,74.37485
80,114.87894
136,167.8218
150,178.84505
148,186.9752
182,186.59198
179,200.01935
175,202.94444
184,203.85393
170,209.54436
217,212.30902
212,273.5475
253,266.22443
265,247.66737
311,325.8622
246,321.7567
180,224.95023
124,146.6193
93,107.39786
65,54.031506
43,45.790104
42,29.694466
42,40.95722
50,47.837097
73,79.30671
103,136.58661
175,180.33128
177,190.86446
166,186.52243
170,201.87256
201,199.74677
201,221.0454
203,216.62938
199,226.26585
219,240.30869
261,287.64114
315,310.68063
307,319.53027
317,432.20236
303,317.58533
264,267.59775
162,196.78183
106,125.31537
60,77.17406
45,48.79911
31,34.440895
32,45.72886
48,52.39934
81,86.07804
136,141.15567
223,216.34848
214,217.5663
198,211.15623
217,217.90213
211,228.94986
292,234.84886
313,281.81616
301,294.8912
383,310.55527
482,422.50854
426,496.48395
466,471.47922
468,502.77856
380,400.2689
337,316.00516
201,230.05466
117,153.88686
52,67.576866
54,46.345497
27,38.06866
33,48.58017
52,63.915897
87,91.88064
119,156.78773
206,215.42763
187,219.20497
201,201.9741
182,221.83093
218,212.62834
212,254.00615
225,248.85252
236,249.44978
272,278.832
334,323.04514
317,364.1746
313,330.19482
331,357.45416
353,346.779
261,331.9113
190,214.2522
155,153.96146
76,88.03572
48,58.354504
38,41.582474
60,46.224537
45,69.41096
71,74.93425
105,105.44258
166,173.46817
172,189.83775
206,193.10768
214,213.18767
230,225.40584
213,237.76492
225,225.46217
206,239.41464
267,246.93045
283,293.6677
322,315.09427
312,287.37225
279,276.174
247,259.87927
255,254.86397
231,222.75655
202,190.71274
129,116.77025
72,77.84391
46,52.640884
47,45.85546
41,35.913578
42,50.005466
73,65.1569
118,111.33735
167,154.47166
209,199.51772
235,229.41684
233,242.35985
205,239.82251
215,217.98831
233,218.16457
293,252.28151
299,301.57587
276,314.25677
330,279.16025
265,281.48474
238,240.79208
279,245.18661
249,234.06401
203,206.52483
110,134.76082
65,77.84228
61,47.856316
57,53.3624
47,46.04834
69,56.14024
87,80.48023
115,116.915955
196,166.21344
239,222.22464
249,244.2618
250,244.74084
221,236.02342
225,218.521
214,224.51576
241,226.87431
255,252.22922
268,252.90314
222,239.60661
182,193.92923
180,168.55882
194,167.3054
138,133.01959
98,97.0305
43,53.05889
36,35.205383
21,27.085045
59,37.866016
53,50.997726
43,79.24389
112,97.19701
181,158.11186
191,189.92027
192,191.06252
210,210.39667
190,222.38286
217,204.24345
230,229.43909
221,230.547
240,236.6725
252,285.66577
276,280.76593
252,255.26537
286,297.28226
248,292.986
198,216.8898
131,155.49556
93,106.48281
52,54.94649
33,39.947514
27,29.631506
28,38.90843
55,48.869194
66,73.58155
125,123.76481
204,195.9237
186,212.59384
191,196.7077
209,209.15349
208,213.86589
199,229.61432
215,228.1345
203,224.70598
251,239.48172
290,297.98828
301,329.39484
261,290.7622
337,342.55933
292,325.77286
234,261.9674
182,178.61783
114,124.95352
57,65.226776
36,44.354492
26,28.8206
43,39.22955
51,53.98911
68,83.44925
136,136.38524
203,221.4297
219,212.24124
231,213.4187
244,235.30078
237,240.77692
194,245.6277
216,226.64903
217,238.44658
283,262.27924
285,351.2589
301,343.10538
278,326.1661
324,331.76694
282,318.69705
252,268.81125
208,202.41083
117,144.51761
52,65.0355
41,44.55753
31,29.210049
45,38.123276
64,57.06938
82,90.74977
137,148.34052
208,211.48613
217,211.5681
209,220.72594
234,226.25665
218,234.31337
231,219.3298
235,241.05963
189,237.87454
259,240.02464
294,303.94537
302,319.8831
282,289.02808
271,315.58487
289,286.37115
220,272.08878
184,198.31306
121,142.69054
71,70.14342
55,53.758038
39,38.784874
58,52.837193
77,60.008747
66,82.79139
95,105.00533
149,167.52003
195,182.91725
215,203.99564
220,226.28911
225,229.57309
230,233.73776
217,241.75381
223,219.50443
234,256.07858
299,275.17133
320,325.86157
265,292.48944
246,252.26437
237,241.93066
254,241.72058
203,221.33789
195,173.02849
105,127.500374
66,70.131516
40,47.67235
46,44.88384
54,38.032413
46,51.144855
60,67.048225
132,106.57366
191,167.92683
265,214.22354
269,264.61337
257,265.60675
227,252.68486
230,230.3715
213,235.36917
300,242.7188
363,314.09528
412,358.08237
398,357.82416
266,323.9813
264,242.95438
288,255.92516
258,238.34682
171,210.28589
104,110.519684
89,68.737434
36,54.541977
43,50.456936
49,46.672337
46,57.8581
84,69.827095
127,114.0947
200,178.82516
249,240.36897
281,255.10907
284,266.55313
268,263.51282
233,250.56334
238,224.51105
317,244.11066
319,308.44083
297,308.88565
273,256.5114
230,220.13344
197,203.22488
206,185.67268
171,152.07138
331,348.42145
255,266.96045
162,182.61177
124,140.06349
86,129.4272
94,115.217186
158,148.94766
198,222.84293
254,280.3188
248,269.09793
249,279.1762
258,286.28064
278,279.27277
253,290.7464
263,272.9462
244,285.52686
258,293.6352
306,336.79382
381,373.64117
380,417.50165
327,403.21457
395,385.2984
462,469.35355
413,474.52307
380,404.25925
344,367.71805
308,305.67493
259,244.27855
220,186.42705
98,134.97272
97,111.34557
108,117.12534
143,156.55026
203,202.1711
230,258.76376
250,274.96826
231,275.6746
234,253.44647
196,255.27042
208,222.02809
237,246.9773
265,301.52853
383,337.14682
348,412.00943
368,355.0213
398,398.71884
451,440.71957
444,451.60675
427,424.836
400,395.16544
381,344.27005
293,302.4637
225,221.09747
128,145.49228
89,111.27518
92,116.00386
166,136.45636
194,218.01907
249,246.13121
265,278.5075
292,267.92014
297,279.10837
271,279.12976
256,260.51358
246,264.50815
264,275.2787
291,300.7973
273,293.34592
288,266.60904
251,287.9021
231,265.51047
195,199.3662
128,153.13773
85,97.103584
69,71.84108
54,67.75382
65,78.67326
70,80.857475
112,110.89528
149,167.18214
240,238.82053
258,248.4984
248,257.03247
238,250.2428
248,238.0251
228,255.44737
217,242.83824
257,232.95459
257,299.04892
316,325.09686
335,373.19836
311,367.74878
296,354.69778
372,322.6509
292,321.57394
226,228.12173
149,151.3912
90,89.08615
61,63.224323
54,52.849083
64,64.892494
49,82.06786
123,113.73861
183,213.93523
317,291.6609
268,299.1775
248,268.44943
258,269.1719
222,262.41974
262,242.03998
279,279.53848
237,291.38226
318,290.41138
428,395.6191
451,450.0953
445,422.59976
438,441.53885
401,450.29312
360,366.69122
250,286.63406
196,189.74695
100,131.31094
91,81.69799
84,73.22533
69,71.242836
88,77.70866
123,136.23401
196,230.08958
334,325.1849
288,305.51514
256,280.1683
302,275.7372
257,292.36038
274,271.66324
287,287.60654
276,285.30026
302,320.52933
407,381.68237
464,462.38528
395,471.40573
470,441.9179
500,470.35464
393,431.3838
288,331.54196
261,229.84946
163,171.33212
89,115.15155
95,94.514
81,96.65678
94,99.042755
140,148.19173
205,223.64787
307,335.92032
279,309.24026
223,288.2937
243,271.63312
252,262.87973
278,276.60413
285,301.15604
268,305.72275
344,309.44815
374,396.96338
404,426.30594
413,424.36603
462,447.94315
489,486.63806
416,470.41696
402,374.97586
337,346.42725
231,264.2663
181,164.7649
149,132.3541
126,125.88686
115,120.133575
145,151.7398
174,206.57721
224,253.21455
250,247.95743
237,259.9743
229,259.51602
266,249.48274
238,277.55667
269,261.0436
221,274.97763
308,270.22363
311,357.44843
397,390.04742
377,422.54944
353,390.66275
413,403.8024
431,457.26566
424,442.60696
407,400.21286
371,368.68646
346,312.02728
214,264.9964
187,179.87001
103,124.82114
85,103.81739
97,112.328415
147,145.19905
189,209.62267
224,247.36163
265,267.7862
250,277.8923
212,270.39096
182,246.09499
226,221.18243
277,264.2534
334,310.09143
361,377.9016
386,378.37872
348,368.6209
385,384.7988
429,426.0376
446,439.26093
402,416.09952
401,383.24594
345,352.0165
302,267.318
223,221.13037
111,144.64528
89,100.96711
77,112.059616
121,133.52252
160,178.61584
162,220.22382
171,211.24599
189,203.11285
151,205.9967
135,173.85687
151,160.87723
152,193.65758
225,208.81682
231,273.40442
277,259.2488
255,270.92258
244,258.4392
210,243.42482
190,186.59894
144,146.24393
69,100.63403
80,60.513462
63,67.96351
59,74.8312
46,76.78789
99,105.61018
151,160.90678
199,231.46718
199,225.85544
213,211.66844
228,215.92728
221,226.08191
225,221.58089
243,234.45801
221,241.95775
247,247.81067
269,311.96402
307,317.53284
303,302.55923
321,307.8477
369,335.3311
292,322.63528
247,227.59142
156,160.28319
84,93.49471
48,60.103867
44,52.28713
67,62.32322
74,75.27673
112,122.34049
183,200.89014
266,274.95264
238,269.70712
205,236.93219
242,231.70554
217,238.38419
241,239.10402
286,262.9347
205,268.59897
280,255.55788
360,349.68814
388,401.95157
335,388.41968
404,371.5208
338,416.90225
358,338.3274
246,278.6952
178,188.26773
114,120.70461
100,80.76273
68,75.66909
79,69.777565
58,86.33873
127,123.485855
184,227.74394
327,294.1852
281,291.01617
285,242.21393
262,286.63406
278,253.00723
278,276.54605
275,291.68124
261,271.29483
350,297.76294
430,412.69135
522,457.89417
657,472.94547
473,544.8287
410,455.6503
346,396.67447
300,298.83612
248,233.41635
145,161.92204
103,106.62555
94,89.86126
74,97.026764
92,88.678154
153,140.64952
197,229.44339
274,311.34857
287,288.90826
234,275.81168
257,256.96732
272,272.27283
279,287.28098
267,286.4059
275,277.15765
338,318.07153
382,394.49948
394,426.44162
398,420.75592
438,434.56967
449,458.4278
449,420.76263
379,395.73096
303,322.0345
246,244.71019
168,176.45953
128,139.97662
124,120.846466
123,116.51302
131,155.88637
143,194.82127
222,235.50046
254,247.68666
251,249.18138
286,261.5705
284,284.00616
247,279.65906
216,265.5941
249,238.65561
287,294.60406
305,330.89487
411,367.8183
370,411.43542
333,364.15338
380,382.14493
479,439.85526
425,448.30008
403,400.40762
346,360.57855
332,293.02252
259,256.95673
193,189.90306
116,125.938644
90,105.072716
97,110.806206
137,144.95027
202,203.37521
259,244.04375
304,285.1343
269,294.0715
266,265.39514
249,247.23679
263,256.09167
298,282.65796
350,333.26782
409,384.43295
421,408.8117
365,382.83112
395,384.101
459,433.27402
496,457.85593
465,451.6262
425,413.6032
362,360.4769
292,284.30008
188,223.44278
147,129.09245
106,110.279396
128,105.499115
145,158.67921
208,197.05637
250,246.0921
274,274.84708
221,277.75186
169,243.37216
160,199.66437
141,191.86746
193,179.11745
275,235.10278
370,289.73254
313,326.29037
286,286.7594
289,274.58765
235,267.55084
186,193.22289
144,140.9181
79,88.25392
60,69.056625
60,59.471436
62,66.48577
80,72.463066
91,115.98531
133,153.36343
218,219.82942
218,231.76588
200,225.12279
230,223.14731
218,231.55545
200,220.60323
234,217.99788
222,234.19086
205,244.84393
291,270.33273
306,325.62427
324,302.31564
318,322.9095
288,330.40143
281,279.33652
191,218.57426
150,149.68259
99,91.93091
71,63.312553
36,55.976406
53,62.981045
67,74.00801
108,116.722
188,174.95508
249,277.84985
257,247.18433
192,230.55103
220,224.16556
226,226.03389
218,235.6813
214,247.3309
250,228.82726
285,279.52243
357,364.25266
387,395.5927
349,389.01108
379,381.0928
405,374.96436
341,356.5585
254,254.22472
178,183.30927
102,117.19194
68,84.650696
50,64.145134
60,65.66934
69,79.85494
115,124.12201
166,198.20874
279,271.64944
262,278.0453
234,254.15651
291,247.6214
294,276.97723
339,277.62442
296,306.46503
314,288.82788
379,345.10422
449,429.55887
450,479.94077
514,466.44342
541,485.13947
510,506.02448
462,443.4816
322,332.80734
175,239.19342
129,129.4612
91,97.64125
78,83.43806
86,79.339424
96,91.63322
137,146.41562
211,202.37486
352,300.22964
279,295.37766
222,248.34198
272,254.30084
243,277.95984
263,275.74985
275,283.729
292,289.63004
304,337.72565
381,369.6559
434,421.55826
425,445.85983
423,466.4193
424,464.594
408,448.11475
357,372.82156
260,303.14993
248,216.6565
167,166.96767
128,126.354
99,119.9183
113,113.42313
146,147.28424
134,187.0887
220,222.99666
235,246.76169
277,238.22311
284,282.3635
280,278.9672
278,270.06366
248,279.35367
261,255.6884
319,293.7438
331,347.17792
427,391.5924
425,416.7208
406,402.94983
431,413.43106
494,463.78754
526,448.46432
467,439.16507
415,397.3677
349,335.72858
246,258.3921
179,181.297
120,121.249535
107,101.99308
131,109.10342
156,159.20122
216,214.04846
302,255.88742
347,312.57214
347,321.5269
302,322.66925
291,274.12555
302,280.65598
334,310.88113
383,361.52814
401,420.7547
453,412.7489
432,404.26367
415,429.75183
525,465.3489
557,495.1108
477,491.4575
464,429.42654
409,352.16687
298,307.56094
236,220.94125
132,141.46954
86,105.70616
112,101.55871
178,150.17984
230,215.89789
352,271.33655
329,350.45905
295,308.02216
211,248.05135
243,199.94882
239,215.11348
280,232.27637
314,288.57495
324,323.3655
292,303.48312
293,284.91248
299,282.12738
263,265.89508
220,193.47568
156,152.1849
90,93.9741
61,66.62155
87,57.195473
80,73.83671
74,79.52886
124,106.75865
142,164.67146
209,222.33302
241,221.7496
210,229.97331
252,224.5277
253,244.85287
251,241.25043
244,252.98207
227,245.93066
257,249.16078
310,302.65692
333,331.9266
296,313.26767
339,302.8361
315,347.54575
254,296.4231
232,202.50081
133,161.01749
99,89.23814
70,64.55132
64,49.8951
70,65.77876
55,73.19624
92,115.9764
156,173.40672
267,240.22905
260,256.1401
237,220.6356
246,246.01784
230,252.09752
262,243.04276
254,268.45465
225,251.51572
293,266.76932
373,349.61478
393,398.45175
383,361.14438
362,399.7519
393,373.92422
358,357.75345
330,271.41678
208,200.46996
123,121.72202
89,86.62597
77,72.022865
71,74.349236
91,70.34185
128,127.732124
177,190.43523
274,279.82266
258,273.7815
223,249.74883
254,248.22607
251,257.5812
234,269.54007
205,262.8931
239,234.17163
307,294.30002
355,383.33112
353,415.80453
398,408.35233
359,430.36478
404,407.73502
349,400.7348
374,307.6945
267,259.20947
173,167.71985
99,107.682655
90,92.105545
86,84.69289
100,98.61718
140,142.79982
172,205.59222
276,280.7236
264,274.9874
260,235.37277
294,264.00946
287,277.0736
308,278.09406
263,290.29227
249,266.3344
322,301.77585
354,377.24567
374,398.40912
357,402.20746
381,386.31982
412,418.29843
375,407.87402
361,360.9294
277,296.02515
223,234.94086
153,161.50963
123,122.95533
106,116.4191
114,115.23912
129,148.1476
162,158.74161
203,227.65253
236,240.09415
277,253.44025
291,290.84143
269,290.4892
254,268.84222
231,255.70569
254,245.97214
261,294.5485
355,318.45895
431,411.36285
380,415.0207
375,375.39896
373,414.04886
403,424.82742
459,403.75626
412,428.1434
378,355.07043
310,325.71713
213,239.97284
164,168.31323
98,125.5419
88,100.38263
113,107.418236
150,155.18208
252,211.60767
290,285.37192
312,318.77237
279,311.9888
276,279.02585
229,266.52792
272,244.195
306,297.27747
396,352.74365
393,430.38718
468,411.68787
408,424.30823
463,416.19678
497,482.23346
526,489.47928
412,472.95297
394,394.26398
311,328.93628
243,257.6466
196,198.53606
115,129.00241
91,96.378845
122,112.73195
164,155.33968
249,219.86787
301,287.4492
325,315.08124
288,294.72937
256,241.9268
300,230.69582
282,239.88878
305,266.84793
305,316.4277
386,323.09006
329,336.61844
377,306.44177
347,341.39224
310,321.44553
369,222.61427
109,134.33112
87,84.98732
53,64.09292
61,57.664272
59,77.95859
105,100.19286
185,164.43298
286,277.3091
349,323.971
265,252.80095
206,212.28229
161,202.61719
186,185.66266
213,202.66759
218,228.12294
225,228.60066
265,239.31247
266,288.1043
256,265.91727
276,251.29565
236,230.17535
227,234.1419
287,231.16805
254,266.4517
256,221.636
199,195.1114
139,146.02374
96,104.36829
97,91.52295
100,102.20617
132,132.53258
161,164.4261
180,190.58661
194,214.76099
205,210.57607
249,214.69826
220,240.30766
228,227.31898
261,241.07701
277,263.1705
285,281.06848
247,288.24863
259,267.3616
271,263.7541
266,253.501
246,285.3861
275,283.88876
306,277.31006
289,267.8361
219,238.16934
238,168.13464
123,142.84543
110,101.12349
101,103.46438
96,116.14925
122,139.82123
126,138.24022
166,170.19131
167,186.32521
201,194.60474
183,203.20485
237,194.285
292,220.79164
211,254.97484
208,209.85127
196,209.16432
212,206.09723
225,196.7832
203,210.5615
262,208.82047
232,246.49292
208,211.19617
166,158.96552
108,110.11646
67,80.12492
36,62.23115
64,68.984
109,96.1485
167,139.7025
250,248.08191
293,293.9624
216,228.12337
179,173.0971
163,164.51787
155,161.85083
153,160.06116
134,168.83731
149,160.72112
213,165.75883
198,222.71632
156,196.6112
165,160.42502
136,154.29376
141,150.01399
145,150.45848
134,131.78519
118,102.791916
69,68.93367
46,46.007797
49,46.147408
67,68.548325
90,93.51653
133,147.58539
236,255.0292
276,298.3251
209,216.75357
157,171.45718
181,158.2578
174,175.0905
165,167.12051
201,171.92021
168,182.17105
208,191.4124
210,225.47186
183,200.7746
171,164.62854
186,153.77484
137,166.67952
144,150.21068
138,143.20486
112,110.34552
67,70.966
40,53.219894
40,44.336235
55,64.684044
94,94.79989
161,138.9387
254,250.23224
309,301.29196
197,235.32301
183,171.53583
177,179.78075
160,181.94838
184,177.3594
186,195.91573
222,191.49756
219,218.584
206,239.04094
209,212.02098
149,184.26215
174,159.96365
164,164.18854
179,163.44482
133,155.20007
136,109.826294
78,82.039276
61,51.7254
57,52.669548
64,70.26885
102,98.74423
165,160.03206
242,266.17587
305,309.55795
218,228.83884
192,184.8285
164,182.89046
181,174.98788
165,191.25781
214,191.23376
187,221.423
227,210.6103
212,241.9439
232,219.36537
188,191.24045
197,173.27223
189,191.96657
182,187.51944
148,165.38141
133,127.95067
90,89.814415
82,62.63423
73,62.710266
87,78.3051
109,105.16207
159,169.3358
284,249.78099
298,322.37036
233,240.52429
206,207.94005
177,187.36485
178,187.8758
167,196.00732
222,202.9452
215,220.73898
229,236.78746
277,260.02896
291,275.5539
272,272.2101
234,237.20503
251,233.83842
254,258.34314
232,248.63057
240,214.76228
162,187.11993
142,129.2961
99,104.452614
73,96.10085
92,97.13928
156,127.92696
155,177.05727
183,185.83215
212,212.82443
184,217.3754
203,206.12225
230,212.83904
219,225.66064
237,239.48378
263,248.18622
227,271.64203
260,250.58266
239,274.75394
245,253.03265
249,242.6289
290,268.81815
286,299.49527
233,283.10538
233,222.66971
161,193.52768
150,133.21391
97,117.56293
85,94.858376
110,96.3042
116,116.81669
153,145.54118
138,146.7743
176,176.60922
202,184.47443
176,205.42471
185,191.19228
204,195.277
190,212.94571
200,200.12393
177,204.70241
159,194.85127
211,186.21704
193,204.29576
197,192.68214
198,210.60089
202,208.2663
207,194.43327
157,156.1787
102,108.18117
78,70.22436
62,56.63034
67,68.85812
101,104.40058
164,150.69943
242,245.17021
272,292.10272
196,219.88916
159,172.84138
151,154.89734
156,153.24265
156,160.75793
173,158.65552
186,173.32266
169,188.38521
197,195.81415
200,181.23897
150,173.11732
146,145.78442
146,146.90424
130,148.1305
137,126.25106
90,107.058945
68,63.39424
30,47.48274
50,47.352795
67,67.47508
88,94.03657
144,141.78232
247,250.78075
300,298.35873
220,218.78613
165,169.2745
167,157.95226
164,169.39131
162,168.41928
170,180.3307
200,179.24855
232,203.06635
221,228.56023
205,210.10301
169,168.76567
145,161.45007
146,153.82751
162,144.94301
136,146.22125
124,101.67518
67,72.32839
46,44.39845
42,45.375916
79,60.42644
88,99.720406
151,141.7486
251,250.73608
330,308.3752
200,225.37764
172,177.10349
167,174.87975
183,171.29007
179,182.66138
219,186.237
238,213.14107
247,235.2781
289,245.04185
301,249.15106
262,215.42007
176,200.06178
138,169.81464
139,165.90749
159,142.68593
108,122.56141
89,74.94759
77,60.022057
51,56.06088
72,68.81355
96,101.29561
178,161.59535
288,253.20335
324,321.72308
218,232.0295
209,182.91205
185,185.52502
188,186.99876
171,186.24506
199,204.5543
233,214.22272
241,236.37769
231,257.5475
223,238.18773
218,207.20737
202,193.24149
167,183.8939
217,172.10643
150,178.64685
162,123.15879
95,104.332275
71,77.57148
66,62.149975
75,79.46983
101,102.57826
177,159.09648
288,279.36124
301,317.57657
254,239.0062
213,215.16888
196,194.9724
220,198.49104
218,211.9502
233,222.4917
257,233.91333
270,260.5761
269,281.6532
282,273.4048
269,267.31137
277,243.29729
247,257.029
293,257.78973
260,260.8871
241,233.95885
184,170.36157
131,139.07101
113,98.635895
80,91.17365
95,94.87789
135,129.22296
137,165.61227
174,179.43031
200,211.0633
205,210.21262
213,216.49898
225,227.32823
229,228.82898
218,242.16498
257,244.89677
263,270.21008
282,266.8899
279,279.647
242,271.57538
256,242.89748
269,274.60583
315,291.05774
293,289.64432
283,260.79236
227,219.14267
180,174.9105
132,127.94907
122,103.89383
115,107.69335
122,120.06167
120,142.82146
150,137.49536
163,179.77522
194,186.40007
191,198.2801
188,196.85262
195,198.05501
198,200.99815
212,201.69633
177,206.31223
206,192.63237
208,210.36209
185,191.65253
202,190.04224
192,211.92636
172,207.35515
163,182.13028
125,131.32382
77,94.37956
56,67.18481
42,58.93052
63,67.862
92,101.902985
161,162.61386
281,244.71437
276,290.83963
208,214.11688
145,176.70502
160,147.40619
149,161.21158
156,156.12405
199,170.96735
224,191.5836
185,204.28076
188,203.83241
171,191.93668
153,160.00119
152,147.39821
143,151.43811
138,143.85329
135,128.69696
87,100.66001
50,65.37279
46,36.513756
45,46.785877
56,67.11691
87,90.39216
151,142.44391
241,256.6381
290,295.3537
196,218.59824
169,160.46216
157,163.36028
151,163.01723
139,160.48903
167,168.44476
151,183.62569
203,184.42769
196,217.18652
140,200.20802
146,152.91896
155,154.21342
124,157.25714
154,143.6136
118,139.74751
104,96.63099
63,65.55347
55,46.69588
53,45.331566
76,62.04932
89,97.721016
159,154.34592
270,251.07062
279,311.35574
212,214.0664
170,181.29138
164,165.7116
179,169.84853
198,177.46909
220,196.9175
195,207.046
255,214.49524
233,261.1284
208,226.66512
206,206.30037
178,179.9655
184,159.12097
154,175.54733
143,141.83403
106,115.12682
77,74.03253
52,59.155422
43,54.56406
64,68.15891
97,98.56775
166,163.82344
264,273.9085
281,309.5
230,221.11954
194,189.86546
188,180.42886
156,187.51031
182,176.60255
188,206.39
186,208.0454
225,219.31218
253,245.77203
213,237.1796
179,197.81122
187,182.70851
157,189.40526
197,174.68263
150,162.3636
127,122.084465
87,88.547554
50,65.74312
79,57.091125
67,79.1716
91,102.09055
166,166.55038
242,263.8697
272,291.4037
248,239.81445
190,212.95888
182,189.4572
178,186.18008
195,197.01326
215,209.73949
207,221.3049
254,237.09337
281,274.1387
246,281.5689
273,245.51842
230,247.38914
246,229.92032
255,270.01105
223,242.9267
224,196.5403
169,174.83942
125,127.68711
103,100.672806
99,81.52081
90,94.4034
134,128.50162
143,158.31906
168,179.22552
194,207.47952
213,208.47804
175,217.05595
212,201.31477
219,219.54126
228,231.45052
241,240.29134
256,259.9495
225,269.80344
248,249.50958
293,246.33186
263,265.97202
240,268.24646
272,270.53757
249,272.66177
232,229.5319
186,193.42926
164,154.00204
100,122.30471
106,102.562485
92,104.19093
118,114.99502
124,127.632324
125,142.58809
157,170.51163
193,192.10147
177,191.18124
206,188.2036
174,203.34084
200,190.5168
195,205.80548
181,192.9928
189,193.85461
229,201.91508
151,206.09506
187,170.49403
167,192.50284
192,181.20842
154,183.57239
119,125.71478
84,90.38026
58,61.28863
51,45.622272
66,65.509926
90,98.334785
155,160.69777
259,242.53023
270,280.81525
213,209.72902
165,168.18127
143,157.91933
154,150.02716
153,156.76398
159,169.19928
186,176.31316
188,190.42342
184,202.36295
179,185.03117
152,158.27203
138,147.52011
118,146.28389
119,136.30896
132,124.107056
96,93.09705
58,65.19083
43,45.24177
36,47.595707
57,64.56395
90,89.428955
166,152.47914
247,257.19055
234,288.5888
191,211.35648
162,166.7607
148,155.60034
179,157.87093
168,173.1431
155,174.20111
161,168.2774
188,190.60681
157,208.60768
169,177.84279
166,161.68217
176,155.80072
148,149.99928
145,146.46655
117,134.75461
101,98.05279
72,65.15112
43,46.877007
43,41.96072
53,69.13576
78,89.62436
156,157.2077
266,252.526
287,293.51245
213,216.52417
177,174.64468
193,165.31302
176,187.28569
140,183.9225
162,172.47153
164,188.81285
193,201.13426
197,217.65178
179,203.61696
187,182.03165
173,176.59053
153,167.88446
163,157.35303
230,140.27979
172,131.2583
73,95.49628
45,54.386196
48,49.19765
70,63.584164
107,95.77322
181,164.81323
302,272.85242
261,311.0778
235,220.33595
185,193.70537
191,188.2092
184,185.27504
183,172.94705
188,187.37883
188,186.62791
257,207.104
229,250.58673
181,222.9562
199,183.13112
153,188.36296
157,163.79462
153,177.0717
163,161.40501
127,138.503
78,87.09825
57,61.63452
47,66.251595
70,73.4841
83,101.30815
171,161.42944
265,280.19012
275,292.65503
261,241.44093
151,213.02426
187,174.65923
232,192.17838
223,219.66064
221,222.83325
219,217.21828
250,245.58517
236,271.44446
252,250.92313
259,250.25296
255,227.8046
244,243.0482
230,248.66548
257,227.10803
182,219.34879
147,139.55693
116,118.70959
96,95.79998
90,81.61229
88,90.83451
119,128.84555
132,149.3564
164,172.06325
175,203.61086
214,188.85883
192,216.53487
194,216.49359
200,212.9165
240,220.75055
246,244.12782
255,257.3267
253,261.70557
305,256.59973
329,282.72137
326,285.09067
322,295.10724
322,303.5965
272,282.86206
234,230.10738
226,179.70963
148,155.6967
126,108.56364
102,103.35811
100,100.44037
113,115.90956
134,126.74151
122,142.24379
164,165.17358
150,193.04233
176,173.45924
178,187.62785
171,184.81627
203,190.38243
184,204.11227
197,187.94809
184,199.45422
180,204.06104
197,179.52354
212,197.73409
204,206.02336
221,200.87971
213,182.7683
151,190.35652
92,107.75635
53,59.585297
43,45.76001
64,68.64539
103,88.707054
139,145.59529
222,226.4425
289,283.3362
250,292.67218
231,260.4831
267,264.38422
289,282.10254
307,303.57767
278,314.92145
304,298.59515
313,327.62958
318,366.08875
403,374.7441
449,431.152
354,408.6684
365,347.67987
357,372.10495
306,342.5245
250,250.10583
184,180.29442
138,126.81368
81,91.75263
84,73.10659
72,68.39744
71,78.453255
101,102.23292
136,151.37486
155,186.29436
203,212.46812
220,252.20042
234,254.3509
229,264.91394
201,257.25366
211,242.758
241,257.50232
285,289.47202
314,321.81927
349,344.79822
336,335.01535
304,319.85263
330,325.90475
269,315.76154
248,239.89908
193,195.96317
116,132.71219
71,95.13813
59,77.16795
61,68.607574
61,71.26275
80,84.22842
136,109.771324
149,173.04218
195,206.4109
228,230.9767
266,246.64288
247,266.8103
232,241.08833
220,232.93886
218,227.50229
268,244.98468
255,277.0605
245,248.33925
224,233.78734
185,210.73688
207,180.8433
130,159.11046
76,76.61592
25,43.82286
22,25.36618
28,29.014452
45,50.648716
86,72.89643
128,148.55133
205,195.86873
350,326.86487
257,284.81644
236,228.71382
255,230.97005
242,252.84981
260,245.64662
244,267.29324
287,250.50385
247,294.80896
310,312.30756
296,345.52695
266,320.24448
261,297.61276
225,264.25958
171,216.38564
132,140.76147
94,79.169426
41,50.568398
30,28.970354
24,23.739296
45,45.815197
72,71.96934
151,140.0941
226,222.21152
361,356.97717
312,299.24994
261,259.85672
262,271.89426
228,273.4925
247,257.02173
274,273.08936
279,289.25064
294,306.77606
361,356.59064
384,383.67618
406,346.66324
348,368.68262
314,311.6292
240,257.04507
194,181.1161
126,120.1151
55,64.28884
43,35.277073
32,35.119713
56,49.070713
80,78.78384
146,144.7435
271,242.55644
384,394.87573
314,331.01608
230,277.8826
264,262.09537
275,269.14893
320,289.94168
247,324.52533
294,287.18527
319,332.44904
336,383.30515
447,392.6655
388,443.6487
384,391.36594
350,356.6064
281,296.15173
199,222.53336
117,139.1454
62,68.34384
31,48.096947
33,34.433216
68,61.268185
73,85.12221
147,155.54701
208,261.15378
361,352.0615
295,331.9704
254,261.45917
235,275.739
248,267.83698
284,290.0508
327,290.9024
287,331.51578
339,328.97586
367,372.27768
460,405.35614
404,431.05994
361,402.18317
345,352.94275
310,326.2944
277,262.374
197,178.3747
114,123.395676
66,68.48073
53,46.026226
66,67.67439
88,90.9482
143,140.8044
183,212.95868
269,263.35385
239,269.7717
243,245.28035
235,253.65308
257,257.28802
282,282.26758
285,296.72952
313,296.83206
290,335.58768
283,340.44366
407,353.34134
397,428.39795
397,368.69733
308,368.9133
352,331.50302
285,339.9381
222,243.42635
153,174.13919
129,115.184715
83,90.16722
65,75.65063
58,66.718216
84,74.45035
119,106.31967
125,153.32794
168,174.33392
220,226.13663
240,254.6777
225,263.00702
209,249.77966
182,246.52367
220,226.69322
283,251.53247
320,306.49918
362,342.1017
315,368.37964
333,328.35913
320,310.83572
331,326.60867
310,319.1625
255,248.52428
145,192.7184
118,114.32747
90,92.23117
88,69.480675
58,66.61894
68,68.76817
73,85.37257
122,106.10156
176,167.55437
242,219.42143
284,264.7768
257,280.9795
224,257.64374
216,225.9837
229,224.71626
221,236.0721
250,249.97946
219,265.1535
203,229.14145
220,209.3288
195,198.35593
177,188.12659
122,129.74617
68,74.41657
36,37.174324
20,25.556767
24,29.057617
48,50.18338
63,72.804
119,138.31258
170,193.20045
311,303.45746
241,256.7485
219,228.92209
231,231.76462
219,237.65823
224,234.05675
268,237.93236
217,274.43115
237,244.93753
273,284.65427
270,290.50058
235,262.53964
247,235.60541
232,245.92764
186,197.1975
120,143.70918
70,74.588196
43,40.396164
24,29.159874
19,22.327314
36,46.485634
67,68.36583
135,135.08684
205,213.16266
355,327.63364
275,291.651
266,240.02728
263,257.84955
249,251.45824
285,258.8668
244,292.25967
324,255.87418
349,323.49594
337,376.53467
367,353.4711
299,351.30072
344,305.09442
304,312.84186
273,249.15144
173,193.08249
106,108.83924
80,57.38746
36,45.29772
32,30.147577
60,49.264507
94,80.746155
133,144.49144
206,233.16246
399,341.04117
324,319.03296
285,270.25385
319,282.03763
289,301.77905
275,303.2037
301,282.81012
328,312.4315
360,356.16223
438,392.88837
441,444.97153
531,417.74423
407,456.036
297,363.82315
254,281.88254
227,201.67021
145,134.88174
58,75.555214
42,40.958466
33,36.526318
62,64.851746
89,81.86024
137,148.28755
212,227.64897
313,358.01508
307,314.45715
257,276.51584
290,279.74857
287,287.15097
271,289.05267
288,301.92294
295,318.9414
336,343.70502
390,379.12585
424,414.43073
427,435.6618
388,407.84045
360,352.57382
319,325.92352
260,270.36713
168,189.14565
123,111.324585
68,70.40433
39,47.733265
71,63.012478
89,95.23389
146,139.4963
181,211.90437
269,258.37836
259,262.86398
244,249.56512
277,263.92505
265,285.84015
259,285.0625
288,280.07867
318,301.954
318,330.43854
337,341.16364
448,390.4831
414,454.0134
425,395.4302
307,389.07288
349,326.88095
335,314.92108
267,258.66376
162,192.97182
117,116.68067
87,82.52589
83,75.054985
80,67.06266
109,82.03137
120,122.88042
158,147.1484
218,188.07721
245,241.45972
307,261.41467
281,299.2966
279,270.28754
251,256.79306
307,249.8433
313,312.92838
366,335.64594
402,381.39322
390,388.37836
388,361.92746
317,338.587
365,322.73004
328,323.51846
260,262.04572
151,191.36906
110,112.5981
79,91.196014
71,70.325226
62,64.52728
91,73.150276
97,90.34102
139,127.63236
179,185.45088
279,227.41185
243,294.61667
275,259.68637
279,262.058
241,258.82288
249,239.45177
284,244.36984
295,283.6917
335,283.50464
294,294.93466
301,257.3178
233,244.26335
188,202.44708
124,134.672
59,74.580086
36,35.800278
16,25.51615
24,25.737236
42,48.810616
54,65.55522
134,120.99695
193,197.03137
291,309.4636
262,251.94011
213,238.36514
233,226.9343
227,236.33318
207,241.3587
229,236.45059
306,252.82968
246,305.1051
289,287.58896
270,296.71866
254,260.729
232,249.28694
276,222.1881
180,217.82018
126,133.28844
79,74.80628
47,43.62477
21,27.427687
18,22.327314
37,42.556293
59,65.863434
133,139.15274
178,213.42062
319,299.3021
376,288.457
205,281.9361
239,232.47163
253,245.35315
225,260.96753
260,251.27275
250,297.21945
285,295.81723
345,339.72406
355,352.9024
302,341.703
314,300.4143
322,300.85114
220,263.9728
142,172.81386
128,98.79604
65,67.38752
42,36.74066
32,31.586418
50,52.24882
58,74.285515
143,132.31453
180,226.1162
310,304.66046
337,316.00226
273,272.59668
250,281.25192
269,267.30353
304,278.33798
340,301.95685
371,323.29953
390,371.7313
430,423.0006
360,435.4055
467,387.07184
396,415.05984
403,363.23215
291,317.62732
216,218.4648
118,145.01398
67,68.4354
44,44.188637
36,34.97971
45,62.946983
76,72.784874
160,147.05385
220,212.35968
371,324.79218
297,324.6262
260,263.77243
262,268.97577
268,274.93655
273,288.80728
285,304.3896
308,305.32758
319,343.1553
391,370.26822
428,415.12494
395,429.97595
348,387.8112
336,357.63577
298,313.2432
263,258.62213
163,177.78868
94,109.60296
84,61.983013
47,52.419247
64,61.32859
65,87.547264
144,140.48936
165,196.10757
264,251.90251
204,262.19565
258,229.5195
280,267.8088
269,279.12402
289,279.49005
272,294.6815
262,297.0055
291,299.78516
328,328.45068
442,379.8541
400,434.99738
368,384.968
341,332.60812
344,347.15027
305,315.77457
263,245.1804
144,175.46138
115,114.23694
94,82.60898
63,80.71053
61,70.40506
112,84.39344
136,127.25654
167,154.01819
224,192.94374
297,246.74023
290,300.27295
275,289.06647
318,275.77032
289,281.51706
281,278.97934
311,294.21158
353,335.21417
372,380.60007
421,362.58698
423,380.89886
363,374.98846
387,349.03644
326,332.64273
239,259.59738
185,160.11507
102,123.289116
94,84.453835
74,73.113945
59,64.75179
76,72.65543
87,88.39318
131,131.15984
207,184.24954
269,252.59795
303,274.16495
266,293.6132
271,264.2427
247,257.09128
298,239.32597
258,281.3224
307,270.38333
284,298.23676
267,265.14532
221,245.50229
205,205.55766
193,186.54633
155,137.58037
98,81.40325
61,47.36762
34,28.745285
29,26.547543
64,46.439274
68,68.21574
166,125.30878
207,206.81625
262,302.6078
243,244.26729
239,218.4396
249,234.14093
232,242.74933
227,232.92427
254,242.59856
241,271.9918
281,252.56511
281,304.25174
292,281.96866
272,266.4143
229,254.34369
240,218.49438
238,194.3504
164,158.94708
106,93.37055
53,54.31199
24,28.491835
18,18.365355
38,40.194817
57,67.396545
159,139.68613
178,217.56914
297,289.9928
289,286.89624
237,248.07718
241,248.10403
248,249.0021
235,249.54733
240,257.28302
255,259.1567
298,287.17105
370,342.10477
346,367.38477
299,309.6091
293,301.52884
247,282.238
252,233.00967
196,187.16151
108,126.55918
59,64.02593
41,39.198433
34,31.194113
47,52.869576
60,71.69881
127,146.34622
202,199.21759
320,333.04706
263,302.64023
251,251.51883
269,253.46712
259,271.73877
259,270.01505
267,274.28146
248,289.86612
324,296.74466
358,393.10645
379,402.5026
319,388.2731
330,328.07968
321,306.61856
285,286.96622
252,225.51831
156,143.82964
70,78.85099
63,44.99366
39,40.339207
63,58.43739
98,76.49863
147,147.71283
187,213.62065
330,304.7224
280,289.19614
236,252.36386
261,252.52356
284,269.558
258,283.43048
260,278.49545
279,276.58243
316,318.96957
386,371.1128
368,415.90808
371,364.60715
331,354.13806
298,328.60052
293,291.97488
236,263.22437
193,169.80357
115,119.642426
66,73.883934
52,49.504475
86,67.26596
89,93.09148
154,146.56596
176,189.98552
272,254.7651
248,249.78262
253,244.63866
239,267.6584
268,260.95908
260,280.52795
284,277.4172
288,293.4923
311,306.892
333,341.45883
369,387.64
336,379.5194
304,344.7832
284,294.92477
268,314.321
301,272.9989
241,247.22954
132,163.65611
94,101.72938
62,80.15388
63,65.956764
65,64.1172
93,100.25087
85,121.51472
127,142.48264
207,197.85114
236,250.6104
241,264.87738
217,268.69077
241,252.1845
237,262.8828
215,261.45715
244,261.48602
261,303.2206
303,317.61206
314,322.72797
264,322.87775
296,275.32376
311,311.18597
237,307.59692
194,214.01707
161,145.52504
81,108.294914
61,74.8167
52,68.91588
41,57.69337
61,68.881645
90,84.279236
121,122.30917
159,178.0446
240,215.04846
230,259.90198
228,239.94106
214,238.4791
220,224.84349
222,224.24031
230,231.531
253,252.05667
246,268.2471
222,244.77373
207,214.74709
216,195.47939
233,194.67838
210,167.5003
335,274.53528
154,144.98819
58,82.79076
61,52.530342
63,68.935905
104,100.35332
142,143.78304
202,198.85312
295,294.10843
265,273.88495
239,263.1994
229,265.59686
246,261.91205
248,262.99237
273,286.316
333,314.53168
361,382.53207
346,419.09238
379,406.17184
399,388.15384
377,397.34375
391,423.74548
517,476.1044
427,547.1694
302,376.96536
240,220.93996
130,160.9682
107,106.145874
70,86.6658
76,74.6571
97,102.57263
148,134.5464
152,194.80634
224,227.4665
294,273.71786
318,317.70938
292,334.8658
345,310.09912
349,351.25433
346,363.45175
364,383.6357
418,407.35132
484,453.32553
412,466.24664
421,416.67584
452,443.46558
519,502.66772
490,515.4868
393,374.95502
258,255.13118
157,170.76636
93,113.23899
81,78.69349
61,76.00363
92,86.151695
126,114.04419
148,146.57924
188,200.53119
223,243.71606
300,274.5753
286,311.10248
330,297.24878
250,334.94888
288,276.85214
294,299.8344
326,319.09402
344,336.55243
310,319.87497
259,288.96143
282,277.4238
235,245.69635
174,195.92201
120,108.762566
69,63.595024
46,42.187855
26,35.231274
59,56.00288
109,97.84366
136,147.72057
213,226.75237
277,282.55957
252,248.32912
204,208.02652
203,207.43404
203,218.64502
235,223.45569
223,245.9189
245,244.99629
235,268.7771
269,291.86844
252,297.3575
250,253.59145
237,255.00754
229,244.03537
335,232.27286
254,221.5749
146,134.77916
64,71.03137
43,40.458134
51,29.366056
49,61.216152
90,86.13458
142,147.98929
192,214.41948
312,283.64465
247,266.81644
246,217.76976
212,231.61649
201,217.85555
211,223.24922
190,232.20584
244,234.34163
292,278.65805
291,328.96338
298,320.4589
262,292.1924
371,266.8488
437,359.8475
340,408.14304
268,303.69843
144,172.28644
84,75.62521
43,48.97121
31,45.25635
56,54.345047
80,91.30564
144,143.20953
220,222.37962
285,316.30447
247,265.88553
211,250.13971
219,221.84486
212,221.22145
212,226.93297
235,242.5706
235,259.5032
246,281.02478
273,311.06
321,317.50375
324,313.66245
284,318.31482
381,323.3447
323,385.59738
234,275.8204
176,148.98964
83,85.77574
33,47.6506
34,31.554392
51,59.168427
81,93.03685
142,150.12286
208,222.26979
317,301.70456
238,284.30267
249,234.69896
210,239.69179
215,232.25743
208,223.97348
224,234.81416
252,247.84213
261,283.6243
278,322.19937
303,328.78162
290,304.19894
309,294.59726
333,344.34686
336,338.36823
266,327.4824
170,196.49911
101,122.22824
53,56.637783
51,53.999855
54,66.8117
94,94.169716
150,138.34052
222,203.99744
255,294.10876
262,253.57254
205,250.2386
248,229.06223
256,256.72983
282,265.54654
239,284.56143
304,275.85617
278,334.73428
317,338.14328
391,374.14926
394,398.99963
396,382.7494
416,426.82156
515,485.29068
401,515.1152
327,348.2069
220,222.93695
132,151.43538
83,100.534035
86,78.16316
99,76.74089
97,107.491005
122,137.03284
167,162.76572
191,232.1464
252,242.79669
300,298.45764
307,316.13715
283,323.94882
302,310.10526
401,323.32806
358,412.67358
380,403.26236
442,425.53134
395,439.48523
405,405.7404
463,429.89786
493,515.60333
472,498.539
312,364.7077
228,207.90788
164,156.6952
93,104.86183
80,82.267235
67,69.68961
84,91.48084
104,109.56998
144,144.29317
186,193.16829
260,233.30789
271,293.17752
337,298.35535
295,323.76065
359,296.61444
382,347.73892
370,361.116
331,374.12292
344,339.29184
324,311.8937
319,289.04678
265,308.67752
207,241.16527
173,176.48404
128,109.56546
89,69.81479
38,48.7883
38,28.744686
42,58.870216
86,95.31817
146,141.34695
188,216.72664
268,265.9091
225,242.92786
226,209.25763
204,215.4502
216,218.46278
189,228.76492
245,224.25452
257,256.61966
259,273.63367
269,280.08896
289,278.30945
251,262.26556
223,229.4597
204,230.6843
196,203.54063
162,153.17708
93,108.83848
70,57.896236
44,40.452515
31,34.635094
55,47.29926
82,87.55606
124,144.91388
209,203.61342
297,291.6375
269,251.16571
223,234.34993
223,211.2022
224,220.65218
230,216.89812
242,246.45407
262,267.52322
265,291.6786
271,303.6017
341,306.49557
254,302.8986
256,268.31235
280,284.94394
262,281.66986
207,234.17946
107,139.89297
45,68.478
36,42.344917
34,37.32995
69,57.33346
87,90.26917
126,141.27328
245,215.07487
304,312.58517
286,264.90436
243,227.33746
238,225.92268
238,232.05446
264,233.42747
265,265.93033
272,268.48618
311,290.88495
437,340.54077
537,413.18445
450,426.66278
309,394.21432
298,311.4014
250,301.58136
224,218.47781
126,144.01524
74,67.44807
41,42.44237
27,34.69226
50,54.801067
91,89.51862
146,139.47333
193,226.50711
347,296.99854
251,293.14935
231,240.51141
240,235.1983
265,242.63385
243,255.95384
257,258.59134
279,277.79074
315,309.20645
286,343.49118
353,353.10272
348,335.31088
333,320.0808
334,344.51883
296,322.9547
244,274.26974
162,165.76347
90,98.67482
57,52.90052
45,51.030884
70,62.879482
95,98.23081
162,142.11562
198,206.90903
263,279.8784
280,257.79742
246,242.11098
281,248.93735
284,279.3295
257,286.79297
292,271.6583
315,309.30353
310,350.35718
371,341.64813
425,405.63846
395,416.6618
374,386.99915
399,416.61908
429,443.60614
381,421.79034
305,297.47583
230,206.61853
141,139.83594
80,102.102066
81,83.81354
82,79.563675
106,99.962906
130,136.18874
169,165.03307
215,225.45609
294,266.54773
273,321.44708
308,306.04764
307,322.1105
287,325.7141
359,311.0883
362,370.89297
420,407.314
465,453.82544
423,452.2401
405,417.0276
472,447.30008
464,503.3687
414,475.82666
353,334.25
213,229.36429
140,153.23946
87,97.95917
64,81.53582
61,69.91153
116,89.322716
89,115.2783
131,140.11781
189,192.70396
250,245.37016
277,279.55206
301,300.2382
342,307.1172
327,326.49103
349,323.14014
277,345.6995
336,304.62747
454,346.75644
288,394.50034
275,272.91132
300,277.2328
212,251.8366
174,171.36687
133,112.30284
68,73.09656
34,41.457016
33,29.264008
51,47.954437
82,93.77835
137,142.47527
220,211.49863
288,279.35715
222,244.80408
188,217.22247
212,197.81285
177,214.51807
199,205.99484
225,227.29283
208,242.91248
219,237.20256
245,255.537
232,279.85107
213,230.71368
226,217.26558
210,237.40987
194,216.85037
170,153.2705
88,104.11517
54,55.942886
35,37.596012
25,30.80078
42,52.83136
77,78.06486
145,139.72733
172,215.34299
294,281.4823
212,254.75252
204,205.34329
189,211.72186
202,198.43901
213,215.08772
192,235.77132
242,219.721
264,262.72876
257,291.56976
273,291.2733
260,250.4385
318,265.78384
455,310.85443
320,388.25327
203,269.26093
126,126.956535
67,68.30026
45,40.149982
36,34.070175
40,55.959194
72,82.7846
121,144.2898
222,211.97403
313,301.72366
293,269.9184
256,234.75615
190,229.67322
231,212.57764
263,241.13666
287,262.80692
337,281.91537
329,336.26526
460,357.2574
545,450.88467
534,435.22787
421,423.80402
421,418.16302
348,383.97733
235,265.7316
141,141.40515
69,73.52064
42,42.822563
42,31.41347
63,51.990147
84,87.670456
135,141.26979
198,211.5617
317,310.4677
263,276.88007
218,248.63817
230,214.14467
243,245.09578
216,243.7959
243,256.20468
232,279.99396
279,287.0276
343,323.2106
380,382.60236
289,364.10272
309,297.02338
475,333.4105
362,453.98737
280,314.29874
186,174.95728
122,102.21812
56,66.597755
53,50.939423
72,66.79544
91,93.798775
133,143.00563
185,196.27316
273,264.34802
249,268.74792
220,232.3817
223,235.57274
221,244.308
263,238.3489
242,273.73352
283,273.03134
301,306.27182
365,347.5756
379,408.4782
328,381.63507
376,335.0585
324,433.51263
366,415.56177
372,382.62955
291,277.30865
176,196.45657
132,120.8486
106,89.63529
60,82.44249
88,76.619446
127,103.24907
165,138.9281
178,186.62859
250,223.67677
289,279.48056
275,302.06317
321,295.4983
294,327.927
315,299.34598
320,337.09125
391,348.2355
398,438.3901
427,436.9445
398,417.39078
381,391.0506
417,414.78818
355,451.95035
377,373.11163
312,299.80304
201,202.21303
175,142.9535
119,108.152275
91,80.28516
73,70.85161
71,94.18718
109,101.320045
134,145.56964
223,198.69545
304,261.00116
305,304.19562
272,313.73813
276,286.8715
307,289.26315
288,312.1065
296,294.67633
321,319.764
312,336.17004
330,295.63947
283,296.20233
286,285.0661
236,256.64526
426,184.52116
207,189.88072
94,104.30166
44,46.387154
31,34.106644
54,52.074253
100,84.80163
123,138.20824
173,210.11633
271,253.61127
229,235.15042
202,211.4414
197,205.79733
207,200.21622
210,205.61472
224,237.3311
237,236.51442
245,244.63628
256,269.4514
293,260.31433
218,265.11615
231,226.68237
398,227.91454
279,339.33032
219,191.67012
132,121.413284
71,66.32242
36,40.56212
35,28.73847
46,50.572544
75,79.68995
133,135.55736
157,188.91266
297,260.591
244,245.82652
182,215.03685
194,191.32022
210,202.31998
208,213.83116
229,208.8568
234,242.14066
235,260.9628
296,271.67377
255,313.1878
263,242.1036
253,272.16107
261,298.25967
271,280.47195
180,224.19028
159,119.03338
71,76.61023
44,41.8839
26,35.37902
59,53.63273
81,79.195435
149,130.67123
183,206.63724
267,283.26996
236,267.21313
218,218.92441
215,207.45222
206,224.66367
192,235.39812
222,230.15291
251,246.32494
257,277.3399
302,328.97052
299,311.26285
271,296.06174
277,275.94894
287,310.35956
328,294.53485
237,246.96475
156,148.58978
72,78.80235
37,43.055584
41,33.258392
66,57.569023
86,87.395195
144,143.96538
180,198.52434
285,269.68954
284,250.07977
223,236.15497
236,225.709
208,232.75914
259,210.85942
234,256.1331
249,250.91168
245,277.40265
262,294.63425
356,305.83307
282,316.29156
337,285.63745
461,341.8161
378,429.21594
311,343.54327
196,182.59004
107,110.48356
79,58.73505
61,55.608006
74,74.11092
97,94.98303
140,144.46837
191,191.51505
237,263.869
250,257.39148
263,226.86688
235,255.59477
228,240.94954
251,255.89795
257,258.40173
298,280.39142
294,309.3408
324,338.50616
327,377.4099
341,347.58633
352,348.4759
305,411.41476
346,381.41568
383,351.7762
534,280.31107
255,273.86035
154,153.55054
89,99.95286
88,79.254875
75,90.266594
101,104.225685
113,130.73024
170,166.6165
214,222.10068
231,273.1578
291,267.68076
269,305.68506
261,293.55496
281,289.14343
312,314.30682
346,340.78723
383,383.1142
386,418.14572
363,389.24487
384,360.22824
345,413.85757
333,390.61264
382,363.24203
494,337.45883
329,303.53336
194,185.67107
106,111.44721
86,85.31089
63,72.29242
94,83.06855
92,107.36402
145,131.08276
165,194.01665
237,216.16356
231,269.14105
263,260.79074
270,269.86377
268,283.64224
309,289.4224
311,306.33478
333,328.9086
336,341.52878
326,312.45462
336,295.00534
292,338.96722
282,256.15674
253,180.48993
133,161.04068
91,85.56243
65,62.46739
49,64.29157
78,78.852806
103,104.097176
160,152.04083
202,212.66052
321,273.29016
289,285.76645
218,255.12343
227,222.85524
221,239.18333
231,232.9821
236,259.64398
302,269.7563
310,332.49008
295,331.95245
259,313.73956
336,274.24115
257,302.57312
295,264.65656
308,312.92252
320,307.35178
254,244.49893
152,174.59229
124,108.95411
99,82.61222
87,85.83476
87,89.822395
128,123.280846
146,150.40718
182,190.83951
218,232.51114
240,246.72412
250,248.05153
259,247.30656
266,264.2678
274,271.87518
288,293.09222
320,305.68054
326,324.9499
363,330.61978
287,337.2273
319,283.0691
399,318.86786
331,381.9858
303,338.64496
283,268.23752
183,206.54193
166,135.596
92,109.42378
74,82.399666
96,88.87704
137,114.85791
132,146.38344
174,164.97948
215,218.3719
262,242.6075
236,262.88718
208,236.0104
258,218.77989
259,259.08917
228,266.7322
284,250.31229
261,286.61786
289,257.51703
257,265.05692
252,239.01407
225,248.6516
242,247.39095
211,217.99493
163,152.25955
82,96.245384
52,56.480785
69,54.91981
78,80.10526
104,98.80418
155,156.46834
208,199.69539
237,265.79965
253,232.52913
175,216.79227
185,189.69742
211,194.44229
193,210.3313
180,206.99652
236,201.00995
260,235.7011
232,268.1894
214,242.96489
185,206.27654
187,186.99678
164,186.65285
179,178.55579
167,164.22173
110,112.57642
55,68.63774
26,40.092052
46,40.034073
61,65.1192
110,89.67532
132,147.47662
218,198.5951
229,270.99963
237,239.34196
205,199.6671
241,197.01964
206,225.14662
210,206.74593
203,226.3152
233,239.44221
236,260.9646
254,257.6472
231,247.57387
215,209.38759
205,197.11816
177,190.82631
174,186.9275
157,175.71443
119,113.128296
74,67.67118
49,47.221493
45,52.04355
78,68.90779
94,101.00024
149,151.86688
218,210.76872
276,270.78275
269,256.69296
237,221.48393
194,236.86584
214,201.52438
194,220.79146
213,213.33487
227,238.664
242,250.89502
245,270.07025
306,260.88068
216,268.82373
242,215.25613
236,223.03714
213,215.20357
181,186.73851
150,127.24942
57,81.455536
53,50.18329
41,53.5017
78,69.840164
90,100.1935
165,152.26761
219,220.85919
269,283.73752
280,278.27444
239,243.89513
207,213.96588
219,220.02138
213,218.72195
193,236.43484
237,232.41353
275,263.17603
271,302.13147
245,287.69894
251,237.83601
257,241.07916
200,253.9212
183,217.01628
218,192.86006
134,154.06685
84,81.99023
54,59.850067
63,58.58467
79,85.63065
97,102.373055
155,157.74332
225,209.71375
271,280.65012
243,274.6204
241,234.89061
227,230.08261
220,229.31773
193,231.21432
251,220.17291
261,271.53952
304,292.7275
309,317.7015
288,306.02255
298,294.49597
259,283.17755
251,259.27133
272,279.16852
272,287.52823
243,230.47113
139,160.96724
142,108.39343
63,91.50132
92,80.53575
81,89.42083
130,119.67807
138,152.60873
176,185.1191
200,221.98859
208,238.97913
249,236.18123
229,248.73302
213,244.36604
241,248.07945
277,265.14703
266,302.61346
305,299.0198
311,324.53055
290,304.83386
264,287.06573
260,299.60355
341,294.15933
332,330.64313
257,277.60025
192,187.77211
157,144.57414
94,100.015366
76,83.108665
79,86.76805
94,111.95594
135,129.88826
170,164.09497
211,207.22412
219,238.93102
234,238.40843
266,232.5643
262,251.23068
244,253.20801
229,254.55643
252,247.74956
267,255.726
262,274.22195
207,244.07918
265,212.38832
232,248.44292
219,234.47998
224,206.98662
134,162.83443
90,79.837494
43,58.64712
61,55.078064
65,78.93737
88,96.5891
163,154.31702
216,201.11563
255,264.46973
232,239.61053
215,201.92712
206,206.43555
180,209.28632
195,188.29686
217,202.7682
205,227.78477
225,232.56847
235,244.8929
209,230.07158
189,187.96219
167,182.84627
159,169.51802
145,169.8346
167,152.37079
116,112.48617
73,68.26332
41,41.663483
49,43.614555
68,63.873547
97,91.33922
129,143.42038
184,203.41803
261,257.4454
256,241.29115
235,214.07628
207,216.83008
197,200.87244
201,203.44623
195,222.33963
246,229.88174
248,258.08438
230,265.99884
254,238.0232
203,218.69719
202,187.05302
179,188.9746
199,177.04799
169,177.38966
135,117.11739
93,73.31575
38,54.480965
51,45.127064
74,72.924095
91,97.74307
155,144.6885
205,212.94167
301,270.19318
261,266.59863
221,234.69168
221,206.75739
238,216.46817
224,221.98865
252,226.485
268,257.89905
302,269.37265
332,294.96774
398,318.37628
329,302.74548
211,267.1199
190,209.26926
160,201.4005
193,173.4495
124,136.38895
74,70.64644
51,49.248547
42,50.137012
65,73.70331
103,95.659386
155,158.71506
225,216.58096
303,288.81638
278,274.24304
199,233.79794
212,205.37816
247,222.20822
214,240.00218
260,244.66972
240,272.23596
269,273.66168
296,290.13022
290,294.0548
266,276.03067
255,243.71173
241,235.306
226,212.81387
243,209.57005
164,151.508
98,96.34897
60,64.740265
65,58.563137
89,79.205376
101,103.41739
143,156.22519
256,207.94608
308,283.8197
251,270.31842
227,227.48329
232,223.96829
220,236.92653
232,228.54532
260,254.95662
296,277.36737
320,307.96432
321,330.4252
320,321.0331
307,313.04294
302,279.55783
292,283.64386
302,300.9681
326,300.512
275,253.63242
182,176.34851
116,124.55741
86,81.79104
61,90.96576
84,82.08484
126,116.44495
136,152.80473
196,184.48917
250,227.16518
199,254.26894
276,235.23439
229,265.7729
232,246.3459
274,255.95148
295,286.58572
344,306.61115
328,342.88077
359,337.4843
306,330.8242
335,292.4382
321,322.63235
329,332.53024
341,332.8926
279,279.37723
206,207.885
134,146.1654
78,95.209
84,72.58331
92,88.84627
103,111.51031
139,127.76597
172,170.50014
231,216.3993
248,238.66844
269,252.92276
269,255.55524
241,254.44437
273,243.81853
269,258.02762
287,273.26562
289,280.0182
370,279.05148
287,310.99316
295,263.52997
246,268.0719
221,230.72672
215,211.2408
130,140.98578
75,80.84796
52,49.389114
52,57.80745
66,74.1425
112,96.00483
148,160.27406
231,212.73288
264,261.60147
246,243.56703
192,212.27827
178,194.36113
200,191.68567
163,200.0067
210,187.26611
244,223.45528
251,245.34016
247,257.60098
194,237.36026
197,182.93642
174,186.36032
188,169.3221
147,174.23277
166,152.24
117,112.36817
50,69.57686
34,39.218678
42,44.521732
58,64.12367
91,95.54004
166,140.20532
197,216.67053
257,262.97256
234,246.66595
193,205.47156
193,191.00313
185,198.11777
170,194.25734
206,197.1519
206,231.51167
278,236.06703
215,280.28436
248,230.2508
173,218.67734
199,182.033
193,191.05504
175,180.83234
172,168.05202
143,117.591774
73,76.11214
38,42.58543
48,47.414047
65,69.445465
90,94.28785
142,160.72148
244,210.33511
273,282.68195
284,253.87622
252,223.57008
191,222.76314
215,207.02199
234,210.9144
279,242.91277
323,264.2046
329,320.6874
292,317.75192
366,313.1433
308,308.43698
280,255.23361
259,245.66437
207,221.98555
213,188.27794
118,140.7755
63,71.79221
46,46.54492
51,45.010147
74,69.10344
106,99.34159
154,156.17023
242,230.4961
270,291.363
289,273.50836
214,244.53029
206,204.1237
228,220.75717
211,228.28477
206,252.74998
225,238.41914
266,265.4766
276,295.6481
279,293.88452
241,273.2921
229,248.56293
206,239.58911
214,214.59286
198,216.02809
155,138.68054
83,93.614044
73,56.650818
49,62.241062
73,75.190796
107,102.41525
144,153.20023
226,220.33936
300,285.63654
235,267.4117
218,223.1246
206,218.85202
226,220.14597
219,234.70012
243,238.73619
272,262.21964
271,295.7762
299,298.77316
305,307.9297
272,295.384
290,258.2009
282,284.80804
285,294.87573
317,300.92822
221,255.953
177,154.70177
104,122.44764
68,83.238144
85,82.35401
102,86.2624
133,127.25697
137,147.98438
196,185.3541
254,228.8626
222,241.35252
249,241.79294
239,250.70146
259,242.3657
254,269.77985
255,274.37112
268,284.34262
304,299.4699
275,328.35922
311,279.4055
328,304.74466
305,321.39212
330,319.3849
341,337.68564
280,270.5678
186,206.79558
135,138.03677
76,92.50578
81,77.34479
90,90.593895
110,108.55593
143,131.34682
170,172.76096
209,218.75665
241,239.11925
250,247.14357
224,253.30608
236,236.09128
245,241.05728
263,238.84871
278,265.09607
272,278.1414
275,269.3437
260,258.8806
195,255.19214
216,208.6411
202,218.42899
191,198.17712
157,133.46082
83,89.65679
46,53.292416
40,56.82282
65,63.473618
90,99.9042
168,154.64026
222,228.73813
254,259.7854
238,233.76611
207,202.58736
187,190.14726
188,194.37732
185,189.20128
194,203.5213
219,215.18921
218,237.67393
222,236.37563
236,219.96848
175,202.28885
188,168.22032
132,175.69171
164,142.85944
175,160.54895
141,115.96381
66,71.34558
41,37.05221
33,41.21296
54,59.95339
108,92.99514
153,149.89867
212,209.61246
257,262.8686
241,241.14912
187,207.376
180,192.31721
188,189.49953
170,194.68217
207,194.55862
209,222.62456
241,234.41031
225,247.39462
230,242.59459
196,201.01959
197,194.24963
150,177.69362
166,164.65282
173,170.45692
139,129.1636
83,76.55397
45,44.620453
44,43.796253
62,67.13604
92,93.337105
183,153.13928
226,230.8168
266,276.09106
251,254.91483
195,218.60497
214,187.69899
227,209.0212
164,218.99104
226,205.68909
262,239.80293
276,278.3663
259,286.83658
288,286.5243
227,270.0353
220,224.44458
226,214.43703
215,208.82356
207,189.78886
136,133.87502
87,75.23601
53,54.11339
50,46.56938
69,70.348625
84,101.17654
159,161.60152
250,226.77393
291,281.67026
270,272.32257
206,215.33444
234,205.7216
228,234.30052
224,213.46397
262,227.97896
307,263.80035
281,306.77798
268,291.30038
297,285.0514
303,264.50864
270,261.46042
267,242.87593
257,242.47942
273,226.81474
182,178.45396
156,102.207115
80,84.58962
72,63.871243
89,79.904526
94,98.87139
147,147.41283
253,221.9555
286,301.88367
243,257.76108
248,223.49721
234,237.18915
253,234.79994
224,244.54924
281,250.59305
280,286.53735
311,299.25778
314,318.78757
331,323.21185
348,311.51566
315,307.24146
339,301.42767
332,325.25232
358,330.9794
271,267.5038
241,198.87434
146,141.47305
136,88.67131
89,96.99719
107,87.53083
129,129.47134
141,148.52982
209,191.26588
224,244.70427
232,237.75171
233,253.0585
243,243.62663
228,245.6082
266,253.20175
282,277.9654
292,289.43585
306,308.65836
371,312.7914
311,342.6729
343,308.35995
366,329.95886
378,362.69443
389,364.4798
345,304.70786
240,233.57463
200,154.32732
163,116.63613
95,97.88544
125,91.733665
126,115.594925
135,138.87732
169,172.04599
232,210.56053
215,251.89311
263,236.19917
256,260.23663
269,242.86064
272,257.8972
282,266.12775
331,276.05585
338,314.5645
347,320.32324
358,295.67627
351,312.37988
292,307.1909
349,263.075
335,270.34894
92,114.36925
81,76.823654
48,66.23501
89,77.86606
101,125.55064
157,153.63922
222,213.5097
269,288.06
279,288.8063
261,254.72014
193,218.42712
219,202.7575
217,222.46835
241,244.93356
275,279.08447
263,278.603
295,291.25113
287,306.33508
336,298.13248
280,305.8971
261,248.82942
262,248.15654
253,230.63257
211,217.80075
197,171.88719
151,166.96364
165,125.090294
149,149.24858
174,150.38786
146,150.9783
140,148.95842
152,163.07187
163,186.9854
197,207.42966
212,207.75114
247,235.56844
263,253.27022
257,269.0837
287,280.58594
307,282.6271
285,308.34564
293,302.16074
322,309.15613
331,313.46466
286,299.43182
295,291.59653
266,289.15527
259,248.01813
244,232.36626
217,209.26349
212,190.31978
198,197.63364
210,184.37338
161,162.34264
144,143.55171
134,135.8221
136,146.66757
188,183.07407
189,202.00037
204,197.8755
205,215.23395
217,215.66124
259,237.18997
238,250.44348
247,239.85483
210,238.85254
253,225.94133
233,235.00954
211,214.72882
198,207.83348
209,189.0367
144,172.40656
133,123.21749
96,93.8839
73,77.89189
78,86.27699
114,108.78674
152,155.49194
185,221.02863
255,264.80292
267,303.2432
225,224.4145
196,188.88579
186,192.20071
200,194.09186
192,210.42639
233,221.82791
212,217.89973
202,213.82185
192,217.46303
198,202.85591
199,197.9437
176,190.75043
160,153.67635
118,134.61412
106,96.31782
92,73.90088
57,61.212177
44,52.807858
71,72.51912
99,100.39029
133,148.43542
210,207.09717
232,276.0778
256,273.71
237,233.36832
166,201.4784
171,174.06413
200,180.25278
230,212.92871
230,248.20256
208,216.23228
205,223.90509
212,216.22253
200,215.17706
176,201.16132
148,169.82448
125,151.86644
146,125.99749
116,117.865166
93,80.83388
70,64.0876
80,55.770573
87,70.02504
97,105.98651
135,144.46037
179,215.5083
249,256.18152
309,292.80917
233,243.81868
211,192.57123
210,194.43472
192,206.40302
222,226.24022
268,248.39908
251,236.69553
226,242.22311
234,244.45538
237,240.0687
213,218.54874
203,179.1195
174,174.95665
136,159.20862
101,113.266
93,85.36839
63,71.85167
55,58.72715
75,72.96704
125,110.13048
145,151.5293
222,206.6121
273,287.19794
295,289.02216
247,241.22838
208,208.27806
187,209.03603
205,201.75543
267,230.23442
272,281.20276
250,257.5512
229,257.34613
266,251.9625
285,258.23526
242,251.65721
209,211.00919
180,198.73828
165,157.80354
147,141.77841
105,107.53265
78,77.06069
78,66.32879
88,86.188065
133,122.514626
171,158.34401
222,221.5079
232,288.77753
282,285.13297
236,251.21382
216,212.75832
231,210.50288
251,228.82805
279,259.64185
249,290.2759
285,255.32521
293,289.80194
317,303.97903
326,320.1182
335,303.53455
286,276.44342
249,265.17398
253,240.74298
192,215.34676
177,174.03557
142,153.08585
125,138.15224
161,138.03741
189,158.3798
147,162.44327
146,149.47342
148,163.19225
164,183.92642
184,206.86316
192,207.90677
220,227.51361
226,246.97813
311,256.88687
295,304.56876
315,292.76944
318,311.87653
299,322.2265
313,311.2216
339,317.27502
333,304.28122
293,310.8442
323,290.97995
308,273.58493
232,255.11395
213,201.8477
202,189.41612
233,193.12395
168,208.87155
125,153.804
110,136.52388
124,126.17318
145,138.99448
180,183.82831
223,194.97104
200,217.66681
196,210.81245
227,219.45656
278,246.90172
273,257.33084
235,259.12186
228,232.45732
199,237.17603
225,210.14703
193,216.6754
185,196.54634
196,184.99382
154,167.02293
135,125.37135
108,99.815994
78,82.490295
76,84.7984
108,109.111206
173,149.7701
184,223.73021
282,256.5697
292,301.85712
220,229.18411
182,189.62674
180,184.9397
178,190.2402
201,200.09435
239,226.78452
208,220.33711
210,209.81796
242,212.01114
199,218.0224
185,196.07533
176,173.2728
128,155.0123
128,120.31097
115,98.28914
77,77.94571
65,57.254963
46,53.552593
90,68.440735
96,103.25129
151,151.02997
190,210.82257
243,265.30627
284,269.38715
205,231.09213
182,182.69102
177,175.93958
164,179.7718
230,199.5794
253,247.9913
219,220.44753
215,229.02145
246,229.63327
235,223.70393
215,206.75725
174,179.70673
154,153.55711
124,141.92249
109,113.868935
91,80.04731
48,69.81058
57,55.893993
67,67.4723
86,101.42068
150,136.849
198,210.75888
262,265.98575
307,305.33713
235,232.73569
186,201.75058
184,190.6452
260,189.30878
217,254.85406
247,258.81546
274,237.23837
262,257.49677
251,264.39902
245,248.0361
267,220.77011
171,206.92755
166,169.28104
162,146.20203
121,120.273155
87,95.3669
65,65.15506
70,56.552204
90,74.28906
118,117.6653
144,154.21834
221,212.08223
289,287.63782
252,290.9632
241,239.53133
213,202.53453
221,200.57678
204,223.6978
242,231.246
269,265.1546
265,257.68735
270,270.42816
265,275.99847
259,261.43347
236,245.8479
217,202.29616
189,194.59224
165,172.89073
122,144.81824
92,98.69204
75,73.95509
72,70.352516
80,89.395905
103,125.591385
175,155.48553
224,223.02895
295,268.7772
301,284.35913
244,250.51367
235,217.75969
219,225.43973
283,225.07277
265,278.4768
321,279.71274
293,298.09894
326,298.20627
320,322.3027
331,317.49835
357,303.8088
273,290.27402
253,255.74863
234,248.65685
202,200.05342
215,179.56223
156,166.73624
139,129.35379
177,142.46693
184,163.73761
139,161.82597
128,146.7252
145,154.4195
194,172.17053
202,209.08943
205,213.68626
237,231.95393
253,255.93106
252,275.3462
308,285.3986
280,302.38278
322,296.07443
302,324.25266
337,311.40176
308,331.98923
283,294.12332
303,287.53558
269,290.2781
269,251.82712
279,244.55046
232,230.07631
234,200.05765
190,202.00839
198,188.06633
151,153.99611
138,135.04326
137,132.44595
111,148.31874
178,163.08197
191,195.04546
176,207.35141
226,200.98256
248,230.86923
267,259.46414
237,254.28606
279,238.43022
235,260.00116
283,242.1757
250,248.96672
201,223.00508
195,197.11105
209,193.1073
127,166.9672
120,114.837906
81,95.391304
71,71.15557
99,75.59268
106,111.77183
154,166.0196
193,194.96245
263,261.33383
268,299.63232
225,217.52292
189,188.79488
202,180.03912
172,200.66652
181,197.1116
245,215.52487
204,223.2072
236,209.46422
203,236.49054
196,205.26056
190,189.53586
176,174.18056
121,152.64827
141,122.76131
124,107.306404
86,86.58477
53,61.270626
56,47.969894
87,75.55719
90,102.43714
168,147.82635
212,213.89459
242,259.77747
260,264.82092
245,230.72693
203,194.02374
179,190.12973
193,178.71736
211,210.80968
218,243.54095
183,210.88393
231,208.577
232,233.34052
218,223.85466
208,205.84375
160,181.38844
162,148.02707
153,149.54285
114,123.14646
90,88.073494
59,65.97507
47,60.139675
77,68.17551
109,100.30119
140,155.33385
201,203.28038
228,267.0939
290,286.91284
232,239.83089
189,201.85948
196,183.37585
217,205.83174
229,228.48454
252,250.35922
241,234.97789
253,253.86887
230,259.6633
231,240.48897
253,225.51749
215,197.70508
156,187.67787
149,161.64908
124,116.881065
76,96.181366
48,61.83818
42,52.62067
82,73.216095
113,118.698006
153,148.29076
211,215.52335
269,274.09836
305,283.5575
221,242.3568
221,197.74974
183,207.21227
179,199.39977
222,222.8485
247,258.22247
247,249.67426
243,263.43793
242,259.5402
275,251.92638
242,253.0151
209,213.4144
166,189.21022
161,162.09457
128,141.30093
108,98.53044
89,73.56892
70,69.009186
93,86.51013
132,110.202614
144,168.03392
203,214.05869
259,272.55786
292,293.37677
239,241.97403
206,218.3081
208,204.81815
205,229.8133
224,239.73602
260,258.96823
265,269.12387
295,281.65607
292,305.62695
324,306.29123
306,316.31836
256,267.10278
223,242.73444
199,233.36783
210,189.6285
178,189.00342
156,150.77065
150,140.45891
133,155.6255
161,163.87408
139,150.89908
128,142.87837
133,151.3335
183,168.76389
198,208.22874
197,209.3287
231,225.09883
202,246.786
253,237.55872
239,279.89853
247,260.91107
273,279.10974
284,296.56705
291,306.38068
307,302.60568
286,285.90823
265,283.29242
267,260.6325
219,249.15607
227,205.99786
200,201.73755
182,177.73564
169,176.75323
186,176.2807
146,153.21082
135,133.78554
130,130.98787
133,139.18758
177,176.90225
176,192.15662
213,195.47449
196,210.45041
213,214.61003
218,234.57591
200,218.91943
200,221.73567
229,217.40556
242,239.83781
222,230.1996
177,207.9994
194,185.02
177,193.81319
168,147.13075
127,131.04239
97,97.6247
68,74.499306
71,75.45165
102,104.91845
141,153.31348
177,189.42342
248,260.62003
287,274.64197
209,225.46053
184,178.553
179,182.23839
197,181.32664
205,203.48326
195,226.16022
184,196.92258
194,198.8562
200,208.45697
158,203.32875
163,169.13931
161,161.78374
114,144.01695
93,125.38885
90,110.369125
66,81.82724
79,55.333572
49,55.03109
71,76.569695
90,98.22797
129,145.9285
184,200.11761
253,250.62329
280,275.8142
256,225.7746
178,197.93547
177,173.67169
164,190.00002
185,204.49794
190,211.78862
178,194.69334
182,198.41705
206,212.30038
202,204.43474
161,192.24127
145,159.31392
132,142.4781
139,129.29457
101,111.64612
65,80.01287
56,57.91457
42,54.076717
72,70.32272
93,99.91334
140,135.69395
171,196.70537
254,255.65904
283,302.48944
252,238.94466
223,194.61307
154,200.52487
180,181.87624
206,206.76797
198,234.35411
184,212.20302
189,213.78728
187,222.5222
181,215.17308
201,198.31831
152,182.52074
135,152.76967
155,139.89113
114,121.75887
81,81.65049
54,60.509975
36,51.150436
68,70.15436
105,108.96998
157,146.3755
194,209.65454
277,270.67838
283,300.02826
250,238.83029
210,213.28818
172,187.13573
193,187.21361
227,221.79875
217,244.52902
208,217.2644
201,220.97267
233,227.23877
221,244.00218
191,218.89473
192,177.655
157,172.71028
168,163.74673
129,131.71162
102,101.99761
69,72.197426
54,62.692226
95,80.312225
137,125.87256
144,166.88443
203,208.54588
242,271.8795
259,290.48718
241,239.73993
188,214.39857
218,196.88815
196,233.94681
273,234.46307
246,270.7629
241,252.39105
296,260.38055
256,303.7131
277,280.85074
293,287.4036
271,260.3245
193,249.00333
228,208.24661
181,204.2775
171,165.95357
138,149.13203
143,133.80203
151,154.00029
209,168.01898
142,163.33606
120,137.22282
154,146.0847
169,184.44072
179,205.08229
193,199.12819
225,223.8256
219,230.6908
256,251.41228
251,273.26334
270,258.43356
260,287.60175
292,282.05643
273,298.59775
305,289.6362
275,286.22607
239,272.86057
252,252.30927
290,241.59502
249,246.48128
226,210.09203
199,195.67354
213,189.9419
206,202.16435
156,162.07397
113,133.1914
134,126.228645
139,138.66292
196,173.92606
163,202.87454
191,191.91069
174,202.34761
192,203.82007
216,221.83424
245,220.12387
213,236.91708
231,222.70015
253,234.15201
266,232.0139
232,228.91101
225,212.598
240,206.79251
208,194.2145
151,168.82854
122,121.50767
110,87.77357
82,84.51252
64,94.62984
97,111.12699
135,132.88489
187,207.8796
249,236.95093
240,241.12866
240,233.26349
220,219.78705
236,228.93726
222,232.17488
199,240.20743
264,246.33914
277,290.00372
353,320.3853
350,375.49173
394,379.31955
377,353.78427
346,367.47958
337,378.28754
415,372.42593
343,358.9155
304,288.97116
269,225.11719
228,198.74332
160,140.77145
133,117.47368
114,132.27435
155,138.83307
188,194.94487
242,228.56393
243,252.29424
273,260.62543
260,274.4012
263,264.70422
285,268.72464
322,297.8583
332,341.45615
371,370.0681
455,405.16888
429,443.95993
399,411.70892
412,414.68292
446,441.17136
467,460.05582
419,425.04202
354,345.75882
227,274.15942
191,203.39284
146,142.10938
129,127.35654
118,109.54489
118,135.5798
173,151.77023
204,216.65088
264,237.11996
257,275.12726
290,265.57495
280,270.44498
291,276.13885
251,284.84018
271,267.7718
259,287.21832
271,271.1808
241,262.65213
252,232.07634
237,248.25986
280,256.1191
221,260.10886
172,162.89502
126,121.599045
73,82.29437
76,71.6957
81,80.17336
115,104.55433
114,142.51611
196,185.83925
210,219.27904
175,209.20634
177,163.0032
195,170.25362
184,187.00664
176,183.78743
177,175.25983
176,178.69072
191,185.29395
203,220.42882
222,222.59506
185,185.47015
174,170.31602
196,179.58691
225,200.56693
143,176.48407
124,100.47218
81,76.56499
62,55.741222
46,53.724335
63,65.06409
98,90.65489
143,133.02928
199,196.26993
227,223.07898
232,202.07924
175,191.95045
146,182.96117
151,159.41628
179,161.28941
158,177.71596
168,180.00002
193,191.33455
229,232.60312
235,243.31258
205,209.20906
179,195.83118
194,193.02289
182,202.0672
198,165.72212
130,130.97037
72,84.73475
55,58.864506
47,54.56398
66,72.37684
97,93.431015
168,148.7779
212,205.17198
232,228.90176
194,222.13457
189,180.65976
175,173.02928
177,177.48509
150,182.63394
166,173.12607
156,183.6736
174,186.88654
242,228.13672
250,271.2433
202,232.13976
237,202.1454
260,224.35577
272,241.9289
208,227.54817
159,138.8744
86,102.462715
54,63.77984
68,57.79489
93,82.616394
100,107.222046
126,149.8049
195,203.7852
232,242.2785
239,219.38486
223,208.67816
175,202.01146
184,188.07785
177,183.74834
188,200.87193
199,185.10063
198,215.73033
260,245.962
277,282.06232
275,263.57178
232,262.47922
266,256.35773
261,278.80466
241,231.16414
170,179.93243
136,123.89103
108,93.67252
79,87.761
100,92.39815
104,112.75752
131,135.27017
204,199.45882
234,250.52788
219,235.8119
228,222.34662
205,214.06654
225,216.55986
202,220.7275
194,213.34337
234,229.11292
231,256.8799
282,287.54895
307,330.3184
370,344.10822
383,344.32434
315,371.81165
374,353.5203
403,399.75156
337,341.8069
312,288.452
229,239.7728
227,183.60982
163,144.39008
109,121.69953
133,125.3106
183,150.36513
199,202.26247
272,233.71396
272,268.75797
275,281.69815
310,274.1441
317,291.75803
285,301.64133
346,299.8529
320,347.3215
383,355.29114
382,415.62784
396,409.11102
384,397.34998
426,401.54425
480,459.33936
544,478.3812
453,433.51425
375,359.58566
307,264.55466
250,235.13416
138,163.65952
118,117.57864
133,111.5857
151,139.75919
173,164.94016
241,220.92557
268,275.11008
305,277.86462
304,306.3837
270,294.21448
316,272.15857
291,300.42755
295,290.5616
284,299.03506
274,285.24792
255,260.06934
291,242.45575
282,274.30695
283,285.55978
246,246.44383
176,179.48906
160,117.45047
118,97.72779
114,85.83126
96,89.7969
110,111.379074
126,140.5996
204,192.34558
220,229.11992
197,209.07794
173,178.29985
155,169.29987
153,170.48857
135,165.5795
175,161.61504
167,177.9515
183,185.80902
208,204.72725
210,222.02618
183,181.42313
148,170.23732
153,167.04077
170,180.33405
163,145.28528
111,114.07832
73,75.97221
51,57.594707
48,51.29028
58,65.120445
78,89.71132
147,137.63818
219,204.33505
253,234.72339
210,218.76329
182,182.95885
188,168.06587
179,174.84996
164,166.16489
177,171.59682
178,178.8929
174,191.84335
225,217.94743
230,238.37755
189,206.60582
180,172.91586
226,180.37599
198,205.27737
157,176.57414
151,114.9805
87,87.32983
66,56.694992
49,56.305138
80,70.02365
101,93.21308
150,160.19336
231,211.40721
265,240.85162
230,222.05316
205,198.26283
176,191.21669
202,180.34732
203,188.35927
169,197.614
198,176.80875
219,197.00551
338,250.52539
311,316.4145
336,255.45573
206,272.64224
202,223.97343
215,220.26317
187,188.2934
135,140.14738
112,89.4783
76,72.98439
67,65.143135
70,89.80735
93,102.2217
156,140.36354
233,216.5038
268,255.40097
230,241.44142
205,215.2513
181,190.27238
188,192.46284
202,192.41672
210,196.82527
194,209.19348
223,222.27061
305,268.488
264,315.67175
264,272.18958
269,237.52261
244,258.39722
238,249.59204
245,217.4746
201,172.64433
141,137.52036
103,101.34488
71,81.68096
84,93.58293
102,101.61395
143,140.16287
236,208.34709
273,253.08516
232,243.06728
238,225.44156
233,217.90686
210,232.62273
218,215.2016
231,221.70728
245,244.07968
299,263.4844
315,330.91272
357,344.19003
359,370.74158
341,355.08807
401,340.8753
392,400.87534
464,406.7862
332,367.0966
299,286.9081
233,229.13287
206,193.14523
165,150.1409
126,117.536804
134,131.68668
153,161.60812
195,198.48506
248,240.56361
268,263.67474
285,279.0776
268,286.87103
288,273.41403
307,288.15573
331,316.34622
361,347.35678
360,390.6592
409,398.76367
382,414.7566
393,382.49207
432,416.1109
468,475.91037
464,483.00507
440,415.48566
387,367.9899
292,272.29602
217,232.04039
177,152.00685
113,131.12315
130,121.72628
131,141.7246
155,169.67447
194,212.53531
247,245.61905
282,268.57272
294,284.01474
279,281.3157
301,281.8288
300,292.39246
281,300.26855
276,291.2999
356,281.40173
251,308.43915
281,246.96846
248,272.00183
258,268.9506
206,234.6388
169,157.63936
100,118.089714
85,74.59004
66,83.12016
85,81.58717
87,111.094215
129,133.99911
213,192.71745
212,230.83464
195,199.4854
173,176.04161
174,161.71548
148,179.16484
162,160.65863
164,175.41055
158,173.30737
183,181.00284
191,206.80153
192,215.07454
181,180.06465
150,166.88597
169,156.77852
210,180.02708
177,164.00607
106,117.16757
83,72.36255
70,58.696514
52,52.000618
60,64.260765
76,85.175
133,137.35847
232,202.58113
237,242.2717
176,213.77057
179,170.32494
176,177.17834
168,170.63315
143,171.55049
154,167.08257
161,166.88846
181,184.92256
224,212.3853
237,232.06583
206,205.58217
163,176.6336
203,188.04929
203,203.36351
174,181.80222
122,117.91086
81,82.240395
71,61.81016
54,54.649944
61,73.29969
88,91.58068
159,145.48164
232,225.6422
259,253.28453
222,213.29102
185,197.3452
179,178.82155
189,187.46196
201,177.31355
237,187.35167
226,212.40019
251,216.95638
250,270.83658
347,279.36337
336,292.5463
296,274.9917
246,260.1333
218,244.31804
175,193.3064
169,126.18191
105,108.64414
58,73.17226
56,62.408447
77,78.8346
108,100.1304
170,148.34593
222,222.11133
259,270.1061
238,234.81323
179,210.17514
179,177.41133
190,189.602
189,203.15187
191,210.81535
193,206.0589
235,222.87546
240,277.92377
298,277.618
275,292.1585
263,274.48553
235,264.80087
245,239.72505
240,220.7763
181,181.10805
142,130.32533
83,100.02891
91,71.72999
86,88.73636
100,105.15935
144,143.58006
228,205.69162
270,260.93063
203,245.37448
214,208.10475
208,208.98112
222,212.55768
180,222.80182
206,198.27466
212,222.8141
258,249.34834
326,299.87823
332,358.99118
366,347.21234
337,356.0978
303,338.30716
390,341.29443
423,407.07306
320,344.88672
287,283.662
235,224.84483
179,195.1577
145,146.24568
119,122.88322
141,133.34383
154,160.49089
209,193.95543
215,236.24306
272,251.52542
276,282.231
280,277.5327
245,282.8728
298,261.20016
337,310.90112
330,350.54855
313,366.1961
394,363.69507
387,402.3074
445,388.3714
443,435.39365
438,474.9611
431,466.58908
462,398.88266
386,369.85892
246,286.4522
195,202.59052
134,147.04321
114,116.92172
119,128.09842
131,132.62965
158,170.74289
207,203.91917
226,251.68646
246,260.6598
255,271.42932
271,256.1358
272,281.62344
240,277.7835
284,260.3131
275,287.0156
287,287.74435
252,264.2788
286,258.25684
216,274.13803
231,246.95767
222,210.11504
176,160.8785
120,115.649864
65,85.26882
74,70.01501
74,87.139206
85,107.6019
148,132.82997
230,205.93814
224,236.45932
185,204.5841
151,171.9836
158,156.71014
144,157.12921
154,155.16295
148,167.94968
166,160.43451
196,182.52579
217,215.66583
193,222.57916
168,180.22707
202,158.18025
158,183.80952
180,182.52007
192,160.33362
152,123.67309
73,89.42087
56,57.180035
38,49.18875
52,59.60249
92,77.720566
153,145.84314
212,227.88649
228,244.47318
195,207.40181
192,167.19803
161,173.51279
149,159.37093
157,158.83806
131,163.3759
171,157.10393
197,188.12698
197,226.55653
201,218.80138
182,189.53757
188,179.93697
193,186.6577
179,192.76488
171,172.35976
104,125.264404
56,72.452576
54,55.2098
67,46.862118
64,66.024635
108,96.19757
157,159.054
243,230.89915
244,262.81577
204,221.43153
183,190.53416
177,172.14995
161,174.72287
162,179.29929
175,166.47525
159,190.21097
186,197.69504
220,228.21355
250,250.74821
194,262.7536
212,202.68909
192,222.16504
246,201.16342
177,197.56207
144,132.30469
81,94.11627
59,56.89479
62,63.826584
64,77.50032
97,101.6335
177,157.42899
242,235.43579
279,266.79852
260,237.60521
189,206.78612
203,180.4491
230,192.39174
181,207.09856
184,189.76091
192,186.40483
240,208.98328
255,258.8261
311,278.13284
288,275.49518
246,259.14896
268,236.82384
261,264.55875
255,228.06645
205,183.50165
135,139.16216
99,95.143814
101,79.89787
98,86.94095
114,105.31361
171,152.7692
242,233.23303
274,279.67017
229,239.06934
219,215.87639
188,213.83032
197,211.14355
228,200.8548
222,223.26685
275,227.69623
258,282.32785
326,301.16302
318,356.06952
367,340.38672
376,342.1237
336,348.64783
399,374.69876
417,419.4472
363,335.70197
314,292.60138
253,240.36053
180,195.21304
122,146.86142
108,116.84276
119,136.06465
175,154.2704
212,205.88683
276,243.9913
240,279.33124
252,260.32776
275,265.63947
258,281.12085
297,274.77966
287,316.3208
310,307.458
367,345.21402
387,399.01376
380,394.83368
380,393.64066
392,401.72836
468,440.7581
483,477.2035
423,425.20456
346,369.5221
308,268.5484
196,226.00832
127,137.08899
110,109.6801
118,123.16461
134,136.83633
195,161.56888
212,227.73215
238,241.3942
297,259.6386
264,293.6865
257,261.46613
276,271.32578
313,274.39926
292,308.6132
362,293.24344
355,342.67444
339,307.47018
346,310.08185
325,314.771
332,300.20654
323,276.55338
402,471.46588
259,311.94974
173,197.73474
136,158.54893
102,144.0903
129,120.84088
138,164.69499
223,223.58328
278,308.9862
294,309.54056
325,344.97586
319,353.3061
331,327.8655
267,327.98578
260,280.90274
268,278.8682
292,319.12183
286,354.76517
316,345.8401
343,371.3334
417,406.51147
567,621.9556
540,644.4963
456,478.35712
357,390.49097
315,303.66635
207,235.72905
153,160.69609
138,123.90564
102,110.75677
84,115.50792
121,122.20867
170,183.99814
282,252.4303
327,344.71457
309,347.20367
251,307.46786
273,260.26123
243,274.44708
276,261.5671
387,387.46332
359,397.7715
372,367.0435
313,354.01343
339,332.8012
396,410.5094
551,497.33472
446,479.33218
382,373.57776
288,314.55444
243,238.18253
252,208.17378
193,190.48232
116,142.90254
110,115.47535
162,139.80434
212,221.0077
271,283.84457
325,342.07782
402,388.35104
349,369.1995
272,325.28876
287,253.55565
298,282.78235
341,337.22903
421,403.0972
410,406.6146
345,348.05774
292,331.64752
349,334.6101
298,334.1711
252,275.4914
204,201.59616
162,150.3883
83,113.87097
87,83.92671
112,104.01531
83,109.998535
117,125.69231
146,171.1393
242,237.18044
230,281.49524
297,277.90915
295,329.79044
260,289.29395
305,271.1373
293,297.6954
289,294.73602
328,325.67844
385,421.43442
471,432.98633
473,580.20935
562,612.635
772,721.2988
618,589.88776
489,475.70538
358,366.0367
243,245.76952
155,154.75917
111,122.62151
94,116.205826
70,95.8774
91,113.34065
166,176.95271
290,264.00195
297,292.55457
295,322.61578
341,326.76578
317,315.54822
327,324.1707
362,331.94824
345,352.8798
448,397.53455
448,500.32535
443,472.50482
500,485.1098
626,661.8008
842,926.13275
698,693.60345
496,532.15674
372,401.76425
272,275.85608
162,178.5803
132,130.54247
123,116.993965
118,114.75425
121,146.7714
257,217.99777
373,360.92773
348,352.27554
366,357.98245
356,381.06064
325,355.184
301,332.1542
285,330.76764
342,333.55948
427,448.30685
408,506.93234
467,451.62866
505,487.99786
622,623.0088
820,785.3649
771,731.8657
523,552.3301
398,391.72223
255,290.82986
168,183.01112
133,148.68336
151,138.25171
92,136.07304
125,141.58098
212,260.06094
307,349.64676
325,353.5698
295,373.9708
332,347.50967
293,336.18777
306,304.1042
314,313.51886
309,342.55872
318,351.78842
356,380.924
383,386.48935
386,435.3157
550,527.04517
730,800.0663
627,674.6939
463,527.04803
364,394.21335
242,282.05832
118,190.12448
135,136.74387
119,140.2113
101,119.69861
110,142.48195
164,202.88321
232,265.40158
260,279.12167
255,307.70328
342,302.32822
278,325.82028
298,280.61322
236,290.51553
251,258.30032
304,301.35135
299,340.5322
325,343.8149
330,356.75345
343,387.63773
542,553.0716
545,645.9054
413,475.5382
404,356.3817
241,318.8046
161,201.29869
158,146.6446
126,129.91899
101,103.42088
76,110.240425
118,118.586464
181,174.63383
218,256.21194
290,295.69196
316,337.47525
294,301.97565
225,282.1041
188,245.59407
190,230.63593
432,296.87378
349,410.1
320,353.98203
319,321.76352
304,322.61636
403,380.30228
583,505.74527
456,485.6697
373,384.47015
288,295.87662
228,229.99959
195,210.53584
167,171.35814
140,140.78133
104,124.89472
164,128.29716
197,214.07602
242,256.38074
284,319.00256
263,349.0355
244,289.2967
200,252.3519
170,222.3729
175,202.99188
222,247.38437
246,317.44592
240,297.4571
262,281.12494
301,281.89133
316,335.17297
295,306.32288
201,270.0509
222,177.89996
114,157.45651
82,83.944695
92,81.9461
95,107.48463
95,96.3524
97,129.41753
139,162.13731
221,237.55893
234,274.44827
235,270.96515
261,269.76788
218,256.77795
268,240.79985
248,276.17084
228,261.92587
280,272.64856
316,354.40814
383,377.7898
345,422.22617
469,490.72165
596,668.8096
461,568.1418
367,423.55228
261,293.14597
183,194.80702
104,133.25925
67,102.66481
79,96.97106
84,81.907104
115,109.528595
140,181.82062
242,243.94598
263,268.69806
284,275.1578
285,308.6368
260,280.69012
263,280.837
284,289.31842
273,295.40115
284,371.85876
417,393.59668
380,444.51138
389,424.55713
570,522.59076
713,788.3329
592,655.0504
398,471.96225
300,330.1949
197,237.63588
91,143.43427
96,95.76911
105,106.49384
84,110.77305
115,125.63606
210,213.82422
341,309.3696
260,325.5194
306,295.358
299,319.83926
297,292.3837
301,291.5023
281,302.14664
301,305.9591
488,371.83298
538,491.86472
509,512.16113
620,499.3205
597,646.0059
707,820.36444
675,673.17303
445,517.1064
330,356.19653
212,233.33368
130,145.82996
107,115.05064
119,127.46061
106,117.71752
132,143.54277
211,239.60434
286,345.5999
295,297.14594
307,315.5731
334,327.56567
330,328.68958
291,320.69296
298,297.1818
325,300.96066
336,358.45886
367,400.583
360,397.48715
360,408.71747
523,476.8337
742,710.1259
598,678.5946
449,535.0872
329,357.3081
241,247.98962
173,166.6935
128,131.1706
147,123.505356
122,126.00512
130,142.39877
185,213.70694
248,274.68008
306,280.7183
329,307.7711
296,338.38705
281,294.21655
276,280.4929
259,273.71695
235,268.083
294,274.7876
304,321.73645
313,325.45596
295,329.91275
319,357.1393
529,526.2783
530,574.3625
442,462.87793
360,362.66232
299,291.24704
210,215.94986
175,155.17694
117,135.87906
78,106.42499
86,87.11884
123,121.619194
175,173.2416
224,262.32706
295,294.07138
317,323.8193
258,299.5735
274,265.33664
194,265.2416
253,228.32501
375,346.7254
387,381.2189
372,379.73187
344,338.44122
332,320.80902
447,394.09738
607,531.4998
463,491.5758
414,369.87433
300,306.45016
220,238.50499
221,215.65904
187,174.61629
107,128.51416
93,111.93269
157,127.48305
225,212.46353
295,271.73743
377,333.6962
368,369.71423
298,337.9848
270,280.6544
249,256.45074
291,265.03632
360,323.32428
421,400.4335
517,402.6323
329,402.25528
322,308.54803
324,337.32166
305,307.9467
339,261.5179
198,249.52531
113,141.91115
87,83.399025
65,85.80111
105,98.67303
85,98.843376
110,119.52262
143,160.86086
220,243.63869
242,250.48907
251,276.51843
220,277.48337
218,242.67992
231,244.97836
195,260.19193
201,244.00513
238,256.0944
299,316.32626
300,376.93784
357,361.47754
440,488.7267
562,618.8596
427,562.24835
375,426.179
261,294.90726
179,193.92645
103,128.31393
91,91.22246
70,93.889534
73,85.640854
90,113.09483
168,154.59511
225,268.98795
248,261.68494
261,273.68448
261,279.01968
224,261.86884
231,247.77751
251,250.89177
248,264.34955
285,342.3143
357,373.39536
333,401.86145
418,391.43112
524,547.4841
663,776.2761
487,612.79956
368,446.2115
269,293.82965
184,217.36475
128,136.39491
83,112.833084
93,98.872574
91,104.20183
110,125.76911
164,215.33534
293,264.70166
332,296.60156
288,318.24554
381,307.80228
346,336.68515
345,306.92233
334,319.97122
318,323.09906
535,406.96448
549,548.6947
501,519.85345
503,517.23254
660,582.3915
885,779.54767
753,705.45715
488,503.78842
272,365.36533
187,214.17691
118,142.1821
88,111.28501
89,116.61022
86,102.95779
132,124.4941
192,210.89816
265,302.35196
299,310.1351
270,303.94516
340,323.00253
251,336.08646
276,278.70062
269,294.48245
299,297.28192
355,345.36603
331,401.6198
349,371.75998
383,377.13513
505,492.14703
785,705.4555
599,674.261
468,503.98602
359,355.14505
240,250.28586
171,168.08472
128,128.43687
104,114.237755
92,111.89555
121,129.31613
161,185.26212
267,246.34879
304,293.36343
282,307.52557
323,310.12994
290,292.03577
283,278.27902
262,273.0974
251,265.03873
304,292.41653
302,321.92133
375,323.9296
321,348.75394
363,339.08224
586,549.2299
516,598.0015
417,457.8951
378,348.16226
341,297.44623
234,227.28549
168,167.7022
136,125.96548
71,103.29532
98,85.00818
101,126.3752
191,158.21867
284,255.1126
322,313.7876
518,335.5851
371,392.8772
278,330.99207
263,248.2003
263,263.10522
440,350.6822
361,420.8363
353,372.94983
360,331.78952
362,343.8352
392,425.86804
626,492.26813
504,472.16925
394,373.4108
298,313.1485
227,239.27472
182,205.60413
174,173.98062
129,118.4123
127,117.76774
145,144.71175
230,208.15782
315,289.35034
404,354.83044
363,427.67056
368,339.12027
264,322.6679
281,254.70494
270,279.16928
364,322.4176
441,391.72446
349,413.62347
303,324.04453
309,298.6429
305,327.59122
314,296.8892
258,257.90378
172,197.78333
120,110.40635
78,87.20701
73,79.02037
120,98.240685
89,99.48939
135,123.723206
173,168.62032
228,248.68196
272,257.7423
311,273.22882
296,309.1428
272,273.70297
233,265.18674
244,246.59435
249,242.06244
269,285.38538
287,319.47662
326,331.3829
298,343.82657
416,363.5959
535,542.5887
396,501.77054
296,345.42557
226,223.72668
144,160.61159
101,99.0118
73,83.714935
69,81.14401
66,77.60421
108,97.691
200,170.87288
283,276.1202
232,281.00214
254,278.28394
262,284.7996
290,263.97293
227,270.27444
232,254.81297
245,256.7657
323,284.28488
349,384.17435
340,366.43365
364,366.75677
488,472.3852
770,640.8481
530,592.8596
417,414.38766
295,288.12225
188,192.12917
95,123.10878
79,87.409904
111,91.13803
100,93.258705
127,127.0608
209,212.78528
315,334.5751
312,305.09213
322,297.24686
369,325.95383
291,342.8837
274,284.20398
257,274.57843
278,277.8978
366,382.60217
350,465.89227
332,403.98883
360,380.65372
471,505.3631
635,742.7331
520,660.4634
372,467.07834
275,291.81186
177,200.74814
163,119.74189
119,116.265144
115,118.92986
129,101.547615
149,149.70068
217,227.15955
313,314.60092
325,319.3272
283,310.3075
307,325.62247
285,290.3782
263,281.512
260,273.32544
252,280.0376
333,314.0782
364,371.6694
312,369.28278
291,346.0038
371,319.10995
649,541.67694
547,575.1309
467,464.4034
318,357.84308
218,235.58772
122,165.0754
149,116.87845
123,126.14188
106,108.03032
133,133.34929
155,179.53911
219,246.16008
276,273.4037
309,288.42737
324,320.2765
277,297.8297
245,272.67215
255,256.1833
240,254.70026
275,280.38034
311,311.80865
340,335.32132
341,322.60495
357,343.68326
589,499.81467
591,572.7156
428,467.4086
398,351.3708
292,306.76553
236,208.6778
165,173.32726
115,131.61967
74,83.01189
109,89.156555
122,125.008644
209,173.8732
293,257.28897
364,323.44525
357,381.1336
305,341.86746
252,283.13773
235,234.9305
270,248.25511
471,388.04147
397,426.75403
408,384.2918
371,373.8776
387,351.4099
458,438.48978
662,597.7513
529,487.97885
412,402.4493
338,305.06586
217,243.061
199,190.47614
175,162.92792
120,122.58139
144,117.4331
200,156.92671
242,243.72838
334,300.78058
401,393.19284
412,391.85306
347,375.63046
267,303.2952
286,255.42383
290,277.81332
386,336.74466
381,415.74185
346,370.7345
305,313.34
280,303.62708
433,311.25546
435,388.68396
339,331.88348
255,292.67752
186,175.19675
145,123.74955
96,91.369705
75,86.31712
87,95.98858
154,151.2503
224,243.2152
292,313.50497
276,301.00146
270,293.78284
260,294.72412
294,288.49875
282,306.4311
307,304.48392
325,315.4602
324,356.56204
340,381.68335
387,402.55432
433,417.22098
400,438.83325
437,435.84558
436,504.52853
410,412.2308
292,325.10977
229,238.10918
165,174.72243
121,126.390686
124,90.13741
70,79.44787
68,74.18625
117,98.89796
129,146.94073
181,193.16348
200,230.81618
216,248.23752
234,260.12027
227,262.59506
233,264.8352
234,269.80853
271,273.7501
327,320.04865
372,378.2333
369,387.82742
414,372.9142
386,424.19278
409,414.81808
365,385.54712
282,297.2182
271,231.53712
146,180.5402
122,121.93659
82,89.72738
61,65.850716
74,72.95545
85,94.75231
116,115.42898
160,164.92012
201,201.82678
226,232.22229
256,245.52751
288,258.94455
278,271.82645
244,255.01474
248,243.5385
248,272.21707
272,272.29904
290,253.17339
267,267.3588
238,265.69485
268,225.1557
144,177.5102
75,90.52094
35,44.342625
25,26.390898
30,26.937077
41,55.63724
72,74.89618
134,159.14241
244,227.94962
303,348.6809
245,277.4875
216,231.78201
207,222.7525
235,224.83064
248,235.72032
261,271.2113
267,280.56
258,301.1461
337,314.49478
336,370.69315
311,335.35593
306,326.95102
277,323.87625
281,297.36374
200,180.16931
109,119.14544
71,62.83792
31,45.402374
34,34.20647
50,53.781197
79,85.42917
171,159.38446
230,282.53497
359,334.7217
252,326.8026
255,250.54643
245,259.31464
271,262.77924
272,289.53668
293,294.32492
292,309.05746
289,328.29315
417,375.0692
426,466.45435
424,441.2276
396,434.0425
408,415.4492
396,402.99344
234,250.64537
159,154.37527
75,98.815765
57,60.943913
38,48.37248
65,59.173965
95,90.12622
148,174.40442
239,256.12762
348,363.56857
317,313.97787
287,290.65323
272,281.69113
272,288.14542
295,286.15747
279,318.97693
345,308.25464
353,368.97766
422,437.5225
522,469.99506
449,510.42688
501,452.24548
513,514.9962
470,488.8319
357,303.66263
225,214.7364
123,129.9284
92,74.87589
49,68.40035
53,72.25943
89,91.3191
154,164.1526
271,256.0476
358,375.85284
330,360.52585
286,301.7071
276,296.69516
260,297.4702
295,293.41956
303,320.81656
294,335.71442
333,344.07327
397,392.11588
397,445.20456
447,429.49954
502,470.97818
520,513.69653
515,527.9149
329,419.2459
218,242.15561
160,162.859
108,114.48512
69,85.64884
65,72.21905
86,92.840454
129,149.43282
207,222.91351
240,299.56067
266,269.59653
233,277.516
265,261.01944
290,277.11185
282,298.18866
285,299.6406
334,304.19284
305,352.9568
315,364.4429
390,378.36942
412,413.4648
395,430.36966
371,435.10468
413,435.9386
425,372.4409
329,320.17307
192,254.03082
151,147.34647
110,118.36912
120,96.06365
64,81.830925
98,72.249344
96,117.53998
124,133.3397
176,180.17076
205,215.9061
238,249.70808
238,262.5134
247,259.93832
214,265.6568
286,254.64207
299,301.90317
343,329.6889
387,389.32465
383,395.467
419,391.87766
407,402.43585
450,421.63934
465,398.3732
275,349.87628
240,226.83324
130,163.61844
103,112.04546
86,85.7161
41,66.26527
74,68.05778
77,94.00467
101,109.40802
117,156.14606
184,167.7423
229,225.50816
252,249.8518
234,259.9551
239,232.96803
214,245.56145
225,233.34196
231,252.8032
242,260.32254
263,248.9699
272,256.283
304,261.48267
195,269.3157
122,137.43521
68,74.37075
39,40.879368
23,26.760626
21,25.632612
46,52.498383
75,67.67963
131,154.60709
221,227.31137
282,334.03604
241,259.31815
207,228.63152
228,218.55252
211,235.34085
237,227.46547
242,251.40364
291,245.7534
279,306.0724
319,321.75327
354,344.47742
309,334.60114
273,300.50497
312,290.2624
279,294.53607
172,176.84288
89,105.782104
41,58.066704
34,36.480125
24,31.577091
46,53.937454
81,77.38177
139,159.25146
232,239.42488
334,334.5086
297,279.2099
249,250.08308
261,245.81277
268,256.3578
286,268.4784
286,290.5378
277,298.94037
350,304.4012
338,406.02933
420,393.9258
377,410.18344
462,386.05673
402,443.017
371,396.75662
226,242.8467
164,144.26837
98,95.73827
51,58.791836
29,44.07228
57,55.964527
67,90.97727
150,154.87587
266,249.68393
321,369.83832
326,316.23495
279,279.05716
279,278.21155
280,283.2052
312,291.26907
328,316.75024
326,334.65033
381,363.6935
488,430.04395
553,513.1407
647,496.5437
483,567.0805
435,490.20847
436,436.53052
267,302.07474
124,193.08214
99,99.315025
67,67.92137
48,60.32303
70,68.32027
81,88.31072
153,162.05434
264,268.39813
380,349.75394
306,347.9542
243,280.3175
266,268.4267
304,281.53247
309,318.90326
292,322.18106
281,317.70963
344,325.90564
420,414.90097
399,449.3054
457,451.719
474,481.83655
380,486.32312
453,427.5236
345,345.3162
234,246.26839
140,162.04665
90,104.0565
79,71.57302
83,74.301704
106,90.866714
138,142.1786
181,219.55399
278,272.8176
235,279.53018
245,245.42747
271,262.6769
282,288.2858
283,295.22528
268,297.5769
289,291.56055
299,317.86917
345,341.08002
414,386.3762
427,429.49585
376,416.7439
369,392.85977
408,416.6828
397,389.1835
271,306.9046
196,209.91554
122,148.49336
110,108.287025
81,107.7778
66,68.45865
81,75.98117
109,100.78132
125,140.72726
167,177.04027
240,208.88458
252,258.38165
273,260.35596
272,271.75775
250,262.1029
271,271.42758
305,294.41632
332,334.87427
390,370.89343
402,387.98865
444,400.83884
389,416.04034
440,407.52252
358,379.34378
298,281.28595
217,234.28896
125,147.85414
101,109.006996
98,81.39812
66,67.888084
77,74.85431
80,89.32126
111,111.06962
159,156.54861
232,201.63571
238,241.39803
264,247.81682
275,264.97418
277,263.03622
271,262.15106
252,261.80026
314,256.04953
336,303.48572
218,296.48984
203,229.45486
216,232.6749
186,215.08723
149,142.38213
71,84.072586
29,38.509327
17,23.69206
21,23.923359
47,48.03492
71,73.756546
107,129.61354
194,221.80836
262,283.8029
274,238.55894
200,229.14896
189,213.42198
223,212.9733
228,237.17561
218,251.58862
266,249.48749
242,279.53452
280,301.2841
291,321.68628
268,280.53125
276,267.8735
287,282.1892
238,274.73676
159,160.19853
90,98.46252
42,55.555714
28,29.195616
17,28.274431
36,48.767757
69,74.70147
134,145.16045
191,222.3304
294,302.85428
303,285.89362
209,240.46968
227,225.06168
226,242.22731
235,249.16928
258,250.73175
272,276.48788
293,307.541
365,347.9204
362,384.56317
345,359.2076
416,372.0001
447,389.8543
341,392.33572
206,232.38078
92,140.37523
66,75.33139
37,48.423397
48,34.781067
64,55.319366
69,85.87168
146,140.01137
225,235.10004
324,325.23825
271,310.85226
245,253.38403
278,252.48529
266,273.65527
386,276.11743
316,356.1772
385,324.30374
399,385.5289
426,457.1368
427,470.43488
568,445.45828
510,516.008
534,509.64636
355,467.2343
249,249.1341
159,175.91957
170,105.73414
60,90.797935
37,53.97637
59,69.40129
89,86.20227
143,155.41626
245,237.09737
344,337.7866
286,304.30667
249,264.90927
269,269.32065
266,279.27884
281,298.40805
289,302.005
312,305.48486
346,351.0784
391,405.39566
409,418.73636
389,445.09976
434,430.8122
424,490.2268
389,440.7611
298,299.87372
208,204.41592
116,155.66977
98,88.66979
72,76.78298
90,76.495445
110,94.554405
139,143.04292
199,208.05354
252,280.78192
229,265.49268
231,238.95964
244,257.02417
244,266.16156
249,268.9186
303,273.334
278,312.12167
294,304.35147
337,340.65363
336,386.54117
415,380.56903
379,403.29303
363,379.9352
434,402.60577
414,374.347
288,292.86337
197,200.10376
139,143.47607
107,110.087105
92,105.08786
86,72.30055
71,85.96656
103,105.596725
153,134.37862
166,187.86081
264,209.11685
330,270.62164
329,310.91507
294,307.53375
271,284.71048
312,276.1001
308,317.74274
348,334.4971
371,373.52362
388,377.33246
416,386.53403
392,403.40482
395,417.49893
360,349.35223
300,285.17923
229,224.57642
129,145.26709
85,103.49383
64,86.9116
46,65.15755
71,66.069466
74,84.24338
140,109.855156
159,167.02007
261,207.108
253,269.22958
283,264.41696
273,277.86423
256,265.55017
235,256.41788
219,241.88927
296,246.50394
241,298.5759
241,243.04222
264,244.41458
206,252.4899
164,194.32837
142,132.40779
79,76.85242
34,41.150917
24,25.44948
20,25.340744
48,47.92542
77,68.45314
129,131.79184
166,211.75104
239,257.04843
229,237.53719
226,213.02672
225,214.56331
233,230.40732
219,237.81987
217,240.18797
258,237.5113
252,259.79694
279,295.34842
279,302.0222
247,276.9567
274,248.75667
266,273.86896
269,259.31885
161,163.72447
116,95.92251
50,56.66589
26,29.815018
18,23.18953
35,45.111786
72,76.63595
131,138.22504
167,212.016
263,266.71335
251,265.17273
245,234.47356
264,237.09601
227,260.23492
256,241.49702
271,260.8958
255,279.54608
300,282.0828
324,343.90787
364,364.2044
345,336.7659
347,357.21246
362,362.7458
308,341.9061
192,216.07599
142,137.28264
73,75.85753
41,45.541985
49,35.978905
44,59.153355
62,71.95508
134,136.50105
172,214.2363
297,274.41995
276,280.50687
233,262.15015
259,256.8017
239,255.2566
254,261.0478
237,283.85825
284,268.63196
301,334.05228
361,366.77768
364,428.9123
357,418.00888
356,386.49762
396,410.4057
386,389.21906
274,251.662
138,169.8972
98,96.67606
50,63.971714
36,47.616066
56,57.304184
83,84.773384
134,148.66548
214,218.26357
264,314.73273
250,278.05807
210,241.02827
255,243.8274
297,256.10565
275,292.22437
294,278.66153
307,296.77148
339,331.2352
374,389.82266
403,402.34122
378,407.6425
381,397.259
377,409.65906
353,397.1374
263,282.3492
207,187.27782
126,137.12898
66,88.78665
57,63.480698
60,76.16642
88,97.635475
113,135.53
150,190.7701
239,228.6089
230,240.57645
245,229.15865
267,257.64932
271,282.69626
254,278.9026
284,275.2851
277,294.40076
304,304.3869
334,343.76138
380,375.60037
377,399.50125
367,370.84195
358,374.89407
358,400.74905
337,348.63937
261,265.77756
170,189.88222
101,127.08306
94,91.36987
81,83.58726
46,70.836395
55,71.996765
87,91.10671
115,126.330864
175,167.06157
236,230.80539
249,266.4149
267,272.42365
254,276.35913
277,263.5894
274,283.6837
315,298.58746
314,344.3511
354,357.61673
373,363.44073
438,379.28964
353,413.96066
402,382.8658
324,335.82825
244,267.17773
161,195.87375
128,111.26891
99,98.85792
67,85.38248
34,48.822166
59,59.04513
66,78.17321
113,99.5449
138,159.17953
215,196.68484
248,236.43962
239,257.44095
256,245.20575
274,249.26447
267,254.87932
267,256.5467
300,279.40195
312,291.40314
269,279.51346
354,258.52673
343,301.35373
280,293.22452
222,173.68959
255,293.61038
195,205.26125
100,137.61356
77,72.91523
75,62.20925
71,73.66037
132,103.990616
151,166.24765
222,220.0383
210,235.3161
205,230.18875
227,251.78827
253,266.37415
256,296.11728
303,301.08563
305,339.50876
345,344.10205
329,398.1415
369,365.15378
398,402.5914
413,384.0536
410,443.23947
536,494.10745
511,487.77792
412,417.79028
354,341.80722
259,264.73703
210,189.63542
92,114.83993
48,63.36296
58,49.42815
64,77.18841
114,98.35256
111,160.99039
167,165.9726
199,221.97722
241,246.26678
202,274.42822
198,252.92598
217,246.78125
260,258.31967
302,301.26422
322,334.8524
342,348.6216
326,353.4859
380,372.6385
442,446.18747
485,424.52963
430,425.36057
376,368.58514
255,284.33566
225,203.78596
110,123.678185
65,57.271336
77,53.785328
55,65.54855
90,74.455696
122,118.29246
141,166.70381
186,179.43259
222,227.15233
253,240.80254
267,250.32098
280,254.30882
265,278.1564
261,271.88492
259,274.0289
248,255.62595
243,251.22693
270,262.6783
277,262.93967
173,187.32677
115,110.3842
83,74.31917
53,45.792057
24,34.274223
39,35.569447
42,57.70179
91,106.97672
162,156.81726
233,240.4762
184,219.13782
173,182.22327
199,199.8474
195,226.95674
248,232.77438
261,279.16898
284,284.4507
295,330.19437
359,376.95276
367,409.84454
348,404.70654
407,405.18304
445,472.27042
313,371.5529
243,219.62694
167,153.79321
111,94.99341
46,58.602962
28,26.472797
30,38.006775
43,53.713737
101,115.196594
187,184.12617
277,273.33435
261,269.30322
208,241.37772
262,227.3531
271,268.85425
273,294.36884
275,300.1724
338,322.02487
382,400.4556
486,477.59225
475,504.7958
430,472.54446
540,497.20752
605,567.8824
435,465.89108
314,323.93042
191,204.30403
123,110.324585
50,65.14115
43,34.059624
46,39.877777
65,58.66672
109,112.51041
203,198.32474
290,296.46405
268,292.57745
245,249.8103
264,277.37402
291,299.39755
313,324.70554
324,352.3853
343,365.1487
374,410.39365
492,483.65796
541,526.8185
495,548.3394
587,557.8166
718,645.81104
491,563.39966
388,340.43396
219,242.11633
109,139.05841
52,64.850586
41,37.717575
48,44.02016
61,69.34248
100,123.60629
206,194.51353
288,299.36322
258,291.96136
204,256.11298
239,251.74971
279,279.66217
319,322.9813
330,358.98846
343,371.5231
401,400.91687
473,467.21127
446,499.2976
442,469.57825
470,501.82404
521,570.1658
561,515.14374
392,430.95172
304,281.96017
199,203.77109
124,130.48079
78,79.93988
66,66.132645
64,71.76278
119,107.42958
158,162.53194
173,224.18977
191,209.74585
225,206.84915
238,253.99393
242,267.71762
278,283.19247
282,299.92267
284,312.308
337,335.43588
334,379.87692
379,372.40805
383,403.52805
370,404.89413
369,412.8024
472,458.2505
489,462.84094
456,412.76413
353,376.76373
241,272.6276
183,187.24985
127,103.362366
54,69.97086
42,56.406548
54,67.21303
98,93.31525
117,150.23537
161,168.27602
215,214.23184
220,252.06947
212,259.33588
245,252.21541
284,271.4602
304,304.46976
300,318.83157
299,326.74176
329,328.4632
336,332.56915
388,358.58078
486,424.1354
453,453.58875
431,403.33124
308,368.66382
271,245.9094
210,217.00815
106,124.78858
69,57.972023
42,53.425137
47,55.441013
88,71.66202
110,126.43654
153,155.94214
183,198.63661
205,219.03873
208,235.52626
221,234.44289
202,244.53015
221,235.52267
222,246.3342
236,251.20107
224,241.50719
258,236.46315
247,273.92706
211,258.6891
171,167.01204
118,107.246544
61,75.26028
36,40.990402
13,25.284431
30,35.134933
38,48.699745
95,87.59699
151,156.96672
191,221.52711
193,197.07413
158,180.56743
190,195.94296
184,218.4967
218,220.42451
223,253.06378
266,250.91653
279,298.05325
359,362.23105
330,396.20398
318,339.09512
349,361.86948
442,407.94696
352,365.37732
229,233.67218
154,153.3601
94,89.0059
38,50.0822
25,23.88634
26,30.048115
52,50.71274
106,116.771355
162,178.73239
281,247.84357
212,259.51187
219,195.2543
235,237.94746
232,250.52492
290,261.39505
306,295.12756
338,325.99655
389,378.0337
436,454.53186
477,450.0085
452,454.62292
514,487.96933
550,552.50195
398,459.7917
308,286.19498
211,198.05124
92,111.942566
65,51.423798
26,39.641193
25,36.426167
40,57.81893
101,107.9168
187,187.28746
288,280.34192
268,274.02286
229,240.73872
278,255.3182
316,290.38867
332,336.54285
364,344.71683
360,376.35098
445,415.30362
668,516.32495
699,602.71075
809,607.8303
574,713.6166
626,626.8064
484,512.8956
358,345.35803
227,233.30229
101,125.21359
56,57.069687
37,36.566273
36,43.870857
50,59.693478
111,116.58262
190,195.23254
291,285.29123
269,280.78574
206,248.09003
265,252.33669
282,302.47952
339,325.6215
361,374.22137
359,390.2671
421,408.2681
502,483.46762
476,504.57776
457,489.49643
496,490.72528
624,547.3827
529,569.46783
366,420.3456
281,279.00897
195,193.18407
128,125.84415
75,79.48646
60,59.280777
78,65.72335
112,116.78921
134,161.65842
188,213.39423
194,213.41681
193,208.70079
242,232.39629
265,267.37732
301,288.8913
287,314.66043
329,306.12387
355,359.32513
353,386.7081
382,388.45093
393,400.7178
405,407.56558
407,435.23718
490,481.03476
462,458.82065
462,402.58478
322,373.34668
262,240.82095
239,195.5476
84,119.62231
50,58.002247
74,52.144424
63,70.70153
103,99.42397
118,136.51361
169,167.50064
228,214.87329
227,254.54848
280,240.63622
255,287.45648
276,285.22516
327,302.8318
324,336.63898
367,335.51154
384,360.85437
376,367.30792
369,389.24762
441,423.83496
455,427.17764
391,417.23453
339,334.74857
303,258.77933
193,239.296
107,112.64728
57,64.36583
49,51.38847
69,56.287052
78,94.00085
111,121.19107
164,158.74268
202,196.56721
223,223.67899
246,240.58548
218,260.05676
247,234.91861
273,260.80957
273,274.25293
389,275.50308
285,336.7757
218,275.11957
279,239.16118
230,266.4785
164,178.64813
119,106.37461
63,71.61337
25,35.29718
32,24.35521
22,36.208473
43,44.375782
90,86.48751
151,155.63457
223,221.37466
202,197.1422
137,182.31857
174,181.2007
192,206.48474
207,229.86089
236,239.10982
306,262.95828
264,324.97794
329,324.0013
339,354.92712
311,335.29855
333,361.08917
395,396.00366
299,356.25955
209,216.59341
128,145.19696
64,76.599686
55,37.49928
19,31.727867
36,26.963123
41,51.746346
100,99.48887
144,175.98276
223,231.99152
284,233.79314
187,223.28824
218,220.21248
216,244.89032
249,247.74846
245,279.58405
289,299.6757
344,342.33325
413,423.52704
443,441.65372
394,434.14667
461,464.7882
551,522.6825
388,427.71332
320,284.5988
156,198.8437
116,90.29444
39,64.070175
34,27.315413
27,37.88059
44,52.98048
92,104.5881
160,172.06834
254,243.08698
258,280.38077
217,231.13428
282,245.09004
256,293.91095
392,288.12512
448,377.34042
477,422.44177
575,486.64548
654,586.2938
612,664.4814
639,620.27594
621,609.52594
761,670.50757
545,563.3573
381,371.13513
212,237.41966
113,116.739174
39,59.121513
43,34.67483
49,38.211056
61,59.182346
116,107.53298
184,182.61438
279,262.07614
229,274.81003
236,217.88504
259,268.81927
276,280.3837
274,323.1926
342,331.07425
340,378.07443
417,420.91724
490,484.26974
495,498.6547
472,488.56247
492,498.14813
556,588.4554
574,530.5531
396,430.7841
322,286.5375
256,205.81456
120,139.97606
89,74.69687
65,65.21641
68,72.36439
103,115.38278
137,153.98065
188,200.10092
197,208.32892
208,213.96016
268,238.30571
287,284.08408
309,300.70554
283,317.94064
304,302.75116
327,345.29596
367,367.1304
409,401.98523
367,420.06714
362,394.55896
405,404.71893
509,479.01065
495,474.03616
434,440.0617
364,347.7387
272,261.4326
228,203.76672
98,111.99602
43,60.209156
76,59.345676
83,73.83109
108,109.69476
152,137.55035
198,188.87756
240,232.6323
293,258.04095
305,296.0447
295,307.15213
294,301.9204
314,313.0005
335,334.36377
340,357.1435
424,344.8498
376,390.26892
434,387.23276
483,469.85254
451,449.40454
433,413.8299
496,351.92374
389,319.02518
252,258.27155
154,128.7011
74,76.57101
62,60.09915
62,65.05372
82,88.65811
136,120.58034
174,173.4961
180,206.3585
226,217.83383
229,242.43202
249,234.96059
246,254.72081
243,261.08676
265,263.20023
250,282.63364
184,260.08298
253,203.4507
249,268.47412
261,242.27263
186,186.35004
144,115.49942
72,67.036705
43,40.86591
17,48.43048
27,30.759193
48,45.721874
82,88.464836
130,147.7069
206,209.39902
209,195.15382
149,173.52371
202,180.99567
202,218.19244
243,225.47894
263,256.6277
289,282.96347
281,304.7672
316,338.77475
318,344.14777
316,308.3305
370,332.64886
366,416.70166
337,331.00262
227,229.08656
131,149.13559
88,77.47063
37,46.710217
23,24.75845
31,30.0107
41,45.003075
81,91.46426
153,151.72845
226,238.8535
185,239.95876
172,183.24756
231,213.36859
237,243.77386
239,263.89743
258,270.64746
289,299.91736
354,338.39462
446,424.31284
434,450.92575
442,417.87967
432,479.52887
438,473.14487
399,400.889
274,288.12708
165,181.98
90,102.87167
50,47.78054
29,32.660034
28,29.900097
37,43.72258
86,89.91913
160,172.54922
244,248.15027
221,245.41658
221,211.8973
245,250.95511
230,273.7207
279,264.28387
279,312.43442
315,312.27914
333,388.70557
471,410.69965
416,519.3231
413,475.8021
445,462.9451
481,513.7507
461,456.7444
309,361.73132
210,208.58052
121,109.78446
58,64.22611
31,41.19088
47,42.76085
49,55.70124
99,102.775925
128,177.57114
214,229.12848
201,233.22539
194,211.00966
240,235.5543
251,263.93976
280,287.3885
309,309.23416
334,328.96103
383,377.04123
412,457.58032
414,444.50385
443,422.66537
446,462.68335
427,483.7939
457,468.76202
333,381.09583
246,268.13547
165,184.04688
99,110.015854
67,69.37014
74,61.10377
72,65.33654
86,108.38708
134,133.04977
162,196.2572
182,194.06981
226,200.19466
215,249.9526
272,250.4721
271,294.8356
270,297.6449
306,294.9112
286,339.44186
330,341.79486
371,376.78052
365,382.4154
323,368.81995
347,370.58948
395,423.10687
480,399.55234
432,415.31357
334,352.59628
273,240.27167
181,216.55788
114,101.55093
53,64.60612
62,69.940254
73,70.18596
93,105.045494
156,129.71317
203,197.67303
230,236.57237
250,260.41647
251,282.7945
248,274.97034
260,280.76212
298,295.13522
330,329.47818
318,358.66525
355,347.21976
397,351.44662
398,401.38934
431,426.68958
446,411.2332
395,408.3416
334,323.50137
273,275.58746
206,210.55733
113,119.36501
45,66.765594
51,51.915386
60,63.645687
74,81.26472
111,116.678696
172,163.7472
218,200.55664
237,234.18991
277,241.67892
228,265.3932
256,237.59949
280,259.4904
301,284.7142
276,292.25778
279,252.99988
283,267.5785
297,276.41852
325,272.61737
250,210.28217
56,81.723076
34,37.998333
16,18.470364
13,14.565275
37,28.906012
58,58.488007
132,105.16903
160,175.42917
216,218.07881
221,223.16388
192,210.43839
176,196.5096
184,197.16881
187,208.96289
190,226.39186
189,227.49413
203,214.09738
213,227.14828
242,235.83089
229,225.89218
180,192.16692
172,185.58801
148,165.04706
114,140.72588
112,78.45998
45,63.549698
23,35.534023
22,21.764738
34,28.45664
38,38.293297
73,55.773453
70,79.10452
82,104.218254
113,126.131454
127,151.37088
143,160.71802
141,179.79153
131,173.13391
170,166.38675
179,196.26207
188,205.53888
246,203.79776
222,245.10966
214,204.28444
197,185.47128
171,179.89073
156,139.02002
100,114.78889
82,82.58246
42,53.544052
38,29.895163
22,29.471443
26,26.672997
18,31.070452
52,52.31341
76,64.590324
67,83.185814
91,104.9851
118,121.86779
125,138.16075
161,145.15479
168,167.48158
196,171.09106
175,193.58757
192,179.68533
216,198.56459
158,194.05254
120,151.97444
137,124.93457
97,127.71776
96,103.86959
79,77.188866
44,46.186718
16,24.745525
18,14.565859
10,12.547291
26,32.140472
63,50.018314
103,110.43428
196,188.57663
252,258.0105
216,231.04132
174,180.51413
189,177.26355
180,181.81134
175,183.80894
212,195.84837
206,219.43077
223,211.73674
207,236.17313
190,211.86084
199,164.63301
155,165.32414
120,141.85234
93,100.49679
58,68.5998
38,40.876953
16,19.946856
12,10.2265835
7,12.5906925
24,27.760942
63,59.69111
120,124.10976
219,214.41914
322,285.81342
251,264.9522
212,209.97574
202,202.21758
201,207.59726
178,207.49483
221,209.09537
226,236.32098
182,232.83337
249,220.61473
247,250.4015
184,208.18964
167,157.8416
136,148.15329
130,115.007835
74,77.700134
57,44.019848
23,27.939545
10,13.302427
8,12.785434
27,26.849466
48,63.090267
122,123.59144
222,222.85947
281,298.49252
254,270.1584
193,231.213
181,205.6883
213,199.3235
167,211.97043
172,203.84544
203,216.07718
217,213.80438
235,244.36896
250,243.9821
200,219.6458
173,164.33755
181,151.78476
142,145.77591
89,88.90047
66,51.53033
27,27.946163
10,15.062358
8,12.981894
33,26.729706
67,59.791286
124,126.78762
188,219.79039
279,265.41257
227,258.79166
177,207.4543
224,184.32672
193,223.4389
210,201.57137
196,221.31325
222,222.4458
222,231.12949
227,241.28915
212,242.9372
183,194.46158
154,169.08983
136,165.91513
123,126.74713
102,94.68225
69,60.735764
69,36.73484
22,24.48172
17,16.716154
27,31.32412
58,58.72447
97,113.26824
145,161.53156
185,214.85818
165,210.27469
141,177.41954
176,174.45708
149,189.6114
187,182.29991
180,205.13419
207,205.89957
203,215.22026
206,221.52655
315,227.82365
230,256.7513
203,187.22832
194,175.84416
157,157.32494
110,130.24643
86,85.71195
73,55.623226
32,37.64698
20,22.861631
21,30.424679
37,36.30945
69,56.942745
89,78.21067
76,101.75277
99,121.21844
117,134.58943
138,156.24178
135,162.96783
144,159.90984
144,172.3897
201,180.55829
184,207.97096
245,210.3179
203,248.6161
200,196.1376
163,182.41869
145,166.17436
150,130.56487
99,114.00314
59,80.18385
37,51.95441
30,31.536304
22,26.981144
16,24.783035
33,25.733267
46,52.96203
46,70.31824
82,68.66722
85,105.116974
122,115.62485
152,144.4916
159,151.44743
163,163.52795
158,163.93933
150,175.59903
146,166.73004
193,174.70558
149,180.1232
117,143.03568
138,119.63716
102,123.86582
110,95.887886
66,77.844376
49,42.386616
22,21.567574
5,15.527103
10,12.15786
36,24.157328
60,57.921688
100,108.62682
176,182.46532
263,238.531
196,229.07329
183,171.51656
188,180.55684
181,181.2432
175,180.99962
212,195.50452
197,216.41312
235,200.44507
214,235.53236
202,209.67416
158,168.31056
127,142.08907
124,135.98471
101,94.24459
60,62.15395
41,41.26396
13,21.300505
8,9.611656
13,10.140375
41,27.632673
65,64.68639
111,116.90972
200,201.61255
262,279.62445
280,238.9694
205,222.54988
186,198.0755
197,192.20575
257,190.28235
220,245.20912
234,223.88126
209,230.55426
225,231.4455
234,226.96082
207,187.2047
165,159.7337
154,145.84912
121,121.43391
69,74.82269
39,44.909824
20,23.356575
11,15.333392
13,11.640567
25,29.170706
84,61.87729
123,128.46292
198,212.7967
281,264.17633
238,273.5444
207,215.2104
243,198.2501
204,225.7712
207,205.26865
212,207.67548
226,225.31197
227,224.03166
318,244.49905
324,292.33813
312,248.32217
182,215.63669
197,167.43411
163,147.51439
93,98.622086
52,57.45119
46,27.160194
35,21.693018
24,17.60084
28,29.72597
73,68.696075
113,128.9979
185,202.4714
269,261.81406
221,246.13731
205,205.66675
198,217.35558
214,205.76118
225,214.52702
228,225.02559
216,237.63179
235,227.84737
260,253.35883
213,268.01312
214,210.13887
156,179.26558
131,170.6534
130,122.55138
104,98.28432
56,61.196697
31,44.427902
24,20.274565
12,18.833338
40,30.429916
74,62.318417
96,112.45358
141,154.44344
185,205.45302
199,202.957
193,191.21118
156,189.43748
186,180.98204
178,199.72438
203,197.21677
203,213.34062
207,213.83562
233,220.51581
216,246.84856
223,208.89293
180,185.55391
189,167.81847
217,157.4815
116,147.10912
58,84.95946
34,56.014893
22,28.987272
17,21.764738
20,30.300505
48,37.66867
61,64.660286
75,75.678
94,91.256226
117,125.081985
155,140.55171
155,163.88354
157,164.11424
167,164.72835
164,176.01779
207,187.5238
200,201.94588
219,226.69907
259,221.39896
200,220.71577
187,172.24081
153,169.89594
176,151.84352
101,113.86842
67,71.67857
39,39.652977
28,26.113605
21,23.856806
24,23.454453
32,28.648163
55,50.225895
56,68.16215
86,73.3675
100,105.22093
118,130.36559
136,150.57791
166,154.63376
164,166.59724
189,165.24216
204,186.87053
208,188.59009
223,204.9476
224,187.79384
168,167.63054
105,147.36996
119,111.478134
76,100.14081
69,73.12847
38,44.170616
24,22.288212
11,15.371409
19,12.15786
29,31.120762
45,52.867832
102,95.43532
189,171.29665
232,250.88113
211,211.69505
163,175.96236
154,165.32195
208,166.61769
194,191.37172
198,205.47462
243,207.45311
195,236.30121
192,215.48392
210,200.52856
170,176.86887
130,146.0421
120,126.29783
98,92.88465
64,62.448067
34,39.529053
18,17.218369
15,12.101866
6,11.619562
41,30.78636
60,61.46807
129,114.80535
206,212.15614
250,268.84216
247,242.10403
172,205.57281
192,175.77106
189,199.11948
188,210.26608
195,205.49484
230,226.43895
208,219.3041
189,223.26819
226,215.05273
198,186.23372
159,156.92061
143,142.03687
118,117.76399
72,74.231155
50,44.008114
20,23.723045
10,15.948324
10,11.043689
23,28.762503
50,61.97395
112,123.748566
191,211.06146
264,257.0716
231,246.57259
215,203.50797
227,208.64052
208,215.60004
272,206.66632
266,252.21953
273,263.91595
262,257.4065
241,265.69778
272,249.75436
236,231.73456
202,184.866
214,176.22952
130,163.94173
79,83.22977
45,55.685402
36,27.161867
8,19.221622
14,12.0781765
30,27.391727
66,62.180325
117,118.5751
192,189.37912
251,250.90298
209,233.71503
202,201.7538
192,212.43213
205,203.93658
203,224.736
213,227.8008
203,233.26756
206,231.78557
238,230.61261
256,236.77238
194,218.23529
132,166.31746
129,143.91971
119,123.095825
116,92.18903
52,63.860832
24,32.61612
12,19.232979
11,15.198248
25,36.49619
57,59.351234
97,98.46464
130,151.85883
204,191.13866
176,204.04814
174,187.63461
166,178.42686
162,186.9777
188,185.01653
204,200.12425
208,210.92044
204,208.78682
211,224.33206
230,239.55966
201,208.49715
195,165.65617
178,172.35928
159,155.20935
123,127.533806
89,77.994
52,47.26101
23,26.114225
13,16.585321
15,22.007391
28,37.30899
55,59.47078
79,74.7322
92,94.365265
118,126.824486
140,141.55754
180,158.0978
188,174.27333
168,183.39363
173,175.5368
214,192.53491
273,206.8284
187,265.64456
251,212.04997
204,216.81479
184,185.10062
179,161.59727
143,156.2365
121,105.45346
60,79.917595
37,39.6613
19,26.113605
18,22.874718
27,19.968307
30,29.972364
37,49.276176
63,56.940823
69,81.31545
103,100.90131
149,124.95271
126,156.83405
148,156.61244
171,158.66982
159,172.38686
182,174.60518
168,189.74562
207,181.43944
166,187.59299
138,139.3822
160,132.15802
108,125.24427
116,98.419624
74,75.6371
33,42.795174
32,20.832241
4,15.76309
7,11.096458
25,29.127733
63,51.771534
113,101.05796
161,185.62968
205,233.82118
198,199.37448
157,168.69476
162,160.36665
171,168.39604
177,173.77727
193,194.02808
207,202.83006
208,206.10611
175,215.15761
163,186.06921
149,144.25821
128,135.37428
111,123.55925
106,97.37077
95,65.60574
51,45.21611
24,21.805136
9,11.584343
9,10.140375
29,38.421074
54,62.943707
111,117.11299
154,184.443
239,228.11775
205,228.3232
183,181.12946
179,176.9482
182,185.0181
193,183.68953
211,205.51546
216,225.62924
199,211.74957
228,209.04814
209,218.69696
183,169.6566
154,147.60555
131,136.73424
139,113.1239
78,83.24673
53,50.65093
20,22.358845
11,15.333392
9,11.02564
25,26.893602
49,52.0085
93,117.00718
168,172.6664
257,242.47884
191,229.91345
204,188.26611
195,199.29662
169,198.34537
181,198.4943
217,208.75003
192,237.56476
197,206.46643
193,234.07555
206,219.10385
178,191.43616
164,163.42314
144,165.69987
127,133.34883
87,84.42419
58,52.32951
26,32.307922
15,15.948467
14,13.903911
35,30.13692
47,63.559
106,105.83459
151,175.74246
190,229.78221
189,201.02081
183,190.99573
145,189.18735
225,172.04126
189,215.86224
228,204.9526
183,226.2195
209,201.11569
216,223.89955
222,220.38641
185,184.24303
147,155.68932
115,141.39738
133,115.99669
94,95.62779
52,58.518864
32,29.001379
23,21.080315
11,15.553225
32,28.62196
54,55.988113
90,96.96711
121,139.72003
136,179.23878
136,172.22379
177,164.6311
162,168.93661
159,178.85698
171,183.82559
197,202.44656
198,206.0693
212,206.07584
267,222.89853
191,259.25076
192,190.12253
152,165.58633
159,146.78731
145,149.4089
118,117.9105
77,77.82969
36,48.15108
25,23.817461
19,17.003931
25,17.182665
30,35.443047
59,55.867096
79,78.58851
73,99.89948
110,112.6093
125,148.20267
148,153.08415
161,163.66629
182,172.8388
165,182.59169
220,188.64609
212,223.61554
223,224.21236
246,223.87503
214,211.24625
194,177.00473
164,162.50453
143,146.01901
100,103.400826
71,66.89684
31,36.969837
25,23.910532
12,23.248528
13,23.752632
27,29.559162
42,43.24609
68,59.959263
84,81.00321
95,108.083496
132,118.98243
146,141.39096
186,155.1814
168,181.58282
160,162.12476
190,175.29228
203,182.07516
219,202.71378
187,190.0861
146,157.10439
123,136.25934
118,118.10495
75,105.63906
87,63.314693
112,125.23259
68,64.2462
43,30.96036
19,28.126057
31,28.362883
50,49.064163
78,80.701454
141,145.24945
199,219.83122
208,215.3784
201,218.73782
195,237.43146
197,250.16833
223,243.36566
236,262.43344
239,273.9516
257,277.80737
222,298.36905
272,274.37115
249,262.45514
220,230.38489
222,218.66806
254,233.24025
200,195.7831
131,138.01607
112,92.007225
47,59.318893
32,29.02471
22,25.021294
29,28.85262
47,48.929466
60,66.63176
69,84.64409
87,119.9306
117,143.4919
148,158.23898
196,190.33586
175,227.26884
152,214.2534
220,189.39989
231,241.6016
267,254.99826
264,276.03354
244,259.21454
203,210.96725
232,196.2479
193,221.52065
167,168.96811
126,125.09795
70,90.52079
58,48.024925
27,33.3273
22,26.494408
21,27.67325
40,42.895916
42,60.150932
61,67.234795
87,92.81052
130,123.49429
171,159.57095
166,196.73186
212,178.67004
203,199.69637
196,202.99313
217,205.54434
165,222.47855
185,187.22781
170,160.20776
172,166.37924
134,161.5254
95,120.37259
97,74.75062
33,51.905056
19,17.79269
5,14.5687275
15,12.076007
16,22.80541
43,50.443913
94,87.00899
125,170.65674
219,229.03276
228,226.96983
193,223.02869
181,212.53476
232,210.73859
250,239.87813
236,259.0514
254,251.00266
240,267.16104
232,273.0924
276,249.09196
209,257.157
216,212.1662
178,220.92282
131,145.15381
89,83.70892
57,48.853165
14,25.889626
18,11.626523
15,13.653058
21,17.1243
49,57.31077
113,115.777916
171,184.03539
284,250.98705
271,277.72702
231,251.189
235,232.03006
228,254.81845
266,253.17184
265,280.00443
246,280.7723
283,281.1975
316,314.10883
305,332.61588
231,266.82092
307,237.88524
255,267.0047
154,210.27757
124,116.71215
82,71.24073
30,39.79927
24,23.345533
16,16.189674
38,25.813852
54,61.32017
114,110.54558
189,203.2713
267,281.79843
237,279.16223
239,243.9516
273,253.20827
243,271.13702
280,273.70926
266,292.58682
260,279.8783
256,291.16748
286,314.105
365,309.37717
302,313.24756
326,308.21408
316,315.9062
246,262.90918
154,161.68951
113,104.845474
51,56.408466
29,26.238161
14,21.436565
31,29.705147
52,58.78573
109,110.56041
178,194.72313
246,256.71118
233,260.89734
203,241.5256
225,243.10832
267,247.29645
248,286.7522
275,282.86432
234,289.12424
251,261.7671
272,292.70895
264,316.29666
262,263.53143
253,269.77786
264,267.20728
199,250.85814
179,154.20177
96,121.64035
70,62.02857
44,34.42523
23,27.32092
25,29.482637
39,49.000053
79,75.045815
121,143.14427
206,196.15018
190,214.02525
177,199.85658
188,208.07056
202,228.92888
229,232.7483
227,255.7149
260,236.54968
269,278.15958
286,294.31415
385,291.86218
244,322.4592
209,219.5974
202,214.63666
222,213.91399
206,181.73657
138,136.26208
87,99.75973
39,49.719685
27,27.825186
21,23.472364
21,28.383064
38,44.695118
57,58.517372
68,76.66796
107,110.56849
129,151.2709
140,175.27731
182,183.22075
177,214.58202
172,211.73586
223,208.84113
256,244.93408
253,274.77243
274,274.3606
211,251.81139
191,193.54779
188,189.83253
205,185.52242
181,165.16626
136,129.96346
88,87.82957
65,50.744026
25,32.697857
18,25.0261
18,21.43997
35,39.4157
53,49.638893
77,70.008514
93,105.95851
122,123.681465
152,148.60901
163,178.07231
192,178.9135
175,186.95366
163,188.95488
200,186.37898
206,209.63718
186,209.21661
185,159.23419
161,169.87
138,150.50316
129,118.63268
74,78.610504
47,41.01234
16,22.413588
11,21.79731
6,12.231696
27,19.4036
48,48.51387
83,86.19856
142,150.00652
230,239.33801
175,232.58475
183,179.19003
196,195.04301
224,217.91064
230,234.8459
237,238.68967
264,247.49115
254,260.2248
222,262.6951
282,243.98901
204,241.24937
176,208.68497
196,190.74184
139,157.62752
71,75.475945
31,47.859844
17,17.938446
10,11.626523
14,12.347609
24,20.136911
51,59.465614
96,105.69437
149,178.53575
247,238.96953
218,244.2094
214,210.72076
248,218.8054
237,250.04695
255,253.29588
254,267.4459
271,268.2627
269,289.95386
326,296.68005
353,339.21725
266,290.25867
243,248.17296
242,236.59166
174,200.9246
130,120.674995
58,72.15217
29,33.893276
10,21.79194
14,13.152877
23,29.349907
47,59.637722
100,106.594444
156,176.30849
278,248.34927
269,265.0811
250,234.63918
239,259.7062
279,245.902
294,286.9458
286,293.50174
277,286.23297
347,290.6793
438,368.1544
441,415.11844
383,358.42136
315,329.05444
268,297.19595
189,235.9564
129,138.97804
97,92.442696
46,52.173016
27,23.79672
17,16.698671
30,28.90325
52,53.757977
103,104.391556
163,181.80801
246,261.00494
247,254.74141
238,246.41003
232,243.35591
241,264.88177
248,266.94876
315,275.5935
279,309.96075
263,303.44388
313,308.70718
295,344.58966
248,277.4349
258,247.97954
199,263.44113
217,193.24814
175,151.99619
123,110.193474
67,65.92808
28,40.830513
20,21.765339
33,29.125477
52,45.893097
67,81.53626
115,135.18083
169,197.21384
217,205.33112
199,210.69318
207,206.7642
239,216.45152
230,247.09262
250,254.0972
277,264.74155
296,287.72784
245,315.57138
283,288.9486
238,257.3028
197,214.96588
184,195.6103
229,207.07819
151,189.78264
119,121.22972
81,86.372635
50,41.270325
24,30.054695
30,23.306067
38,30.501932
46,44.327984
71,58.24365
70,81.4154
116,115.926125
127,143.58363
187,160.66481
206,204.87956
207,204.69232
199,204.98773
233,226.19283
259,253.2372
280,265.82336
261,285.03848
221,237.3447
227,198.63486
173,208.05182
203,185.93747
161,156.85234
124,124.6941
90,79.332794
66,54.243103
34,31.997885
33,25.093203
34,25.80684
56,42.24425
46,58.188915
68,67.6924
105,99.02455
132,128.25063
166,167.24527
178,178.06883
192,193.61081
201,189.81705
245,197.22992
206,230.95071
244,211.2897
294,223.32997
185,219.99062
150,169.97195
143,145.07407
110,120.82836
53,71.78568
54,40.7612
16,23.286701
11,21.79731
6,15.517779
25,25.096489
44,47.143814
67,83.24309
145,130.70523
191,218.89555
181,207.48198
185,174.46907
201,187.0256
191,220.44691
230,215.9159
227,240.20123
256,243.6043
251,257.03873
239,259.97446
239,267.0058
233,211.42093
229,208.45537
174,198.70079
149,137.6984
85,78.59943
37,47.917004
26,16.826136
10,16.50804
9,12.347609
25,24.289204
45,52.45127
82,100.91434
157,162.61761
229,233.25397
288,233.74217
206,239.14821
215,219.3358
213,222.85301
234,241.25598
239,252.57321
235,260.77704
256,265.63486
282,288.64624
306,303.4261
252,265.73462
240,248.6974
286,227.3241
166,199.63895
144,106.77192
60,74.323135
31,30.55189
22,21.155329
12,15.574744
22,24.685673
41,53.29072
91,98.52135
162,174.93909
203,241.42342
271,253.01262
233,235.00296
234,240.38112
276,249.0301
332,280.53384
311,315.60422
376,295.87015
400,364.83368
406,411.05597
372,409.18127
359,320.3513
363,312.0997
347,331.97342
246,278.7933
162,159.53413
108,103.02536
45,51.356533
13,26.053974
20,14.147237
19,29.842129
46,49.23127
82,100.00032
166,166.7988
212,224.3414
206,243.32657
200,222.84181
224,225.48807
220,255.27243
241,253.07622
246,289.97427
247,280.41156
288,275.26752
280,326.15326
320,307.83914
240,285.14407
235,244.7744
226,243.43704
168,215.63823
142,147.1863
109,104.19272
82,63.497078
52,42.3557
25,24.584047
24,28.597126
34,50.036766
70,73.6299
106,122.32378
171,182.69849
183,201.82991
195,191.02464
193,205.98589
224,209.23839
246,240.74086
257,255.13957
268,262.1228
231,284.46533
259,258.19867
327,290.2554
250,286.28397
210,220.32533
186,201.89111
205,197.76582
203,171.09373
168,137.55351
99,100.5601
41,56.673416
34,27.244808
39,26.01927
31,30.884245
38,43.837578
77,57.441917
87,84.739006
136,123.33766
153,151.78494
198,173.77794
227,212.32141
215,217.96785
238,210.38277
263,246.41287
290,263.60226
261,294.61435
297,275.26736
240,263.10324
215,209.86925
207,196.78062
219,199.46713
176,169.99829
161,131.16484
101,96.82866
43,58.4562
26,30.49603
28,25.874834
19,26.302025
30,38.641678
62,46.463463
74,76.01191
107,105.95047
148,137.17984
164,173.47838
193,180.27599
199,195.8161
206,204.29315
212,207.91328
194,212.68617
203,208.23067
198,213.83975
179,179.03769
159,165.92073
212,152.38475
307,149.59674
102,143.11253
37,53.606075
24,19.650845
15,16.358692
7,12.465439
29,27.506119
49,41.242504
78,81.47299
117,140.30116
175,203.52979
202,172.41936
211,180.63611
198,196.8477
210,212.48486
234,223.39413
231,240.01758
245,238.5642
258,248.70526
207,264.58664
288,233.67361
156,241.95422
188,186.53986
170,178.82729
140,151.3126
113,78.84929
55,48.560234
17,22.175472
10,12.971864
11,12.173872
24,25.560558
46,51.847073
83,92.907036
132,144.9354
192,208.10872
243,226.02502
234,219.14792
233,229.51453
231,234.18262
272,246.08571
246,269.46353
254,251.4306
231,272.75836
260,268.18674
301,295.2241
238,243.57054
226,224.03305
183,220.91948
160,147.76549
136,114.457115
80,67.857086
22,33.42146
15,17.917423
12,13.441921
23,23.471191
43,48.01828
80,92.86692
128,148.23799
208,221.20154
227,238.33182
204,230.78195
236,226.87498
244,252.50383
250,272.07907
241,272.75772
251,267.5443
255,274.1063
292,297.1872
277,321.0245
238,268.9077
196,239.88219
211,202.11201
220,197.31122
139,148.5911
97,94.39669
47,49.09134
26,24.771946
21,16.91611
29,28.373829
51,50.481647
88,96.55679
133,150.48631
185,220.74606
198,220.2679
227,197.23662
230,233.35239
233,246.93146
225,248.07405
225,249.55861
279,244.66733
284,287.16046
300,306.5002
278,307.0356
261,249.33958
200,234.60446
198,207.24345
198,189.619
165,144.9993
102,107.18562
61,62.9478
24,39.63806
19,23.5693
34,26.894575
37,41.7497
76,70.1216
97,117.83738
122,169.69812
188,177.09155
179,200.85735
212,198.98073
220,229.79309
226,235.82722
214,244.42108
246,248.30486
264,270.91196
304,283.00443
281,306.75412
238,257.17325
209,206.57718
219,194.3742
194,214.59901
164,173.16647
117,123.55235
67,77.39545
31,37.881855
17,25.731274
25,28.97949
29,28.491108
46,37.182976
75,65.336296
98,81.69924
124,133.04584
155,149.51076
187,190.37622
212,207.90036
247,222.19638
240,236.90492
234,248.8511
267,255.48483
489,281.0011
445,415.2493
274,351.17264
212,232.02592
197,198.12415
243,194.3337
209,178.60286
124,138.39923
91,80.34791
46,51.415565
26,28.023304
23,26.378792
27,18.614166
54,35.890232
46,58.301712
92,72.09173
125,117.530136
153,147.07437
202,174.5627
188,201.53627
192,195.56703
194,200.8781
236,199.81396
244,225.80943
222,240.4738
236,223.02911
190,203.10329
148,165.11751
162,148.3428
167,143.02696
125,92.109344
137,143.16222
80,81.58579
54,66.03264
50,56.20904
63,72.922325
104,99.96383
148,164.81485
297,243.98576
331,333.18442
298,283.48444
221,255.7836
245,237.81908
234,258.7613
247,251.1333
255,260.17114
262,267.3506
279,281.80438
257,300.45804
270,290.03726
309,292.67017
288,270.8255
260,274.7357
296,266.32834
279,307.82242
222,208.88892
151,151.00868
118,111.050125
76,88.55032
103,79.02782
95,98.90471
113,123.25006
161,172.98143
220,216.96869
185,245.75706
196,211.80396
212,224.09259
185,227.12761
181,219.12607
219,220.67592
199,249.21785
229,235.98982
234,243.33472
241,257.1325
271,270.43533
270,259.37033
271,267.0164
285,295.6585
275,289.60434
231,228.95757
214,167.51425
148,140.25252
97,103.16547
109,87.45114
92,91.558846
122,116.490654
144,158.40372
168,156.83348
162,176.2324
189,186.27734
179,200.80698
197,193.56145
186,196.7501
211,196.43765
219,212.91806
188,216.21474
190,200.3666
199,208.60411
191,202.47044
219,200.00195
184,218.96327
230,197.2913
194,206.95557
157,139.78958
85,101.09694
51,64.79036
48,53.60867
58,65.76265
94,96.17856
167,159.02791
253,261.28833
281,304.3871
256,236.84337
206,218.61383
215,200.90382
208,210.58841
236,209.78214
267,241.661
282,251.01422
286,275.16183
245,285.40817
208,239.87428
240,214.44438
203,219.69548
155,200.72002
179,170.88803
165,158.44928
99,110.99707
88,59.279522
56,54.179787
56,47.52442
68,70.4775
99,99.49391
140,163.4953
258,256.17316
313,315.91577
254,279.1407
211,220.52332
217,209.44563
213,220.2138
218,219.63153
270,248.41722
255,277.31897
267,281.40347
283,284.14133
232,254.07098
256,235.76367
207,225.96432
158,191.82155
168,177.18182
180,170.55269
119,110.84927
85,70.44596
60,58.042995
51,53.402523
59,66.540276
95,98.96986
169,161.88562
258,273.40793
334,314.18585
318,267.42267
234,240.48497
215,218.70547
218,226.21562
215,226.8868
238,246.97133
257,262.2672
279,285.04163
253,304.61722
263,254.82248
275,251.16406
236,239.05501
209,210.83722
198,199.86072
175,188.62105
126,121.2149
70,75.30065
56,57.74908
48,48.22236
49,70.05386
98,110.431496
158,177.87663
264,263.06274
357,326.5603
262,302.63623
226,243.03517
231,228.77733
243,237.31148
252,243.95026
234,260.3964
246,249.003
306,273.86075
262,294.3134
282,268.22815
269,274.16547
220,244.74162
217,215.16537
222,215.07713
204,198.03076
133,142.62167
109,80.44034
73,71.137665
64,59.686344
68,69.315346
98,102.77644
168,157.57393
250,261.81754
342,326.69226
253,282.21985
280,234.37566
239,261.49698
259,249.03508
259,260.06766
286,261.29025
283,286.62167
310,289.15756
308,305.11923
318,302.79364
313,311.84723
291,283.1104
252,274.50412
285,274.81982
257,284.0835
193,203.60553
124,143.61382
112,100.5378
84,90.1012
113,88.048706
108,96.99095
125,128.01344
177,170.68167
176,225.4181
221,205.32942
175,231.46631
188,206.07942
189,203.65656
199,213.9924
204,231.00392
200,239.55998
261,230.54681
216,261.97635
252,246.44272
241,260.36627
274,249.14774
230,275.61618
284,265.62628
350,287.80713
349,248.3548
187,207.53871
123,135.77333
94,95.815926
98,95.17619
92,94.676834
131,120.00148
159,161.81886
155,168.41867
173,178.90768
180,183.02588
207,191.7613
220,207.2783
180,209.55798
211,194.14389
210,212.29898
193,209.03058
217,199.64496
242,222.55116
214,216.68524
230,211.03905
243,221.44475
237,230.36853
221,208.15887
143,155.1599
98,94.63391
62,61.86504
66,55.542664
66,67.71951
96,95.11199
164,161.98863
253,248.59729
299,287.84796
255,247.35394
229,216.73894
182,212.63803
221,192.31955
178,217.87863
227,209.42706
233,231.26955
281,252.42874
254,271.78085
231,236.63559
236,219.60794
235,208.85463
163,205.08405
156,170.9486
155,156.52625
121,102.76312
60,71.05129
51,52.1631
49,55.424168
64,69.02852
98,96.96074
130,156.75587
238,253.76631
334,308.58398
246,269.09576
215,218.70943
202,203.07622
201,213.49402
201,203.93715
245,235.24934
278,251.9196
302,286.95187
285,301.19604
259,263.51224
245,244.03008
206,223.52162
184,181.63568
200,175.15909
177,180.15273
134,114.076164
80,74.07831
64,56.50296
49,54.211983
64,65.09457
113,95.580536
165,160.45798
238,255.29987
330,315.37943
279,268.72003
250,232.03363
221,224.61858
218,218.0964
250,220.35205
243,259.26373
278,261.59805
329,293.23755
352,323.17752
298,324.36465
318,269.56265
216,259.9682
216,211.09663
167,210.62198
183,176.90578
120,127.019394
80,73.596886
82,57.355465
59,57.605137
68,67.63598
83,104.49661
177,159.16464
258,260.42578
344,327.2666
270,280.17532
268,240.91216
205,244.55151
212,226.02524
236,239.6304
252,246.91084
288,259.50717
290,301.52084
302,291.40112
252,297.2618
282,260.9763
245,239.4845
216,230.4538
216,209.52943
219,198.48593
109,145.44957
94,78.6517
67,72.61972
86,64.58515
76,76.01034
104,98.81934
185,163.527
266,259.75974
319,331.97382
296,268.2613
255,263.0952
256,241.84448
260,253.85547
204,260.91992
230,246.94188
270,264.0246
277,291.62827
287,300.3316
303,303.11957
335,302.6984
304,297.43674
300,279.58704
301,297.71103
285,305.76346
197,211.02979
164,137.12793
105,114.83188
88,89.26726
111,91.46068
105,101.61361
137,130.26729
203,176.6386
221,227.04124
205,231.9629
220,212.02043
223,223.70862
198,218.99597
189,207.12894
209,211.45741
237,217.18288
244,248.79207
279,249.70088
284,274.293
282,278.23334
266,270.05435
295,263.76276
277,303.9485
337,297.54037
238,262.308
190,183.88594
158,138.46048
102,107.339264
87,99.20212
80,92.45503
118,118.19932
171,155.45146
173,170.52373
180,183.61874
200,193.00804
200,207.63843
218,208.00278
193,204.86772
219,200.83723
229,220.45827
221,216.38606
242,219.46475
241,238.0757
236,218.04416
218,220.39256
239,221.87022
196,227.97649
210,191.46889
134,144.16869
78,92.09791
61,58.13156
43,58.804455
73,64.6501
102,95.68933
164,164.37877
252,247.97832
314,304.43307
228,254.59062
217,209.60667
201,204.9111
188,210.62581
202,198.3217
211,226.78354
211,226.79027
255,240.59595
206,261.8099
203,220.66347
222,210.35951
200,212.69203
162,180.72926
177,172.4853
188,162.30428
102,118.60611
69,61.001106
46,50.934536
52,50.854057
64,68.96653
97,97.97578
166,149.18771
240,257.70636
280,322.32047
253,244.3604
219,219.93396
206,209.97849
202,203.98366
191,209.6731
231,227.46217
229,247.31755
282,261.2693
252,278.16727
249,248.9879
213,238.37425
203,202.52773
192,190.81216
171,183.52739
180,177.82901
107,118.08466
77,72.48455
51,54.574238
50,52.90111
63,65.88433
91,96.16425
155,167.85031
265,250.53491
314,319.9929
298,271.8547
226,234.89523
230,215.94046
258,225.64404
242,239.96643
246,249.50928
278,256.82004
317,300.9713
282,336.8201
281,281.4082
283,263.92462
237,239.29292
237,220.43013
189,209.932
179,183.26974
108,121.06308
65,72.24592
44,56.648846
43,48.89448
76,66.15227
100,100.31035
166,170.45622
271,263.78183
343,334.40112
267,284.98642
225,243.15335
218,225.56598
214,235.98553
215,237.09512
248,240.31471
286,261.5771
299,297.64
269,297.18307
278,269.8411
267,274.59833
229,239.97728
205,225.00264
227,207.00116
189,203.1451
129,133.6382
79,86.021965
66,59.043945
58,61.71571
83,74.099785
84,104.01967
178,162.71207
235,263.83215
277,310.75916
261,274.1888
242,241.11223
264,237.75665
250,257.16394
234,247.52725
246,249.0265
294,267.0807
298,295.3015
279,301.19736
309,291.03122
305,304.4507
282,280.75443
259,270.1095
321,282.04764
277,324.58255
218,207.10304
152,153.11469
117,109.42708
114,85.987465
75,106.71801
101,92.1977
161,128.95062
175,183.04472
185,217.18272
249,214.1818
214,240.26115
282,229.63835
302,257.01505
256,267.22684
310,248.6523
269,279.99695
228,266.2311
249,247.52725
261,264.24954
277,266.08945
284,266.80322
275,285.5957
365,293.9243
331,353.56552
240,247.61601
168,185.01933
127,127.39057
105,103.32754
82,89.5927
97,92.10271
130,125.02276
179,156.24593
148,179.90184
205,183.89146
191,210.22598
185,209.48648
203,211.14534
204,203.06921
219,217.58919
196,223.03578
210,196.46503
224,215.91226
234,228.48465
230,218.65103
230,217.38023
230,228.70508
217,227.09964
195,198.23343
135,137.6776
71,82.36574
52,56.507458
56,46.1631
63,68.10217
100,97.96917
168,165.40334
264,252.59077
291,313.85718
250,245.70575
205,214.61658
225,195.86037
170,217.16821
199,188.17197
219,214.00438
241,221.38713
285,256.4082
255,279.73737
232,238.45331
210,221.92224
211,197.56807
147,186.84528
187,160.97984
165,167.39987
107,110.72099
70,66.768036
47,49.818195
37,50.10171
56,62.68624
82,95.892006
165,150.16545
271,252.44086
305,315.63806
252,257.35645
229,216.55794
209,215.5702
212,199.86926
185,210.66354
222,220.0557
265,239.84822
252,279.69348
257,274.91562
219,253.79813
234,217.8783
199,212.7636
173,183.63249
187,178.67688
158,174.79156
96,111.188805
56,71.689224
50,51.255573
36,46.97572
64,61.670982
97,92.52789
178,166.63129
237,269.76733
304,313.10892
255,278.57294
239,233.0608
223,222.86072
239,226.04066
217,233.69211
221,237.2166
243,253.60301
287,277.0461
243,291.88287
250,251.46187
240,253.23833
224,224.33336
204,214.10323
176,197.85219
168,172.99844
122,113.5319
63,69.428154
42,53.062267
58,44.296223
63,72.441826
103,99.99756
170,171.49174
280,259.01843
301,332.07108
254,263.89902
229,234.15694
219,220.42505
225,224.38312
248,234.04977
260,249.36282
255,269.94748
271,284.8771
268,271.2281
236,272.25626
256,242.3967
225,234.9585
188,221.8364
207,200.33643
179,194.08748
133,129.92886
78,85.93642
69,58.112812
56,63.47279
69,76.280556
100,100.10377
160,172.85483
241,246.63739
322,299.4897
264,268.62418
259,243.06265
245,246.5037
253,253.05946
252,252.88548
280,259.7915
267,282.62097
303,284.9335
279,303.83438
292,288.36484
314,294.54727
284,283.6595
254,269.66055
288,281.88797
320,282.79825
198,222.88127
165,143.95119
104,114.64642
91,87.75462
93,97.48323
87,99.96136
122,128.49165
219,170.90715
221,218.63449
219,237.80641
203,233.13135
199,230.28
237,212.15573
241,234.24673
250,252.37222
253,257.36847
245,257.45236
304,257.60294
294,298.49985
323,284.30884
268,290.18576
250,275.13196
276,281.84772
317,301.121
240,244.53949
193,183.3991
130,127.763504
91,100.785355
106,88.30185
94,94.265625
123,119.67751
164,168.8412
161,167.03914
184,188.54875
197,201.21013
204,202.19817
198,217.44426
202,200.28525
232,214.625
239,225.85718
263,226.53368
228,246.15752
240,231.16734
239,227.01146
256,222.6844
242,239.12518
243,226.00067
236,209.49023
136,193.44858
107,102.188255
71,79.852005
56,57.3407
52,46.651714
73,58.563736
118,117.172615
186,166.96384
241,237.68336
217,236.8321
190,214.72357
216,230.5056
221,255.72221
243,268.5443
271,288.07245
284,317.2426
295,337.80402
348,365.41397
422,401.67007
411,417.70917
371,403.5449
365,386.90897
363,368.76392
318,323.20703
235,245.18536
153,192.09819
228,140.25139
160,173.83443
66,90.1025
43,49.720978
55,52.5772
67,76.22847
105,110.6331
160,148.40083
199,195.21835
263,247.1788
270,285.9912
302,291.7331
275,310.50003
280,292.37057
352,318.93164
342,381.7305
374,374.45554
390,375.63998
327,349.99808
410,348.90802
416,371.36313
283,322.4479
250,236.70099
194,224.49583
179,172.58998
205,160.0644
91,114.09786
30,47.535625
57,43.532776
56,56.46256
85,77.719894
128,126.482994
163,172.42198
240,217.5725
266,263.16544
302,284.10114
315,292.55856
289,301.0656
340,286.78677
400,334.02008
456,362.26282
279,354.217
276,258.9837
278,281.9151
242,243.30922
127,177.67776
67,72.8569
42,49.243706
36,29.316309
34,51.139576
48,36.838486
43,53.602673
107,115.88415
184,182.35574
272,276.41312
227,228.87195
215,184.93869
184,217.30927
218,212.39766
283,239.5234
295,298.54388
324,313.11633
404,370.5639
495,558.44165
547,510.37378
362,485.56314
437,405.45715
522,474.72943
336,394.75595
222,202.2422
108,129.6195
55,59.40824
40,38.916195
20,28.482998
20,34.261993
50,49.196358
121,119.8533
206,211.86194
312,309.36667
254,276.41324
217,230.30449
207,241.37025
263,242.08197
297,296.12244
339,330.46655
380,390.82562
414,471.5359
671,593.09564
694,644.2143
546,591.1773
543,580.7047
590,576.214
388,434.2703
234,255.33014
132,150.94435
67,75.11517
38,49.422703
37,40.74096
27,35.746506
58,47.88788
126,123.03419
194,216.38661
309,306.6763
290,284.7313
211,242.11421
205,238.97858
223,251.93973
245,286.1523
231,312.7308
331,296.90295
354,412.56528
467,506.8355
585,536.4564
509,581.7406
717,583.83215
651,678.4363
453,466.50592
252,295.75226
153,178.46301
88,108.36549
76,69.898
42,54.598957
32,44.05019
59,53.508472
115,127.734566
181,203.03366
296,290.05957
299,294.40988
212,239.61876
188,236.11606
217,228.02591
307,246.9322
288,336.24033
316,340.92987
365,373.41052
458,457.99963
488,501.41574
497,490.1481
571,542.36755
623,582.6854
464,490.98288
279,310.2093
164,174.22678
80,110.159035
67,66.849945
39,53.8087
52,47.673336
56,61.59064
86,112.48674
159,161.80145
209,224.52782
213,224.17769
173,205.0457
198,204.15271
212,230.77798
285,257.13544
252,302.19254
281,286.18277
303,325.38382
370,365.82028
419,411.73355
410,421.68042
412,412.9046
377,425.38525
299,389.8193
269,284.15747
182,222.77882
117,155.09227
116,116.10942
113,117.63703
78,72.029144
45,49.326668
39,51.75239
67,66.44726
116,105.66893
132,154.69754
193,181.98015
222,241.35979
243,258.28168
288,278.41098
271,299.5023
254,287.9882
294,304.11966
355,338.45932
367,374.84174
371,353.98257
378,346.94357
403,374.79
359,359.4866
257,294.82227
217,225.57944
192,178.28726
226,154.64119
201,186.84901
53,114.57311
44,37.966084
35,51.138805
54,50.4212
84,77.47781
114,121.88423
145,165.83105
214,195.01059
243,247.30466
255,267.0147
214,269.63077
239,237.04332
299,257.3432
241,317.99176
260,260.9425
242,253.1328
289,243.21123
286,284.34073
199,251.05806
148,151.40703
75,81.66218
53,44.219532
25,34.396027
34,31.587755
31,44.87788
52,44.245903
106,110.15406
173,181.01013
233,264.14386
226,220.41624
160,191.62433
192,185.24194
201,214.59158
189,239.50978
221,228.03781
244,258.80203
308,302.05322
358,401.96097
349,402.2489
312,344.93146
411,356.59772
388,457.5646
257,337.0162
167,185.22226
110,107.87154
68,61.18159
32,40.4931
27,25.54955
24,26.015005
46,50.911114
117,119.55088
203,206.8847
293,295.54318
242,262.49716
205,205.75139
244,233.85559
224,255.4497
236,248.57712
270,265.6824
316,313.00464
317,380.61813
513,440.2199
516,538.5024
452,502.21954
537,505.81754
565,525.96924
379,405.391
169,231.43533
165,121.26861
71,91.078384
48,42.019478
28,37.337433
38,32.68453
45,50.017273
128,122.54076
199,211.39241
329,306.08102
256,282.32892
207,219.03049
242,244.43658
252,260.52423
286,284.47607
314,310.1814
312,356.4659
434,378.85648
622,560.77716
700,609.3331
592,610.3956
631,629.6743
574,649.47406
393,444.857
196,251.89554
141,156.31528
83,102.80144
70,61.855938
38,51.823963
34,39.581314
62,51.635593
109,127.39514
180,193.4692
282,290.9273
242,281.2712
211,213.8013
223,244.88457
247,250.97849
296,291.74075
313,347.98624
364,361.62204
340,395.61005
478,429.61655
490,531.425
420,476.95984
531,487.05972
631,552.7128
399,483.68866
284,261.93033
154,182.6088
104,101.04005
51,71.640526
66,49.424976
47,52.551704
57,59.982403
110,107.46849
155,159.75198
220,219.72183
198,224.08638
187,200.93909
202,215.06749
229,229.29515
266,270.57858
282,285.6264
300,308.19092
368,321.63092
363,408.5182
404,410.13937
398,402.05957
388,401.8819
502,393.1686
438,425.20804
310,331.42172
172,229.88055
186,137.93896
187,156.91817
176,152.62645
62,91.7221
34,46.803703
62,44.3825
68,73.590675
113,106.37867
148,148.92256
191,191.26341
229,243.09818
266,259.44608
281,294.33563
275,294.84186
312,292.3635
360,343.959
360,385.59235
386,370.0656
417,359.58746
376,375.79224
391,389.31808
322,370.27466
293,299.97482
269,232.70348
248,214.46623
242,212.71666
158,199.26526
71,93.570564
35,40.431
61,53.002853
58,61.767807
76,84.13022
127,120.10264
156,169.94852
193,207.76993
234,232.81128
265,258.0552
239,263.84015
266,248.99733
241,286.25363
287,260.26636
388,284.05356
268,312.30066
243,263.8517
246,255.21346
194,220.31418
142,147.43027
66,77.24356
33,48.157585
30,24.24656
26,32.035213
39,41.954258
54,44.87062
102,104.718124
162,178.07646
260,247.93256
220,232.63196
146,185.41231
171,176.41264
151,207.20488
208,205.77261
208,244.2413
222,251.58817
292,272.94952
296,384.2244
349,378.44257
280,329.60373
359,333.80786
387,404.55566
236,327.2967
147,164.773
74,93.27679
40,48.919273
19,35.107002
19,25.052946
24,25.310575
38,50.633045
102,115.568634
180,185.63283
268,275.9226
213,247.33359
177,192.90778
224,209.14987
202,239.63792
238,242.06396
242,263.5785
295,275.9473
351,362.39713
395,454.79404
418,452.4301
365,420.20798
492,423.97745
473,488.3561
307,370.38885
202,203.06297
127,142.16083
79,69.223
31,45.874195
24,32.634464
25,34.71391
56,45.099236
116,120.07577
178,191.31146
265,275.27997
257,258.1432
202,212.6846
243,235.8668
273,252.42726
284,285.96683
296,303.11008
337,335.3672
500,389.58942
569,571.28937
589,555.0414
585,532.8528
562,564.0228
651,527.57684
401,452.292
205,247.80238
120,144.30135
87,81.96491
62,61.441837
45,42.279064
35,37.948868
59,58.185467
115,116.29581
202,179.00732
271,275.84933
261,275.15472
188,219.1504
207,222.02522
228,245.52968
274,270.9562
261,306.5466
292,317.07898
359,356.6365
536,443.12164
513,541.1294
516,477.18314
745,532.7234
471,694.6718
377,394.94882
280,264.06113
169,176.90686
77,112.008286
59,60.236073
49,54.656918
56,50.64109
38,61.848167
91,103.82212
142,157.7382
218,212.65508
179,222.99911
205,188.8356
216,216.2819
258,236.40834
296,284.64822
297,301.0432
379,310.2243
473,388.49353
526,492.8436
583,505.43872
657,519.3808
514,541.7306
569,453.74673
390,458.36334
329,319.77795
212,217.50642
170,159.68045
239,151.8396
188,173.16595
79,92.06382
36,46.98976
67,52.848457
92,74.99121
112,122.25976
150,157.91528
182,193.43227
268,232.0591
328,293.80466
341,336.24893
387,341.29492
459,385.07855
486,480.9231
550,505.58627
624,529.2893
670,540.9515
514,507.49783
503,467.6242
501,429.48154
333,355.277
234,248.3773
215,185.55206
271,198.1353
246,221.25458
78,127.44287
33,45.479294
50,55.034687
57,60.274586
92,83.394066
145,131.40897
184,170.61261
221,222.23604
256,251.40991
311,273.2585
334,302.59164
425,336.86255
469,418.9494
564,452.5678
470,516.1911
353,365.7946
272,303.81903
225,274.5866
203,214.48645
151,149.16551
60,79.594
47,40.401554
38,38.03615
38,34.47625
46,41.596516
48,51.783813
124,100.80744
168,173.51701
227,250.21796
214,219.63312
185,171.10483
182,191.07596
190,201.10522
194,217.2336
227,226.89677
251,251.24304
290,307.60965
301,358.26294
335,358.6356
278,314.44
314,332.20212
301,349.4505
271,248.98015
197,172.95651
99,111.117065
47,53.63703
26,31.987495
21,20.194437
19,28.112661
42,45.689342
103,117.42119
167,186.8236
256,253.62766
257,238.89989
180,211.79605
197,204.18927
206,215.77011
248,228.46529
249,269.66458
266,291.49725
337,318.7898
409,438.29434
434,448.20105
364,396.7925
434,418.23712
454,462.2892
333,365.18387
220,214.40257
156,133.03494
78,82.295525
40,41.808502
36,29.575977
22,31.60133
51,52.984257
94,119.69361
161,179.91457
261,262.65787
212,259.5406
188,197.04243
221,220.82265
220,243.27814
243,257.34583
253,274.5999
298,295.2406
369,358.10867
415,474.41977
420,458.21054
369,423.40915
461,401.78354
413,473.7545
332,357.53683
237,215.42096
154,151.02075
79,93.65421
56,57.748753
66,44.37459
49,41.49841
69,59.85443
81,113.951065
152,166.46068
247,242.72694
210,240.62276
211,199.36508
188,220.88635
200,220.43434
264,243.98541
320,284.5899
308,339.7977
333,353.9347
405,405.75134
400,431.84402
387,394.1491
408,425.85837
395,440.01776
284,352.81995
231,247.32132
134,166.86884
120,80.90051
140,70.20685
68,81.46778
53,56.51383
67,59.95923
103,91.91507
126,151.1075
165,205.7299
177,192.46858
180,192.68349
212,202.75629
222,229.4688
259,260.36157
272,287.09567
287,305.07465
352,341.00403
324,406.96176
390,375.48645
363,397.09952
348,373.4927
359,377.3445
324,343.0259
276,291.96112
210,202.71695
182,167.76425
171,154.4354
148,156.87552
43,88.239136
47,38.229034
76,61.56218
72,78.2111
106,109.191345
166,156.4707
179,196.75087
211,230.01581
245,254.50165
255,278.5378
292,282.36102
319,317.44028
320,353.43964
370,360.0104
366,379.13763
402,355.1926
510,371.61755
426,436.656
325,381.0518
249,284.75037
167,219.40038
174,146.08203
216,146.706
181,185.39468
67,86.35824
28,40.76747
44,49.065853
51,58.26783
88,81.435875
132,132.13799
143,165.3439
204,191.39989
244,233.96078
270,263.16928
276,274.3301
312,295.0059
396,327.14972
358,413.0307
309,358.76035
304,280.27725
320,280.19855
310,288.76004
242,249.34799
210,174.9009
278,388.32556
230,244.6698
140,172.46326
99,124.412964
64,84.404854
87,81.825905
103,126.285286
180,154.21515
158,195.64816
179,184.88376
158,179.00143
151,159.49841
160,165.20819
171,193.29092
153,192.8907
175,186.9103
186,190.32784
189,223.13184
277,265.69077
309,365.5515
367,376.04163
416,455.44757
553,570.9539
625,618.2475
558,573.62885
547,513.23505
434,435.86426
266,303.4044
135,131.33818
69,76.09473
55,64.878494
71,78.82307
102,96.400116
140,139.70308
146,169.43729
162,170.39148
181,198.32736
209,206.91658
184,218.75388
197,215.90848
252,228.11478
255,282.74463
303,326.28882
325,376.90643
371,386.74692
475,451.51294
601,592.8301
628,643.2697
575,576.74316
574,542.56
444,440.5116
268,318.24496
137,143.07567
69,74.71084
66,57.42542
59,55.575405
73,76.661125
109,113.56504
123,144.81055
152,156.95477
188,176.51999
210,212.59923
211,213.85611
213,212.68797
208,213.81076
212,223.83714
211,227.39525
249,220.78232
251,274.64813
301,283.35394
230,280.36844
208,187.76668
130,134.12988
81,87.36325
52,54.328606
37,37.968063
42,49.55967
58,71.8629
108,116.891365
133,152.93176
186,197.78662
155,167.43811
122,140.21149
92,126.13097
113,125.28991
132,145.39552
142,150.12897
159,149.75916
153,163.05652
141,172.77567
179,185.67322
182,223.36632
247,240.74977
334,300.12198
257,301.08228
198,202.37408
125,119.92438
107,81.60273
48,57.445396
40,39.56465
59,45.265404
63,65.16299
122,123.08769
158,164.80731
216,206.36926
197,202.90474
113,157.2972
122,111.27742
138,122.0882
142,151.20235
137,154.16107
149,155.33577
128,169.65256
183,169.72366
231,229.73631
253,257.26108
334,313.52417
422,413.33917
424,382.4202
256,285.62006
175,172.15862
107,110.93629
63,65.85416
53,48.799583
51,59.86134
72,65.233025
121,127.67594
166,172.83665
188,221.8746
215,207.81421
167,161.52536
127,147.90562
132,148.17926
149,160.37508
162,165.80917
140,163.52821
142,151.12608
167,184.90668
290,242.51791
294,340.23462
385,378.18976
512,448.1777
462,481.30667
331,352.9382
244,241.37708
155,158.11084
87,100.88464
66,67.45557
56,62.368828
77,80.91967
142,136.4389
164,188.30852
212,200.23505
198,223.7308
152,182.06964
140,150.35625
126,154.72212
166,152.30212
171,179.42209
140,178.13768
150,164.14674
213,184.80486
257,271.88486
274,319.78003
347,347.3984
488,456.10147
499,523.12915
437,444.6876
411,351.3321
299,293.7584
169,191.44797
147,126.136024
89,93.704315
97,89.15397
126,119.33324
138,161.19142
169,179.85579
142,177.59944
149,150.13162
135,149.02713
137,148.3974
164,173.602
174,177.60269
172,180.28737
180,184.28296
210,211.79411
268,279.54147
317,338.6087
375,382.15866
431,445.704
557,574.923
637,603.44354
634,602.06195
630,570.14575
434,463.63483
280,295.0334
114,136.85365
70,75.62873
52,64.39378
82,75.9199
90,106.74591
128,131.85336
138,161.33066
156,163.22876
187,171.17653
188,212.25743
199,211.35477
228,220.15894
251,242.28252
287,283.49323
313,329.56573
351,389.64658
375,396.23804
433,449.2472
622,540.05994
608,656.008
534,580.6985
546,492.63562
444,420.39734
253,318.5253
139,133.3197
42,76.09958
51,52.13155
68,53.78198
63,82.57253
95,102.97597
139,135.99759
165,158.91943
172,188.39049
199,192.44762
207,210.49274
210,216.53227
189,211.51938
242,213.07896
220,237.94511
228,230.26726
244,249.27037
272,275.76932
212,258.85513
168,179.02504
121,120.21802
76,82.781136
62,52.132755
30,56.174206
42,43.675125
68,63.598263
107,113.19262
141,152.63188
177,185.17625
161,156.98753
111,131.05444
90,118.97811
120,124.16793
123,148.74915
142,146.23361
128,150.86052
108,150.44908
130,151.5287
183,184.34943
215,202.3117
219,241.54822
297,266.30078
208,269.2415
173,182.53542
123,114.47081
100,87.02981
69,55.32909
34,42.911526
53,43.94331
59,65.58473
128,120.20832
138,162.90854
210,202.03716
167,191.20941
147,129.21704
101,123.97324
139,124.76733
170,142.03307
136,158.1544
128,141.51973
164,138.44278
172,180.06538
246,209.47166
281,266.373
334,322.36725
386,390.04855
320,360.55246
236,247.57825
158,162.77415
97,103.06101
64,64.4722
69,48.291958
52,60.892025
68,64.61261
116,126.55691
174,159.39899
201,216.04953
184,197.43996
142,160.7791
127,127.82414
145,137.6544
176,159.66478
166,168.35579
173,154.06674
163,168.91527
264,185.49866
396,303.55905
439,372.8946
372,433.3243
468,436.92197
398,443.14685
289,311.6493
231,224.36496
144,146.99506
83,92.885735
62,66.12624
61,61.023315
89,81.76075
141,134.12517
182,189.24455
218,213.90538
244,209.42068
160,181.24525
151,147.07913
165,157.68835
152,175.47101
190,170.44882
192,188.5389
191,182.21144
190,223.83794
256,258.5184
337,313.29556
336,384.86072
458,431.9214
468,493.10104
431,427.5844
330,362.1895
281,274.38495
173,176.61737
103,131.50804
97,83.10876
83,97.21002
97,114.43001
143,153.67885
182,179.14919
130,185.44148
123,147.73686
150,137.60844
183,162.60393
184,180.67137
181,194.61703
186,190.61006
229,201.50804
241,233.761
273,295.09775
325,335.82047
349,382.7026
419,432.44992
535,537.433
579,582.93353
564,538.52155
492,520.89954
411,410.8695
248,277.40326
117,135.25641
68,76.129234
66,57.897472
62,79.7687
92,97.27037
117,128.51402
132,142.84233
132,161.30176
162,175.07115
202,192.77217
229,206.58958
240,230.45021
257,259.67123
315,290.78433
323,345.24173
322,374.24704
364,378.5684
449,431.18945
565,560.7302
570,614.4235
500,529.3263
470,468.72003
384,353.01602
277,273.18942
132,143.0599
53,70.76922
53,53.63336
50,57.869
89,69.16872
106,117.9568
132,132.48567
140,146.28792
192,162.97195
201,200.86899
207,207.9433
213,206.83467
221,211.24086
221,232.63751
349,232.43361
218,314.16702
239,244.61266
239,271.08585
229,225.52446
177,178.50049
106,122.099205
64,73.495544
53,49.30393
37,36.67466
43,44.08923
60,64.69606
111,105.22665
139,139.28036
177,182.1737
126,160.74803
109,119.87439
110,102.357376
105,127.33413
112,127.05517
131,139.71872
111,145.0984
124,142.39056
145,151.10587
170,186.9803
158,196.56087
251,201.55283
294,294.35965
248,267.44125
168,184.92638
114,111.232605
86,82.63318
45,50.552265
61,38.072865
52,53.47389
54,63.233852
105,119.34113
130,151.26521
203,196.60219
144,182.20914
121,131.54506
114,122.97765
128,127.13047
100,140.7429
161,129.73373
147,147.43845
123,153.31972
156,159.15027
188,198.25784
241,210.507
338,302.9675
381,393.18985
349,366.51715
242,257.03207
153,153.05609
124,97.92684
72,69.11032
49,57.293945
56,55.166553
63,67.79177
86,116.976265
156,153.13379
200,201.43045
206,189.42331
142,163.58081
123,128.70767
133,138.8448
178,143.44223
186,177.92828
183,177.22322
208,165.32129
263,231.23247
286,302.48468
393,342.96814
479,417.0178
595,483.6023
460,493.44897
336,331.24567
204,235.72894
121,143.72778
62,82.44497
59,58.719913
57,61.878544
72,82.548965
136,123.30878
155,181.70879
239,203.30984
192,231.13936
135,159.66656
138,135.99994
125,150.1303
145,160.80336
169,176.65187
176,185.4983
203,182.33066
192,225.06528
307,257.4613
292,346.25333
427,356.06226
442,497.39636
475,477.99548
436,436.26053
403,332.9802
270,287.20386
192,172.77728
116,116.83931
77,83.9446
69,85.41342
96,105.220245
125,143.09685
139,176.61862
139,155.04572
142,142.73828
146,147.53726
140,153.82623
163,161.23407
214,178.81287
178,202.43658
195,197.91342
249,220.93066
303,297.92816
333,347.1239
333,382.0798
453,414.6497
616,546.812
580,649.6735
544,577.154
568,510.83026
462,431.9191
291,296.94156
112,146.56615
61,74.06251
60,58.06917
91,70.36302
88,102.616234
119,127.96792
155,143.573
200,163.72107
201,191.32047
241,208.42485
236,234.53088
276,233.99567
272,275.18396
261,308.8065
331,320.0821
360,366.51935
383,389.60724
481,443.43774
597,600.42725
657,648.2236
594,577.56573
534,546.7782
436,442.34192
282,306.58728
142,141.37837
55,72.534935
52,52.585682
48,59.147625
87,67.08986
110,118.131
145,140.68654
158,166.73601
175,181.1777
227,195.45903
223,223.48288
190,220.1487
199,200.96573
196,216.89525
214,232.74342
185,229.00636
242,208.76659
249,258.27505
239,231.39249
171,177.5846
107,113.8168
69,68.52109
50,47.816975
38,36.288486
44,44.01497
61,59.352703
108,105.021965
105,137.91739
175,165.58711
148,157.1451
108,122.2943
113,100.739265
112,124.014946
118,126.89067
137,139.45016
132,136.24701
145,133.722
136,158.51932
170,180.73581
160,186.55629
238,203.51819
287,277.27457
257,268.3024
188,184.57603
105,120.33979
77,79.49928
58,46.182697
25,41.684917
32,48.722473
60,57.397125
100,117.15949
119,133.04115
168,184.77335
157,163.11166
126,127.934494
127,122.062325
104,129.85983
153,128.82253
148,149.30661
148,147.62065
138,144.58435
153,162.54541
213,199.45764
260,228.88956
299,311.7658
355,352.16095
383,343.79977
269,264.9735
174,165.81374
126,104.78207
74,71.856926
36,50.413887
49,46.600388
65,67.5462
95,109.19673
141,147.85997
178,187.99538
138,182.49367
118,131.36537
107,125.00873
115,124.201454
144,148.06273
111,159.94067
154,142.00368
191,161.61269
176,231.31238
208,237.26305
276,265.28442
335,340.21005
383,431.85547
387,417.88766
303,320.5812
219,221.67143
151,142.94804
94,91.02167
60,62.7064
61,58.78969
76,76.49757
110,128.08212
151,154.68695
171,198.37259
172,175.81712
152,142.29834
125,136.41212
142,129.13248
148,150.6926
189,149.56218
170,181.83943
192,193.16022
193,204.57773
243,243.6857
272,293.36404
307,349.73608
416,382.11484
457,450.72986
415,430.5554
349,354.5247
287,264.25674
180,186.1191
109,124.13589
83,85.51321
77,83.966446
113,101.70208
129,141.2896
153,167.53577
139,156.26645
137,144.14969
143,141.42783
186,151.0428
182,180.26907
189,192.39282
183,190.0524
197,201.33478
242,230.41429
238,288.58353
261,304.28098
305,331.07434
421,369.77148
557,533.58813
630,593.1142
584,594.5412
485,546.046
362,410.992
224,256.74802
106,129.08394
56,72.847336
53,58.372074
76,75.40349
86,98.03013
113,123.08718
153,141.3726
167,162.98932
163,194.40504
202,194.57922
179,218.96008
233,208.96584
250,252.89468
288,286.31158
256,323.12686
336,317.62387
364,376.96802
454,426.59274
575,581.05945
537,623.4281
527,485.89642
429,477.64822
337,361.92798
275,250.71046
100,143.49481
50,59.545456
34,49.148228
48,46.878723
68,75.18595
105,106.75408
133,138.10675
142,156.52283
186,161.82169
229,197.06966
227,214.05624
241,219.2601
239,226.47833
234,236.4056
276,234.08528
283,266.1819
288,280.32724
373,280.3561
406,334.46838
362,277.9433
326,392.0536
189,249.71523
108,144.92429
89,96.29239
80,94.6713
78,92.61866
112,114.049576
143,157.92162
204,175.86644
172,212.86884
158,174.95103
198,186.7118
188,215.66696
196,216.63364
232,234.9854
245,284.52917
272,310.32193
314,344.35043
389,402.83414
413,448.75116
477,426.02975
537,528.42896
659,669.5687
795,764.4135
697,840.76373
723,668.6087
516,534.4546
401,384.1792
166,184.42224
81,100.2795
102,84.10434
97,119.18042
116,131.72508
203,165.5095
227,229.80951
286,273.51663
332,335.45145
348,367.0327
412,399.00864
500,446.477
535,565.8618
585,628.12524
642,636.6395
597,628.53876
707,604.05945
763,746.1719
901,873.0124
831,925.5821
806,839.58075
873,780.0709
711,672.03406
503,485.02185
208,236.29428
109,112.482346
84,90.03743
85,85.559715
108,113.38618
146,167.62639
187,198.4381
290,249.9219
375,329.50024
382,396.90817
339,412.04492
402,369.0162
399,437.80777
437,437.7546
415,460.5297
415,410.37506
441,413.4124
467,456.66876
419,451.5983
317,344.80084
180,206.57416
134,128.17831
70,82.75894
44,66.06269
68,63.19987
88,89.83636
98,127.76603
155,134.82533
171,184.36826
147,166.23659
151,141.0778
136,152.06325
164,162.90163
172,175.5416
168,185.59702
197,188.58719
170,223.95467
221,230.3443
361,259.66953
302,332.1605
278,295.8626
259,296.41473
285,274.3525
214,225.77823
121,125.77804
58,72.76178
35,35.335552
39,28.476707
42,55.809765
65,72.02879
125,113.298195
135,170.80238
192,172.51418
165,171.94289
153,154.08359
199,154.7086
163,186.53894
131,167.46791
162,156.58238
180,181.73978
172,197.80988
222,231.09906
298,302.071
295,317.4535
266,323.4781
297,302.6191
335,322.6713
291,264.4546
147,180.02162
64,86.4543
42,42.70863
41,31.284698
58,56.050163
82,76.603
98,121.1435
153,154.00623
162,189.39224
160,171.71648
144,154.01689
131,166.23817
139,157.0646
207,158.8631
164,209.02731
182,192.28685
192,211.81628
221,250.56525
323,304.98083
335,339.19788
405,340.6348
514,413.38748
502,489.4896
400,394.9566
229,232.4184
126,139.49998
67,73.21776
57,48.766037
63,73.37268
73,82.39671
104,118.70162
148,165.13959
180,186.79942
171,180.77017
140,160.1594
143,144.31372
169,163.60355
143,197.37729
161,172.83983
183,202.45595
217,212.38864
299,259.10788
299,366.35068
324,347.0855
389,366.50714
427,466.73108
508,516.1123
487,532.0008
363,399.20932
240,251.24216
161,153.58035
116,111.71568
81,96.70371
80,81.70403
113,112.31457
152,145.89185
155,191.5972
166,173.13345
185,163.80177
178,186.73863
208,193.34921
220,201.0018
207,233.70651
232,230.06625
281,275.36444
354,349.87885
409,425.59653
440,437.46426
455,449.7231
498,511.69247
639,652.44324
702,797.8512
736,784.28217
660,696.0701
520,506.1801
324,376.4688
150,169.75922
73,95.49607
80,83.0173
90,102.59877
122,120.38412
181,173.40071
233,219.18076
269,278.3112
345,322.24255
348,375.18246
411,392.24664
383,455.61887
485,456.45007
506,574.23425
583,587.7657
594,615.75665
617,599.6034
619,652.7631
774,729.55975
946,824.0995
870,951.8087
814,810.6343
602,622.80334
381,431.2538
201,186.11429
121,106.67651
94,95.049706
88,90.733604
107,115.14843
159,157.96712
202,209.43747
274,255.35382
363,332.11295
329,390.70593
381,365.3442
420,400.9858
406,441.8022
414,437.49683
431,426.56808
395,409.93063
446,401.7408
402,461.06033
399,406.20752
268,299.46143
201,180.15512
114,131.45049
64,69.92556
63,51.316086
65,71.24664
76,90.68403
108,121.948044
139,152.17517
170,176.05049
178,165.7705
134,156.26192
148,143.04065
178,163.14111
165,181.63496
195,178.42442
195,211.25182
207,214.3942
228,243.7598
231,269.38257
246,245.61928
259,253.60744
307,275.5233
289,298.4501
237,224.82121
132,142.19432
62,72.69762
31,37.92395
24,30.165798
38,46.535454
58,68.46058
106,113.99328
137,150.18666
193,181.59001
158,180.8127
137,144.15486
138,152.2416
142,159.98494
157,152.1987
187,174.5116
193,192.97845
188,211.29913
274,237.47911
312,303.23904
307,310.65552
308,307.9378
327,344.10303
324,339.86545
289,275.36182
157,177.9093
66,84.59991
42,40.897182
26,38.178173
52,50.774937
59,74.24129
90,109.67984
149,153.29303
213,182.48895
163,186.01067
149,147.92503
165,145.91061
180,161.90575
186,185.32169
196,191.70741
191,202.47137
243,221.35826
405,285.1803
576,413.61484
604,488.7315
356,486.32172
426,406.99197
426,469.5791
367,376.62738
208,222.59251
121,131.19748
81,70.21595
60,51.432438
51,70.89116
80,74.10267
127,112.498276
147,168.10806
198,199.34076
221,188.84375
186,174.38739
171,172.24184
214,183.75093
204,209.18509
190,208.62802
211,212.20384
267,242.49677
309,314.30774
335,391.75485
338,380.873
357,371.01917
417,432.87228
572,485.19742
549,524.4831
347,401.316
257,234.1912
162,167.85962
104,116.84894
88,80.06806
72,84.07338
123,113.47095
122,153.01273
172,186.0052
205,183.71307
168,201.93703
187,188.18639
229,210.86394
240,235.4248
230,248.18723
299,249.47726
288,328.39877
370,362.10883
448,431.3668
455,462.14127
417,462.96692
494,487.72314
700,640.6231
802,880.92126
800,780.6347
723,745.9789
530,555.8419
306,382.40045
158,166.19772
88,90.80323
78,86.43862
96,97.69114
118,128.0372
190,176.80766
233,228.14462
302,275.57327
330,346.6387
397,368.572
427,428.2659
497,498.1147
559,542.19257
564,621.54205
644,624.14777
583,636.8888
567,585.86816
621,616.09625
759,744.2715
851,881.00085
904,870.46405
834,792.02783
659,595.3823
432,456.34702
184,205.624
101,108.710175
74,92.57578
89,87.68012
120,115.12857
153,167.38528
221,206.6229
285,275.14786
366,341.99792
383,391.31042
452,399.17776
441,446.62964
445,447.82022
527,467.76614
649,492.32877
455,506.72894
422,450.9918
459,438.5822
399,435.09772
321,306.2277
195,215.6906
141,127.14018
90,80.40751
63,65.066605
52,66.915085
62,76.29552
109,105.63153
129,153.0507
189,172.79561
196,179.20093
146,165.97946
162,149.27731
160,172.88165
175,172.13257
142,196.37859
170,174.2125
179,197.26678
212,225.53287
260,262.68234
231,271.90863
257,249.58946
292,280.23032
294,289.66486
201,229.00046
129,129.4243
60,69.40745
43,37.788326
22,31.835903
46,42.877182
55,64.58135
104,112.08628
123,139.81345
191,181.59326
169,182.92683
146,153.84544
131,157.30505
128,152.23718
152,154.79382
160,166.06796
160,175.54382
184,181.18446
267,241.36316
253,314.38123
265,272.66513
273,289.71866
326,311.74786
392,343.70386
269,302.02637
148,165.70358
71,77.248184
42,43.37295
28,29.559086
46,55.18184
47,64.30648
96,98.03266
134,143.41525
192,184.89081
199,179.09424
156,167.47522
154,152.30618
163,159.80106
215,175.01886
268,206.27342
241,234.6675
304,248.57663
328,347.53738
415,396.0592
464,434.34692
453,416.54565
646,439.98462
451,561.9898
363,382.55927
184,211.63452
103,118.34101
81,65.83042
40,56.320885
56,61.018555
68,74.13689
107,110.91636
149,147.02734
235,195.01074
188,218.32397
184,172.34924
169,175.39056
166,186.82475
190,196.1756
215,212.7997
249,229.12846
262,295.5047
344,329.63672
380,386.96967
326,384.1319
346,361.91953
420,436.00803
489,490.1735
483,490.99503
335,362.52112
232,232.88803
135,155.29079
115,98.14118
95,81.74327
89,81.454475
119,119.24361
117,144.88838
176,178.71597
162,182.54677
173,174.93106
186,184.59758
203,201.17442
223,220.55081
230,243.44318
255,264.05746
297,297.3662
365,375.01526
385,434.79382
430,424.64578
444,439.88086
503,497.60605
654,628.856
805,775.072
813,792.6065
677,726.9192
558,525.68304
310,362.09903
164,162.87747
84,95.43318
98,84.56954
95,105.87386
114,122.70941
178,162.74002
209,218.04884
259,261.9245
316,315.6288
342,359.15848
349,389.48056
436,411.04474
474,503.31165
543,564.2506
575,613.2307
552,609.84705
522,569.8194
609,573.4199
766,715.73566
852,854.41425
841,870.46405
905,812.11365
667,644.0046
486,401.89224
222,251.67915
100,118.01675
81,90.3913
84,93.632416
111,109.082985
168,160.20021
243,207.40814
276,286.91727
267,330.19623
333,319.2935
336,369.67786
319,361.0948
402,355.00433
409,459.8424
404,450.32568
382,404.2672
362,389.76898
379,391.0882
363,379.27283
228,305.18643
160,160.90057
92,118.900566
52,65.89086
37,53.81628
62,60.608803
76,77.40084
106,112.19031
114,142.09383
165,171.58403
157,169.51724
157,150.37166
179,156.61145
159,176.03844
160,170.3126
160,171.7219
182,176.58833
217,192.23108
240,244.95398
272,268.06638
241,257.08847
266,242.40497
236,284.05566
223,260.71106
194,190.84637
83,129.58452
62,54.112286
37,37.318066
24,25.794523
53,45.05515
69,63.530624
107,111.10714
136,136.77039
152,180.15656
189,163.53133
151,163.14526
138,146.61041
149,146.11989
161,157.05235
158,171.51042
169,175.32422
182,192.08751
239,241.18718
288,284.7747
232,286.1973
269,259.13
284,294.90768
292,300.4424
234,262.16867
162,142.31433
79,80.244705
33,46.534058
27,27.593668
54,52.24278
75,65.31128
106,105.168304
160,147.42157
160,183.08748
181,176.40436
166,161.86229
144,158.66325
165,156.53387
162,182.33368
165,183.33382
187,180.09879
194,222.06932
263,266.06168
304,330.80386
282,333.21066
350,318.17624
375,446.25824
372,406.87277
331,323.49356
234,203.17029
110,132.18913
79,72.31492
39,54.833214
73,58.855347
74,78.98934
97,112.6999
132,150.60812
162,177.02953
183,180.04733
198,176.55351
173,175.58415
189,174.39629
209,190.26843
182,205.04042
205,200.31804
244,244.20403
297,312.27817
314,355.37134
297,330.8002
349,336.0447
374,411.2114
456,448.13928
416,469.49655
297,338.26355
251,209.04736
145,156.4714
120,107.85022
107,92.48987
84,85.61052
116,114.742355
129,133.3416
164,170.19678
190,175.28462
249,192.15666
253,223.88432
299,242.14531
245,281.73312
222,247.44739
231,244.8881
295,286.00385
314,371.2132
385,406.42728
381,423.72043
371,415.24902
420,449.40875
570,558.7438
720,710.8762
647,756.17535
602,600.7362
469,461.63977
309,319.12158
145,162.38547
65,89.53683
68,80.928406
104,93.47722
106,124.452446
177,166.76785
232,232.80173
233,280.91245
250,299.2848
290,308.6124
328,342.90634
383,376.4215
454,442.54816
509,563.22614
512,572.7271
487,553.9731
503,505.32764
555,537.6688
717,692.479
729,827.239
710,769.6776
663,699.1618
477,477.47888
310,384.5798
171,183.91107
64,96.308136
67,74.45917
80,90.38149
104,106.838615
156,153.33058
210,213.9911
261,253.22528
282,294.7441
278,320.5015
331,316.42413
382,369.80518
469,402.93704
498,469.26505
468,475.19733
432,435.2174
488,420.19553
466,482.1619
526,449.228
523,396.04755
243,250.41235
109,179.4944
75,88.93829
83,83.09868
68,81.5647
99,95.28206
135,130.91081
157,158.13474
186,201.41116
190,207.26645
158,187.59291
182,173.61191
203,191.30676
175,206.00146
187,202.15317
246,213.71509
201,265.86566
266,263.7509
366,342.37592
356,399.1178
388,356.1143
403,422.88586
535,469.02396
552,602.0347
473,545.1568
541,393.1003
427,397.38733
305,299.34482
175,189.65326
104,122.233215
101,103.33826
127,124.36357
162,152.2906
171,197.97429
198,209.55289
268,234.4472
223,287.66132
264,246.20209
283,296.57935
342,312.39557
414,377.36673
422,457.41885
474,488.6335
456,484.75116
538,483.37158
532,549.75055
567,613.40216
583,590.0534
473,556.4584
492,457.08926
421,424.2278
273,313.99985
182,189.9802
102,121.87761
102,99.77599
101,109.4833
120,136.6307
151,146.27036
190,188.23753
255,225.4947
256,259.56192
255,267.9804
296,276.74365
285,299.06174
327,306.75464
320,341.14178
295,340.93454
263,300.56647
305,272.34604
361,320.07254
302,344.7771
250,254.1621
144,162.44954
101,94.34592
77,59.033398
74,50.977955
75,72.11957
98,85.98615
111,132.57208
142,150.83318
147,176.53882
191,173.63132
147,172.29642
143,148.9232
167,146.49658
141,163.53387
123,150.14346
166,143.09254
153,169.99103
181,194.04486
309,215.72108
260,265.44226
198,241.71988
217,220.11995
229,211.07059
152,158.68198
95,101.70062
68,62.616657
37,39.90953
28,36.85376
47,52.00181
84,79.96338
137,120.27231
144,151.93997
174,171.92012
183,189.34293
161,158.81372
149,154.038
118,157.51857
132,140.07744
123,133.12323
137,148.68936
143,163.91254
186,184.37338
215,232.27992
200,228.52376
222,212.2214
265,253.44359
307,282.11325
180,234.14659
122,130.60753
79,81.544205
58,53.836933
47,49.642483
54,58.23697
76,78.49621
122,127.1499
143,154.29198
177,185.86058
209,185.76732
171,184.18141
157,161.48405
149,157.90993
153,155.34618
130,161.64944
127,148.34853
155,156.63443
175,195.32741
278,224.33456
245,274.5053
266,248.77975
384,308.8149
456,370.79874
283,305.58832
236,219.35529
173,154.95987
125,119.55961
69,79.34423
63,69.711945
87,89.79153
112,131.21844
147,156.8155
206,182.59726
190,205.78448
186,184.36859
166,173.40408
163,167.6293
139,175.15489
146,163.51129
164,159.13075
178,187.98111
221,220.24954
220,276.14944
240,247.63062
267,265.69443
311,329.7991
343,373.5899
287,309.74475
250,259.84668
183,174.75732
159,110.30925
87,102.0529
89,78.23247
116,98.55179
117,131.02097
147,148.41992
178,201.16417
180,189.53189
166,176.95146
146,177.22308
174,168.40485
155,179.04372
169,174.7037
192,199.67912
215,211.20343
283,271.93954
338,344.0883
384,364.19177
361,388.582
433,396.88922
542,520.8801
544,590.8353
464,530.07697
413,456.77676
380,357.3177
285,293.81427
159,182.31392
90,118.49865
83,101.9759
148,115.60515
130,160.73602
156,179.10452
219,200.90796
261,246.94139
276,271.98288
266,281.42603
284,281.49503
316,311.87128
367,367.3803
373,425.47574
403,431.86383
447,437.78778
460,468.82233
480,510.92465
578,563.3434
514,606.3869
505,515.7193
453,479.12674
346,390.26312
309,275.3791
164,190.93222
105,115.22163
98,98.23186
100,110.82774
114,124.5624
156,143.10782
231,193.16806
271,251.68944
269,278.1854
235,271.6961
273,257.97964
278,282.3545
281,298.76807
285,307.23877
323,310.43466
297,311.7914
312,296.10062
315,339.07013
284,306.27332
215,238.11023
148,147.92183
102,96.93806
50,65.26929
31,48.02837
63,65.71469
77,86.96613
107,124.94946
156,145.78676
185,181.0252
169,183.96007
136,161.27919
144,141.3433
135,150.21935
149,144.12622
134,152.60776
133,147.1136
153,150.77194
189,181.86064
187,218.75192
177,193.67761
180,184.84491
228,204.55566
205,218.66476
153,152.03638
96,102.52202
54,65.88361
36,36.492546
34,28.907274
45,52.181267
77,80.68398
120,121.063225
141,155.3926
180,179.40881
198,180.35938
157,162.77959
116,151.64803
154,130.1311
151,148.84354
148,143.74092
145,144.83559
130,158.31169
192,183.75667
241,213.15288
226,220.51498
261,221.80487
429,274.92355
354,363.7385
239,226.6969
111,147.20236
74,69.28857
43,49.18062
39,47.81401
62,55.12467
77,80.5395
127,125.304535
157,153.88467
200,183.9644
189,198.92923
173,174.11494
141,149.62375
155,153.97777
169,165.34215
164,170.33078
175,168.01884
197,171.7735
274,217.24007
417,296.4944
397,339.47083
302,343.1265
275,346.19934
298,314.80728
210,274.67188
188,164.07167
146,141.04991
122,108.45266
74,77.45417
73,73.7945
73,93.453545
139,126.11259
155,163.17862
216,196.38805
209,205.2914
146,187.60678
188,149.18857
149,176.4242
166,167.70021
144,168.18163
169,170.95073
182,193.18994
228,240.10132
266,286.2147
271,290.5314
302,286.12595
368,330.47284
409,366.6268
322,316.21143
280,260.14493
173,198.98418
100,113.5021
73,86.78606
87,86.91601
93,95.111664
119,129.12828
175,149.74965
199,199.89464
175,197.84305
168,165.21136
185,181.46474
194,182.54199
193,187.698
202,185.93813
212,219.735
242,223.75114
307,286.1868
341,354.05957
396,373.19437
368,399.8018
367,415.6763
564,478.36234
493,593.2877
497,482.46335
433,442.00632
344,357.41034
250,261.91772
171,170.96208
122,113.294334
123,106.19184
108,135.50131
160,146.5557
196,181.36761
223,216.33551
234,255.59874
252,261.68005
271,268.66556
296,288.46475
299,322.7524
371,350.46603
432,422.2058
450,472.44797
480,474.08145
461,484.76584
519,518.0801
552,590.5965
507,571.0403
505,518.6773
387,461.83258
365,346.4983
269,284.78818
174,187.03436
111,117.79486
116,103.81811
106,110.539406
126,126.894394
219,162.67735
212,231.38025
233,241.63191
239,253.02954
288,247.42209
286,290.40945
287,286.40692
311,303.58206
352,326.67114
380,359.43436
299,340.08957
328,299.68845
307,344.6101
293,303.2317
184,235.9304
115,137.54872
81,84.85127
54,52.925064
50,41.493107
60,66.81054
84,82.59378
127,118.30032
156,156.10657
167,182.48938
176,181.0993
168,156.48576
145,156.74068
142,147.23996
116,147.63483
139,134.12903
167,145.88565
143,173.4072
160,185.0194
162,204.79674
198,179.33966
180,197.18764
208,208.27194
177,207.53433
136,144.44955
76,92.22368
61,58.00323
33,38.03857
34,32.610783
46,49.748947
63,78.12269
123,118.81675
154,156.21516
181,182.96004
189,187.26306
159,167.24913
140,151.3766
146,147.35645
127,143.49297
119,144.6142
119,146.00273
136,142.07646
166,177.32664
213,204.30746
182,212.97322
229,209.39926
253,245.88657
302,263.31174
185,229.35355
115,118.97651
72,68.70683
50,47.694267
38,44.139206
53,56.246735
68,76.36456
113,122.785866
151,153.37949
204,191.88385
208,197.76382
171,178.37889
152,154.95758
144,156.45023
199,151.10693
180,178.67557
216,165.08456
205,199.15852
265,242.43831
358,309.73816
386,332.5005
630,331.60565
569,443.24442
408,443.93372
219,260.1969
189,169.5349
140,138.49347
95,104.98779
91,70.00974
84,72.911705
79,88.01338
128,126.40375
177,161.19283
202,209.68025
195,206.47566
169,179.52635
153,165.86278
168,155.81253
137,177.43684
155,158.80971
205,174.61235
210,208.03865
236,250.22171
290,281.54214
273,296.36365
286,317.45917
308,355.50504
360,351.6061
271,297.48083
242,240.02135
151,174.14575
104,107.9673
80,88.42135
75,89.63742
93,94.96829
129,124.95573
153,161.62227
201,191.56953
201,192.84155
173,181.52501
185,177.62144
186,190.97095
173,176.82487
161,185.91667
184,195.23668
229,217.34059
281,276.6172
350,341.13153
399,376.79425
364,380.86032
410,394.40714
471,507.12646
478,527.4033
491,453.6896
378,422.80545
309,313.13217
273,245.6885
169,180.76067
103,115.83772
127,106.54692
112,131.99684
150,153.32152
184,182.26352
202,212.92357
243,237.1188
243,256.82037
272,259.6112
268,280.9013
249,294.76862
314,300.22888
372,382.245
402,421.77505
367,440.09106
410,397.53445
476,466.5979
524,551.9524
475,527.2075
465,490.47556
440,432.15677
358,340.56876
270,280.29483
174,185.21617
108,112.50332
105,109.08376
105,109.06577
136,126.07695
147,167.69832
215,192.75673
233,241.91864
237,246.50389
254,246.93587
263,268.2318
231,267.66116
265,266.15747
260,298.57892
281,297.8554
257,282.996
279,270.3506
243,294.72708
260,264.7828
174,207.84598
133,122.86121
98,86.13928
71,57.340527
30,51.41465
71,58.71572
76,89.00582
120,118.31874
146,158.81781
175,174.8902
186,168.26479
165,166.90382
156,155.92613
145,151.89316
143,144.48439
140,145.65904
149,153.71716
134,156.50798
179,171.50711
221,194.3217
187,205.54362
188,181.95193
190,204.76746
192,194.08754
152,147.03162
123,94.55616
64,68.589005
27,38.83271
29,29.793724
51,47.83632
65,76.20405
100,120.99266
138,149.0565
187,179.91159
197,189.83604
193,165.27107
158,165.65962
140,156.21553
115,139.34892
117,129.27571
146,133.50795
158,147.59227
168,191.34056
244,211.07353
208,221.07327
212,209.38078
267,237.70326
282,282.96368
170,206.00256
113,116.12421
74,69.17956
67,46.620834
49,41.111282
45,58.309532
76,73.85661
111,120.17671
155,148.8222
189,196.22246
189,201.13834
164,180.48633
165,160.80959
163,158.73796
156,155.74901
141,156.00319
144,158.6288
158,174.09921
229,215.54756
204,291.67783
254,225.64806
274,261.5413
240,308.57858
250,286.95197
257,205.42108
206,185.15137
197,138.50859
120,123.32377
77,79.57697
77,71.57718
104,85.38988
139,130.75977
164,164.57132
201,200.56369
215,197.82661
215,177.43163
186,183.75558
182,179.09961
167,168.18918
168,163.24864
183,163.24516
199,190.14749
269,239.73029
285,283.13358
272,289.72336
242,286.82553
434,277.34396
327,391.15863
299,299.5517
256,249.29257
158,195.0359
109,115.31953
85,85.011024
78,90.04414
104,96.29267
108,129.00847
129,152.97052
184,188.37135
184,191.26678
209,183.89185
256,201.17647
249,235.71996
208,223.72902
203,195.39877
209,203.92271
220,229.33946
301,276.2416
319,353.52472
359,364.8558
334,353.3449
392,397.6988
410,475.23978
482,456.55078
530,479.93906
438,434.11508
353,341.47946
225,260.40756
170,161.6284
98,117.31516
111,115.07615
125,117.57876
164,151.58585
169,191.97913
232,212.54745
249,265.5981
226,273.8861
266,254.5126
265,283.48932
275,284.55206
302,322.45563
360,359.2314
386,406.69315
384,415.26852
405,412.35773
439,446.7084
486,511.21817
482,509.70935
399,495.7199
325,361.69736
296,284.8111
248,245.72585
141,178.22566
88,105.34777
91,101.4824
92,107.05965
112,125.89792
161,156.11095
205,208.25082
252,231.20561
232,251.00577
260,244.63055
324,266.58817
286,301.10324
356,289.15222
335,348.70694
323,344.03812
328,304.15244
346,314.04465
391,330.25894
375,362.40225
333,258.4371
