{"type":"FeatureCollection","features":[{"type":"Feature","id":7,"properties":{"pu_location_id":7,"zone_name":"Astoria","borough":"Queens"},"geometry":{"type":"MultiPolygon","coordinates":[[[[-73.904136,40.76752],[-73.903252,40.767504],[-73.903005,40.76751],[-73.902758,40.767504],[-73.902511,40.767486],[-73.902266,40.767457],[-73.902025,40.767417],[-73.90218,40.767316],[-73.902559,40.766941],[-73.903419,40.765957],[-73.903512,40.765849],[-73.903569,40.765782],[-73.903611,40.765727],[-73.903708,40.765597],[-73.904512,40.764589],[-73.905193,40.763751],[-73.905661,40.763168],[-73.906068,40.76266],[-73.906257,40.762425],[-73.90651,40.762109],[-73.906778,40.761777],[-73.90704,40.761453],[-73.90742,40.760982],[-73.90753,40.760845],[-73.907794,40.760518],[-73.907403,40.760334],[-73.906997,40.760143],[-73.906315,40.759844],[-73.907426,40.7581],[-73.907828,40.756999],[-73.907949,40.756676],[-73.907988,40.756572],[-73.908024,40.756474],[-73.908061,40.756376],[-73.9081,40.756271],[-73.908136,40.756174],[-73.908172,40.756078],[-73.908206,40.755986],[-73.908242,40.75589],[-73.908275,40.755801],[-73.908307,40.755715],[-73.908357,40.755583],[-73.908405,40.755452],[-73.908465,40.755292],[-73.908509,40.755211],[-73.908531,40.75517],[-73.908549,40.755137],[-73.908603,40.755038],[-73.908625,40.754997],[-73.908657,40.754938],[-73.908681,40.754894],[-73.908714,40.754833],[-73.908736,40.754791],[-73.908768,40.754732],[-73.908793,40.754686],[-73.909013,40.75428],[-73.909175,40.754064],[-73.909221,40.754002],[-73.909229,40.753993],[-73.909449,40.753731],[-73.909693,40.75347],[-73.909954,40.753218],[-73.910231,40.752977],[-73.910675,40.752995],[-73.91257,40.753304],[-73.913542,40.753469],[-73.914465,40.753676],[-73.914684,40.75368],[-73.915473,40.753792],[-73.916505,40.753892],[-73.917632,40.753858],[-73.918923,40.753636],[-73.920277,40.753338],[-73.920479,40.753285],[-73.921619,40.753028],[-73.92204,40.752938],[-73.922966,40.752729],[-73.924417,40.752404],[-73.925627,40.752137],[-73.924157,40.753961],[-73.924954,40.754337],[-73.925754,40.754711],[-73.926554,40.755086],[-73.927352,40.75546],[-73.928154,40.755836],[-73.928956,40.756213],[-73.929751,40.756581],[-73.930553,40.756959],[-73.931351,40.757334],[-73.932152,40.75771],[-73.933353,40.758274],[-73.93425,40.758695],[-73.934961,40.759025],[-73.935034,40.759059],[-73.93506,40.759071],[-73.935799,40.759418],[-73.935882,40.759457],[-73.936791,40.759883],[-73.936056,40.760653],[-73.936017,40.760694],[-73.935933,40.760782],[-73.935893,40.760824],[-73.935844,40.760875],[-73.935812,40.760909],[-73.935775,40.760948],[-73.9357,40.761027],[-73.935663,40.761065],[-73.935609,40.761122],[-73.935565,40.761167],[-73.935504,40.761232],[-73.935467,40.76127],[-73.935433,40.761306],[-73.93539,40.761355],[-73.934808,40.76196],[-73.934725,40.762047],[-73.934639,40.762137],[-73.934573,40.762206],[-73.934372,40.762417],[-73.934297,40.762495],[-73.934108,40.762693],[-73.934043,40.762761],[-73.933981,40.762826],[-73.935414,40.763497],[-73.936147,40.763843],[-73.936169,40.763853],[-73.936192,40.763864],[-73.936216,40.763876],[-73.936256,40.763894],[-73.936842,40.764165],[-73.93687,40.764178],[-73.937005,40.76424],[-73.936005,40.765885],[-73.93682,40.766183],[-73.937635,40.766475],[-73.938461,40.766768],[-73.93859,40.766817],[-73.938361,40.766911],[-73.937093,40.76736],[-73.936184,40.767692],[-73.935949,40.767578],[-73.934935,40.767013],[-73.934229,40.767855],[-73.933445,40.768818],[-73.932024,40.768256],[-73.929856,40.767327],[-73.928556,40.766714],[-73.926438,40.765733],[-73.925061,40.765097],[-73.924253,40.764725],[-73.923539,40.765603],[-73.922189,40.767267],[-73.921391,40.766894],[-73.920587,40.766521],[-73.919778,40.766152],[-73.918906,40.767227],[-73.918493,40.767735],[-73.919112,40.768025],[-73.919956,40.76844],[-73.91829,40.769879],[-73.918117,40.770028],[-73.917591,40.769901],[-73.916821,40.769792],[-73.91644,40.76973],[-73.915849,40.769634],[-73.914874,40.76947],[-73.913889,40.769324],[-73.912917,40.769161],[-73.91194,40.76901],[-73.910942,40.768852],[-73.90998,40.768697],[-73.909009,40.768548],[-73.908031,40.768385],[-73.907087,40.768236],[-73.906113,40.768068],[-73.905774,40.768029],[-73.905548,40.767977],[-73.905317,40.767899],[-73.904909,40.767746],[-73.904465,40.767584],[-73.904273,40.767545],[-73.904189,40.76753],[-73.904136,40.76752]]]]}},{"type":"Feature","id":17,"properties":{"pu_location_id":17,"zone_name":"Bedford","borough":"Brooklyn"},"geometry":{"type":"MultiPolygon","coordinates":[[[[-73.943064,40.701424],[-73.942201,40.700891],[-73.941931,40.700725],[-73.944388,40.700425],[-73.944243,40.699699],[-73.944096,40.698973],[-73.943949,40.698221],[-73.943918,40.698056],[-73.943804,40.697469],[-73.943785,40.69737],[-73.943743,40.697155],[-73.943725,40.69706],[-73.943684,40.696852],[-73.943638,40.696613],[-73.943621,40.696526],[-73.943556,40.696191],[-73.94354,40.696108],[-73.943525,40.696031],[-73.943388,40.695289],[-73.943242,40.694557],[-73.943128,40.693967],[-73.943114,40.693895],[-73.9431,40.693823],[-73.942951,40.693091],[-73.942808,40.692358],[-73.942662,40.691624],[-73.942516,40.690892],[-73.942369,40.69016],[-73.942222,40.689428],[-73.942077,40.688697],[-73.941932,40.687963],[-73.941785,40.687228],[-73.941639,40.686497],[-73.941495,40.685765],[-73.941348,40.685031],[-73.941204,40.6843],[-73.941058,40.683567],[-73.940913,40.682834],[-73.940769,40.682101],[-73.94062,40.68137],[-73.940476,40.680636],[-73.940328,40.67989],[-73.941209,40.679938],[-73.943262,40.680051],[-73.943973,40.680088],[-73.946275,40.680213],[-73.946749,40.68024],[-73.94773,40.680292],[-73.949557,40.68039],[-73.951158,40.680479],[-73.951557,40.680499],[-73.95337,40.680641],[-73.953516,40.681383],[-73.953663,40.682115],[-73.953809,40.682848],[-73.953955,40.683581],[-73.9541,40.684313],[-73.954246,40.685046],[-73.954393,40.68578],[-73.954538,40.686511],[-73.954684,40.687245],[-73.956842,40.686996],[-73.959568,40.686683],[-73.959714,40.687416],[-73.959859,40.688147],[-73.960005,40.688881],[-73.960097,40.689345],[-73.960122,40.689469],[-73.960173,40.68973],[-73.960187,40.689803],[-73.960223,40.689989],[-73.960237,40.690062],[-73.960293,40.690346],[-73.960138,40.690364],[-73.960083,40.690371],[-73.959576,40.69043],[-73.959428,40.690447],[-73.959349,40.690456],[-73.959281,40.690464],[-73.958993,40.690498],[-73.958867,40.690512],[-73.958578,40.690546],[-73.95818,40.690591],[-73.958086,40.690601],[-73.957272,40.690693],[-73.956356,40.6908],[-73.955411,40.690908],[-73.955827,40.692992],[-73.956142,40.694579],[-73.957087,40.69447],[-73.957997,40.694366],[-73.95931,40.694215],[-73.960159,40.694117],[-73.960621,40.69632],[-73.960925,40.697737],[-73.961051,40.698326],[-73.960197,40.698463],[-73.958859,40.698677],[-73.957959,40.69882],[-73.95702,40.698974],[-73.957167,40.699708],[-73.957225,40.699999],[-73.957457,40.700823],[-73.955724,40.701946],[-73.953812,40.703181],[-73.953181,40.702617],[-73.952551,40.702052],[-73.95192,40.701488],[-73.951288,40.700922],[-73.950274,40.701579],[-73.949379,40.702159],[-73.947539,40.703351],[-73.947052,40.703664],[-73.946251,40.703209],[-73.945855,40.702987],[-73.94545,40.702761],[-73.944639,40.702314],[-73.944315,40.702133],[-73.944005,40.701962],[-73.943825,40.701862],[-73.943227,40.701521],[-73.943064,40.701424]]]]}},{"type":"Feature","id":36,"properties":{"pu_location_id":36,"zone_name":"Bushwick North","borough":"Brooklyn"},"geometry":{"type":"MultiPolygon","coordinates":[[[[-73.912549,40.703873],[-73.911807,40.703435],[-73.912904,40.702362],[-73.912162,40.701923],[-73.911422,40.701487],[-73.910679,40.701046],[-73.911808,40.699938],[-73.911035,40.699532],[-73.909533,40.698675],[-73.908774,40.698255],[-73.908022,40.697825],[-73.90757,40.697572],[-73.907275,40.697399],[-73.906846,40.697164],[-73.906524,40.696976],[-73.906116,40.696751],[-73.905765,40.696549],[-73.905401,40.69635],[-73.905005,40.696119],[-73.904664,40.695932],[-73.90426,40.6957],[-73.904804,40.695148],[-73.904914,40.695074],[-73.905796,40.694127],[-73.905043,40.693704],[-73.904288,40.693278],[-73.903866,40.693036],[-73.903541,40.692849],[-73.902791,40.692421],[-73.902073,40.691999],[-73.901705,40.69166],[-73.901489,40.691557],[-73.901233,40.691442],[-73.901805,40.690766],[-73.904056,40.688546],[-73.904197,40.688585],[-73.904474,40.688668],[-73.904825,40.688809],[-73.905044,40.688932],[-73.905793,40.689365],[-73.906544,40.689791],[-73.907292,40.690219],[-73.908043,40.690647],[-73.908797,40.691075],[-73.909551,40.691503],[-73.910299,40.69193],[-73.911053,40.692357],[-73.911806,40.692785],[-73.912555,40.693212],[-73.913313,40.693632],[-73.914057,40.694068],[-73.914808,40.694497],[-73.915021,40.694617],[-73.915068,40.694643],[-73.915562,40.694922],[-73.916313,40.695351],[-73.91655,40.695486],[-73.916611,40.695521],[-73.91671,40.695577],[-73.916772,40.695612],[-73.916861,40.695663],[-73.916919,40.695696],[-73.917072,40.695783],[-73.917285,40.695904],[-73.917362,40.695948],[-73.917433,40.695989],[-73.917508,40.696031],[-73.917606,40.696087],[-73.917699,40.69614],[-73.917818,40.696208],[-73.91801,40.696316],[-73.918121,40.696379],[-73.918246,40.69645],[-73.918352,40.69651],[-73.918423,40.69655],[-73.918488,40.696587],[-73.918564,40.69663],[-73.919321,40.69706],[-73.919569,40.697202],[-73.919605,40.697223],[-73.920074,40.69749],[-73.920431,40.697693],[-73.920496,40.697731],[-73.920824,40.697918],[-73.921574,40.698346],[-73.921756,40.698453],[-73.922328,40.698772],[-73.922689,40.698978],[-73.923082,40.699201],[-73.923833,40.699628],[-73.924582,40.700055],[-73.92533,40.700481],[-73.926083,40.70091],[-73.926838,40.701334],[-73.927588,40.701763],[-73.928339,40.702192],[-73.929091,40.70262],[-73.929843,40.703047],[-73.930594,40.703473],[-73.931155,40.703772],[-73.931729,40.703546],[-73.932698,40.70317],[-73.932815,40.703577],[-73.932935,40.703995],[-73.933011,40.704277],[-73.933125,40.704701],[-73.933201,40.704972],[-73.93332,40.705393],[-73.9334,40.705668],[-73.933512,40.706095],[-73.933593,40.706371],[-73.933711,40.706792],[-73.933791,40.707067],[-73.933919,40.707487],[-73.932297,40.707749],[-73.932073,40.707786],[-73.929026,40.708277],[-73.927407,40.708541],[-73.925765,40.708804],[-73.924186,40.709065],[-73.922482,40.709332],[-73.921892,40.709396],[-73.921435,40.709129],[-73.920701,40.708695],[-73.91996,40.708257],[-73.919565,40.708024],[-73.919222,40.707815],[-73.918843,40.707598],[-73.918477,40.707382],[-73.918103,40.70716],[-73.918082,40.707147],[-73.917737,40.706943],[-73.917365,40.706722],[-73.916995,40.706503],[-73.916649,40.706299],[-73.916609,40.706275],[-73.916253,40.706066],[-73.915897,40.705855],[-73.915513,40.705626],[-73.914771,40.705189],[-73.914031,40.704749],[-73.913292,40.704313],[-73.912549,40.703873]]]]}},{"type":"Feature","id":37,"properties":{"pu_location_id":37,"zone_name":"Bushwick South","borough":"Brooklyn"},"geometry":{"type":"MultiPolygon","coordinates":[[[[-73.933125,40.704701],[-73.933011,40.704277],[-73.932935,40.703995],[-73.932815,40.703577],[-73.932698,40.70317],[-73.931729,40.703546],[-73.931155,40.703772],[-73.930594,40.703473],[-73.929843,40.703047],[-73.929091,40.70262],[-73.928339,40.702192],[-73.927588,40.701763],[-73.926838,40.701334],[-73.926083,40.70091],[-73.92533,40.700481],[-73.924582,40.700055],[-73.923833,40.699628],[-73.923082,40.699201],[-73.922689,40.698978],[-73.922328,40.698772],[-73.921756,40.698453],[-73.921574,40.698346],[-73.920824,40.697918],[-73.920496,40.697731],[-73.920431,40.697693],[-73.920074,40.69749],[-73.919605,40.697223],[-73.919569,40.697202],[-73.919321,40.69706],[-73.918564,40.69663],[-73.918488,40.696587],[-73.918423,40.69655],[-73.918352,40.69651],[-73.918246,40.69645],[-73.918121,40.696379],[-73.91801,40.696316],[-73.917818,40.696208],[-73.917699,40.69614],[-73.917606,40.696087],[-73.917508,40.696031],[-73.917433,40.695989],[-73.917362,40.695948],[-73.917285,40.695904],[-73.917072,40.695783],[-73.916919,40.695696],[-73.916861,40.695663],[-73.916772,40.695612],[-73.91671,40.695577],[-73.916611,40.695521],[-73.91655,40.695486],[-73.916313,40.695351],[-73.915562,40.694922],[-73.915068,40.694643],[-73.915021,40.694617],[-73.914808,40.694497],[-73.914057,40.694068],[-73.913313,40.693632],[-73.912555,40.693212],[-73.911806,40.692785],[-73.911053,40.692357],[-73.910299,40.69193],[-73.909551,40.691503],[-73.908797,40.691075],[-73.908043,40.690647],[-73.907292,40.690219],[-73.906544,40.689791],[-73.905793,40.689365],[-73.905044,40.688932],[-73.904825,40.688809],[-73.904474,40.688668],[-73.904197,40.688585],[-73.904056,40.688546],[-73.901805,40.690766],[-73.900425,40.688184],[-73.901162,40.687878],[-73.896526,40.682403],[-73.896466,40.682336],[-73.896526,40.682003],[-73.896582,40.681575],[-73.896635,40.681556],[-73.89675,40.681492],[-73.896873,40.680895],[-73.896922,40.680782],[-73.896979,40.68067],[-73.897045,40.680562],[-73.897119,40.680456],[-73.897201,40.680355],[-73.897291,40.680257],[-73.897389,40.680163],[-73.897493,40.680074],[-73.897672,40.679969],[-73.897863,40.679875],[-73.898064,40.679793],[-73.898274,40.679725],[-73.89849,40.679671],[-73.898709,40.67963],[-73.898899,40.679561],[-73.899698,40.679544],[-73.90047,40.679535],[-73.900752,40.679677],[-73.902623,40.680665],[-73.903589,40.679675],[-73.904046,40.679221],[-73.904569,40.679516],[-73.904791,40.679641],[-73.905414,40.679993],[-73.905493,40.680037],[-73.905548,40.680072],[-73.905659,40.680141],[-73.906283,40.680507],[-73.906719,40.680767],[-73.907018,40.680948],[-73.907772,40.681378],[-73.908516,40.681804],[-73.90886,40.681994],[-73.909055,40.682106],[-73.909275,40.682234],[-73.910025,40.682657],[-73.91077,40.683093],[-73.911512,40.683505],[-73.912273,40.683935],[-73.913037,40.684368],[-73.913307,40.684521],[-73.913797,40.6848],[-73.91454,40.685227],[-73.914701,40.685317],[-73.91529,40.685646],[-73.9155,40.685762],[-73.916046,40.686072],[-73.91661,40.686391],[-73.916798,40.686497],[-73.917552,40.68693],[-73.917681,40.687004],[-73.918046,40.687213],[-73.918293,40.687357],[-73.918783,40.687626],[-73.919061,40.687784],[-73.91981,40.688211],[-73.92055,40.688641],[-73.920961,40.688872],[-73.921214,40.689019],[-73.921306,40.689072],[-73.922071,40.68949],[-73.922807,40.689924],[-73.92317,40.690123],[-73.923644,40.690399],[-73.924292,40.690773],[-73.924392,40.690832],[-73.925365,40.691366],[-73.925561,40.691491],[-73.926316,40.691928],[-73.92645,40.692002],[-73.927071,40.692346],[-73.927507,40.692604],[-73.927811,40.692774],[-73.928043,40.692904],[-73.928507,40.693166],[-73.928643,40.693241],[-73.928828,40.69335],[-73.928829,40.69335],[-73.929702,40.693863],[-73.930511,40.694317],[-73.931145,40.694674],[-73.931458,40.694855],[-73.931774,40.695028],[-73.931929,40.695115],[-73.932366,40.695358],[-73.933119,40.695791],[-73.933828,40.696184],[-73.934134,40.696358],[-73.934488,40.69656],[-73.93458,40.696613],[-73.934607,40.696628],[-73.934689,40.696675],[-73.934797,40.696737],[-73.935223,40.696987],[-73.936007,40.697406],[-73.936388,40.697615],[-73.93676,40.697831],[-73.937391,40.698186],[-73.937774,40.698405],[-73.938177,40.69864],[-73.938569,40.698848],[-73.938965,40.698801],[-73.939064,40.698789],[-73.93952,40.698735],[-73.93961,40.698724],[-73.940021,40.698675],[-73.940111,40.698665],[-73.940513,40.698617],[-73.940594,40.698607],[-73.94072,40.698592],[-73.940814,40.698581],[-73.94115,40.698541],[-73.941767,40.698471],[-73.941851,40.698461],[-73.942475,40.69839],[-73.942537,40.698383],[-73.942921,40.698339],[-73.942997,40.69833],[-73.943949,40.698221],[-73.944096,40.698973],[-73.944243,40.699699],[-73.944388,40.700425],[-73.941931,40.700725],[-73.940421,40.701077],[-73.940545,40.701798],[-73.940601,40.702142],[-73.94062,40.702255],[-73.940676,40.702593],[-73.940765,40.703134],[-73.940779,40.703222],[-73.940893,40.703914],[-73.94103,40.704636],[-73.94168,40.704574],[-73.94177,40.704566],[-73.942143,40.70453],[-73.942211,40.704523],[-73.942734,40.704473],[-73.94285,40.705182],[-73.942966,40.705888],[-73.943086,40.706597],[-73.943202,40.707335],[-73.943323,40.70807],[-73.94344,40.708781],[-73.943544,40.709416],[-73.943557,40.709496],[-73.943571,40.709578],[-73.943585,40.709665],[-73.943677,40.710223],[-73.943688,40.710293],[-73.943788,40.7109],[-73.943577,40.71092],[-73.94327,40.710949],[-73.942836,40.71099],[-73.94246,40.711026],[-73.942106,40.711059],[-73.94197,40.711072],[-73.941592,40.711108],[-73.941169,40.711147],[-73.940754,40.711187],[-73.940423,40.711218],[-73.940477,40.711563],[-73.940688,40.711962],[-73.938466,40.712489],[-73.93832,40.712524],[-73.937248,40.712783],[-73.934803,40.713372],[-73.934533,40.712753],[-73.934257,40.712123],[-73.933893,40.711336],[-73.933601,40.710669],[-73.933296,40.709988],[-73.932997,40.709317],[-73.932692,40.708632],[-73.932523,40.708238],[-73.932297,40.707749],[-73.933919,40.707487],[-73.933791,40.707067],[-73.933711,40.706792],[-73.933593,40.706371],[-73.933512,40.706095],[-73.9334,40.705668],[-73.93332,40.705393],[-73.933201,40.704972],[-73.933125,40.704701]]]]}},{"type":"Feature","id":39,"properties":{"pu_location_id":39,"zone_name":"Canarsie","borough":"Brooklyn"},"geometry":{"type":"MultiPolygon","coordinates":[[[[-73.891219,40.649988],[-73.890568,40.649209],[-73.890581,40.64921],[-73.890589,40.649211],[-73.890597,40.649213],[-73.890604,40.649216],[-73.890608,40.649217],[-73.890612,40.649219],[-73.890618,40.649222],[-73.890632,40.649227],[-73.890645,40.649232],[-73.890658,40.649238],[-73.890692,40.649258],[-73.890708,40.649269],[-73.890723,40.649285],[-73.89074,40.6493],[-73.890757,40.649316],[-73.890763,40.649323],[-73.89077,40.64933],[-73.890777,40.649337],[-73.890786,40.649343],[-73.890795,40.649349],[-73.890804,40.649355],[-73.890813,40.64936],[-73.890823,40.649364],[-73.890833,40.649368],[-73.890844,40.649371],[-73.890853,40.649374],[-73.890862,40.649376],[-73.890872,40.649378],[-73.890882,40.649379],[-73.890891,40.64938],[-73.890901,40.649379],[-73.890916,40.649378],[-73.890932,40.649376],[-73.890946,40.649374],[-73.890961,40.64937],[-73.890976,40.649367],[-73.890981,40.649364],[-73.89099,40.649359],[-73.891003,40.649351],[-73.891016,40.649342],[-73.891028,40.649333],[-73.89104,40.649323],[-73.891051,40.649313],[-73.89106,40.649304],[-73.891061,40.649303],[-73.89107,40.649292],[-73.891079,40.649281],[-73.891088,40.649269],[-73.891095,40.649257],[-73.891102,40.649246],[-73.89111,40.649235],[-73.891118,40.649225],[-73.891128,40.649215],[-73.891137,40.649205],[-73.891148,40.649195],[-73.891157,40.649188],[-73.891159,40.649186],[-73.891171,40.649178],[-73.891183,40.64917],[-73.891188,40.649163],[-73.891193,40.649156],[-73.891197,40.649149],[-73.8912,40.649142],[-73.891202,40.649134],[-73.891204,40.649127],[-73.891205,40.649119],[-73.891205,40.649112],[-73.891205,40.649106],[-73.891205,40.649104],[-73.891204,40.649096],[-73.891202,40.649089],[-73.891199,40.649082],[-73.891196,40.649074],[-73.891191,40.649067],[-73.891188,40.649045],[-73.891183,40.649023],[-73.891178,40.649002],[-73.891172,40.64898],[-73.891165,40.648958],[-73.891158,40.648937],[-73.891149,40.648916],[-73.89114,40.648895],[-73.89113,40.648874],[-73.89112,40.648853],[-73.891108,40.648833],[-73.891096,40.648812],[-73.891083,40.648793],[-73.891041,40.648744],[-73.891002,40.648699],[-73.890998,40.648695],[-73.890995,40.648691],[-73.890957,40.648645],[-73.890915,40.648596],[-73.890913,40.648593],[-73.890874,40.648546],[-73.890852,40.648525],[-73.890846,40.648519],[-73.890817,40.648493],[-73.890788,40.648467],[-73.890786,40.648466],[-73.890758,40.648442],[-73.890727,40.648417],[-73.890715,40.648407],[-73.890696,40.648392],[-73.890664,40.648368],[-73.890632,40.648344],[-73.890599,40.648321],[-73.890566,40.648298],[-73.890545,40.648281],[-73.890525,40.648263],[-73.890506,40.648245],[-73.890488,40.648226],[-73.89047,40.648208],[-73.890453,40.648188],[-73.890436,40.648169],[-73.890421,40.648149],[-73.890406,40.648128],[-73.890391,40.648108],[-73.89034,40.648041],[-73.890321,40.648016],[-73.890302,40.647993],[-73.890281,40.647969],[-73.89026,40.647946],[-73.890238,40.647923],[-73.890215,40.647901],[-73.890192,40.647879],[-73.890168,40.647858],[-73.890128,40.647825],[-73.890122,40.64782],[-73.890112,40.647812],[-73.890092,40.647794],[-73.890077,40.647782],[-73.890033,40.647743],[-73.89,40.647714],[-73.889995,40.647709],[-73.889989,40.647704],[-73.889975,40.647694],[-73.889961,40.647683],[-73.889948,40.647672],[-73.889936,40.64766],[-73.889924,40.647648],[-73.889912,40.647636],[-73.889901,40.647624],[-73.889891,40.647611],[-73.889882,40.647598],[-73.889873,40.647585],[-73.889864,40.647571],[-73.889856,40.647557],[-73.889836,40.647534],[-73.889815,40.64751],[-73.889793,40.647487],[-73.889771,40.647465],[-73.889755,40.647449],[-73.889748,40.647443],[-73.889724,40.647421],[-73.889699,40.6474],[-73.889674,40.647379],[-73.889645,40.647348],[-73.889614,40.647318],[-73.889583,40.647288],[-73.889551,40.647259],[-73.889518,40.64723],[-73.889485,40.647202],[-73.889451,40.647174],[-73.889432,40.647151],[-73.889415,40.647129],[-73.889398,40.647106],[-73.889381,40.647082],[-73.889366,40.647059],[-73.889351,40.647035],[-73.889473,40.646957],[-73.889489,40.646934],[-73.889482,40.646913],[-73.88941,40.646798],[-73.889194,40.646523],[-73.889081,40.646389],[-73.888797,40.64605],[-73.888779,40.646056],[-73.888761,40.64607],[-73.888999,40.646372],[-73.889309,40.646746],[-73.889414,40.646893],[-73.889422,40.646916],[-73.889414,40.646938],[-73.889376,40.646975],[-73.889311,40.647015],[-73.889188,40.64708],[-73.889187,40.64708],[-73.889132,40.647088],[-73.889095,40.647071],[-73.88906,40.647044],[-73.889045,40.647047],[-73.889042,40.647066],[-73.889049,40.647085],[-73.888986,40.647163],[-73.888896,40.647219],[-73.888865,40.64722],[-73.888846,40.647208],[-73.888802,40.647197],[-73.888781,40.647194],[-73.888781,40.647194],[-73.888761,40.647181],[-73.888734,40.647149],[-73.888729,40.647138],[-73.888723,40.647125],[-73.888713,40.647113],[-73.888691,40.647096],[-73.888666,40.647088],[-73.888641,40.64708],[-73.888535,40.646968],[-73.888549,40.646968],[-73.888558,40.646966],[-73.888567,40.646966],[-73.888579,40.646964],[-73.888595,40.646958],[-73.888616,40.646946],[-73.88864,40.646911],[-73.888654,40.646885],[-73.888655,40.64686],[-73.888655,40.64683],[-73.888646,40.6468],[-73.888642,40.646785],[-73.888615,40.646735],[-73.888599,40.646713],[-73.888599,40.646712],[-73.888565,40.646691],[-73.8885,40.646664],[-73.88843,40.646647],[-73.888359,40.646643],[-73.888355,40.646644],[-73.888289,40.646658],[-73.888228,40.646653],[-73.888189,40.64665],[-73.888161,40.646647],[-73.888139,40.646644],[-73.888103,40.64664],[-73.888081,40.646621],[-73.888066,40.646589],[-73.88806,40.646554],[-73.88806,40.646554],[-73.888057,40.646534],[-73.888057,40.646534],[-73.888064,40.646516],[-73.888066,40.646488],[-73.888067,40.6463],[-73.888073,40.646283],[-73.888091,40.646268],[-73.888088,40.646252],[-73.888094,40.646213],[-73.888137,40.646176],[-73.888143,40.64617],[-73.888164,40.646156],[-73.88821,40.646113],[-73.888214,40.646111],[-73.888273,40.646085],[-73.88829,40.646066],[-73.88829,40.646059],[-73.88829,40.646044],[-73.888289,40.646044],[-73.888275,40.646052],[-73.88827,40.646054],[-73.888269,40.646055],[-73.888263,40.64606],[-73.88823,40.646031],[-73.888224,40.646026],[-73.888223,40.646025],[-73.888253,40.646015],[-73.888256,40.646014],[-73.888256,40.646014],[-73.888248,40.64601],[-73.888241,40.646006],[-73.888226,40.646004],[-73.888211,40.646003],[-73.888192,40.646007],[-73.88818,40.646009],[-73.888128,40.646023],[-73.888105,40.646028],[-73.888075,40.646035],[-73.888036,40.64604],[-73.888029,40.646041],[-73.888006,40.64603],[-73.888001,40.646028],[-73.887982,40.646004],[-73.887962,40.645981],[-73.887929,40.645948],[-73.887929,40.645948],[-73.887872,40.645912],[-73.88784,40.645873],[-73.887839,40.645873],[-73.887836,40.645869],[-73.887805,40.645823],[-73.887771,40.645785],[-73.887764,40.645777],[-73.887741,40.645741],[-73.887745,40.645728],[-73.887747,40.645723],[-73.88775,40.645715],[-73.887739,40.645714],[-73.887715,40.645712],[-73.887675,40.645667],[-73.887629,40.645625],[-73.887607,40.645592],[-73.887596,40.645576],[-73.887585,40.645561],[-73.887585,40.645561],[-73.887575,40.645548],[-73.887555,40.645516],[-73.887543,40.645498],[-73.887512,40.645467],[-73.887499,40.645454],[-73.887496,40.64545],[-73.887468,40.645419],[-73.887462,40.645413],[-73.887442,40.645394],[-73.887426,40.645375],[-73.887416,40.645364],[-73.887411,40.645339],[-73.88741,40.645329],[-73.887436,40.645317],[-73.887454,40.645309],[-73.88748,40.645306],[-73.88748,40.645306],[-73.887485,40.645309],[-73.887494,40.645313],[-73.887494,40.645313],[-73.887507,40.645317],[-73.887502,40.645279],[-73.887502,40.645279],[-73.887517,40.645265],[-73.887518,40.645265],[-73.887548,40.645256],[-73.887602,40.645231],[-73.887644,40.645211],[-73.887664,40.645201],[-73.887671,40.645198],[-73.887725,40.645172],[-73.887752,40.64516],[-73.887768,40.645154],[-73.887809,40.645136],[-73.887826,40.645128],[-73.887848,40.645117],[-73.887887,40.645096],[-73.887904,40.64508],[-73.887917,40.645068],[-73.887926,40.645066],[-73.887934,40.645084],[-73.887956,40.645114],[-73.887965,40.645127],[-73.887965,40.645127],[-73.887989,40.645133],[-73.888006,40.645155],[-73.888025,40.645158],[-73.888026,40.645158],[-73.888027,40.645159],[-73.888068,40.64517],[-73.888072,40.645169],[-73.888076,40.645167],[-73.888078,40.645166],[-73.888084,40.645164],[-73.888084,40.64516],[-73.888084,40.645151],[-73.888056,40.64512],[-73.888046,40.64511],[-73.88801,40.645077],[-73.887964,40.645033],[-73.887949,40.645021],[-73.887927,40.645005],[-73.887913,40.645003],[-73.887881,40.645021],[-73.887881,40.645021],[-73.887868,40.645026],[-73.887845,40.645035],[-73.887782,40.645039],[-73.887735,40.645043],[-73.887672,40.645066],[-73.887612,40.645098],[-73.887549,40.645126],[-73.887497,40.645153],[-73.887487,40.645158],[-73.887426,40.645188],[-73.887425,40.645188],[-73.887369,40.645224],[-73.887344,40.645224],[-73.887315,40.645205],[-73.887302,40.645196],[-73.887291,40.645186],[-73.887269,40.645166],[-73.887253,40.645138],[-73.887245,40.645106],[-73.887209,40.645084],[-73.887199,40.645078],[-73.887192,40.645067],[-73.887184,40.645053],[-73.887187,40.645014],[-73.887181,40.644999],[-73.887174,40.64498],[-73.887164,40.644976],[-73.88715,40.644971],[-73.887112,40.644945],[-73.887092,40.644919],[-73.887091,40.644887],[-73.887091,40.644868],[-73.887075,40.644814],[-73.887068,40.644787],[-73.887062,40.644767],[-73.887034,40.644744],[-73.887015,40.644728],[-73.886985,40.644677],[-73.886959,40.644625],[-73.886941,40.64457],[-73.886937,40.644554],[-73.886925,40.644537],[-73.886916,40.644525],[-73.886912,40.644474],[-73.88689,40.644453],[-73.886872,40.644445],[-73.886803,40.64444],[-73.886784,40.644446],[-73.886784,40.644447],[-73.886779,40.644457],[-73.886775,40.644465],[-73.886784,40.644474],[-73.886784,40.644475],[-73.886794,40.644498],[-73.886796,40.64452],[-73.886786,40.644522],[-73.886785,40.644522],[-73.886748,40.644487],[-73.88671,40.644439],[-73.886684,40.644422],[-73.886683,40.644421],[-73.886677,40.644416],[-73.886652,40.644391],[-73.886639,40.644382],[-73.886631,40.644352],[-73.88663,40.644352],[-73.886617,40.644345],[-73.886584,40.644331],[-73.886581,40.64433],[-73.88658,40.644331],[-73.886549,40.644312],[-73.886551,40.644311],[-73.886576,40.644294],[-73.886542,40.644232],[-73.886433,40.644193],[-73.886433,40.644192],[-73.886426,40.644187],[-73.886417,40.644179],[-73.886407,40.64417],[-73.886372,40.644137],[-73.886362,40.644113],[-73.886358,40.644103],[-73.886346,40.644074],[-73.886337,40.64405],[-73.886305,40.644006],[-73.886285,40.643993],[-73.886226,40.643949],[-73.886236,40.643895],[-73.886247,40.64384],[-73.886236,40.643817],[-73.886165,40.643802],[-73.886137,40.643794],[-73.886129,40.643787],[-73.88612,40.643779],[-73.886098,40.643748],[-73.886072,40.643696],[-73.886072,40.643695],[-73.886025,40.643661],[-73.885991,40.643661],[-73.885952,40.643661],[-73.88591,40.64366],[-73.88588,40.64366],[-73.885879,40.64366],[-73.885867,40.643657],[-73.88585,40.643652],[-73.885828,40.643631],[-73.885801,40.643612],[-73.885789,40.643605],[-73.885769,40.643594],[-73.885728,40.643583],[-73.8857,40.643576],[-73.885689,40.64357],[-73.885669,40.643559],[-73.885646,40.643539],[-73.885622,40.643528],[-73.885606,40.64352],[-73.885585,40.643513],[-73.885539,40.643498],[-73.885513,40.643472],[-73.885485,40.643463],[-73.885476,40.64346],[-73.885436,40.643456],[-73.88538,40.64344],[-73.885352,40.643419],[-73.885352,40.643419],[-73.885324,40.64341],[-73.885253,40.643391],[-73.88519,40.643365],[-73.885128,40.643337],[-73.885098,40.64332],[-73.885068,40.643303],[-73.885021,40.643286],[-73.884955,40.643264],[-73.884938,40.643247],[-73.884922,40.643226],[-73.884922,40.643225],[-73.884914,40.643221],[-73.884914,40.643221],[-73.884863,40.643194],[-73.884832,40.64318],[-73.884799,40.643166],[-73.884752,40.64315],[-73.884733,40.643143],[-73.884692,40.643121],[-73.884684,40.643116],[-73.884634,40.643087],[-73.884617,40.643074],[-73.884383,40.642911],[-73.883736,40.64245],[-73.883113,40.641874],[-73.882516,40.641351],[-73.881902,40.640835],[-73.881265,40.640219],[-73.880789,40.639757],[-73.880767,40.639582],[-73.880551,40.639159],[-73.87975,40.638422],[-73.879539,40.638218],[-73.879455,40.638192],[-73.879355,40.638179],[-73.879118,40.638267],[-73.879077,40.638303],[-73.879051,40.638436],[-73.878967,40.63846],[-73.878874,40.638439],[-73.878765,40.638369],[-73.8787,40.638338],[-73.878639,40.638294],[-73.878594,40.638217],[-73.878437,40.637949],[-73.878612,40.637649],[-73.878635,40.637552],[-73.878467,40.63749],[-73.877837,40.636902],[-73.877144,40.635976],[-73.877494,40.63539],[-73.877939,40.63502],[-73.878137,40.634695],[-73.878206,40.634573],[-73.878333,40.63448],[-73.878565,40.634339],[-73.878728,40.634251],[-73.878905,40.634116],[-73.879183,40.634015],[-73.879369,40.633908],[-73.879712,40.63369],[-73.879988,40.633515],[-73.880185,40.63331],[-73.880233,40.633227],[-73.880376,40.63298],[-73.880933,40.632587],[-73.881271,40.632369],[-73.881445,40.632305],[-73.881622,40.632297],[-73.88163,40.632297],[-73.881782,40.63225],[-73.881979,40.632173],[-73.882086,40.632079],[-73.882159,40.632006],[-73.882569,40.631818],[-73.882727,40.631767],[-73.883014,40.631626],[-73.883222,40.631442],[-73.883453,40.631156],[-73.883645,40.630943],[-73.883755,40.630556],[-73.883769,40.630222],[-73.883454,40.629908],[-73.884047,40.62956],[-73.882632,40.628274],[-73.883,40.628026],[-73.883692,40.627559],[-73.88513,40.628827],[-73.885722,40.628447],[-73.886041,40.628697],[-73.886215,40.628681],[-73.886387,40.628658],[-73.886557,40.628629],[-73.886726,40.628594],[-73.886892,40.628553],[-73.887056,40.628506],[-73.887216,40.628454],[-73.887373,40.628396],[-73.887527,40.628332],[-73.887663,40.628269],[-73.887795,40.628202],[-73.887924,40.628131],[-73.888049,40.628055],[-73.888169,40.627976],[-73.888285,40.627892],[-73.890423,40.626279],[-73.890487,40.626225],[-73.890544,40.626167],[-73.890594,40.626105],[-73.890636,40.626039],[-73.890669,40.625971],[-73.890694,40.625901],[-73.89071,40.625829],[-73.890717,40.625757],[-73.890714,40.625684],[-73.890703,40.625612],[-73.890683,40.625541],[-73.890699,40.625449],[-73.890724,40.625358],[-73.890757,40.625269],[-73.890798,40.625182],[-73.890848,40.625098],[-73.890905,40.625016],[-73.890969,40.624938],[-73.891041,40.624863],[-73.89112,40.624793],[-73.891205,40.624727],[-73.891296,40.624665],[-73.891392,40.624609],[-73.891494,40.624558],[-73.891601,40.624429],[-73.891714,40.624304],[-73.891835,40.624182],[-73.891961,40.624063],[-73.892094,40.623949],[-73.892232,40.623839],[-73.892377,40.623733],[-73.892526,40.623632],[-73.892681,40.623535],[-73.892841,40.623443],[-73.893006,40.623356],[-73.893083,40.623362],[-73.89313,40.62341],[-73.893209,40.623426],[-73.893298,40.623442],[-73.893512,40.623378],[-73.893591,40.62339],[-73.894564,40.62302],[-73.8948,40.622933],[-73.894924,40.622886],[-73.895043,40.622834],[-73.895158,40.622776],[-73.895268,40.622713],[-73.895372,40.622644],[-73.89547,40.622571],[-73.895601,40.622543],[-73.895774,40.622519],[-73.895941,40.622547],[-73.895993,40.622583],[-73.896019,40.622615],[-73.895972,40.622654],[-73.895962,40.622663],[-73.895967,40.622703],[-73.896025,40.622747],[-73.896072,40.622774],[-73.896124,40.622775],[-73.896193,40.622772],[-73.896262,40.622769],[-73.896325,40.622792],[-73.89639,40.622817],[-73.898261,40.622989],[-73.901147,40.625685],[-73.901925,40.625847],[-73.902795,40.626029],[-73.903704,40.626218],[-73.904128,40.626306],[-73.904487,40.626475],[-73.904545,40.626503],[-73.904605,40.626531],[-73.904835,40.626639],[-73.904893,40.626666],[-73.904906,40.626673],[-73.904935,40.626686],[-73.905011,40.626722],[-73.905049,40.62674],[-73.905055,40.626743],[-73.905064,40.626747],[-73.905292,40.626854],[-73.905796,40.627092],[-73.905949,40.627164],[-73.906637,40.627488],[-73.907463,40.627877],[-73.908252,40.628248],[-73.908263,40.628253],[-73.908283,40.628263],[-73.909081,40.628638],[-73.909911,40.629029],[-73.910713,40.629407],[-73.911228,40.62965],[-73.911532,40.629792],[-73.912365,40.630182],[-73.913167,40.630557],[-73.913995,40.630945],[-73.916332,40.632039],[-73.916428,40.632036],[-73.916523,40.632027],[-73.916616,40.632012],[-73.916707,40.631989],[-73.916795,40.63196],[-73.916879,40.631925],[-73.916958,40.631884],[-73.917032,40.631838],[-73.9171,40.631786],[-73.917161,40.63173],[-73.918606,40.63209],[-73.91863,40.632347],[-73.918763,40.633638],[-73.918852,40.634483],[-73.918862,40.634577],[-73.918869,40.634644],[-73.918883,40.634767],[-73.918891,40.634839],[-73.918912,40.635034],[-73.918922,40.635121],[-73.91894,40.635287],[-73.918952,40.635394],[-73.918992,40.635759],[-73.919006,40.635894],[-73.919028,40.636098],[-73.919058,40.636385],[-73.919165,40.637403],[-73.919172,40.63747],[-73.91929,40.638596],[-73.919414,40.639775],[-73.919455,40.640173],[-73.919461,40.640239],[-73.919466,40.640284],[-73.919535,40.640858],[-73.919556,40.641185],[-73.919583,40.641396],[-73.91966,40.642078],[-73.919737,40.642778],[-73.919908,40.64433],[-73.919951,40.644708],[-73.919821,40.644784],[-73.91943,40.645061],[-73.919254,40.645178],[-73.918923,40.645398],[-73.918617,40.645602],[-73.918302,40.645812],[-73.917985,40.646011],[-73.917647,40.646223],[-73.917308,40.646443],[-73.916937,40.646684],[-73.916209,40.647151],[-73.9155,40.647605],[-73.914732,40.648101],[-73.913961,40.648601],[-73.913253,40.649061],[-73.912536,40.649521],[-73.911823,40.649983],[-73.911101,40.650448],[-73.91023,40.651014],[-73.909448,40.651522],[-73.908688,40.650721],[-73.908491,40.650586],[-73.908276,40.650499],[-73.907615,40.649896],[-73.907546,40.649834],[-73.906372,40.648779],[-73.905889,40.648345],[-73.9058,40.648265],[-73.905096,40.647607],[-73.903982,40.646629],[-73.903099,40.6472],[-73.902355,40.64769],[-73.901658,40.648142],[-73.900891,40.648642],[-73.900747,40.648735],[-73.90057,40.648848],[-73.900271,40.649038],[-73.900194,40.649089],[-73.899469,40.649542],[-73.898728,40.650025],[-73.897976,40.650494],[-73.897795,40.650613],[-73.897715,40.650665],[-73.897572,40.650759],[-73.897425,40.650855],[-73.897366,40.650894],[-73.897275,40.650953],[-73.897211,40.650995],[-73.896807,40.65126],[-73.896753,40.651296],[-73.896614,40.651387],[-73.896557,40.651424],[-73.89628,40.651606],[-73.896216,40.651648],[-73.895862,40.651881],[-73.89611,40.652104],[-73.896196,40.652182],[-73.89655,40.6525],[-73.896634,40.652576],[-73.896768,40.652697],[-73.896841,40.652762],[-73.897463,40.653321],[-73.89761,40.653454],[-73.897413,40.653538],[-73.896782,40.65381],[-73.896677,40.653855],[-73.895944,40.654173],[-73.895589,40.654324],[-73.895464,40.654378],[-73.895205,40.654488],[-73.894411,40.654833],[-73.893547,40.655203],[-73.892457,40.653711],[-73.891365,40.652365],[-73.890038,40.651178],[-73.890006,40.651149],[-73.890043,40.651119],[-73.891251,40.650026],[-73.891219,40.649988]]],[[[-73.888339,40.64671],[-73.888353,40.646708],[-73.888374,40.64671],[-73.888405,40.646714],[-73.88845,40.646729],[-73.888497,40.646757],[-73.888536,40.646788],[-73.888536,40.646788],[-73.888538,40.646803],[-73.88854,40.646824],[-73.888533,40.646862],[-73.888533,40.646862],[-73.88851,40.646881],[-73.888468,40.6469],[-73.888292,40.646719],[-73.888308,40.646716],[-73.888339,40.64671]]]]}},{"type":"Feature","id":41,"properties":{"pu_location_id":41,"zone_name":"Central Harlem","borough":"Manhattan"},"geometry":{"type":"MultiPolygon","coordinates":[[[[-73.94774,40.8096],[-73.945061,40.808475],[-73.944994,40.808446],[-73.944916,40.808414],[-73.941771,40.807089],[-73.942263,40.806416],[-73.942754,40.805744],[-73.944302,40.806391],[-73.944782,40.805761],[-73.94524,40.805136],[-73.945693,40.804515],[-73.946131,40.803877],[-73.944598,40.803228],[-73.94476,40.803003],[-73.945051,40.802599],[-73.945509,40.80197],[-73.945968,40.801342],[-73.946461,40.800665],[-73.946974,40.799962],[-73.94728,40.799542],[-73.947328,40.799477],[-73.947376,40.799411],[-73.94742,40.79935],[-73.947711,40.798952],[-73.947757,40.798888],[-73.947817,40.798807],[-73.947847,40.798766],[-73.948051,40.798485],[-73.948101,40.798417],[-73.948154,40.798345],[-73.948206,40.798273],[-73.948311,40.798129],[-73.948792,40.797477],[-73.949097,40.797058],[-73.94922,40.79691],[-73.949604,40.79705],[-73.952374,40.79821],[-73.952452,40.79824],[-73.952536,40.798275],[-73.955165,40.799382],[-73.955218,40.799405],[-73.955289,40.799434],[-73.955367,40.799466],[-73.957865,40.800515],[-73.958173,40.800583],[-73.958481,40.80067],[-73.959647,40.801156],[-73.959147,40.801844],[-73.958688,40.80247],[-73.958249,40.803106],[-73.958203,40.803894],[-73.958255,40.804714],[-73.958182,40.805597],[-73.957722,40.806291],[-73.957266,40.806916],[-73.956805,40.807546],[-73.956345,40.808173],[-73.955884,40.808802],[-73.95543,40.809429],[-73.954967,40.810065],[-73.953576,40.809477],[-73.953277,40.80988],[-73.953079,40.810094],[-73.952591,40.810765],[-73.952101,40.811443],[-73.95068,40.810843],[-73.947923,40.809677],[-73.947839,40.809641],[-73.94774,40.8096]]]]}},{"type":"Feature","id":42,"properties":{"pu_location_id":42,"zone_name":"Central Harlem North","borough":"Manhattan"},"geometry":{"type":"MultiPolygon","coordinates":[[[[-73.934361,40.836201],[-73.934452,40.835981],[-73.934561,40.835866],[-73.934755,40.835589],[-73.934754,40.83557],[-73.934805,40.835427],[-73.934819,40.835398],[-73.934832,40.835386],[-73.934848,40.835351],[-73.93487,40.835333],[-73.934895,40.835254],[-73.934915,40.835231],[-73.934936,40.83508],[-73.934942,40.835027],[-73.934959,40.834883],[-73.934979,40.834789],[-73.934988,40.834749],[-73.934951,40.834707],[-73.934958,40.834683],[-73.934965,40.834657],[-73.934966,40.834629],[-73.934973,40.834622],[-73.934972,40.834608],[-73.934994,40.834598],[-73.935031,40.834392],[-73.935036,40.834298],[-73.935031,40.834249],[-73.935042,40.834211],[-73.935076,40.833924],[-73.93507,40.833887],[-73.935083,40.833866],[-73.935097,40.833715],[-73.935097,40.833685],[-73.935104,40.833658],[-73.935112,40.833426],[-73.935117,40.833377],[-73.93512,40.833354],[-73.935132,40.833345],[-73.935126,40.833326],[-73.935129,40.833295],[-73.935124,40.833281],[-73.935138,40.83326],[-73.935137,40.833241],[-73.93513,40.833229],[-73.935122,40.833202],[-73.935124,40.83319],[-73.935116,40.833176],[-73.935132,40.833163],[-73.935139,40.833151],[-73.935128,40.833142],[-73.935125,40.833051],[-73.935122,40.833029],[-73.935116,40.833022],[-73.935112,40.833003],[-73.93512,40.832984],[-73.935118,40.832967],[-73.935124,40.832945],[-73.935121,40.832904],[-73.935132,40.832903],[-73.935145,40.832885],[-73.935167,40.832875],[-73.935165,40.832853],[-73.935157,40.832682],[-73.935129,40.832364],[-73.935114,40.832366],[-73.935078,40.831942],[-73.935096,40.831942],[-73.935088,40.831859],[-73.935068,40.831704],[-73.935023,40.83132],[-73.934985,40.831027],[-73.934935,40.830602],[-73.934894,40.830287],[-73.934831,40.829808],[-73.934799,40.829792],[-73.934801,40.829773],[-73.93479,40.829768],[-73.934793,40.829756],[-73.934781,40.829741],[-73.93477,40.82972],[-73.934759,40.8297],[-73.934763,40.829657],[-73.934744,40.829637],[-73.934739,40.829609],[-73.934749,40.829597],[-73.934737,40.829575],[-73.934723,40.829551],[-73.934726,40.829527],[-73.934715,40.829495],[-73.934701,40.82944],[-73.934694,40.829416],[-73.934713,40.829401],[-73.934705,40.829341],[-73.934693,40.829329],[-73.934676,40.829313],[-73.934662,40.829181],[-73.934683,40.829166],[-73.934708,40.829158],[-73.934701,40.829132],[-73.934681,40.829134],[-73.934677,40.829116],[-73.93467,40.829113],[-73.934654,40.829098],[-73.93465,40.829048],[-73.934662,40.829039],[-73.934663,40.829014],[-73.934665,40.828974],[-73.934656,40.828943],[-73.934655,40.828913],[-73.934636,40.828907],[-73.934616,40.828694],[-73.934612,40.82869],[-73.934603,40.828682],[-73.934609,40.828661],[-73.934611,40.828655],[-73.934608,40.828653],[-73.934601,40.828647],[-73.934599,40.828601],[-73.934602,40.828593],[-73.934612,40.828568],[-73.934609,40.828522],[-73.93461,40.828503],[-73.934612,40.828457],[-73.934604,40.828428],[-73.934607,40.828401],[-73.9346,40.828382],[-73.934608,40.828364],[-73.934598,40.828345],[-73.9346,40.828328],[-73.934594,40.828301],[-73.934587,40.828259],[-73.934596,40.828251],[-73.934587,40.828238],[-73.934592,40.828227],[-73.934598,40.828208],[-73.934589,40.828196],[-73.934587,40.828157],[-73.934565,40.828163],[-73.934558,40.828117],[-73.934546,40.828048],[-73.934542,40.828027],[-73.934533,40.827969],[-73.934522,40.827908],[-73.934539,40.827903],[-73.934532,40.827849],[-73.934521,40.827766],[-73.934516,40.827729],[-73.934424,40.827043],[-73.934483,40.827037],[-73.934464,40.826842],[-73.934428,40.826468],[-73.934367,40.825828],[-73.934356,40.825821],[-73.934326,40.825233],[-73.934295,40.824649],[-73.934294,40.824496],[-73.934273,40.824439],[-73.934246,40.824167],[-73.934218,40.823799],[-73.934166,40.823079],[-73.934147,40.823029],[-73.934146,40.823021],[-73.934134,40.822801],[-73.934121,40.822647],[-73.934118,40.822524],[-73.934102,40.822201],[-73.9341,40.82214],[-73.934098,40.822104],[-73.934091,40.821996],[-73.934079,40.821806],[-73.934074,40.821717],[-73.934077,40.821695],[-73.93407,40.821559],[-73.934044,40.821177],[-73.934046,40.821134],[-73.934036,40.820953],[-73.934027,40.820817],[-73.934004,40.820398],[-73.934001,40.820338],[-73.933983,40.82],[-73.933986,40.819968],[-73.933972,40.81973],[-73.93383,40.81972],[-73.933831,40.819597],[-73.933831,40.819571],[-73.933831,40.819521],[-73.934117,40.819547],[-73.934313,40.81963],[-73.9344,40.819668],[-73.93439,40.819587],[-73.934381,40.819328],[-73.934295,40.818905],[-73.934236,40.818649],[-73.934085,40.817931],[-73.934075,40.817827],[-73.934128,40.817734],[-73.934235,40.817555],[-73.934454,40.817189],[-73.934638,40.816908],[-73.934873,40.816528],[-73.935755,40.815326],[-73.936136,40.814788],[-73.93621,40.814674],[-73.936688,40.814043],[-73.937144,40.813421],[-73.937635,40.812748],[-73.938136,40.812066],[-73.938206,40.811968],[-73.938309,40.811825],[-73.938387,40.811718],[-73.938638,40.811376],[-73.938744,40.811231],[-73.939018,40.810857],[-73.937407,40.810176],[-73.935808,40.809498],[-73.935863,40.80943],[-73.936259,40.808856],[-73.936718,40.80822],[-73.93718,40.807599],[-73.937634,40.806975],[-73.938087,40.806353],[-73.938544,40.80573],[-73.938694,40.805791],[-73.940158,40.806409],[-73.941771,40.807089],[-73.944916,40.808414],[-73.944994,40.808446],[-73.945061,40.808475],[-73.94774,40.8096],[-73.947839,40.809641],[-73.947923,40.809677],[-73.95068,40.810843],[-73.952101,40.811443],[-73.951505,40.812008],[-73.950982,40.812522],[-73.950927,40.812575],[-73.95035,40.813159],[-73.949862,40.8138],[-73.949627,40.8141],[-73.949627,40.8141],[-73.949626,40.8141],[-73.949406,40.814407],[-73.9492,40.814721],[-73.949009,40.81504],[-73.948835,40.815364],[-73.948677,40.815692],[-73.948356,40.816374],[-73.948007,40.817117],[-73.947666,40.817856],[-73.94735,40.818535],[-73.947036,40.819208],[-73.946718,40.819894],[-73.946403,40.820572],[-73.946078,40.821263],[-73.945155,40.820876],[-73.944604,40.821462],[-73.94405,40.822052],[-73.943506,40.822628],[-73.942924,40.823261],[-73.94243,40.823909],[-73.941956,40.824554],[-73.941503,40.825171],[-73.941048,40.825793],[-73.940595,40.826414],[-73.94014,40.827039],[-73.93969,40.827657],[-73.939249,40.828296],[-73.93896,40.828986],[-73.93864,40.829739],[-73.938997,40.829889],[-73.939626,40.830156],[-73.940171,40.830384],[-73.940079,40.830464],[-73.939989,40.830731],[-73.939964,40.830821],[-73.939964,40.830821],[-73.939924,40.830908],[-73.939924,40.830908],[-73.939924,40.830908],[-73.939871,40.830992],[-73.939871,40.830992],[-73.93987,40.830992],[-73.939805,40.83107],[-73.939805,40.83107],[-73.939805,40.83107],[-73.939728,40.831141],[-73.93961,40.831251],[-73.93961,40.831251],[-73.93961,40.831251],[-73.939503,40.831369],[-73.939411,40.831495],[-73.939411,40.831495],[-73.939333,40.831626],[-73.939271,40.831762],[-73.939271,40.831762],[-73.939271,40.831762],[-73.939225,40.8319],[-73.939135,40.832098],[-73.939029,40.832291],[-73.938949,40.832417],[-73.938908,40.83248],[-73.938774,40.832663],[-73.938683,40.832801],[-73.938629,40.832858],[-73.938575,40.832915],[-73.938385,40.833114],[-73.937957,40.833454],[-73.937297,40.833978],[-73.937059,40.834166],[-73.937006,40.834193],[-73.936496,40.834569],[-73.935726,40.835156],[-73.935308,40.835478],[-73.935063,40.835678],[-73.934963,40.83576],[-73.934857,40.835985],[-73.934799,40.83611],[-73.934746,40.836092],[-73.934674,40.836065],[-73.9346,40.836097],[-73.934361,40.836201]]]]}},{"type":"Feature","id":48,"properties":{"pu_location_id":48,"zone_name":"Clinton East","borough":"Manhattan"},"geometry":{"type":"MultiPolygon","coordinates":[[[[-73.991177,40.75533],[-73.991633,40.754707],[-73.994468,40.755909],[-73.995006,40.756137],[-73.995113,40.756176],[-73.995775,40.756455],[-73.997307,40.757111],[-73.997234,40.75721],[-73.996922,40.757638],[-73.996852,40.757733],[-73.996801,40.757789],[-73.996635,40.758013],[-73.996409,40.758339],[-73.995942,40.758981],[-73.995475,40.759627],[-73.994984,40.7603],[-73.994526,40.760927],[-73.99407,40.761553],[-73.993609,40.762183],[-73.993156,40.762806],[-73.992701,40.763431],[-73.992244,40.764057],[-73.991788,40.764684],[-73.991333,40.765309],[-73.990876,40.765934],[-73.990422,40.766561],[-73.989964,40.767187],[-73.989505,40.767815],[-73.989051,40.76844],[-73.988559,40.769116],[-73.988063,40.769791],[-73.985217,40.768595],[-73.982365,40.767392],[-73.982877,40.766716],[-73.983367,40.766045],[-73.983822,40.765418],[-73.984282,40.764792],[-73.984734,40.764169],[-73.985192,40.763544],[-73.985647,40.762915],[-73.986104,40.76229],[-73.986561,40.76166],[-73.987015,40.761037],[-73.987475,40.760405],[-73.987926,40.75979],[-73.98839,40.759164],[-73.988843,40.758533],[-73.989297,40.757907],[-73.989791,40.757233],[-73.990276,40.756568],[-73.990726,40.75595],[-73.991177,40.75533]]]]}},{"type":"Feature","id":61,"properties":{"pu_location_id":61,"zone_name":"Crown Heights North","borough":"Brooklyn"},"geometry":{"type":"MultiPolygon","coordinates":[[[[-73.929161,40.683436],[-73.929009,40.682703],[-73.926095,40.683039],[-73.922814,40.683414],[-73.92267,40.682682],[-73.922545,40.681936],[-73.922508,40.68171],[-73.922493,40.681616],[-73.922427,40.681211],[-73.922402,40.68109],[-73.922383,40.680994],[-73.92237,40.68093],[-73.922355,40.680856],[-73.922338,40.680776],[-73.922313,40.680648],[-73.922278,40.680476],[-73.922256,40.680368],[-73.922237,40.68027],[-73.922216,40.680167],[-73.922177,40.67997],[-73.922152,40.679845],[-73.922132,40.679745],[-73.922111,40.679658],[-73.922088,40.679559],[-73.922055,40.67942],[-73.922032,40.679326],[-73.922015,40.679256],[-73.922,40.679191],[-73.921973,40.679078],[-73.921835,40.678946],[-73.921647,40.67887],[-73.921712,40.678116],[-73.921815,40.677018],[-73.921824,40.676938],[-73.921832,40.676849],[-73.921901,40.676132],[-73.921975,40.675349],[-73.922048,40.674574],[-73.922132,40.673684],[-73.922214,40.672792],[-73.9223,40.6719],[-73.922384,40.671009],[-73.922454,40.670261],[-73.922467,40.670117],[-73.922544,40.669276],[-73.922614,40.668564],[-73.922632,40.668373],[-73.922655,40.668127],[-73.922727,40.667365],[-73.922753,40.667097],[-73.922811,40.667072],[-73.923034,40.666974],[-73.92312,40.666937],[-73.923232,40.666888],[-73.92331,40.666853],[-73.924245,40.666445],[-73.924391,40.666381],[-73.925463,40.665917],[-73.925922,40.665715],[-73.92638,40.665515],[-73.927393,40.665075],[-73.927712,40.664934],[-73.928229,40.66471],[-73.928722,40.664496],[-73.928692,40.664962],[-73.928684,40.665086],[-73.929307,40.665117],[-73.931455,40.665234],[-73.934224,40.665378],[-73.936984,40.665536],[-73.936945,40.665981],[-73.936907,40.666427],[-73.936868,40.66685],[-73.936825,40.667317],[-73.936749,40.668127],[-73.939515,40.668296],[-73.942284,40.668461],[-73.945046,40.668615],[-73.947819,40.668784],[-73.947751,40.669495],[-73.94773,40.669713],[-73.9505,40.669868],[-73.951605,40.669924],[-73.95327,40.670007],[-73.95527,40.670125],[-73.957973,40.670657],[-73.959047,40.670882],[-73.961319,40.671407],[-73.961264,40.671564],[-73.961029,40.672243],[-73.96071,40.673121],[-73.960393,40.673999],[-73.960074,40.674878],[-73.963182,40.67553],[-73.962864,40.676405],[-73.962546,40.677287],[-73.962228,40.678166],[-73.961956,40.678934],[-73.96168,40.679702],[-73.96154,40.680086],[-73.96141,40.680413],[-73.961347,40.680464],[-73.958292,40.679831],[-73.955959,40.679346],[-73.955294,40.679203],[-73.955309,40.679273],[-73.955437,40.679958],[-73.954368,40.680075],[-73.953282,40.6802],[-73.95337,40.680641],[-73.951557,40.680499],[-73.951158,40.680479],[-73.949557,40.68039],[-73.94773,40.680292],[-73.946749,40.68024],[-73.946275,40.680213],[-73.943973,40.680088],[-73.943262,40.680051],[-73.941209,40.679938],[-73.940328,40.67989],[-73.938436,40.679786],[-73.937398,40.67973],[-73.934872,40.679593],[-73.934351,40.679563],[-73.934395,40.679835],[-73.934508,40.680222],[-73.934571,40.680565],[-73.934714,40.681297],[-73.934863,40.682031],[-73.935008,40.682764],[-73.932087,40.6831],[-73.929161,40.683436]]]]}},{"type":"Feature","id":68,"properties":{"pu_location_id":68,"zone_name":"East Chelsea","borough":"Manhattan"},"geometry":{"type":"MultiPolygon","coordinates":[[[[-74.002019,40.740444],[-74.002524,40.739753],[-74.003107,40.739998],[-74.005158,40.740858],[-74.005366,40.740945],[-74.006971,40.741627],[-74.007791,40.741971],[-74.008204,40.742148],[-74.007896,40.74257],[-74.007705,40.742834],[-74.007238,40.74347],[-74.006966,40.743847],[-74.006811,40.744061],[-74.006385,40.744646],[-74.00596,40.745231],[-74.005534,40.745816],[-74.005107,40.746403],[-74.004653,40.747023],[-74.004168,40.747689],[-74.003903,40.748054],[-74.003683,40.748355],[-74.003236,40.748974],[-74.003161,40.749076],[-74.003128,40.749122],[-74.002785,40.749592],[-74.002459,40.750036],[-74.002431,40.750073],[-74.002332,40.750208],[-74.001883,40.750828],[-74.00143,40.751446],[-74.000975,40.752055],[-74.000861,40.752215],[-74.000527,40.752689],[-74.000015,40.753392],[-73.999925,40.753516],[-73.999632,40.753918],[-73.999143,40.754585],[-73.998661,40.755252],[-73.998209,40.755869],[-73.997758,40.756488],[-73.997307,40.757111],[-73.995775,40.756455],[-73.995113,40.756176],[-73.995006,40.756137],[-73.994468,40.755909],[-73.991633,40.754707],[-73.992079,40.754091],[-73.992529,40.753474],[-73.992979,40.752853],[-73.993464,40.75219],[-73.993948,40.751522],[-73.994379,40.75093],[-73.994844,40.750293],[-73.995298,40.749672],[-73.995749,40.749052],[-73.996197,40.748439],[-73.996647,40.747823],[-73.997099,40.747205],[-73.997552,40.746581],[-73.998008,40.745951],[-73.998487,40.745294],[-73.998972,40.74463],[-73.999422,40.74401],[-73.999848,40.743425],[-74.000275,40.742839],[-74.000703,40.742254],[-74.001129,40.741668],[-74.001555,40.74108],[-74.002019,40.740444]]]]}},{"type":"Feature","id":74,"properties":{"pu_location_id":74,"zone_name":"East Harlem North","borough":"Manhattan"},"geometry":{"type":"MultiPolygon","coordinates":[[[[-73.933806,40.816512],[-73.933829,40.815585],[-73.933946,40.815588],[-73.933946,40.815576],[-73.933942,40.815565],[-73.933949,40.815556],[-73.933951,40.815543],[-73.933942,40.815532],[-73.933942,40.815516],[-73.933952,40.815497],[-73.933954,40.815486],[-73.933934,40.815472],[-73.933946,40.815443],[-73.933939,40.815416],[-73.933949,40.815401],[-73.933946,40.81539],[-73.933957,40.815372],[-73.933949,40.815348],[-73.933949,40.815325],[-73.933949,40.815295],[-73.933953,40.815267],[-73.933955,40.815235],[-73.933944,40.815205],[-73.933949,40.815175],[-73.933947,40.815155],[-73.933963,40.815129],[-73.933968,40.8151],[-73.933964,40.815069],[-73.933969,40.815039],[-73.933986,40.814948],[-73.933989,40.814912],[-73.933982,40.814896],[-73.933984,40.814874],[-73.933975,40.814849],[-73.933982,40.814825],[-73.933973,40.814787],[-73.933991,40.814775],[-73.933978,40.814758],[-73.93399,40.814738],[-73.933995,40.814719],[-73.933981,40.814705],[-73.933982,40.814682],[-73.933985,40.81463],[-73.933976,40.814601],[-73.933966,40.814565],[-73.933991,40.814528],[-73.934015,40.814484],[-73.933857,40.814481],[-73.933862,40.814249],[-73.933864,40.814188],[-73.933865,40.814153],[-73.933869,40.814101],[-73.933872,40.814063],[-73.93393,40.813348],[-73.933982,40.812815],[-73.934008,40.812608],[-73.934038,40.812341],[-73.934093,40.811968],[-73.934137,40.811712],[-73.934196,40.811393],[-73.934282,40.810823],[-73.934304,40.810482],[-73.934314,40.810322],[-73.934341,40.809928],[-73.934339,40.809562],[-73.934214,40.809059],[-73.934196,40.809032],[-73.934135,40.808736],[-73.934121,40.808656],[-73.933561,40.807601],[-73.933329,40.807319],[-73.933257,40.807237],[-73.933184,40.807156],[-73.933174,40.807145],[-73.933085,40.807027],[-73.932933,40.806871],[-73.932631,40.806553],[-73.93239,40.806299],[-73.931544,40.805398],[-73.931496,40.805351],[-73.931475,40.805328],[-73.931467,40.805306],[-73.931449,40.805298],[-73.931432,40.805282],[-73.931409,40.805247],[-73.931391,40.805233],[-73.931305,40.805132],[-73.931269,40.805091],[-73.931159,40.804968],[-73.931126,40.804923],[-73.931113,40.804905],[-73.931097,40.804882],[-73.931073,40.804848],[-73.931033,40.804795],[-73.931027,40.804783],[-73.930976,40.804717],[-73.930974,40.804706],[-73.930957,40.804688],[-73.930933,40.804654],[-73.930908,40.80462],[-73.930827,40.804511],[-73.930805,40.804475],[-73.930715,40.804357],[-73.930709,40.804342],[-73.930694,40.804327],[-73.930686,40.804312],[-73.930637,40.804247],[-73.93063,40.804232],[-73.930608,40.804209],[-73.930571,40.804154],[-73.930571,40.804145],[-73.930541,40.804109],[-73.930441,40.803976],[-73.930403,40.803923],[-73.930351,40.80385],[-73.930331,40.803821],[-73.930306,40.803788],[-73.930276,40.803736],[-73.930259,40.803708],[-73.930189,40.803585],[-73.930181,40.803576],[-73.930057,40.803364],[-73.930013,40.803287],[-73.929962,40.803184],[-73.929967,40.803176],[-73.930038,40.803076],[-73.929935,40.802905],[-73.92991,40.802865],[-73.929889,40.80283],[-73.929787,40.802661],[-73.929693,40.80244],[-73.929577,40.80218],[-73.92952,40.802053],[-73.929454,40.801907],[-73.929437,40.801862],[-73.929354,40.801671],[-73.929331,40.801599],[-73.929302,40.801496],[-73.929275,40.801373],[-73.929208,40.801148],[-73.929118,40.801113],[-73.929035,40.801081],[-73.929027,40.80097],[-73.929021,40.800896],[-73.929016,40.800831],[-73.929008,40.800772],[-73.929,40.80071],[-73.928986,40.800602],[-73.928953,40.800309],[-73.928938,40.800171],[-73.928902,40.799855],[-73.928919,40.799458],[-73.928944,40.798912],[-73.928971,40.798259],[-73.929036,40.796763],[-73.929279,40.795853],[-73.929308,40.79581],[-73.929531,40.795508],[-73.929683,40.795296],[-73.929746,40.795209],[-73.929875,40.795035],[-73.929842,40.795015],[-73.929851,40.795001],[-73.92981,40.794983],[-73.929833,40.794949],[-73.929887,40.794967],[-73.929901,40.794947],[-73.929916,40.794949],[-73.929937,40.794919],[-73.92992,40.79491],[-73.930069,40.794701],[-73.930108,40.794713],[-73.930197,40.794593],[-73.93042,40.794471],[-73.931114,40.794097],[-73.931428,40.793928],[-73.931658,40.793802],[-73.931793,40.793728],[-73.931875,40.793682],[-73.93201,40.793605],[-73.932079,40.793567],[-73.932351,40.793414],[-73.932509,40.793332],[-73.932539,40.793317],[-73.932672,40.793248],[-73.932877,40.79313],[-73.933107,40.792995],[-73.933246,40.792914],[-73.933271,40.792899],[-73.933485,40.792774],[-73.933728,40.792602],[-73.933887,40.79249],[-73.934069,40.792359],[-73.934272,40.792218],[-73.93434,40.792169],[-73.93451,40.792052],[-73.934738,40.791902],[-73.935053,40.791687],[-73.935083,40.79171],[-73.935138,40.791753],[-73.935194,40.791798],[-73.935241,40.791834],[-73.93529,40.791873],[-73.935428,40.791997],[-73.935553,40.791842],[-73.936792,40.792404],[-73.937736,40.792816],[-73.938193,40.792188],[-73.938649,40.791558],[-73.941035,40.792547],[-73.943273,40.793488],[-73.942817,40.794134],[-73.942347,40.794761],[-73.941876,40.795406],[-73.942327,40.795593],[-73.942479,40.795656],[-73.942753,40.79577],[-73.942878,40.795822],[-73.943483,40.796073],[-73.944151,40.796359],[-73.944213,40.796386],[-73.944959,40.796706],[-73.945096,40.796763],[-73.945227,40.79682],[-73.945565,40.796965],[-73.945667,40.797008],[-73.9467,40.797451],[-73.947225,40.797672],[-73.948311,40.798129],[-73.948206,40.798273],[-73.948154,40.798345],[-73.948101,40.798417],[-73.948051,40.798485],[-73.947847,40.798766],[-73.947817,40.798807],[-73.947757,40.798888],[-73.947711,40.798952],[-73.94742,40.79935],[-73.947376,40.799411],[-73.947328,40.799477],[-73.94728,40.799542],[-73.946974,40.799962],[-73.946461,40.800665],[-73.945968,40.801342],[-73.945509,40.80197],[-73.945051,40.802599],[-73.944598,40.803228],[-73.946131,40.803877],[-73.945693,40.804515],[-73.94524,40.805136],[-73.944782,40.805761],[-73.944302,40.806391],[-73.942754,40.805744],[-73.942263,40.806416],[-73.941771,40.807089],[-73.940158,40.806409],[-73.938694,40.805791],[-73.938544,40.80573],[-73.938087,40.806353],[-73.937634,40.806975],[-73.93718,40.807599],[-73.936718,40.80822],[-73.936259,40.808856],[-73.935863,40.80943],[-73.935808,40.809498],[-73.937407,40.810176],[-73.939018,40.810857],[-73.938744,40.811231],[-73.938638,40.811376],[-73.938387,40.811718],[-73.938309,40.811825],[-73.938206,40.811968],[-73.938136,40.812066],[-73.937635,40.812748],[-73.937144,40.813421],[-73.936688,40.814043],[-73.93621,40.814674],[-73.936136,40.814788],[-73.935755,40.815326],[-73.934873,40.816528],[-73.934638,40.816908],[-73.934454,40.817189],[-73.934235,40.817555],[-73.934128,40.817734],[-73.934075,40.817827],[-73.934085,40.817931],[-73.934236,40.818649],[-73.934295,40.818905],[-73.934381,40.819328],[-73.93439,40.819587],[-73.9344,40.819668],[-73.934313,40.81963],[-73.934117,40.819547],[-73.933831,40.819521],[-73.933829,40.819473],[-73.933828,40.819415],[-73.933826,40.819356],[-73.9338,40.81835],[-73.933793,40.817777],[-73.93379,40.817151],[-73.933806,40.816512]]],[[[-73.926886,40.800841],[-73.92651,40.800657],[-73.926552,40.800605],[-73.926845,40.80074],[-73.926832,40.800766],[-73.926869,40.800784],[-73.926995,40.800636],[-73.927046,40.800652],[-73.926886,40.800841]]],[[[-73.926666,40.800183],[-73.926696,40.800147],[-73.927248,40.800393],[-73.927115,40.800564],[-73.927067,40.800543],[-73.927169,40.800406],[-73.926666,40.800183]]],[[[-73.926721,40.800414],[-73.926538,40.800334],[-73.926554,40.800315],[-73.926743,40.800403],[-73.926737,40.800411],[-73.926725,40.800407],[-73.926721,40.800414]]],[[[-73.927185,40.79735],[-73.927355,40.797317],[-73.927347,40.797294],[-73.927671,40.797217],[-73.927707,40.797299],[-73.927383,40.797377],[-73.927367,40.797347],[-73.927203,40.797387],[-73.927185,40.79735]]]]}},{"type":"Feature","id":76,"properties":{"pu_location_id":76,"zone_name":"East New York","borough":"Brooklyn"},"geometry":{"type":"MultiPolygon","coordinates":[[[[-73.880639,40.679177],[-73.880614,40.67911],[-73.880151,40.679242],[-73.879741,40.679361],[-73.879267,40.679491],[-73.878629,40.679677],[-73.878389,40.679739],[-73.877427,40.680014],[-73.87689,40.680165],[-73.876575,40.680167],[-73.875567,40.680169],[-73.875316,40.680111],[-73.875071,40.680035],[-73.874835,40.679943],[-73.874611,40.679834],[-73.874402,40.679712],[-73.874209,40.679576],[-73.874047,40.67943],[-73.873897,40.679275],[-73.873761,40.679112],[-73.873639,40.678944],[-73.873532,40.67877],[-73.873428,40.678619],[-73.873312,40.678472],[-73.873185,40.67833],[-73.873048,40.678194],[-73.87257,40.677867],[-73.87231,40.677756],[-73.872041,40.677657],[-73.871764,40.677572],[-73.871481,40.677501],[-73.870458,40.677222],[-73.869776,40.677027],[-73.869423,40.676912],[-73.868381,40.676531],[-73.867257,40.676113],[-73.866273,40.675764],[-73.865215,40.675387],[-73.864553,40.675151],[-73.864133,40.674997],[-73.863101,40.674647],[-73.861764,40.674232],[-73.861063,40.674343],[-73.861072,40.67402],[-73.860775,40.672806],[-73.860389,40.671269],[-73.859474,40.671381],[-73.858555,40.671533],[-73.857633,40.671656],[-73.857309,40.670416],[-73.857285,40.670322],[-73.857267,40.670255],[-73.857247,40.670174],[-73.857227,40.670096],[-73.856847,40.668603],[-73.856463,40.667042],[-73.856188,40.665847],[-73.85611,40.665506],[-73.855685,40.663867],[-73.856117,40.663808],[-73.856591,40.663747],[-73.857536,40.663598],[-73.85843,40.663453],[-73.858118,40.662037],[-73.858025,40.661721],[-73.857922,40.661319],[-73.857611,40.660108],[-73.858514,40.659899],[-73.859387,40.659773],[-73.86036,40.659646],[-73.861222,40.659221],[-73.861748,40.658938],[-73.863171,40.658277],[-73.862698,40.657618],[-73.863002,40.657488],[-73.86301,40.657476],[-73.863015,40.657463],[-73.863018,40.65745],[-73.863018,40.657437],[-73.863015,40.657423],[-73.86301,40.65741],[-73.863002,40.657398],[-73.863013,40.657349],[-73.863003,40.657334],[-73.862995,40.657318],[-73.86299,40.657302],[-73.862995,40.657283],[-73.863003,40.657264],[-73.863016,40.657247],[-73.863031,40.657232],[-73.86305,40.657219],[-73.863072,40.657208],[-73.863078,40.657212],[-73.863085,40.657216],[-73.863093,40.657219],[-73.863101,40.657221],[-73.86311,40.657222],[-73.863118,40.657222],[-73.863123,40.657219],[-73.863128,40.657216],[-73.863131,40.657212],[-73.863134,40.657208],[-73.863136,40.657203],[-73.863137,40.657199],[-73.863137,40.657194],[-73.863135,40.657189],[-73.863133,40.657185],[-73.86313,40.657181],[-73.863127,40.657177],[-73.863122,40.657174],[-73.863121,40.657168],[-73.863121,40.657162],[-73.863122,40.657156],[-73.863125,40.65715],[-73.863129,40.657145],[-73.863134,40.65714],[-73.86314,40.657136],[-73.863147,40.657132],[-73.863154,40.65713],[-73.863158,40.657088],[-73.863219,40.657042],[-73.863216,40.657038],[-73.863214,40.657033],[-73.863214,40.657029],[-73.863214,40.657024],[-73.863215,40.65702],[-73.863218,40.657016],[-73.863221,40.657012],[-73.863225,40.657009],[-73.86323,40.657006],[-73.863235,40.657004],[-73.863241,40.657003],[-73.863247,40.657002],[-73.863261,40.656983],[-73.863271,40.656963],[-73.863276,40.656941],[-73.86325,40.6569],[-73.863218,40.656862],[-73.86318,40.656827],[-73.863137,40.656795],[-73.86309,40.656767],[-73.863039,40.656743],[-73.863002,40.656654],[-73.863031,40.656508],[-73.863038,40.656504],[-73.863044,40.656499],[-73.863049,40.656493],[-73.863052,40.656486],[-73.863055,40.656479],[-73.863055,40.656472],[-73.863054,40.656466],[-73.863052,40.656459],[-73.863048,40.656453],[-73.863043,40.656447],[-73.863037,40.656442],[-73.86303,40.656437],[-73.863013,40.656418],[-73.863,40.656396],[-73.862991,40.656374],[-73.862994,40.656365],[-73.862999,40.656357],[-73.863006,40.65635],[-73.863015,40.656344],[-73.863024,40.656339],[-73.863035,40.656335],[-73.863046,40.656332],[-73.863058,40.656331],[-73.86307,40.656332],[-73.863124,40.65639],[-73.863131,40.656395],[-73.863138,40.6564],[-73.863147,40.656403],[-73.863157,40.656405],[-73.863166,40.656406],[-73.863176,40.656405],[-73.863185,40.656398],[-73.863192,40.656389],[-73.863197,40.65638],[-73.863201,40.65637],[-73.863202,40.65636],[-73.863201,40.656349],[-73.863198,40.656339],[-73.863193,40.65633],[-73.863186,40.656321],[-73.863123,40.656212],[-73.863051,40.656106],[-73.862973,40.656003],[-73.862887,40.655903],[-73.862795,40.655807],[-73.862696,40.655714],[-73.862641,40.655668],[-73.861734,40.655295],[-73.861583,40.655288],[-73.861433,40.655276],[-73.861284,40.655259],[-73.861136,40.655237],[-73.860989,40.65521],[-73.860596,40.65478],[-73.860567,40.654747],[-73.860528,40.654706],[-73.860483,40.654659],[-73.860422,40.654612],[-73.859755,40.654104],[-73.85898,40.652675],[-73.856959,40.650587],[-73.857013,40.650541],[-73.857061,40.650491],[-73.857103,40.650438],[-73.857138,40.650382],[-73.857166,40.650323],[-73.857186,40.650263],[-73.857207,40.650231],[-73.857232,40.6502],[-73.85726,40.650172],[-73.857524,40.649996],[-73.857593,40.649397],[-73.857705,40.648746],[-73.857835,40.648302],[-73.858376,40.647274],[-73.858394,40.647139],[-73.858403,40.647004],[-73.858404,40.646868],[-73.858395,40.646733],[-73.858378,40.646598],[-73.858352,40.646463],[-73.858318,40.64633],[-73.858275,40.646199],[-73.858224,40.646069],[-73.858164,40.645941],[-73.858096,40.645815],[-73.85802,40.645693],[-73.857936,40.645573],[-73.857845,40.645456],[-73.857746,40.645343],[-73.857726,40.645322],[-73.857633,40.645197],[-73.857548,40.645069],[-73.857472,40.644938],[-73.857403,40.644804],[-73.857344,40.644668],[-73.857292,40.644531],[-73.85725,40.644391],[-73.857216,40.64425],[-73.857191,40.644108],[-73.857175,40.643965],[-73.857168,40.643822],[-73.85717,40.643679],[-73.857413,40.643593],[-73.857661,40.643515],[-73.857911,40.643442],[-73.858165,40.643376],[-73.858421,40.643317],[-73.85868,40.643263],[-73.858941,40.643217],[-73.859204,40.643177],[-73.859468,40.643144],[-73.859734,40.643118],[-73.860001,40.643098],[-73.860268,40.643086],[-73.860528,40.643071],[-73.860788,40.643051],[-73.861047,40.643026],[-73.861304,40.642996],[-73.861561,40.642961],[-73.861788,40.642926],[-73.862013,40.642887],[-73.862895,40.642551],[-73.863311,40.642299],[-73.863799,40.6418],[-73.864394,40.641414],[-73.865094,40.64094],[-73.865312,40.640751],[-73.866704,40.640022],[-73.866092,40.639434],[-73.865988,40.639504],[-73.865354,40.638951],[-73.865343,40.638902],[-73.865363,40.638836],[-73.865486,40.638765],[-73.865573,40.63877],[-73.865632,40.638787],[-73.866255,40.639316],[-73.866171,40.639368],[-73.866815,40.639964],[-73.86703,40.639851],[-73.867323,40.639872],[-73.868673,40.640925],[-73.869912,40.643278],[-73.870017,40.644071],[-73.870615,40.644857],[-73.871192,40.645305],[-73.871572,40.645415],[-73.871985,40.645446],[-73.872122,40.645424],[-73.87257,40.645576],[-73.873378,40.646715],[-73.873425,40.646781],[-73.873466,40.646817],[-73.87352,40.646876],[-73.876233,40.650554],[-73.876295,40.650637],[-73.879217,40.654591],[-73.879269,40.654569],[-73.879332,40.654622],[-73.879639,40.654499],[-73.87972,40.654376],[-73.879241,40.653737],[-73.879108,40.653706],[-73.876762,40.650561],[-73.876722,40.650375],[-73.876722,40.650323],[-73.873954,40.646444],[-73.873901,40.646368],[-73.87386,40.646314],[-73.873822,40.646257],[-73.873757,40.64616],[-73.873673,40.646068],[-73.873603,40.645967],[-73.873525,40.645871],[-73.873454,40.645753],[-73.873423,40.645651],[-73.873357,40.645594],[-73.873307,40.645583],[-73.873186,40.645445],[-73.873314,40.645222],[-73.873356,40.645115],[-73.873391,40.645006],[-73.873417,40.644895],[-73.873434,40.644784],[-73.873443,40.644672],[-73.873444,40.64456],[-73.873436,40.644448],[-73.87342,40.644336],[-73.873395,40.644226],[-73.873361,40.644116],[-73.87332,40.644009],[-73.87327,40.643903],[-73.873098,40.643935],[-73.872973,40.643839],[-73.872756,40.643249],[-73.871949,40.642394],[-73.871894,40.642248],[-73.870881,40.640772],[-73.870845,40.640557],[-73.870618,40.640386],[-73.870436,40.640291],[-73.870085,40.639844],[-73.87008,40.639212],[-73.869896,40.638935],[-73.869778,40.638844],[-73.869524,40.638646],[-73.868598,40.63835],[-73.868089,40.638186],[-73.867997,40.638115],[-73.868607,40.637743],[-73.869267,40.637311],[-73.86961,40.637086],[-73.869616,40.637091],[-73.869625,40.637083],[-73.869695,40.637147],[-73.869208,40.637466],[-73.869559,40.637947],[-73.869763,40.637865],[-73.869971,40.637787],[-73.870181,40.637714],[-73.870253,40.63769],[-73.87043,40.637634],[-73.870608,40.637581],[-73.870771,40.637524],[-73.87093,40.637461],[-73.871086,40.637394],[-73.871239,40.637323],[-73.871388,40.637246],[-73.871532,40.637166],[-73.871672,40.63708],[-73.872435,40.636549],[-73.872553,40.636493],[-73.872677,40.636444],[-73.872804,40.636401],[-73.872934,40.636365],[-73.873068,40.636335],[-73.873203,40.636312],[-73.873341,40.636295],[-73.873479,40.636286],[-73.87368,40.636349],[-73.873878,40.636419],[-73.874072,40.636493],[-73.874262,40.636573],[-73.874449,40.636659],[-73.874631,40.636749],[-73.874809,40.636844],[-73.874982,40.636945],[-73.87515,40.63705],[-73.875313,40.637159],[-73.875471,40.637273],[-73.875627,40.637441],[-73.875791,40.637604],[-73.875962,40.637763],[-73.876139,40.637917],[-73.876324,40.638067],[-73.876646,40.638295],[-73.876966,40.638523],[-73.877024,40.638577],[-73.877088,40.638627],[-73.877159,40.638671],[-73.877234,40.638711],[-73.877314,40.638745],[-73.877397,40.638774],[-73.877483,40.638797],[-73.877572,40.638813],[-73.877663,40.638824],[-73.877788,40.638821],[-73.877913,40.638822],[-73.878038,40.63883],[-73.878162,40.638842],[-73.878284,40.63886],[-73.878351,40.638872],[-73.878416,40.638912],[-73.877973,40.639807],[-73.877529,40.640717],[-73.877342,40.641083],[-73.877096,40.641603],[-73.876833,40.642119],[-73.876549,40.642639],[-73.876199,40.643257],[-73.876178,40.64329],[-73.876161,40.643321],[-73.875963,40.643644],[-73.875459,40.644427],[-73.875306,40.644656],[-73.874954,40.645142],[-73.874581,40.64561],[-73.874682,40.645654],[-73.876104,40.646215],[-73.876799,40.647142],[-73.877985,40.648725],[-73.878436,40.649327],[-73.879085,40.650202],[-73.879926,40.651335],[-73.88142,40.653347],[-73.881722,40.653754],[-73.882201,40.654442],[-73.882214,40.654519],[-73.882782,40.65427],[-73.884652,40.653452],[-73.885512,40.653093],[-73.886211,40.652801],[-73.88629,40.652769],[-73.886374,40.652734],[-73.887131,40.652394],[-73.887949,40.652041],[-73.888765,40.651691],[-73.88959,40.651338],[-73.890006,40.651149],[-73.890038,40.651178],[-73.891365,40.652365],[-73.892457,40.653711],[-73.893547,40.655203],[-73.894411,40.654833],[-73.895205,40.654488],[-73.895464,40.654378],[-73.895589,40.654324],[-73.895944,40.654173],[-73.896677,40.653855],[-73.896782,40.65381],[-73.897413,40.653538],[-73.89761,40.653454],[-73.897463,40.653321],[-73.896841,40.652762],[-73.896768,40.652697],[-73.896634,40.652576],[-73.89655,40.6525],[-73.896196,40.652182],[-73.89611,40.652104],[-73.895862,40.651881],[-73.896216,40.651648],[-73.89628,40.651606],[-73.896557,40.651424],[-73.896614,40.651387],[-73.896753,40.651296],[-73.896807,40.65126],[-73.897211,40.650995],[-73.897275,40.650953],[-73.897366,40.650894],[-73.897425,40.650855],[-73.897572,40.650759],[-73.897715,40.650665],[-73.897795,40.650613],[-73.897976,40.650494],[-73.898728,40.650025],[-73.899469,40.649542],[-73.900194,40.649089],[-73.900271,40.649038],[-73.90057,40.648848],[-73.900747,40.648735],[-73.900891,40.648642],[-73.901658,40.648142],[-73.902355,40.64769],[-73.903099,40.6472],[-73.903982,40.646629],[-73.905096,40.647607],[-73.9058,40.648265],[-73.905889,40.648345],[-73.906372,40.648779],[-73.907546,40.649834],[-73.907615,40.649896],[-73.908276,40.650499],[-73.908491,40.650586],[-73.908688,40.650721],[-73.909448,40.651522],[-73.908558,40.652096],[-73.908216,40.652312],[-73.9074,40.652844],[-73.907802,40.654439],[-73.907825,40.654534],[-73.907843,40.654592],[-73.906923,40.654738],[-73.906068,40.654864],[-73.905563,40.654938],[-73.905071,40.65501],[-73.904893,40.655036],[-73.904461,40.6551],[-73.904142,40.655146],[-73.903179,40.655312],[-73.902984,40.655381],[-73.902796,40.655463],[-73.902619,40.655558],[-73.902454,40.655664],[-73.902302,40.655781],[-73.901186,40.656515],[-73.900649,40.657042],[-73.900575,40.6571],[-73.900488,40.657149],[-73.900395,40.657184],[-73.900294,40.657209],[-73.900027,40.657254],[-73.89989,40.657275],[-73.899685,40.657298],[-73.899481,40.657321],[-73.899042,40.657372],[-73.898917,40.65739],[-73.898807,40.657407],[-73.897966,40.657532],[-73.897042,40.657664],[-73.896126,40.657815],[-73.896138,40.657882],[-73.896168,40.657978],[-73.895718,40.65816],[-73.894914,40.658526],[-73.894098,40.658878],[-73.893279,40.65923],[-73.892464,40.65958],[-73.891649,40.659933],[-73.890832,40.660284],[-73.890015,40.660636],[-73.8892,40.660988],[-73.888386,40.661338],[-73.887569,40.661689],[-73.886814,40.662014],[-73.885936,40.662394],[-73.885118,40.662746],[-73.884302,40.663095],[-73.883487,40.663448],[-73.883092,40.663617],[-73.882669,40.663798],[-73.881856,40.66415],[-73.882088,40.664464],[-73.883309,40.666112],[-73.883913,40.665852],[-73.884122,40.665761],[-73.884742,40.665495],[-73.884937,40.665407],[-73.885564,40.66514],[-73.886413,40.664781],[-73.886578,40.664708],[-73.887261,40.664414],[-73.887392,40.664353],[-73.888108,40.664047],[-73.888985,40.663917],[-73.889907,40.663778],[-73.890299,40.665312],[-73.890694,40.666852],[-73.88977,40.66699],[-73.890165,40.668524],[-73.890559,40.67006],[-73.890878,40.671318],[-73.8918,40.67118],[-73.892711,40.671046],[-73.893028,40.672314],[-73.893351,40.673582],[-73.89367,40.674822],[-73.894594,40.674684],[-73.895499,40.674551],[-73.89651,40.674397],[-73.897484,40.674255],[-73.898387,40.674121],[-73.899307,40.673982],[-73.899709,40.675494],[-73.899718,40.675564],[-73.899722,40.675604],[-73.899735,40.675655],[-73.899746,40.675712],[-73.900027,40.676819],[-73.900046,40.676893],[-73.899923,40.676949],[-73.899126,40.677313],[-73.898832,40.677446],[-73.898362,40.677658],[-73.897835,40.677994],[-73.897757,40.678061],[-73.897616,40.678112],[-73.897475,40.678163],[-73.896955,40.678409],[-73.896537,40.678594],[-73.896218,40.677358],[-73.895318,40.677496],[-73.894389,40.67763],[-73.893484,40.677762],[-73.892579,40.6779],[-73.891671,40.678032],[-73.890773,40.678165],[-73.889874,40.678302],[-73.889006,40.678557],[-73.888156,40.678828],[-73.887305,40.679098],[-73.886438,40.679373],[-73.885555,40.679657],[-73.88467,40.67994],[-73.884893,40.680811],[-73.883972,40.680947],[-73.883031,40.681085],[-73.882107,40.681217],[-73.881167,40.681354],[-73.881098,40.681074],[-73.880639,40.679177]]]]}},{"type":"Feature","id":79,"properties":{"pu_location_id":79,"zone_name":"East Village","borough":"Manhattan"},"geometry":{"type":"MultiPolygon","coordinates":[[[[-73.98378,40.721536],[-73.983824,40.721473],[-73.984678,40.721731],[-73.985517,40.721985],[-73.986286,40.722242],[-73.987136,40.72247],[-73.987865,40.722697],[-73.988544,40.722904],[-73.988639,40.722934],[-73.988757,40.72297],[-73.989392,40.723174],[-73.990274,40.723426],[-73.991024,40.723649],[-73.991273,40.72373],[-73.991355,40.723755],[-73.992504,40.724106],[-73.992603,40.724136],[-73.99258,40.724202],[-73.992326,40.724908],[-73.99221,40.725231],[-73.992062,40.725642],[-73.991794,40.726391],[-73.991548,40.727089],[-73.991364,40.72756],[-73.991359,40.727782],[-73.991123,40.728568],[-73.990931,40.729142],[-73.990757,40.729741],[-73.990725,40.729879],[-73.990506,40.730565],[-73.99039,40.731289],[-73.990212,40.731996],[-73.990027,40.732756],[-73.989869,40.733527],[-73.989903,40.734435],[-73.988779,40.733965],[-73.98718,40.733292],[-73.984941,40.732348],[-73.982556,40.73135],[-73.982469,40.731315],[-73.981501,40.730918],[-73.98082,40.730639],[-73.98034,40.730442],[-73.979268,40.729981],[-73.978027,40.729433],[-73.978055,40.729383],[-73.978536,40.728746],[-73.978999,40.728106],[-73.979469,40.727468],[-73.979907,40.726866],[-73.980333,40.72628],[-73.980767,40.725686],[-73.981211,40.725073],[-73.981637,40.724493],[-73.982082,40.723882],[-73.982524,40.723278],[-73.982964,40.722671],[-73.983444,40.722019],[-73.98378,40.721536]]]]}},{"type":"Feature","id":80,"properties":{"pu_location_id":80,"zone_name":"East Williamsburg","borough":"Brooklyn"},"geometry":{"type":"MultiPolygon","coordinates":[[[[-73.931748,40.728054],[-73.931683,40.728032],[-73.931669,40.728038],[-73.931574,40.728018],[-73.931208,40.727941],[-73.930805,40.727849],[-73.930723,40.727841],[-73.930326,40.727795],[-73.929918,40.727639],[-73.929835,40.727608],[-73.929663,40.727543],[-73.929655,40.727548],[-73.929632,40.727565],[-73.929624,40.727578],[-73.929627,40.7276],[-73.929612,40.727611],[-73.92958,40.727613],[-73.929498,40.727559],[-73.929425,40.727512],[-73.929376,40.72748],[-73.929243,40.727398],[-73.929269,40.727365],[-73.92887,40.727003],[-73.928494,40.726615],[-73.928337,40.726418],[-73.928159,40.726205],[-73.928131,40.726173],[-73.928054,40.726072],[-73.927955,40.725917],[-73.927939,40.725884],[-73.927928,40.725879],[-73.927902,40.725876],[-73.927883,40.725866],[-73.927872,40.725854],[-73.927864,40.725827],[-73.927859,40.725755],[-73.927806,40.72505],[-73.927797,40.724926],[-73.927203,40.723653],[-73.925615,40.720062],[-73.924818,40.720265],[-73.924815,40.720226],[-73.924709,40.719999],[-73.924711,40.719991],[-73.924745,40.719985],[-73.924676,40.719886],[-73.924609,40.71979],[-73.924534,40.719666],[-73.92452,40.719613],[-73.92452,40.719568],[-73.924521,40.719554],[-73.924539,40.719343],[-73.924554,40.719279],[-73.924579,40.719163],[-73.92463,40.718987],[-73.92469,40.718722],[-73.924702,40.718688],[-73.924772,40.718565],[-73.924816,40.718487],[-73.924864,40.71844],[-73.924932,40.718406],[-73.924992,40.718385],[-73.925087,40.718384],[-73.926158,40.718099],[-73.926384,40.718085],[-73.928379,40.717578],[-73.928392,40.717579],[-73.928404,40.71758],[-73.928421,40.717584],[-73.928424,40.717585],[-73.928427,40.717587],[-73.928429,40.717589],[-73.928432,40.717591],[-73.928436,40.717596],[-73.928446,40.717612],[-73.92845,40.717616],[-73.928452,40.717618],[-73.928454,40.717619],[-73.928462,40.717623],[-73.928471,40.717626],[-73.928481,40.717629],[-73.928492,40.71763],[-73.928514,40.717632],[-73.928574,40.717633],[-73.928592,40.717635],[-73.928607,40.717638],[-73.928637,40.717648],[-73.928668,40.717659],[-73.928698,40.717672],[-73.928729,40.717687],[-73.928735,40.717691],[-73.928742,40.717696],[-73.928768,40.717722],[-73.928776,40.717727],[-73.92878,40.717729],[-73.928784,40.717731],[-73.92879,40.717733],[-73.928796,40.717734],[-73.928809,40.717736],[-73.928823,40.717736],[-73.928837,40.717734],[-73.928852,40.717731],[-73.928866,40.717726],[-73.92888,40.71772],[-73.928891,40.717713],[-73.928969,40.717648],[-73.928982,40.717637],[-73.929074,40.717571],[-73.929093,40.717556],[-73.92911,40.717542],[-73.929124,40.717527],[-73.929136,40.717513],[-73.929139,40.71751],[-73.92914,40.717507],[-73.929142,40.717499],[-73.929143,40.717491],[-73.929142,40.717465],[-73.929144,40.717457],[-73.929145,40.717453],[-73.929147,40.71745],[-73.929157,40.717436],[-73.92917,40.717424],[-73.929185,40.717412],[-73.929203,40.717401],[-73.929569,40.717222],[-73.929606,40.71719],[-73.929639,40.717156],[-73.929649,40.717146],[-73.929667,40.717123],[-73.929683,40.717098],[-73.929696,40.717074],[-73.929705,40.717049],[-73.929708,40.71704],[-73.929708,40.717031],[-73.929708,40.717021],[-73.929706,40.717011],[-73.929698,40.716991],[-73.929693,40.716982],[-73.929686,40.716973],[-73.929507,40.716591],[-73.929502,40.716586],[-73.929498,40.71658],[-73.929496,40.716573],[-73.929494,40.716567],[-73.929493,40.716563],[-73.929495,40.716536],[-73.929496,40.716527],[-73.929497,40.716522],[-73.929502,40.7165],[-73.92932,40.716112],[-73.929316,40.716078],[-73.929317,40.716044],[-73.929322,40.716012],[-73.929332,40.715977],[-73.929345,40.715939],[-73.929361,40.715898],[-73.929383,40.715852],[-73.929401,40.715817],[-73.92942,40.715785],[-73.929441,40.715757],[-73.929463,40.715731],[-73.929474,40.715721],[-73.929485,40.715712],[-73.929498,40.715704],[-73.929512,40.715697],[-73.929527,40.71569],[-73.929543,40.715684],[-73.929559,40.71568],[-73.929575,40.715676],[-73.9303,40.715508],[-73.931493,40.715208],[-73.931513,40.715212],[-73.931533,40.715214],[-73.931536,40.715214],[-73.931559,40.715215],[-73.931584,40.715214],[-73.931659,40.715209],[-73.931705,40.715203],[-73.93175,40.715195],[-73.931793,40.715183],[-73.931832,40.715169],[-73.931905,40.715138],[-73.931988,40.7151],[-73.932045,40.715074],[-73.93208,40.715056],[-73.932105,40.715043],[-73.93213,40.715026],[-73.932156,40.715006],[-73.932198,40.714972],[-73.932206,40.714964],[-73.932214,40.714955],[-73.932225,40.714936],[-73.93223,40.714922],[-73.932234,40.714902],[-73.932235,40.714893],[-73.932235,40.714883],[-73.932234,40.714864],[-73.93223,40.714847],[-73.932215,40.714806],[-73.932197,40.714766],[-73.932174,40.714722],[-73.932157,40.714695],[-73.932154,40.714691],[-73.93215,40.714687],[-73.932141,40.714681],[-73.932137,40.714679],[-73.931754,40.714742],[-73.93159,40.714399],[-73.931557,40.714393],[-73.931542,40.71436],[-73.931483,40.714222],[-73.931241,40.713725],[-73.931453,40.713439],[-73.931556,40.713399],[-73.931591,40.713385],[-73.931645,40.713343],[-73.931972,40.713253],[-73.932452,40.713122],[-73.93255,40.713095],[-73.932578,40.713089],[-73.932596,40.713084],[-73.932611,40.713077],[-73.932617,40.713074],[-73.932622,40.71307],[-73.932632,40.713061],[-73.932639,40.713053],[-73.932644,40.713044],[-73.932646,40.713039],[-73.932647,40.713035],[-73.932648,40.713031],[-73.932649,40.713016],[-73.932647,40.713001],[-73.932033,40.71159],[-73.933385,40.711234],[-73.933283,40.710979],[-73.931901,40.711338],[-73.931664,40.71081],[-73.931511,40.71047],[-73.931266,40.709924],[-73.93103,40.709359],[-73.930932,40.709165],[-73.930795,40.709115],[-73.930792,40.709113],[-73.930787,40.70911],[-73.930787,40.70911],[-73.930784,40.709107],[-73.93078,40.709103],[-73.930777,40.709099],[-73.930772,40.709091],[-73.930769,40.709081],[-73.930766,40.709061],[-73.930767,40.709019],[-73.930766,40.709003],[-73.930763,40.708986],[-73.93076,40.708979],[-73.930757,40.708973],[-73.930739,40.708947],[-73.930719,40.708922],[-73.930696,40.708896],[-73.93067,40.708871],[-73.930642,40.708847],[-73.930572,40.708795],[-73.930543,40.708769],[-73.930528,40.708751],[-73.930526,40.708748],[-73.930516,40.708732],[-73.930507,40.708711],[-73.930502,40.70869],[-73.930501,40.708681],[-73.930361,40.708718],[-73.930373,40.708739],[-73.930377,40.708748],[-73.930382,40.708758],[-73.930386,40.708775],[-73.930386,40.708782],[-73.930385,40.70879],[-73.93038,40.708803],[-73.930373,40.708816],[-73.930363,40.708828],[-73.930351,40.70884],[-73.930289,40.708886],[-73.930266,40.708905],[-73.930265,40.708906],[-73.930257,40.708917],[-73.93025,40.708928],[-73.930377,40.709222],[-73.930602,40.709747],[-73.930629,40.709791],[-73.930638,40.709802],[-73.93065,40.709813],[-73.930706,40.709855],[-73.930716,40.709865],[-73.930724,40.709875],[-73.930729,40.709884],[-73.930733,40.709893],[-73.930739,40.709915],[-73.93074,40.709938],[-73.930739,40.709999],[-73.930741,40.710016],[-73.930745,40.710031],[-73.93077,40.710098],[-73.930791,40.710147],[-73.930809,40.710179],[-73.930853,40.710252],[-73.930872,40.710288],[-73.930903,40.710356],[-73.93093,40.710421],[-73.930998,40.710599],[-73.93103,40.710689],[-73.931158,40.711001],[-73.931546,40.711855],[-73.930889,40.712056],[-73.93086,40.712065],[-73.930836,40.712075],[-73.930816,40.712086],[-73.930808,40.712092],[-73.930802,40.712099],[-73.930788,40.712116],[-73.930783,40.712125],[-73.930779,40.712134],[-73.930777,40.712142],[-73.930777,40.71215],[-73.930778,40.712157],[-73.930779,40.71216],[-73.93078,40.712164],[-73.93079,40.712181],[-73.930801,40.712195],[-73.930813,40.712206],[-73.930819,40.71221],[-73.930826,40.712214],[-73.930834,40.712218],[-73.930847,40.712221],[-73.930855,40.712221],[-73.930864,40.712218],[-73.93161,40.712038],[-73.93182,40.712479],[-73.931833,40.712508],[-73.931841,40.712528],[-73.931846,40.712547],[-73.931849,40.712565],[-73.931848,40.712593],[-73.931842,40.712627],[-73.931834,40.712655],[-73.931822,40.712679],[-73.931816,40.712687],[-73.93181,40.712695],[-73.931793,40.71271],[-73.931772,40.712725],[-73.931734,40.712749],[-73.930668,40.713021],[-73.930571,40.713051],[-73.930546,40.713056],[-73.930527,40.713062],[-73.930519,40.713065],[-73.930512,40.713069],[-73.930506,40.713073],[-73.930501,40.713078],[-73.930492,40.71309],[-73.930474,40.71312],[-73.930464,40.713132],[-73.930436,40.713156],[-73.930431,40.713162],[-73.930426,40.713167],[-73.930424,40.71317],[-73.930423,40.713173],[-73.930423,40.713192],[-73.930772,40.713929],[-73.930951,40.714364],[-73.931052,40.71461],[-73.930852,40.714903],[-73.929917,40.71515],[-73.929903,40.715125],[-73.929314,40.71528],[-73.929272,40.715314],[-73.929254,40.715329],[-73.928439,40.715531],[-73.928902,40.716573],[-73.928906,40.716596],[-73.928906,40.716619],[-73.928903,40.71664],[-73.928896,40.71666],[-73.928884,40.71668],[-73.928871,40.716701],[-73.928854,40.716723],[-73.928836,40.716744],[-73.928791,40.716788],[-73.928768,40.716807],[-73.928745,40.716825],[-73.928711,40.71685],[-73.928677,40.716872],[-73.928644,40.716893],[-73.92861,40.716912],[-73.928576,40.71693],[-73.928489,40.716971],[-73.928436,40.716999],[-73.928322,40.717062],[-73.928271,40.71709],[-73.928253,40.717099],[-73.928233,40.717106],[-73.928211,40.717113],[-73.928189,40.717119],[-73.928167,40.717123],[-73.928143,40.717127],[-73.92812,40.717128],[-73.928097,40.717129],[-73.925952,40.717691],[-73.925941,40.717674],[-73.925146,40.717856],[-73.924997,40.71789],[-73.924975,40.717894],[-73.924955,40.717898],[-73.924943,40.717901],[-73.924926,40.717905],[-73.924902,40.717909],[-73.924889,40.717912],[-73.924863,40.717917],[-73.924837,40.717922],[-73.924822,40.717925],[-73.924795,40.717932],[-73.924772,40.717937],[-73.924751,40.71794],[-73.924729,40.717944],[-73.924712,40.717946],[-73.924694,40.717948],[-73.924676,40.71795],[-73.92466,40.717951],[-73.924645,40.717953],[-73.924626,40.717954],[-73.924603,40.717953],[-73.924587,40.717951],[-73.924584,40.71795],[-73.924568,40.717945],[-73.924553,40.717939],[-73.924538,40.717932],[-73.924521,40.717924],[-73.924508,40.717918],[-73.924493,40.71791],[-73.924478,40.717901],[-73.924461,40.717891],[-73.924451,40.717885],[-73.924429,40.717872],[-73.924409,40.717859],[-73.92439,40.717848],[-73.924369,40.717836],[-73.924351,40.717825],[-73.924333,40.717814],[-73.924313,40.717802],[-73.924293,40.71779],[-73.924276,40.717781],[-73.92426,40.717771],[-73.924246,40.717762],[-73.924234,40.717755],[-73.924222,40.717748],[-73.924206,40.717737],[-73.924191,40.717727],[-73.924181,40.71772],[-73.924166,40.71771],[-73.924151,40.7177],[-73.924135,40.71769],[-73.92412,40.717679],[-73.924103,40.717667],[-73.924084,40.717652],[-73.924066,40.717639],[-73.924048,40.717624],[-73.92403,40.717609],[-73.924015,40.717595],[-73.924001,40.717583],[-73.923989,40.717572],[-73.923977,40.71756],[-73.923966,40.717546],[-73.923955,40.717534],[-73.92394,40.717521],[-73.923931,40.717514],[-73.923904,40.717496],[-73.923894,40.717489],[-73.923873,40.717475],[-73.923852,40.717461],[-73.923832,40.717448],[-73.923815,40.717437],[-73.923807,40.717431],[-73.923795,40.717424],[-73.923782,40.717415],[-73.92377,40.717406],[-73.923749,40.717392],[-73.923728,40.717378],[-73.92371,40.717367],[-73.923687,40.717353],[-73.923674,40.717344],[-73.92366,40.717336],[-73.92364,40.717321],[-73.923627,40.717309],[-73.923615,40.717297],[-73.923602,40.717285],[-73.923588,40.717272],[-73.923576,40.717258],[-73.923566,40.717245],[-73.923559,40.717235],[-73.92355,40.717221],[-73.923535,40.717205],[-73.923527,40.717195],[-73.923519,40.717185],[-73.923511,40.717174],[-73.923496,40.717155],[-73.923485,40.717142],[-73.923475,40.717131],[-73.923463,40.717118],[-73.923452,40.717106],[-73.92344,40.717093],[-73.923429,40.717082],[-73.923419,40.717069],[-73.923411,40.717057],[-73.923405,40.717044],[-73.923401,40.717032],[-73.923393,40.717015],[-73.923385,40.717003],[-73.923378,40.716994],[-73.923371,40.716981],[-73.923365,40.716975],[-73.923354,40.716966],[-73.923287,40.716834],[-73.923232,40.716699],[-73.923168,40.716479],[-73.923134,40.716479],[-73.923117,40.716476],[-73.923111,40.716469],[-73.923104,40.716452],[-73.923076,40.716389],[-73.923055,40.716343],[-73.92326,40.71625],[-73.923312,40.716229],[-73.923335,40.716225],[-73.923366,40.716217],[-73.923386,40.716213],[-73.923405,40.716192],[-73.923432,40.716173],[-73.923471,40.716147],[-73.923611,40.716104],[-73.92359,40.716028],[-73.924313,40.715847],[-73.924594,40.715534],[-73.924833,40.715283],[-73.924886,40.715267],[-73.924852,40.715199],[-73.924787,40.715076],[-73.924766,40.715032],[-73.924761,40.715019],[-73.924763,40.715004],[-73.924765,40.714989],[-73.924762,40.714976],[-73.92473,40.714938],[-73.92469,40.714881],[-73.92466,40.714867],[-73.924615,40.714827],[-73.924556,40.714754],[-73.924526,40.71469],[-73.924512,40.714621],[-73.924482,40.714523],[-73.924432,40.714365],[-73.924419,40.71435],[-73.924415,40.714349],[-73.924409,40.71435],[-73.92439,40.714349],[-73.924367,40.714331],[-73.924348,40.714307],[-73.924338,40.714254],[-73.924337,40.714202],[-73.924336,40.71414],[-73.924336,40.714123],[-73.924059,40.714112],[-73.92404,40.714008],[-73.923139,40.713395],[-73.922233,40.712854],[-73.921687,40.711894],[-73.921546,40.711043],[-73.921221,40.710791],[-73.921094,40.710721],[-73.920745,40.71053],[-73.921892,40.709396],[-73.922482,40.709332],[-73.924186,40.709065],[-73.925765,40.708804],[-73.927407,40.708541],[-73.929026,40.708277],[-73.932073,40.707786],[-73.932297,40.707749],[-73.932523,40.708238],[-73.932692,40.708632],[-73.932997,40.709317],[-73.933296,40.709988],[-73.933601,40.710669],[-73.933893,40.711336],[-73.934257,40.712123],[-73.934533,40.712753],[-73.934803,40.713372],[-73.937248,40.712783],[-73.93832,40.712524],[-73.938466,40.712489],[-73.940688,40.711962],[-73.940477,40.711563],[-73.940423,40.711218],[-73.940754,40.711187],[-73.941169,40.711147],[-73.941592,40.711108],[-73.94197,40.711072],[-73.942106,40.711059],[-73.94246,40.711026],[-73.942836,40.71099],[-73.94327,40.710949],[-73.943577,40.71092],[-73.943788,40.7109],[-73.943688,40.710293],[-73.943677,40.710223],[-73.943585,40.709665],[-73.943571,40.709578],[-73.943557,40.709496],[-73.943544,40.709416],[-73.94344,40.708781],[-73.943323,40.70807],[-73.943202,40.707335],[-73.943086,40.706597],[-73.942966,40.705888],[-73.94285,40.705182],[-73.942734,40.704473],[-73.942211,40.704523],[-73.942143,40.70453],[-73.94177,40.704566],[-73.94168,40.704574],[-73.94103,40.704636],[-73.940893,40.703914],[-73.940779,40.703222],[-73.940765,40.703134],[-73.940676,40.702593],[-73.94062,40.702255],[-73.940601,40.702142],[-73.940545,40.701798],[-73.940421,40.701077],[-73.941931,40.700725],[-73.942201,40.700891],[-73.943064,40.701424],[-73.943227,40.701521],[-73.943825,40.701862],[-73.944005,40.701962],[-73.944315,40.702133],[-73.944639,40.702314],[-73.94545,40.702761],[-73.945855,40.702987],[-73.946251,40.703209],[-73.947052,40.703664],[-73.947854,40.704111],[-73.948141,40.704271],[-73.94855,40.7045],[-73.948665,40.704565],[-73.949253,40.704896],[-73.949471,40.705019],[-73.949838,40.705229],[-73.950237,40.705473],[-73.950289,40.705913],[-73.950406,40.706653],[-73.95053,40.707391],[-73.950659,40.70817],[-73.95076,40.708803],[-73.95083,40.709144],[-73.950875,40.709513],[-73.948655,40.709725],[-73.948771,40.710432],[-73.948892,40.711168],[-73.949014,40.711904],[-73.949131,40.712612],[-73.949245,40.71332],[-73.949372,40.714067],[-73.951624,40.714066],[-73.95291,40.714061],[-73.953031,40.714063],[-73.953165,40.714065],[-73.953253,40.714066],[-73.953485,40.71407],[-73.953353,40.714184],[-73.952754,40.714736],[-73.952109,40.715259],[-73.951824,40.715476],[-73.951144,40.716035],[-73.950046,40.716805],[-73.949838,40.716939],[-73.94954,40.717122],[-73.949043,40.717429],[-73.948664,40.717683],[-73.948322,40.717865],[-73.947213,40.718561],[-73.946792,40.718822],[-73.945604,40.719567],[-73.944405,40.72024],[-73.943675,40.72066],[-73.942817,40.721144],[-73.941956,40.721652],[-73.941504,40.721991],[-73.941094,40.722309],[-73.940221,40.722892],[-73.939312,40.723348],[-73.938912,40.723579],[-73.938489,40.723809],[-73.937653,40.724266],[-73.936764,40.724839],[-73.935397,40.725907],[-73.934123,40.726855],[-73.932554,40.727863],[-73.932269,40.728175],[-73.932004,40.728145],[-73.931961,40.728126],[-73.931881,40.728095],[-73.931748,40.728054]]]]}},{"type":"Feature","id":82,"properties":{"pu_location_id":82,"zone_name":"Elmhurst","borough":"Queens"},"geometry":{"type":"MultiPolygon","coordinates":[[[[-73.867685,40.744072],[-73.867491,40.743302],[-73.867472,40.742096],[-73.867557,40.741678],[-73.867563,40.740942],[-73.867318,40.740261],[-73.867147,40.739837],[-73.86704,40.739572],[-73.86676,40.73889],[-73.86648,40.738211],[-73.866095,40.737251],[-73.86583,40.736643],[-73.865501,40.735989],[-73.865159,40.735325],[-73.864815,40.73466],[-73.864622,40.734283],[-73.864572,40.734188],[-73.864502,40.734075],[-73.864471,40.734007],[-73.864917,40.733867],[-73.865248,40.733762],[-73.866104,40.733492],[-73.866828,40.733246],[-73.867926,40.732873],[-73.868106,40.732826],[-73.868278,40.732767],[-73.868318,40.732754],[-73.868359,40.73274],[-73.868452,40.732713],[-73.868609,40.732653],[-73.869048,40.732514],[-73.869556,40.732353],[-73.870547,40.732037],[-73.871122,40.731872],[-73.871289,40.731816],[-73.871343,40.731799],[-73.871498,40.731751],[-73.871921,40.731614],[-73.873155,40.731244],[-73.874155,40.73095],[-73.874813,40.730753],[-73.875092,40.730671],[-73.875386,40.730591],[-73.876283,40.730313],[-73.876997,40.730048],[-73.877894,40.729716],[-73.878366,40.729516],[-73.878475,40.729469],[-73.879694,40.72901],[-73.880089,40.728906],[-73.880491,40.728817],[-73.880885,40.728744],[-73.880898,40.728741],[-73.881309,40.728681],[-73.881723,40.728635],[-73.882085,40.72861],[-73.882975,40.728541],[-73.883533,40.728497],[-73.883876,40.728468],[-73.88392,40.728464],[-73.884449,40.728419],[-73.885007,40.728372],[-73.885593,40.728274],[-73.885901,40.728211],[-73.886238,40.728127],[-73.886568,40.728029],[-73.886613,40.728013],[-73.88673,40.727973],[-73.886891,40.727917],[-73.887205,40.727793],[-73.887205,40.727869],[-73.887204,40.728011],[-73.887201,40.728092],[-73.887198,40.728184],[-73.887201,40.728612],[-73.887236,40.728933],[-73.887289,40.729253],[-73.887361,40.729571],[-73.887361,40.729571],[-73.887361,40.729571],[-73.887451,40.729886],[-73.887451,40.729886],[-73.887451,40.729886],[-73.88756,40.730197],[-73.88806,40.730087],[-73.888112,40.730591],[-73.888178,40.731195],[-73.888253,40.731897],[-73.888285,40.732261],[-73.888307,40.732515],[-73.888332,40.732761],[-73.888349,40.732941],[-73.888375,40.733205],[-73.888401,40.733448],[-73.888443,40.733855],[-73.888479,40.734158],[-73.888523,40.734531],[-73.887702,40.734291],[-73.887514,40.734225],[-73.887187,40.734159],[-73.886892,40.734099],[-73.886397,40.734067],[-73.885985,40.734041],[-73.88549,40.734009],[-73.885326,40.734008],[-73.885326,40.734008],[-73.885326,40.734008],[-73.885162,40.733995],[-73.885,40.73397],[-73.885,40.73397],[-73.885,40.73397],[-73.884843,40.733934],[-73.884842,40.733934],[-73.884842,40.733934],[-73.884691,40.733886],[-73.883811,40.73356],[-73.883529,40.733848],[-73.882681,40.733511],[-73.881822,40.7332],[-73.881087,40.732936],[-73.880294,40.732562],[-73.879321,40.732208],[-73.878442,40.731921],[-73.877522,40.731593],[-73.877251,40.731794],[-73.878225,40.732102],[-73.877083,40.732909],[-73.87772,40.733417],[-73.878349,40.733906],[-73.878954,40.73438],[-73.879312,40.734662],[-73.879554,40.734853],[-73.880159,40.735327],[-73.880569,40.735645],[-73.880662,40.735708],[-73.880515,40.735752],[-73.880354,40.737131],[-73.880339,40.737266],[-73.880331,40.737334],[-73.880518,40.737367],[-73.88151,40.73754],[-73.882033,40.737643],[-73.882303,40.737708],[-73.882135,40.73774],[-73.881785,40.737807],[-73.88129,40.737895],[-73.879649,40.73819],[-73.87955,40.738187],[-73.879452,40.738198],[-73.879357,40.738222],[-73.879271,40.738258],[-73.878235,40.738445],[-73.877978,40.738496],[-73.877431,40.738601],[-73.877918,40.739395],[-73.878487,40.739934],[-73.878632,40.74006],[-73.879107,40.740445],[-73.87932,40.740602],[-73.879991,40.74107],[-73.880113,40.741168],[-73.880278,40.741297],[-73.881004,40.741841],[-73.881864,40.741735],[-73.882943,40.74161],[-73.882829,40.740992],[-73.883253,40.740859],[-73.883334,40.740834],[-73.88417,40.740572],[-73.884615,40.740433],[-73.885407,40.740196],[-73.885512,40.740165],[-73.88559,40.740577],[-73.885726,40.741289],[-73.886619,40.741182],[-73.886668,40.741178],[-73.887511,40.741083],[-73.887987,40.743548],[-73.88887,40.743399],[-73.889744,40.743268],[-73.889792,40.743261],[-73.889838,40.743254],[-73.890716,40.743128],[-73.89111,40.745203],[-73.891391,40.746641],[-73.89175,40.746812],[-73.891431,40.746845],[-73.890501,40.746942],[-73.889571,40.747039],[-73.888678,40.747134],[-73.887783,40.747229],[-73.887647,40.747245],[-73.886717,40.747341],[-73.885787,40.74744],[-73.884855,40.747535],[-73.883936,40.74763],[-73.882999,40.747734],[-73.882569,40.747778],[-73.882071,40.74783],[-73.881137,40.747927],[-73.880206,40.748025],[-73.879839,40.748062],[-73.879278,40.748124],[-73.878458,40.748215],[-73.878343,40.748223],[-73.877416,40.748319],[-73.876925,40.748369],[-73.87648,40.748416],[-73.876252,40.748439],[-73.875556,40.748514],[-73.875432,40.748527],[-73.874629,40.748614],[-73.873983,40.748686],[-73.873701,40.748717],[-73.873303,40.748758],[-73.872774,40.748813],[-73.872373,40.748852],[-73.871841,40.748906],[-73.871356,40.748957],[-73.870379,40.749064],[-73.869425,40.749157],[-73.869192,40.748763],[-73.868914,40.748369],[-73.868529,40.747588],[-73.868438,40.747031],[-73.868265,40.746314],[-73.868086,40.745601],[-73.86791,40.744934],[-73.867876,40.744815],[-73.867851,40.744717],[-73.867827,40.744629],[-73.867685,40.744072]]]]}},{"type":"Feature","id":89,"properties":{"pu_location_id":89,"zone_name":"Flatbush/Ditmas Park","borough":"Brooklyn"},"geometry":{"type":"MultiPolygon","coordinates":[[[[-73.953749,40.638586],[-73.9536,40.638422],[-73.953077,40.638446],[-73.952139,40.638443],[-73.951163,40.638448],[-73.950174,40.638511],[-73.949233,40.638548],[-73.948265,40.638607],[-73.947152,40.638676],[-73.946382,40.638726],[-73.945373,40.638787],[-73.945123,40.636448],[-73.94488,40.634177],[-73.944629,40.631838],[-73.945618,40.631777],[-73.94648,40.631708],[-73.945511,40.630791],[-73.944808,40.630127],[-73.94454,40.629867],[-73.944155,40.629508],[-73.944468,40.62948],[-73.945401,40.629378],[-73.946326,40.629277],[-73.947327,40.629167],[-73.948324,40.629057],[-73.949252,40.628955],[-73.950177,40.628853],[-73.951106,40.62875],[-73.952069,40.628646],[-73.953031,40.62854],[-73.95396,40.628439],[-73.954885,40.628336],[-73.955812,40.628233],[-73.956847,40.62812],[-73.958053,40.627971],[-73.958994,40.627886],[-73.959956,40.627779],[-73.960148,40.628915],[-73.960226,40.629255],[-73.960249,40.629371],[-73.960259,40.629418],[-73.960407,40.630163],[-73.960463,40.630156],[-73.961369,40.630058],[-73.961636,40.630022],[-73.961821,40.630005],[-73.961975,40.629995],[-73.962326,40.629969],[-73.963221,40.629841],[-73.964149,40.629739],[-73.965081,40.629655],[-73.966082,40.629543],[-73.967077,40.629435],[-73.968001,40.629333],[-73.968929,40.629232],[-73.970001,40.629113],[-73.971092,40.628966],[-73.971366,40.628929],[-73.971208,40.62809],[-73.971114,40.627586],[-73.970921,40.62657],[-73.971082,40.626554],[-73.971192,40.626543],[-73.972299,40.626431],[-73.97322,40.626319],[-73.974149,40.626215],[-73.975076,40.626114],[-73.975636,40.626035],[-73.976235,40.625976],[-73.97645,40.627008],[-73.976515,40.627294],[-73.976578,40.627573],[-73.976696,40.628355],[-73.97685,40.629089],[-73.976998,40.629871],[-73.977165,40.630747],[-73.976049,40.631276],[-73.975171,40.631689],[-73.974319,40.632091],[-73.973202,40.632618],[-73.972811,40.632805],[-73.972417,40.632992],[-73.972311,40.633042],[-73.972161,40.633112],[-73.971904,40.63323],[-73.970876,40.63372],[-73.969869,40.634195],[-73.97029,40.636406],[-73.96936,40.636506],[-73.968039,40.636651],[-73.968223,40.637297],[-73.968722,40.639019],[-73.968791,40.639256],[-73.968915,40.639757],[-73.969399,40.641382],[-73.969485,40.64169],[-73.969686,40.642356],[-73.969885,40.64303],[-73.970089,40.643746],[-73.970317,40.644538],[-73.970546,40.645317],[-73.97077,40.646111],[-73.970841,40.646379],[-73.97121,40.64762],[-73.971396,40.648258],[-73.970693,40.648497],[-73.969672,40.648898],[-73.968794,40.649248],[-73.967909,40.649599],[-73.967028,40.649947],[-73.966145,40.650298],[-73.965263,40.650642],[-73.964654,40.650888],[-73.965241,40.651742],[-73.965751,40.652499],[-73.966213,40.653189],[-73.964144,40.653994],[-73.9619,40.654871],[-73.961565,40.655004],[-73.960698,40.655341],[-73.959861,40.655635],[-73.959697,40.654839],[-73.959452,40.653575],[-73.959329,40.652928],[-73.95915,40.652145],[-73.958925,40.651212],[-73.958708,40.650387],[-73.958443,40.649303],[-73.958255,40.648532],[-73.95815,40.647768],[-73.958141,40.647503],[-73.958107,40.646518],[-73.958037,40.645303],[-73.958022,40.64507],[-73.957978,40.644576],[-73.957919,40.644143],[-73.957894,40.644016],[-73.957636,40.642689],[-73.957464,40.642372],[-73.95707,40.641961],[-73.955716,40.640583],[-73.955638,40.640504],[-73.954768,40.639624],[-73.954274,40.639116],[-73.954044,40.638878],[-73.953749,40.638586]]]]}},{"type":"Feature","id":90,"properties":{"pu_location_id":90,"zone_name":"Flatiron","borough":"Manhattan"},"geometry":{"type":"MultiPolygon","coordinates":[[[[-73.996337,40.738044],[-73.99684,40.737361],[-73.999684,40.738552],[-74.002524,40.739753],[-74.002019,40.740444],[-74.001555,40.74108],[-74.001129,40.741668],[-74.000703,40.742254],[-74.000275,40.742839],[-73.999848,40.743425],[-73.999422,40.74401],[-73.998972,40.74463],[-73.998487,40.745294],[-73.998008,40.745951],[-73.997552,40.746581],[-73.997099,40.747205],[-73.994263,40.746004],[-73.991419,40.744803],[-73.991871,40.744186],[-73.992066,40.743916],[-73.992319,40.743568],[-73.992803,40.74291],[-73.993292,40.742233],[-73.993739,40.741617],[-73.994165,40.741031],[-73.994593,40.740442],[-73.995018,40.73986],[-73.995447,40.739272],[-73.995874,40.738686],[-73.996337,40.738044]]]]}},{"type":"Feature","id":95,"properties":{"pu_location_id":95,"zone_name":"Forest Hills","borough":"Queens"},"geometry":{"type":"MultiPolygon","coordinates":[[[[-73.847325,40.738771],[-73.847214,40.738644],[-73.846894,40.738671],[-73.846055,40.737099],[-73.845909,40.7364],[-73.845693,40.735666],[-73.845426,40.73495],[-73.845115,40.734277],[-73.844968,40.734007],[-73.844753,40.73362],[-73.844347,40.732979],[-73.844213,40.732733],[-73.84406,40.732493],[-73.843891,40.732259],[-73.843706,40.732032],[-73.843505,40.731814],[-73.842814,40.731153],[-73.841622,40.730118],[-73.841468,40.729998],[-73.840327,40.728807],[-73.839854,40.728178],[-73.839445,40.727537],[-73.839064,40.72688],[-73.838715,40.726221],[-73.838362,40.725562],[-73.836524,40.722371],[-73.836034,40.721767],[-73.835963,40.721677],[-73.835761,40.721362],[-73.835567,40.721043],[-73.83538,40.720722],[-73.835275,40.720457],[-73.835186,40.720189],[-73.835113,40.719917],[-73.835057,40.719644],[-73.835017,40.719527],[-73.834959,40.719412],[-73.834884,40.719303],[-73.834792,40.719201],[-73.834687,40.719109],[-73.83457,40.719028],[-73.834569,40.719027],[-73.833481,40.718333],[-73.832071,40.717291],[-73.830728,40.71626],[-73.829796,40.715566],[-73.829876,40.715429],[-73.829973,40.715298],[-73.830085,40.715174],[-73.830085,40.715174],[-73.830085,40.715174],[-73.830213,40.715058],[-73.830353,40.714952],[-73.830505,40.714857],[-73.83123,40.714627],[-73.831386,40.714577],[-73.831459,40.714554],[-73.831259,40.714441],[-73.831158,40.714393],[-73.831069,40.714354],[-73.831031,40.714337],[-73.831153,40.714307],[-73.831298,40.714264],[-73.83136,40.714232],[-73.832434,40.71366],[-73.833179,40.713263],[-73.833302,40.7132],[-73.833559,40.713068],[-73.833658,40.713016],[-73.833742,40.71297],[-73.834262,40.712683],[-73.835052,40.712254],[-73.836005,40.71173],[-73.836028,40.711749],[-73.836115,40.711825],[-73.836409,40.711642],[-73.836409,40.711642],[-73.836409,40.711642],[-73.836716,40.71147],[-73.836717,40.71147],[-73.836717,40.71147],[-73.837037,40.711312],[-73.837037,40.711312],[-73.837037,40.711312],[-73.837368,40.711167],[-73.837709,40.711036],[-73.838058,40.710921],[-73.839523,40.710496],[-73.839724,40.710399],[-73.83978,40.710386],[-73.840192,40.710277],[-73.840242,40.710262],[-73.840692,40.710153],[-73.841339,40.709946],[-73.842631,40.709433],[-73.84268,40.709414],[-73.843047,40.709264],[-73.843146,40.709223],[-73.843219,40.709187],[-73.843476,40.70906],[-73.843818,40.708912],[-73.844173,40.708778],[-73.844537,40.708661],[-73.84491,40.70856],[-73.845289,40.708477],[-73.845672,40.70841],[-73.84616,40.708351],[-73.846657,40.708319],[-73.847624,40.708333],[-73.848578,40.708439],[-73.848767,40.708445],[-73.848957,40.708438],[-73.849146,40.708419],[-73.849332,40.708388],[-73.849512,40.708346],[-73.850429,40.708087],[-73.850591,40.70804],[-73.851101,40.707901],[-73.852682,40.707418],[-73.852754,40.707397],[-73.854732,40.706764],[-73.85594,40.706398],[-73.855955,40.70643],[-73.856677,40.707692],[-73.857293,40.711468],[-73.857449,40.713693],[-73.857772,40.716456],[-73.858238,40.719612],[-73.858522,40.721534],[-73.858681,40.722612],[-73.859908,40.724346],[-73.862038,40.725957],[-73.860152,40.725227],[-73.859605,40.725022],[-73.858054,40.724445],[-73.857763,40.724906],[-73.857271,40.725681],[-73.85942,40.726465],[-73.859014,40.727109],[-73.858608,40.727752],[-73.858201,40.728391],[-73.858126,40.728508],[-73.858088,40.728569],[-73.85775,40.728446],[-73.857412,40.728322],[-73.857716,40.728505],[-73.857629,40.728607],[-73.857828,40.728975],[-73.858165,40.729625],[-73.85838,40.730036],[-73.858511,40.730287],[-73.856257,40.730959],[-73.856597,40.731623],[-73.857049,40.732512],[-73.857309,40.733004],[-73.857652,40.733668],[-73.857993,40.734334],[-73.858343,40.735001],[-73.858583,40.735472],[-73.858671,40.735619],[-73.858725,40.735709],[-73.85862,40.73574],[-73.858018,40.735907],[-73.856615,40.736331],[-73.856286,40.736426],[-73.855674,40.736587],[-73.855051,40.73672],[-73.854154,40.736878],[-73.853401,40.737003],[-73.852444,40.737202],[-73.851871,40.737343],[-73.851304,40.737512],[-73.850876,40.737654],[-73.850792,40.737682],[-73.849954,40.73796],[-73.849565,40.738106],[-73.848594,40.738501],[-73.848013,40.738763],[-73.847508,40.739008],[-73.847463,40.738952],[-73.847325,40.738771]]]]}},{"type":"Feature","id":97,"properties":{"pu_location_id":97,"zone_name":"Fort Greene","borough":"Brooklyn"},"geometry":{"type":"MultiPolygon","coordinates":[[[[-73.969341,40.695768],[-73.96881,40.69312],[-73.969831,40.693134],[-73.969521,40.691564],[-73.969104,40.689468],[-73.970132,40.689506],[-73.969783,40.687752],[-73.969489,40.686288],[-73.969062,40.684157],[-73.968674,40.682086],[-73.96869,40.682005],[-73.969694,40.682217],[-73.970674,40.682421],[-73.971864,40.68267],[-73.972649,40.682827],[-73.972784,40.682852],[-73.973756,40.683034],[-73.974832,40.683235],[-73.975953,40.683475],[-73.976249,40.683556],[-73.976539,40.683649],[-73.976763,40.683732],[-73.976823,40.683754],[-73.977098,40.68387],[-73.977457,40.684052],[-73.978043,40.684857],[-73.978274,40.685196],[-73.978994,40.686156],[-73.979091,40.686294],[-73.979363,40.686682],[-73.97959,40.687004],[-73.979841,40.687344],[-73.980128,40.68775],[-73.98065,40.688459],[-73.980691,40.688516],[-73.980843,40.688761],[-73.980928,40.688902],[-73.981018,40.688938],[-73.981553,40.689146],[-73.982097,40.689358],[-73.982957,40.6897],[-73.98372,40.690007],[-73.983505,40.690006],[-73.983135,40.690002],[-73.982767,40.689986],[-73.981574,40.689935],[-73.981476,40.689931],[-73.981501,40.689988],[-73.982132,40.691227],[-73.982062,40.691312],[-73.981789,40.691645],[-73.98179,40.692025],[-73.981759,40.692955],[-73.98254,40.693003],[-73.982511,40.693614],[-73.982429,40.693611],[-73.98235,40.693608],[-73.982267,40.693605],[-73.981753,40.693583],[-73.981548,40.693578],[-73.981472,40.693575],[-73.980983,40.693557],[-73.980113,40.693524],[-73.979167,40.693488],[-73.979218,40.693626],[-73.979218,40.693626],[-73.979218,40.693626],[-73.97929,40.69376],[-73.97929,40.69376],[-73.97929,40.69376],[-73.979381,40.693888],[-73.97949,40.694007],[-73.979491,40.694007],[-73.979491,40.694007],[-73.979616,40.694115],[-73.979616,40.694116],[-73.979616,40.694116],[-73.979755,40.694211],[-73.979862,40.69429],[-73.979957,40.69438],[-73.980035,40.69448],[-73.980095,40.694587],[-73.980135,40.694698],[-73.980156,40.69481],[-73.98022,40.695287],[-73.980243,40.695457],[-73.980264,40.695634],[-73.98031,40.695906],[-73.980357,40.696178],[-73.980371,40.696263],[-73.980387,40.696383],[-73.980396,40.696443],[-73.980403,40.696502],[-73.98041,40.696559],[-73.980509,40.697446],[-73.980544,40.698247],[-73.978089,40.698138],[-73.977531,40.698116],[-73.976786,40.698087],[-73.975783,40.698048],[-73.974786,40.698005],[-73.973775,40.697959],[-73.973324,40.69794],[-73.972795,40.697921],[-73.971784,40.697883],[-73.970762,40.697839],[-73.969728,40.697804],[-73.969395,40.69608],[-73.969379,40.695991],[-73.969372,40.695938],[-73.969356,40.695855],[-73.969341,40.695768]]]]}},{"type":"Feature","id":107,"properties":{"pu_location_id":107,"zone_name":"Gramercy","borough":"Manhattan"},"geometry":{"type":"MultiPolygon","coordinates":[[[[-73.982386,40.731411],[-73.982556,40.73135],[-73.984941,40.732348],[-73.98718,40.733292],[-73.988779,40.733965],[-73.989903,40.734435],[-73.989969,40.734905],[-73.989978,40.734979],[-73.989979,40.735054],[-73.989974,40.735129],[-73.989962,40.735203],[-73.989943,40.735277],[-73.989917,40.735349],[-73.989874,40.735408],[-73.989455,40.735987],[-73.98921,40.736307],[-73.989016,40.73656],[-73.988593,40.737143],[-73.988179,40.737731],[-73.987741,40.738312],[-73.987302,40.738903],[-73.987036,40.739266],[-73.986849,40.739522],[-73.986361,40.740185],[-73.985879,40.740853],[-73.985428,40.74147],[-73.984978,40.742089],[-73.984526,40.742707],[-73.984075,40.743325],[-73.984009,40.743299],[-73.982455,40.742647],[-73.98086,40.74197],[-73.981312,40.741351],[-73.981762,40.740733],[-73.982211,40.740115],[-73.982665,40.739497],[-73.980418,40.738551],[-73.979491,40.73816],[-73.978916,40.737918],[-73.978052,40.737554],[-73.978498,40.736791],[-73.978574,40.736677],[-73.978909,40.736164],[-73.979348,40.735553],[-73.979446,40.735415],[-73.979789,40.734962],[-73.980091,40.734544],[-73.980205,40.734385],[-73.98042,40.73409],[-73.980645,40.733779],[-73.981053,40.733208],[-73.981499,40.732619],[-73.981803,40.732205],[-73.981968,40.731983],[-73.982323,40.731498],[-73.982386,40.731411]]]]}},{"type":"Feature","id":112,"properties":{"pu_location_id":112,"zone_name":"Greenpoint","borough":"Brooklyn"},"geometry":{"type":"MultiPolygon","coordinates":[[[[-73.954396,40.739115],[-73.954283,40.739107],[-73.954233,40.739107],[-73.954194,40.739107],[-73.954156,40.739107],[-73.954122,40.739101],[-73.954028,40.739083],[-73.953972,40.739075],[-73.953816,40.739053],[-73.953738,40.739045],[-73.953581,40.739033],[-73.953515,40.739027],[-73.953367,40.739011],[-73.953233,40.738993],[-73.952924,40.738935],[-73.952862,40.738922],[-73.952787,40.738904],[-73.952718,40.738891],[-73.952657,40.738879],[-73.952555,40.738858],[-73.952384,40.73882],[-73.952187,40.738785],[-73.952177,40.738784],[-73.952145,40.738778],[-73.952105,40.738771],[-73.952033,40.738757],[-73.952018,40.738754],[-73.952005,40.738752],[-73.951988,40.738748],[-73.951977,40.738731],[-73.951973,40.738727],[-73.951955,40.738709],[-73.951949,40.738705],[-73.951944,40.738702],[-73.951936,40.738699],[-73.951928,40.738696],[-73.951911,40.738693],[-73.951902,40.738692],[-73.951895,40.738692],[-73.951887,40.738693],[-73.95188,40.738695],[-73.95188,40.738695],[-73.95188,40.738695],[-73.951879,40.738696],[-73.951879,40.738696],[-73.951879,40.738696],[-73.951879,40.738696],[-73.951878,40.738697],[-73.951878,40.738697],[-73.951878,40.738698],[-73.951878,40.738699],[-73.951878,40.738702],[-73.95188,40.73871],[-73.951881,40.738711],[-73.951881,40.738713],[-73.951881,40.738713],[-73.95188,40.738713],[-73.95188,40.738714],[-73.95188,40.738714],[-73.95188,40.738714],[-73.95188,40.738714],[-73.95188,40.738714],[-73.95188,40.738714],[-73.951879,40.738714],[-73.951879,40.738714],[-73.951879,40.738714],[-73.951878,40.738714],[-73.951858,40.738708],[-73.951813,40.738694],[-73.951717,40.738665],[-73.951542,40.738611],[-73.950645,40.738364],[-73.95051,40.738323],[-73.950465,40.73831],[-73.950387,40.738285],[-73.950219,40.738222],[-73.950048,40.738158],[-73.949965,40.738124],[-73.949648,40.737998],[-73.949484,40.737934],[-73.949397,40.7379],[-73.949257,40.737845],[-73.948844,40.737686],[-73.948612,40.737595],[-73.948584,40.737585],[-73.948405,40.737514],[-73.948123,40.737397],[-73.948107,40.737434],[-73.948092,40.737468],[-73.947542,40.737279],[-73.947201,40.737166],[-73.947181,40.737161],[-73.947162,40.737155],[-73.947136,40.737145],[-73.947096,40.737125],[-73.947049,40.7371],[-73.947036,40.737092],[-73.947034,40.73709],[-73.947006,40.737071],[-73.946989,40.737061],[-73.946968,40.737053],[-73.94691,40.737032],[-73.94686,40.737007],[-73.94684,40.736999],[-73.946822,40.736994],[-73.946778,40.736984],[-73.946759,40.736979],[-73.946699,40.736958],[-73.946616,40.736925],[-73.946581,40.736944],[-73.946524,40.736927],[-73.946454,40.73681],[-73.946621,40.73647],[-73.946631,40.73645],[-73.946805,40.7361],[-73.946879,40.735939],[-73.9472,40.735355],[-73.947187,40.735231],[-73.947158,40.735032],[-73.947086,40.734546],[-73.947065,40.734402],[-73.946598,40.734442],[-73.946628,40.734585],[-73.946737,40.735295],[-73.946757,40.735258],[-73.946929,40.735313],[-73.946627,40.735866],[-73.946443,40.735813],[-73.946431,40.735835],[-73.946401,40.735889],[-73.946307,40.736058],[-73.946247,40.736166],[-73.946172,40.736203],[-73.945873,40.736102],[-73.94557,40.736612],[-73.945533,40.736605],[-73.94552,40.736591],[-73.945545,40.736538],[-73.945416,40.736502],[-73.9454,40.736538],[-73.945359,40.73655],[-73.945207,40.736509],[-73.945201,40.736487],[-73.94522,40.736444],[-73.945078,40.736393],[-73.945059,40.736439],[-73.945034,40.736449],[-73.944999,40.736437],[-73.944999,40.736417],[-73.945255,40.735893],[-73.945185,40.735479],[-73.945033,40.735429],[-73.945028,40.735451],[-73.945022,40.735475],[-73.945006,40.735531],[-73.944991,40.73557],[-73.944961,40.735634],[-73.944923,40.735703],[-73.944885,40.735766],[-73.944862,40.735811],[-73.944837,40.735868],[-73.944786,40.735965],[-73.944773,40.735986],[-73.944759,40.736004],[-73.94474,40.736024],[-73.944691,40.736064],[-73.944671,40.736083],[-73.944633,40.736124],[-73.944613,40.736147],[-73.944577,40.736191],[-73.944568,40.736203],[-73.94455,40.736225],[-73.944549,40.736225],[-73.944548,40.736226],[-73.944547,40.736227],[-73.944545,40.736228],[-73.944543,40.736229],[-73.944539,40.736229],[-73.944527,40.736231],[-73.944524,40.736232],[-73.944522,40.736232],[-73.94452,40.736233],[-73.944519,40.736234],[-73.944517,40.736235],[-73.944516,40.736236],[-73.944516,40.736237],[-73.944515,40.736238],[-73.944515,40.736238],[-73.944515,40.736238],[-73.944515,40.736239],[-73.944515,40.736239],[-73.944516,40.736239],[-73.944516,40.73624],[-73.944516,40.736241],[-73.944517,40.736241],[-73.944518,40.736242],[-73.94452,40.736243],[-73.944523,40.736245],[-73.944537,40.736251],[-73.94454,40.736252],[-73.944541,40.736253],[-73.944542,40.736254],[-73.944543,40.736255],[-73.944544,40.736256],[-73.944544,40.736257],[-73.944545,40.736258],[-73.944545,40.736259],[-73.944545,40.73626],[-73.944545,40.736262],[-73.944544,40.736264],[-73.944543,40.736267],[-73.944541,40.73627],[-73.944539,40.736272],[-73.944533,40.736277],[-73.94453,40.736279],[-73.944527,40.736281],[-73.94452,40.736284],[-73.944515,40.736284],[-73.944492,40.736283],[-73.944481,40.736281],[-73.94447,40.73628],[-73.944448,40.736275],[-73.944424,40.736268],[-73.94438,40.736252],[-73.944316,40.736224],[-73.9433,40.735824],[-73.943213,40.735791],[-73.943168,40.735768],[-73.943105,40.735736],[-73.943007,40.735689],[-73.942944,40.73566],[-73.94288,40.735633],[-73.942842,40.735617],[-73.942394,40.735426],[-73.942122,40.735234],[-73.942105,40.735219],[-73.941969,40.735119],[-73.941772,40.734982],[-73.941738,40.734951],[-73.941792,40.734913],[-73.941786,40.734895],[-73.941763,40.734859],[-73.941694,40.734769],[-73.941607,40.734688],[-73.941546,40.734734],[-73.941298,40.734376],[-73.941147,40.734153],[-73.940997,40.73379],[-73.941156,40.733749],[-73.941135,40.733703],[-73.941038,40.733488],[-73.940942,40.733509],[-73.940929,40.733511],[-73.940918,40.733484],[-73.940818,40.733249],[-73.940755,40.733278],[-73.940726,40.733291],[-73.940644,40.733171],[-73.940591,40.733092],[-73.940569,40.733058],[-73.940685,40.733017],[-73.940367,40.732213],[-73.939888,40.731296],[-73.939813,40.731153],[-73.939746,40.731065],[-73.938915,40.730384],[-73.938561,40.730134],[-73.938103,40.729729],[-73.938089,40.729747],[-73.937295,40.729301],[-73.937119,40.72919],[-73.936931,40.729108],[-73.93684,40.729088],[-73.936559,40.729018],[-73.936082,40.728883],[-73.935636,40.728752],[-73.935615,40.728746],[-73.935274,40.728651],[-73.935012,40.728572],[-73.934929,40.728544],[-73.934808,40.728529],[-73.934256,40.728433],[-73.93423,40.728431],[-73.934235,40.728395],[-73.934229,40.728391],[-73.934154,40.728382],[-73.933767,40.728334],[-73.933528,40.728307],[-73.933499,40.728304],[-73.933486,40.728294],[-73.933483,40.728282],[-73.933257,40.728241],[-73.933017,40.72821],[-73.932911,40.728233],[-73.932627,40.728181],[-73.932408,40.728146],[-73.932387,40.728148],[-73.932361,40.728168],[-73.932346,40.728182],[-73.932269,40.728175],[-73.932554,40.727863],[-73.934123,40.726855],[-73.935397,40.725907],[-73.936764,40.724839],[-73.937653,40.724266],[-73.938489,40.723809],[-73.938912,40.723579],[-73.939312,40.723348],[-73.940221,40.722892],[-73.941094,40.722309],[-73.941504,40.721991],[-73.941956,40.721652],[-73.942817,40.721144],[-73.943675,40.72066],[-73.944405,40.72024],[-73.945604,40.719567],[-73.946792,40.718822],[-73.947213,40.718561],[-73.948416,40.718456],[-73.948533,40.719167],[-73.948875,40.721292],[-73.949078,40.72254],[-73.949866,40.722179],[-73.950646,40.721706],[-73.951646,40.723486],[-73.952496,40.723218],[-73.95332,40.722933],[-73.953825,40.72276],[-73.954183,40.722636],[-73.954777,40.72246],[-73.956273,40.72339],[-73.95772,40.724285],[-73.958143,40.724404],[-73.958039,40.724427],[-73.957942,40.724649],[-73.957951,40.725036],[-73.958276,40.725167],[-73.958352,40.725198],[-73.958426,40.725401],[-73.960125,40.72532],[-73.960285,40.725948],[-73.961063,40.725845],[-73.961615,40.725866],[-73.961653,40.726204],[-73.961617,40.726661],[-73.961499,40.726751],[-73.961418,40.727356],[-73.961142,40.728104],[-73.961051,40.728466],[-73.961011,40.728519],[-73.960996,40.728769],[-73.961061,40.728777],[-73.961071,40.72922],[-73.96114,40.729416],[-73.961195,40.729416],[-73.961218,40.72953],[-73.961349,40.730162],[-73.961291,40.730162],[-73.961284,40.730162],[-73.961301,40.730253],[-73.961432,40.730965],[-73.961716,40.73157],[-73.961826,40.731608],[-73.961909,40.731651],[-73.962121,40.732374],[-73.962263,40.732916],[-73.96236,40.732913],[-73.962848,40.732872],[-73.963326,40.732831],[-73.963337,40.732839],[-73.963521,40.732827],[-73.963531,40.73285],[-73.963557,40.732849],[-73.963566,40.732894],[-73.963575,40.732895],[-73.963578,40.732912],[-73.963589,40.732912],[-73.963587,40.732922],[-73.963677,40.73292],[-73.963661,40.732799],[-73.964031,40.732758],[-73.964049,40.732762],[-73.964065,40.732779],[-73.964088,40.732919],[-73.964079,40.732933],[-73.96406,40.732945],[-73.963721,40.73298],[-73.963652,40.732987],[-73.963653,40.732992],[-73.963577,40.732998],[-73.963574,40.732995],[-73.963539,40.732997],[-73.963537,40.733],[-73.962755,40.733073],[-73.962357,40.73311],[-73.962357,40.733108],[-73.962304,40.733114],[-73.962341,40.733389],[-73.962308,40.733532],[-73.962355,40.733713],[-73.962325,40.733908],[-73.962285,40.734048],[-73.962186,40.734249],[-73.96209,40.734508],[-73.961985,40.734638],[-73.96191,40.734751],[-73.961762,40.734892],[-73.961575,40.73518],[-73.96119,40.735603],[-73.960519,40.736342],[-73.960512,40.736351],[-73.960467,40.7364],[-73.960423,40.736445],[-73.960296,40.736563],[-73.960239,40.736614],[-73.960223,40.736637],[-73.960216,40.736645],[-73.960188,40.736675],[-73.960147,40.736716],[-73.960095,40.736759],[-73.960077,40.736779],[-73.960034,40.736834],[-73.960001,40.736869],[-73.959917,40.736954],[-73.959895,40.736979],[-73.959851,40.737037],[-73.959829,40.737061],[-73.959816,40.737073],[-73.959799,40.737084],[-73.95978,40.737096],[-73.959722,40.737126],[-73.959706,40.737137],[-73.959692,40.737147],[-73.959665,40.737172],[-73.959602,40.737237],[-73.959583,40.737254],[-73.959564,40.737269],[-73.95947,40.737335],[-73.959401,40.737381],[-73.959369,40.737404],[-73.959306,40.737452],[-73.959191,40.737539],[-73.959164,40.737557],[-73.95911,40.737586],[-73.95909,40.737598],[-73.959028,40.737637],[-73.958989,40.737665],[-73.958888,40.737741],[-73.958833,40.737785],[-73.958825,40.737791],[-73.958814,40.737796],[-73.958778,40.737809],[-73.958765,40.737815],[-73.95873,40.737834],[-73.958678,40.737866],[-73.95864,40.7379],[-73.958613,40.737921],[-73.958487,40.738017],[-73.958459,40.738039],[-73.958432,40.738059],[-73.958375,40.738097],[-73.958312,40.738137],[-73.958242,40.73818],[-73.958156,40.738231],[-73.95796,40.738348],[-73.957894,40.738386],[-73.957854,40.73841],[-73.957765,40.738464],[-73.957717,40.738493],[-73.957634,40.738538],[-73.957547,40.738582],[-73.957418,40.738649],[-73.957155,40.738776],[-73.957093,40.738806],[-73.956959,40.738874],[-73.956946,40.738879],[-73.95693,40.738887],[-73.956918,40.738889],[-73.956903,40.73889],[-73.956778,40.738906],[-73.95564,40.739044],[-73.955635,40.739045],[-73.95563,40.739045],[-73.955615,40.739046],[-73.955583,40.73904],[-73.955531,40.739033],[-73.955197,40.739085],[-73.954923,40.739103],[-73.954808,40.739119],[-73.954763,40.739124],[-73.954715,40.739127],[-73.954663,40.739128],[-73.954604,40.739128],[-73.954546,40.739125],[-73.954441,40.739118],[-73.954396,40.739115]]],[[[-73.962366,40.724209],[-73.962007,40.723992],[-73.962073,40.72388],[-73.962468,40.724132],[-73.962472,40.724175],[-73.962443,40.7242],[-73.96239,40.724194],[-73.962366,40.724209]]]]}},{"type":"Feature","id":129,"properties":{"pu_location_id":129,"zone_name":"Jackson Heights","borough":"Queens"},"geometry":{"type":"MultiPolygon","coordinates":[[[[-73.875865,40.766052],[-73.875535,40.764231],[-73.875326,40.763057],[-73.875321,40.763008],[-73.875316,40.762945],[-73.874996,40.761264],[-73.875491,40.761352],[-73.876014,40.761444],[-73.875807,40.760308],[-73.875511,40.75868],[-73.875139,40.756634],[-73.874208,40.756732],[-73.873657,40.756803],[-73.872711,40.755064],[-73.872692,40.75503],[-73.87267,40.754987],[-73.872142,40.753986],[-73.87207,40.753862],[-73.871792,40.753326],[-73.870842,40.751545],[-73.869686,40.749612],[-73.869425,40.749157],[-73.870379,40.749064],[-73.871356,40.748957],[-73.871841,40.748906],[-73.872373,40.748852],[-73.872774,40.748813],[-73.873303,40.748758],[-73.873701,40.748717],[-73.873983,40.748686],[-73.874629,40.748614],[-73.875432,40.748527],[-73.875556,40.748514],[-73.876252,40.748439],[-73.87648,40.748416],[-73.876925,40.748369],[-73.877416,40.748319],[-73.878343,40.748223],[-73.878458,40.748215],[-73.879278,40.748124],[-73.879839,40.748062],[-73.880206,40.748025],[-73.881137,40.747927],[-73.882071,40.74783],[-73.882569,40.747778],[-73.882999,40.747734],[-73.883936,40.74763],[-73.884855,40.747535],[-73.885787,40.74744],[-73.886717,40.747341],[-73.887647,40.747245],[-73.887783,40.747229],[-73.888678,40.747134],[-73.889571,40.747039],[-73.890501,40.746942],[-73.891431,40.746845],[-73.89175,40.746812],[-73.892409,40.747135],[-73.893797,40.747692],[-73.895213,40.748291],[-73.895602,40.74845],[-73.89584,40.748547],[-73.896144,40.748679],[-73.896242,40.74872],[-73.896483,40.749071],[-73.897076,40.750119],[-73.897211,40.750466],[-73.89729,40.750873],[-73.897339,40.75142],[-73.897487,40.752014],[-73.897579,40.752384],[-73.897623,40.752523],[-73.897707,40.752735],[-73.897902,40.753088],[-73.898265,40.753665],[-73.898558,40.754137],[-73.898971,40.754715],[-73.899055,40.75495],[-73.899123,40.755169],[-73.899236,40.75553],[-73.899598,40.756235],[-73.899694,40.756447],[-73.899727,40.756542],[-73.899769,40.756664],[-73.899795,40.756775],[-73.899822,40.756887],[-73.899852,40.757112],[-73.89986,40.757337],[-73.899846,40.757562],[-73.899809,40.757784],[-73.899789,40.757898],[-73.899761,40.757986],[-73.899717,40.758163],[-73.899677,40.758297],[-73.899649,40.75838],[-73.899607,40.758455],[-73.899567,40.758545],[-73.899485,40.758683],[-73.89941,40.758809],[-73.899061,40.759328],[-73.898661,40.759921],[-73.898252,40.760514],[-73.897911,40.76102],[-73.897895,40.761045],[-73.897355,40.761851],[-73.897231,40.76203],[-73.897201,40.762073],[-73.897007,40.762351],[-73.896682,40.762778],[-73.896411,40.76315],[-73.896247,40.763333],[-73.896085,40.763474],[-73.895984,40.763543],[-73.89586,40.763628],[-73.895577,40.763828],[-73.895424,40.763947],[-73.895275,40.764086],[-73.895168,40.764197],[-73.895067,40.764331],[-73.895058,40.764347],[-73.894995,40.764453],[-73.894835,40.764655],[-73.894772,40.764889],[-73.894705,40.765069],[-73.894617,40.765256],[-73.894539,40.765357],[-73.89446,40.765446],[-73.894376,40.765527],[-73.89428,40.765607],[-73.894149,40.765694],[-73.894038,40.765759],[-73.893905,40.765818],[-73.893842,40.765842],[-73.893777,40.765867],[-73.893496,40.765951],[-73.893258,40.766212],[-73.893251,40.766271],[-73.892995,40.766249],[-73.892775,40.76623],[-73.892326,40.766217],[-73.892069,40.76622],[-73.891835,40.766227],[-73.891655,40.766157],[-73.891445,40.766075],[-73.89089,40.765858],[-73.89072,40.765887],[-73.890424,40.765962],[-73.889949,40.766104],[-73.889185,40.766298],[-73.888773,40.766511],[-73.888355,40.766698],[-73.887779,40.766823],[-73.887707,40.766839],[-73.887625,40.766865],[-73.887134,40.766983],[-73.886719,40.767091],[-73.886676,40.767103],[-73.886026,40.767283],[-73.885648,40.767408],[-73.885063,40.767599],[-73.884397,40.767842],[-73.884268,40.767895],[-73.883566,40.76818],[-73.882772,40.768529],[-73.881599,40.769126],[-73.880686,40.769632],[-73.880563,40.769701],[-73.880202,40.769904],[-73.879612,40.770232],[-73.878974,40.770556],[-73.878549,40.770772],[-73.878186,40.770928],[-73.877814,40.77107],[-73.877433,40.7712],[-73.877045,40.771317],[-73.876651,40.771419],[-73.876153,40.771523],[-73.876089,40.771537],[-73.876048,40.771444],[-73.876008,40.771308],[-73.875984,40.771176],[-73.875974,40.771043],[-73.875978,40.77091],[-73.876009,40.770482],[-73.876022,40.770312],[-73.876014,40.769817],[-73.876388,40.769],[-73.876251,40.768166],[-73.876244,40.768128],[-73.876233,40.768086],[-73.87614,40.767696],[-73.875865,40.766052]]]]}},{"type":"Feature","id":130,"properties":{"pu_location_id":130,"zone_name":"Jamaica","borough":"Queens"},"geometry":{"type":"MultiPolygon","coordinates":[[[[-73.769626,40.711786],[-73.770068,40.711354],[-73.770658,40.710819],[-73.770766,40.710735],[-73.770766,40.710735],[-73.770766,40.710735],[-73.770891,40.710652],[-73.771025,40.710577],[-73.771025,40.710577],[-73.771025,40.710577],[-73.771187,40.7105],[-73.771301,40.71045],[-73.771301,40.71045],[-73.771301,40.71045],[-73.771441,40.710396],[-73.771441,40.710396],[-73.771442,40.710396],[-73.771587,40.71035],[-73.771587,40.71035],[-73.771587,40.71035],[-73.771724,40.710317],[-73.771692,40.710264],[-73.771652,40.710222],[-73.771478,40.710222],[-73.771159,40.710205],[-73.770844,40.710172],[-73.768812,40.709808],[-73.768658,40.709738],[-73.768445,40.709637],[-73.769186,40.709336],[-73.770936,40.708626],[-73.772301,40.708071],[-73.772652,40.707993],[-73.772783,40.707958],[-73.772998,40.7079],[-73.773338,40.707794],[-73.773671,40.707673],[-73.773738,40.707646],[-73.773995,40.70754],[-73.774308,40.707394],[-73.774611,40.707236],[-73.774901,40.707067],[-73.775052,40.706924],[-73.775188,40.70677],[-73.775308,40.706606],[-73.77541,40.706434],[-73.775493,40.706255],[-73.775555,40.706071],[-73.775595,40.705884],[-73.775615,40.705697],[-73.775614,40.705512],[-73.775592,40.705329],[-73.775075,40.70524],[-73.774348,40.703986],[-73.773944,40.703312],[-73.773534,40.70262],[-73.773317,40.702262],[-73.773128,40.701947],[-73.772724,40.701262],[-73.772308,40.700572],[-73.772746,40.700379],[-73.772935,40.700295],[-73.773187,40.700186],[-73.773438,40.700075],[-73.773594,40.699994],[-73.773957,40.699806],[-73.774412,40.700281],[-73.774883,40.700748],[-73.775369,40.701206],[-73.775869,40.701655],[-73.776383,40.702095],[-73.77691,40.702525],[-73.777911,40.703282],[-73.778491,40.703833],[-73.77916,40.704389],[-73.779818,40.704928],[-73.780345,40.705412],[-73.781479,40.705455],[-73.782566,40.705425],[-73.78442,40.704762],[-73.784849,40.704586],[-73.78598,40.704187],[-73.787517,40.703715],[-73.788042,40.703556],[-73.788354,40.70346],[-73.789193,40.703204],[-73.789664,40.703039],[-73.789776,40.702979],[-73.789994,40.702871],[-73.790556,40.702568],[-73.791156,40.702294],[-73.791311,40.702255],[-73.791473,40.70223],[-73.791638,40.702221],[-73.791802,40.702227],[-73.792,40.702221],[-73.792198,40.702201],[-73.792392,40.702167],[-73.792353,40.702098],[-73.791869,40.701366],[-73.791944,40.701272],[-73.792017,40.701118],[-73.792106,40.700968],[-73.792106,40.700968],[-73.792106,40.700967],[-73.79221,40.700823],[-73.79221,40.700823],[-73.79221,40.700823],[-73.792329,40.700684],[-73.792329,40.700684],[-73.792329,40.700684],[-73.792461,40.700554],[-73.792461,40.700554],[-73.792605,40.700432],[-73.792844,40.700244],[-73.793577,40.699756],[-73.794499,40.699386],[-73.795722,40.699015],[-73.796476,40.698693],[-73.797224,40.698359],[-73.797537,40.698199],[-73.797862,40.697993],[-73.798546,40.697467],[-73.798768,40.69726],[-73.799182,40.696871],[-73.799859,40.696347],[-73.800532,40.695857],[-73.801196,40.695336],[-73.802113,40.694544],[-73.802959,40.693817],[-73.803818,40.69308],[-73.804688,40.692346],[-73.805558,40.691609],[-73.806425,40.690874],[-73.80724,40.691432],[-73.808036,40.691983],[-73.808281,40.692147],[-73.808902,40.692564],[-73.80971,40.692199],[-73.81027,40.692045],[-73.810542,40.691972],[-73.810633,40.691947],[-73.810754,40.692159],[-73.811022,40.692623],[-73.811398,40.693322],[-73.811727,40.693919],[-73.81177,40.693994],[-73.81203,40.694448],[-73.812091,40.69456],[-73.812242,40.694832],[-73.812452,40.695198],[-73.812998,40.696112],[-73.813154,40.696369],[-73.813389,40.696758],[-73.813619,40.697137],[-73.813656,40.697201],[-73.813694,40.697267],[-73.814071,40.697887],[-73.814152,40.69804],[-73.814309,40.698335],[-73.814415,40.698519],[-73.814669,40.698971],[-73.814923,40.699422],[-73.814987,40.699549],[-73.815139,40.69985],[-73.815372,40.70031],[-73.815407,40.70038],[-73.815463,40.700493],[-73.815518,40.700605],[-73.815937,40.701505],[-73.816139,40.701938],[-73.816378,40.702452],[-73.816289,40.702454],[-73.81594,40.702459],[-73.815316,40.702487],[-73.814962,40.702498],[-73.814294,40.702531],[-73.813987,40.702542],[-73.813565,40.702528],[-73.813141,40.7025],[-73.813019,40.702495],[-73.81193,40.702341],[-73.811529,40.702273],[-73.811632,40.703052],[-73.811713,40.703662],[-73.811773,40.704181],[-73.811802,40.704366],[-73.811904,40.705124],[-73.812012,40.705945],[-73.809348,40.706685],[-73.806949,40.707367],[-73.806589,40.706634],[-73.806137,40.705691],[-73.805648,40.704672],[-73.803573,40.705233],[-73.802655,40.70548],[-73.801657,40.705761],[-73.802228,40.706749],[-73.802787,40.707716],[-73.803024,40.70814],[-73.802782,40.708273],[-73.802551,40.708417],[-73.802331,40.708572],[-73.802125,40.708738],[-73.801933,40.708912],[-73.801596,40.709548],[-73.801512,40.709622],[-73.801511,40.709622],[-73.801511,40.709622],[-73.801414,40.709687],[-73.801414,40.709687],[-73.801414,40.709687],[-73.801306,40.709742],[-73.801306,40.709742],[-73.801306,40.709742],[-73.80119,40.709786],[-73.80119,40.709786],[-73.80119,40.709786],[-73.801069,40.709818],[-73.799858,40.710253],[-73.798702,40.710663],[-73.798072,40.70964],[-73.797768,40.709143],[-73.797314,40.70927],[-73.796394,40.709532],[-73.795617,40.709753],[-73.794731,40.710012],[-73.793896,40.710352],[-73.793038,40.710711],[-73.792029,40.711069],[-73.791014,40.711433],[-73.790215,40.711717],[-73.789414,40.711998],[-73.789283,40.712032],[-73.789149,40.712057],[-73.789012,40.712073],[-73.789002,40.712073],[-73.788991,40.712073],[-73.788981,40.712072],[-73.78897,40.712072],[-73.788959,40.712072],[-73.788949,40.712071],[-73.788938,40.712071],[-73.788928,40.712071],[-73.788917,40.71207],[-73.788907,40.712069],[-73.788896,40.712069],[-73.788886,40.712068],[-73.788875,40.712067],[-73.788865,40.712067],[-73.788854,40.712066],[-73.788844,40.712065],[-73.788833,40.712064],[-73.788823,40.712063],[-73.788812,40.712062],[-73.788802,40.712061],[-73.788791,40.71206],[-73.788781,40.712058],[-73.78877,40.712057],[-73.78876,40.712056],[-73.788749,40.712054],[-73.788739,40.712053],[-73.788728,40.712051],[-73.788718,40.71205],[-73.788707,40.712048],[-73.788697,40.712047],[-73.788687,40.712045],[-73.788676,40.712043],[-73.788666,40.712041],[-73.788656,40.712039],[-73.788645,40.712037],[-73.788635,40.712035],[-73.788625,40.712033],[-73.788615,40.712031],[-73.788604,40.712029],[-73.788594,40.712027],[-73.788584,40.712025],[-73.788574,40.712022],[-73.788564,40.71202],[-73.788554,40.712018],[-73.788544,40.712015],[-73.788534,40.712013],[-73.788524,40.71201],[-73.788514,40.712007],[-73.788504,40.712005],[-73.788494,40.712002],[-73.788484,40.711999],[-73.788474,40.711996],[-73.788464,40.711994],[-73.788454,40.711991],[-73.788445,40.711988],[-73.788435,40.711985],[-73.787847,40.711811],[-73.78742,40.711848],[-73.786996,40.711902],[-73.786575,40.711972],[-73.78616,40.71206],[-73.785752,40.712164],[-73.785353,40.712284],[-73.784461,40.712494],[-73.783561,40.712711],[-73.782625,40.712938],[-73.78247,40.712977],[-73.782366,40.713003],[-73.782271,40.713025],[-73.781783,40.71314],[-73.780589,40.713428],[-73.78042,40.713469],[-73.77998,40.713575],[-73.779726,40.713636],[-73.77887,40.713849],[-73.778001,40.714051],[-73.777306,40.714209],[-73.777123,40.714262],[-73.776186,40.714486],[-73.775715,40.714598],[-73.775299,40.714696],[-73.774442,40.714905],[-73.773571,40.71512],[-73.772759,40.715397],[-73.771921,40.715685],[-73.771134,40.714502],[-73.770395,40.7134],[-73.769463,40.712011],[-73.76944,40.711977],[-73.769626,40.711786]]]]}},{"type":"Feature","id":132,"properties":{"pu_location_id":132,"zone_name":"JFK Airport","borough":"Queens"},"geometry":{"type":"MultiPolygon","coordinates":[[[[-73.825035,40.66358],[-73.824861,40.663577],[-73.82427,40.663577],[-73.823062,40.663537],[-73.817918,40.662956],[-73.814969,40.662473],[-73.814428,40.662514],[-73.813888,40.66257],[-73.81335,40.66264],[-73.812816,40.662724],[-73.812287,40.662823],[-73.811767,40.662935],[-73.811166,40.663177],[-73.81061,40.663481],[-73.810068,40.663792],[-73.809459,40.664044],[-73.808846,40.664298],[-73.80845,40.664461],[-73.807798,40.664589],[-73.807648,40.664618],[-73.806144,40.664913],[-73.805724,40.664961],[-73.804321,40.665121],[-73.803775,40.66516],[-73.802995,40.665217],[-73.802149,40.66525],[-73.802032,40.665248],[-73.801887,40.665249],[-73.8018,40.66525],[-73.800729,40.665269],[-73.79983,40.665221],[-73.797855,40.665115],[-73.797627,40.665103],[-73.797024,40.665066],[-73.796422,40.665016],[-73.795895,40.664961],[-73.795823,40.664953],[-73.795226,40.664877],[-73.793943,40.664702],[-73.792564,40.664514],[-73.791995,40.664439],[-73.791189,40.664333],[-73.790578,40.664243],[-73.79006,40.664167],[-73.789967,40.664153],[-73.789908,40.664145],[-73.789843,40.664136],[-73.788117,40.663906],[-73.787512,40.663825],[-73.786185,40.66361],[-73.785025,40.663421],[-73.784815,40.663499],[-73.784349,40.663403],[-73.783218,40.663166],[-73.782113,40.662835],[-73.781402,40.662623],[-73.781283,40.662583],[-73.780755,40.662407],[-73.779329,40.66184],[-73.778767,40.661616],[-73.778715,40.661595],[-73.778644,40.661567],[-73.778491,40.661506],[-73.776793,40.660744],[-73.776709,40.660706],[-73.776444,40.66063],[-73.775606,40.660388],[-73.775522,40.660365],[-73.774849,40.660149],[-73.77452,40.660012],[-73.774345,40.659932],[-73.774189,40.659861],[-73.773881,40.659679],[-73.77383,40.659651],[-73.773784,40.659624],[-73.773312,40.659347],[-73.773055,40.6592],[-73.772919,40.659129],[-73.7705,40.657876],[-73.769761,40.657482],[-73.768778,40.656946],[-73.768732,40.65692],[-73.76807,40.656555],[-73.767862,40.656441],[-73.767714,40.656359],[-73.767407,40.65619],[-73.767353,40.65616],[-73.767293,40.656124],[-73.766831,40.655876],[-73.766696,40.655803],[-73.76628,40.655578],[-73.765669,40.655253],[-73.764755,40.654747],[-73.764178,40.654422],[-73.764063,40.654356],[-73.757939,40.650853],[-73.754658,40.649012],[-73.754111,40.648698],[-73.754164,40.648654],[-73.754549,40.64835],[-73.754837,40.648071],[-73.755021,40.647814],[-73.755224,40.647444],[-73.7546,40.647201],[-73.753793,40.646706],[-73.75366,40.646871],[-73.753767,40.646931],[-73.753738,40.64696],[-73.753402,40.646807],[-73.753436,40.646782],[-73.753611,40.646856],[-73.753761,40.646686],[-73.75057,40.644729],[-73.750485,40.644618],[-73.750327,40.644461],[-73.750144,40.64435],[-73.749076,40.643633],[-73.749002,40.643559],[-73.748921,40.64349],[-73.748834,40.643426],[-73.74874,40.643366],[-73.748709,40.643342],[-73.748631,40.643191],[-73.748545,40.643043],[-73.748454,40.642897],[-73.748356,40.642753],[-73.748252,40.642612],[-73.748142,40.642473],[-73.748026,40.642338],[-73.747777,40.642089],[-73.747717,40.641955],[-73.747651,40.641822],[-73.747581,40.641691],[-73.747576,40.641683],[-73.747576,40.641682],[-73.747565,40.641623],[-73.747545,40.641565],[-73.747518,40.641509],[-73.747482,40.641456],[-73.747439,40.641406],[-73.747425,40.641376],[-73.747417,40.641346],[-73.747416,40.641314],[-73.747421,40.641283],[-73.747432,40.641253],[-73.747449,40.641224],[-73.747472,40.641198],[-73.7475,40.641175],[-73.747512,40.641173],[-73.747523,40.64117],[-73.747534,40.641165],[-73.747543,40.641159],[-73.747551,40.641151],[-73.747557,40.641143],[-73.747562,40.641134],[-73.747564,40.641125],[-73.747564,40.641116],[-73.747563,40.641106],[-73.747559,40.641097],[-73.747553,40.641089],[-73.747546,40.641081],[-73.747537,40.641075],[-73.747527,40.64107],[-73.747511,40.640421],[-73.747502,40.640392],[-73.747488,40.640365],[-73.747468,40.64034],[-73.747443,40.640317],[-73.747449,40.640241],[-73.747468,40.640163],[-73.74748,40.640084],[-73.747485,40.640004],[-73.747483,40.639924],[-73.747487,40.639886],[-73.747485,40.639848],[-73.747476,40.639811],[-73.747461,40.639774],[-73.747452,40.639759],[-73.747447,40.639743],[-73.747445,40.639726],[-73.747447,40.63971],[-73.747452,40.639694],[-73.747461,40.639678],[-73.747473,40.639665],[-73.747488,40.639652],[-73.747549,40.639529],[-73.747572,40.639484],[-73.747558,40.639442],[-73.74755,40.639397],[-73.747548,40.639352],[-73.747552,40.639307],[-73.747563,40.639263],[-73.74758,40.63922],[-73.74762,40.639075],[-73.747631,40.639014],[-73.747618,40.63894],[-73.747631,40.638906],[-73.747664,40.638832],[-73.747676,40.6388],[-73.74768,40.638777],[-73.747715,40.638734],[-73.747742,40.638701],[-73.747726,40.638645],[-73.747726,40.638553],[-73.747775,40.63837],[-73.74778,40.638359],[-73.747785,40.638346],[-73.747812,40.638304],[-73.747821,40.638287],[-73.747827,40.63827],[-73.747828,40.638262],[-73.747829,40.638254],[-73.747828,40.63825],[-73.747827,40.638245],[-73.747817,40.638226],[-73.747816,40.638221],[-73.747816,40.638219],[-73.747816,40.638217],[-73.747819,40.638168],[-73.74783,40.63807],[-73.747836,40.638033],[-73.747847,40.637992],[-73.747861,40.637954],[-73.747896,40.637861],[-73.747911,40.637814],[-73.74793,40.637738],[-73.747942,40.637672],[-73.747946,40.637638],[-73.747945,40.637556],[-73.747947,40.637534],[-73.747951,40.637515],[-73.74797,40.637452],[-73.747995,40.637384],[-73.748027,40.637312],[-73.748029,40.6373],[-73.748031,40.637288],[-73.748032,40.637237],[-73.748034,40.637217],[-73.748038,40.637199],[-73.748045,40.637179],[-73.74808,40.637096],[-73.748093,40.637058],[-73.7481,40.63702],[-73.74811,40.636938],[-73.748117,40.636902],[-73.748125,40.636873],[-73.748127,40.636868],[-73.748144,40.636865],[-73.748163,40.636863],[-73.748182,40.636858],[-73.748212,40.636845],[-73.748267,40.636807],[-73.748363,40.636717],[-73.748398,40.636654],[-73.748409,40.636483],[-73.748428,40.636302],[-73.748457,40.636121],[-73.748486,40.635982],[-73.748464,40.635951],[-73.748465,40.635862],[-73.748493,40.635672],[-73.748542,40.635555],[-73.748576,40.6355],[-73.748603,40.635457],[-73.748619,40.635445],[-73.748694,40.635429],[-73.748735,40.635418],[-73.748763,40.635388],[-73.74878,40.63533],[-73.748807,40.635291],[-73.748846,40.63526],[-73.749002,40.635192],[-73.749082,40.635146],[-73.74915,40.635126],[-73.749228,40.635104],[-73.749293,40.635084],[-73.749335,40.635056],[-73.749365,40.63503],[-73.749398,40.635008],[-73.749477,40.634985],[-73.749555,40.634981],[-73.749693,40.634942],[-73.749806,40.634915],[-73.74991,40.634887],[-73.749955,40.634872],[-73.749977,40.634856],[-73.750002,40.634832],[-73.750105,40.634803],[-73.750174,40.634789],[-73.750308,40.634794],[-73.750446,40.634771],[-73.750523,40.634758],[-73.750628,40.634716],[-73.750733,40.634674],[-73.750788,40.634643],[-73.750808,40.634622],[-73.750819,40.634605],[-73.750827,40.634589],[-73.750864,40.634562],[-73.750996,40.634479],[-73.751127,40.6344],[-73.751181,40.634375],[-73.751257,40.634334],[-73.751321,40.63432],[-73.751334,40.63432],[-73.751376,40.634284],[-73.751435,40.634249],[-73.751521,40.634207],[-73.751543,40.634175],[-73.751558,40.634138],[-73.751575,40.6341],[-73.751599,40.634085],[-73.751662,40.634077],[-73.751862,40.634004],[-73.751938,40.633989],[-73.752046,40.633952],[-73.7521,40.633918],[-73.752147,40.633881],[-73.752189,40.633847],[-73.752213,40.633829],[-73.752285,40.633809],[-73.752355,40.633791],[-73.752409,40.633745],[-73.752455,40.633705],[-73.752512,40.633683],[-73.752602,40.63365],[-73.752656,40.633638],[-73.752756,40.633642],[-73.75296,40.633645],[-73.753069,40.633625],[-73.753206,40.633592],[-73.753416,40.633551],[-73.753498,40.633531],[-73.753513,40.633512],[-73.75352,40.633494],[-73.753533,40.633472],[-73.753539,40.633466],[-73.753564,40.633459],[-73.753612,40.633451],[-73.753691,40.633427],[-73.753758,40.633398],[-73.753777,40.633385],[-73.753777,40.63337],[-73.753762,40.633354],[-73.753767,40.633344],[-73.753797,40.633329],[-73.753879,40.633293],[-73.753957,40.633257],[-73.754106,40.63319],[-73.754114,40.633186],[-73.75415,40.633169],[-73.754181,40.633157],[-73.754223,40.633142],[-73.754277,40.633129],[-73.754305,40.633118],[-73.754342,40.633102],[-73.754356,40.633096],[-73.754386,40.633086],[-73.754418,40.633083],[-73.754451,40.633085],[-73.754508,40.633078],[-73.754552,40.63307],[-73.754581,40.633063],[-73.754601,40.63305],[-73.75461,40.633037],[-73.754626,40.633015],[-73.754644,40.632979],[-73.754672,40.632952],[-73.754726,40.632918],[-73.754765,40.632896],[-73.754792,40.632885],[-73.754832,40.632873],[-73.754903,40.632863],[-73.754928,40.632859],[-73.754974,40.63285],[-73.754988,40.632847],[-73.754999,40.632844],[-73.755046,40.632837],[-73.755075,40.632832],[-73.755106,40.632822],[-73.755126,40.632814],[-73.755142,40.632802],[-73.755166,40.632783],[-73.75518,40.632772],[-73.755203,40.632743],[-73.755215,40.632733],[-73.755232,40.632729],[-73.755261,40.632728],[-73.755283,40.632733],[-73.755294,40.632737],[-73.75531,40.632737],[-73.755328,40.632742],[-73.755339,40.632752],[-73.755357,40.63277],[-73.755385,40.632779],[-73.755419,40.632779],[-73.755461,40.632774],[-73.7555,40.632761],[-73.755524,40.63275],[-73.755554,40.632725],[-73.755597,40.632696],[-73.755614,40.632674],[-73.755615,40.63265],[-73.755617,40.632624],[-73.755641,40.63261],[-73.755661,40.632596],[-73.75568,40.632585],[-73.755697,40.632587],[-73.755751,40.632578],[-73.755772,40.63257],[-73.755783,40.632561],[-73.755796,40.632555],[-73.755819,40.632557],[-73.755848,40.632549],[-73.755859,40.632557],[-73.755875,40.632555],[-73.755896,40.632539],[-73.755925,40.632533],[-73.755976,40.632532],[-73.756003,40.632524],[-73.756036,40.632512],[-73.75606,40.632508],[-73.756076,40.632502],[-73.756105,40.632491],[-73.756131,40.632487],[-73.756158,40.632485],[-73.756175,40.632481],[-73.756204,40.632479],[-73.756225,40.632479],[-73.756261,40.632474],[-73.756288,40.632467],[-73.756315,40.632455],[-73.756331,40.632444],[-73.75634,40.632433],[-73.756346,40.632421],[-73.756357,40.632412],[-73.75637,40.632409],[-73.756387,40.632417],[-73.756394,40.632421],[-73.7564,40.632422],[-73.756427,40.632413],[-73.756448,40.632403],[-73.756489,40.632391],[-73.756554,40.632376],[-73.756607,40.632364],[-73.756644,40.632351],[-73.756666,40.632341],[-73.756704,40.632333],[-73.75674,40.632292],[-73.756792,40.632264],[-73.756861,40.632263],[-73.75695,40.632257],[-73.756975,40.63225],[-73.757001,40.632233],[-73.757013,40.63222],[-73.757038,40.632207],[-73.75707,40.632199],[-73.757119,40.632189],[-73.757132,40.632192],[-73.757141,40.632197],[-73.757148,40.632189],[-73.757159,40.632181],[-73.757167,40.632177],[-73.757172,40.632171],[-73.75718,40.632162],[-73.757193,40.63216],[-73.757217,40.632154],[-73.757252,40.632144],[-73.757301,40.632131],[-73.757346,40.632121],[-73.757388,40.632108],[-73.757424,40.632087],[-73.757454,40.632069],[-73.757473,40.63205],[-73.757484,40.632014],[-73.757498,40.631986],[-73.757529,40.631949],[-73.757549,40.631926],[-73.757573,40.631908],[-73.757639,40.631878],[-73.757662,40.631865],[-73.757681,40.631854],[-73.757707,40.631839],[-73.757735,40.631824],[-73.757767,40.631819],[-73.757814,40.631815],[-73.757862,40.631818],[-73.757903,40.631817],[-73.75796,40.631809],[-73.757999,40.631799],[-73.758043,40.631787],[-73.758089,40.631781],[-73.758141,40.631779],[-73.758186,40.631776],[-73.75822,40.631769],[-73.758267,40.631752],[-73.758316,40.63173],[-73.758374,40.631707],[-73.758408,40.631692],[-73.758435,40.631677],[-73.75846,40.631643],[-73.758485,40.631616],[-73.758516,40.631577],[-73.758546,40.631551],[-73.758568,40.631544],[-73.758623,40.631538],[-73.758684,40.631533],[-73.758742,40.63153],[-73.75878,40.631529],[-73.75885,40.631519],[-73.758972,40.631497],[-73.759009,40.63149],[-73.759041,40.63147],[-73.759072,40.631445],[-73.759101,40.631426],[-73.759129,40.631406],[-73.759159,40.631393],[-73.759187,40.631388],[-73.759223,40.631383],[-73.759258,40.631375],[-73.759289,40.63136],[-73.759311,40.631347],[-73.759323,40.631331],[-73.759332,40.631313],[-73.759349,40.631287],[-73.759376,40.631241],[-73.759406,40.631193],[-73.759428,40.63117],[-73.759452,40.631153],[-73.759483,40.63114],[-73.759532,40.631128],[-73.759559,40.631114],[-73.75959,40.631103],[-73.759618,40.63108],[-73.759685,40.631039],[-73.759803,40.630987],[-73.759832,40.630976],[-73.759868,40.630975],[-73.759888,40.630987],[-73.759904,40.630994],[-73.75993,40.630996],[-73.759947,40.630992],[-73.759979,40.630984],[-73.760011,40.630972],[-73.760061,40.630943],[-73.76009,40.630927],[-73.760109,40.630911],[-73.760123,40.630899],[-73.760162,40.630878],[-73.760192,40.630857],[-73.760214,40.630844],[-73.760254,40.630826],[-73.760275,40.630818],[-73.760317,40.630794],[-73.760344,40.63078],[-73.760374,40.630764],[-73.760417,40.630744],[-73.760442,40.630724],[-73.76046,40.630702],[-73.760505,40.630675],[-73.760531,40.630664],[-73.760569,40.630659],[-73.760613,40.630662],[-73.760679,40.630671],[-73.760699,40.630675],[-73.760719,40.630671],[-73.760753,40.630672],[-73.760766,40.630674],[-73.760778,40.630673],[-73.760788,40.630666],[-73.760799,40.630651],[-73.760823,40.630639],[-73.760853,40.630623],[-73.760885,40.630607],[-73.760912,40.630596],[-73.760941,40.630588],[-73.760968,40.630577],[-73.760998,40.630567],[-73.761026,40.630552],[-73.761056,40.630537],[-73.761096,40.630525],[-73.76113,40.630514],[-73.761167,40.630512],[-73.761208,40.630516],[-73.761231,40.630519],[-73.761257,40.630526],[-73.761287,40.630524],[-73.761312,40.630512],[-73.761346,40.630498],[-73.761389,40.630486],[-73.761436,40.630488],[-73.761495,40.630477],[-73.761517,40.630467],[-73.761546,40.63045],[-73.761584,40.630443],[-73.761628,40.630447],[-73.761677,40.630443],[-73.761709,40.630435],[-73.761739,40.630412],[-73.761765,40.630384],[-73.761785,40.630359],[-73.761805,40.630346],[-73.761841,40.630342],[-73.761887,40.630344],[-73.76192,40.630342],[-73.761967,40.63033],[-73.761983,40.630324],[-73.76202,40.630293],[-73.762024,40.630269],[-73.762043,40.630252],[-73.762063,40.630253],[-73.762082,40.630261],[-73.762096,40.63027],[-73.762114,40.630279],[-73.762148,40.630274],[-73.762193,40.63026],[-73.762208,40.630251],[-73.762221,40.630232],[-73.762256,40.630184],[-73.762275,40.630164],[-73.762293,40.63015],[-73.762339,40.630133],[-73.762385,40.630097],[-73.762433,40.630064],[-73.762526,40.630035],[-73.762591,40.63],[-73.762648,40.629969],[-73.762699,40.629937],[-73.762752,40.629899],[-73.762807,40.629862],[-73.762858,40.629835],[-73.762899,40.629799],[-73.762954,40.629762],[-73.763021,40.629712],[-73.763087,40.62966],[-73.763106,40.629655],[-73.763123,40.629649],[-73.763125,40.629649],[-73.763155,40.629678],[-73.763159,40.629679],[-73.763164,40.62968],[-73.763169,40.629681],[-73.763171,40.629681],[-73.763206,40.629676],[-73.763217,40.629674],[-73.763227,40.629671],[-73.763237,40.629668],[-73.763246,40.629664],[-73.763255,40.629659],[-73.763264,40.629654],[-73.763311,40.629631],[-73.763356,40.62961],[-73.763368,40.629604],[-73.763381,40.629599],[-73.763395,40.629594],[-73.763406,40.629591],[-73.763417,40.629588],[-73.763429,40.629587],[-73.76344,40.629586],[-73.763451,40.629585],[-73.763462,40.629585],[-73.763473,40.629586],[-73.763484,40.629587],[-73.763501,40.629587],[-73.763519,40.629587],[-73.763537,40.629588],[-73.763571,40.629588],[-73.763577,40.629588],[-73.763589,40.629586],[-73.7636,40.629583],[-73.763612,40.629579],[-73.763618,40.629577],[-73.763623,40.629574],[-73.763628,40.629571],[-73.763631,40.629569],[-73.763633,40.629566],[-73.763634,40.629563],[-73.763634,40.62956],[-73.763633,40.629557],[-73.763617,40.629522],[-73.763616,40.629519],[-73.763617,40.629516],[-73.763619,40.629513],[-73.763621,40.62951],[-73.763624,40.629508],[-73.763627,40.629507],[-73.763631,40.629506],[-73.763635,40.629505],[-73.763679,40.629496],[-73.763733,40.629487],[-73.763793,40.62947],[-73.763806,40.629463],[-73.76382,40.629457],[-73.763834,40.629451],[-73.763869,40.629441],[-73.763924,40.629425],[-73.763983,40.629407],[-73.764041,40.629391],[-73.764064,40.629385],[-73.764087,40.629377],[-73.764109,40.62937],[-73.76413,40.629361],[-73.764166,40.629348],[-73.764202,40.629335],[-73.764238,40.629322],[-73.764275,40.629311],[-73.764312,40.629299],[-73.764326,40.629295],[-73.764339,40.62929],[-73.764352,40.629285],[-73.764364,40.629279],[-73.764376,40.629273],[-73.764413,40.629251],[-73.764418,40.629248],[-73.764423,40.629246],[-73.764429,40.629244],[-73.764435,40.629243],[-73.764441,40.629243],[-73.764447,40.629243],[-73.764456,40.629244],[-73.764466,40.629244],[-73.764476,40.629244],[-73.764485,40.629243],[-73.764495,40.629241],[-73.764498,40.629237],[-73.764502,40.629233],[-73.764506,40.62923],[-73.764511,40.629228],[-73.764517,40.629225],[-73.764523,40.629224],[-73.764529,40.629223],[-73.764535,40.629223],[-73.764542,40.629225],[-73.764548,40.629228],[-73.764554,40.629231],[-73.76456,40.629235],[-73.764565,40.629239],[-73.764569,40.629244],[-73.764577,40.629251],[-73.764587,40.629257],[-73.764596,40.629263],[-73.764607,40.629268],[-73.764618,40.629272],[-73.764629,40.629276],[-73.764696,40.629305],[-73.764712,40.629312],[-73.764727,40.62932],[-73.764741,40.629328],[-73.764755,40.629336],[-73.764789,40.629358],[-73.764823,40.629379],[-73.764858,40.629399],[-73.764874,40.629406],[-73.76489,40.629413],[-73.764907,40.629419],[-73.764924,40.629424],[-73.764934,40.629426],[-73.764944,40.629427],[-73.764955,40.629428],[-73.764966,40.629427],[-73.764976,40.629426],[-73.764986,40.629425],[-73.764994,40.629422],[-73.765001,40.629418],[-73.765008,40.629414],[-73.765014,40.629409],[-73.765019,40.629404],[-73.765024,40.629399],[-73.765028,40.629393],[-73.765032,40.629387],[-73.765034,40.629382],[-73.765036,40.629378],[-73.765036,40.629372],[-73.765036,40.629367],[-73.765035,40.629362],[-73.765034,40.629357],[-73.765031,40.629353],[-73.765028,40.629348],[-73.765024,40.629344],[-73.765018,40.629338],[-73.765011,40.629332],[-73.765004,40.629327],[-73.764996,40.629322],[-73.764988,40.629318],[-73.764979,40.629314],[-73.76497,40.629311],[-73.76496,40.629308],[-73.764949,40.629304],[-73.764937,40.6293],[-73.764926,40.629295],[-73.764916,40.629289],[-73.764906,40.629283],[-73.764861,40.629256],[-73.764851,40.62925],[-73.764841,40.629243],[-73.764831,40.629238],[-73.764822,40.629232],[-73.764813,40.629227],[-73.764803,40.629223],[-73.764793,40.629219],[-73.764782,40.629216],[-73.764772,40.629213],[-73.764762,40.629208],[-73.764753,40.629203],[-73.764745,40.629198],[-73.764742,40.629195],[-73.764739,40.629192],[-73.764737,40.629189],[-73.764736,40.629185],[-73.764736,40.629182],[-73.764736,40.629178],[-73.764737,40.629175],[-73.764742,40.62917],[-73.764746,40.629165],[-73.764752,40.62916],[-73.764758,40.629156],[-73.764764,40.629153],[-73.764771,40.62915],[-73.764778,40.629147],[-73.764798,40.629142],[-73.764817,40.629137],[-73.764835,40.62913],[-73.764905,40.629105],[-73.764933,40.629092],[-73.76496,40.62908],[-73.764989,40.629068],[-73.765017,40.629057],[-73.765047,40.629046],[-73.765076,40.629036],[-73.7651,40.629029],[-73.765123,40.629022],[-73.765146,40.629014],[-73.765168,40.629005],[-73.76519,40.628996],[-73.765212,40.628987],[-73.765234,40.628977],[-73.765255,40.628966],[-73.765293,40.628949],[-73.765331,40.628931],[-73.765369,40.628913],[-73.765469,40.628854],[-73.765536,40.62882],[-73.765591,40.628783],[-73.765647,40.628744],[-73.765681,40.628722],[-73.765728,40.628692],[-73.765775,40.628664],[-73.765811,40.628646],[-73.76585,40.628628],[-73.765894,40.628613],[-73.765939,40.628599],[-73.765972,40.628591],[-73.766072,40.628557],[-73.76612,40.628532],[-73.766192,40.628492],[-73.766398,40.628351],[-73.766461,40.628292],[-73.766495,40.628251],[-73.766529,40.628206],[-73.76667,40.628002],[-73.766684,40.627985],[-73.766697,40.627967],[-73.766709,40.62795],[-73.766721,40.627932],[-73.766732,40.627914],[-73.766743,40.627896],[-73.766752,40.627877],[-73.766761,40.627858],[-73.766769,40.62784],[-73.766777,40.62782],[-73.766845,40.627666],[-73.766849,40.627658],[-73.766853,40.62765],[-73.766856,40.627641],[-73.766859,40.627632],[-73.76686,40.627624],[-73.766861,40.627615],[-73.76686,40.627606],[-73.766859,40.627597],[-73.766861,40.627592],[-73.766863,40.627586],[-73.766865,40.627581],[-73.766868,40.627576],[-73.766872,40.627571],[-73.766877,40.627567],[-73.766882,40.627563],[-73.766887,40.627559],[-73.766893,40.627556],[-73.766914,40.627553],[-73.766934,40.62755],[-73.766954,40.627546],[-73.766974,40.627542],[-73.766993,40.627537],[-73.767,40.627528],[-73.767005,40.627519],[-73.767009,40.62751],[-73.767013,40.627501],[-73.767016,40.627491],[-73.767017,40.627481],[-73.767018,40.627472],[-73.767016,40.62745],[-73.767014,40.627428],[-73.767013,40.627406],[-73.767014,40.627384],[-73.767015,40.627363],[-73.767015,40.627355],[-73.767015,40.627347],[-73.767016,40.62734],[-73.767018,40.627332],[-73.76702,40.627325],[-73.767024,40.627317],[-73.767028,40.62731],[-73.767033,40.627304],[-73.767039,40.627297],[-73.767045,40.627291],[-73.767052,40.627286],[-73.76706,40.627281],[-73.767069,40.627268],[-73.767077,40.627255],[-73.767085,40.627241],[-73.767091,40.627228],[-73.767097,40.627214],[-73.767102,40.627199],[-73.767123,40.62714],[-73.767145,40.627081],[-73.767167,40.627023],[-73.767212,40.626949],[-73.767258,40.626876],[-73.767305,40.626803],[-73.767353,40.626731],[-73.767401,40.626659],[-73.767413,40.626632],[-73.767425,40.626606],[-73.767438,40.62658],[-73.767452,40.626555],[-73.767467,40.626529],[-73.767482,40.626504],[-73.767498,40.626479],[-73.767515,40.626454],[-73.767721,40.626191],[-73.767758,40.626113],[-73.767772,40.626012],[-73.767772,40.625996],[-73.767769,40.625959],[-73.767769,40.625941],[-73.767774,40.625925],[-73.767777,40.625918],[-73.767781,40.625912],[-73.767851,40.625827],[-73.767933,40.625727],[-73.768142,40.625463],[-73.768154,40.625449],[-73.768169,40.625435],[-73.768233,40.625383],[-73.768256,40.625361],[-73.768268,40.625348],[-73.768277,40.625335],[-73.768282,40.625323],[-73.768287,40.62531],[-73.76829,40.625284],[-73.768293,40.625236],[-73.768294,40.625217],[-73.768301,40.625156],[-73.768305,40.625138],[-73.768311,40.625123],[-73.768326,40.625097],[-73.768346,40.62507],[-73.768366,40.625045],[-73.768418,40.624989],[-73.768442,40.624961],[-73.768459,40.624941],[-73.7685,40.624897],[-73.768514,40.62488],[-73.768563,40.624801],[-73.768604,40.624733],[-73.768617,40.624663],[-73.768624,40.624585],[-73.768622,40.624574],[-73.768621,40.624562],[-73.76862,40.62455],[-73.768621,40.624539],[-73.768635,40.624493],[-73.768658,40.624449],[-73.768688,40.624408],[-73.768724,40.62437],[-73.768738,40.624366],[-73.76875,40.624359],[-73.768761,40.624352],[-73.76877,40.624343],[-73.768777,40.624333],[-73.768782,40.624323],[-73.768785,40.624312],[-73.768786,40.624301],[-73.768784,40.624289],[-73.768781,40.624223],[-73.768778,40.624214],[-73.768777,40.624205],[-73.768777,40.624195],[-73.76878,40.624186],[-73.768784,40.624178],[-73.76879,40.62417],[-73.768797,40.624162],[-73.768806,40.624156],[-73.768816,40.624143],[-73.768824,40.624129],[-73.768828,40.624114],[-73.76883,40.6241],[-73.768828,40.624085],[-73.768823,40.62407],[-73.768816,40.624056],[-73.768809,40.624042],[-73.768805,40.624027],[-73.768804,40.624011],[-73.768807,40.623996],[-73.768813,40.623982],[-73.768823,40.623968],[-73.768835,40.623956],[-73.768838,40.623952],[-73.768841,40.623948],[-73.768842,40.623944],[-73.768843,40.623939],[-73.768842,40.623935],[-73.768841,40.62393],[-73.768839,40.623926],[-73.768835,40.623923],[-73.768757,40.62382],[-73.768753,40.623808],[-73.768751,40.623796],[-73.768752,40.623784],[-73.768755,40.623772],[-73.768762,40.623761],[-73.76877,40.623751],[-73.768668,40.623589],[-73.76864,40.623479],[-73.768643,40.623431],[-73.76861,40.623373],[-73.768584,40.623313],[-73.768565,40.623252],[-73.768553,40.623189],[-73.768553,40.623187],[-73.768553,40.623171],[-73.768553,40.623155],[-73.768554,40.623139],[-73.768556,40.623123],[-73.768558,40.623107],[-73.768564,40.623086],[-73.768571,40.623066],[-73.768579,40.623045],[-73.768587,40.623025],[-73.768597,40.623005],[-73.768606,40.622985],[-73.768617,40.622966],[-73.768627,40.622926],[-73.768636,40.622886],[-73.768645,40.622846],[-73.768652,40.622806],[-73.768659,40.622766],[-73.768663,40.622749],[-73.768668,40.622732],[-73.768673,40.622715],[-73.76868,40.622698],[-73.768687,40.622682],[-73.768694,40.622666],[-73.768703,40.62265],[-73.768712,40.622634],[-73.768722,40.622618],[-73.768733,40.622603],[-73.768745,40.622588],[-73.768752,40.622577],[-73.768759,40.622566],[-73.768768,40.622555],[-73.768777,40.622545],[-73.768787,40.622535],[-73.768797,40.622525],[-73.768808,40.622516],[-73.768819,40.622507],[-73.768831,40.622499],[-73.768844,40.622491],[-73.768857,40.622484],[-73.768871,40.622477],[-73.768884,40.62247],[-73.769113,40.6223],[-73.76915,40.622277],[-73.769186,40.622253],[-73.769222,40.622228],[-73.769257,40.622203],[-73.769291,40.622177],[-73.769325,40.622151],[-73.769339,40.62214],[-73.769353,40.622129],[-73.769366,40.622117],[-73.769378,40.622106],[-73.76939,40.622093],[-73.769401,40.622081],[-73.769411,40.622068],[-73.769421,40.622054],[-73.76943,40.622041],[-73.769438,40.622027],[-73.769439,40.622024],[-73.769441,40.622021],[-73.769443,40.622018],[-73.769447,40.622015],[-73.76945,40.622014],[-73.769454,40.622012],[-73.769459,40.622011],[-73.769463,40.622011],[-73.769467,40.622011],[-73.769472,40.622013],[-73.769476,40.622014],[-73.769479,40.622016],[-73.769482,40.622019],[-73.76949,40.622087],[-73.769491,40.622094],[-73.769494,40.622101],[-73.769497,40.622108],[-73.769501,40.622115],[-73.769505,40.622121],[-73.769511,40.622127],[-73.769515,40.622125],[-73.769518,40.622122],[-73.769521,40.622118],[-73.769524,40.622115],[-73.769525,40.622111],[-73.769526,40.622107],[-73.769526,40.622103],[-73.769525,40.622099],[-73.769523,40.622095],[-73.769526,40.622075],[-73.769531,40.622055],[-73.769536,40.622036],[-73.769543,40.622016],[-73.76955,40.621996],[-73.769558,40.621977],[-73.769567,40.621958],[-73.769576,40.621939],[-73.769576,40.62193],[-73.769577,40.62192],[-73.769578,40.621911],[-73.769581,40.621902],[-73.769584,40.621892],[-73.769588,40.621883],[-73.769593,40.621875],[-73.769599,40.621866],[-73.769605,40.621858],[-73.769612,40.62185],[-73.76963,40.62184],[-73.769647,40.62183],[-73.769663,40.621819],[-73.769679,40.621808],[-73.769695,40.621796],[-73.769709,40.621784],[-73.769715,40.621777],[-73.769719,40.621769],[-73.769723,40.621762],[-73.769727,40.621754],[-73.769729,40.621746],[-73.769731,40.621738],[-73.769731,40.621729],[-73.769731,40.621721],[-73.76973,40.621713],[-73.769729,40.621705],[-73.769726,40.621697],[-73.76973,40.621663],[-73.769745,40.621634],[-73.76979,40.621605],[-73.769794,40.621601],[-73.769798,40.621597],[-73.7698,40.621592],[-73.769803,40.621587],[-73.769804,40.621581],[-73.769805,40.621576],[-73.769805,40.621571],[-73.769804,40.621566],[-73.769802,40.62156],[-73.7698,40.621555],[-73.769813,40.621534],[-73.769805,40.621516],[-73.769805,40.621495],[-73.769803,40.62148],[-73.769805,40.621459],[-73.769819,40.62144],[-73.769822,40.621405],[-73.769816,40.621377],[-73.769745,40.621126],[-73.769756,40.621107],[-73.769778,40.621087],[-73.769807,40.621069],[-73.769835,40.621062],[-73.76986,40.621046],[-73.769883,40.621037],[-73.769913,40.621021],[-73.769947,40.621005],[-73.769966,40.620991],[-73.769986,40.620978],[-73.770007,40.620965],[-73.770028,40.620952],[-73.77007,40.620928],[-73.770085,40.620913],[-73.770095,40.620888],[-73.770095,40.620869],[-73.770091,40.62086],[-73.770079,40.620842],[-73.770082,40.620823],[-73.770094,40.620792],[-73.77011,40.62077],[-73.770131,40.620761],[-73.770142,40.620747],[-73.770141,40.620732],[-73.770141,40.620702],[-73.77015,40.620664],[-73.770237,40.620483],[-73.77031,40.620371],[-73.770367,40.620299],[-73.770411,40.62026],[-73.770443,40.620223],[-73.770462,40.620198],[-73.770493,40.620177],[-73.770537,40.620149],[-73.77059,40.620115],[-73.770671,40.620067],[-73.77077,40.620031],[-73.770944,40.620001],[-73.771098,40.620005],[-73.771282,40.620085],[-73.77139,40.620153],[-73.771485,40.620233],[-73.771604,40.620343],[-73.771655,40.620416],[-73.77171,40.620669],[-73.771717,40.620962],[-73.771564,40.621361],[-73.771476,40.621598],[-73.771411,40.621682],[-73.771306,40.621776],[-73.771238,40.62189],[-73.771144,40.622042],[-73.771071,40.622137],[-73.771041,40.622212],[-73.771029,40.622268],[-73.770973,40.622338],[-73.770915,40.622404],[-73.770904,40.622447],[-73.770925,40.622507],[-73.770907,40.622571],[-73.770951,40.622652],[-73.770928,40.622702],[-73.77089,40.622756],[-73.770867,40.622826],[-73.770833,40.622912],[-73.770811,40.62295],[-73.770839,40.622989],[-73.77089,40.623004],[-73.770911,40.623078],[-73.770886,40.623159],[-73.770838,40.623203],[-73.770821,40.623283],[-73.77086,40.623331],[-73.770925,40.623367],[-73.770969,40.623341],[-73.770985,40.623324],[-73.771018,40.62332],[-73.771068,40.623336],[-73.771092,40.623329],[-73.771103,40.623303],[-73.771086,40.623282],[-73.771083,40.623256],[-73.7711,40.623231],[-73.771146,40.623225],[-73.771172,40.623244],[-73.771252,40.623285],[-73.771294,40.623284],[-73.771358,40.623298],[-73.771419,40.623281],[-73.771439,40.623285],[-73.771456,40.623293],[-73.771555,40.623362],[-73.771603,40.623407],[-73.771655,40.623482],[-73.771728,40.623585],[-73.771739,40.623606],[-73.77186,40.623765],[-73.772555,40.624449],[-73.772661,40.624571],[-73.773002,40.624839],[-73.773235,40.624994],[-73.773369,40.625066],[-73.77344,40.625028],[-73.773487,40.625059],[-73.773486,40.625085],[-73.773486,40.625113],[-73.773495,40.625143],[-73.773579,40.625161],[-73.773643,40.625209],[-73.773624,40.625237],[-73.773659,40.625259],[-73.773684,40.625332],[-73.774075,40.625783],[-73.774214,40.625946],[-73.77436,40.626105],[-73.774513,40.626259],[-73.774674,40.626409],[-73.774842,40.626555],[-73.775016,40.626696],[-73.775198,40.626831],[-73.775385,40.626962],[-73.775579,40.627088],[-73.775778,40.627208],[-73.775983,40.627323],[-73.776193,40.627432],[-73.776409,40.627535],[-73.776563,40.627577],[-73.77672,40.627613],[-73.77688,40.627643],[-73.777041,40.627666],[-73.777203,40.627683],[-73.777367,40.627694],[-73.777531,40.627698],[-73.777695,40.627695],[-73.777859,40.627686],[-73.778021,40.62767],[-73.778183,40.627648],[-73.778343,40.627619],[-73.7785,40.627584],[-73.778655,40.627542],[-73.778807,40.627495],[-73.778955,40.627441],[-73.779099,40.627382],[-73.77924,40.627317],[-73.779438,40.627167],[-73.77963,40.627013],[-73.779816,40.626853],[-73.779994,40.626689],[-73.780166,40.626521],[-73.78033,40.626349],[-73.780486,40.626172],[-73.780636,40.625992],[-73.780777,40.625809],[-73.78091,40.625621],[-73.781036,40.625431],[-73.781153,40.625238],[-73.781262,40.625041],[-73.781362,40.624843],[-73.784195,40.620893],[-73.789497,40.622747],[-73.789258,40.622886],[-73.789195,40.622991],[-73.789186,40.623007],[-73.789113,40.623129],[-73.788963,40.623286],[-73.788806,40.623377],[-73.78843,40.623639],[-73.788229,40.623765],[-73.784879,40.626631],[-73.783466,40.628118],[-73.782843,40.629406],[-73.782645,40.630248],[-73.783777,40.630634],[-73.784348,40.631373],[-73.785012,40.631728],[-73.785703,40.632095],[-73.785708,40.632095],[-73.78594,40.632072],[-73.786495,40.63223],[-73.786907,40.632262],[-73.787431,40.632577],[-73.7878,40.633024],[-73.788323,40.633425],[-73.789227,40.633947],[-73.789436,40.634049],[-73.78945,40.634064],[-73.789461,40.63408],[-73.789467,40.634097],[-73.78947,40.634115],[-73.789469,40.634133],[-73.789464,40.63415],[-73.789426,40.634254],[-73.789485,40.634282],[-73.789495,40.634276],[-73.789504,40.634269],[-73.789511,40.634261],[-73.789517,40.634252],[-73.78952,40.634242],[-73.789522,40.634232],[-73.789521,40.634223],[-73.789518,40.634213],[-73.78954,40.634173],[-73.789571,40.634136],[-73.789609,40.634103],[-73.789653,40.634075],[-73.789702,40.634053],[-73.789791,40.63403],[-73.789881,40.634013],[-73.789973,40.634001],[-73.790066,40.633995],[-73.790159,40.633994],[-73.790183,40.633995],[-73.790207,40.633993],[-73.790231,40.633987],[-73.790252,40.63398],[-73.790272,40.633969],[-73.79029,40.633956],[-73.790385,40.633959],[-73.790388,40.633937],[-73.790493,40.633965],[-73.790533,40.633957],[-73.790571,40.633945],[-73.790606,40.633928],[-73.790638,40.633908],[-73.790666,40.633885],[-73.790671,40.633878],[-73.790678,40.633872],[-73.790686,40.633867],[-73.790694,40.633862],[-73.790704,40.633858],[-73.790715,40.633856],[-73.790726,40.633855],[-73.790737,40.633855],[-73.790748,40.633856],[-73.790758,40.633858],[-73.79077,40.633864],[-73.79078,40.633871],[-73.790788,40.633879],[-73.790795,40.633887],[-73.7908,40.633897],[-73.790802,40.633907],[-73.790802,40.633918],[-73.7908,40.633928],[-73.790796,40.633938],[-73.790766,40.633956],[-73.790757,40.633961],[-73.790759,40.633986],[-73.790732,40.634028],[-73.790683,40.634043],[-73.790678,40.634052],[-73.790695,40.634056],[-73.790752,40.634051],[-73.790763,40.634069],[-73.790725,40.634079],[-73.790708,40.634112],[-73.790688,40.634113],[-73.790685,40.63413],[-73.790656,40.634138],[-73.790665,40.634168],[-73.79068,40.634197],[-73.790701,40.634223],[-73.790727,40.634246],[-73.790758,40.634266],[-73.790793,40.634282],[-73.790811,40.63431],[-73.791081,40.634233],[-73.791209,40.634293],[-73.791309,40.634401],[-73.791308,40.634532],[-73.791251,40.634689],[-73.791229,40.634857],[-73.791747,40.635493],[-73.791882,40.63558],[-73.791975,40.63564],[-73.792223,40.63589],[-73.79287,40.63601],[-73.793085,40.636065],[-73.793225,40.636083],[-73.793305,40.636093],[-73.793434,40.636088],[-73.79359,40.636175],[-73.79374,40.636273],[-73.79391,40.636365],[-73.793945,40.636388],[-73.794102,40.63649],[-73.794259,40.636567],[-73.79443,40.636605],[-73.794449,40.636602],[-73.794594,40.636578],[-73.794743,40.636633],[-73.794871,40.636758],[-73.794957,40.636817],[-73.795155,40.636954],[-73.795433,40.637106],[-73.795582,40.637106],[-73.795796,40.637188],[-73.795909,40.63733],[-73.79608,40.637411],[-73.796343,40.637515],[-73.796614,40.637667],[-73.796685,40.637716],[-73.796813,40.637727],[-73.796905,40.637744],[-73.796948,40.637863],[-73.797062,40.637939],[-73.797254,40.638016],[-73.797496,40.638043],[-73.797645,40.638049],[-73.797859,40.63812],[-73.798015,40.638223],[-73.798229,40.638316],[-73.798379,40.638316],[-73.798493,40.638316],[-73.798521,40.638317],[-73.798548,40.63834],[-73.798635,40.638414],[-73.798742,40.638431],[-73.798767,40.638433],[-73.798898,40.638442],[-73.799084,40.638383],[-73.799233,40.638432],[-73.799731,40.638737],[-73.800151,40.638906],[-73.800424,40.639135],[-73.800442,40.63915],[-73.801766,40.639777],[-73.802968,40.640289],[-73.804651,40.640927],[-73.805653,40.641621],[-73.805797,40.641588],[-73.806077,40.641622],[-73.806213,40.64167],[-73.806415,40.641743],[-73.806695,40.641792],[-73.807464,40.642194],[-73.808642,40.642826],[-73.809181,40.64303],[-73.810022,40.643321],[-73.810114,40.643344],[-73.810755,40.643498],[-73.811143,40.643701],[-73.811473,40.643992],[-73.812033,40.644305],[-73.812781,40.644506],[-73.813291,40.644576],[-73.813507,40.644637],[-73.813916,40.644862],[-73.814139,40.644934],[-73.814951,40.645269],[-73.815892,40.645681],[-73.815954,40.645738],[-73.816021,40.645791],[-73.816094,40.645841],[-73.81617,40.645886],[-73.816251,40.645927],[-73.816335,40.645963],[-73.816431,40.645998],[-73.816529,40.646027],[-73.816631,40.64605],[-73.816734,40.646067],[-73.816839,40.646078],[-73.816944,40.646082],[-73.81705,40.64608],[-73.817155,40.646073],[-73.817271,40.646084],[-73.817387,40.646099],[-73.817501,40.646118],[-73.817613,40.64614],[-73.817722,40.646167],[-73.81783,40.646197],[-73.817954,40.646237],[-73.818075,40.646282],[-73.818192,40.646332],[-73.818306,40.646387],[-73.818416,40.646446],[-73.818536,40.646519],[-73.818651,40.646598],[-73.818759,40.646682],[-73.81886,40.646771],[-73.818954,40.646865],[-73.81904,40.646962],[-73.819118,40.647064],[-73.819247,40.647244],[-73.819383,40.647422],[-73.819525,40.647597],[-73.819674,40.647769],[-73.819828,40.647937],[-73.819988,40.648103],[-73.820154,40.648265],[-73.820326,40.648424],[-73.820476,40.648511],[-73.820621,40.648603],[-73.820759,40.648701],[-73.820892,40.648804],[-73.821017,40.648911],[-73.821136,40.649023],[-73.821248,40.649139],[-73.821352,40.649258],[-73.821449,40.649382],[-73.821538,40.649509],[-73.821621,40.649601],[-73.821697,40.649698],[-73.821765,40.649797],[-73.821825,40.6499],[-73.821877,40.650005],[-73.821922,40.650112],[-73.821957,40.650221],[-73.821985,40.650331],[-73.821983,40.650409],[-73.821988,40.650487],[-73.821999,40.650565],[-73.822016,40.650642],[-73.822042,40.650728],[-73.822076,40.650812],[-73.822117,40.650894],[-73.822165,40.650973],[-73.82219,40.65101],[-73.822211,40.651047],[-73.822231,40.651092],[-73.822245,40.651138],[-73.822254,40.651184],[-73.822247,40.651277],[-73.822247,40.651369],[-73.822253,40.651462],[-73.822392,40.651782],[-73.822435,40.651866],[-73.822472,40.651951],[-73.822503,40.652037],[-73.822531,40.652135],[-73.822551,40.652235],[-73.822564,40.652334],[-73.822568,40.652437],[-73.822565,40.65254],[-73.822578,40.652656],[-73.822598,40.652771],[-73.822627,40.652885],[-73.822664,40.652998],[-73.822709,40.653109],[-73.822762,40.653218],[-73.822856,40.653374],[-73.822941,40.653533],[-73.823019,40.653694],[-73.823088,40.653857],[-73.823149,40.654023],[-73.823201,40.654186],[-73.823217,40.654238],[-73.823484,40.65537],[-73.823404,40.65608],[-73.822854,40.657697],[-73.822468,40.65916],[-73.822431,40.65923],[-73.822387,40.659298],[-73.822337,40.659363],[-73.82228,40.659425],[-73.822217,40.659483],[-73.822148,40.659538],[-73.821713,40.65987],[-73.821663,40.659904],[-73.821611,40.659935],[-73.821642,40.659982],[-73.82167,40.659977],[-73.821693,40.660011],[-73.821675,40.660021],[-73.821691,40.660035],[-73.821607,40.66007],[-73.821573,40.660014],[-73.821593,40.660007],[-73.821569,40.659959],[-73.821483,40.66],[-73.821394,40.660037],[-73.821301,40.660068],[-73.819701,40.660724],[-73.819742,40.660789],[-73.819769,40.660778],[-73.819791,40.660813],[-73.819771,40.660821],[-73.819784,40.660846],[-73.819714,40.660874],[-73.819674,40.660812],[-73.819698,40.660804],[-73.819657,40.660742],[-73.819012,40.661007],[-73.818936,40.661037],[-73.818858,40.661064],[-73.818777,40.661086],[-73.818695,40.661105],[-73.818621,40.661103],[-73.818548,40.661095],[-73.818475,40.661081],[-73.818406,40.661062],[-73.818339,40.661037],[-73.817644,40.660949],[-73.817638,40.660993],[-73.81768,40.660993],[-73.81768,40.661],[-73.817695,40.661],[-73.817693,40.661028],[-73.817675,40.661028],[-73.817673,40.66106],[-73.817505,40.661048],[-73.817514,40.660989],[-73.817564,40.660991],[-73.817567,40.660937],[-73.81718,40.660877],[-73.816985,40.660828],[-73.816883,40.6608],[-73.81678,40.660776],[-73.816674,40.660757],[-73.816568,40.660743],[-73.81646,40.660732],[-73.81614,40.660715],[-73.816134,40.660785],[-73.816174,40.660789],[-73.816175,40.660828],[-73.816161,40.660826],[-73.816161,40.660844],[-73.815982,40.660836],[-73.815997,40.660775],[-73.816042,40.660776],[-73.816052,40.660712],[-73.815461,40.660664],[-73.815357,40.660644],[-73.815254,40.660621],[-73.815152,40.660595],[-73.814681,40.660515],[-73.814671,40.660579],[-73.814702,40.660583],[-73.814698,40.660621],[-73.814678,40.660619],[-73.814676,40.66065],[-73.81457,40.660635],[-73.814589,40.660571],[-73.814614,40.660571],[-73.814625,40.660507],[-73.814089,40.66042],[-73.813883,40.66037],[-73.813761,40.660351],[-73.81375,40.660347],[-73.813582,40.66031],[-73.813252,40.660232],[-73.813092,40.660194],[-73.812621,40.660157],[-73.812601,40.66016],[-73.812307,40.660203],[-73.812002,40.660206],[-73.811991,40.660206],[-73.811933,40.660192],[-73.811572,40.660218],[-73.811537,40.660231],[-73.811497,40.660225],[-73.811435,40.660253],[-73.811418,40.660307],[-73.811285,40.660373],[-73.811229,40.660546],[-73.811284,40.660632],[-73.811301,40.660635],[-73.811316,40.660638],[-73.811342,40.660646],[-73.811367,40.660657],[-73.811388,40.660671],[-73.811407,40.660687],[-73.811421,40.660705],[-73.811432,40.660725],[-73.811439,40.660746],[-73.811498,40.660776],[-73.811705,40.660812],[-73.811994,40.66089],[-73.812205,40.6609],[-73.812816,40.661017],[-73.812848,40.66101],[-73.812873,40.66102],[-73.814073,40.661265],[-73.814114,40.661256],[-73.814127,40.661258],[-73.814138,40.661273],[-73.814937,40.66142],[-73.815085,40.66146],[-73.815281,40.661493],[-73.815759,40.66157],[-73.816215,40.661638],[-73.816568,40.661691],[-73.816866,40.661737],[-73.816898,40.661752],[-73.816994,40.66176],[-73.817072,40.661788],[-73.81716,40.661795],[-73.81719,40.661784],[-73.817208,40.661781],[-73.817243,40.661787],[-73.817267,40.661807],[-73.817355,40.661837],[-73.817466,40.661862],[-73.817593,40.661893],[-73.817691,40.661912],[-73.817712,40.661905],[-73.81775,40.661904],[-73.817754,40.661912],[-73.817771,40.66192],[-73.817917,40.661942],[-73.818015,40.661954],[-73.818078,40.661963],[-73.818168,40.661958],[-73.818302,40.661971],[-73.818374,40.661993],[-73.818453,40.662028],[-73.818483,40.662049],[-73.818497,40.662052],[-73.818507,40.662106],[-73.818672,40.662133],[-73.818733,40.662048],[-73.818744,40.66205],[-73.818738,40.662072],[-73.818802,40.662063],[-73.818864,40.66205],[-73.818924,40.662031],[-73.818973,40.662011],[-73.819,40.662002],[-73.819054,40.661985],[-73.819193,40.661942],[-73.819329,40.661896],[-73.819464,40.661847],[-73.81962,40.661792],[-73.819773,40.661731],[-73.819921,40.661664],[-73.820064,40.661591],[-73.820099,40.661572],[-73.820132,40.66155],[-73.820162,40.661526],[-73.82018,40.661509],[-73.820187,40.661506],[-73.820194,40.661505],[-73.820201,40.661504],[-73.820209,40.661504],[-73.820216,40.661505],[-73.820223,40.661507],[-73.820229,40.66151],[-73.820259,40.661515],[-73.82029,40.661517],[-73.820321,40.661515],[-73.820351,40.66151],[-73.82038,40.661501],[-73.820406,40.661489],[-73.820619,40.661404],[-73.82077,40.661343],[-73.820917,40.661278],[-73.821061,40.661208],[-73.821202,40.661134],[-73.821338,40.661056],[-73.821364,40.661042],[-73.821437,40.661005],[-73.821513,40.660971],[-73.821584,40.660945],[-73.821718,40.660896],[-73.821854,40.66085],[-73.82194,40.660827],[-73.822022,40.660798],[-73.8221,40.660763],[-73.822173,40.660722],[-73.822241,40.660676],[-73.822284,40.660646],[-73.822332,40.66062],[-73.822384,40.660599],[-73.822439,40.660583],[-73.822496,40.660573],[-73.822553,40.660569],[-73.822623,40.66056],[-73.822691,40.660547],[-73.822758,40.66053],[-73.822806,40.660516],[-73.822852,40.660499],[-73.82295,40.660462],[-73.823045,40.660419],[-73.823137,40.660373],[-73.823224,40.660321],[-73.823306,40.660265],[-73.823383,40.660206],[-73.823455,40.660142],[-73.823522,40.660075],[-73.824038,40.658599],[-73.824062,40.658544],[-73.82408,40.658488],[-73.824092,40.658431],[-73.824097,40.658374],[-73.824095,40.658317],[-73.823878,40.658285],[-73.82388,40.658258],[-73.823933,40.658265],[-73.823935,40.658271],[-73.824086,40.658289],[-73.824085,40.658164],[-73.824102,40.658099],[-73.824124,40.658034],[-73.824153,40.657971],[-73.824187,40.65791],[-73.824215,40.65788],[-73.824237,40.657848],[-73.824254,40.657814],[-73.824264,40.657779],[-73.824107,40.65775],[-73.824104,40.657763],[-73.824041,40.657756],[-73.824059,40.657696],[-73.824111,40.657704],[-73.824106,40.657722],[-73.824268,40.657747],[-73.824287,40.657685],[-73.824301,40.657622],[-73.824307,40.657559],[-73.824307,40.657495],[-73.824307,40.65748],[-73.824311,40.657465],[-73.824318,40.657451],[-73.824338,40.657384],[-73.824367,40.657319],[-73.824404,40.657256],[-73.824449,40.657196],[-73.824893,40.655893],[-73.824969,40.655659],[-73.824981,40.655432],[-73.824905,40.655149],[-73.824597,40.654],[-73.82459,40.653967],[-73.82458,40.653934],[-73.824559,40.653888],[-73.824529,40.653846],[-73.824508,40.653821],[-73.824484,40.653798],[-73.824458,40.653759],[-73.824438,40.653717],[-73.824426,40.653674],[-73.824421,40.65363],[-73.824425,40.653586],[-73.824436,40.653542],[-73.824432,40.653496],[-73.824421,40.653451],[-73.824402,40.653407],[-73.824378,40.653365],[-73.824347,40.653325],[-73.824311,40.653276],[-73.824283,40.653223],[-73.824263,40.653169],[-73.82425,40.653114],[-73.824244,40.653057],[-73.824247,40.653001],[-73.824258,40.652945],[-73.824243,40.652823],[-73.82422,40.652702],[-73.824189,40.652582],[-73.82415,40.652463],[-73.824103,40.652346],[-73.824061,40.652291],[-73.824024,40.652233],[-73.823995,40.652173],[-73.823973,40.652112],[-73.823959,40.652049],[-73.823951,40.651985],[-73.823952,40.651921],[-73.823944,40.651812],[-73.823928,40.651704],[-73.823905,40.651596],[-73.823875,40.651489],[-73.823838,40.651384],[-73.823793,40.65128],[-73.823741,40.651179],[-73.823721,40.651144],[-73.823706,40.651107],[-73.823698,40.651069],[-73.823697,40.65103],[-73.823702,40.650992],[-73.823708,40.650969],[-73.823719,40.650943],[-73.823732,40.650918],[-73.82374,40.65088],[-73.823741,40.650842],[-73.823734,40.650804],[-73.823719,40.650767],[-73.823698,40.650732],[-73.823669,40.6507],[-73.823623,40.650622],[-73.823585,40.650543],[-73.823556,40.650462],[-73.823534,40.65038],[-73.823521,40.650298],[-73.823515,40.650214],[-73.823518,40.65013],[-73.823527,40.650061],[-73.823541,40.649991],[-73.82354,40.64995],[-73.823534,40.649909],[-73.823521,40.64987],[-73.823503,40.649831],[-73.823479,40.649794],[-73.823466,40.649774],[-73.823457,40.649753],[-73.823452,40.649732],[-73.823451,40.64971],[-73.823454,40.649688],[-73.823443,40.649576],[-73.823422,40.649464],[-73.823393,40.649354],[-73.823354,40.649246],[-73.823307,40.649139],[-73.823181,40.649157],[-73.822907,40.648093],[-73.822932,40.648068],[-73.822961,40.648046],[-73.822995,40.648028],[-73.823032,40.648015],[-73.823072,40.648006],[-73.823113,40.648003],[-73.823154,40.648004],[-73.823194,40.648011],[-73.823388,40.648306],[-73.823412,40.648344],[-73.823438,40.648381],[-73.823493,40.648449],[-73.823537,40.648495],[-73.823585,40.648538],[-73.823637,40.64858],[-73.823709,40.64864],[-73.823774,40.648704],[-73.823833,40.648772],[-73.82387,40.648819],[-73.823904,40.648867],[-73.823925,40.648903],[-73.823939,40.648941],[-73.823944,40.64898],[-73.82394,40.649019],[-73.823928,40.649058],[-73.823907,40.649094],[-73.823906,40.649112],[-73.823909,40.649131],[-73.823917,40.649149],[-73.823927,40.649166],[-73.823942,40.649181],[-73.82396,40.649194],[-73.82398,40.649204],[-73.824044,40.649257],[-73.824115,40.649305],[-73.824191,40.649349],[-73.824272,40.649386],[-73.824325,40.649419],[-73.824394,40.649463],[-73.824455,40.649507],[-73.824511,40.649555],[-73.824562,40.649605],[-73.824608,40.649659],[-73.824648,40.649715],[-73.824664,40.649725],[-73.824681,40.649732],[-73.824699,40.649738],[-73.824719,40.649741],[-73.824738,40.649741],[-73.824758,40.649739],[-73.824777,40.649734],[-73.824795,40.649727],[-73.82481,40.649718],[-73.824824,40.649707],[-73.824835,40.649695],[-73.824843,40.649681],[-73.824848,40.649666],[-73.824816,40.649636],[-73.824788,40.649603],[-73.824763,40.649568],[-73.824742,40.649532],[-73.824733,40.649519],[-73.824726,40.649505],[-73.824723,40.64949],[-73.824723,40.649475],[-73.824727,40.649461],[-73.824734,40.649447],[-73.824744,40.649434],[-73.824753,40.649426],[-73.824764,40.649418],[-73.824776,40.649411],[-73.824789,40.649406],[-73.824827,40.64939],[-73.824868,40.649379],[-73.824911,40.649373],[-73.824955,40.649372],[-73.824998,40.649377],[-73.825054,40.6494],[-73.825104,40.649429],[-73.825149,40.649463],[-73.825187,40.649502],[-73.825218,40.649543],[-73.825241,40.649588],[-73.825255,40.649635],[-73.825362,40.649914],[-73.825488,40.649892],[-73.825555,40.649658],[-73.825553,40.649631],[-73.825556,40.649603],[-73.825566,40.649577],[-73.825581,40.649551],[-73.825601,40.649528],[-73.825626,40.649508],[-73.825654,40.649491],[-73.825686,40.649478],[-73.825721,40.649469],[-73.825756,40.649465],[-73.825793,40.649465],[-73.825828,40.649469],[-73.82586,40.649476],[-73.825889,40.649486],[-73.825916,40.6495],[-73.82594,40.649517],[-73.82596,40.649536],[-73.825975,40.649558],[-73.825986,40.649581],[-73.825992,40.649606],[-73.825993,40.649631],[-73.826022,40.649653],[-73.826045,40.649679],[-73.826061,40.649707],[-73.826072,40.649738],[-73.826076,40.649769],[-73.826104,40.650019],[-73.826106,40.650033],[-73.826111,40.650047],[-73.82612,40.65006],[-73.826131,40.650072],[-73.826145,40.650082],[-73.826171,40.650083],[-73.826197,40.65008],[-73.826222,40.650075],[-73.826246,40.650066],[-73.826267,40.650054],[-73.826285,40.65004],[-73.8263,40.650023],[-73.826278,40.649977],[-73.826249,40.649933],[-73.826215,40.649891],[-73.826214,40.649864],[-73.826209,40.649836],[-73.8262,40.64981],[-73.826181,40.649802],[-73.826164,40.649792],[-73.826149,40.64978],[-73.826138,40.649767],[-73.826129,40.649752],[-73.826123,40.649736],[-73.826121,40.64972],[-73.826122,40.649703],[-73.826127,40.649688],[-73.826135,40.649672],[-73.826146,40.649658],[-73.82616,40.649645],[-73.826171,40.649629],[-73.826178,40.649613],[-73.826181,40.649595],[-73.826181,40.649578],[-73.826177,40.649561],[-73.82617,40.649544],[-73.826172,40.649527],[-73.826178,40.64951],[-73.826188,40.649495],[-73.826202,40.649481],[-73.826218,40.649469],[-73.826237,40.649459],[-73.826258,40.649452],[-73.826282,40.649452],[-73.826307,40.649448],[-73.82633,40.649442],[-73.826352,40.649434],[-73.826372,40.649422],[-73.826402,40.649363],[-73.826425,40.649301],[-73.826439,40.649238],[-73.826446,40.649174],[-73.826444,40.649111],[-73.826433,40.649047],[-73.826415,40.648985],[-73.826388,40.648924],[-73.826356,40.648861],[-73.826331,40.648797],[-73.826313,40.648731],[-73.826301,40.648664],[-73.826311,40.648636],[-73.826316,40.648607],[-73.826316,40.648578],[-73.826309,40.648549],[-73.826298,40.648522],[-73.826273,40.648405],[-73.826288,40.648383],[-73.826309,40.648363],[-73.826334,40.648347],[-73.826362,40.648334],[-73.826392,40.648324],[-73.826719,40.649579],[-73.826896,40.65035],[-73.827013,40.65086],[-73.827125,40.651326],[-73.827242,40.651812],[-73.827361,40.652307],[-73.827478,40.652795],[-73.827596,40.653288],[-73.827707,40.653748],[-73.827825,40.65424],[-73.828072,40.655268],[-73.828279,40.656034],[-73.828599,40.657197],[-73.829314,40.658899],[-73.829913,40.659666],[-73.830306,40.660425],[-73.831078,40.662056],[-73.831857,40.663654],[-73.832478,40.664968],[-73.832705,40.665406],[-73.832486,40.665355],[-73.832058,40.665255],[-73.830032,40.664582],[-73.829389,40.664365],[-73.8291,40.664251],[-73.827898,40.663906],[-73.827133,40.663755],[-73.826874,40.663704],[-73.826295,40.663638],[-73.825712,40.663593],[-73.825035,40.66358]]],[[[-73.74661,40.638725],[-73.746603,40.63871],[-73.74654,40.638711],[-73.746541,40.638697],[-73.746611,40.638697],[-73.746596,40.63868],[-73.746643,40.638662],[-73.746669,40.638706],[-73.74661,40.638725]]],[[[-73.746937,40.637556],[-73.746943,40.637529],[-73.747049,40.637545],[-73.747043,40.637566],[-73.746937,40.637556]]],[[[-73.747122,40.637162],[-73.747067,40.637154],[-73.747065,40.637161],[-73.747028,40.637156],[-73.747006,40.637152],[-73.746994,40.637151],[-73.747,40.637127],[-73.747011,40.637129],[-73.747038,40.637133],[-73.747068,40.637137],[-73.747067,40.637143],[-73.747121,40.637151],[-73.747136,40.637058],[-73.747158,40.637061],[-73.747149,40.637126],[-73.747154,40.637126],[-73.74713,40.637217],[-73.747104,40.637211],[-73.747122,40.637162]]]]}},{"type":"Feature","id":138,"properties":{"pu_location_id":138,"zone_name":"LaGuardia Airport","borough":"Queens"},"geometry":{"type":"MultiPolygon","coordinates":[[[[-73.871249,40.786038],[-73.869781,40.785338],[-73.869235,40.78597],[-73.869181,40.785943],[-73.869693,40.785296],[-73.86987,40.785086],[-73.869438,40.783638],[-73.868714,40.783718],[-73.868711,40.783734],[-73.868704,40.783748],[-73.868693,40.783762],[-73.86868,40.783774],[-73.868664,40.783784],[-73.868647,40.783792],[-73.868627,40.783797],[-73.868607,40.7838],[-73.868587,40.7838],[-73.868566,40.783798],[-73.868547,40.783793],[-73.868529,40.783785],[-73.868513,40.783775],[-73.868499,40.783763],[-73.868489,40.78375],[-73.868482,40.783736],[-73.868478,40.783721],[-73.868477,40.783706],[-73.86848,40.783691],[-73.868486,40.783676],[-73.868495,40.783663],[-73.868507,40.783651],[-73.868521,40.78364],[-73.868538,40.783632],[-73.868556,40.783625],[-73.868575,40.783621],[-73.868595,40.78362],[-73.868615,40.783621],[-73.868634,40.783625],[-73.868651,40.78363],[-73.868667,40.783638],[-73.868681,40.783647],[-73.868693,40.783658],[-73.868702,40.78367],[-73.868709,40.783683],[-73.868713,40.783697],[-73.869423,40.783591],[-73.87048,40.782306],[-73.871463,40.782126],[-73.872557,40.780821],[-73.872386,40.780741],[-73.87218,40.780526],[-73.871186,40.780002],[-73.870195,40.779547],[-73.870158,40.779498],[-73.868255,40.778513],[-73.867926,40.778394],[-73.866329,40.777642],[-73.866152,40.777591],[-73.865761,40.777358],[-73.865132,40.776966],[-73.864711,40.776733],[-73.862159,40.775515],[-73.859211,40.774088],[-73.859118,40.77413],[-73.85901,40.774134],[-73.858928,40.774095],[-73.858903,40.774009],[-73.858938,40.773956],[-73.858634,40.773809],[-73.858401,40.773721],[-73.857962,40.773489],[-73.857736,40.773385],[-73.857234,40.773184],[-73.8569,40.773059],[-73.856744,40.772979],[-73.856564,40.7729],[-73.855938,40.772637],[-73.855511,40.772439],[-73.855051,40.772195],[-73.855048,40.772114],[-73.855048,40.772037],[-73.855055,40.771925],[-73.855068,40.77187],[-73.855086,40.771831],[-73.855115,40.771813],[-73.855181,40.771784],[-73.855659,40.771151],[-73.856421,40.770347],[-73.856439,40.770333],[-73.856458,40.770321],[-73.856501,40.7703],[-73.856524,40.770292],[-73.856548,40.770286],[-73.856571,40.770282],[-73.856619,40.770279],[-73.856669,40.770282],[-73.856694,40.770286],[-73.856719,40.770292],[-73.856743,40.770299],[-73.856765,40.770307],[-73.857232,40.770529],[-73.85729,40.770551],[-73.857314,40.770558],[-73.857337,40.770564],[-73.857359,40.770568],[-73.857381,40.770571],[-73.857397,40.77057],[-73.857405,40.770568],[-73.857431,40.770556],[-73.857448,40.770543],[-73.85746,40.770529],[-73.857464,40.77052],[-73.857468,40.77051],[-73.857472,40.770491],[-73.857478,40.770445],[-73.857484,40.770424],[-73.857489,40.770415],[-73.857495,40.770407],[-73.857503,40.7704],[-73.857507,40.770397],[-73.85753,40.770386],[-73.85755,40.770381],[-73.857573,40.770378],[-73.857598,40.770377],[-73.857625,40.770378],[-73.857654,40.770381],[-73.857761,40.7704],[-73.857776,40.770405],[-73.857836,40.770432],[-73.857849,40.770437],[-73.85786,40.77044],[-73.857879,40.770443],[-73.857891,40.770442],[-73.857901,40.770439],[-73.857904,40.770438],[-73.858108,40.770333],[-73.858121,40.770337],[-73.858137,40.770347],[-73.858147,40.77035],[-73.858155,40.770351],[-73.858164,40.770351],[-73.858172,40.770349],[-73.85818,40.770348],[-73.858187,40.770345],[-73.858196,40.77034],[-73.858205,40.770323],[-73.858202,40.770307],[-73.858189,40.77029],[-73.857987,40.770174],[-73.857736,40.770003],[-73.85745,40.769809],[-73.856924,40.769513],[-73.856691,40.769386],[-73.856213,40.769196],[-73.856149,40.769079],[-73.85615,40.768987],[-73.856246,40.768886],[-73.856313,40.768878],[-73.856478,40.768905],[-73.856636,40.76894],[-73.856818,40.769039],[-73.857048,40.76914],[-73.857103,40.769093],[-73.857162,40.768991],[-73.85724,40.768882],[-73.857313,40.768764],[-73.857678,40.768276],[-73.857976,40.768115],[-73.858053,40.768091],[-73.858197,40.767943],[-73.858328,40.767824],[-73.858435,40.767705],[-73.858595,40.767485],[-73.858774,40.76735],[-73.858921,40.767274],[-73.859375,40.767075],[-73.859638,40.767028],[-73.85983,40.767032],[-73.859987,40.766958],[-73.860168,40.766942],[-73.860336,40.766959],[-73.860555,40.767],[-73.860697,40.767011],[-73.860775,40.766995],[-73.860855,40.766932],[-73.860929,40.766942],[-73.860989,40.767014],[-73.861008,40.767059],[-73.861,40.767174],[-73.861033,40.767257],[-73.861103,40.767272],[-73.86119,40.767207],[-73.861212,40.767031],[-73.861314,40.766941],[-73.861433,40.766915],[-73.861692,40.766917],[-73.861815,40.766937],[-73.862021,40.766913],[-73.862053,40.766913],[-73.86213,40.766911],[-73.862225,40.766895],[-73.862201,40.76684],[-73.862266,40.766803],[-73.862435,40.766889],[-73.862602,40.766894],[-73.862689,40.766876],[-73.862755,40.766765],[-73.86272,40.766671],[-73.86224,40.766283],[-73.862158,40.766192],[-73.862168,40.766048],[-73.862015,40.765891],[-73.861769,40.765594],[-73.861538,40.765343],[-73.861237,40.764961],[-73.860433,40.763869],[-73.86057,40.763831],[-73.860937,40.763729],[-73.861097,40.763664],[-73.861809,40.764545],[-73.862861,40.765846],[-73.863218,40.766251],[-73.863402,40.766456],[-73.863531,40.766576],[-73.86405,40.767064],[-73.864585,40.767567],[-73.865093,40.768015],[-73.865506,40.768346],[-73.866069,40.768796],[-73.867282,40.76965],[-73.868099,40.770172],[-73.868894,40.770649],[-73.869437,40.770924],[-73.86963,40.771006],[-73.870161,40.771209],[-73.870714,40.771391],[-73.871434,40.771576],[-73.871735,40.771623],[-73.872236,40.771696],[-73.872726,40.771737],[-73.873279,40.771767],[-73.873805,40.771768],[-73.874263,40.771753],[-73.874759,40.77172],[-73.875176,40.771677],[-73.876017,40.771551],[-73.876089,40.771537],[-73.876153,40.771523],[-73.876651,40.771419],[-73.877045,40.771317],[-73.877433,40.7712],[-73.877814,40.77107],[-73.878186,40.770928],[-73.878549,40.770772],[-73.878974,40.770556],[-73.879612,40.770232],[-73.880202,40.769904],[-73.880563,40.769701],[-73.880686,40.769632],[-73.881599,40.769126],[-73.882772,40.768529],[-73.883566,40.76818],[-73.884268,40.767895],[-73.884397,40.767842],[-73.885063,40.767599],[-73.885648,40.767408],[-73.886026,40.767283],[-73.886676,40.767103],[-73.886719,40.767091],[-73.887134,40.766983],[-73.887625,40.766865],[-73.887707,40.766839],[-73.88773,40.766914],[-73.887818,40.767202],[-73.888178,40.768428],[-73.88819,40.76851],[-73.888221,40.768592],[-73.888271,40.768672],[-73.88834,40.768745],[-73.888424,40.768808],[-73.888519,40.768858],[-73.888621,40.768894],[-73.888726,40.768916],[-73.888736,40.768986],[-73.88904,40.770916],[-73.889424,40.773046],[-73.889455,40.773533],[-73.887798,40.773711],[-73.887679,40.773819],[-73.885808,40.774022],[-73.88581,40.774036],[-73.885818,40.774079],[-73.885828,40.774078],[-73.885834,40.774109],[-73.885792,40.774114],[-73.88579,40.774107],[-73.885682,40.774119],[-73.885683,40.774125],[-73.885669,40.774126],[-73.885695,40.774267],[-73.885702,40.774266],[-73.885712,40.774322],[-73.885674,40.774326],[-73.885673,40.774323],[-73.885651,40.774325],[-73.88567,40.774433],[-73.885627,40.774438],[-73.885602,40.774305],[-73.885646,40.7743],[-73.885648,40.774308],[-73.885668,40.774306],[-73.885661,40.77427],[-73.885668,40.77427],[-73.885643,40.774131],[-73.885639,40.774131],[-73.885632,40.774097],[-73.885676,40.774093],[-73.885677,40.774099],[-73.885788,40.774088],[-73.885787,40.774081],[-73.885795,40.77408],[-73.885787,40.774038],[-73.885785,40.774025],[-73.884316,40.774184],[-73.884083,40.774104],[-73.883916,40.774133],[-73.883932,40.774185],[-73.884108,40.774167],[-73.884552,40.774361],[-73.88466,40.77448],[-73.884792,40.774807],[-73.884837,40.774953],[-73.884855,40.775102],[-73.884835,40.775221],[-73.884774,40.775332],[-73.884675,40.775397],[-73.884602,40.775421],[-73.884549,40.775428],[-73.884455,40.775465],[-73.88442,40.775456],[-73.884287,40.775472],[-73.884288,40.775483],[-73.884332,40.775483],[-73.884363,40.775493],[-73.88441,40.775549],[-73.884757,40.777254],[-73.884823,40.777512],[-73.884932,40.777905],[-73.884991,40.778145],[-73.885032,40.7783],[-73.885055,40.778405],[-73.885114,40.778476],[-73.8852,40.778514],[-73.885239,40.778559],[-73.88525,40.778613],[-73.885219,40.778661],[-73.885083,40.778671],[-73.885053,40.778775],[-73.885124,40.779061],[-73.885084,40.779353],[-73.884978,40.779744],[-73.884935,40.779937],[-73.884881,40.779987],[-73.884782,40.780038],[-73.88445,40.780155],[-73.883852,40.780264],[-73.883253,40.780265],[-73.88324,40.780326],[-73.882905,40.780349],[-73.882879,40.780236],[-73.882811,40.780219],[-73.882744,40.780223],[-73.88264,40.780286],[-73.882318,40.780361],[-73.882159,40.780368],[-73.882119,40.780396],[-73.882083,40.780451],[-73.882026,40.780485],[-73.881872,40.780498],[-73.881684,40.7805],[-73.881559,40.780547],[-73.881391,40.780602],[-73.881219,40.780611],[-73.880961,40.780586],[-73.88087,40.780573],[-73.88075,40.780574],[-73.880388,40.780619],[-73.880189,40.780635],[-73.880022,40.780645],[-73.879906,40.780639],[-73.879735,40.780655],[-73.879613,40.780694],[-73.879586,40.780698],[-73.879591,40.780779],[-73.879604,40.780779],[-73.879607,40.78085],[-73.879475,40.780857],[-73.879473,40.780703],[-73.879448,40.7807],[-73.879358,40.780657],[-73.879304,40.780759],[-73.879205,40.780767],[-73.879134,40.780678],[-73.878925,40.780674],[-73.878706,40.780586],[-73.879051,40.781731],[-73.879309,40.781854],[-73.878858,40.782398],[-73.878888,40.782414],[-73.878884,40.782419],[-73.879145,40.782545],[-73.879164,40.782523],[-73.879181,40.78253],[-73.879164,40.782551],[-73.879748,40.782837],[-73.879702,40.782883],[-73.879678,40.782873],[-73.879705,40.782838],[-73.879457,40.782715],[-73.879421,40.782756],[-73.879406,40.782746],[-73.87943,40.782706],[-73.879147,40.782568],[-73.879083,40.782651],[-73.87906,40.78264],[-73.879124,40.78256],[-73.878867,40.782437],[-73.878857,40.782445],[-73.878831,40.782431],[-73.878339,40.783026],[-73.875158,40.781509],[-73.874845,40.781685],[-73.871249,40.786038]]],[[[-73.872872,40.785975],[-73.872828,40.785954],[-73.872823,40.785964],[-73.872774,40.785942],[-73.872809,40.785903],[-73.872854,40.785926],[-73.87284,40.785943],[-73.872885,40.785963],[-73.872872,40.785975]]],[[[-73.890089,40.773626],[-73.890342,40.773238],[-73.891832,40.77488],[-73.891725,40.775052],[-73.891718,40.775164],[-73.891689,40.775255],[-73.891528,40.775478],[-73.891444,40.775623],[-73.891358,40.776049],[-73.891368,40.776343],[-73.891452,40.776513],[-73.891264,40.776856],[-73.891104,40.777023],[-73.89112,40.777125],[-73.891067,40.777213],[-73.890949,40.777284],[-73.890731,40.777332],[-73.890563,40.777404],[-73.890498,40.777463],[-73.890459,40.77755],[-73.890465,40.777703],[-73.890352,40.7778],[-73.890174,40.777851],[-73.890087,40.777784],[-73.890024,40.777247],[-73.889516,40.775937],[-73.889472,40.775738],[-73.889471,40.775536],[-73.889555,40.775279],[-73.889561,40.775092],[-73.889582,40.775035],[-73.889589,40.774959],[-73.889614,40.774846],[-73.889789,40.774237],[-73.889842,40.7741],[-73.889887,40.774017],[-73.890068,40.773962],[-73.890192,40.773647],[-73.890089,40.773626]]]]}},{"type":"Feature","id":141,"properties":{"pu_location_id":141,"zone_name":"Lenox Hill West","borough":"Manhattan"},"geometry":{"type":"MultiPolygon","coordinates":[[[[-73.961777,40.75988],[-73.961966,40.759619],[-73.963081,40.760083],[-73.963556,40.760281],[-73.964314,40.760599],[-73.966583,40.761551],[-73.966127,40.762179],[-73.96567,40.762805],[-73.965213,40.763431],[-73.964755,40.764057],[-73.964298,40.764682],[-73.963843,40.76531],[-73.963402,40.765911],[-73.962929,40.766559],[-73.96247,40.767185],[-73.962014,40.767812],[-73.961558,40.768438],[-73.961102,40.769059],[-73.960602,40.769749],[-73.96011,40.770432],[-73.959644,40.771064],[-73.959182,40.771697],[-73.958717,40.772332],[-73.958255,40.772965],[-73.957794,40.7736],[-73.957294,40.774284],[-73.955055,40.773337],[-73.952685,40.772339],[-73.953187,40.771657],[-73.953649,40.771024],[-73.954112,40.770389],[-73.954575,40.769755],[-73.955037,40.76912],[-73.955502,40.768485],[-73.955999,40.767804],[-73.956496,40.767119],[-73.956956,40.766493],[-73.957412,40.765869],[-73.957869,40.765242],[-73.958321,40.764617],[-73.958781,40.76399],[-73.959239,40.763366],[-73.959695,40.762741],[-73.960151,40.762115],[-73.960606,40.761487],[-73.961068,40.760858],[-73.961522,40.76023],[-73.961621,40.760094],[-73.961644,40.76006],[-73.961678,40.760014],[-73.961697,40.759987],[-73.961727,40.75995],[-73.961768,40.759893],[-73.961777,40.75988]]]]}},{"type":"Feature","id":142,"properties":{"pu_location_id":142,"zone_name":"Lincoln Square East","borough":"Manhattan"},"geometry":{"type":"MultiPolygon","coordinates":[[[[-73.981479,40.767725],[-73.981553,40.76768],[-73.981634,40.767645],[-73.981735,40.767619],[-73.981735,40.767619],[-73.981735,40.767619],[-73.981844,40.76761],[-73.981844,40.76761],[-73.981844,40.76761],[-73.981954,40.767618],[-73.981954,40.767618],[-73.981954,40.767618],[-73.982059,40.767642],[-73.982059,40.767643],[-73.982059,40.767643],[-73.982152,40.767682],[-73.982365,40.767392],[-73.985217,40.768595],[-73.988063,40.769791],[-73.987615,40.770415],[-73.987146,40.771054],[-73.986696,40.771668],[-73.986655,40.771724],[-73.986491,40.771951],[-73.986455,40.772001],[-73.986238,40.772299],[-73.986184,40.772372],[-73.986133,40.772442],[-73.986021,40.772595],[-73.985965,40.772671],[-73.985822,40.772865],[-73.985778,40.772925],[-73.985757,40.772953],[-73.985623,40.773136],[-73.985568,40.773211],[-73.985516,40.773281],[-73.98547,40.773344],[-73.985333,40.773531],[-73.984879,40.774156],[-73.984412,40.774808],[-73.983972,40.775429],[-73.983496,40.776046],[-73.983047,40.776683],[-73.982583,40.777303],[-73.982155,40.777972],[-73.982118,40.778013],[-73.981621,40.778608],[-73.981135,40.779291],[-73.980674,40.779925],[-73.977831,40.77873],[-73.974997,40.777533],[-73.975461,40.776899],[-73.975955,40.77622],[-73.976458,40.775532],[-73.976912,40.774909],[-73.977371,40.774281],[-73.977826,40.773656],[-73.978282,40.773032],[-73.978722,40.772419],[-73.979192,40.771781],[-73.979652,40.771155],[-73.980112,40.770528],[-73.980564,40.769905],[-73.981023,40.769273],[-73.981648,40.768436],[-73.981546,40.768383],[-73.981546,40.768383],[-73.981453,40.768321],[-73.981453,40.76832],[-73.981453,40.76832],[-73.981373,40.768249],[-73.981326,40.768188],[-73.981295,40.768119],[-73.981283,40.768044],[-73.981291,40.76797],[-73.981291,40.767969],[-73.981291,40.767969],[-73.981319,40.767899],[-73.981362,40.767837],[-73.981415,40.767778],[-73.981479,40.767725]]]]}},{"type":"Feature","id":144,"properties":{"pu_location_id":144,"zone_name":"Little Italy/NoLiTa","borough":"Manhattan"},"geometry":{"type":"MultiPolygon","coordinates":[[[[-73.995809,40.716645],[-73.996059,40.716232],[-73.996984,40.716541],[-73.997763,40.716814],[-73.998589,40.7171],[-73.999312,40.71755],[-73.999956,40.718017],[-74.000532,40.71843],[-74.001273,40.718961],[-74.001401,40.719053],[-74.001884,40.719398],[-74.001524,40.719821],[-74.001425,40.719937],[-74.000661,40.72084],[-73.999853,40.721792],[-73.999522,40.722183],[-73.998812,40.723021],[-73.997785,40.724235],[-73.996843,40.725348],[-73.996772,40.725432],[-73.995846,40.725208],[-73.995329,40.725084],[-73.994908,40.724951],[-73.994179,40.724692],[-73.993458,40.724433],[-73.993399,40.724413],[-73.992672,40.72416],[-73.992603,40.724136],[-73.992633,40.724057],[-73.993089,40.722819],[-73.993259,40.722353],[-73.993523,40.721632],[-73.993795,40.720936],[-73.994035,40.720323],[-73.994377,40.719519],[-73.994421,40.719391],[-73.994808,40.718457],[-73.995429,40.717279],[-73.995809,40.716645]]]]}},{"type":"Feature","id":145,"properties":{"pu_location_id":145,"zone_name":"Long Island City/Hunters Point","borough":"Queens"},"geometry":{"type":"MultiPolygon","coordinates":[[[[-73.943454,40.752054],[-73.942914,40.751819],[-73.942707,40.75173],[-73.942563,40.751667],[-73.942068,40.751462],[-73.941431,40.751187],[-73.941267,40.751117],[-73.940692,40.750852],[-73.940557,40.750795],[-73.940442,40.750738],[-73.940038,40.75056],[-73.939633,40.750382],[-73.938813,40.750065],[-73.938118,40.749793],[-73.937967,40.749669],[-73.937827,40.749415],[-73.937737,40.749251],[-73.937598,40.749117],[-73.937528,40.749049],[-73.937459,40.748983],[-73.937397,40.748916],[-73.936835,40.748395],[-73.936637,40.748204],[-73.936734,40.748129],[-73.938123,40.74706],[-73.938805,40.746535],[-73.939521,40.745984],[-73.939965,40.745746],[-73.940327,40.745413],[-73.941847,40.744904],[-73.942723,40.744577],[-73.943427,40.744231],[-73.943838,40.743872],[-73.943995,40.743659],[-73.94401,40.743639],[-73.944196,40.742882],[-73.942976,40.743369],[-73.942111,40.743714],[-73.941741,40.743859],[-73.940316,40.744404],[-73.93926,40.744748],[-73.938258,40.745068],[-73.937697,40.745239],[-73.937261,40.745176],[-73.937651,40.743305],[-73.938019,40.741455],[-73.938199,40.740543],[-73.938625,40.738405],[-73.938648,40.738326],[-73.938665,40.738268],[-73.93868,40.738208],[-73.938697,40.738141],[-73.939823,40.738446],[-73.939963,40.738641],[-73.939937,40.738688],[-73.940643,40.738982],[-73.941409,40.7393],[-73.94135,40.739362],[-73.941018,40.73968],[-73.940778,40.739922],[-73.940509,40.740114],[-73.940362,40.740335],[-73.940561,40.740418],[-73.940282,40.740799],[-73.939924,40.741354],[-73.939656,40.741769],[-73.939109,40.742617],[-73.93867,40.742534],[-73.938588,40.742931],[-73.939307,40.743068],[-73.939744,40.74316],[-73.939756,40.743144],[-73.940019,40.743208],[-73.940149,40.742832],[-73.939653,40.742731],[-73.940048,40.742071],[-73.940084,40.742063],[-73.940142,40.741969],[-73.9408,40.740898],[-73.941188,40.74029],[-73.941595,40.739864],[-73.94165,40.739864],[-73.941835,40.739693],[-73.942034,40.739657],[-73.942087,40.739593],[-73.942159,40.739552],[-73.94238,40.73943],[-73.942413,40.739423],[-73.942448,40.739414],[-73.942482,40.739412],[-73.942511,40.739412],[-73.942534,40.739408],[-73.94257,40.739406],[-73.942597,40.739395],[-73.942616,40.739375],[-73.942626,40.739359],[-73.942649,40.739323],[-73.94268,40.739302],[-73.9427,40.739278],[-73.94271,40.739251],[-73.942728,40.739232],[-73.94279,40.739194],[-73.942711,40.739144],[-73.942696,40.739134],[-73.942706,40.739115],[-73.942791,40.739069],[-73.942901,40.739004],[-73.94329,40.739009],[-73.943532,40.738923],[-73.943569,40.738926],[-73.943606,40.738924],[-73.943642,40.738919],[-73.943677,40.738911],[-73.943751,40.738893],[-73.943823,40.738872],[-73.943893,40.738847],[-73.943922,40.738837],[-73.943942,40.738821],[-73.943958,40.738802],[-73.94397,40.738782],[-73.944339,40.738646],[-73.944593,40.738574],[-73.944802,40.738501],[-73.945239,40.738357],[-73.945294,40.738315],[-73.945358,40.738269],[-73.945482,40.738207],[-73.946011,40.738121],[-73.947151,40.7379],[-73.950336,40.739007],[-73.950393,40.739028],[-73.950725,40.739131],[-73.95136,40.739315],[-73.951381,40.739336],[-73.951922,40.739487],[-73.952197,40.739536],[-73.952215,40.739503],[-73.952297,40.739519],[-73.952434,40.739544],[-73.952498,40.739559],[-73.952566,40.739576],[-73.952634,40.739591],[-73.952699,40.739606],[-73.952754,40.73962],[-73.952831,40.739636],[-73.952917,40.739652],[-73.953016,40.739669],[-73.953318,40.739719],[-73.953415,40.739736],[-73.9535,40.739754],[-73.953671,40.739794],[-73.953754,40.739813],[-73.953777,40.739817],[-73.953799,40.73982],[-73.953809,40.73982],[-73.95382,40.73982],[-73.953859,40.739815],[-73.953874,40.739814],[-73.953996,40.739814],[-73.954045,40.739812],[-73.954161,40.739803],[-73.954213,40.739801],[-73.954343,40.739799],[-73.954453,40.7398],[-73.954574,40.739805],[-73.954674,40.739812],[-73.954742,40.739816],[-73.954784,40.739816],[-73.954797,40.739815],[-73.95481,40.739812],[-73.954857,40.7398],[-73.954876,40.739796],[-73.954914,40.73979],[-73.95494,40.739787],[-73.954986,40.739785],[-73.955023,40.739783],[-73.95506,40.739782],[-73.955204,40.739779],[-73.955229,40.739777],[-73.955291,40.739768],[-73.955319,40.739766],[-73.955366,40.739765],[-73.955412,40.739767],[-73.955419,40.739768],[-73.955427,40.739769],[-73.95546,40.739778],[-73.955468,40.739779],[-73.955475,40.73978],[-73.955494,40.73978],[-73.955514,40.739778],[-73.955515,40.739778],[-73.955537,40.739775],[-73.955551,40.739772],[-73.955562,40.73977],[-73.955568,40.739768],[-73.955575,40.739765],[-73.955602,40.739752],[-73.955608,40.73975],[-73.955615,40.739748],[-73.955624,40.739747],[-73.955635,40.739746],[-73.955679,40.739748],[-73.955689,40.739747],[-73.955698,40.739747],[-73.955875,40.739722],[-73.955981,40.739711],[-73.956119,40.739705],[-73.956149,40.739702],[-73.956215,40.739692],[-73.956243,40.739689],[-73.956366,40.73968],[-73.956542,40.739669],[-73.956559,40.739667],[-73.956577,40.739663],[-73.956635,40.739648],[-73.956656,40.739643],[-73.956737,40.739627],[-73.956799,40.739617],[-73.956824,40.739615],[-73.956851,40.739614],[-73.95688,40.739614],[-73.956915,40.739615],[-73.956919,40.739616],[-73.956923,40.739617],[-73.956932,40.739619],[-73.956957,40.73963],[-73.956966,40.739633],[-73.956974,40.739634],[-73.956977,40.739635],[-73.956981,40.739635],[-73.957021,40.739635],[-73.957062,40.739632],[-73.957105,40.739626],[-73.957149,40.739617],[-73.957175,40.73961],[-73.95723,40.739592],[-73.957253,40.739586],[-73.957284,40.73958],[-73.957365,40.739567],[-73.957415,40.739557],[-73.957466,40.739543],[-73.95752,40.739527],[-73.957579,40.739508],[-73.957585,40.739506],[-73.95759,40.739503],[-73.957595,40.739499],[-73.9576,40.739495],[-73.95761,40.739484],[-73.957635,40.73945],[-73.957639,40.739445],[-73.957644,40.739441],[-73.95765,40.739438],[-73.957655,40.739435],[-73.957692,40.73942],[-73.95779,40.73939],[-73.957813,40.739381],[-73.957833,40.739373],[-73.957872,40.739352],[-73.95796,40.7393],[-73.957985,40.739287],[-73.958008,40.739277],[-73.958037,40.739268],[-73.958106,40.739251],[-73.958123,40.739245],[-73.958138,40.739239],[-73.958255,40.739184],[-73.958367,40.739133],[-73.958467,40.739095],[-73.958584,40.739041],[-73.958683,40.738998],[-73.958786,40.738955],[-73.958813,40.738944],[-73.958875,40.738922],[-73.958902,40.738911],[-73.958925,40.7389],[-73.958985,40.738868],[-73.959028,40.738848],[-73.959136,40.738801],[-73.959185,40.738779],[-73.959206,40.738767],[-73.959251,40.738736],[-73.959262,40.738729],[-73.959273,40.738724],[-73.959394,40.738677],[-73.959532,40.738618],[-73.959636,40.738576],[-73.959724,40.738536],[-73.959783,40.738512],[-73.959837,40.738494],[-73.959854,40.73849],[-73.959873,40.738487],[-73.959932,40.738485],[-73.959953,40.738485],[-73.960005,40.738491],[-73.960018,40.738492],[-73.960029,40.738492],[-73.960042,40.738491],[-73.960055,40.738488],[-73.960068,40.738484],[-73.96008,40.738478],[-73.960093,40.73847],[-73.960106,40.738461],[-73.960117,40.738451],[-73.960128,40.73844],[-73.960131,40.738436],[-73.960133,40.738431],[-73.960135,40.738425],[-73.960137,40.738419],[-73.960138,40.73838],[-73.960141,40.738367],[-73.960143,40.738361],[-73.960145,40.738356],[-73.960149,40.738351],[-73.960154,40.738347],[-73.96016,40.738343],[-73.960169,40.738339],[-73.9602,40.738327],[-73.960211,40.738322],[-73.96022,40.738317],[-73.960224,40.738314],[-73.960227,40.738311],[-73.96027,40.73826],[-73.960285,40.738244],[-73.960726,40.73808],[-73.961709,40.738219],[-73.961954,40.738241],[-73.9621,40.73826],[-73.962134,40.738266],[-73.962164,40.738272],[-73.962165,40.738273],[-73.962166,40.738273],[-73.962166,40.738273],[-73.962166,40.738273],[-73.962167,40.738274],[-73.962167,40.738274],[-73.962167,40.738274],[-73.962168,40.738275],[-73.962168,40.738276],[-73.962168,40.738277],[-73.962168,40.738279],[-73.962167,40.738281],[-73.962165,40.73829],[-73.962159,40.738317],[-73.962137,40.738388],[-73.962133,40.738409],[-73.962132,40.738429],[-73.962133,40.738432],[-73.962133,40.738434],[-73.962134,40.738436],[-73.962136,40.738439],[-73.962139,40.738443],[-73.962145,40.738448],[-73.962151,40.738452],[-73.962159,40.738456],[-73.962189,40.73847],[-73.962269,40.738509],[-73.962354,40.738547],[-73.962399,40.738564],[-73.962425,40.738576],[-73.96245,40.73859],[-73.962473,40.738605],[-73.962495,40.738621],[-73.962514,40.738637],[-73.962532,40.738654],[-73.962548,40.738672],[-73.962561,40.73869],[-73.96259,40.738736],[-73.962606,40.738762],[-73.962621,40.739005],[-73.962433,40.739661],[-73.962209,40.740006],[-73.961592,40.740004],[-73.961524,40.74016],[-73.961465,40.740301],[-73.96145,40.740338],[-73.961642,40.740356],[-73.96163,40.740459],[-73.961293,40.740433],[-73.961266,40.740537],[-73.961518,40.740607],[-73.961727,40.74067],[-73.96185,40.740724],[-73.961909,40.740868],[-73.961888,40.740982],[-73.961804,40.741098],[-73.961726,40.741115],[-73.961647,40.741127],[-73.961567,40.741134],[-73.961486,40.741137],[-73.961405,40.741135],[-73.961392,40.741145],[-73.96138,40.741157],[-73.961371,40.74117],[-73.961365,40.741184],[-73.961363,40.741199],[-73.961363,40.741213],[-73.961367,40.741228],[-73.961368,40.74123],[-73.961373,40.741236],[-73.961378,40.741242],[-73.961381,40.741249],[-73.961383,40.741256],[-73.961383,40.741263],[-73.961381,40.74127],[-73.961378,40.741277],[-73.961374,40.741283],[-73.961368,40.741289],[-73.961361,40.741294],[-73.961353,40.741298],[-73.961345,40.7413],[-73.961336,40.741302],[-73.961322,40.741312],[-73.961306,40.74132],[-73.961288,40.741326],[-73.96127,40.74133],[-73.961251,40.741331],[-73.961232,40.741331],[-73.961213,40.741328],[-73.961207,40.741327],[-73.961191,40.741326],[-73.961175,40.741327],[-73.96116,40.74133],[-73.961145,40.741334],[-73.961132,40.74134],[-73.961119,40.741348],[-73.961105,40.741385],[-73.961097,40.741423],[-73.961096,40.741461],[-73.961102,40.741499],[-73.961115,40.741536],[-73.961117,40.741542],[-73.961117,40.741546],[-73.961128,40.741609],[-73.961131,40.741672],[-73.961127,40.741735],[-73.961115,40.741798],[-73.961272,40.741833],[-73.961292,40.741796],[-73.961363,40.741811],[-73.961365,40.741823],[-73.961365,40.741835],[-73.961362,40.741847],[-73.961356,40.741858],[-73.961349,40.741869],[-73.961339,40.741878],[-73.961108,40.741828],[-73.961173,40.741886],[-73.961553,40.741993],[-73.96119,40.742645],[-73.961114,40.742749],[-73.961095,40.742782],[-73.960972,40.742754],[-73.960934,40.74283],[-73.960646,40.743393],[-73.96061,40.743431],[-73.960568,40.743466],[-73.96052,40.743496],[-73.960466,40.74352],[-73.960409,40.743539],[-73.960349,40.743552],[-73.960288,40.743558],[-73.960225,40.743558],[-73.960164,40.743551],[-73.959785,40.743498],[-73.95972,40.743693],[-73.959805,40.743707],[-73.959744,40.743873],[-73.959751,40.743902],[-73.96051,40.744047],[-73.960521,40.74402],[-73.960569,40.74403],[-73.960672,40.744051],[-73.960649,40.74413],[-73.960517,40.744105],[-73.96012,40.74403],[-73.960106,40.744059],[-73.959923,40.744027],[-73.959933,40.743995],[-73.959632,40.743935],[-73.959554,40.744015],[-73.959362,40.744214],[-73.959404,40.744226],[-73.959391,40.744283],[-73.95946,40.744293],[-73.959469,40.744268],[-73.959713,40.744315],[-73.959729,40.744272],[-73.960155,40.744369],[-73.960126,40.744444],[-73.960011,40.744423],[-73.960026,40.744374],[-73.959802,40.744329],[-73.959791,40.744356],[-73.959543,40.744309],[-73.959524,40.744355],[-73.959369,40.744325],[-73.9593,40.744324],[-73.959234,40.74431],[-73.959216,40.744326],[-73.959161,40.744368],[-73.9591,40.744404],[-73.959034,40.744435],[-73.958976,40.744452],[-73.958916,40.744463],[-73.958854,40.74447],[-73.958818,40.744509],[-73.958775,40.744556],[-73.959187,40.744621],[-73.959222,40.744554],[-73.959411,40.744591],[-73.959418,40.744593],[-73.959425,40.744595],[-73.959431,40.744598],[-73.959437,40.744601],[-73.959442,40.744604],[-73.959447,40.744608],[-73.959452,40.744613],[-73.959455,40.744617],[-73.959459,40.744622],[-73.959461,40.744627],[-73.959463,40.744632],[-73.959464,40.744638],[-73.959464,40.744643],[-73.959464,40.744649],[-73.959463,40.744655],[-73.959462,40.744661],[-73.95946,40.744667],[-73.959457,40.744672],[-73.959454,40.744678],[-73.95945,40.744683],[-73.959445,40.744688],[-73.959439,40.744692],[-73.959433,40.744697],[-73.959427,40.7447],[-73.95942,40.744703],[-73.959413,40.744706],[-73.959405,40.744708],[-73.959397,40.744709],[-73.959389,40.74471],[-73.959381,40.74471],[-73.959373,40.74471],[-73.958879,40.744624],[-73.958883,40.744613],[-73.958764,40.744593],[-73.958641,40.744948],[-73.958748,40.74497],[-73.958759,40.744954],[-73.959649,40.745144],[-73.959652,40.745217],[-73.959055,40.745108],[-73.959076,40.745092],[-73.958623,40.745008],[-73.958494,40.744988],[-73.958479,40.745038],[-73.958471,40.74506],[-73.958453,40.745119],[-73.958625,40.745149],[-73.958625,40.745168],[-73.958738,40.745195],[-73.95914,40.745292],[-73.959169,40.745293],[-73.959198,40.745297],[-73.959225,40.745305],[-73.959251,40.745316],[-73.959274,40.745329],[-73.959294,40.745345],[-73.959311,40.745363],[-73.95933,40.745397],[-73.959341,40.745434],[-73.959343,40.745471],[-73.959338,40.745508],[-73.959324,40.745543],[-73.959303,40.745577],[-73.959274,40.745607],[-73.959243,40.745645],[-73.959206,40.74568],[-73.959162,40.745709],[-73.959113,40.745734],[-73.959059,40.745753],[-73.958947,40.745771],[-73.958783,40.745733],[-73.958569,40.745689],[-73.958476,40.745689],[-73.958399,40.745719],[-73.95838,40.745755],[-73.95837,40.745792],[-73.958367,40.745829],[-73.958371,40.745867],[-73.958383,40.745904],[-73.958379,40.745953],[-73.958994,40.746065],[-73.958647,40.746545],[-73.958671,40.746643],[-73.958547,40.746781],[-73.958449,40.746878],[-73.958405,40.746898],[-73.958387,40.746939],[-73.958348,40.746977],[-73.958336,40.747024],[-73.958317,40.747072],[-73.956795,40.74884],[-73.954854,40.748041],[-73.954733,40.748019],[-73.954677,40.748133],[-73.954709,40.74815],[-73.954652,40.748233],[-73.95432,40.748104],[-73.95439,40.748019],[-73.954645,40.748128],[-73.954706,40.748014],[-73.953184,40.747735],[-73.953054,40.748087],[-73.954784,40.748428],[-73.956322,40.749082],[-73.95638,40.749034],[-73.956486,40.749112],[-73.956256,40.749335],[-73.956135,40.749265],[-73.95576,40.749597],[-73.956174,40.749665],[-73.956199,40.749671],[-73.956201,40.749686],[-73.956119,40.749758],[-73.956087,40.749766],[-73.956062,40.749761],[-73.955595,40.749684],[-73.955464,40.749674],[-73.955349,40.750014],[-73.955215,40.749992],[-73.955228,40.749943],[-73.955132,40.749926],[-73.955203,40.749677],[-73.955067,40.749633],[-73.954516,40.750587],[-73.95465,40.750831],[-73.954317,40.751258],[-73.95394,40.751746],[-73.953994,40.751786],[-73.953802,40.751958],[-73.953679,40.752047],[-73.953641,40.752037],[-73.952972,40.752747],[-73.953009,40.752775],[-73.952849,40.75294],[-73.952657,40.753107],[-73.952173,40.753703],[-73.952081,40.753757],[-73.951779,40.754087],[-73.951625,40.754249],[-73.951367,40.754524],[-73.951018,40.755087],[-73.950877,40.755167],[-73.950839,40.755218],[-73.950808,40.755264],[-73.949113,40.754524],[-73.948274,40.754154],[-73.947451,40.753797],[-73.946558,40.75341],[-73.946358,40.753323],[-73.945975,40.753156],[-73.945718,40.753044],[-73.945529,40.752957],[-73.945047,40.752736],[-73.944817,40.752632],[-73.944584,40.752535],[-73.944053,40.752313],[-73.943454,40.752054]]]]}},{"type":"Feature","id":148,"properties":{"pu_location_id":148,"zone_name":"Lower East Side","borough":"Manhattan"},"geometry":{"type":"MultiPolygon","coordinates":[[[[-73.984477,40.720234],[-73.985073,40.719083],[-73.985911,40.719339],[-73.986751,40.719593],[-73.98736,40.71837],[-73.987394,40.718304],[-73.987434,40.718213],[-73.987512,40.718072],[-73.987879,40.717409],[-73.987916,40.717336],[-73.987952,40.717266],[-73.988366,40.716446],[-73.989155,40.716709],[-73.989754,40.715552],[-73.990202,40.714664],[-73.990222,40.714579],[-73.990228,40.714492],[-73.99022,40.714405],[-73.990755,40.714554],[-73.991226,40.714487],[-73.992135,40.71442],[-73.992562,40.714388],[-73.992822,40.714365],[-73.993016,40.714356],[-73.99395,40.714291],[-73.99414,40.714269],[-73.994319,40.714251],[-73.994348,40.714248],[-73.9945,40.714231],[-73.994657,40.714219],[-73.994725,40.714216],[-73.99484,40.714209],[-73.996478,40.714107],[-73.997444,40.714067],[-73.997504,40.714069],[-73.997092,40.714618],[-73.996806,40.715037],[-73.996531,40.715491],[-73.996225,40.715996],[-73.996149,40.716085],[-73.996059,40.716232],[-73.995809,40.716645],[-73.995429,40.717279],[-73.994808,40.718457],[-73.994421,40.719391],[-73.994377,40.719519],[-73.994035,40.720323],[-73.993795,40.720936],[-73.993523,40.721632],[-73.993259,40.722353],[-73.993089,40.722819],[-73.992633,40.724057],[-73.992603,40.724136],[-73.992504,40.724106],[-73.991355,40.723755],[-73.991273,40.72373],[-73.991024,40.723649],[-73.990274,40.723426],[-73.989392,40.723174],[-73.988757,40.72297],[-73.988639,40.722934],[-73.988544,40.722904],[-73.987865,40.722697],[-73.987136,40.72247],[-73.986286,40.722242],[-73.985517,40.721985],[-73.984678,40.721731],[-73.983824,40.721473],[-73.983864,40.721396],[-73.984477,40.720234]]]]}},{"type":"Feature","id":161,"properties":{"pu_location_id":161,"zone_name":"Midtown Center","borough":"Manhattan"},"geometry":{"type":"MultiPolygon","coordinates":[[[[-73.975344,40.7553],[-73.975807,40.754677],[-73.975899,40.754714],[-73.976516,40.754974],[-73.976974,40.754349],[-73.977433,40.753717],[-73.977875,40.753098],[-73.97837,40.752416],[-73.979287,40.7528],[-73.980887,40.753481],[-73.984118,40.754842],[-73.983624,40.755516],[-73.983168,40.75614],[-73.982712,40.756771],[-73.982255,40.757387],[-73.981794,40.758021],[-73.981341,40.758645],[-73.980886,40.759271],[-73.980426,40.759899],[-73.979972,40.760525],[-73.979513,40.761149],[-73.979057,40.761771],[-73.978602,40.762396],[-73.978139,40.763024],[-73.977686,40.763644],[-73.974457,40.762293],[-73.972853,40.761614],[-73.971338,40.760977],[-73.971243,40.760936],[-73.971696,40.760313],[-73.972156,40.759681],[-73.972613,40.759059],[-73.973069,40.758431],[-73.973524,40.757808],[-73.973982,40.75718],[-73.974439,40.756556],[-73.974887,40.755924],[-73.975344,40.7553]]]]}},{"type":"Feature","id":162,"properties":{"pu_location_id":162,"zone_name":"Midtown East","borough":"Manhattan"},"geometry":{"type":"MultiPolygon","coordinates":[[[[-73.971217,40.755193],[-73.971677,40.75457],[-73.972136,40.753943],[-73.972589,40.753318],[-73.973045,40.752692],[-73.973503,40.752065],[-73.973959,40.751441],[-73.974449,40.750766],[-73.976048,40.751441],[-73.976852,40.751776],[-73.977108,40.751883],[-73.977543,40.752064],[-73.977677,40.752119],[-73.977792,40.752168],[-73.97837,40.752416],[-73.977875,40.753098],[-73.977433,40.753717],[-73.976974,40.754349],[-73.976516,40.754974],[-73.975899,40.754714],[-73.975807,40.754677],[-73.975344,40.7553],[-73.974887,40.755924],[-73.974439,40.756556],[-73.973982,40.75718],[-73.973524,40.757808],[-73.973069,40.758431],[-73.972613,40.759059],[-73.972156,40.759681],[-73.971696,40.760313],[-73.971243,40.760936],[-73.970751,40.761609],[-73.970258,40.762289],[-73.9698,40.762914],[-73.969688,40.762866],[-73.968187,40.762227],[-73.966583,40.761551],[-73.966571,40.761482],[-73.966995,40.760905],[-73.967462,40.760223],[-73.967922,40.759593],[-73.968024,40.759578],[-73.96848,40.75895],[-73.968935,40.75833],[-73.969394,40.7577],[-73.969849,40.757076],[-73.970314,40.756453],[-73.970759,40.755825],[-73.971217,40.755193]]]]}},{"type":"Feature","id":163,"properties":{"pu_location_id":163,"zone_name":"Midtown North","borough":"Manhattan"},"geometry":{"type":"MultiPolygon","coordinates":[[[[-73.981362,40.767837],[-73.979077,40.766876],[-73.978361,40.766574],[-73.976234,40.765675],[-73.974192,40.764807],[-73.973636,40.76457],[-73.973015,40.764279],[-73.971411,40.763587],[-73.969905,40.762958],[-73.9698,40.762914],[-73.970258,40.762289],[-73.970751,40.761609],[-73.971243,40.760936],[-73.971338,40.760977],[-73.972853,40.761614],[-73.974457,40.762293],[-73.977686,40.763644],[-73.978139,40.763024],[-73.978602,40.762396],[-73.981434,40.763594],[-73.98247,40.764033],[-73.984282,40.764792],[-73.983822,40.765418],[-73.983367,40.766045],[-73.982877,40.766716],[-73.982365,40.767392],[-73.982152,40.767682],[-73.982059,40.767643],[-73.982059,40.767643],[-73.982059,40.767642],[-73.981954,40.767618],[-73.981954,40.767618],[-73.981954,40.767618],[-73.981844,40.76761],[-73.981844,40.76761],[-73.981844,40.76761],[-73.981735,40.767619],[-73.981735,40.767619],[-73.981735,40.767619],[-73.981634,40.767645],[-73.981553,40.76768],[-73.981479,40.767725],[-73.981415,40.767778],[-73.981362,40.767837]]]]}},{"type":"Feature","id":164,"properties":{"pu_location_id":164,"zone_name":"Midtown South","borough":"Manhattan"},"geometry":{"type":"MultiPolygon","coordinates":[[[[-73.983625,40.743943],[-73.984075,40.743325],[-73.984137,40.74335],[-73.985696,40.744008],[-73.987298,40.744681],[-73.988729,40.745286],[-73.990518,40.746039],[-73.990067,40.746659],[-73.989617,40.747276],[-73.989167,40.747895],[-73.988714,40.748513],[-73.988238,40.74913],[-73.987974,40.749491],[-73.987769,40.749787],[-73.987294,40.750452],[-73.98685,40.751082],[-73.986399,40.7517],[-73.985947,40.752317],[-73.985488,40.752935],[-73.985044,40.753554],[-73.984596,40.754177],[-73.984118,40.754842],[-73.980887,40.753481],[-73.981371,40.752814],[-73.981822,40.752197],[-73.982275,40.751577],[-73.982724,40.750959],[-73.983174,40.750342],[-73.983621,40.749724],[-73.984076,40.749102],[-73.982472,40.748432],[-73.980942,40.74779],[-73.980851,40.74775],[-73.981341,40.747079],[-73.981775,40.746497],[-73.981834,40.746417],[-73.982279,40.745798],[-73.98233,40.745726],[-73.982727,40.74518],[-73.983174,40.74456],[-73.983625,40.743943]]]]}},{"type":"Feature","id":168,"properties":{"pu_location_id":168,"zone_name":"Mott Haven/Port Morris","borough":"Bronx"},"geometry":{"type":"MultiPolygon","coordinates":[[[[-73.92481,40.815659],[-73.924,40.815439],[-73.923955,40.815501],[-73.923908,40.815566],[-73.923768,40.81576],[-73.923727,40.815817],[-73.923093,40.816698],[-73.921245,40.816219],[-73.921584,40.815551],[-73.921304,40.815477],[-73.920481,40.814564],[-73.920349,40.814629],[-73.919467,40.815074],[-73.918617,40.815523],[-73.917686,40.816081],[-73.916771,40.815699],[-73.914955,40.814936],[-73.912955,40.814269],[-73.911812,40.813883],[-73.910948,40.813621],[-73.910433,40.813516],[-73.910387,40.813507],[-73.910337,40.813497],[-73.910296,40.813489],[-73.910133,40.813456],[-73.910018,40.813432],[-73.909524,40.813328],[-73.909497,40.813322],[-73.909075,40.813233],[-73.908159,40.813044],[-73.907245,40.812855],[-73.90633,40.812667],[-73.905414,40.812476],[-73.904466,40.812282],[-73.90418,40.812125],[-73.903417,40.811507],[-73.903243,40.810713],[-73.903075,40.809881],[-73.903076,40.809769],[-73.90303,40.809702],[-73.90302,40.809623],[-73.903009,40.80955],[-73.902998,40.809456],[-73.902988,40.809364],[-73.902939,40.809063],[-73.90288,40.808745],[-73.902223,40.804948],[-73.902234,40.804939],[-73.902239,40.804934],[-73.902238,40.804924],[-73.90223,40.804916],[-73.902212,40.804883],[-73.902205,40.804852],[-73.902192,40.804823],[-73.902194,40.804789],[-73.902227,40.804754],[-73.902256,40.8047],[-73.90232,40.804598],[-73.902317,40.804596],[-73.902303,40.804588],[-73.90229,40.804573],[-73.902292,40.804565],[-73.902445,40.804417],[-73.902523,40.804464],[-73.902756,40.804329],[-73.902928,40.804197],[-73.902878,40.804158],[-73.902713,40.804177],[-73.90271,40.804164],[-73.902895,40.804144],[-73.90306,40.804017],[-73.902973,40.803937],[-73.903003,40.803917],[-73.903086,40.803997],[-73.903213,40.8039],[-73.903256,40.803928],[-73.903339,40.803855],[-73.903317,40.803775],[-73.903339,40.803774],[-73.903356,40.803861],[-73.903399,40.803875],[-73.903552,40.803835],[-73.903566,40.803831],[-73.903636,40.80381],[-73.903683,40.803795],[-73.903733,40.803773],[-73.903742,40.803768],[-73.903665,40.803702],[-73.90369,40.803688],[-73.903766,40.803753],[-73.903772,40.80375],[-73.903799,40.803723],[-73.903822,40.803699],[-73.90386,40.80367],[-73.903893,40.803652],[-73.903927,40.803634],[-73.903851,40.803574],[-73.903872,40.803559],[-73.903948,40.803621],[-73.903967,40.803608],[-73.904002,40.803579],[-73.904071,40.803521],[-73.904017,40.803471],[-73.904098,40.803417],[-73.904149,40.803456],[-73.904379,40.803275],[-73.904459,40.803211],[-73.904481,40.803192],[-73.9045,40.803183],[-73.90453,40.80317],[-73.90455,40.80315],[-73.904576,40.803124],[-73.904625,40.803069],[-73.904672,40.803015],[-73.904769,40.802913],[-73.904799,40.802886],[-73.904852,40.802835],[-73.904954,40.802725],[-73.905001,40.802668],[-73.90503,40.802635],[-73.905045,40.8026],[-73.905058,40.802571],[-73.905067,40.802541],[-73.905085,40.802505],[-73.905114,40.802465],[-73.905158,40.80243],[-73.905187,40.802405],[-73.905245,40.80234],[-73.905312,40.802275],[-73.905391,40.802186],[-73.905438,40.80214],[-73.905464,40.802115],[-73.905491,40.80209],[-73.905506,40.802061],[-73.905522,40.80202],[-73.905761,40.8018],[-73.906014,40.801553],[-73.906063,40.801583],[-73.906204,40.801493],[-73.90652,40.801176],[-73.90639,40.801091],[-73.906452,40.801037],[-73.906586,40.801107],[-73.906729,40.80097],[-73.906814,40.800891],[-73.90675,40.800851],[-73.906701,40.80082],[-73.906769,40.800747],[-73.906769,40.800745],[-73.907179,40.800323],[-73.907263,40.800237],[-73.907343,40.800157],[-73.907394,40.800104],[-73.907434,40.800055],[-73.907453,40.800028],[-73.90747,40.800003],[-73.907498,40.799981],[-73.907527,40.799963],[-73.90754,40.799955],[-73.90757,40.799947],[-73.907609,40.799945],[-73.907631,40.799932],[-73.907641,40.799916],[-73.907643,40.799896],[-73.907758,40.799799],[-73.9079,40.799661],[-73.907937,40.799628],[-73.907958,40.799622],[-73.907991,40.799632],[-73.90802,40.799636],[-73.908074,40.799573],[-73.908028,40.799561],[-73.907951,40.799545],[-73.907871,40.799523],[-73.907793,40.799493],[-73.907735,40.799466],[-73.907659,40.79942],[-73.907682,40.799388],[-73.90779,40.799442],[-73.90785,40.79947],[-73.907933,40.799496],[-73.907995,40.799514],[-73.908051,40.799527],[-73.908102,40.79954],[-73.908168,40.799462],[-73.908132,40.799431],[-73.907961,40.799283],[-73.908026,40.799238],[-73.908168,40.799322],[-73.908252,40.799372],[-73.908321,40.799405],[-73.908422,40.799442],[-73.908476,40.799383],[-73.90855,40.799307],[-73.908488,40.799265],[-73.908378,40.799198],[-73.90829,40.799133],[-73.908256,40.799093],[-73.908255,40.799091],[-73.908243,40.799057],[-73.908241,40.799025],[-73.908303,40.798959],[-73.909157,40.798309],[-73.909639,40.797942],[-73.909673,40.797961],[-73.909675,40.797962],[-73.909741,40.797912],[-73.909794,40.797868],[-73.909846,40.797901],[-73.909911,40.797859],[-73.909946,40.797834],[-73.909966,40.797805],[-73.910044,40.79768],[-73.910134,40.797589],[-73.910325,40.797429],[-73.910468,40.797331],[-73.910607,40.797257],[-73.910714,40.797196],[-73.910792,40.797098],[-73.910892,40.797018],[-73.910905,40.797012],[-73.910957,40.796989],[-73.910986,40.79697],[-73.911051,40.796921],[-73.911098,40.796888],[-73.911268,40.796815],[-73.911416,40.796746],[-73.911494,40.7967],[-73.911623,40.796641],[-73.911688,40.796624],[-73.911747,40.796626],[-73.911789,40.796634],[-73.911821,40.796634],[-73.911886,40.796634],[-73.91196,40.796649],[-73.912034,40.796651],[-73.912086,40.796656],[-73.912147,40.796678],[-73.912154,40.796681],[-73.912238,40.79671],[-73.912345,40.796718],[-73.912668,40.796735],[-73.913008,40.796762],[-73.913176,40.796772],[-73.913448,40.796782],[-73.913723,40.796789],[-73.915128,40.797363],[-73.916169,40.797831],[-73.918804,40.79888],[-73.918891,40.798916],[-73.918956,40.798947],[-73.91905,40.798994],[-73.919124,40.799032],[-73.920241,40.799614],[-73.920441,40.799804],[-73.920781,40.800275],[-73.920956,40.800599],[-73.921327,40.801285],[-73.921688,40.801586],[-73.922038,40.801877],[-73.922596,40.802188],[-73.922927,40.802373],[-73.923587,40.802516],[-73.924227,40.802545],[-73.926658,40.80241],[-73.927004,40.802512],[-73.927628,40.802696],[-73.927508,40.802933],[-73.927312,40.803212],[-73.927437,40.803277],[-73.927283,40.803508],[-73.927645,40.803989],[-73.927681,40.804024],[-73.928229,40.80397],[-73.928367,40.804033],[-73.928416,40.804101],[-73.928483,40.804193],[-73.928726,40.804104],[-73.930055,40.805902],[-73.93032,40.80619],[-73.930536,40.80647],[-73.930518,40.806591],[-73.931163,40.807128],[-73.931765,40.80777],[-73.931811,40.807818],[-73.931846,40.807856],[-73.931875,40.807889],[-73.931915,40.807935],[-73.93227,40.80834],[-73.932527,40.808823],[-73.932643,40.809383],[-73.932621,40.809771],[-73.932594,40.810053],[-73.932832,40.810116],[-73.932864,40.810124],[-73.932874,40.810414],[-73.932787,40.810494],[-73.932691,40.810583],[-73.932679,40.810799],[-73.932565,40.810886],[-73.932612,40.811394],[-73.932622,40.811531],[-73.932632,40.811905],[-73.932477,40.813424],[-73.932431,40.814017],[-73.932428,40.814061],[-73.932426,40.814118],[-73.932368,40.814112],[-73.93223,40.814094],[-73.931393,40.813745],[-73.931307,40.813699],[-73.931236,40.813667],[-73.931159,40.813635],[-73.931045,40.813588],[-73.93057,40.813373],[-73.930396,40.813304],[-73.930278,40.813248],[-73.929213,40.814382],[-73.929192,40.814496],[-73.928966,40.814828],[-73.928856,40.81488],[-73.928217,40.816536],[-73.927756,40.817572],[-73.927317,40.81856],[-73.927247,40.818543],[-73.926359,40.818321],[-73.925821,40.81818],[-73.925385,40.818065],[-73.925185,40.818013],[-73.92622,40.816759],[-73.926627,40.816119],[-73.925689,40.815875],[-73.925501,40.815833],[-73.925055,40.815722],[-73.92481,40.815659]]],[[[-73.89833,40.802413],[-73.896467,40.80079],[-73.897985,40.799604],[-73.89864,40.799101],[-73.899025,40.799172],[-73.90021,40.799264],[-73.899787,40.79951],[-73.899716,40.800799],[-73.900037,40.800909],[-73.899489,40.800901],[-73.899387,40.801936],[-73.89833,40.802413]]],[[[-73.896809,40.795808],[-73.896939,40.795636],[-73.897236,40.79572],[-73.897968,40.795645],[-73.898573,40.796069],[-73.898953,40.796228],[-73.899194,40.796502],[-73.898521,40.796936],[-73.897883,40.797117],[-73.897131,40.796798],[-73.896785,40.796329],[-73.896809,40.795808]]]]}},{"type":"Feature","id":170,"properties":{"pu_location_id":170,"zone_name":"Murray Hill","borough":"Manhattan"},"geometry":{"type":"MultiPolygon","coordinates":[[[[-73.972033,40.745805],[-73.97213,40.745681],[-73.972576,40.745068],[-73.973027,40.74445],[-73.973508,40.743782],[-73.975224,40.744505],[-73.975881,40.744779],[-73.97736,40.745404],[-73.978124,40.745727],[-73.978607,40.745058],[-73.979058,40.744444],[-73.979508,40.743825],[-73.979959,40.743205],[-73.98041,40.742587],[-73.98086,40.74197],[-73.982455,40.742647],[-73.984009,40.743299],[-73.984075,40.743325],[-73.983625,40.743943],[-73.983174,40.74456],[-73.982727,40.74518],[-73.98233,40.745726],[-73.982279,40.745798],[-73.981834,40.746417],[-73.981775,40.746497],[-73.981341,40.747079],[-73.980851,40.74775],[-73.980942,40.74779],[-73.982472,40.748432],[-73.984076,40.749102],[-73.983621,40.749724],[-73.983174,40.750342],[-73.982724,40.750959],[-73.982275,40.751577],[-73.981822,40.752197],[-73.981371,40.752814],[-73.980887,40.753481],[-73.979287,40.7528],[-73.97837,40.752416],[-73.977792,40.752168],[-73.977677,40.752119],[-73.977543,40.752064],[-73.977108,40.751883],[-73.976852,40.751776],[-73.976048,40.751441],[-73.974449,40.750766],[-73.974935,40.7501],[-73.975383,40.749483],[-73.975835,40.748863],[-73.97497,40.748502],[-73.973592,40.747919],[-73.972738,40.747558],[-73.97122,40.746922],[-73.971657,40.746304],[-73.971748,40.746186],[-73.971944,40.745932],[-73.972033,40.745805]]]]}},{"type":"Feature","id":181,"properties":{"pu_location_id":181,"zone_name":"Park Slope","borough":"Brooklyn"},"geometry":{"type":"MultiPolygon","coordinates":[[[[-73.975831,40.665815],[-73.976334,40.665214],[-73.976845,40.664606],[-73.977343,40.664012],[-73.977843,40.663402],[-73.978349,40.662799],[-73.978855,40.662202],[-73.979351,40.661595],[-73.979654,40.661243],[-73.979706,40.661261],[-73.979762,40.661272],[-73.979819,40.661278],[-73.979877,40.661277],[-73.979934,40.661271],[-73.979989,40.661258],[-73.980041,40.66124],[-73.98009,40.661216],[-73.980134,40.661188],[-73.980172,40.661155],[-73.98223,40.662141],[-73.982733,40.661539],[-73.983237,40.660936],[-73.983918,40.660137],[-73.98448,40.659598],[-73.985087,40.659013],[-73.986482,40.65991],[-73.986604,40.660012],[-73.986713,40.660123],[-73.986807,40.660242],[-73.986885,40.660366],[-73.987132,40.660374],[-73.987251,40.660379],[-73.987296,40.660442],[-73.988044,40.661475],[-73.988717,40.662405],[-73.988768,40.662356],[-73.988882,40.662247],[-73.98947,40.661699],[-73.990052,40.661139],[-73.990635,40.660579],[-73.991568,40.661142],[-73.992838,40.661908],[-73.995021,40.663209],[-73.995109,40.663262],[-73.995211,40.663321],[-73.996927,40.664375],[-73.996372,40.664962],[-73.996053,40.665285],[-73.995932,40.665407],[-73.995834,40.665507],[-73.99581,40.665531],[-73.995959,40.665705],[-73.995874,40.665732],[-73.99576,40.665784],[-73.995308,40.666158],[-73.995125,40.666381],[-73.995029,40.666515],[-73.994986,40.666626],[-73.994968,40.666664],[-73.994949,40.666702],[-73.994904,40.666785],[-73.992848,40.665554],[-73.992771,40.665507],[-73.992235,40.666138],[-73.991734,40.666737],[-73.991234,40.667336],[-73.990726,40.667946],[-73.990223,40.668548],[-73.989722,40.669148],[-73.989217,40.669753],[-73.989071,40.669929],[-73.98907,40.669929],[-73.988713,40.670357],[-73.988212,40.670961],[-73.987716,40.671555],[-73.987445,40.67188],[-73.987211,40.672161],[-73.986709,40.672767],[-73.986225,40.673346],[-73.9857,40.673975],[-73.985203,40.674574],[-73.984699,40.675176],[-73.984203,40.675771],[-73.9839,40.676149],[-73.983474,40.676779],[-73.983048,40.677407],[-73.982617,40.678042],[-73.982189,40.678676],[-73.981756,40.679315],[-73.981324,40.679952],[-73.980889,40.680593],[-73.980462,40.681223],[-73.980035,40.681853],[-73.979616,40.682494],[-73.979184,40.683129],[-73.97876,40.683765],[-73.97843,40.684356],[-73.978389,40.684423],[-73.978043,40.684857],[-73.977457,40.684052],[-73.977098,40.68387],[-73.976823,40.683754],[-73.976763,40.683732],[-73.976539,40.683649],[-73.976249,40.683556],[-73.975953,40.683475],[-73.974832,40.683235],[-73.973756,40.683034],[-73.97374,40.682892],[-73.973846,40.682586],[-73.973951,40.682281],[-73.974227,40.681505],[-73.974391,40.681046],[-73.974504,40.680733],[-73.974691,40.680267],[-73.974905,40.679954],[-73.974957,40.679877],[-73.975322,40.679333],[-73.975749,40.6787],[-73.976181,40.678064],[-73.973687,40.677078],[-73.971886,40.676395],[-73.969497,40.675906],[-73.969693,40.675361],[-73.969546,40.675277],[-73.969546,40.675277],[-73.969408,40.675182],[-73.969408,40.675182],[-73.969283,40.675076],[-73.969172,40.674961],[-73.969172,40.674961],[-73.969172,40.674961],[-73.969077,40.67484],[-73.969077,40.67484],[-73.969077,40.67484],[-73.968999,40.674713],[-73.968912,40.674563],[-73.968839,40.674408],[-73.968782,40.674249],[-73.968742,40.674087],[-73.968718,40.673924],[-73.968712,40.673805],[-73.968713,40.673686],[-73.968723,40.673567],[-73.968742,40.673448],[-73.968768,40.67333],[-73.968803,40.673214],[-73.968846,40.673099],[-73.968896,40.672986],[-73.968923,40.672938],[-73.969273,40.672797],[-73.969664,40.672642],[-73.970002,40.672631],[-73.970413,40.672594],[-73.970854,40.671864],[-73.971325,40.671248],[-73.971816,40.670629],[-73.972317,40.670029],[-73.97282,40.669427],[-73.973323,40.668825],[-73.973825,40.668223],[-73.974331,40.667621],[-73.974833,40.667022],[-73.975337,40.666419],[-73.975831,40.665815]]]]}},{"type":"Feature","id":188,"properties":{"pu_location_id":188,"zone_name":"Prospect-Lefferts Gardens","borough":"Brooklyn"},"geometry":{"type":"MultiPolygon","coordinates":[[[[-73.957292,40.664303],[-73.957209,40.663517],[-73.953849,40.663728],[-73.950974,40.663905],[-73.949406,40.664005],[-73.948166,40.664082],[-73.945463,40.664226],[-73.944892,40.664174],[-73.944082,40.664129],[-73.942696,40.664055],[-73.942829,40.662847],[-73.94003,40.663021],[-73.937264,40.663192],[-73.934552,40.663362],[-73.934375,40.663373],[-73.931607,40.663557],[-73.930685,40.66362],[-73.928541,40.661681],[-73.928282,40.661447],[-73.926464,40.659814],[-73.927255,40.659338],[-73.928193,40.660177],[-73.92834,40.66006],[-73.928172,40.658477],[-73.927995,40.656802],[-73.928964,40.656743],[-73.929898,40.656684],[-73.930904,40.65661],[-73.931907,40.656538],[-73.932847,40.656478],[-73.93381,40.656423],[-73.934784,40.65636],[-73.935718,40.656303],[-73.936179,40.656274],[-73.936685,40.656242],[-73.937121,40.656216],[-73.937659,40.656184],[-73.938593,40.656122],[-73.939559,40.656063],[-73.940532,40.656002],[-73.941463,40.655944],[-73.942401,40.655885],[-73.943355,40.655828],[-73.944461,40.65576],[-73.944873,40.655735],[-73.945079,40.655722],[-73.947159,40.655594],[-73.950067,40.655423],[-73.94993,40.65415],[-73.949769,40.652642],[-73.949669,40.651698],[-73.949571,40.650808],[-73.951378,40.650716],[-73.952469,40.650669],[-73.952951,40.650656],[-73.954801,40.650569],[-73.955825,40.65053],[-73.958708,40.650387],[-73.958925,40.651212],[-73.95915,40.652145],[-73.959329,40.652928],[-73.959452,40.653575],[-73.959697,40.654839],[-73.959861,40.655635],[-73.960698,40.655341],[-73.961565,40.655004],[-73.9619,40.654871],[-73.962445,40.658315],[-73.962811,40.660487],[-73.963077,40.66213],[-73.963062,40.662253],[-73.963062,40.662253],[-73.963062,40.662254],[-73.963027,40.662376],[-73.963027,40.662376],[-73.963027,40.662376],[-73.962971,40.662494],[-73.962897,40.662606],[-73.962897,40.662606],[-73.962897,40.662606],[-73.962806,40.662708],[-73.962429,40.663125],[-73.961939,40.663224],[-73.960956,40.663285],[-73.960615,40.663303],[-73.960337,40.664109],[-73.959344,40.664176],[-73.957871,40.664273],[-73.957292,40.664303]]]]}},{"type":"Feature","id":216,"properties":{"pu_location_id":216,"zone_name":"South Ozone Park","borough":"Queens"},"geometry":{"type":"MultiPolygon","coordinates":[[[[-73.808577,40.688331],[-73.808073,40.687453],[-73.807875,40.687098],[-73.807336,40.686125],[-73.807091,40.68563],[-73.806606,40.684681],[-73.806062,40.683554],[-73.805768,40.682932],[-73.805518,40.682408],[-73.805227,40.681798],[-73.80493,40.681177],[-73.804645,40.68058],[-73.804283,40.679817],[-73.804102,40.679425],[-73.80323,40.677681],[-73.803075,40.677346],[-73.802678,40.676498],[-73.802389,40.675888],[-73.802025,40.675114],[-73.801682,40.674384],[-73.801428,40.673667],[-73.801402,40.673561],[-73.801302,40.673122],[-73.801195,40.672422],[-73.801172,40.672205],[-73.801159,40.671894],[-73.801155,40.671799],[-73.801142,40.671488],[-73.801137,40.671359],[-73.801134,40.671294],[-73.801132,40.670549],[-73.80116,40.6698],[-73.801179,40.6691],[-73.801206,40.668944],[-73.801251,40.668386],[-73.801343,40.667774],[-73.801413,40.667358],[-73.801531,40.666837],[-73.801556,40.666753],[-73.801668,40.666373],[-73.801683,40.666322],[-73.801703,40.666264],[-73.801836,40.665881],[-73.802032,40.665248],[-73.802149,40.66525],[-73.802995,40.665217],[-73.803775,40.66516],[-73.804321,40.665121],[-73.805724,40.664961],[-73.806144,40.664913],[-73.807648,40.664618],[-73.807798,40.664589],[-73.80845,40.664461],[-73.808846,40.664298],[-73.809459,40.664044],[-73.810068,40.663792],[-73.81061,40.663481],[-73.811166,40.663177],[-73.811767,40.662935],[-73.812287,40.662823],[-73.812816,40.662724],[-73.81335,40.66264],[-73.813888,40.66257],[-73.814428,40.662514],[-73.814969,40.662473],[-73.817918,40.662956],[-73.823062,40.663537],[-73.82427,40.663577],[-73.824861,40.663577],[-73.825035,40.66358],[-73.825712,40.663593],[-73.826295,40.663638],[-73.826874,40.663704],[-73.827133,40.663755],[-73.827898,40.663906],[-73.8291,40.664251],[-73.829389,40.664365],[-73.830032,40.664582],[-73.832058,40.665255],[-73.832486,40.665355],[-73.832705,40.665406],[-73.832919,40.665765],[-73.832956,40.665827],[-73.833003,40.665921],[-73.833348,40.666773],[-73.835275,40.6708],[-73.836008,40.67227],[-73.836414,40.673116],[-73.836809,40.673961],[-73.837138,40.674665],[-73.837496,40.675407],[-73.837844,40.676078],[-73.838119,40.67663],[-73.837943,40.676794],[-73.839521,40.679962],[-73.840129,40.681147],[-73.839529,40.681263],[-73.838651,40.681438],[-73.837797,40.681671],[-73.837789,40.681674],[-73.83772,40.6817],[-73.837138,40.681925],[-73.837115,40.681934],[-73.836975,40.681988],[-73.838078,40.684239],[-73.837177,40.684495],[-73.835951,40.684844],[-73.835111,40.685088],[-73.834265,40.685327],[-73.833422,40.685568],[-73.832577,40.685806],[-73.831723,40.686051],[-73.830886,40.686287],[-73.830039,40.686529],[-73.829182,40.686771],[-73.828356,40.687003],[-73.82753,40.687239],[-73.828511,40.689239],[-73.827684,40.689475],[-73.826855,40.68971],[-73.825993,40.689954],[-73.825011,40.687952],[-73.82398,40.688245],[-73.822932,40.688543],[-73.821893,40.688838],[-73.820853,40.689134],[-73.819939,40.689394],[-73.819061,40.689642],[-73.818187,40.689892],[-73.816926,40.69025],[-73.816075,40.690492],[-73.815228,40.690733],[-73.814384,40.690972],[-73.81354,40.691211],[-73.813099,40.691318],[-73.812718,40.691408],[-73.811863,40.69163],[-73.810988,40.691855],[-73.810726,40.691922],[-73.810633,40.691947],[-73.810244,40.691264],[-73.809956,40.690756],[-73.809723,40.690346],[-73.809548,40.690038],[-73.809131,40.689308],[-73.808924,40.688945],[-73.808744,40.688626],[-73.808577,40.688331]]]]}},{"type":"Feature","id":225,"properties":{"pu_location_id":225,"zone_name":"Stuyvesant Heights","borough":"Brooklyn"},"geometry":{"type":"MultiPolygon","coordinates":[[[[-73.917413,40.684034],[-73.917266,40.683303],[-73.917121,40.682568],[-73.916976,40.681834],[-73.91683,40.681101],[-73.916686,40.680371],[-73.91654,40.679637],[-73.916393,40.678906],[-73.916301,40.678577],[-73.917203,40.678627],[-73.917968,40.678669],[-73.919051,40.678728],[-73.921647,40.67887],[-73.921835,40.678946],[-73.921973,40.679078],[-73.922,40.679191],[-73.922015,40.679256],[-73.922032,40.679326],[-73.922055,40.67942],[-73.922088,40.679559],[-73.922111,40.679658],[-73.922132,40.679745],[-73.922152,40.679845],[-73.922177,40.67997],[-73.922216,40.680167],[-73.922237,40.68027],[-73.922256,40.680368],[-73.922278,40.680476],[-73.922313,40.680648],[-73.922338,40.680776],[-73.922355,40.680856],[-73.92237,40.68093],[-73.922383,40.680994],[-73.922402,40.68109],[-73.922427,40.681211],[-73.922493,40.681616],[-73.922508,40.68171],[-73.922545,40.681936],[-73.92267,40.682682],[-73.922814,40.683414],[-73.926095,40.683039],[-73.929009,40.682703],[-73.929161,40.683436],[-73.932087,40.6831],[-73.935008,40.682764],[-73.934863,40.682031],[-73.934714,40.681297],[-73.934571,40.680565],[-73.934508,40.680222],[-73.934395,40.679835],[-73.934351,40.679563],[-73.934872,40.679593],[-73.937398,40.67973],[-73.938436,40.679786],[-73.940328,40.67989],[-73.940476,40.680636],[-73.94062,40.68137],[-73.940769,40.682101],[-73.940913,40.682834],[-73.941058,40.683567],[-73.941204,40.6843],[-73.941348,40.685031],[-73.941495,40.685765],[-73.941639,40.686497],[-73.941785,40.687228],[-73.941932,40.687963],[-73.942077,40.688697],[-73.942222,40.689428],[-73.942369,40.69016],[-73.942516,40.690892],[-73.942662,40.691624],[-73.942808,40.692358],[-73.942951,40.693091],[-73.9431,40.693823],[-73.943114,40.693895],[-73.943128,40.693967],[-73.943242,40.694557],[-73.943388,40.695289],[-73.943525,40.696031],[-73.94354,40.696108],[-73.943556,40.696191],[-73.943621,40.696526],[-73.943638,40.696613],[-73.943684,40.696852],[-73.943725,40.69706],[-73.943743,40.697155],[-73.943785,40.69737],[-73.943804,40.697469],[-73.943918,40.698056],[-73.943949,40.698221],[-73.942997,40.69833],[-73.942921,40.698339],[-73.942537,40.698383],[-73.942475,40.69839],[-73.941851,40.698461],[-73.941767,40.698471],[-73.94115,40.698541],[-73.940814,40.698581],[-73.94072,40.698592],[-73.940594,40.698607],[-73.940513,40.698617],[-73.940111,40.698665],[-73.940021,40.698675],[-73.93961,40.698724],[-73.93952,40.698735],[-73.939064,40.698789],[-73.938965,40.698801],[-73.938569,40.698848],[-73.938177,40.69864],[-73.937774,40.698405],[-73.937391,40.698186],[-73.93676,40.697831],[-73.936388,40.697615],[-73.936007,40.697406],[-73.935223,40.696987],[-73.934797,40.696737],[-73.934689,40.696675],[-73.934607,40.696628],[-73.93458,40.696613],[-73.934488,40.69656],[-73.934134,40.696358],[-73.933828,40.696184],[-73.933119,40.695791],[-73.932366,40.695358],[-73.931929,40.695115],[-73.931774,40.695028],[-73.931458,40.694855],[-73.931145,40.694674],[-73.930511,40.694317],[-73.929702,40.693863],[-73.928829,40.69335],[-73.928828,40.69335],[-73.928643,40.693241],[-73.928507,40.693166],[-73.928043,40.692904],[-73.927811,40.692774],[-73.927507,40.692604],[-73.927071,40.692346],[-73.92645,40.692002],[-73.926316,40.691928],[-73.925561,40.691491],[-73.925365,40.691366],[-73.924392,40.690832],[-73.924292,40.690773],[-73.923644,40.690399],[-73.92317,40.690123],[-73.922807,40.689924],[-73.922071,40.68949],[-73.921306,40.689072],[-73.921214,40.689019],[-73.920961,40.688872],[-73.92055,40.688641],[-73.91981,40.688211],[-73.919061,40.687784],[-73.918783,40.687626],[-73.918293,40.687357],[-73.918046,40.687213],[-73.917996,40.686965],[-73.917915,40.686566],[-73.917892,40.686449],[-73.917849,40.686233],[-73.917835,40.686164],[-73.917784,40.685911],[-73.917765,40.685819],[-73.917701,40.6855],[-73.917656,40.685272],[-73.917648,40.685228],[-73.917637,40.685175],[-73.917626,40.685118],[-73.917558,40.684767],[-73.917413,40.684034]]]]}},{"type":"Feature","id":230,"properties":{"pu_location_id":230,"zone_name":"Times Sq/Theatre District","borough":"Manhattan"},"geometry":{"type":"MultiPolygon","coordinates":[[[[-73.983624,40.755516],[-73.984118,40.754842],[-73.986404,40.755808],[-73.986949,40.756036],[-73.988418,40.756655],[-73.989791,40.757233],[-73.989297,40.757907],[-73.988843,40.758533],[-73.98839,40.759164],[-73.987926,40.75979],[-73.987475,40.760405],[-73.987015,40.761037],[-73.986561,40.76166],[-73.986104,40.76229],[-73.985647,40.762915],[-73.985192,40.763544],[-73.984734,40.764169],[-73.984282,40.764792],[-73.98247,40.764033],[-73.981434,40.763594],[-73.978602,40.762396],[-73.979057,40.761771],[-73.979513,40.761149],[-73.979972,40.760525],[-73.980426,40.759899],[-73.980886,40.759271],[-73.981341,40.758645],[-73.981794,40.758021],[-73.982255,40.757387],[-73.982712,40.756771],[-73.983168,40.75614],[-73.983624,40.755516]]]]}},{"type":"Feature","id":231,"properties":{"pu_location_id":231,"zone_name":"TriBeCa/Civic Center","borough":"Manhattan"},"geometry":{"type":"MultiPolygon","coordinates":[[[[-74.009318,40.724702],[-74.008644,40.724221],[-74.008571,40.724169],[-74.008302,40.723978],[-74.008078,40.723827],[-74.007912,40.7237],[-74.007629,40.723498],[-74.006298,40.72255],[-74.005913,40.722253],[-74.00531,40.721824],[-74.005227,40.721744],[-74.004635,40.721354],[-74.003929,40.720854],[-74.003512,40.720556],[-74.00326,40.720377],[-74.0026,40.719903],[-74.001884,40.719398],[-74.001401,40.719053],[-74.001273,40.718961],[-74.000532,40.71843],[-73.999956,40.718017],[-74.000274,40.717619],[-74.000818,40.71693],[-74.001683,40.715744],[-74.002115,40.715159],[-74.002454,40.71479],[-74.002723,40.71439],[-74.00322,40.714036],[-74.003603,40.713645],[-74.004059,40.713135],[-74.004214,40.712981],[-74.004291,40.712908],[-74.004707,40.712574],[-74.004858,40.712453],[-74.004987,40.712375],[-74.005127,40.712307],[-74.005276,40.712249],[-74.00543,40.712204],[-74.005589,40.71217],[-74.00574,40.712089],[-74.005892,40.712007],[-74.006078,40.711962],[-74.006986,40.711737],[-74.007389,40.711642],[-74.007467,40.711567],[-74.007968,40.711447],[-74.008348,40.711359],[-74.008601,40.711392],[-74.008839,40.711504],[-74.010122,40.712085],[-74.011663,40.712798],[-74.012544,40.713179],[-74.013597,40.713623],[-74.013754,40.713691],[-74.013592,40.714494],[-74.013475,40.715111],[-74.013351,40.715233],[-74.013234,40.715656],[-74.013149,40.716029],[-74.013051,40.716455],[-74.012867,40.717176],[-74.012816,40.717356],[-74.012441,40.719058],[-74.012555,40.71907],[-74.012702,40.719092],[-74.013031,40.719131],[-74.013013,40.719215],[-74.012959,40.719474],[-74.012961,40.719484],[-74.012914,40.719708],[-74.012945,40.719713],[-74.012946,40.719697],[-74.013026,40.719709],[-74.013024,40.719726],[-74.013447,40.719782],[-74.013389,40.720043],[-74.013965,40.720116],[-74.014524,40.720187],[-74.014507,40.720266],[-74.014572,40.720274],[-74.01452,40.720516],[-74.014526,40.720517],[-74.014523,40.720532],[-74.014186,40.720488],[-74.014147,40.720482],[-74.014159,40.720432],[-74.014091,40.720423],[-74.01408,40.720473],[-74.014004,40.720469],[-74.013963,40.720464],[-74.013966,40.720414],[-74.013867,40.720408],[-74.013859,40.72045],[-74.013682,40.720426],[-74.013687,40.720391],[-74.013642,40.720383],[-74.013636,40.72042],[-74.013548,40.720407],[-74.013554,40.720369],[-74.013507,40.720363],[-74.013501,40.720402],[-74.012966,40.720329],[-74.012869,40.720834],[-74.013239,40.720888],[-74.013159,40.721253],[-74.013138,40.721251],[-74.013083,40.721529],[-74.01308,40.721546],[-74.013078,40.721546],[-74.013044,40.721545],[-74.01301,40.72156],[-74.012539,40.721503],[-74.012492,40.72178],[-74.012371,40.722388],[-74.012231,40.723056],[-74.012095,40.723707],[-74.011964,40.72433],[-74.011591,40.724298],[-74.011439,40.724284],[-74.011354,40.724277],[-74.011177,40.725169],[-74.011037,40.725725],[-74.011025,40.725794],[-74.010923,40.725794],[-74.010812,40.72579],[-74.010041,40.725206],[-74.009318,40.724702]]]]}},{"type":"Feature","id":234,"properties":{"pu_location_id":234,"zone_name":"Union Sq","borough":"Manhattan"},"geometry":{"type":"MultiPolygon","coordinates":[[[[-73.989969,40.734905],[-73.989903,40.734435],[-73.990754,40.734839],[-73.991199,40.735012],[-73.991715,40.735215],[-73.993617,40.736004],[-73.99684,40.737361],[-73.996337,40.738044],[-73.995874,40.738686],[-73.995447,40.739272],[-73.995018,40.73986],[-73.994593,40.740442],[-73.994165,40.741031],[-73.993971,40.741298],[-73.993739,40.741617],[-73.993292,40.742233],[-73.992803,40.74291],[-73.992319,40.743568],[-73.991871,40.744186],[-73.991419,40.744803],[-73.990968,40.745421],[-73.990518,40.746039],[-73.988729,40.745286],[-73.987298,40.744681],[-73.985696,40.744008],[-73.984137,40.74335],[-73.984075,40.743325],[-73.984526,40.742707],[-73.984978,40.742089],[-73.985428,40.74147],[-73.985879,40.740853],[-73.986361,40.740185],[-73.986849,40.739522],[-73.987036,40.739266],[-73.987302,40.738903],[-73.987741,40.738312],[-73.988179,40.737731],[-73.988593,40.737143],[-73.989016,40.73656],[-73.98921,40.736307],[-73.989455,40.735987],[-73.989874,40.735408],[-73.989917,40.735349],[-73.989943,40.735277],[-73.989962,40.735203],[-73.989974,40.735129],[-73.989979,40.735054],[-73.989978,40.734979],[-73.989969,40.734905]]]]}},{"type":"Feature","id":236,"properties":{"pu_location_id":236,"zone_name":"Upper East Side North","borough":"Manhattan"},"geometry":{"type":"MultiPolygon","coordinates":[[[[-73.957794,40.7736],[-73.958255,40.772965],[-73.959857,40.773643],[-73.961368,40.774279],[-73.961476,40.774324],[-73.961585,40.774369],[-73.963088,40.775003],[-73.964687,40.775677],[-73.964228,40.77631],[-73.963761,40.776951],[-73.963726,40.777006],[-73.96323,40.777677],[-73.962767,40.778313],[-73.962304,40.778947],[-73.961838,40.779584],[-73.961369,40.78023],[-73.960918,40.780851],[-73.960416,40.781532],[-73.959921,40.782213],[-73.959469,40.782833],[-73.959004,40.783467],[-73.958558,40.784098],[-73.958096,40.784717],[-73.957636,40.785343],[-73.957169,40.785983],[-73.956719,40.786601],[-73.956261,40.787223],[-73.955777,40.787914],[-73.954164,40.787227],[-73.952661,40.786595],[-73.952551,40.786549],[-73.952446,40.786502],[-73.950927,40.785865],[-73.949332,40.785193],[-73.949824,40.784516],[-73.950283,40.78389],[-73.950739,40.783262],[-73.951199,40.782633],[-73.951659,40.782008],[-73.952122,40.781387],[-73.952574,40.780753],[-73.953034,40.780125],[-73.953492,40.779497],[-73.953984,40.778822],[-73.954482,40.778139],[-73.954945,40.777504],[-73.955407,40.776868],[-73.955869,40.776236],[-73.956335,40.775601],[-73.956797,40.774966],[-73.957294,40.774284],[-73.957794,40.7736]]]]}},{"type":"Feature","id":237,"properties":{"pu_location_id":237,"zone_name":"Upper East Side South","borough":"Manhattan"},"geometry":{"type":"MultiPolygon","coordinates":[[[[-73.966127,40.762179],[-73.966583,40.761551],[-73.968187,40.762227],[-73.969688,40.762866],[-73.9698,40.762914],[-73.969905,40.762958],[-73.971411,40.763587],[-73.973015,40.764279],[-73.972554,40.764898],[-73.972099,40.765517],[-73.971648,40.766142],[-73.971188,40.766767],[-73.970728,40.767394],[-73.970282,40.768025],[-73.969825,40.768646],[-73.969365,40.769271],[-73.968905,40.769901],[-73.968442,40.770516],[-73.967993,40.771147],[-73.967534,40.771776],[-73.967039,40.772461],[-73.966536,40.77314],[-73.966074,40.773773],[-73.96561,40.774407],[-73.965147,40.775044],[-73.964687,40.775677],[-73.963088,40.775003],[-73.961585,40.774369],[-73.961476,40.774324],[-73.961368,40.774279],[-73.959857,40.773643],[-73.958255,40.772965],[-73.958717,40.772332],[-73.959182,40.771697],[-73.959644,40.771064],[-73.96011,40.770432],[-73.960602,40.769749],[-73.961102,40.769059],[-73.961558,40.768438],[-73.962014,40.767812],[-73.96247,40.767185],[-73.962929,40.766559],[-73.963402,40.765911],[-73.963843,40.76531],[-73.964298,40.764682],[-73.964755,40.764057],[-73.965213,40.763431],[-73.96567,40.762805],[-73.966127,40.762179]]]]}},{"type":"Feature","id":244,"properties":{"pu_location_id":244,"zone_name":"Washington Heights South","borough":"Manhattan"},"geometry":{"type":"MultiPolygon","coordinates":[[[[-73.940688,40.851315],[-73.940688,40.851315],[-73.940688,40.851315],[-73.940486,40.851313],[-73.940486,40.851313],[-73.940486,40.851313],[-73.940285,40.851322],[-73.940107,40.85133],[-73.940106,40.85133],[-73.940106,40.85133],[-73.939927,40.851324],[-73.939926,40.851324],[-73.939926,40.851324],[-73.939747,40.851306],[-73.939747,40.851306],[-73.939747,40.851306],[-73.939571,40.851276],[-73.9394,40.851233],[-73.9394,40.851233],[-73.9394,40.851233],[-73.939236,40.851178],[-73.938284,40.850909],[-73.937365,40.850645],[-73.936661,40.850447],[-73.935754,40.850168],[-73.936397,40.849541],[-73.935471,40.849144],[-73.934239,40.848626],[-73.93285,40.848038],[-73.931394,40.847428],[-73.93185,40.846803],[-73.931915,40.846711],[-73.93198,40.846618],[-73.93201,40.846576],[-73.93204,40.846534],[-73.932073,40.846496],[-73.932101,40.846458],[-73.932187,40.846343],[-73.93224,40.846265],[-73.932325,40.846154],[-73.93277,40.845541],[-73.93315,40.845022],[-73.933232,40.84491],[-73.933716,40.844246],[-73.934212,40.843569],[-73.934671,40.842957],[-73.93514,40.842312],[-73.935567,40.841713],[-73.935611,40.841609],[-73.935611,40.841609],[-73.935611,40.841609],[-73.935637,40.8415],[-73.935637,40.8415],[-73.935642,40.841389],[-73.935642,40.841389],[-73.935642,40.841389],[-73.935628,40.84128],[-73.935628,40.841279],[-73.935628,40.841279],[-73.935595,40.841173],[-73.935436,40.840751],[-73.935295,40.840475],[-73.935192,40.840336],[-73.935192,40.840336],[-73.935192,40.840335],[-73.935107,40.840184],[-73.935044,40.840022],[-73.935044,40.840022],[-73.935044,40.840022],[-73.935006,40.839852],[-73.935006,40.839852],[-73.935006,40.839852],[-73.934995,40.839678],[-73.934995,40.839678],[-73.934995,40.839678],[-73.935011,40.839504],[-73.935055,40.839333],[-73.935125,40.83917],[-73.935125,40.839169],[-73.935125,40.839169],[-73.935218,40.839016],[-73.935218,40.839016],[-73.935218,40.839016],[-73.935331,40.838875],[-73.935331,40.838875],[-73.935331,40.838875],[-73.93546,40.838748],[-73.935637,40.838631],[-73.935804,40.838505],[-73.93596,40.83837],[-73.936102,40.838227],[-73.936231,40.838078],[-73.936383,40.83785],[-73.936691,40.837193],[-73.937024,40.836469],[-73.937383,40.835691],[-73.937751,40.834891],[-73.937863,40.834638],[-73.937898,40.834548],[-73.93794,40.834459],[-73.937988,40.834373],[-73.938042,40.834289],[-73.938103,40.834207],[-73.93817,40.834128],[-73.938242,40.834052],[-73.93832,40.833979],[-73.938404,40.833909],[-73.938492,40.833844],[-73.939155,40.833278],[-73.939273,40.8332],[-73.939274,40.833199],[-73.939274,40.833199],[-73.939382,40.833111],[-73.939382,40.833111],[-73.939382,40.833111],[-73.939478,40.833014],[-73.939478,40.833013],[-73.939478,40.833013],[-73.93956,40.832909],[-73.93956,40.832909],[-73.93956,40.832909],[-73.939626,40.832799],[-73.939626,40.832799],[-73.939626,40.832799],[-73.939676,40.832685],[-73.940075,40.832067],[-73.940168,40.831959],[-73.940246,40.831842],[-73.940306,40.831718],[-73.940347,40.83159],[-73.940368,40.83146],[-73.94037,40.831331],[-73.940346,40.830458],[-73.941368,40.830891],[-73.94298,40.831568],[-73.945719,40.832721],[-73.945824,40.832765],[-73.945926,40.832806],[-73.948291,40.833861],[-73.948905,40.834065],[-73.949194,40.834211],[-73.949416,40.834359],[-73.949574,40.834419],[-73.949641,40.834434],[-73.949708,40.834449],[-73.949776,40.834456],[-73.949856,40.834459],[-73.950155,40.834397],[-73.94998,40.834876],[-73.949889,40.835285],[-73.949798,40.83549],[-73.949785,40.83552],[-73.949743,40.835628],[-73.949739,40.835706],[-73.949712,40.835775],[-73.949693,40.835863],[-73.949683,40.835922],[-73.94969,40.836041],[-73.949691,40.836074],[-73.949686,40.83611],[-73.949656,40.836191],[-73.949645,40.83622],[-73.949621,40.836232],[-73.949601,40.836305],[-73.949583,40.836484],[-73.949546,40.836604],[-73.94951,40.836665],[-73.949457,40.836706],[-73.949389,40.836716],[-73.949328,40.836719],[-73.94929,40.836729],[-73.949287,40.836733],[-73.949284,40.836737],[-73.949283,40.836741],[-73.949282,40.836745],[-73.949283,40.836749],[-73.949284,40.836754],[-73.949286,40.836758],[-73.949289,40.836761],[-73.949293,40.836764],[-73.949298,40.836767],[-73.949303,40.836769],[-73.949377,40.83678],[-73.94944,40.836792],[-73.949442,40.836792],[-73.949463,40.836798],[-73.949482,40.836806],[-73.949497,40.836815],[-73.949511,40.836826],[-73.949522,40.836838],[-73.949531,40.836851],[-73.949537,40.836865],[-73.94954,40.83688],[-73.949181,40.837864],[-73.949152,40.837934],[-73.949005,40.838426],[-73.948929,40.838643],[-73.94884,40.838876],[-73.948758,40.83902],[-73.948658,40.839301],[-73.948561,40.839565],[-73.948496,40.839668],[-73.948429,40.839861],[-73.948334,40.839997],[-73.948274,40.840064],[-73.948234,40.840118],[-73.948075,40.840466],[-73.947967,40.840654],[-73.94786,40.840896],[-73.947762,40.841126],[-73.947709,40.841264],[-73.947606,40.84141],[-73.947556,40.841529],[-73.947489,40.841697],[-73.947383,40.841941],[-73.947274,40.842052],[-73.94721,40.842101],[-73.947168,40.842159],[-73.947134,40.842259],[-73.947121,40.842286],[-73.947107,40.842307],[-73.94696,40.84254],[-73.946935,40.842619],[-73.946869,40.842705],[-73.946788,40.842815],[-73.946755,40.842888],[-73.94671,40.842944],[-73.946616,40.84302],[-73.946548,40.84312],[-73.946459,40.843254],[-73.946369,40.843455],[-73.946313,40.84356],[-73.946249,40.843671],[-73.946198,40.843754],[-73.946126,40.843889],[-73.946124,40.843892],[-73.946119,40.844005],[-73.946097,40.844055],[-73.946094,40.844097],[-73.946114,40.844196],[-73.946117,40.844225],[-73.946093,40.844291],[-73.946105,40.84435],[-73.946084,40.844468],[-73.946091,40.844499],[-73.946079,40.844598],[-73.946109,40.844859],[-73.946123,40.84488],[-73.946128,40.844912],[-73.946147,40.84494],[-73.94616,40.84503],[-73.946161,40.845126],[-73.946191,40.845198],[-73.946206,40.845232],[-73.946223,40.845259],[-73.946211,40.845334],[-73.946177,40.845366],[-73.946172,40.845393],[-73.946207,40.845462],[-73.946231,40.845577],[-73.946277,40.845691],[-73.946308,40.845741],[-73.946439,40.845886],[-73.946466,40.845881],[-73.94648,40.84592],[-73.946445,40.845921],[-73.946484,40.845965],[-73.946517,40.845995],[-73.946504,40.846028],[-73.946456,40.846058],[-73.946426,40.846063],[-73.946348,40.846156],[-73.946351,40.84624],[-73.946403,40.846361],[-73.946436,40.84644],[-73.946474,40.846529],[-73.946517,40.846593],[-73.946641,40.846685],[-73.946718,40.846825],[-73.94679,40.846997],[-73.946824,40.847134],[-73.946809,40.847288],[-73.946782,40.847353],[-73.946749,40.847406],[-73.946699,40.847497],[-73.946686,40.847728],[-73.946656,40.847883],[-73.946641,40.847939],[-73.946623,40.848146],[-73.94662,40.848214],[-73.946619,40.848278],[-73.946644,40.848399],[-73.94665,40.848668],[-73.946679,40.848837],[-73.946636,40.848912],[-73.946651,40.849005],[-73.946665,40.849046],[-73.946706,40.849094],[-73.946721,40.849232],[-73.946733,40.849267],[-73.946757,40.849303],[-73.946812,40.849352],[-73.946839,40.849383],[-73.946855,40.849428],[-73.946855,40.849539],[-73.946882,40.849593],[-73.946895,40.849639],[-73.946901,40.849674],[-73.946967,40.849815],[-73.946959,40.849849],[-73.946951,40.849859],[-73.946952,40.84989],[-73.946996,40.849956],[-73.946958,40.849985],[-73.946967,40.849996],[-73.946985,40.849995],[-73.947028,40.850042],[-73.947025,40.850062],[-73.947005,40.850082],[-73.946974,40.85009],[-73.946953,40.850098],[-73.946964,40.850112],[-73.946986,40.850119],[-73.947018,40.850127],[-73.947029,40.850145],[-73.947019,40.850195],[-73.94705,40.850223],[-73.947044,40.850255],[-73.947004,40.850329],[-73.947005,40.850344],[-73.947011,40.850356],[-73.947002,40.850387],[-73.946998,40.850398],[-73.946964,40.850466],[-73.946926,40.850528],[-73.945897,40.850328],[-73.944915,40.850137],[-73.944769,40.85011],[-73.944721,40.850101],[-73.9441,40.849977],[-73.943966,40.849951],[-73.943812,40.84992],[-73.943178,40.8498],[-73.94317,40.849848],[-73.943161,40.849935],[-73.943151,40.850004],[-73.943118,40.850237],[-73.943096,40.850387],[-73.94299,40.850819],[-73.942903,40.850997],[-73.942799,40.851172],[-73.942678,40.85134],[-73.94254,40.851502],[-73.942477,40.851565],[-73.942386,40.851655],[-73.942219,40.851799],[-73.942039,40.851931],[-73.941852,40.851821],[-73.941262,40.851392],[-73.941089,40.851357],[-73.941089,40.851357],[-73.941089,40.851357],[-73.94089,40.85133],[-73.94089,40.85133],[-73.94089,40.85133],[-73.940688,40.851315]]]]}},{"type":"Feature","id":246,"properties":{"pu_location_id":246,"zone_name":"West Chelsea/Hudson Yards","borough":"Manhattan"},"geometry":{"type":"MultiPolygon","coordinates":[[[[-74.0044,40.762671],[-74.002201,40.761728],[-74.001788,40.762295],[-74.001533,40.762645],[-74.001337,40.762209],[-74.001278,40.762076],[-74.001151,40.762026],[-74.001036,40.761968],[-73.998315,40.760823],[-73.996232,40.759946],[-73.995475,40.759627],[-73.995942,40.758981],[-73.996409,40.758339],[-73.996635,40.758013],[-73.996801,40.757789],[-73.996852,40.757733],[-73.996922,40.757638],[-73.997234,40.75721],[-73.997307,40.757111],[-73.997758,40.756488],[-73.998209,40.755869],[-73.998661,40.755252],[-73.999143,40.754585],[-73.999632,40.753918],[-73.999925,40.753516],[-74.000015,40.753392],[-74.000527,40.752689],[-74.000861,40.752215],[-74.000975,40.752055],[-74.00143,40.751446],[-74.001883,40.750828],[-74.002332,40.750208],[-74.002431,40.750073],[-74.002459,40.750036],[-74.002785,40.749592],[-74.003128,40.749122],[-74.003161,40.749076],[-74.003236,40.748974],[-74.003683,40.748355],[-74.004168,40.747689],[-74.004653,40.747023],[-74.005107,40.746403],[-74.005534,40.745816],[-74.00596,40.745231],[-74.006385,40.744646],[-74.006811,40.744061],[-74.006966,40.743847],[-74.007238,40.74347],[-74.007705,40.742834],[-74.007896,40.74257],[-74.008204,40.742148],[-74.008699,40.742362],[-74.008791,40.742375],[-74.008893,40.742384],[-74.009024,40.7424],[-74.009166,40.742417],[-74.009092,40.742886],[-74.00924,40.7429],[-74.009241,40.742913],[-74.00962,40.742951],[-74.009568,40.743258],[-74.009585,40.743264],[-74.012119,40.743517],[-74.012137,40.743532],[-74.012148,40.743559],[-74.01209,40.743898],[-74.012069,40.743922],[-74.012021,40.74394],[-74.011978,40.743936],[-74.009512,40.743676],[-74.009489,40.743696],[-74.009438,40.743971],[-74.009394,40.743969],[-74.009042,40.743934],[-74.0089,40.743918],[-74.008803,40.744439],[-74.008728,40.744858],[-74.00873,40.744882],[-74.00894,40.744909],[-74.009574,40.744993],[-74.009612,40.744998],[-74.009558,40.745289],[-74.009917,40.745327],[-74.009934,40.745317],[-74.009938,40.745297],[-74.009943,40.745266],[-74.00995,40.745226],[-74.009959,40.74518],[-74.009968,40.745129],[-74.009974,40.745095],[-74.009981,40.745051],[-74.009989,40.745006],[-74.009998,40.744955],[-74.009987,40.744944],[-74.009869,40.744934],[-74.009872,40.744917],[-74.010168,40.744942],[-74.010165,40.744964],[-74.010054,40.744954],[-74.010038,40.744963],[-74.010024,40.745046],[-74.010014,40.7451],[-74.010008,40.745133],[-74.009999,40.745182],[-74.009993,40.74522],[-74.009983,40.745272],[-74.009977,40.745304],[-74.009974,40.745323],[-74.009991,40.745337],[-74.010469,40.745387],[-74.010488,40.745376],[-74.010492,40.745355],[-74.010497,40.745326],[-74.010503,40.745288],[-74.010512,40.745239],[-74.010521,40.745186],[-74.010527,40.745151],[-74.01053,40.745134],[-74.01055,40.745013],[-74.010532,40.745003],[-74.010417,40.744994],[-74.010419,40.744977],[-74.010764,40.745005],[-74.010762,40.745024],[-74.010606,40.745011],[-74.010586,40.74502],[-74.010568,40.745138],[-74.010564,40.745166],[-74.010551,40.745253],[-74.01054,40.745324],[-74.010534,40.745364],[-74.010531,40.745382],[-74.010545,40.745392],[-74.011104,40.745448],[-74.011116,40.745436],[-74.011125,40.745378],[-74.01113,40.745343],[-74.011139,40.745288],[-74.011145,40.745246],[-74.011156,40.745177],[-74.011161,40.745146],[-74.011172,40.745078],[-74.011153,40.745069],[-74.011043,40.745061],[-74.011045,40.745046],[-74.011388,40.745073],[-74.011386,40.745088],[-74.01123,40.745076],[-74.011211,40.745171],[-74.011206,40.745195],[-74.011188,40.745281],[-74.011181,40.745316],[-74.011167,40.745385],[-74.011154,40.745446],[-74.011167,40.74546],[-74.01174,40.74552],[-74.011751,40.745442],[-74.011755,40.745419],[-74.011763,40.745368],[-74.011773,40.745304],[-74.011774,40.745294],[-74.011788,40.745205],[-74.011795,40.745155],[-74.011783,40.745135],[-74.011669,40.745127],[-74.011671,40.745114],[-74.011836,40.745126],[-74.01177,40.745553],[-74.011766,40.745578],[-74.011783,40.745602],[-74.011719,40.74594],[-74.011711,40.745961],[-74.011679,40.745979],[-74.011635,40.745978],[-74.010555,40.745871],[-74.010551,40.745903],[-74.010128,40.745857],[-74.010128,40.745842],[-74.009947,40.74582],[-74.009948,40.7458],[-74.009464,40.74575],[-74.009453,40.745818],[-74.009442,40.74588],[-74.009436,40.745916],[-74.009425,40.745981],[-74.00942,40.746013],[-74.009409,40.746081],[-74.009403,40.746115],[-74.009392,40.746179],[-74.009387,40.746211],[-74.009382,40.746239],[-74.009378,40.746263],[-74.009366,40.746337],[-74.011528,40.746575],[-74.011562,40.746587],[-74.011585,40.746609],[-74.011582,40.746636],[-74.011525,40.746973],[-74.011504,40.746991],[-74.011476,40.746997],[-74.011437,40.746992],[-74.009243,40.746763],[-74.009137,40.74736],[-74.00956,40.747403],[-74.009561,40.747388],[-74.009568,40.747388],[-74.009568,40.747371],[-74.00955,40.747371],[-74.009552,40.747339],[-74.009964,40.747378],[-74.009958,40.747412],[-74.009907,40.747407],[-74.009902,40.747438],[-74.011357,40.747592],[-74.011395,40.747611],[-74.011407,40.747631],[-74.011347,40.747976],[-74.011332,40.748001],[-74.011304,40.748015],[-74.011266,40.748014],[-74.009058,40.747786],[-74.008946,40.748412],[-74.008979,40.748413],[-74.008979,40.7484],[-74.009071,40.74841],[-74.009074,40.748395],[-74.009415,40.74843],[-74.009416,40.748437],[-74.009523,40.748448],[-74.009519,40.748474],[-74.011167,40.748645],[-74.011195,40.748657],[-74.011216,40.748678],[-74.011216,40.748697],[-74.011149,40.749026],[-74.011133,40.749042],[-74.011109,40.74905],[-74.011078,40.749052],[-74.009948,40.748932],[-74.00956,40.749935],[-74.009723,40.749972],[-74.009728,40.749964],[-74.010065,40.750068],[-74.010502,40.75021],[-74.010751,40.750294],[-74.010808,40.750319],[-74.010757,40.750411],[-74.010695,40.750395],[-74.010487,40.750327],[-74.009683,40.750063],[-74.009694,40.750044],[-74.009542,40.750001],[-74.009518,40.750107],[-74.00947,40.750081],[-74.009476,40.750075],[-74.009253,40.749985],[-74.009119,40.750332],[-74.009001,40.750648],[-74.008706,40.751427],[-74.008731,40.751466],[-74.008667,40.751628],[-74.008621,40.751653],[-74.008533,40.751884],[-74.00876,40.751948],[-74.009141,40.752098],[-74.009127,40.752117],[-74.008746,40.751964],[-74.008651,40.75194],[-74.008643,40.751957],[-74.008969,40.752077],[-74.008957,40.75209],[-74.009039,40.752125],[-74.009049,40.752118],[-74.009108,40.75214],[-74.009106,40.752142],[-74.009058,40.752214],[-74.008997,40.752189],[-74.009008,40.752177],[-74.008929,40.752144],[-74.008915,40.752164],[-74.008672,40.752062],[-74.008591,40.752028],[-74.008581,40.752044],[-74.008665,40.752073],[-74.009341,40.752356],[-74.009328,40.752374],[-74.008479,40.752019],[-74.008426,40.752158],[-74.008818,40.752324],[-74.008803,40.752345],[-74.008839,40.752359],[-74.008852,40.752342],[-74.009866,40.752763],[-74.009846,40.752785],[-74.009889,40.752804],[-74.009906,40.75278],[-74.009991,40.752816],[-74.00992,40.752912],[-74.009971,40.752934],[-74.009919,40.753004],[-74.009789,40.752948],[-74.009888,40.752814],[-74.009839,40.752795],[-74.009831,40.752803],[-74.00883,40.75238],[-74.008836,40.752372],[-74.008792,40.752352],[-74.008688,40.752494],[-74.008354,40.752351],[-74.008012,40.753256],[-74.007904,40.753542],[-74.00774,40.753971],[-74.00762,40.754281],[-74.007745,40.754337],[-74.007597,40.75453],[-74.007472,40.754477],[-74.007294,40.754723],[-74.007285,40.754736],[-74.007414,40.754789],[-74.007272,40.754986],[-74.007145,40.754932],[-74.006959,40.755181],[-74.006806,40.755392],[-74.006703,40.755532],[-74.006566,40.755723],[-74.006205,40.756221],[-74.006099,40.756368],[-74.005955,40.756576],[-74.005913,40.756636],[-74.005801,40.756802],[-74.005419,40.757323],[-74.005212,40.757232],[-74.004804,40.75781],[-74.004968,40.757884],[-74.005279,40.758029],[-74.005031,40.758357],[-74.006964,40.75916],[-74.006994,40.759176],[-74.00701,40.759204],[-74.007004,40.759232],[-74.00653,40.759875],[-74.006507,40.759892],[-74.006476,40.759894],[-74.006444,40.75989],[-74.006315,40.759843],[-74.004505,40.759085],[-74.004206,40.759502],[-74.003907,40.759376],[-74.003807,40.759511],[-74.00408,40.759626],[-74.004247,40.759699],[-74.004202,40.759761],[-74.004149,40.759836],[-74.004245,40.759887],[-74.00426,40.759875],[-74.004319,40.759911],[-74.004269,40.759959],[-74.004211,40.759925],[-74.004223,40.759913],[-74.004132,40.759862],[-74.004112,40.759893],[-74.003669,40.759706],[-74.003573,40.759847],[-74.003929,40.760003],[-74.003826,40.760133],[-74.003588,40.760452],[-74.003385,40.760729],[-74.003133,40.761078],[-74.002787,40.760929],[-74.002335,40.761544],[-74.004545,40.762493],[-74.004558,40.762508],[-74.004556,40.762524],[-74.00445,40.762665],[-74.004427,40.762676],[-74.0044,40.762671]]]]}},{"type":"Feature","id":249,"properties":{"pu_location_id":249,"zone_name":"West Village","borough":"Manhattan"},"geometry":{"type":"MultiPolygon","coordinates":[[[[-74.002506,40.729016],[-74.002817,40.728363],[-74.003128,40.728394],[-74.005314,40.728604],[-74.00709,40.728772],[-74.006973,40.729495],[-74.006857,40.730228],[-74.006737,40.730947],[-74.006624,40.731669],[-74.006501,40.732426],[-74.006407,40.733054],[-74.006294,40.733742],[-74.006182,40.734439],[-74.006069,40.735133],[-74.00596,40.735845],[-74.005854,40.736533],[-74.005796,40.736922],[-74.005687,40.737552],[-74.005591,40.738138],[-74.005495,40.738754],[-74.00539,40.739412],[-74.005292,40.740023],[-74.005158,40.740858],[-74.002524,40.739753],[-73.999684,40.738552],[-73.99684,40.737361],[-73.997341,40.736668],[-73.997804,40.736032],[-73.998274,40.735391],[-73.99853,40.735038],[-73.998714,40.734784],[-73.999188,40.734135],[-73.999556,40.733611],[-73.999758,40.733341],[-74.000067,40.732929],[-74.000511,40.732315],[-74.000954,40.731706],[-74.001412,40.731065],[-74.001685,40.730582],[-74.002139,40.729796],[-74.002203,40.729653],[-74.002506,40.729016]]]]}},{"type":"Feature","id":255,"properties":{"pu_location_id":255,"zone_name":"Williamsburg (North Side)","borough":"Brooklyn"},"geometry":{"type":"MultiPolygon","coordinates":[[[[-73.961761,40.725229],[-73.961537,40.725109],[-73.961413,40.725177],[-73.961164,40.725265],[-73.960432,40.725114],[-73.960367,40.725047],[-73.958759,40.724541],[-73.958331,40.724412],[-73.958143,40.724404],[-73.95772,40.724285],[-73.956273,40.72339],[-73.954777,40.72246],[-73.954183,40.722636],[-73.953825,40.72276],[-73.95332,40.722933],[-73.952496,40.723218],[-73.951646,40.723486],[-73.950646,40.721706],[-73.949866,40.722179],[-73.949078,40.72254],[-73.948875,40.721292],[-73.948533,40.719167],[-73.948416,40.718456],[-73.947213,40.718561],[-73.948322,40.717865],[-73.948664,40.717683],[-73.949043,40.717429],[-73.94954,40.717122],[-73.949838,40.716939],[-73.950046,40.716805],[-73.951144,40.716035],[-73.951824,40.715476],[-73.952109,40.715259],[-73.952754,40.714736],[-73.953353,40.714184],[-73.953485,40.71407],[-73.954339,40.714072],[-73.955036,40.712914],[-73.955476,40.712265],[-73.95681,40.712756],[-73.958342,40.713306],[-73.959798,40.713887],[-73.961287,40.714502],[-73.962778,40.715107],[-73.964472,40.715733],[-73.9661,40.716206],[-73.96664,40.716365],[-73.967364,40.716484],[-73.967292,40.716516],[-73.967244,40.716585],[-73.967263,40.716666],[-73.967114,40.716898],[-73.967152,40.716919],[-73.967268,40.716986],[-73.966768,40.717705],[-73.966597,40.717968],[-73.967174,40.718277],[-73.967184,40.718262],[-73.967297,40.718312],[-73.967219,40.718416],[-73.967171,40.718483],[-73.967059,40.718439],[-73.967082,40.718406],[-73.967142,40.718318],[-73.966562,40.718016],[-73.966553,40.718039],[-73.966537,40.718035],[-73.966528,40.718033],[-73.966514,40.718053],[-73.966322,40.718321],[-73.966224,40.718271],[-73.966205,40.718261],[-73.96615,40.718311],[-73.966045,40.718408],[-73.966077,40.718432],[-73.966102,40.718451],[-73.966118,40.718505],[-73.965879,40.718755],[-73.966343,40.719019],[-73.966371,40.71899],[-73.96663,40.719132],[-73.966543,40.719223],[-73.966319,40.719108],[-73.966365,40.719056],[-73.965858,40.718773],[-73.965706,40.718915],[-73.965703,40.718918],[-73.965634,40.718934],[-73.965526,40.718901],[-73.965154,40.71927],[-73.965284,40.719361],[-73.965288,40.719364],[-73.965396,40.719565],[-73.965547,40.719659],[-73.965385,40.719954],[-73.965374,40.720094],[-73.965137,40.720344],[-73.965013,40.72029],[-73.964905,40.720327],[-73.964562,40.720123],[-73.964464,40.720065],[-73.964382,40.720139],[-73.964356,40.720163],[-73.964466,40.720225],[-73.96448,40.720233],[-73.964398,40.720297],[-73.964683,40.72047],[-73.964593,40.720545],[-73.964351,40.720404],[-73.964325,40.720472],[-73.964297,40.72054],[-73.964252,40.720598],[-73.964203,40.720654],[-73.964148,40.720706],[-73.964088,40.720756],[-73.965049,40.721357],[-73.964894,40.721475],[-73.963998,40.720938],[-73.963602,40.721539],[-73.96358,40.721573],[-73.963478,40.721557],[-73.963477,40.721556],[-73.963454,40.721579],[-73.962981,40.722032],[-73.962757,40.722399],[-73.962253,40.723532],[-73.962235,40.72357],[-73.962073,40.72388],[-73.962007,40.723992],[-73.961903,40.724098],[-73.961894,40.724107],[-73.96166,40.72486],[-73.962115,40.725148],[-73.961902,40.725321],[-73.961761,40.725229]]]]}},{"type":"Feature","id":256,"properties":{"pu_location_id":256,"zone_name":"Williamsburg (South Side)","borough":"Brooklyn"},"geometry":{"type":"MultiPolygon","coordinates":[[[[-73.958342,40.713306],[-73.95681,40.712756],[-73.955476,40.712265],[-73.955036,40.712914],[-73.954339,40.714072],[-73.953485,40.71407],[-73.953253,40.714066],[-73.953165,40.714065],[-73.953031,40.714063],[-73.95291,40.714061],[-73.951624,40.714066],[-73.949372,40.714067],[-73.949245,40.71332],[-73.949131,40.712612],[-73.949014,40.711904],[-73.948892,40.711168],[-73.948771,40.710432],[-73.948655,40.709725],[-73.950875,40.709513],[-73.95083,40.709144],[-73.95076,40.708803],[-73.950659,40.70817],[-73.95053,40.707391],[-73.950406,40.706653],[-73.950289,40.705913],[-73.950237,40.705473],[-73.950956,40.705843],[-73.951085,40.705913],[-73.951911,40.70636],[-73.9523,40.70649],[-73.952515,40.706559],[-73.952914,40.7067],[-73.953753,40.706982],[-73.954017,40.70708],[-73.955542,40.707593],[-73.956269,40.70785],[-73.956724,40.70801],[-73.957203,40.708179],[-73.957283,40.708207],[-73.95736,40.708235],[-73.957904,40.708427],[-73.958153,40.708041],[-73.958384,40.707677],[-73.958456,40.707252],[-73.959201,40.707332],[-73.959395,40.707352],[-73.959938,40.707407],[-73.960404,40.707452],[-73.960503,40.707462],[-73.961144,40.707524],[-73.96186,40.707595],[-73.962131,40.707623],[-73.962743,40.707685],[-73.963279,40.707729],[-73.964421,40.707534],[-73.964848,40.707454],[-73.965932,40.707244],[-73.967289,40.707002],[-73.968389,40.706829],[-73.969293,40.707093],[-73.969623,40.707628],[-73.969849,40.708003],[-73.969941,40.70931],[-73.969608,40.710165],[-73.969557,40.710296],[-73.969647,40.710375],[-73.969831,40.71039],[-73.969945,40.7104],[-73.97001,40.710454],[-73.969971,40.710508],[-73.96988,40.710508],[-73.969818,40.71051],[-73.969731,40.710513],[-73.969634,40.710665],[-73.969712,40.71069],[-73.969794,40.710741],[-73.96975,40.710833],[-73.969729,40.71084],[-73.969349,40.710961],[-73.969362,40.711],[-73.969559,40.711097],[-73.969582,40.711108],[-73.969694,40.711137],[-73.969763,40.711173],[-73.969704,40.711237],[-73.969562,40.711197],[-73.969507,40.711177],[-73.969452,40.711158],[-73.969336,40.711113],[-73.969258,40.711162],[-73.969239,40.711246],[-73.969391,40.711352],[-73.969452,40.711394],[-73.969426,40.711473],[-73.969303,40.711512],[-73.969289,40.711507],[-73.969187,40.711468],[-73.969115,40.711512],[-73.968936,40.712017],[-73.968867,40.712232],[-73.968809,40.712256],[-73.968869,40.712266],[-73.968831,40.712393],[-73.968923,40.71242],[-73.968945,40.712427],[-73.96892,40.712477],[-73.968898,40.712525],[-73.968872,40.712579],[-73.968853,40.712608],[-73.968832,40.71264],[-73.968816,40.712685],[-73.968796,40.712737],[-73.96874,40.712723],[-73.968729,40.71272],[-73.968724,40.71273],[-73.968667,40.712847],[-73.968548,40.712817],[-73.968499,40.712804],[-73.96847,40.712825],[-73.968473,40.712853],[-73.968452,40.712923],[-73.968468,40.712927],[-73.968568,40.712949],[-73.968499,40.713103],[-73.968842,40.713224],[-73.968391,40.714262],[-73.968008,40.715121],[-73.967654,40.715869],[-73.967364,40.716484],[-73.96664,40.716365],[-73.9661,40.716206],[-73.964472,40.715733],[-73.962778,40.715107],[-73.961287,40.714502],[-73.959798,40.713887],[-73.958342,40.713306]]]]}}]}