y_true,y_pred
636,472.6376447029357
697,455.7346261812671
623,417.37779524888646
563,337.3089729899209
478,288.53416855663636
260,236.6367076452047
194,255.57544824432688
265,259.2339016385009
306,300.2778059028328
326,348.28843134293345
337,345.3142837776018
346,345.72948901106747
329,352.2780840186542
364,345.13242873768263
364,373.8661847491068
394,374.43230969854744
434,430.69081741660335
433,468.58107248265117
464,484.30784038782343
526,500.7418411515456
503,523.2604203416122
500,509.51620678476985
529,517.0113523861421
461,519.227163750681
498,481.87929905684626
730,477.031157929032
300,580.3460566468952
287,307.79983269445484
247,292.3104051665726
165,175.3842029377709
160,177.58548803810856
148,181.81713884209464
197,207.5331144007372
272,268.0131998992738
294,321.31573231294817
287,318.72092334143775
286,306.2265423024995
320,303.8951685018423
338,320.26915312328094
312,333.046750684112
318,326.26368829525694
319,343.31782582645167
369,329.6092929139418
352,337.1068688465355
295,326.0133145862405
276,311.58936525788334
244,265.45064547035014
174,223.55793910076864
175,143.9179646104418
109,125.31784057019178
88,85.55142069023432
81,85.90477061463346
117,125.01625725285743
188,170.78211489589788
262,265.67928966739305
356,355.01286939695746
329,373.8601541724172
248,274.5923730013878
239,222.6920514920422
195,218.21723609983445
205,197.17306353987712
228,209.64648872419755
211,234.0080271375598
237,222.33010153902762
242,243.0857084234908
283,265.25047541851023
255,293.7691348431868
358,247.88319365895632
210,312.9709152350893
266,208.40503386049528
219,241.12895598499617
125,167.76220604266985
107,106.27875187624329
78,72.1059175563864
73,60.51004404693529
70,61.53956874170792
110,96.67343383835278
171,158.6161790124597
239,258.11784512478573
296,375.09408358309895
303,353.4889165561853
282,283.5217459415158
196,229.72926578377394
201,190.80701336648966
213,201.03544899195307
196,207.0731773522872
202,220.76696217374857
216,216.64971302387357
241,232.122815544686
264,272.71638675486736
306,285.55396663660486
328,282.63222677163543
298,263.79886381253874
313,269.607324573392
298,266.50356454064234
307,190.41373445318123
265,169.72033515908512
140,147.11451456679552
77,85.09393523310986
70,67.019687938168
105,98.798274608799
150,164.48973955796222
242,250.8767567570797
363,352.7942896695513
357,355.178550291629
294,294.07622739501977
220,223.3825497622104
197,208.07370098557038
176,204.87495926442898
197,199.4291536520065
216,215.09440801942915
200,231.62509216690924
262,232.1318105376455
232,291.4579500475947
282,289.64456146826154
376,286.05920837451333
263,326.5055970364431
225,273.93572582417886
264,253.6081193188206
189,232.70172880897186
141,162.67095553824765
99,110.83379152720504
72,82.04721273216917
70,76.60923485874773
114,120.49783914550756
181,172.24634547013295
277,279.2462409341888
383,383.3053320740434
371,386.2337899370985
291,327.32324853292056
217,244.05280568804102
241,216.86113147002902
202,229.51215992433652
188,217.55966572806494
282,190.05764792030402
237,253.3401789596717
301,267.86963856319073
324,328.3920083490114
338,336.0942502022723
300,333.0634470162209
276,289.6864315062016
339,288.09099721473683
319,323.39005349027747
258,270.7624966870794
183,190.31116404709067
137,130.5194674297396
114,119.50873988045117
137,112.66080043628344
159,152.9036132969677
187,189.78796270448038
288,279.60863568312095
412,404.4756526323497
336,389.10702158347874
287,301.16221277172883
244,249.45011561878928
226,250.92536106200308
236,233.78903372022384
244,246.29102958143068
289,279.57279024950844
287,294.64851475595617
311,327.04602428551607
399,384.9885125502062
405,435.12496099081903
426,446.7640752154641
409,432.57662427223596
385,447.0078058550715
423,446.61227612541467
440,417.09415250081986
482,388.47923625957594
348,333.0236702406471
259,208.17839728696734
251,219.03739335166236
233,226.04269343095805
144,189.1556801910951
204,205.94693247261912
222,268.4459788920623
267,289.2080476121124
315,315.0678203646251
324,336.292928330143
348,340.28036578064035
321,347.31773983545776
343,342.23787682553655
359,350.44173354671636
357,374.3243869725379
404,392.84050883558143
424,442.7629838314706
413,464.7922405029989
439,456.89504319494523
398,456.66519717688135
412,438.06777734999474
480,451.6621544463008
492,473.9578294807098
472,494.1193529992564
409,366.67585010218016
365,332.33330410259254
300,305.99086269547996
240,265.9071490274103
146,158.63883149438166
165,174.3247476463969
159,176.99842737627145
204,206.5972232553337
285,267.61555783895574
313,327.4646826596862
304,324.8965895048014
327,312.88007481150066
321,322.3347261787234
541,322.8378273474649
432,481.87233576553285
412,413.31513537306876
363,410.23176601743666
362,357.1010374065431
314,332.8362906404898
307,301.4751885019948
287,305.48186435333537
254,266.1115153644952
189,204.04944750283838
188,148.0098693486952
129,124.00407419037192
77,91.1983567763447
92,80.5204314418341
136,121.42523240368124
186,183.52564585390542
290,271.20167432120985
411,383.38839995702443
382,379.06888250218293
282,288.764763156148
214,236.86152325788328
177,197.65710705246764
278,187.65494680159026
262,257.60585303026244
224,257.65817558068414
242,228.93735887001725
293,241.65967227199098
306,300.8575794337933
297,296.54767777007174
296,280.6927193129434
299,256.2292193889186
276,264.4002483950857
266,250.19976270814422
193,177.69628228239304
144,154.420975541823
88,95.32592646598094
62,79.48142410341427
58,67.9334757802187
98,99.4872496441633
166,140.5701557282089
225,229.06202374911317
265,287.4380938659783
320,314.2891297821711
293,308.8076514428068
252,240.68296340063137
204,228.3371649012573
217,218.16734668770343
241,227.71428596356273
241,248.26911994664988
258,243.36994995458943
271,271.63203608246704
316,292.6584153077793
326,327.1238000149412
231,319.38196844455706
272,240.7963096142591
265,275.4040897924368
234,269.0968325416029
178,202.8284186559121
135,136.2198225295422
108,104.47746322084907
92,74.24330519619404
62,70.98336203519489
97,96.89168596929429
171,160.1304138710023
276,249.76163990406297
391,362.23014611259515
360,361.7787687174556
276,304.21661885489686
219,228.77253351693378
215,204.73863517136158
230,206.0132033764243
200,223.5669403656892
227,222.11246139192096
256,238.05701270626494
230,269.09595590105994
268,267.30053726023317
293,311.4138879273383
269,285.26384189336164
252,267.3004790403347
242,255.44824974234663
228,257.8646690395978
158,198.302350428177
138,134.4766848398543
83,104.17905405890251
65,77.83737224786682
94,73.64786706367099
116,118.8553506429953
186,182.09043575838243
260,298.4371159236484
397,400.8632857629572
378,402.9761633223201
281,325.5961365148425
328,232.58603069803618
242,279.7626409616209
287,237.5701088713502
233,257.4640450414881
255,242.84541961152777
254,270.12624297698756
261,276.90865722267574
351,307.20198529401455
303,358.5013403140393
279,294.1146305669544
293,278.5679259306313
283,309.2122966799114
299,294.89530212204863
219,252.2728189111741
190,170.80730685978213
126,139.3450256408072
122,103.88457430278025
117,123.92561297124868
127,146.4907762436893
182,183.346227543071
286,271.43202455143233
409,405.1824550228877
363,375.38442108076225
313,309.79872421555444
250,278.6494876196363
248,247.6354660507627
264,255.23904640527508
243,263.5172170520984
301,280.6774934845031
323,301.5469492810549
335,344.65043582870203
418,396.6494663556508
438,442.47894356537677
481,458.38298437625656
486,460.89799782684065
443,455.18763026676265
546,485.08544050834877
468,491.2922797329776
446,475.6085374339956
358,392.3248787492056
255,273.5372193139482
230,255.3034160476458
212,233.51480967568807
152,184.1653393292713
204,202.41980872036015
233,261.2551722099696
309,288.16461722624325
339,329.6008689380003
370,332.111320054499
349,371.4310729382203
355,345.98254261951644
374,352.6109425203428
373,370.04128079201337
409,378.25133175926055
439,431.38695951998494
451,469.82834493062524
586,469.63177827261813
527,560.4005531602141
587,507.65291471635896
502,534.5003736317005
553,533.3126561141111
538,501.8660326184628
513,497.93515117428774
451,458.300975194869
409,353.1018968289546
333,298.9356547454362
289,246.6148096232801
132,172.0426744745848
150,166.97363426704337
155,165.80703220329173
215,208.3598847125554
260,277.5711899284164
338,322.83360321855366
312,332.3754509648127
339,318.04845858368776
339,335.3355347100581
316,348.56959039905087
412,325.29206424497096
369,401.10106280518585
409,377.6068485038153
382,406.87490815058663
369,349.89825865546436
343,333.0190471655839
299,324.8915597046412
288,278.0494890840354
235,232.62696363040186
182,180.98864635149235
109,118.30836784703173
88,80.56190564839841
86,84.8104821614552
129,126.07085394610971
171,180.37819664925033
324,278.55040029504005
408,425.55307828465254
411,393.4195749762111
311,310.8780649706425
258,246.3262746463948
201,221.01120594341185
238,202.8126798094643
213,237.566674660683
259,222.72053564948177
222,249.92054160896012
254,237.54762152387036
332,277.7423613372904
300,325.01713711286095
269,283.23308035068425
287,247.2910894418721
236,267.9509530616231
280,231.73144246425605
182,209.9857751036004
106,135.73709289355943
81,83.55072306892387
84,65.04625140272131
62,69.37518200196227
104,99.96936164410259
160,166.5640403658337
273,256.8738727901191
376,348.74476422988994
372,367.68391552474935
282,310.444326457331
225,242.10563838828162
186,204.5680294102885
199,205.43611975313527
212,210.62580825178276
232,231.79394428341723
260,233.03983727243377
244,267.93167007181773
273,290.2865555653337
295,302.7690989755682
260,275.50131175133026
216,264.94113335352273
239,243.6309132855492
283,245.24393475504903
193,216.3553838523525
160,139.37494219066
94,107.60293863843727
97,77.77127531663832
79,69.82409572238073
104,104.10395953831586
162,160.35938227440198
277,269.94136115247164
459,393.2054400420736
492,420.9042669705144
360,382.4759783225403
209,266.8207876908423
190,197.68175897322885
194,200.13598269776966
216,206.9266134398074
221,228.4737283200538
205,241.90471449340197
256,233.91428918730134
287,277.7932722732405
337,304.84557734719203
265,312.96207523325944
307,252.93437656511733
267,280.1826618988435
263,271.5888161067502
190,201.36991301297786
133,152.8760161186387
113,99.18715063495154
82,81.47410886688243
84,83.33631022067603
111,118.82692514001877
167,177.89181754915572
302,274.6631614103378
428,429.48147352991106
388,438.5561003230947
317,336.4216231006213
239,263.8049762697763
196,231.90980340924187
205,212.9704577966171
244,220.9371326771739
230,251.95867451960615
244,228.63226445535406
287,274.9337995212204
331,329.249528624706
358,342.60988961467984
321,323.25333288486047
319,303.08197181268895
317,317.2930576037324
338,309.89874306637154
260,259.1266545140082
190,193.62362520343527
148,139.5710178808003
114,119.30662015006574
135,114.80436656736731
163,141.32065954797466
202,180.2867595385808
279,288.84502655600295
438,411.54917092004524
360,399.83275527202983
304,312.7431092977346
276,253.55909294842516
247,257.1025868651821
241,247.49587394147804
249,254.77480541611823
310,270.2080013840524
287,303.65739425753117
352,323.3761703826576
419,400.94739435024536
459,446.8583687246968
551,460.30241447820094
437,552.4318317198911
434,431.0885622085628
456,459.00210249060893
455,449.9771870997914
452,450.43437072906084
392,372.36603754604835
264,329.41794789010487
306,255.82204901208206
240,231.07198289645217
195,188.38227242756574
216,211.8557221620932
272,254.88271823933243
318,307.9489768832575
348,334.5180413624138
364,347.3371624085122
388,364.3681818957866
388,380.21002186495144
352,382.09886033676844
363,361.6330708959007
388,375.5755711593543
423,421.25348625098644
501,459.2439618974974
547,528.2922223764906
536,543.3216600974968
459,510.673417326724
480,475.07200664759733
516,515.2527478876152
549,498.1149109927792
536,516.3698666833019
430,445.6121035397991
344,333.4604762873537
337,316.527147447077
335,255.93437361941452
171,171.74690200352975
178,168.09262268131718
194,179.15680732915894
198,219.7232885011509
273,269.41990678866455
319,325.71048646945576
296,328.5666604066519
322,316.9037512253944
372,326.8657829315937
344,351.01122530710677
337,357.20776104460367
389,349.31288387978077
411,390.6599318723356
365,409.4743883380564
344,343.41329978024976
314,323.91847036744304
354,303.8283227538408
318,319.9425225540043
234,232.95910210434545
189,181.41263157821763
118,123.12332962474869
102,86.04326848534183
99,87.93344883958085
149,127.84559645957738
213,184.71175530266595
263,290.21036817312466
380,376.9766784785427
376,393.96864063758534
286,292.5843777778571
252,244.15063000464835
197,214.10767672817522
220,213.80254555280663
224,225.70057152398363
233,233.8986926390353
244,235.77335231966433
264,258.01307431941717
252,299.3596477864008
294,265.9258333951668
253,281.3431169245351
230,244.18434212560032
255,237.54496764055213
198,247.49282684327653
182,165.36036826716756
108,124.35439310856935
96,80.90830986486915
67,76.35798992137056
74,61.837423148014935
125,103.6619077269299
167,175.76560873053424
254,260.54495447737963
406,369.3845837984559
396,384.0113171964726
284,305.3300281132203
267,234.96654609865732
213,220.38106410350125
209,213.22816799230486
232,217.7456523350651
240,239.86140443509595
295,246.37996274066128
319,294.77742413645177
398,325.9593650850656
411,366.8612527497278
407,341.0408388746147
375,332.0915134169171
339,325.0132394334285
316,304.5043143915381
234,233.43059951983372
158,154.67487652092922
101,111.57336482319096
76,82.58974045610677
82,71.08217915097897
135,106.27320829596528
180,166.00232776498123
253,268.6795228889173
376,400.4696320139314
367,398.91011762811405
283,309.58335167347326
296,236.55451613350093
293,242.8338951297565
294,252.82641237716354
276,268.69607672063745
333,265.91715465900245
367,312.9309570616198
351,366.7333663309763
365,373.17937618062973
373,374.7620870877989
546,353.4660363362047
392,444.7572164684629
342,353.8867280538228
373,324.4615701447212
366,249.44529393845042
317,273.4194730264603
275,217.8299449026952
221,183.38122741538197
253,163.7673933373817
237,188.76684560018353
188,209.02625536997155
190,233.45209107746388
179,236.190360348806
183,221.67749110968623
182,209.48129159779927
264,210.155524912734
307,261.69340798775613
359,306.1244743217855
360,341.6734389197971
378,367.3538601722896
437,377.1115515906953
433,431.04669525133295
464,439.257445332535
398,465.49823892799645
392,387.5939218193063
396,365.4179952349019
360,365.37755621019267
406,360.17490710452387
363,358.8502558771729
267,272.1246958581163
203,192.21599942669025
140,149.531467185422
115,146.3010899616279
134,160.27303539764733
126,188.0624607201187
173,227.21555877103853
205,250.50709219691254
200,262.19786570789665
210,229.31889289220402
199,233.32412071360386
210,232.4631526404562
237,244.79749329221917
258,257.0961590070622
240,294.1823075619036
283,279.2171106152023
288,336.9989159211889
336,364.7684115119307
365,403.1689445268117
339,422.0153397573402
316,386.4601947671818
348,365.66384102285963
380,423.53929704753654
293,416.81559751200075
289,285.74049190364934
221,274.45747989868727
184,215.91955587551843
166,215.81486341957958
173,185.7481722264641
110,161.0320955712891
135,173.8223957788832
176,206.58166858707602
179,238.2982661654804
236,242.88322765956906
280,277.30404943344644
275,316.307169444486
264,301.2398070229518
280,304.9024339316914
280,311.80438642942204
358,314.95915261972203
353,393.8896127950202
399,404.7602281522785
374,432.91079936206773
410,391.9133206725355
354,416.67669255327297
381,389.81345488836934
428,421.63424169510574
383,420.8853519485807
413,377.49032947428765
297,365.5000928486852
260,254.76828941240927
294,258.4451886843918
274,262.0242981024395
152,147.3818289530105
158,150.69101127124028
173,168.5071602616102
169,202.71964149022398
227,237.18659316390654
276,287.7519363389492
313,296.076159620649
292,310.7105521552966
354,299.2793964061333
353,337.90821779634433
333,361.1273239183162
346,345.14686271879634
325,372.93990138532547
316,346.28668295157473
317,308.0267286936867
290,308.77933763485197
264,299.183044206078
233,266.84928958899707
170,203.00135779798615
634,537.384967396157
632,434.6726190864337
573,359.0533194195477
399,294.1900267826176
286,189.58115419724618
161,137.4188601018656
140,126.37968985959176
165,172.53376489553597
194,203.86662958572342
238,236.71114553176696
230,270.73379899704366
269,268.3569856102901
258,282.2390764485306
274,270.05286902729847
285,288.77604055533845
273,290.20945815171024
310,309.6806672088908
305,346.12712026248255
387,367.8049104992167
458,430.8603420510335
512,484.54161572387284
529,523.7074632306902
564,571.5006393933098
485,557.4030260026443
549,481.09074791402725
785,483.1502654106581
196,559.1593311931134
138,177.9466010843276
128,123.23555347165085
91,103.48202978776469
105,116.75254269923177
137,134.51082834662236
139,170.8335847514598
186,202.92818890617514
228,245.39383983047665
258,260.48527471192216
215,273.95787610207105
250,247.53522563181158
235,269.78869115944553
227,264.13617794906315
267,260.6709982355934
317,293.7759524345124
338,331.0151242133303
313,318.2195976788044
286,303.56582602713706
259,280.3400941034302
279,277.5336174091625
194,241.84557328660858
95,138.1154420817907
77,65.45186518737414
52,54.607506405355984
42,44.350916715132485
59,65.75375043614518
92,85.91129451321315
154,123.24392026101367
202,179.728141736236
219,240.66617537854526
217,224.43996467436844
233,223.66050917651282
211,228.89256165649215
205,212.04462191802463
215,213.14640788899993
233,216.38172472398315
266,235.42908112015508
248,258.3790322408214
242,274.3994626357454
313,266.11540751930113
265,353.19854459142454
251,262.54581475617954
185,225.77886605874716
246,198.66944321939982
154,185.60340744657316
98,106.34026638105712
52,57.21537302223808
34,37.55301602852844
31,34.559441907324704
75,54.28650185041131
103,96.9453273967483
136,153.26517401904462
178,193.66369731532487
224,228.52776296101925
231,231.58209726362077
228,227.29751223816928
238,218.41890087240654
205,215.2230718976476
250,201.05978787173848
225,252.32238657255724
247,223.48720273526254
242,253.10904292555327
313,266.4063852161379
332,339.41805186113174
334,300.5234877643217
318,298.3625471092924
287,268.0042465362029
366,279.3439064218814
248,237.59257450188363
151,136.2893370326593
93,77.25930761791169
61,44.6647974845659
45,44.12520619583403
71,65.39534010834315
103,88.17663868031659
165,138.16324781756288
193,204.9900620252517
225,220.28902000467522
250,237.36552881221712
255,235.9624027008079
233,239.49759278028426
191,229.31861083469587
226,209.47181419132886
242,235.3339716190734
220,240.36925478277394
259,242.4111720100118
291,291.4824183095255
283,323.793260351125
302,293.0730513580145
255,300.30217141736733
288,276.62367605077776
263,310.65164251234256
225,241.43991091978694
144,160.9472791638661
67,82.5234109598034
50,49.089973032002725
42,46.99471266870732
79,61.87938848763601
100,103.52731608642694
162,135.68584307405274
212,205.7116385867085
260,238.33829200112748
258,267.10054131231635
248,267.91673471127064
247,247.9895602704436
208,233.0243631586577
243,222.07955908558026
231,255.76067538178043
240,239.73850415633586
261,272.0821485173126
281,313.1510661484282
331,319.5012170124403
457,335.0853770510276
292,397.7319779636432
271,303.9439446797594
337,299.23039723127516
282,270.77078999904006
172,186.46326283172874
110,106.19906890984329
71,68.22671521014227
47,59.83488372816818
80,76.02029325987071
96,101.24746624052419
146,137.41276025010538
205,205.24268726339176
226,255.21084457562782
266,248.83846094818193
251,256.8886229017895
264,259.35048894348625
245,255.17826017986752
261,258.85763803462174
262,266.69531086895125
254,267.75211739515464
324,294.3004560625957
358,372.9088838601409
386,414.53584753506567
368,449.3835613639643
366,404.7309120563514
321,397.2153825743332
343,390.4027963808153
417,387.93760802596756
293,329.87244750577804
263,170.02625111686007
148,151.8924854768702
103,142.48342734169256
90,109.35857824811264
93,97.67995113626723
104,113.95245505498092
141,154.25369649368218
191,186.03336400374505
212,230.66523930248675
260,248.83618924337978
241,276.57211519927444
275,260.21725284192786
261,278.39824906958575
292,275.8095138046506
253,291.5669491679478
302,290.2659533096699
321,330.87327079901183
402,378.1906209164581
436,424.5595393503744
400,447.08820330746056
385,423.1609289080825
476,426.23279442609174
538,477.62481986631735
517,479.99186747411505
340,383.82135122094326
162,249.11978206064705
140,137.8743145186421
122,115.56119296041925
99,94.5480012302503
95,108.8612141527173
146,130.95377921876474
162,164.4862108360811
218,204.08413186971114
257,254.13474541650024
298,269.2356021387276
271,291.19081642664605
318,265.85978666490547
372,302.68684329646004
382,337.941178984672
334,352.6170918030812
354,335.60056688288495
347,354.9957528470826
311,320.82897750459693
245,301.42922550855855
275,257.5291549491499
278,282.0178676288586
176,217.90385744954875
117,118.16784506790412
70,70.86524986543087
36,48.14486000974178
39,35.82439060619665
64,61.620800674385485
80,90.77525508537404
160,135.16029169904772
209,197.42374141978857
218,235.9468215793999
231,225.3418187693316
229,230.71041023226724
236,216.26756309048108
266,219.99161662606502
238,249.60455209273863
258,234.2341010814549
264,254.87968316379752
254,261.8885034329145
301,273.44270478646456
360,317.802838810859
254,374.73582423616597
303,253.99285396482244
233,262.75433847600044
274,229.93323283441742
222,192.7815491078848
121,160.53451529857279
60,76.24846069253691
46,40.633886448319124
55,37.434234854545096
61,64.96579388565215
98,84.09885126760933
131,126.68185213713633
195,160.28587087149984
215,226.467834462928
249,238.18395796791586
304,240.82302661545052
269,296.8407229816952
284,262.7871587287997
252,282.45500094763804
248,258.78880461138334
256,254.86157181491996
313,271.3270570382832
359,340.5478760776427
375,375.61532341988493
318,342.31123132756005
273,307.4424495992062
227,262.2959166998174
292,241.2571138474863
195,234.04205965068675
132,126.8965174939111
68,78.25816509825384
52,44.75728242999311
32,49.26337567523443
64,63.14188389099893
101,90.91828491618672
163,143.20211258378433
219,206.81196101620088
193,234.36364563216262
243,233.93808858859882
261,255.47856747775765
241,247.35031005985448
231,244.15942389056465
229,238.19569409126987
265,246.87211057976734
225,255.42285449466038
245,264.61922514814427
324,301.66516764121593
302,344.12987661571793
316,299.0958495568602
255,293.89025371010763
238,265.9159388532306
269,271.94758640005716
193,224.95637764773892
130,139.19308327250042
69,77.01148808984355
40,50.90186607366832
56,40.65418135681654
89,72.924360807946
84,100.89171184676721
153,147.78059634233173
200,209.4644151568108
239,233.6414113671443
249,258.18925781333854
262,257.7522464366193
284,256.11205265177784
248,266.3008987945748
216,252.9592454615235
259,245.8490191889995
242,255.85688184128037
262,276.4211716278277
312,314.1499904100444
368,347.75513208218024
328,370.1375788814927
317,313.0549584428156
259,306.60967770539736
331,290.61567362312337
259,286.06452454043705
186,178.1879875569229
115,120.37340068980626
65,70.46310342987601
55,62.330956798475555
80,78.37318562783298
108,95.79328229129945
169,141.81566350754346
214,208.64267203375366
231,248.73625987358264
234,249.81403128935256
266,249.69748294916914
243,271.7858931451944
227,250.46118675712916
236,245.17844356105522
267,269.44023433521016
272,267.4200313429228
283,308.7840836621093
356,343.9150480724826
359,409.39459338101943
412,404.6757228798234
331,435.4471753351841
371,376.9491278138012
443,457.0377354737183
424,484.0526301964891
354,390.16147697733703
310,277.5897159690836
197,221.1832508466682
123,149.39263203565255
95,108.93286969254409
75,103.3141755443183
103,113.23168318883424
132,152.42317615777915
189,182.6087637316416
236,226.81688496416004
287,262.94580672348644
244,290.14878060226135
230,258.2723708055121
249,248.79311194247273
272,276.3122234446751
301,281.4578243303335
363,314.79161020832976
358,374.42594894723453
440,394.62096115093783
462,457.2851889766662
554,467.4024242419313
448,512.8002272333237
565,513.2560060983606
594,545.3114671875356
483,525.6205023423703
344,395.4345101378875
223,224.869239288326
139,162.1154319267896
118,117.40612081634877
88,90.5871605919828
98,104.492141496498
134,130.2350349779547
152,164.74863534388962
230,202.95102112881412
287,265.4188663633951
298,286.7000133912643
284,283.8220281487784
320,276.85422617089927
291,307.1707697431547
277,297.38769327578575
339,296.14717966400696
391,350.6935811303505
395,386.0865272696842
303,355.2485465960539
323,284.16973286439
290,305.79053704566263
279,288.9444032751471
210,214.68228461869558
114,124.53261312300663
87,67.39119884713993
61,49.55727362431212
37,42.8688694181383
54,65.74620603538703
95,88.66150064886035
136,149.9809710928645
168,201.13326906299696
185,212.812978189638
231,212.01644673276482
286,228.36639459715317
254,263.0966939116336
221,240.74471195667263
234,226.47509147787048
246,238.85192331168457
256,247.5402425953328
284,258.0837271015208
302,298.965608145514
326,334.3049522892423
272,321.1304296364888
251,280.8662714452249
266,225.90907859819507
258,257.7163100520662
151,201.57756549803406
95,107.02772484348884
48,56.00154551207144
44,38.004293088920214
35,36.67847049856409
59,59.47180473625075
105,96.53348883605285
166,143.4629522880843
197,198.81678842550778
213,221.8768245293836
239,232.6027039571819
251,258.46682794733636
225,246.0728145194433
219,225.82615833580647
247,231.28468308530356
258,253.61005210900225
235,257.47554746998486
226,267.2456803243499
301,290.4286706372375
281,338.75290412257186
295,291.44941488050995
240,285.8395906112608
250,247.0609268708681
352,277.9956806117692
207,233.1131095588493
141,133.02848553188394
63,74.44321500616668
38,46.155630098724394
38,38.37444726793959
58,64.06966905786805
99,95.51968083603201
152,159.74152314394885
176,208.07515628522208
172,215.05302008902143
301,222.731685053919
271,268.17806476561213
241,249.28406760735422
241,233.3124328622712
230,239.74296566760353
242,254.62330854387866
234,240.38620084337023
260,250.70185234678573
272,303.581649648507
338,302.5175350012913
341,314.08730688681084
293,297.13666475383997
256,284.9433523519821
370,281.7586394203938
254,255.37128607015754
142,162.51689201027776
91,74.76115465650244
57,52.49249855552004
45,46.36214312142449
67,71.44887398354084
106,94.6587363790472
184,154.71647865778652
220,213.31872759419133
247,233.7212182618856
260,266.4490895343541
249,264.4965537611726
235,259.4801074049532
233,241.97062641950282
223,245.12999795439757
254,248.76529240554729
253,253.84448194341476
316,276.49060190362206
334,339.5830646833865
375,372.08013584178025
387,376.55662382991756
292,351.9785756868524
311,287.24991297758123
319,352.7021270134477
305,286.2791568964757
212,202.8187132549056
112,127.0988474807226
66,71.7294372683886
66,56.52330950956989
79,81.05192442726857
95,101.65303769731729
164,152.29562117878737
204,212.68536588408486
252,243.65338068415673
244,250.8371584694928
263,253.80036341157466
249,260.30937752722195
288,245.61643857487476
244,275.91464009171
257,267.8663780144417
290,267.3779701410453
287,317.57778481447554
346,351.09807247415085
419,393.81468606744534
433,430.0254700230485
375,418.5649412480501
368,383.94489883468276
419,374.7616679407256
430,429.89370881895064
426,367.1019106893846
282,345.72669084986865
264,208.75389821864894
231,190.09288694048917
174,144.99307476624418
119,120.30781632752117
120,117.6678754929627
182,148.77864214338894
169,202.30420755919744
245,223.233110710009
268,272.5322672534398
247,272.94300085301467
278,261.70878032000877
304,278.86322459885895
306,301.7497310259806
558,303.95317405784846
338,478.4431958712799
339,362.8002067648991
465,398.5209561419288
459,480.3515755407409
473,474.3801170383048
471,478.4016952756864
469,518.8889437004062
479,474.5777518438085
465,465.54228355603436
293,357.3396320529817
223,220.74590995530357
155,166.09952545462735
116,126.58496247832763
99,97.87185933876928
104,104.71054427451008
136,137.88390642403394
153,155.3563704607786
225,208.61557450499546
269,265.5936484498472
316,282.0198391812423
319,300.6410641960312
325,313.12167890304534
327,316.49349886768476
319,322.4505249777777
338,327.6458198801433
317,348.52507463795604
393,334.6542238053279
325,346.5013648292401
285,298.33215019185667
295,278.8736156201933
290,287.1372637626772
201,227.12374291431536
115,118.93399241120161
75,71.8775954198142
45,47.671054214813026
48,39.01978040674703
87,61.03898686912975
105,94.03360237850873
164,150.46259097644577
219,200.8932825983528
228,231.1867581084949
247,229.29587528705974
275,239.4228459518796
251,256.4887570695783
236,239.117536549059
230,234.90285629872324
247,239.46244309482154
237,254.21374235557641
239,252.4957375749759
293,273.44340240913425
331,319.0056628685701
263,299.5521780295199
238,252.91026539616288
198,228.6131936848239
254,219.53568100074224
181,189.09698710141788
120,110.44386960140642
62,65.84324732010134
49,41.39165842831494
62,40.573103463343486
75,68.1519491982403
92,101.72204898571904
150,152.96030502366546
207,205.2552097017568
253,234.23208141527516
270,247.20239510040926
269,267.1560379032637
261,250.39937520989122
233,249.62470958671537
263,245.1961008375866
252,265.2411978874751
278,251.90015445146435
325,283.5830947650772
349,347.3772117601972
399,356.5040391183533
412,341.83145016038026
315,351.64019389245266
321,281.95508696155656
405,318.53701129367124
219,253.11299236411836
141,140.67843882471408
94,74.95176935021199
61,54.54963017666447
69,44.301425998854
82,68.9631261503333
94,102.17562692575517
138,156.81320233678858
223,202.9955401156355
256,237.42988293408513
307,266.9948272722547
280,274.8524586660931
268,270.1665113951856
252,250.788197139958
269,249.08670995254914
255,271.7853452693124
247,251.62812873875478
244,272.7115327625082
301,299.5199612028542
350,338.0396026083234
409,347.5742154858844
355,356.01366596186205
263,340.883728651029
300,296.4006862138559
246,238.00589786509886
183,186.64255096375493
128,110.4969060565754
89,81.82532242047311
78,67.3481205111058
79,87.64643753416017
82,95.72566851340537
104,116.11105675107063
115,143.231855148839
127,153.33581690066322
175,166.54768138208752
177,217.61979937932756
210,202.77095202201681
219,229.97824473597225
260,244.59058572827564
332,277.600154682628
356,323.0217157900483
409,359.8751675538853
469,393.9932690649477
431,472.32325917326705
442,426.8255734619549
440,402.9619317381214
523,396.97643829433696
559,447.3167060161287
544,378.59223985010993
377,320.308750954606
221,173.22558815906635
152,118.87580109152508
90,91.60007367578868
77,85.74991849387615
74,97.23614921113294
109,141.11579581551769
124,172.7937949103895
147,175.64942191192432
179,181.81590617301634
246,204.16473697983383
227,242.30139503629582
235,240.68625792474353
223,251.20177244998746
236,257.9866251428511
224,264.792603888842
245,270.07009114730346
226,316.43941841747744
248,314.2917877729891
246,308.12136408952466
194,291.7247372644614
270,253.58590126156048
285,349.3501524493002
277,347.86610418231203
204,248.64794873400126
181,188.78928226646286
121,152.3264223487615
76,112.12359354571844
70,84.77960328742166
70,81.95348074915438
89,98.66146161255632
93,126.8615636826668
130,136.57774691759664
171,187.09353453366728
172,233.12901580307636
208,216.43684473715587
198,236.4695960371569
217,224.093170992951
202,247.3364374642467
185,210.35770564999342
241,230.1803585271397
290,280.09315581185695
342,324.0444064589603
373,374.52261221142226
353,387.08622062587915
357,386.48387510294083
399,406.43529701234087
363,407.4837840861706
275,336.0270882641948
199,217.71399145079988
117,151.12830623332775
87,106.54079251107818
93,86.98467506040893
75,86.60035225804802
89,93.94148055675664
126,112.5466875501614
148,147.43053454186224
200,197.13087832858068
276,232.52765256927856
295,283.01128755132163
290,288.50016884927345
313,283.8317938021742
309,304.7956130484115
251,301.3458547157528
308,274.22147404366814
307,323.8852775102979
321,332.77003173251643
262,307.77628566932214
253,263.6733854237608
260,269.26198826001155
234,271.1029371321661
164,199.41538103925393
1327,1053.9349064481653
1143,1068.4454149758922
1054,916.9748938674817
1120,775.141712240854
1029,585.6378481503504
394,433.41823794528716
267,234.06759961866862
194,219.48443318206571
163,193.04828286469854
180,187.80179754449202
198,192.94825532097894
201,206.7603852587345
213,212.8468321952983
216,228.49119053850094
229,235.81887443182274
260,253.15029200541113
257,284.81024954539686
316,304.7827369114059
359,370.3101322836577
453,423.1785062766706
546,500.4170176311599
551,567.2023433995689
696,677.2746518771456
842,775.2329324194634
1108,914.3084748304797
2092,1153.1217660505476
730,1053.2980598078614
658,665.4789583263314
370,489.2775999489866
190,218.83574997943637
125,160.79097430623443
122,140.91855710192246
152,143.16113954724827
157,176.07651104790193
191,186.59153370456806
162,198.05043567897465
199,186.7327379359894
168,208.27807239261648
199,202.36460974325166
220,220.76767754354282
223,231.55435568611497
248,242.78983538811346
266,281.12187082215723
268,297.42516313991507
269,289.6358496587533
286,290.23188910056484
260,326.8373581013888
258,278.18924881117215
182,203.4553402203865
127,122.16739418900573
98,92.0446415639079
92,72.76948509339934
104,86.76537371300374
92,90.01453624655404
116,112.527807297121
131,129.35189838886077
155,157.6627298062945
147,152.90874612328426
158,135.74472609006648
113,138.35998371991553
121,124.92249724128028
132,137.0066142417436
144,140.451203063723
166,152.62701520494326
171,170.5057845295865
182,188.55503459108922
186,206.7146635097177
244,202.64773887193488
179,207.06104093115331
204,188.3396302592574
204,200.28289256442605
199,195.87316113803007
145,152.06482937535375
84,102.20984654515443
44,68.92699250166987
58,51.482867379486656
70,69.22474854939797
83,73.79494483664091
82,102.92471049062115
99,116.81675132418088
159,139.6730886225082
134,151.496440442044
122,123.73441154006899
127,121.23399442747271
130,124.75312290818403
130,139.7632184214259
127,145.5903272857469
153,143.68583061044217
171,164.0458483400583
179,198.62990820908746
207,205.93147410470655
199,212.51178973582924
231,206.4110985067431
236,234.53343069419654
336,251.0127796059106
354,290.14997722361966
273,238.53790004262194
168,169.98238417170592
104,105.6326851288046
83,70.98633630559748
94,79.85420969631495
89,92.1565601079691
120,99.0615317272719
131,124.7255397800531
137,166.85170309359117
167,142.8186699949574
128,138.84644102700773
112,129.21092520523393
139,121.03866155744836
148,144.66483466072717
124,148.4449349627669
165,141.60117841730556
172,174.63944114418084
162,199.79427903378973
207,209.61476203474407
210,214.7565403968113
180,230.40630855229733
259,228.14262615190643
264,322.7616565842733
255,303.20899354469236
173,230.02635815281795
136,136.9096040860659
86,110.82052780223857
72,90.31103921358611
84,94.0632012919615
82,99.98657440919506
84,105.79284721765616
138,121.57116545884593
141,161.44753056034878
143,162.20371135669768
136,139.26801723960762
139,136.78656134917327
117,147.82447125102834
154,143.62401223944877
171,160.6466668889025
149,176.92317165238654
208,158.65737715454782
236,228.55119835261007
245,257.66695444727407
307,259.563321774034
248,297.89056754861343
283,298.9619602522134
313,348.16568212253543
340,363.5506687721288
280,292.9990474372331
215,224.77786743345925
184,170.16898090478975
107,174.0536171392888
120,126.80513824577858
104,101.78232004710583
121,108.0404286383079
160,144.3911886206445
166,175.70705742894543
168,165.13060340931833
140,161.2942583727344
166,147.4353556583446
154,163.98788769073474
161,170.53816112254032
190,182.70584780917082
186,205.54310528770307
223,217.79960861883538
275,264.5138386518552
274,321.3964424520468
317,331.260046698196
340,409.4918227980865
344,416.88222713152436
484,445.6314810598054
712,555.7176362342104
762,795.1267124267719
818,835.410338681835
634,780.3598942761255
479,564.579981628257
288,289.69465473114667
135,227.8749404954794
109,159.2155323438923
133,153.40596209352398
140,155.74343668683713
166,175.58271882219478
184,184.65069466156825
217,194.81112919227257
209,216.0483885417595
238,218.44681122303743
234,237.04323378527386
255,251.46033666846014
296,270.43327320966415
320,329.67051355433165
377,365.2975704999358
384,430.4060411416005
386,442.96932957153916
419,460.87917910930724
578,556.7101738081906
663,708.2657534098361
823,783.90720463845
880,892.2015644196257
778,699.2512934202181
700,604.9631874503449
370,412.32370581985987
142,194.44333397707254
125,127.86344062865275
119,133.000711851758
155,141.50675901443893
149,166.6682959543293
179,184.72402128145848
226,190.28418694538072
185,219.10715638343788
207,189.39742075107364
309,216.04395414209395
285,285.97252191323173
267,275.80614968143567
296,273.4940561486672
269,301.4397749170852
278,282.61748340336163
238,286.1836951408046
291,267.5524353710195
269,301.71894870175885
288,262.8864819034444
211,202.7710980499796
125,139.92269381800992
91,83.46139788457391
67,75.2646754007681
86,87.85232157383143
84,87.72511761287414
112,112.85270194360463
130,130.402397182961
163,158.4160844278053
146,153.5125007452501
122,137.10320676132145
115,118.29654248564542
131,124.20240019848546
189,134.1813196950305
141,171.62903605775375
178,149.54005319802283
179,178.7790349954943
213,194.7947086775311
212,214.4785884601655
203,215.62673667186158
220,184.98445692450937
236,214.43341820245175
211,220.9983866212849
259,191.76251562703743
164,205.93354478298195
104,113.86418539645297
86,77.35089277137513
65,67.51183420601507
74,70.18903363821451
67,78.70938630965941
97,75.31254302544691
119,106.49567807950031
133,134.62829453667825
140,136.56263514654358
147,133.3348973722667
149,138.09757798228384
177,140.27700958633406
148,172.73753437899478
142,145.64395567949998
160,146.60279006192465
187,169.30088680822593
203,204.85055505313048
233,222.57134237708064
235,229.14972545651554
233,237.1513104072495
259,247.4445864291386
291,264.90551024717786
266,291.26773713475416
178,207.34412964236077
115,133.11181629731942
87,91.28362193689044
60,68.35646976125018
84,78.78670316060304
75,86.94436636519954
114,100.19013640992222
139,132.84373588139505
158,154.31060609858187
152,153.6951319473884
121,138.1360420935321
103,124.39420881069898
146,121.5491706155879
135,149.4647010151513
163,145.2282037811745
191,165.64573700853148
180,190.97939576411824
220,200.81433515302746
217,239.70116749495196
221,224.21327828903392
203,224.65338662553197
266,250.51842810010237
279,307.0659921670989
240,289.3278840347804
178,196.01236220875893
119,135.22154276920773
93,88.55380174051844
80,80.92093462520488
94,92.39555989449217
93,95.4917792323039
117,105.00569708558545
148,139.18969802201846
159,167.92569176343568
180,160.77532818942987
191,150.98879250562382
197,155.38177160637164
184,169.33693073619068
217,173.38395371785347
164,206.70687647221055
192,174.7242469911907
204,210.96669600774675
215,247.48378718802792
226,252.86282521222205
257,251.55820204571745
274,260.3399121570833
264,316.2161670320181
327,322.7084930415977
366,363.8571547971218
385,344.54517765246396
299,305.79013981734903
204,197.76175241797202
173,149.36006433689343
144,136.59955438184588
96,109.02448696474086
123,113.00177781748086
152,152.20693225200236
163,174.18534636099108
249,170.42208461063052
227,209.30369239620956
187,206.39837863461895
155,184.4876256077287
179,174.4640033690871
195,188.98164132341424
193,212.83221059806596
270,225.0225628142125
287,299.70690013398723
294,324.26936548255344
381,344.8916316652514
452,434.5773082434195
397,503.62667680753907
519,531.0023585389249
618,712.6300872952528
683,741.866328616946
741,780.0870127304121
664,681.6301072239878
567,536.4851427886375
374,355.2369808605385
138,194.32815066048698
114,145.23181529543143
122,141.7564464423739
146,151.32815301739416
156,192.93465747437617
218,197.97926644514135
216,225.21929182532756
199,214.32876383582226
222,220.1046875210178
257,233.99638998081738
252,262.822880027965
261,284.0360170342887
339,311.2918999215443
366,376.8140516666112
434,426.71114548676275
469,492.1021387441796
430,530.7271706089862
593,590.9851898602908
694,710.95892036491
922,818.5903842394118
760,918.7764029403481
668,692.4748187015758
535,581.4223201478134
295,359.12373226874513
204,178.13248686572527
144,151.907887470712
138,139.42151757465774
133,150.9932528066496
182,161.33352536333499
167,201.24693535545148
175,187.80062888355548
213,187.9738243459058
193,208.5049974413811
207,213.18912045611327
259,223.22074251647615
264,256.6237423946404
284,278.8020593900963
308,291.84112236659905
324,300.7347683638082
300,305.6906379723578
363,310.787057984233
345,357.308709023224
278,308.8935384697481
191,211.87298452518453
146,127.73062511983537
91,101.86235505966457
78,75.74057304003314
97,87.98346296193573
74,92.05703130230393
128,118.66186066521249
131,141.9185964448927
149,157.3996364593595
152,148.56660115688527
143,135.3073587639084
131,123.99376036906828
151,128.35584237979842
137,154.4858903747219
160,143.98709987989187
160,165.04299059227193
166,175.6239209296705
206,189.78998338343527
219,215.57300220049123
228,216.39895246666845
210,205.9482008400759
230,217.03665784010144
239,221.52123415033182
260,220.69253959802128
175,179.5740572706257
103,107.75719500952175
66,68.02315959974455
43,58.73588647798421
62,68.40102912328169
83,73.78115777958735
108,97.31352267676529
125,123.8843055527345
147,150.2287065647894
155,144.37118673446975
137,140.63456001783416
119,132.3649319459916
136,137.80784097363565
130,144.41410595850584
162,142.60086683324445
181,163.7491000671799
176,183.46037367551062
189,204.38212181047507
227,218.01746999638596
220,229.11083571106616
203,227.32138945456555
244,239.21567546103213
239,280.4525991586315
226,272.784671159657
174,184.5940460049784
144,121.40521687811301
76,95.28582255089698
80,57.99272152172042
81,84.01314258717701
84,86.86252302580623
135,111.99852696646822
123,143.2054410063727
182,154.022993412769
177,164.7004546948439
152,144.64936375249428
138,127.85104815437025
142,139.20359344414464
139,140.8830990243915
140,155.7942568283129
188,166.8741437158023
225,189.64797624441414
229,224.0469831040074
248,240.50261552080184
271,240.63189078281042
225,250.91499486203338
263,260.2115288957326
287,293.9775917182799
299,273.66127828052925
209,214.55281308167892
145,153.03717054922848
120,100.44668190621803
91,90.13483741901216
90,91.58417262291297
101,95.9099372036278
143,114.57545591533429
142,149.41592161690164
148,170.99895316297167
147,166.2136151766718
149,151.2583807527786
129,151.49453633391556
148,149.9664392574197
153,166.3458846259287
151,164.5181596623434
159,175.7191528622436
218,201.60676145174926
243,247.3073919080818
273,267.21705262865765
307,293.6536578166091
400,300.3275838973777
362,393.803681832316
345,379.0948906595696
366,355.7753901798199
312,324.19551748136143
259,246.89207305846705
176,178.11700057218306
159,148.58079225105877
119,129.53104526683254
115,105.47299440156759
145,128.25745979089692
148,159.8944920572776
213,168.81790368576495
166,201.39165873019786
152,167.84260202608965
138,162.98849893370414
152,155.39379487267985
184,168.89385395466732
202,194.98436755750984
196,203.12309624741044
228,232.6749052758536
269,280.2102287486964
337,313.48574461286984
382,377.37225413203566
407,413.0643931079581
488,452.6268458363309
792,616.3680130785618
711,854.2567589023495
700,736.1904756145055
779,672.716637381538
609,716.9345460157141
486,558.8429315380548
360,387.76262355256307
145,181.93059849188083
136,140.53298161368647
155,151.8124012216173
175,166.32327031141867
173,183.70175437800754
216,193.6237816013215
197,219.64028347072076
237,199.730495420701
200,230.10675478145123
254,224.49265870929887
262,258.921488217568
290,279.4739805401877
360,325.69387431944443
362,396.16405000567784
416,420.5784343959283
432,458.784326095023
467,486.3536626048572
530,652.3432873828008
616,646.7367985797335
684,730.3818951468969
746,722.1467172744157
681,665.0355992611019
585,564.4417114028106
384,335.51131621308326
154,199.69580185881983
171,138.0979131816868
140,148.79079035883507
143,148.9147920933298
177,170.0418681277789
179,195.72811060604081
165,192.17070686902014
212,188.1193473978643
214,209.0546835828436
252,229.93354378085556
208,257.0826201997409
267,236.81316159091693
294,285.23392353080294
306,306.0590062607579
344,305.0822604691176
348,330.2046111189751
316,354.0913391943253
329,316.0365240800428
290,301.6732100959838
198,209.22274200214184
129,129.99222442165126
111,86.65680116786667
110,76.88408617105141
122,98.155301728293
108,96.58905017694391
129,128.8999782761015
137,147.3455723427297
172,163.18845551255427
186,161.97702008678561
144,157.38582610088207
133,131.1910802602466
118,132.5202673450707
143,143.9032939047374
168,150.6781333447721
177,171.186481184961
191,176.90814208763697
213,211.0720217745516
223,219.88964776877478
221,222.45137164799874
167,211.81861995355732
172,197.3568393154258
192,198.6633092293932
177,198.14311952996388
138,145.04273959921832
82,96.65608924421684
55,61.905535980442956
71,54.26608332443187
107,71.10012876151353
101,89.90423879414251
118,108.75015846962812
125,133.85860197561448
173,153.224597757962
167,161.2549400103902
154,146.282703176513
140,134.64042207458263
171,138.11677400272163
158,155.4298311936073
185,160.67562312937744
233,183.4911451099024
233,219.4987655547291
250,236.566665320255
290,251.72089387752033
314,259.4373656214079
269,267.5952192446135
270,259.09477846570735
291,283.554618612303
251,263.2661150352232
171,174.76648339478496
128,123.23584178918233
79,84.33504317308976
88,69.4093445718992
105,88.24796574006798
92,93.4475537973095
121,123.49067943531854
159,139.27324563530127
187,180.5364089431829
175,177.2466969761567
144,151.73468401212838
159,135.68977585723414
191,154.71770202263716
191,175.62605078881967
177,177.13261737027912
191,192.0475600708174
226,210.49756331154398
241,243.61286318158722
248,262.03443073508674
348,266.5565372533858
269,312.86969212239705
232,295.1809006013707
247,276.4723175176809
283,265.7383423624297
271,234.83101651800706
282,197.3530395086687
226,204.11665992338098
219,160.07341151050517
163,159.74164591970606
112,115.80650856372912
128,113.5688847851902
85,130.05259813200672
109,109.13841095215682
102,131.0814731978858
143,101.10288077514402
133,134.69033264546832
164,145.46759951858292
214,178.76553330953894
236,214.6102408830291
298,229.27319483002978
319,305.50137746019146
312,313.2956864032493
320,327.7056755126851
293,345.6427453016045
284,300.59808796789457
333,307.1324586860303
383,358.1291851136838
387,386.361177914854
312,346.07009539316334
246,287.73003546574614
157,204.57413765543086
144,154.2246947667926
115,132.95459417048724
71,108.7062726463719
86,121.59493761331746
113,125.60080019080691
104,147.97608034763965
102,131.50333942172898
128,124.17569189092458
121,148.8672155523605
110,147.6383419240916
146,158.4102246988936
147,186.23728073601345
149,180.79501842305572
199,204.40693134667387
194,264.9307595521562
223,269.63382194177353
230,277.1622744807909
225,280.6497488465736
268,286.7758536031075
309,390.1260458913694
361,419.712168347376
386,419.4892798900262
340,400.84311157379403
318,333.35185765339054
260,313.6434675805345
189,231.84730789602125
80,128.0528706161325
73,95.37637410686834
89,101.1304186092866
100,118.53699629904371
126,137.07269462412822
132,164.3207635683265
135,163.90227000830617
142,159.77287949886684
179,165.13056545788382
168,196.58756535488246
177,201.70824341983135
186,212.9840426200244
240,236.10812242631468
268,289.48672155520234
291,317.89426226938707
290,333.4282041962534
299,343.6604886273789
423,387.5013543398849
510,542.0716053556149
535,602.5520879515743
541,594.8037428558339
467,483.8880009445347
460,396.682525409431
284,307.4235084551821
167,140.37137350663642
102,128.95989809619508
95,114.23046900516277
83,119.79294819718795
126,124.5294113621506
147,162.92623852684082
183,163.58000398909738
169,186.89269985093682
225,185.18931756365453
213,222.024820619442
203,223.70257701571583
204,227.674768643705
245,243.6978596382544
260,275.572937635457
247,282.372872360965
262,269.27955757886303
222,296.6765691669169
264,263.7327566516196
229,272.5990436716257
1816,1112.4069047562373
1640,1122.0485663340958
1588,961.9173700872929
1525,983.1423120868203
1250,749.7193991711002
721,746.2249514529256
484,387.11862132651504
421,376.72982590819333
378,355.23961083252146
372,353.6012184149506
364,366.107180716643
389,377.8402342239735
357,384.41023569231993
382,364.63167029386733
398,391.89876262334906
370,400.19998898617064
405,414.19467992765783
398,456.1390382274896
518,497.150934299343
657,602.6430334404954
705,662.469480259101
756,733.774061780472
913,845.6457837329235
952,998.2599679999374
1198,1079.8736809772208
2459,1208.4794704556573
961,1084.0763360515798
684,854.6929076332219
455,556.9835789610403
309,337.6580104816013
293,316.0576193819798
308,311.81946027441006
304,311.0791745386711
327,353.34861208699766
349,361.8614041669599
397,375.7354941131021
339,392.01997138148226
300,349.47380080780977
344,326.6199301802996
331,347.0584118559602
355,349.05195034362254
366,379.6145930747087
351,390.4855935271238
382,358.24229929282444
355,378.03103091294025
390,379.4346170632807
399,421.6057679815449
349,360.44999088944013
290,274.163072815973
173,184.11599937149995
104,128.28522317456833
138,103.01891776115613
124,139.75858328905608
153,150.58003756953877
215,200.78744590116375
271,260.5442794972996
288,303.9502171574204
244,259.0761813435999
230,218.48769293962172
208,213.7386018677571
200,203.49495019359418
230,205.91541311152983
205,229.2381006324345
248,216.48660123497265
237,257.48821876155233
270,264.2460296103558
304,297.2580492409609
274,284.0049937419925
241,255.56817202444373
253,247.49973913757358
239,258.74134202061464
206,222.88916801059577
163,171.41316721189588
107,113.45723807092415
104,82.68087577305059
93,95.86038146174732
120,105.34220034822916
140,137.4957455057739
167,189.88635858313404
208,248.34447048499976
238,283.85587790160696
240,232.69448252378425
228,208.51291002258
222,206.19927892779927
182,206.43611514491366
230,203.32856098620664
192,225.83145943456879
220,221.15764668749523
236,231.02529174334882
276,273.5568166999679
321,303.23926407099395
373,318.03265136054176
307,335.2770882582812
305,296.1568696396509
407,310.52317461358575
413,308.4637694315896
323,264.40212932739325
220,183.18513355522936
129,132.19791802866843
100,96.57564868067084
129,111.71184040003602
158,145.73035677909877
190,189.95936669312823
246,239.3388011266996
267,290.20418558002035
246,250.14821130907515
193,219.63077945071197
205,206.28711507952985
187,198.85242754213212
199,214.46214211539686
240,212.65480460700033
247,235.8489711838863
255,259.9605357582357
268,301.95252964292325
334,321.30819501515083
323,343.60157529707703
292,327.54514584282356
302,328.74154855131445
317,370.53937423666446
297,345.43348965586785
204,280.6068599407544
141,171.10010318816535
100,126.3065966065572
102,100.61203186947655
121,131.09078433569803
155,153.23522431698163
216,202.00418091322356
284,266.05468490082393
285,319.33277300147563
259,263.666488412105
213,237.63536995657734
235,215.23505283689963
241,228.7884876910912
238,236.53780053708564
244,256.7212877666326
231,265.85177417229255
282,265.94675909292084
354,319.63124773234046
404,403.63220492467553
400,394.672970937658
344,388.65447967754466
357,393.1560659470094
406,426.7895775909186
439,416.04760781609906
373,395.5900579854577
330,294.3855472647184
189,223.22783581501085
164,169.83447788019348
164,156.85090320972466
151,172.57061530404013
209,204.13082815417673
288,281.54456538259063
298,320.8019088994638
264,278.66312385678987
268,248.11501826554465
221,255.68930203063323
281,244.3294363246336
243,282.34831689713525
249,272.0246827086528
286,272.91289142023317
320,325.30353681097307
387,387.25750704976616
479,469.1031323892556
510,537.9263945159108
459,559.7315077671201
472,466.19759708887756
547,541.6647155779909
720,615.1635333200675
694,788.7568878015472
721,736.9243501028376
670,692.5157177557466
602,647.0744113592801
406,410.60566451846387
260,265.3993736908717
231,292.50063952242215
232,294.1073992189008
287,297.80539087670485
330,321.7129397730955
319,348.5930544170876
332,352.18309981023845
338,345.38382282322436
350,349.2394261408452
349,361.81205436705636
371,359.083081593099
345,400.7118141496657
464,403.4992071460037
537,538.7246994506894
548,594.0509142310908
517,607.5926366045276
595,600.0162128827004
657,718.876350388114
805,771.5905998848559
872,814.7100261914212
781,943.0936998113046
794,685.6595033108005
742,651.794946972746
474,537.2088617397742
322,302.24214586060856
262,293.5365464172271
259,281.32379628918176
250,294.9444612196125
293,323.68395700735584
339,335.8595651126496
345,360.3365293635987
365,350.5476701846832
327,350.51458521996386
440,333.6935868631809
389,408.5056445849453
370,378.59645203708976
382,376.7827982875073
426,389.17753527935054
382,405.45513467909916
343,374.80328003540063
341,363.1488174230794
314,389.0700063987099
336,308.6603262680037
259,258.9519522894006
156,174.00169830954263
97,112.52651704229932
104,104.8266018188474
107,133.38611997875296
164,154.82372445972626
230,215.45290882572806
252,288.0010834808654
278,295.2974564000625
231,247.07736276947432
237,209.5417621168633
201,212.9595456048308
230,194.73955837634935
243,220.9998869595416
229,235.60634815891277
212,232.54119659531406
226,237.9824248017805
293,257.68569735277663
317,298.1907924458852
299,289.490740408907
267,264.2494955616884
266,257.91967408544537
312,262.43118221296635
289,260.47228070262076
213,236.8476261814696
159,161.18591548883748
137,118.55980424611694
134,104.20620672844045
194,117.03256097048383
134,169.07955723909012
188,161.74557105921775
227,221.52209881647815
278,252.48555857716434
229,254.33925300106793
255,227.01216124303295
247,237.72219823797508
205,239.885534849946
250,221.14178369165305
254,249.94577654401775
208,244.7899568773716
269,230.94916415199347
292,291.073873390818
343,319.9937496379591
349,346.07542864486106
299,334.6256354747682
262,303.4293461217665
330,272.5374016082576
338,295.16373837953756
220,246.7107491520486
163,155.89618750802674
109,125.51722760309397
99,100.83185725037758
127,119.21737251204247
169,150.00181183389682
205,199.14653832017694
250,249.31810306562843
277,291.17838797244843
255,249.40549004814204
210,223.24394699335386
252,211.6922580963869
228,226.1835187847652
240,223.5985927168001
225,249.2266029429482
225,228.01728011070105
256,255.02923741945798
324,295.198314191279
327,353.07505462420266
320,331.7441465106323
277,314.4867008352703
281,300.3258849598991
284,326.5387139799607
295,297.48694350093143
242,240.09412021369653
138,173.15604271061468
85,116.43702313148198
91,96.75674477728313
116,125.60284438679489
158,153.0948696241139
197,213.20122231953414
257,259.2536837445495
305,306.9726279254569
275,275.7092276416666
267,235.27746439932304
256,254.23292031841106
274,250.21787676092185
246,266.0241497215127
279,260.99127195645326
258,274.2507709503084
284,287.822410540929
321,345.08777469088596
407,371.92468236751995
363,398.20388939894735
344,360.5876503907144
341,382.07661327958556
425,411.07327289185275
469,432.4586038135256
384,411.75469660137173
284,314.7110328265023
197,191.60221015433305
176,165.40264101952187
186,159.569707685554
173,169.80135721676226
247,208.40685231293494
295,295.3040261070283
289,323.19829998631815
344,279.2128407538533
299,296.0831335556418
242,279.0077218385662
283,269.75671341457814
260,281.1339547823661
308,276.52800310382753
305,309.04714526820635
313,331.23999190748594
409,378.2837264599152
497,481.03854699014465
580,539.7190260263857
604,602.5057106632464
493,681.0841994400415
579,622.9064963597809
758,765.5641955970322
758,853.4111251911049
766,811.5020755224922
747,693.1851245298549
637,639.7689000286329
437,494.9044325682652
303,282.12104500914575
310,306.1424616927291
300,313.6748411738331
269,319.3437906316821
329,337.8020537219309
347,347.83889066309933
355,358.3607379258631
336,357.4000850542932
376,350.5126129117285
340,382.84075383037856
362,352.67173749618206
442,381.850402047519
467,482.5338114739851
555,550.1208213867881
586,616.4795228752846
679,633.4190729965192
598,715.7490104990211
728,698.6015965003523
842,845.2435228039227
934,841.382557154717
947,961.9997155913835
868,883.0882021165654
695,726.7683571074882
513,486.8151957372019
339,324.119312196153
323,317.4823041887366
278,313.01651074234024
273,288.84810202881005
337,324.8061654401051
393,363.28715924568013
323,393.9832918076552
364,343.9537514210325
354,355.29556933535133
353,359.1914323733596
370,349.5050866505008
381,370.3993484123185
412,385.4765387813689
449,426.3085650378398
442,401.9138011740574
381,414.2999883503902
334,375.92368674277066
422,367.89117829193617
494,385.5685899869668
268,381.99133026944173
149,165.27173586238598
102,106.97739111746431
89,105.2896516624086
128,129.08177501158545
155,155.9460709391898
223,226.09173327117804
249,268.3001546288168
272,299.5892870986505
257,244.43218310309675
211,228.65344803012283
194,198.6730534698194
236,198.218679552505
197,236.19003120623321
231,211.1389840998636
239,235.55141376381226
268,244.65620891686237
313,290.18781793533554
286,324.2320764491231
307,273.2075224107157
324,277.77029230819915
255,300.26817310799277
296,266.36337416335624
248,262.4822338059443
174,187.14434422175765
99,121.50402108791128
100,78.1200602541469
125,99.26870725546058
108,130.26318225651696
149,135.47386725467058
213,190.81668887037935
275,248.59357256853738
281,286.11771274472443
246,247.28750828419544
206,221.3435394671039
170,205.21463682050788
217,186.08630423054203
213,225.89599274999483
221,227.06510677914918
234,227.21494930801666
239,249.77107082553104
291,289.6013368258119
362,316.65263898015
335,359.03614418826567
258,325.42716298911074
240,275.8593715115219
332,295.0618689040043
262,320.3531194985251
218,196.5124997932857
138,151.16247781632143
98,112.69233057901262
79,99.65644373848633
102,110.7381680335
171,149.20193958381273
202,210.60464921543974
250,260.89319150313304
304,291.44304058267585
310,261.305777683696
236,226.85804270775554
225,212.3905818822708
225,222.49698822265472
244,228.85358909432097
280,246.31405012243135
268,264.3120320349104
280,271.04151792881015
323,314.5112997138739
382,354.8210836621413
365,364.0044608328031
290,328.9691122212203
314,297.5869926069657
349,336.19416418511537
326,305.98791429013295
244,246.01441407687616
150,159.42323049937644
96,111.32273770065554
109,95.8577296505872
124,119.94303313048768
143,159.7689976251207
205,207.90786554072673
295,262.59450890503865
299,321.71340442573756
278,285.25210186427336
276,248.0541499422442
229,260.9041474908469
244,245.5060352271932
249,253.53314436280806
221,275.4312985946196
279,250.23181081280828
283,302.72980068285807
377,339.62951303395573
440,422.7715141748294
429,423.1891531284023
472,396.31010417784285
372,447.71516425452364
424,412.4841985741216
459,443.0625785504402
388,414.1298643239024
248,287.7385487481313
205,168.82909831600466
167,171.43782664171937
176,172.69611278240515
160,165.1935523525106
230,214.05256509825097
302,301.8638916791031
303,317.8020148900777
298,291.3844923809535
294,284.4448298014882
305,275.7192536328837
316,295.98057142666136
278,307.89585410671197
305,288.65535732091814
265,306.01984147934235
351,311.5084316550386
416,414.32183192699114
500,495.5675048117563
600,582.8197933102189
526,687.9405058892504
547,608.0695239328146
750,691.4254104270783
694,845.862075288221
746,715.5865086524848
770,729.7431507195969
756,668.8821138974453
620,630.2420164084288
456,443.34971606571673
254,372.6154346663066
272,291.89721365601474
245,308.21754235075736
291,286.052042575044
342,325.5763915647228
351,356.75325733600897
346,371.83522702635014
378,356.18760172424976
380,380.50571109970315
354,378.42291672818186
370,359.7979294305749
458,405.3614748703996
533,494.47909773979467
573,599.1348171230003
611,629.233198891559
602,649.0791826215573
645,661.5796770968544
816,753.0479565187085
873,844.4707027549894
897,896.29177599701
967,893.1159054614169
938,829.5270606253162
838,749.0841133476264
618,590.8254037496355
388,334.31463738993324
347,330.85983914147107
319,315.29991037581846
292,305.9672166253745
334,335.5145197479578
346,370.97884690429566
379,359.61859761546395
383,379.27196988263563
356,377.8896809332913
377,358.95425886103044
360,367.3273326154219
355,369.15876058095324
417,380.5070562939665
455,420.5208280438733
430,432.9665255513024
405,399.4507550219002
428,398.63274882906063
383,444.24324632181225
352,336.9303613256306
339,257.5808749068172
177,187.56700081107363
143,113.59094981944948
135,117.56785485343849
163,123.07107691436339
177,165.40200537009326
207,244.3624522022562
250,274.30768783036643
283,290.4813380390921
294,253.75703095259937
244,242.77642818629707
217,219.37383342682196
217,218.0843358086619
242,223.16507392500375
234,239.82012216074077
276,235.44082476482862
248,276.32438721773553
270,286.97711649954516
296,293.90251666668183
289,287.2719449198636
242,269.66201281137904
225,251.54783963532563
243,250.59948182348114
227,223.51259855378612
169,182.29333867675697
134,119.37145951741365
130,105.67399278129894
74,112.4449250873495
137,124.91256982846991
181,146.55498073994224
222,203.94074077603466
280,262.02606974561667
309,293.4680707338099
268,266.0351224972864
228,232.91943300633628
235,209.88525560718284
239,219.88311804044906
250,239.57523815602985
262,246.48821509562418
281,254.4768301513958
319,282.45644113674604
320,333.2282944768843
403,346.94925611826056
464,371.9244932336813
361,386.08854754997844
318,318.2504095095509
326,338.2556656340946
290,318.38612919174
189,208.8704064199172
161,140.3354063539417
91,119.23969638352041
114,87.3162973028868
140,121.44266635092953
141,169.133511549135
235,206.10976958272045
271,290.3417621378172
284,307.04762826148436
277,266.0075666620345
261,232.04840334874493
250,245.24405524938715
269,240.16248792878258
278,262.38110860493015
285,280.82742119490337
284,283.56253155248226
259,304.4082897767993
342,309.4424838246182
329,379.6343651082722
451,357.06446143608906
354,402.34442773198265
326,349.88248780426085
342,341.8312270114134
331,313.3304989806678
367,289.37074169857976
346,272.0786903140963
301,248.1246103063917
279,219.74395526849742
242,196.5972873320942
181,187.91020513944153
196,208.03030445094865
178,246.49245900677136
187,212.4052878792135
186,227.90574293567576
216,221.89066395914585
205,236.31513685173064
252,236.67529331052225
303,265.98461660661144
358,314.70964808493545
429,356.4021096458701
451,402.5087657292433
535,455.71623783417107
528,534.2107933808845
478,540.0170674264232
475,446.0520619767017
524,440.7991756984718
652,511.49416568657784
600,607.6829022742224
475,494.9052927177681
353,373.2002579871992
204,267.63329662205996
153,186.13839638458182
135,174.09910571864222
131,163.52303694402235
139,211.20198086894902
162,214.69883273626976
199,226.75015504655585
199,232.97762344996465
230,236.2816242621879
227,240.13047595353012
218,260.0409169755998
225,253.78275944547616
240,273.9987236133932
255,279.5989545319178
258,316.9415227241443
317,330.87923860941993
339,418.1995275616909
355,446.4484788285817
323,433.29637800647686
336,417.67053357999634
370,470.2468925847832
452,482.0230186760021
414,535.2648061447829
383,465.8905242693021
362,375.71481873528523
367,333.2265760054259
269,302.7119119884407
238,234.37242982453125
163,249.5964155540139
186,212.8201010063033
204,238.08623743225198
229,268.6220585092976
228,282.6514525623954
260,279.7615479194633
266,292.74543568714773
263,304.24898652402754
273,294.5970906579371
312,304.25565362943917
310,348.26916422007156
356,370.42414375697615
381,422.553826182358
402,433.48270107131293
426,443.0613016082006
397,476.98693529784754
464,496.42123194669
549,482.68829644906634
560,629.1842954722431
593,573.9724053305855
514,494.87457053515635
429,453.2672028604171
390,295.09123922280725
302,298.4747323580952
271,303.4006376603566
244,269.3255423785287
222,261.47343406970145
260,274.90537939550467
304,306.8271096502513
331,319.99187629892106
304,331.45787955737023
362,311.4465662220069
320,353.4411539172742
347,331.5811053557576
313,350.35068365209247
355,355.99650225201464
350,387.14143144378295
322,363.3997669409635
261,331.21774838681824
279,292.32437100678266
317,307.0334532570458
310,323.4422471126333
167,160.99418227113188
162,112.95831071554038
123,107.6648188416744
136,94.75780374895882
146,98.74085386131769
146,125.77229659026045
155,168.6642543203931
210,212.02694976552797
256,263.6780608735025
269,294.8434282445285
283,288.41506952877734
265,277.03525743176505
248,266.02149670636237
251,274.4972375803589
268,284.9089204640286
279,269.5677407847211
277,280.1938200395508
285,286.9893048741734
286,297.4368297505086
294,288.7997548629032
261,278.28026561179286
241,266.5830747446706
246,244.09581044532462
197,218.1142835767079
172,167.36942756892418
232,136.29633187841003
69,153.74332797379293
70,82.40800029130233
96,89.91554724246473
114,102.53591737883092
141,135.94911092526607
193,182.04540506439528
188,208.13253231769755
274,248.39256866880152
277,301.91822939958297
251,269.17862335653075
240,240.54568338337575
260,246.10596787408315
245,259.2081595104751
240,236.53808591427565
244,226.2832061627674
225,239.19107655956574
235,231.09326424814697
231,224.08308861027893
183,204.04388142130495
203,180.61893071428887
149,188.75502012673124
114,133.88071966544774
82,83.91125461952338
56,59.075861811078674
38,47.83561571893968
62,45.100610385638355
86,75.78384979999798
158,131.9682254243116
252,221.33829043081283
371,325.2831500406763
332,356.30509081486304
224,259.29022809943524
196,192.18455867971312
173,179.96460538342694
194,178.1077724595242
204,214.22408319329995
269,221.6432360417125
241,249.2083082988934
248,225.51577549696663
245,234.7565294790729
227,228.50970274830124
173,194.314927902019
166,160.94409685209908
142,154.82977947430996
136,144.67369934883473
139,114.50110130125817
80,86.38547399108377
39,51.60904774807275
56,38.14070990393375
58,54.39187491695884
108,79.25744922839264
150,162.04063094445357
215,259.39955195924733
296,336.6732863848151
299,342.7199755811696
245,245.0754944611239
207,198.77559760544293
203,184.69143137601787
184,194.3374325694622
204,212.3074740728777
198,246.15276381020456
199,215.18907228650667
234,212.2680748369094
197,244.14578644662373
194,209.06472232846926
199,181.0424082955011
172,176.19982801215573
152,158.81936998597536
169,154.81170272388636
127,140.79778312999196
93,85.9832518643928
56,54.24110321531327
63,53.57804822037605
58,57.79380470661091
93,86.6422075314285
138,148.26633289203235
275,243.58298977231397
408,359.1316630590478
388,364.61035460389235
284,282.5807269540167
207,211.26542186289333
192,190.12187146771032
179,195.17728939650135
200,210.638290520007
284,231.57920786669385
238,251.24737151567058
248,238.68143753922348
251,258.2540317292111
233,232.6198482294261
185,208.39201719537226
154,176.31486170388473
164,163.97945670811305
149,168.26174077653033
130,129.93798856455575
86,91.77919911679786
60,61.32481330220973
47,53.23409687862469
73,53.94864956463043
77,92.65270310564026
147,149.78665681751855
287,272.4834266895538
414,410.53788059818135
389,414.87824025116197
272,302.4457148675204
252,217.25645955109843
208,230.9631989167435
222,207.49430824294882
220,239.42086047448743
254,267.2292060569183
288,266.1159331241205
264,283.0360933107843
291,276.1460323695324
285,269.9467147493515
225,237.13731689435383
184,196.84876022205432
180,177.37823310365712
173,176.62639305920223
127,152.60311692143867
122,98.46362987213966
53,69.10556191022789
50,53.38726422125332
72,62.14808796934959
90,91.99951274042716
157,161.81560873413477
294,264.8457024865802
388,402.4734252790448
373,389.92453829543365
297,299.37945586570663
252,253.74969082636483
235,241.00435073689005
237,241.52500970675996
286,255.17986584358513
330,304.65555758585407
279,312.97727141501656
273,291.6793263801699
348,303.96679767340373
335,345.3454783628513
281,320.29977745914294
251,262.5809132681881
226,247.169805154753
232,224.6137675427593
181,206.58440357092022
135,155.62468910441052
127,115.28091942105986
75,99.05727497855196
88,77.5458893742833
94,95.16158758743288
101,122.88311044918257
164,154.10484970913
193,218.50211778764404
269,245.5586293918601
275,288.06231120034835
261,284.87991440135164
230,267.3417939160878
258,246.31858923512533
278,271.18210082101007
260,290.0833895342088
255,271.0461690169557
262,275.8152936907548
297,280.3809418585597
311,299.190474567555
298,302.18424809567784
256,271.22567357491596
205,251.0021551246637
221,226.02858996103922
209,200.8125697358553
167,173.0347969978573
118,134.46203450014326
94,89.6013476568454
79,81.26096310204646
90,92.51719483701245
108,101.04950605210146
134,138.55400612703318
182,186.5022102818367
215,203.935106647084
275,265.8401905133983
285,293.63086381569406
274,263.31300439488905
260,254.21727476537635
273,254.30572471310498
324,261.17269959393275
270,278.85560579066606
217,251.5113731638055
221,226.6509448751378
219,232.05937162110044
201,216.36861609832383
176,188.54580968045818
169,178.4103985463505
158,167.13722776074994
141,129.01713572347154
87,85.16962092684288
76,59.680539870951044
45,49.85918143784079
56,48.080090331223936
75,76.73848051168552
144,136.60809281304526
258,236.71726300360234
402,348.9244465556836
386,363.49940032906477
287,269.6169711821442
207,222.88963788761666
192,185.0448632402092
199,190.6977344019103
268,210.43665997218667
331,261.69163221048876
269,292.8186620942591
245,248.21535156832428
314,238.35946617873026
259,265.50584731802616
211,210.70285262988335
209,180.6243085422071
154,165.90880808116066
157,147.23884071701752
128,129.5239619048098
96,94.74870560047847
50,66.38519856888513
46,47.96141782037371
52,55.48796140336306
85,78.79669420977092
130,121.31220064227408
200,201.13174886210277
249,273.42409248854364
261,293.331333607382
242,259.9974806655758
218,220.50544496856492
180,217.07659038820339
206,193.6487085155895
243,228.13857732436392
244,261.21116981220547
230,241.4610098714872
215,235.52543968578465
227,238.00182414104327
196,227.51918422959724
182,205.60918068194727
160,181.35455426325092
148,155.02725386486853
153,151.700353929439
138,127.86248945391962
89,93.76633275110612
64,58.31847649973819
52,55.391114934315304
54,55.826095938977865
75,87.1117580590547
153,138.1409410926058
292,242.51208548439837
405,355.06924144475664
414,360.1011526570097
288,292.8062131939629
217,218.69415254393132
177,195.75906613133571
177,187.4322310166612
218,210.8262018172227
301,248.8056793348902
260,270.4792605986654
244,247.45910088693375
312,259.25444973084564
233,260.6605101674124
195,201.9538174557791
187,169.74665635284185
176,167.30630332376364
157,164.42388006323202
132,129.61999949920641
97,90.17819591025689
67,62.641688072302586
62,51.48652658975655
58,59.7125389763944
71,83.73848715054594
156,151.96567970228776
287,280.9840245555733
403,411.3466652657418
403,407.23238918269794
332,301.58644984412285
244,241.16186743655857
242,221.85218294801675
235,220.26688717894064
251,238.78168868332637
314,289.7514998951106
286,298.4457354902247
252,279.0553040514333
319,284.8271898840534
239,284.7485321182295
251,218.16858166972372
201,207.2787471222996
171,182.66461321588702
165,177.54341858272278
158,144.1728930290523
80,116.93101771623182
60,62.03090357890907
49,56.30720379415505
67,66.98960150465915
87,87.94226432086998
154,159.54275434841406
290,280.59174955009274
405,397.19915808991226
383,392.4552185174877
278,305.83126737214843
252,247.3222287662765
228,244.76054383257954
250,237.94533583257797
287,269.70079595407077
277,316.0206952406273
298,288.81449886604605
305,288.8174217357337
355,334.8960022920061
336,350.566809919236
293,319.835474499237
214,270.2545872039486
242,225.26644614487296
227,232.49854859373886
196,196.14182281406246
164,149.4744100767066
127,129.6667662962255
87,94.99508945858109
73,88.75103551280648
90,90.96572036141995
100,114.37457460114157
152,152.93506911879624
186,223.08699620648932
218,258.54428088810596
331,264.4688129119974
274,295.1581406393622
273,265.98929698006486
244,265.47532778026465
252,268.53956324028206
271,272.9426885652418
278,271.76131337857225
272,280.094984307609
295,292.96732551828694
300,307.1558884129059
294,293.34041178454606
225,260.7248698902251
249,232.62897516734185
245,246.55591801013998
231,215.3266426656032
185,193.82838615325608
157,146.77416695212247
125,104.30495583325006
99,84.17410583316847
90,93.98816027209634
112,102.40938529828902
150,137.33229801733532
176,183.78778620492886
185,202.4138665631043
270,261.21857009077246
285,294.35571222065585
246,271.8650003280118
246,246.32143082650614
242,252.03638218991514
243,255.02948398858138
250,241.13153932264294
235,235.07887502064727
238,232.95634440133756
244,232.21214978845566
244,226.0543367500565
224,206.94961894800215
178,206.02639455085452
192,168.05793054605013
152,144.94103446014628
106,91.67163105686866
64,66.07707929786463
59,47.53297794893802
44,54.30130898728478
78,76.6829899233275
152,141.35085311155248
264,252.48206762380573
384,369.229519577217
379,375.9444913138343
290,288.9849400214863
225,226.90028475383508
196,195.06072723111234
196,193.90936748915496
218,211.75258528122325
291,244.94033436882793
253,267.08549767685315
271,241.23545141689672
260,268.09839416358955
254,242.3363076105324
187,211.90764559639712
157,176.10520959339752
159,149.94659244562453
147,150.26540320346066
116,124.10478839556617
67,88.38418326437105
51,47.34682627536051
43,48.6954961391675
54,51.37253605762236
72,87.83662736334944
157,142.35350814857017
274,242.4617354724412
403,350.2991854855208
339,366.30708388094087
273,269.6176040706151
202,217.20287873118008
194,187.91810566906267
189,194.85255176618713
258,213.51446834307086
277,264.468937462221
264,254.29877216650976
236,251.57202849353536
235,238.71351571016854
194,223.3285000012865
194,185.11621966956457
168,169.73796519635755
141,159.34661436968602
162,155.48796479592454
130,131.79875420689726
94,86.22755014560103
55,58.434879622746045
55,51.89122558629125
61,54.309750722984894
75,83.79959132161302
176,144.4969510417497
303,289.5806375630609
415,402.6047101559767
459,385.5843746206674
322,330.1900659743284
224,222.14178566301362
206,202.59381147520554
209,197.1110795432073
232,223.39369549887752
305,269.2531808349122
279,277.7120356981854
237,264.13291670178285
302,261.37354904179534
222,259.85252975382855
223,201.8974791360269
183,184.89490508840836
180,169.9606782116056
170,169.9916811801118
125,133.25454346446398
97,91.86586077023648
63,66.78151606694651
48,51.90935084753557
60,60.34740716661014
68,81.82227737539831
164,154.48497356448013
307,290.51373524126745
451,411.72453964812917
431,451.9569924061329
305,336.82227581728114
258,241.8097468037837
223,235.9507728667338
246,226.42761985693963
263,247.6602285205149
304,293.7642640857669
298,294.2230505698631
289,278.8731773586551
306,303.7398428075795
304,264.2831283303762
285,254.0885716422658
228,234.29199316860732
186,205.04566859871852
160,181.99893541143297
164,152.22912458421075
111,114.01195984709653
76,64.4973476458565
47,54.823958474483895
71,67.20152716695094
94,88.49471670510832
162,156.28473827767826
270,285.60723348615045
423,399.89037647541437
407,411.4329412196388
335,304.7221694335055
268,263.46456881627347
245,243.95746792844406
268,247.73865423820067
270,281.19171853642473
328,299.7875710948931
296,313.0727486902208
306,297.6944681974876
372,346.29199099639675
319,362.50956194957087
324,312.48669558094394
265,286.24246226007784
252,245.92752858598
252,233.71526306468144
199,211.924387184652
181,153.51021637249798
131,133.9989383564397
106,92.80733643494425
81,90.79231367411732
111,100.31158752368714
122,119.84527281726805
142,160.58431151719572
209,199.58235944926747
287,254.83781129300502
330,306.8756195592183
289,293.47457556351475
290,278.84253301210987
258,273.66839874345925
282,265.0224385521638
273,284.4784867005838
281,275.5700557828703
261,282.89916732721275
331,290.3544703669164
346,320.75248743296305
307,319.717171182857
275,279.2142693818331
260,263.2435701728265
284,259.9872680283579
261,238.97946035189875
203,212.58635619273738
138,163.4325564502352
129,102.88257702605891
113,92.57521053931178
85,96.25975540989427
123,107.38825755941303
148,139.87536717945898
184,180.80013070194602
193,211.33069991043536
288,264.28390572138255
275,298.2271197539344
271,269.67791302590615
250,255.9519801256055
266,251.82941852571608
268,265.4863875902068
250,252.1811546758234
288,240.12184473036157
270,266.2361196195832
239,254.69640007389842
215,220.9372528805066
185,199.34935180492994
195,179.03277207171377
193,176.3089367236332
161,152.05692140963947
120,98.88605216954916
71,70.9815310338907
54,47.84366120394694
48,53.042766209305725
68,78.41837444685041
150,140.4718274139122
261,253.16096025340556
356,383.1342346732082
394,375.2851166492002
276,293.8140540760011
232,222.28620007017867
199,205.97068674608448
216,194.33478264136582
239,224.96534166604184
279,273.43101728966127
279,262.19574231872025
262,265.1360424638664
272,272.7112094188599
261,251.14362845579694
198,213.7563729092636
179,175.59162943958248
170,163.8729261911751
179,153.3344958471664
138,133.39858946697652
78,85.70731494976751
64,49.6901601675084
57,48.45190860969771
55,52.00725294367911
79,81.32939305320285
144,144.7513999728227
258,247.56191679749247
427,356.1001655711169
385,387.9233168583744
296,278.85853975096074
241,221.70872771077595
222,204.4087498885933
235,205.85086582745674
274,240.11759970376312
322,275.8911210173075
312,288.51461677564225
319,279.36547006004525
316,292.537789869643
312,263.5795131965427
287,242.36918793706545
253,233.53372854629478
197,199.96402648060496
216,177.47403530330078
191,150.0555169813765
101,110.88136117162527
56,61.777748224207855
63,54.15006365150591
83,56.38893897745566
67,86.26990771373436
143,145.4885644375746
268,272.0548231700587
412,408.950155860889
398,424.2890610860598
297,305.52852518669874
298,228.89371930842523
236,240.2276072574372
253,217.89070079698
277,245.1881232789901
385,299.72732782095386
304,340.83864935662154
283,290.4329039986582
339,308.6233403101934
308,309.42582913765284
346,256.84351120532955
277,275.0396393984141
244,227.57585688098652
237,204.49485370531806
219,172.09626021210306
166,162.34588447962986
146,99.34465815344527
92,101.73478525168692
69,77.52452658377452
84,79.1300485000299
92,122.78667339909433
132,171.41307779790426
141,206.15884680541626
154,191.9260520648541
131,181.63789424724254
143,157.83222168917095
153,175.2045780794076
190,190.88006439080672
235,229.6342444271151
264,263.55551334650534
328,284.80776871385825
365,329.33857777464135
448,357.32940551240597
488,394.60598914528987
476,424.67499617040687
466,374.30211665902505
448,383.2873731457219
435,395.2731253569715
482,319.3688702150311
351,239.01418926016927
214,160.0377414043932
154,118.92371515438403
114,100.55006368522444
113,99.52019028573345
120,138.71037465788694
187,220.09147925626456
209,235.9521729725384
247,252.81108724572312
236,248.85578940404358
207,231.5149249645271
209,212.09392438514254
258,227.40425423414527
253,266.02437122029676
294,285.52101883808336
241,294.7335802609871
291,283.9813213897588
333,338.1550086561937
281,349.5726422321754
265,297.1471429941479
217,258.0613552203141
249,241.40079394527015
241,265.9764206264234
227,235.40771881107915
183,182.34144038776526
120,142.50777335633006
95,101.4512373462776
124,86.19355721403487
107,105.93448710375282
117,112.47877552041965
138,148.0519353911101
164,189.13589948284357
205,225.6024063384786
241,261.3474604620809
234,263.1604168767557
256,256.19646265653233
224,260.45201599111635
259,249.96718767980477
263,276.2207857596687
280,260.77859703374656
248,277.17379838620417
309,284.6422703856536
270,308.7188982063148
302,279.7378283634077
269,268.0513268258628
243,260.29235238212794
240,249.3843008054896
250,228.64175540198474
237,205.3826306264335
136,165.1778397559235
131,104.49772553886581
130,105.40530584743091
94,97.75396741940826
113,109.86885987288755
154,137.51455572333836
175,172.177323258722
188,196.5250810934592
243,245.46058583962557
284,269.6665062937057
301,272.5047172017577
261,268.07509680431093
263,254.59550804485366
276,262.7439971538671
255,256.8828408057044
218,245.6846951554532
251,231.37205671087682
231,240.0721998142574
208,216.6101844048554
208,194.61446878733616
166,190.4873156165366
188,173.41899435531104
151,155.9526230782255
301,219.6366601451391
299,181.96951559873213
225,172.0598491556875
210,136.195694833051
128,116.05461308357778
94,78.56273829654126
99,108.48291745190167
142,133.02387293300484
208,188.11010238751834
211,241.9978860135315
217,239.81703191265697
262,236.4032314545009
251,263.2421318280156
274,255.67621785249625
248,278.67473256721075
272,262.41796322401007
301,294.9586938389964
276,315.0820444501443
329,312.6439681820863
327,319.1946048389052
299,315.544923437778
353,295.8128928949389
338,337.75291317583236
288,297.70992245083943
300,249.16361200901244
377,201.70262348304075
122,209.13505120570764
72,98.52207383152248
93,76.25383476792042
80,77.05061077371246
79,91.85000768922542
124,111.94217744452845
124,151.26924041131508
142,181.99289675895108
180,195.62019549209268
162,208.3286944633028
209,209.31314562924243
181,220.50563931537044
201,208.7555815862582
173,224.9671846524447
162,208.94377167611083
161,206.17072267367047
172,197.7185700828981
203,193.93896295232688
206,207.25937678004843
193,209.38626217681485
169,180.6016417530035
141,137.07604907848696
87,92.67484322391492
37,53.701850558889745
31,36.84754073275281
31,30.744184139759533
51,51.22851799250692
81,69.80770575627433
118,122.50648475490881
232,182.06968662272877
249,262.51654029787176
192,209.432891720223
183,169.43303707284335
159,163.14013886371225
176,171.43956728140654
182,178.60870405734858
200,187.29534533586025
183,196.07415460405994
224,190.30155995520184
229,242.4292829695181
249,243.1535697692443
233,217.8852042584476
180,200.21177797484646
128,169.01891544117822
131,143.38380349824592
102,107.94835364383071
59,68.27118351845215
37,32.83655144762571
24,23.554984039889796
27,22.163231985292175
69,49.03798165982559
62,80.23811291790653
108,128.25181235213734
213,225.17001423038303
190,266.76875123686864
188,203.53421130642792
177,173.46303917438215
172,161.9469211993899
170,177.90243037803478
177,184.84156353653418
189,191.5254308905512
204,199.18862199595839
200,217.00903231940256
243,243.25917567115306
227,264.5369541032328
216,222.644327684332
202,195.78545635500603
177,180.83975360516152
156,157.79231187674566
133,130.2467064603754
98,71.88731202712007
44,48.377088965372984
21,28.151129424667594
30,23.46921469851971
56,47.25807415057124
74,78.9835076753221
134,132.74518650673852
255,216.74738614409884
270,276.42483832671866
216,218.27540061117165
190,185.4128562898712
149,179.74424150757304
197,174.5836473972728
177,194.74408681923703
206,187.7487018470188
206,213.9149882740163
227,220.3356693235273
269,271.28291067863546
257,272.5537427918954
213,240.68093633081224
205,209.89866419118744
214,207.1418564074312
166,188.717756250547
132,141.76377621758124
82,98.35049013724904
51,52.451405191901884
30,34.55513911548744
30,27.568083054437004
59,54.853372767457316
82,80.45646281268759
131,142.79664891967326
232,240.79585729006146
259,283.22338246103845
215,237.07004344763723
203,197.24304390093758
207,185.60244186762648
187,204.0741791902224
230,208.5841036361434
203,234.22456757296
226,220.44516027756416
232,234.2506715856
322,267.7090040063938
278,314.78728772772087
291,243.85491806226415
296,254.40700115770161
235,262.3018487981765
177,202.89914645443974
161,149.83057014090642
128,98.87110383172153
65,73.43316022418323
38,48.146061472685474
36,43.66608806938356
62,61.33175737384603
74,78.12410741367673
127,132.33685358125572
241,217.5705189024197
267,275.9503039639486
203,227.5682836312746
197,205.1509412536248
203,202.88192442550007
242,213.52460580671072
213,239.50079279342435
241,225.4090266638789
234,238.64484746354412
240,249.49640478507635
317,292.2860978277509
330,333.6245630196654
312,319.9737664182532
299,302.02090546525227
311,286.07554580150116
287,293.5555034090337
270,277.56418788687296
229,234.26471462735125
152,171.48400003445494
100,106.43856627399633
79,83.83645847859859
59,72.42608960318371
63,69.56242384014107
116,94.11051586185569
130,142.04638235118674
185,188.8332345819756
216,217.76996454801585
212,223.97634865383358
227,238.8438979733456
241,244.3668904570364
223,252.69065675514747
248,244.92373918357382
303,260.5163040659836
300,298.7964344379842
289,307.8618472073359
303,316.90292678026185
271,301.7816094133586
288,281.00518162208493
261,300.22433244268524
261,291.1272269372729
283,260.95579957667235
219,244.5369292577522
193,180.69012940311688
99,127.1805110841322
82,82.93282879952154
67,76.22279309095863
66,69.0506815283726
80,87.06679066074938
88,112.30868986899323
137,129.59855441143557
169,182.70163705678593
168,203.33318427563023
229,190.2649842323994
253,234.77409751635878
251,226.4938977535892
282,238.89708345319997
323,257.9121714535752
256,304.0027623614594
284,245.56279012186457
258,266.0847509811384
265,231.58902997468127
204,235.85096282800257
181,200.72564227171551
159,173.58161163934864
121,135.09405718684525
95,87.04953006062347
36,52.18639864202388
25,30.963926873918535
38,28.338084334844044
45,53.662838883346325
82,69.82510278973552
146,127.98568041553855
229,219.53984356492387
253,260.29370067117827
202,213.71958820941694
183,171.24490324665328
185,167.88886590340962
241,183.01887261752657
232,218.2574837752761
215,220.9833235786508
218,206.6336356803782
212,222.01018371695037
263,240.79681241020012
291,266.03739439228957
266,253.4306637016153
262,218.1759795912933
229,215.6188446613482
196,179.6012903208895
133,125.22215632285851
83,85.38516678144664
34,46.70390003140871
28,28.061867559589473
29,29.730132631089393
46,52.13939861618578
66,64.79558199566378
101,96.10772194136824
239,159.75004389866618
213,256.9298982835435
212,221.61254150477126
183,205.82957889579063
175,184.3477512318957
208,189.44190311864304
213,218.61930500948569
215,222.47714014012922
242,226.43466573898405
222,243.2718520316355
274,248.49242556991484
275,278.82793092553595
242,260.51174156934445
219,228.88265713093242
197,206.01047538717881
187,187.98301213307377
126,151.97158581329882
54,85.41773293115517
36,40.47330411027589
28,25.79454130690803
27,26.9381532245003
39,45.62972521228918
79,75.03635969848473
152,133.87355745064644
261,238.57025760152447
294,279.2331845318632
217,230.8845711274686
174,188.32989290962016
192,168.688503705656
205,198.59126679845227
227,202.3484361523958
230,219.64133559855398
237,224.11517867686197
235,241.14364579324294
268,277.146496626338
251,279.98052795268984
238,238.90703059036377
217,219.23727684381208
192,217.04759839804106
175,184.56716548287713
134,137.68066632173458
83,85.22482407882
42,48.19756051437502
26,30.759816214205266
37,29.08074117493025
48,52.18008514222656
83,77.87331050629044
153,137.0779670588027
245,242.45699963451898
264,290.8674019719164
258,235.71138141354461
182,203.88756730968217
205,191.55721709161307
252,203.5223521000273
213,248.1984128252945
215,231.36126022682055
231,234.42904046066846
255,240.31681959771083
308,279.54156058079377
296,301.4961349444667
289,271.0505160751974
244,265.60930520157365
219,222.17722786648537
178,197.04143925487412
162,155.47060616675077
113,104.88571922902787
69,67.6958679032626
41,45.860081411771525
46,41.69984990011791
60,62.23365229458665
99,74.83965313796281
137,141.3539352728003
252,229.48362487365972
274,278.2468975324071
240,239.59169528660132
208,207.81690521563635
210,208.22056256853176
219,224.72243988709468
221,224.3640423341495
230,237.7888786797346
238,231.92890951442388
266,258.7510125669056
327,306.61392128038096
350,341.5803414380707
319,335.04116587767544
279,299.32079170390307
296,278.79212609303016
318,292.00704275046166
330,284.358548701812
236,260.98535780074025
172,160.75522569388167
106,113.54331212637965
63,84.96652314038384
68,67.70781297950542
68,73.79607975118356
101,100.9800983930517
150,136.60094309575862
203,198.2469530892012
235,231.29617616853818
248,235.44741125356873
275,256.7176973862262
303,268.55667215820165
272,284.89945895919095
260,266.18548436916143
331,269.4258078841745
335,320.12217566998874
331,342.7102818997049
348,332.2568015360148
380,318.936477508738
374,327.9178321370529
316,339.8569831563237
332,323.235152430447
293,305.80276341585414
237,253.42178506330544
175,170.3355437942665
129,119.3392464721343
68,83.64392054430844
81,75.39864118217037
64,70.11388881927066
79,83.34727737456012
91,110.18821364513141
136,133.62748924877073
176,179.08951890398686
210,199.2202522329419
233,222.01549209351495
282,247.74151009858886
286,268.95766760806197
263,272.148273323433
275,263.3497380493685
272,266.9681197165768
294,270.3996495759188
277,279.33820208268634
261,256.38070493356696
216,237.72446308617512
214,198.8202910385377
152,185.8015545216136
153,123.40218623943512
83,91.85214628028663
69,45.257883129920906
27,35.18550040829806
29,29.2597618782546
45,51.81585694433516
71,75.90164207523293
136,131.5197620473291
223,227.53265524913544
282,263.97933609034146
208,220.94147900958305
156,178.95622794661006
148,160.04767541774544
171,171.17469501569119
180,184.34821147423904
187,193.39311495268242
225,195.40960916020154
215,222.45133514739436
252,241.93869566748486
259,267.4671047346912
226,232.9434388606617
168,205.7424347072779
175,172.8966404818576
156,165.14842638019968
173,121.33888363377856
84,98.78160259534017
37,43.16226362793964
18,23.805272487623753
26,23.022122671961434
43,52.55885998324183
74,66.370341180885
141,119.88407854064253
254,224.80514980190162
255,274.487061135924
220,218.37142406613765
187,176.36696041875976
163,164.74527089572183
195,175.33147179019468
189,198.56420464618967
186,201.1697414582481
229,206.60283778762508
218,222.2023048847901
276,254.68427857557757
246,277.9705717023826
231,230.5194004029123
179,198.20632783521788
198,176.8543822643966
155,175.701401539874
142,138.28884323566857
101,77.95176640427083
43,47.27604348702652
26,24.71538034864984
26,25.608061512408042
57,44.25580709311021
86,78.82544153139932
155,145.29672677561953
222,254.51246255603914
281,280.3643772917657
264,230.39408007255423
216,204.0686892545476
196,185.11823466551996
191,198.5339373362428
220,197.65552860634853
206,213.60931397111088
231,217.0879623444194
249,241.1200105053097
299,280.555101388499
278,289.4698808632921
280,255.1495846588496
232,231.11424149603323
222,218.56781110513765
214,186.72101522499298
152,160.07113555583788
104,100.83405482112771
52,54.990573271438365
27,31.76626138637598
32,29.457334632923097
55,55.47831741206662
86,84.46979741239733
127,145.99083316940025
228,220.6696270438942
312,277.3119716749082
267,262.68040486412093
199,210.4444150230671
193,201.6382903919827
206,205.89910202717817
215,222.42074078602454
218,222.81664441456482
236,229.65293482562274
269,247.59827062559296
280,300.87217627201375
291,293.4039382126258
270,281.2783711604964
223,252.67684193439248
214,214.99576999534258
230,201.0111144956484
172,174.23234322199252
115,118.25015236077111
77,68.93528491188995
47,45.491692208290715
66,43.44422328085358
65,66.17589432591524
73,80.87297665464308
148,127.8432935709215
243,224.74461395366058
318,282.52921590938456
259,257.7847704960634
205,217.35137761181892
190,205.68981799270665
232,211.70963849702076
226,228.45051680949754
255,238.22436615658748
222,247.69886860757072
261,253.32169230022637
307,304.3459291393775
315,327.7838634769081
322,312.0609946409372
323,294.6387117256155
334,306.8142621226171
292,320.24193176423216
295,274.3585809091559
227,229.91236299312737
190,170.98535792237607
113,128.32432982300756
66,87.89749234132957
83,72.58095097967161
60,71.95277278135535
93,97.06438844403712
125,134.32130235671954
220,188.90197207653634
235,239.2499881222883
211,239.35828714613066
251,233.36641567615035
240,258.2753715197265
273,248.39395808776317
252,272.1985324215387
290,268.22424159758054
327,304.7600362543328
316,330.19674372079567
348,327.4658053857099
322,336.2981046249538
309,309.7660828454057
298,310.9286528852691
314,311.3659872674829
314,302.20487118734997
235,254.1335274144612
193,176.30708930616095
135,126.29816688102315
82,83.33825520790634
93,78.90741570624269
69,71.42238554757266
90,81.96337548172917
130,106.81131695173379
119,149.33679094530538
197,169.0278993025323
213,211.85412416352727
243,223.6189391151848
258,246.5769510288821
274,255.59685451339678
278,261.54088059390654
241,270.2092345453025
259,250.182224695547
281,271.0355808079099
252,273.96280881999627
249,239.81680654127095
193,226.82192127070633
176,194.3005363399992
193,161.15841532053588
140,158.40904096539356
96,85.58801589733285
58,54.47372877089812
33,31.9614379587921
40,31.629796255586495
59,52.52352939877233
73,79.4144247144204
121,132.14814750497513
210,208.08162580587555
240,266.3802795313565
185,212.12447086693555
187,169.49279732590387
176,171.8904309462869
186,178.7376670221645
177,190.10548006360003
222,186.72805089351547
215,219.1813655393295
221,219.45550565101425
276,244.6232523605731
221,275.4680330117971
228,219.9588679125483
176,205.57671862646674
184,167.01877185580105
164,166.70668924035814
108,137.787706520874
85,73.4179384919932
50,41.7141329751301
40,25.859585566254918
34,30.704432169557318
44,54.32073950565917
76,68.99429660145081
129,121.45399334218432
232,231.6601364751656
267,249.69244582081228
213,215.36787046295677
196,185.25285172432524
189,175.35424059877573
196,190.69497010679063
232,194.4755142622346
256,224.95066189953678
248,239.77064615145224
214,234.05027899517103
243,260.9854527711471
270,248.23357126953582
288,240.9358794679291
247,233.5639014522773
237,211.48844136981128
193,194.70622139668004
169,141.24587880948764
103,98.34983721942979
62,51.715370262576755
40,32.481606501735826
42,31.075555471156605
52,50.528925299459374
75,80.55000592845411
107,141.16986584925067
201,222.61104707937184
220,274.6038304835329
197,224.14294875575197
222,192.3685183875396
197,203.15878323190847
234,200.31387459899395
219,230.94522367426362
257,227.25804339641232
252,248.25544734695336
280,249.65233859846043
275,293.02206253640327
293,285.11143074943055
379,275.8325506998874
278,303.18115248194096
284,249.53452147650046
237,239.26538610233268
165,176.47274232093613
133,112.98320893960967
97,76.8116720233009
54,51.875122816467105
44,40.453148145047614
57,54.918197834629666
82,75.60334907054323
108,99.13645448711526
100,145.9211124762493
108,112.70466423620552
113,121.79315761571382
140,147.8256758978867
181,158.25355205084134
214,197.92043499566293
218,233.18381321648872
211,237.6421068690843
261,233.93873261346
323,276.0369280365137
316,323.9744796937601
324,335.0016089292645
287,330.32694411936086
361,268.1206658055885
384,329.6028495810143
455,340.7574883648014
323,300.8217337827949
236,176.27551888807085
162,113.58307115465563
109,92.41382062631372
73,65.76404431002915
50,66.91435098469668
52,81.5412310462031
68,123.1836241745093
104,157.276844694913
114,166.99496377981015
130,154.51592191204668
143,166.16919518247266
156,177.69600098834806
197,201.30139539347525
203,217.71706269230955
193,230.08945959918938
209,220.4353051170224
233,250.3719498528394
254,286.5596040620881
278,304.4821778593638
226,296.92446877295447
247,257.2419930827196
243,287.91762394066
245,291.8489382977199
225,279.93460379513607
179,207.97418658571033
124,151.92680484799297
84,102.71947214066613
47,68.9416662971214
51,59.873768462250005
60,59.135479102227094
66,83.8416518466402
70,101.27840006569363
111,103.09257019890755
149,150.52965624834783
144,181.8753056860173
189,183.82745164587746
209,217.96197286480478
223,231.00649470386475
203,234.61815252084935
249,239.12325053332157
286,278.8020108521571
264,297.91068996548455
276,301.6644415993734
285,279.9434825435087
280,282.66594331276707
226,273.9815538810836
262,255.01644252125328
220,265.1713045533881
198,199.27765707528948
145,159.88921734071624
94,101.7954291559422
68,68.92267002108976
63,69.55458441502594
61,65.50049514545287
79,77.12886704458624
87,89.55632714105344
124,115.69706234587876
169,167.11031294415966
223,191.1015857002212
238,231.34449480108094
283,246.48119167751173
269,270.1205317218922
289,260.699709105885
258,269.90812949848356
270,260.1094827091902
270,272.50613223674117
251,262.0690875589044
223,241.5613078236243
151,208.48412276552762
169,170.2328008288397
169,166.92009950097892
129,136.53551208458288
295,267.554386140606
278,223.4317263618766
271,204.99308894990003
247,175.5646350736325
232,157.90342910612196
135,138.77178281533213
180,175.32924427912758
210,222.43600903459293
267,293.81125027399446
296,320.32984193968537
307,315.847617751687
276,314.0190739251363
316,292.9831183010769
295,317.91474572122326
318,318.82682068947634
324,317.9821377482531
315,333.57727548067584
318,340.66717014665187
381,346.8356571187148
362,369.5614229741902
368,356.72027619651817
351,361.39962328137835
329,371.44583846503707
331,329.46081683655825
306,292.26156448153256
433,261.64793609083193
133,289.33300455488796
126,137.62760652245296
140,141.27125111294146
112,112.90763132491773
142,148.04654781535467
143,193.37825816472375
170,205.3785621586098
241,251.39635574967775
242,287.81272134194893
233,269.35285994685313
226,257.67629878956086
206,248.86472758349487
200,251.82559389578714
218,233.5562211164515
188,243.09598180622157
189,224.90485803841148
180,223.20055993613906
222,210.86752049987447
239,232.70585614603317
237,238.86488116960695
250,239.64199111889326
191,222.3227684912714
134,152.18031184147392
101,91.90435663156842
74,78.23314877342176
84,67.95280111889016
90,96.09979049096563
143,112.85726377676681
226,206.8211145695522
421,363.41898469670986
408,403.9371155601082
314,305.14742396147665
210,235.020392396434
188,199.13986866743795
209,196.7213493416089
224,214.48361855324222
249,223.75122867470367
262,236.86393081674888
261,254.06320040967086
237,264.83464644131016
240,244.40931224772757
268,226.71131627437703
199,228.1103457147033
208,185.7169703861933
168,194.90157985348415
201,164.03748025601115
113,136.73449601635733
66,72.15318937264892
52,54.277122775345006
59,58.16119192769906
135,82.20659157975813
127,140.25153251206993
203,228.3072098687581
332,385.25945605634706
341,420.9518134668456
285,322.0220158293294
232,239.61909971905376
213,204.33548961646568
207,207.31923884798624
215,219.47602892804872
189,240.84951497750495
244,230.08786112186715
234,260.38638533310916
268,266.5026500519581
272,278.9620941411079
218,267.7258291498564
250,214.40615407776798
208,222.47031118217802
195,198.76168186668787
183,189.2327530743081
128,119.37203742809095
82,82.4712258868598
48,62.81330866275077
66,57.07850881281227
99,88.7556365515897
132,129.0108956830912
254,227.1342540834123
428,407.78497593986975
445,422.9109282402211
323,339.8550689541456
260,252.10539908746927
200,229.51505457349262
238,215.74368849605003
225,241.0094171009222
248,239.04371507930648
249,256.48820560545374
287,264.89981010449577
307,309.2766059490616
245,306.16008060854807
259,253.0535891260902
228,247.7566177890723
218,222.90273403342667
239,217.43430394563316
174,216.02654221715892
136,135.92030980233747
91,91.52745361213286
67,63.98856255987122
76,74.69841708962929
103,104.40858777762749
136,140.21437149667761
260,247.68413259683481
387,424.2277827067502
366,461.80016804288914
337,340.9467383492111
254,270.70266694948776
247,238.60496349235865
242,245.8441861353802
253,251.7388659093088
259,269.4723658341495
267,268.30273311297583
293,298.61523952076203
314,318.02673776358426
334,312.1509482860819
319,294.6367212298922
249,286.30537994469387
242,245.35792788204836
244,246.08736248829535
230,214.9041670804436
191,169.81026635367786
116,116.67698248486653
102,84.98429796204246
95,95.39421279417431
101,116.04321165345642
135,140.08330049452195
232,234.0901348094582
444,405.5628549291779
427,437.7252268290403
329,373.584705873213
281,283.7912410214288
255,264.1357209273788
296,262.69126532237806
282,288.38610693282726
288,284.1603174666859
264,285.0723943786147
364,296.532275394655
322,365.08772533316267
366,361.8055974645791
360,383.0792742997662
349,380.573944817412
361,345.5629321577301
315,365.3342065419748
324,323.7037859053998
331,288.37429036363994
222,253.40512129848858
177,176.22099119847238
157,146.9319982206294
153,140.89269028446103
131,132.37108346490777
175,174.70239694446195
233,215.07066166812055
282,294.0089802645297
322,309.8118184711951
295,313.92989589482414
302,299.6189963298691
311,309.36274988539645
286,307.67218875186876
304,303.2634241778356
309,306.745074730193
305,325.93688691056525
349,322.71915031161495
344,362.68436662417554
376,350.03334340291275
340,354.6916431986355
343,349.9654222982608
335,352.3613172567246
346,332.8344436906615
290,309.3251582949527
256,249.6600767143227
221,184.8946199340411
156,161.2070190299555
156,141.86827173750825
102,115.71980821901676
162,141.69961103150268
157,190.36802296268945
218,210.88242355805312
306,273.1766665829703
280,307.6959752741026
249,281.7982426923387
288,262.8254548429376
279,275.3014048345132
286,276.97001905185704
299,270.71513836808185
293,278.55324980085055
270,277.59724201155035
274,261.8339650936077
264,258.19438822341766
230,248.3359376399895
224,231.74987205280914
227,234.03393824459204
220,207.43909060435115
165,153.88461281481278
86,101.96319663638874
74,69.80891519396619
61,75.32227039838331
94,88.80511105039025
134,123.31507212298023
247,218.7118410426859
417,395.16386782761424
432,420.52179164473637
296,339.6380927009885
208,229.78811185716052
215,202.76661416568695
224,204.52874446353644
256,229.62187740100387
281,248.83400716470254
242,264.2055362883411
293,252.26645112307614
317,289.69641868567663
293,293.963888242554
261,260.24845081466583
247,223.72842379719287
224,215.9617815662555
209,198.4023979198019
204,183.30992424996614
137,159.17518072011353
94,86.31010973804729
67,71.55811896520599
68,60.481387252247764
77,90.78444547418466
112,107.60471771659098
185,170.84589685435498
274,273.0696181333846
329,337.1995195471133
296,323.5594792075865
253,246.03060075417832
239,235.56608488300222
236,243.2367877717611
258,246.45110602287275
247,258.50339420398046
295,253.0356977485398
293,297.940707889372
261,305.374755444961
301,277.04708348172034
264,289.5286040059652
230,248.22658297284457
184,225.3689005225551
197,192.88105050219366
171,191.6044167296485
95,129.7074070501222
76,78.64421249770028
57,59.482127257134835
62,57.60653768182236
84,89.59360531165507
123,121.48002034501751
258,223.59932137816128
398,387.66296328708256
446,406.3631261336447
286,340.8996584020545
294,252.6031012148576
223,252.40007967490436
223,229.87493404427582
256,238.48293625636626
253,259.34646400062167
266,259.693175924512
286,286.34168317142075
256,305.8379112165779
326,275.32906021336095
243,294.58743764648136
240,233.16064698238176
221,218.9033608466264
225,223.06936908609143
207,204.7390419658739
144,140.12927046834574
101,86.57068464012826
66,65.6304852557958
77,75.36190792604367
104,98.03518066710583
142,139.45722591463306
255,250.92593800167762
453,415.63631148911855
460,452.9007794576801
323,354.6875014545895
299,273.09119568127767
270,263.35824549188214
296,253.95267700254598
264,293.02826731884744
290,278.0822482440233
267,288.12401539509824
302,293.2928196223774
328,313.09871558658295
355,332.0319513681905
309,310.4250783727445
261,274.2604829858631
256,247.76053981749416
243,244.798745399801
222,220.72537134787436
170,165.10603808797262
108,112.89328943385813
91,88.9365317098653
107,93.5068122663669
128,115.39127393943222
141,143.489016056845
236,236.67176705818255
476,414.7687933754272
458,463.8165501038338
318,364.612734139852
268,291.08751564263
243,260.0510814642743
263,267.80248269265917
322,277.5170674546471
310,317.082123726405
304,299.9422439674111
312,328.31816209024635
349,343.0204845574783
393,381.0357685792928
395,382.5398263483748
365,378.8469040710564
327,355.8610771650468
346,339.86719207333823
365,322.65254060984574
312,300.56065492568274
219,236.33577633556447
174,179.74919631582384
158,162.7363771817396
139,148.83267722212628
120,133.6876691476416
195,175.11459014854893
229,232.4022704914543
321,297.140085294756
337,326.13584514881245
316,310.03276433639184
316,301.3429760620593
333,312.2032292181775
299,327.92293488639314
332,310.46304826152965
317,328.00568410716545
390,323.1199430648583
353,387.58723645727326
347,364.9875332566607
364,357.66543469043233
398,350.9381833475911
374,367.3327025059452
392,367.1275819025227
350,368.0866375713758
326,309.8332165478817
243,257.2303537717202
199,174.36506367740571
157,153.84595832002972
157,140.1213476793178
105,115.93099994766928
162,148.08077864455578
170,176.01801424500212
237,206.45638345320242
322,292.4238331985198
261,307.091935881914
302,268.55079527212234
319,297.2094750302963
284,300.8737930097286
308,282.2123903328499
338,292.25917760742067
287,317.33269452967517
284,280.91785760131836
330,279.3422259005417
268,289.3733484471521
236,244.9610977540817
232,233.04765412806788
216,234.69732789182436
221,203.3679617678269
145,157.82333798414615
84,89.47389730558008
78,68.21166057986167
70,72.44443816428833
90,92.23583296761886
116,131.60854482592498
228,221.6679221564038
416,367.7218805059585
448,427.29284889274834
306,335.7273817435693
261,232.76212179203588
230,226.8257794577522
205,218.76290230641763
209,222.71476463020988
225,232.85084956350758
262,239.68849295261077
277,273.2838180604854
278,285.74322657429815
274,270.31181522586826
241,247.96938557748612
227,217.033768169508
197,208.33145456322447
192,192.84799044349344
186,178.92368219678315
147,133.29874095378676
77,88.37801361347968
52,58.34399660159825
49,58.019009995293786
85,86.90414007971034
120,116.76837958101315
235,216.71090612881864
445,366.39646179057354
479,422.16517778997684
338,362.7318909186035
258,263.1357788933373
211,231.17033584498907
220,212.57855369352083
238,230.21056652372894
245,239.36711650316164
294,263.9649067606661
294,289.25133478090083
283,297.35993659085716
307,288.3119086279498
248,264.6626393142752
211,235.9832258744854
228,204.58591882433026
220,207.7273521569726
195,191.72629211744464
122,123.59638503271442
73,81.35010194258572
38,54.18748186905391
68,54.30286159681671
97,90.55563713125022
137,127.41636900872068
220,244.9062183546257
394,393.55903273599296
433,453.55689506633826
392,349.05594669106307
263,294.39803525375527
227,229.38547423225265
240,231.25052143571557
235,248.2921961828474
276,250.71786642846178
259,275.70973631637025
309,282.21881425202923
335,316.599448309409
290,330.7734192685736
322,264.832050271955
262,265.82760033515206
223,242.82423516548712
224,225.84940105585534
200,205.71417121387546
159,141.02107700324922
98,94.48708364734775
67,64.71872180303595
79,74.10237929266455
84,101.63373700617431
128,136.3056508475154
252,235.13897932931982
453,421.39855209232826
476,459.12986064649124
393,389.72875140665155
300,293.06708828558
230,270.26625382587576
255,246.60940177625835
254,260.54068148330094
333,274.3776906324511
290,315.14819051500035
321,306.1246074779038
362,338.2008804886386
337,342.4232057680924
357,311.24749482672803
282,304.81236141898216
278,257.25866589530847
255,264.9722609958884
246,223.566922715849
182,181.46073088097017
140,115.03449429829996
96,96.50213034206809
114,97.22093236872921
118,113.17663145436096
152,137.0473313898485
242,238.91219156300494
454,441.37066455979584
488,473.98779028177427
394,390.1493467732507
318,311.58474480192
269,284.95907987833283
337,273.63247286085164
306,316.5330379892156
296,305.4769710381133
295,296.3645450641463
346,323.65739487729996
339,366.29624139194306
426,373.99482825849145
407,406.12714294567195
372,385.60700758598256
361,353.8524681852508
345,352.0356903080458
340,337.4537373184252
285,291.79654072826764
217,227.03034694799535
187,175.20299853842167
176,162.47925697927968
179,150.3616468815786
162,141.49208547426525
182,192.66761813409477
250,233.520877559971
310,312.0930160656531
335,330.34540629714854
325,324.4680019763822
306,313.03402172088875
324,322.7595946000905
333,318.60897419699177
322,329.915644656232
327,321.27053880018894
357,339.9957539381671
373,363.8802462292392
356,384.0243280583734
412,365.51554197819786
379,383.3309454982336
392,370.9526150987026
391,380.57494868257095
398,372.1481645926647
381,316.5207086961212
309,282.64361833942405
248,211.72516227789785
190,170.28670364455098
194,157.98166611238383
123,130.26099937488084
155,153.5702055376105
170,170.03571889861365
207,222.50965640334346
274,283.5079973347321
323,292.8091072924851
296,312.756753279489
309,299.08109059785465
326,293.95474635661105
296,308.8292769113305
314,297.29970573881167
297,308.28919976864523
269,289.0859851447875
307,271.11548528292525
275,270.4525190611989
274,246.5157442191522
233,254.8772982472058
249,230.23327358982255
210,219.60155385854145
149,148.7740981101048
101,91.01295085575755
86,73.13202536768416
87,70.9447048042721
117,93.7658776391482
146,133.0825578165301
232,239.8510330663437
366,372.2110196280111
410,429.1014941780155
356,313.64254634578344
242,272.66024002407215
226,221.3263626971243
226,221.0373151377023
246,230.1090053360516
261,253.68804555642708
249,253.40245287980707
297,265.0488546507483
297,302.547326311124
280,285.39156191018856
232,257.36541331614114
215,220.59753199227092
206,208.64139356249672
208,191.4785853023055
193,191.02506805620712
144,138.21865406228244
73,83.88570567925115
57,55.96984330575914
59,60.27237210633614
95,93.09378931376136
155,120.84872882351941
214,226.9430146849452
388,357.98166487825995
453,412.34890740208414
355,354.4298049894311
307,258.6674662954391
256,259.7823503552277
267,235.7252945258403
297,255.26219484921236
306,282.23366429174087
300,289.97759556282335
307,302.43749970457844
301,317.6283897023412
311,303.4264545959481
333,265.1938912154432
290,277.6194790705372
258,252.62370599459103
269,225.6923160089518
230,212.9190620492275
145,149.11057123356352
114,78.69307612763198
78,62.318269064944516
91,66.57648187107948
103,96.13133421013247
138,141.233492699462
226,234.12540579947205
384,394.5610446437883
384,445.646827984851
370,340.0149255433472
283,295.51180207396607
300,254.35585075588426
295,275.86458089972894
311,282.6685326066787
341,306.76263233318514
336,323.1107615377001
318,335.5926173775409
304,335.26232835799067
353,311.3071381642508
433,327.75776098696804
341,364.2447056951785
335,300.84389664979454
344,298.8218358585852
282,249.74478464209304
227,212.7763930447359
174,167.57547698811314
123,117.85929887068062
124,96.88355121261473
110,106.5133186088166
115,124.76639507664468
140,151.63463602359397
183,207.74238203056822
174,240.09625403558374
170,185.1820506416499
222,187.7810460219988
251,244.94509622625182
300,267.0453347311197
349,305.1666218033682
386,349.08752727915197
476,371.698505546866
529,429.10587207690025
591,465.03687520581786
569,509.04630542188585
595,521.3058035978803
607,468.4955094168196
573,474.40922190943036
669,434.4182178615175
618,450.6551284215593
501,302.19926785513786
373,207.4793430292454
227,195.50221158721487
178,153.89502970908865
122,128.2183251206627
109,136.4713142543043
164,203.783481066221
214,259.6580831194332
215,284.32734372931895
209,239.04748375639076
235,240.70892110652116
207,247.09625842513364
227,255.04079160830648
234,274.11601570771154
241,275.2513105138522
256,283.31214294529224
301,306.51578406730414
326,348.6806316497705
322,388.63993094970607
304,364.8657090944495
332,336.49524449772434
298,354.8140767937861
337,366.63640866825585
340,356.1893362697144
256,327.23833671885785
183,215.85839507382155
165,169.60824197630308
130,151.66441845874905
136,142.42290349052575
110,130.21199949890865
132,160.7422626734438
162,205.7622390930506
200,234.91254952004493
248,266.9662655982577
240,284.0802434616828
251,274.8134088907678
266,275.3952239009195
266,281.29865928600447
286,282.11728245899036
299,298.64842892478765
306,322.20998640369714
334,341.44081186947835
348,346.0433133351579
379,347.17041480326907
343,364.175925453754
330,353.6252202365901
321,359.2064761962462
348,329.9410143963049
284,301.9365399928073
218,235.2170057676773
201,189.69638128566876
159,154.47376810389792
143,142.03746195053102
102,113.20461893080065
148,141.1232312000089
162,163.24114774377688
194,205.86886179125162
233,252.3678950818598
286,271.41159100213713
297,281.4704328978433
301,289.91641421179827
300,285.98912021027587
275,289.0320350191512
232,284.54770651932733
294,256.0179126749571
256,284.04796410836093
256,277.5605719098013
258,256.30612756639397
245,241.4691951677641
209,237.27170811007215
231,220.09415893084577
192,213.98572640823247
615,548.5940861917975
625,529.3301972534066
630,448.23130230743726
552,359.8510269781819
473,305.2169623723572
256,240.6702672643322
185,208.96442384505445
191,186.28365212838548
221,239.12447192489435
260,280.79056526627414
312,303.39676700803756
312,327.0520757797797
321,309.71183108967637
347,307.0773428182282
291,333.2916606192437
323,283.54450583432214
397,363.16729995377693
380,409.91378054705274
428,421.2824597558745
412,447.2822925543858
445,430.22128420534756
483,486.8023089962613
644,584.1032487252718
538,623.4663462395472
541,538.8272103196654
1007,518.9800956031776
402,737.4550878303855
274,373.002176065528
255,253.00640736552108
231,192.00584495869913
199,197.87776206991649
166,180.3414656252026
204,202.30880844266136
212,253.26476378680812
251,285.30070206820676
261,289.7837360182115
268,277.7471411657504
229,274.60907148948723
265,247.03194293419259
295,262.724378325743
322,319.68411865043237
376,339.6357330334462
443,373.48211828418664
456,399.02755829380504
372,441.45727456515317
408,380.5680105141927
359,403.04670679303507
285,302.4889898958892
196,222.21441529874912
146,143.05538684908808
101,120.9242906381227
131,104.82772742198293
112,123.03565499706689
152,149.07046321457048
204,204.7241974765822
245,263.12527547600223
288,320.2959795673462
288,267.7398052732671
257,243.21496179598492
238,237.5196181270058
223,227.85611906302836
220,226.88667331659354
241,218.8136040370107
226,226.78144739686712
241,230.6031194579391
260,270.0998213981917
295,304.9445347070658
301,269.64377162641705
194,266.6797107512879
293,227.2207812275166
217,280.3480333568671
188,195.20109270929404
154,153.27654552185143
87,112.47262231441039
81,79.74961518435093
100,78.74835430320968
100,98.62612188558404
152,123.02910479139865
207,195.8555755899851
277,282.0570552169115
356,359.13580099902754
291,317.23001039915914
222,245.8890298466292
211,209.97979586585026
192,211.92214365928885
202,199.49382611252543
227,218.0863719118016
174,209.26534741845535
218,203.0303843687119
280,261.0163156986389
319,318.33252078586287
276,303.33045735605947
328,280.4959726446083
342,347.48178097990626
268,318.06638031063164
246,236.86456283590726
178,187.12686457272605
121,121.46886240376888
112,81.55628957253583
84,89.53242518508226
118,96.3465205022897
125,130.50758667223374
181,192.6055282481859
298,310.4530813629807
385,388.5728127669285
325,323.3605321468501
275,247.8848718680384
226,242.27587637968406
224,210.8326459270689
232,213.46460793834817
185,218.11977746450683
205,185.01054604583913
243,231.69147693337285
291,298.4747139614198
292,337.6597444151872
313,312.0709097664818
335,333.35594158182704
359,382.31334467946505
397,352.9384298115716
271,315.7451436688164
201,227.5021808383375
142,152.35948464630806
99,119.08052934055863
118,95.6191469027782
132,133.35795834600782
134,153.52113644290597
213,206.9934185586539
320,319.61818641152337
372,388.6282459890119
288,347.89557073958287
273,274.1740671837904
242,255.59946777151106
227,232.35606248483188
223,237.1849400806234
215,216.60335711510535
211,212.53400028173436
239,218.59730253222514
239,261.4422908497955
354,280.7109818880816
398,330.4193700856392
412,369.288316950357
497,433.29641838878865
452,472.04921396193464
413,387.1414035501588
322,352.0177001822897
274,281.42047599774247
176,206.18922560035273
183,159.88535315111426
161,160.70092594903036
150,145.17690327916657
192,203.9246158578063
297,260.37194043295506
306,320.8672519526263
274,290.6007185217432
273,263.23086115849264
270,262.5467580041464
239,256.86167257064557
254,233.07840836836638
235,245.40044026150548
199,233.4633339915089
270,236.1668264576094
326,301.56127184778796
391,386.52378361839186
412,422.7164078880564
427,435.3227028456179
444,484.9072273954499
574,541.6220887005173
522,584.2646948441861
533,529.0388242382659
482,479.2252626217863
331,377.88960845596785
304,278.40472740141115
222,259.83330228186617
153,183.9669110907481
149,173.30347640866452
185,181.07542301775496
215,233.81772706894012
280,269.9996849008762
357,314.9761581064918
349,349.6434026480572
325,329.53845246286113
278,317.17405568305946
255,274.4431572806495
264,257.2356748941674
405,331.56691724673635
374,419.28409747874343
394,417.3954559783544
420,419.2909773613032
350,433.75489893876863
427,412.4046732540603
603,557.1060016457369
532,558.4021234801668
523,534.044498585905
486,484.4045486167288
352,393.7423318376104
326,294.8513282773553
252,250.35291264295643
154,180.17820499481624
165,164.51444286955663
170,166.54399920308308
222,205.77776912649097
292,259.35075939591053
319,317.6240317923738
304,317.14240334254333
328,293.1931215560385
257,298.1232001526674
350,259.23366740038045
325,318.1829506793035
396,329.6701848112012
353,385.4248180164808
371,366.6063716644464
340,353.7608082802968
279,329.3330500599562
334,320.502799015996
335,341.6005217872629
283,288.44655332261294
223,209.77588673096253
164,158.61479057960707
108,119.66859987108596
117,104.04258866515202
124,118.27344114393416
151,152.5983679579872
172,196.8376505280956
273,237.72000966009148
321,315.6682166094298
341,280.72098181865863
265,278.4948172614241
244,238.26029854332813
273,224.9558880577768
264,250.09242805985062
234,251.35146242532656
224,228.64066193217693
246,230.75285375835387
279,270.015241535985
336,301.77636855449924
288,305.9678037071909
302,251.69477820447324
338,299.29949126356473
290,307.2508367368003
256,227.311691206837
194,215.92282616686464
155,143.1482720683656
120,112.67011094025295
103,98.58843804851172
135,102.24339876140243
147,136.6367955522982
197,172.48167706013766
324,263.7940785962078
374,371.0333889871926
324,352.5151517453523
268,284.35911974747916
250,252.09284204014065
236,241.65445322531872
194,235.4595125643831
223,211.5000204224867
233,223.82123956626774
236,244.9613163980865
286,268.9508154618124
326,321.95453500598944
313,321.90025109028045
262,317.5472926064391
361,294.2795310031797
346,332.1443995550893
237,275.78714140540575
186,196.18379182023676
118,132.89738684198423
86,94.3810472025343
79,81.44856994579956
97,107.37555936977594
120,129.33578787689788
218,186.40429988762145
330,327.54817314745566
396,387.3252355227166
311,332.03202325350907
280,263.8973025557818
224,252.2924342280222
239,216.41086377346434
177,220.23787986273848
214,191.31651768468487
211,212.219451852344
219,238.87000503993906
276,276.146347978625
323,323.9964851747137
295,328.7118277494381
315,313.92587841039443
354,378.17951937125
370,381.91338055096287
295,291.6100397208791
215,232.21753762375945
162,151.94757409848026
94,118.25207034448532
95,91.86844433957836
112,125.55553449192641
166,145.73214685353295
206,229.4420191238371
345,331.5110837233238
400,400.0174314073645
318,357.1415998338482
240,289.7378938103155
276,239.25650348082496
237,255.72495506820889
183,226.1241836217477
228,209.55917493568595
204,220.46305506675563
270,218.57232527827188
295,278.32181565745634
338,325.8738088848211
307,335.3145616301108
384,323.2141969930754
459,417.86115935308067
437,457.2148047605947
424,395.5839574773894
325,362.7729691694782
283,283.8371881137629
162,199.9415466312969
166,152.21907330604154
163,153.4100646294843
182,155.11304472780964
222,209.63075841366634
285,301.0508807900018
347,314.23200622643435
273,302.3548799507692
272,251.93898640441614
263,272.27904517155037
213,250.32458142557306
234,219.89684386227844
234,239.87360489272956
247,227.36972443987824
257,279.4912558163374
310,308.41703703150927
417,373.1614932265901
362,421.72271130019146
370,408.6070637322248
530,436.5245380221207
560,598.4410251686775
566,549.5762011804636
538,555.9236135834507
461,506.52234422532786
343,405.23963695173086
293,285.2348336953148
193,229.08089211747722
159,179.96376934322038
167,169.302140478903
146,191.28508624013722
227,220.3331476584954
282,271.58375967368937
323,325.552966566647
350,333.59899977318827
354,335.02257117411796
304,328.4461850448941
279,286.3464412315255
291,283.27325798677015
412,349.10777670537357
413,433.229141514659
441,446.8278251513214
455,440.1553928155911
520,450.1499736463889
499,545.3545938123287
634,605.6850503196368
596,586.1316974039054
466,567.5814257168075
479,552.0694764500519
422,385.44674141837373
353,331.8350616141595
287,243.80803788028385
162,181.4820950139582
182,170.09340096451598
171,167.88657235087274
221,212.2247000061544
290,262.6743110208881
307,311.39466035700315
331,317.92314225774567
358,325.28470089673283
310,324.6741204896558
274,300.9267505550861
246,275.6892686888494
344,289.6981822181973
366,365.6402193561248
383,376.89907904057645
351,370.5262184406506
374,330.74590679106825
395,375.4286487288505
307,374.2375064825953
268,272.816097410467
211,198.9277176801372
152,159.81476330034013
111,113.86620897735325
100,105.42962920434309
142,118.80732601198301
138,157.32503909681515
198,202.07264143798346
265,271.85499166218995
357,319.911027109952
319,305.4677042584606
236,263.01453025594634
202,225.59358674851424
231,210.76617802865516
209,231.79544101529302
206,217.2237219281663
222,212.70461939892658
237,238.38787510574653
280,270.98682925793213
298,318.5449821905414
262,278.5880742789553
273,241.5590197166394
301,299.87451170243776
288,286.83947482343063
265,232.3573636881387
197,188.68502299924933
125,134.13660192716122
66,96.65018637531136
87,79.47266329185611
100,105.1457788343815
129,132.26071027010676
185,199.95257276677378
294,290.7807779606498
370,382.93990673163376
291,325.2076922500967
228,240.6447795015609
234,208.19300563879918
193,221.7307998877736
211,196.40615380226262
222,219.46657160310255
210,212.92610774259677
214,222.75027809169927
308,266.8889101822207
322,330.3476731424566
287,298.48002740289843
324,288.7563543788308
328,353.0830424230395
279,325.65256590367386
277,250.8896861166906
222,203.72687871930356
139,136.01570173676
99,93.96249380402016
106,81.41206329368818
128,106.61013286867534
149,129.85525857160684
259,199.86599817662125
409,339.29445832475955
477,415.3480766210745
471,381.86536751198224
310,342.77833052658355
253,271.1134368513094
198,226.58392258843557
232,200.6662915259352
191,215.99357814194383
191,203.44006857528038
212,224.95999516870822
303,275.38078403250813
313,334.1377071166314
290,310.38241708032837
332,312.10917498944656
376,371.513195632049
387,368.142466025034
317,309.1427676854465
247,239.87275885192787
160,166.82094969728786
123,117.21715094990934
112,103.1671413355741
139,127.00028989941471
146,157.86479266318221
220,236.84138161733435
329,360.3104418607187
429,425.52625179164306
352,405.79845856825995
278,295.3211565100525
241,269.0124184015195
228,234.60765766058583
200,228.0043407499965
249,210.992143072442
235,225.60932964646182
209,248.1867137875651
229,257.3420340265045
309,297.6492509676212
336,308.57457698472916
338,350.97914048878374
442,410.38041806265414
388,451.4540825850249
378,382.7449072829075
321,316.10640639320485
245,282.5658929692352
216,178.9552405389086
184,175.8660243847859
177,163.16041557788353
148,160.67987583928615
194,208.53549809737197
259,283.53536268529035
291,327.50904862103647
298,283.941157225363
233,274.4419415167782
252,245.16675606983083
241,238.35460458434406
233,234.16999896949548
232,241.00178533217334
236,234.5425955213912
259,264.9193869700123
297,302.7176078296411
387,368.79132735689564
412,397.6705506928856
422,414.1681132680588
456,474.84387167871444
533,535.0941928537768
490,555.4574403604495
500,514.1743332239229
458,474.08852914471873
408,402.2816591355169
301,358.78065881138366
224,226.97348627029444
160,165.6925164511532
161,170.04369390472422
147,180.99353984002022
233,208.95915421577917
279,275.1381261278991
314,309.7592761021973
354,332.7166106697304
316,347.2413993637448
329,303.41416309561276
286,307.43155645530544
283,287.07502796348257
330,346.23001763145885
354,373.2125438626516
432,408.97422803146435
409,450.58676097725896
357,430.86308866609454
417,423.26150163007634
572,540.2441660752326
559,551.1714156920094
538,530.138927677719
468,510.79276917390166
413,399.4128454838256
322,326.24626316441623
234,249.3945236283213
149,163.43696783571426
157,169.05303568184658
151,163.11089249350675
217,201.67684187786995
241,270.9489265134226
333,298.91827055199434
312,328.918677464601
281,312.32639923552904
249,275.4742657005189
257,268.41251345984756
272,263.62034783272827
339,324.54371785829585
331,355.2735986678139
313,356.22711445003074
332,324.8060596005554
276,320.6873962465568
317,321.2043621915316
270,319.72054455009874
240,255.01775203814634
189,183.92674826333132
125,144.83712346861094
108,100.09496980286808
107,101.49445022037978
115,127.2548074733986
130,145.7732498904958
171,197.92641227164015
195,260.07485994803574
291,295.88655032596563
240,281.93270737079894
244,230.91611707926296
184,225.473779140376
208,206.5107520576458
195,213.41855802137678
191,206.87575411090987
151,208.0152613428699
185,193.70187657567652
212,240.33842274412717
253,263.78296061528323
189,256.96084187969234
248,212.35946579821828
309,283.22679656185323
241,287.9738683205324
168,214.63303557234144
133,140.19427955513868
92,101.70054668183445
69,74.2329614036046
77,84.86939113559463
111,105.34854706238364
98,134.87112856876539
166,183.92378089587035
188,261.95466417557
290,308.060994976378
275,269.9683870215549
225,240.78772959883736
206,205.6450580415495
188,201.2864521968545
182,198.30159891880018
216,202.1358612895888
200,203.89098999833766
199,212.5780277403634
215,254.65967049800844
275,279.46239780249323
280,271.81591732995395
345,288.30834703469
415,357.94169436775076
369,361.06277773291924
266,265.16821962475154
177,182.77366011579502
131,120.81645728358048
90,94.12742431120209
114,87.00580965136771
115,115.81304638336846
148,126.05244851313866
143,214.80617787598638
151,199.76753844949786
244,261.6168395488785
237,280.9087111478006
221,247.41491557570782
206,218.42033216296426
250,204.79596555145662
259,224.4953104749049
215,231.34615452787565
226,208.6832057902501
231,227.86018031295185
259,270.22153246221404
279,305.3677059397071
437,286.6287511097764
300,400.97253440870116
324,366.6407156648822
347,370.0890549399838
258,289.7752152229178
241,228.74328772132566
225,189.74141371954906
205,171.34303019550737
181,162.66252111118723
146,148.6127089378239
165,143.48740722587826
213,177.60977704375836
171,237.70236745797078
135,181.14559291681408
138,138.86481361805102
198,148.02984867868008
257,215.59980306285036
236,253.9952749994944
224,241.08820203302227
235,233.31246011001826
215,242.06629015818922
276,239.27524287181095
257,284.49518763374624
259,292.29618974819374
273,287.8638306531588
257,275.85540353741885
273,249.28787317283243
283,301.965607718454
235,276.35923497978814
189,219.9242413487229
175,194.16646539881992
131,158.02602579328544
121,154.76454698546746
122,151.2375354132406
100,153.51895965239618
116,196.90441073298777
110,217.2833046112615
134,179.47542052499273
188,167.68575408141896
197,211.47462348983245
228,225.21129920389154
221,228.6976412217834
173,229.89124033056405
200,208.8882444444183
209,217.46317287502012
315,258.12299186666905
290,332.7725265243464
335,355.4257976545461
302,366.0748719905267
307,338.842328342612
340,372.1220455964498
426,440.27665480291216
367,439.5526488658135
387,383.2238114715585
283,412.81771654364377
223,252.00517352574045
216,253.98065051959384
146,193.5638119494445
111,140.282577574101
116,134.81705091547556
132,137.7452736084707
146,171.90582112083163
204,208.69620087594473
266,264.41399478310757
254,311.06817905905615
241,280.7488742074483
228,254.77907528651465
211,244.3345356726122
227,239.2552353091856
315,303.21993854804276
322,360.3475659125783
357,374.68869981144604
350,391.2548559350851
302,353.63832941506865
389,357.4105001249231
477,474.08710239599856
396,482.55504609017527
418,422.2973680719534
382,399.40960275334885
285,329.6102503934296
256,264.895430341591
173,229.46084828582136
147,137.7123924422464
141,147.97844447616345
141,149.7883028344621
196,178.98767184122178
209,245.84140913497077
303,273.908343643716
383,298.5182103168771
328,338.3910518496386
307,289.9750045224667
273,282.098228637491
271,262.9167681727539
292,319.1091751837324
318,325.15985789448524
368,337.4804207400157
308,342.10800828105806
293,301.2400575088621
275,331.44215491127056
223,296.32968803362746
214,221.7565298012286
963,815.6715149735514
1022,651.2247018192837
910,544.1590754655866
709,475.929682106196
450,228.8139459480712
281,211.16384255458695
254,253.23252579073525
258,298.9457146655646
361,338.5957917495398
391,423.35338017028715
404,432.3964275331429
457,443.9011455382665
399,476.3171665438153
446,431.4324335395137
492,475.1283116279763
524,508.53427292053897
519,553.9293028489195
549,603.0669537363893
654,636.6401943669363
715,715.2989368493642
772,703.1893588261478
799,741.0373230595812
876,853.2949780112505
944,820.6975254086564
946,827.240499668873
1499,842.8634514740656
561,910.9346252457019
342,405.43011591180857
275,247.22773469310803
220,193.7940949369666
211,203.592389536689
256,242.75748446963655
293,305.29695535044823
337,356.2310990035791
425,402.5558190224337
379,445.3902994898169
407,409.9640081291248
402,436.43438132102546
451,444.5151397213307
409,459.68219287427655
438,446.6010238881328
497,481.8441544653991
510,502.0017621633337
518,505.1949026533947
485,487.47305143182496
396,452.6520092494752
425,409.7387826811622
350,354.5910336805929
222,227.9342314208983
109,129.44249652250713
72,84.45716674266413
97,77.91584008091266
115,113.57135388549439
172,151.31004051361663
293,233.31712667860884
379,358.073850286098
396,408.90629552463247
424,371.2879446235293
311,351.82943217401225
274,302.5892744673756
292,288.129728918262
303,312.2559391564787
348,316.8747546780477
365,355.43782019860254
384,383.1978921038996
401,418.0736147786201
423,439.85747161952196
350,411.30431234910463
344,337.8841214793632
293,336.2464833469771
284,312.2612543932996
253,259.24715307053503
205,184.91654603745002
117,113.26958472794632
72,74.17318994118992
88,67.96373728326182
118,107.97821868628255
164,155.48314079047134
249,271.22491533148514
325,381.5349906210951
369,411.64001369582195
359,372.7566735212688
314,305.59552366260397
301,296.78106940145307
283,297.473462413197
313,297.9029615645008
319,340.1998509384541
353,342.891460209602
347,372.17400104271763
432,425.70593762957634
474,455.5510455414174
498,428.4493563798641
461,431.53939836698424
348,399.36704694325766
438,350.59751204546114
394,320.69344923537545
257,252.39363841003137
146,144.84874518724462
87,91.07647187572928
86,79.47162986380178
117,110.57476808970571
179,155.93111756268502
316,261.58008123889164
399,373.33010375481933
408,419.2390040835603
423,378.55267848426115
330,347.5205513010172
248,315.1615735694639
283,267.9453131944713
297,319.6714638721193
360,336.9966812593484
342,363.46854321280523
379,368.5839499275539
450,449.3027121535658
444,493.30611717312047
431,453.4494310240142
371,416.0681650491142
402,385.2348626797988
508,427.08336294070756
367,430.9559544289048
257,266.26796496281577
150,154.13752332423525
97,93.79015451360385
87,92.71338065953357
135,131.2866070084589
187,180.54554115203013
291,289.2860445232247
388,376.1931852435089
457,458.9235877177082
416,432.4591806197182
344,370.3166139692032
364,333.0280121322977
330,349.48863639582504
331,342.6113918136698
358,357.0578276231208
378,379.27946927207387
385,419.16416141606305
536,467.00010317001096
571,566.8022936816006
517,559.339200315888
467,478.12250011968445
455,468.74420850840784
441,498.8163237233139
433,419.868027415025
303,316.1154872605446
189,187.38430376653528
100,132.5652886072826
116,99.5791048291806
142,154.94438554808752
180,177.43415825052762
290,251.76536061952052
416,388.03942462163604
449,458.5103003990143
440,430.8296073297568
379,380.2348194805898
327,384.11345470287716
401,351.50586566121603
399,394.2339859017926
435,418.53568657770035
432,465.3615034865422
509,487.8552832831249
596,615.5155447751092
623,686.4282594343483
669,665.071572170436
566,714.0846594920326
515,623.7739504354178
649,612.9558624766853
680,688.2370438147263
607,640.3219473875753
453,496.6436097955047
312,263.49594739283043
275,192.23231124209022
161,199.46114950068642
154,180.99728449741136
220,210.66885003547665
298,277.41262090689656
317,353.1659859797899
428,392.4204035673374
413,438.72209402966604
418,429.07553907670143
427,431.77913312293225
445,447.43872633669315
430,477.2071123715216
523,479.3522009501557
549,559.2206453180721
618,601.8019960781422
684,660.769880982164
700,707.4570584650697
617,720.9408008955915
636,680.3302035492829
732,720.1683161304612
789,786.9157709376353
766,740.9702236481414
540,674.3754180204661
346,388.91310945528255
285,279.7309109623514
216,213.31155899433026
193,172.52923564290836
196,195.82180980402293
245,246.83693158941335
304,297.1219946363048
377,367.70769911090395
421,426.5472194693415
457,432.70730687219947
477,457.23105410299445
430,466.7488753176266
549,448.1664136370503
547,519.3708246441608
479,526.1196807776832
499,495.26682572221813
487,497.07934293047066
462,484.26536258750946
384,437.4434105317297
392,394.21493822353324
390,408.24608886886955
292,321.98003549828513
252,213.36546477332055
133,148.9477445030771
116,86.56794317091331
76,92.64737883051153
117,115.18168111626974
170,160.54106318448618
280,272.0749456655434
396,375.1824628096975
457,416.7240506075743
394,421.51104590769165
296,333.0939280689561
281,281.43412176393974
292,284.3388295523571
372,302.45005402214014
374,376.1023311822115
348,378.6447106466323
376,369.29880205560477
453,418.9127285224906
473,472.9213424308053
398,441.59753305294555
349,361.08225444342264
353,328.00702337199243
340,331.3778880355179
288,270.82177980253596
184,241.4598028527505
127,136.36676469946923
67,90.84772137209424
97,73.18009379049381
117,106.2325319413746
153,145.20540287251885
266,211.86594761578235
307,327.3836839462999
404,371.2851969032827
354,404.92516140073013
344,330.4919883612423
355,340.87212714242366
345,348.488727644613
356,358.3682965236841
345,375.8440782470227
442,372.5971430375421
391,455.421988960539
514,439.9683127036837
485,489.08421475274463
398,465.447953231495
407,372.2668214560527
405,387.79453922859756
418,391.1264346109297
337,336.5483857439619
227,228.31782287894166
127,135.64642982646058
85,82.98627347166148
77,80.8155463043822
122,113.6209231267246
173,157.71211567288006
293,284.045788268245
380,374.1669428327763
406,418.81807927989985
418,392.87955695135474
331,352.4644610523131
290,319.48795035332586
307,297.5799428104471
301,328.0075420060317
351,346.98031720739704
395,364.2960375321824
416,412.4781969173276
448,476.87422133404215
477,482.59061329751137
486,455.2291109308209
378,433.2450915603959
400,397.52165412745603
391,425.79728147395423
365,348.0433235911579
231,253.7875992401436
146,140.1838991297816
96,96.50402384841522
99,89.3438436995851
139,133.43320901036273
166,173.74665723637804
309,287.50341236904256
401,379.69065342651135
445,438.45839176914836
396,431.8565791838667
348,354.12436295655635
347,337.5582066968605
369,347.59814719564935
339,371.37854342996394
395,374.0582200312248
435,419.6139977903709
422,445.2839647125224
548,495.99131358057605
590,566.6393322563501
591,562.9343209308748
536,527.0997285177039
467,496.67362702925493
459,477.994588238294
401,424.33584738998246
304,297.28121172471583
202,188.87469751763626
139,126.81747683089891
129,120.03965971324966
142,146.8738407418058
175,171.80907553583293
308,271.98499532745313
380,388.5036521826661
493,444.90047283679905
421,448.7587333776664
324,377.49779551378117
354,343.16930707163897
340,380.8954311870558
390,363.7351458242394
432,429.33690709573807
461,468.45521990746545
500,520.3210359533081
634,601.66900749192
645,696.7017447188185
707,726.4585119860091
624,701.624252959548
597,675.4600979958182
684,686.2047582027812
647,765.4023000275848
563,605.8665615595489
460,469.9302398630958
303,347.3389926216497
206,229.60630890251377
155,192.317034049078
147,167.31793556903818
205,217.9549852158345
268,288.22121421622734
314,339.41055772859596
393,396.0345395410144
402,397.3755042285044
438,428.0861546564575
432,439.0427661627561
445,447.98799585182815
493,468.6692451769158
470,515.34591877455
575,529.0726733536419
677,624.6187835105542
738,698.4432642553428
812,751.0499949912247
765,766.7616037874373
709,768.224976494444
693,774.6525788025327
793,773.9014094269563
732,801.0622945395404
536,716.4518097871724
397,383.3891236985659
320,274.46584410617606
278,218.32562106793935
183,191.8656613958455
200,196.35512904294495
262,250.46948998162915
297,304.14660002418356
387,357.6313337417995
446,431.62040230862414
440,442.99581979679476
468,459.14940755085917
468,457.615879766512
477,491.92006502254776
517,484.8215733097172
521,510.4665353006287
607,524.2419190536924
572,571.6074162522115
566,556.0031498212908
494,514.8806542910208
487,463.2469105938607
478,460.205947199499
371,392.2031082806146
244,257.2244550977507
132,137.71172026818272
92,90.56358524765793
98,82.79507555053794
122,120.3141041925829
174,167.415423877323
308,278.3107130639542
345,400.17732894838906
434,418.7788354589221
422,405.20230082459204
409,343.7106180598889
304,356.347097408358
329,297.8545288618826
367,340.72164421270014
358,377.4465626615197
415,362.85157384265995
422,430.5847110616097
467,469.0007558453419
514,496.8705902957502
428,463.68424731339445
353,386.08642459166055
346,343.5515937507627
325,337.51601858255884
269,269.6537867784883
225,197.1192353119732
111,127.43340023911941
62,71.81389050480892
75,76.84007223601404
121,112.91821620875824
157,158.63641276657452
298,278.1663463670134
377,363.68469447507283
453,419.75475798059443
427,403.3452266050098
327,377.27235228858706
240,320.97975866161687
266,280.4462896875647
310,307.6762714872534
342,333.3585614635718
379,374.77928349049256
380,398.90969973189226
486,455.59253461805787
493,504.04412135720526
448,466.54988226661436
353,401.57049494195894
349,365.7464143065086
400,377.71831944945615
296,322.84974523860456
203,228.18168822591832
118,124.66650179583324
77,78.71767137251281
77,75.05722903735155
128,118.59704218608779
166,161.85433561182728
331,295.0899973469701
366,411.0330269140682
417,429.2993201506492
489,416.30160124275204
322,381.1884742586898
294,294.9489178970145
315,286.82011046780104
298,324.8078039313636
388,348.9007522335015
394,396.67257686706967
357,422.31890968328116
513,443.58446164994604
547,524.0076872502283
480,508.55176911051905
421,428.65979579077225
437,408.67436102390616
428,438.81095101895005
355,368.2880441366124
289,245.14566786552118
161,159.54795503670326
96,102.02590197674961
90,91.71643370449766
127,132.19640188054524
189,170.56261420725374
299,313.3738408473125
437,396.6487687444115
490,457.9021349984506
464,447.47046307527563
356,386.38730995568903
315,340.2547254458901
340,333.69825149371525
364,342.91708247228763
394,393.28131451725784
436,417.8369083750147
423,445.202539051288
568,525.8423875231425
633,604.8818225979102
618,590.2066810112952
490,546.035519795828
483,485.08501605931224
488,478.17575273255363
423,426.24623688243724
382,320.1437072699868
208,233.57833918272755
141,134.28937912223816
113,120.36210080468665
148,135.72302184817008
191,180.19725492073522
327,294.87295495645094
445,409.26258047785404
458,486.6611425773411
464,440.95269500085374
404,404.47810323197086
382,387.238224846825
395,385.51531992249335
352,398.93101264073914
432,410.4027890297367
434,462.2516242426881
490,496.9724811039192
596,599.6834940590314
692,661.8154461126802
678,729.7799421394188
627,692.1484754690789
586,662.494702899615
726,694.4929737672221
684,725.9687491719512
684,634.96344000886
452,578.858221838749
356,324.149572302049
252,311.2621010901981
230,172.91404111868016
188,183.92435351189988
243,233.00476331379357
309,296.2745968223638
397,348.12496926128364
480,433.1080552089584
455,448.995780410044
454,463.7624066239266
443,460.3515811477555
498,449.42161066385097
531,506.4924507608768
526,530.3370308162665
578,577.477318140836
658,641.0854186358968
722,712.6515452260447
818,751.4912015218663
718,807.1519793162685
647,714.9981939111635
716,725.2836439404314
757,772.0075152386457
696,732.9110924889169
493,571.5184669146528
374,383.5625588074636
328,287.1097931934777
251,236.02700960608544
185,190.0879990483029
200,205.84954615506524
258,254.51771991036085
296,301.7867625433099
382,376.08440660292763
466,437.8705088289837
456,458.3958188134639
482,465.8402435233558
450,481.8327044540693
505,494.6382690717603
537,505.5449096297035
552,527.6821607825817
523,568.80638210064
551,516.4157065658017
494,519.0533349400613
503,466.38458121322117
428,471.13361604004405
434,431.53989515149993
372,360.87944773745767
239,253.1151670785242
126,131.52323778173817
119,85.11733244035773
128,93.90095525196448
156,125.31507834021356
180,178.64423969559988
319,295.6837306897996
379,413.07152472628303
477,424.0365524126914
416,422.6130513541991
375,379.50303315448326
290,345.9994299126105
298,299.1101793449433
341,326.52650460362
353,368.8968383969672
393,369.0675103218971
412,424.4508856392712
418,467.4589612816086
425,450.69360912103434
409,396.6577586738563
364,380.97823329947005
312,348.3104374938267
347,310.93765199854874
307,272.36345341948953
191,212.21968253251399
118,113.9210405869089
66,71.30370488196665
84,80.36567951276841
131,118.30085660999885
172,158.99207026682242
286,299.9609098705502
421,374.4558432260219
471,451.7505853761047
433,406.00746041605066
365,370.56498747351014
329,332.5579096972871
341,317.2042922373268
347,343.80364571466197
355,361.78228810712875
439,383.19980884906505
458,444.2192458649261
542,511.57283967375525
654,536.5582329263485
636,571.1141903778877
465,546.4267684074164
431,427.50913367879156
492,404.3014539012852
393,377.78773694940656
256,246.77425074953587
152,146.57757013555297
116,89.62570311566792
107,89.88558944469557
122,125.3684521997802
164,171.10788119928952
280,296.3563641844285
391,402.250438531709
454,449.6570141081438
485,443.86734904791064
398,398.84793451515986
391,359.90145728525954
397,370.34244836743756
383,373.9300680968456
456,394.9001294743103
452,467.5533815215416
475,467.75683323285045
552,530.6770251437534
527,584.5509032402481
624,537.6097872780279
536,540.1202313604441
455,499.4729172291129
411,456.56910292832686
426,376.528957942085
382,359.0277628864705
227,284.8715978444954
206,169.03158593952327
149,153.36801570236983
125,138.45410028596964
159,141.6577099804262
206,197.28780648051847
207,276.837774654248
208,284.73688276278995
244,263.71797061264914
272,275.58480477103444
294,309.89911993475266
342,325.9151450191718
465,372.01895837911275
555,483.5754106436174
665,537.7067626471927
717,610.3602264288712
819,665.5333225046588
781,740.4905563287131
703,719.8988763678755
722,611.3060685068798
826,627.1753792437556
900,732.0005728575788
842,783.4567846293054
666,588.0137916746429
442,316.0906916266346
252,254.71244208582306
176,161.91128192679193
156,145.63978403462954
140,173.99683006276194
185,239.1099634908852
278,259.76083585068574
266,343.97435971138304
291,310.4526315828197
325,307.2975177330117
296,337.6810367267731
320,338.91286133567036
356,367.9699269947113
367,425.6791965552892
362,430.65762448744096
405,461.3494032483976
476,563.5828804303644
487,604.018200353131
496,612.346703793075
454,587.582841152987
463,538.9551824568032
478,630.8565361444298
511,598.3271647234252
403,537.984193541174
306,389.3640702724123
210,276.6887925255501
187,204.97002255290766
158,158.30041761226047
130,152.30939873239615
160,194.5825830257735
228,254.26712979530672
234,298.12601716427287
309,292.96703940120426
299,367.29247889533605
358,354.0802776229815
375,397.1883385765162
379,416.01211749632574
414,418.4564933529193
436,458.69838734382535
450,504.78697055942155
540,547.88326525074
591,623.191367270704
566,660.1831300722631
561,591.3028194383184
577,606.9033205137338
593,650.2856143865158
608,653.713192113343
482,579.452386472418
395,414.9159356808261
263,297.13628904076506
214,241.64510186274603
171,206.85125473920314
130,161.45611232481966
171,172.60567427103052
231,234.26790004041106
235,267.92897814275574
290,300.87838284405433
434,339.4107595008962
434,430.62989361067577
437,446.89209629052937
491,431.6622442649652
487,490.19822367282495
521,497.98925769400404
477,520.1367518708685
485,509.5490885748294
485,494.03015995112406
411,466.67627066961074
374,413.9685663994806
342,395.20833831681745
377,366.8463825906943
319,317.35536106616354
474,444.1949735938486
368,319.3866686556964
420,265.5050873948557
387,269.8351859658905
311,173.57173653022394
171,143.77136160723083
118,141.14272641813278
145,152.23517317724776
199,204.74213396938123
247,274.97224443293476
260,302.62107523487947
376,335.65615468674946
411,384.2593978825468
469,429.0346546710855
399,434.1896082209216
389,376.8223537858597
408,414.934016727774
463,441.1228802063144
489,490.91003361320446
491,490.5576869033682
492,481.6146010107116
539,495.8067679611399
694,571.8945148541682
555,581.2862210247682
507,462.55930906001703
829,364.8197090760838
328,540.3219784700835
225,238.4748771475409
165,184.10127953615913
167,128.38107374519498
138,124.04177519412168
141,141.92382241092199
185,180.1085409374926
220,244.06855970529116
268,279.85923152756965
329,332.9984511718964
314,351.3112124356726
335,358.0468797576779
314,341.99566295868135
272,328.8611152572006
333,328.24171670113446
363,381.4898392704489
398,383.2123132575132
376,373.9008044104242
488,377.5389678559455
480,467.5287352504586
347,442.7376786369568
204,259.4166122655014
158,169.98882886046482
53,89.93868616244353
53,51.61392023330231
64,53.70576557503976
76,75.26454428661029
125,106.03077438943467
160,165.70257120708368
256,247.78645694794355
311,333.42565826872686
269,282.91033313027975
281,264.7527914028188
284,283.4862953510323
239,290.22419336424844
313,301.9088885792326
284,307.6876949302202
280,296.8233966040079
332,322.0347967917097
428,418.7132143951548
415,448.34143036247195
375,399.7115376566691
383,403.9360149981004
461,423.0894925959623
395,408.67829975226346
198,232.97997952186975
122,127.94582663983968
64,69.18375434839066
71,53.00846750215642
49,52.285770770354425
75,63.681168981885804
94,105.65429898228601
170,162.52635181402744
232,286.9515184666785
348,354.6634628045215
266,297.4439984298146
281,267.69535775157055
258,287.59279099346406
259,260.9501163304462
298,297.99373560851774
293,302.0789420442265
301,300.8819559897109
374,356.5212351932823
449,458.7710132615402
484,475.38873545872536
448,471.90140302411913
589,478.23253462103906
545,537.6848901679823
441,458.6350438287449
271,272.26080274222176
155,158.4670238541473
92,74.63250475654601
48,52.033881738400716
55,35.820894609137746
62,57.702158379605365
106,101.89834879278148
170,173.42697860320445
313,280.13438201601235
382,408.146854316009
303,310.6946501169028
278,268.11845088537734
245,285.447386160926
281,266.6888561543261
356,314.6654357261468
354,335.8405819417569
351,345.4660937479183
402,398.61448276944844
518,480.721702723775
530,547.2587853921782
512,500.3443521148057
583,544.9840837154613
548,584.2355896506346
561,495.0368518199137
338,372.58118283007894
196,205.25260813864404
87,111.77755408531888
65,64.00997560356478
51,59.60322259859765
80,80.29462181697016
116,124.06323432678445
175,185.93827501640533
317,305.7309118723919
360,418.49941844856033
327,346.7786331755538
273,298.9245151820939
313,270.9370359268811
315,323.25829195970505
361,350.2398248172765
397,373.63744544678286
380,406.7576575663582
434,394.09738403234064
466,455.4864307602834
533,481.4382806262458
583,522.17478204853
649,602.4175175614872
681,604.8901063448751
632,626.4932901913912
450,488.2217089419411
273,325.0139125081461
167,175.1487889160778
110,128.11844176257597
106,100.25885191620691
133,115.359096465631
133,135.7286312006589
191,187.57052521768347
277,273.73222988466745
324,339.2539659336067
277,315.6912522273035
310,285.2951103193172
330,328.0832792066829
320,335.47722632153733
390,380.47715813042726
396,376.73530533833906
386,388.13075776486755
379,411.97032779919385
467,432.9681919981588
545,513.310804808163
547,545.54243408818
510,531.1542951021335
532,531.3822126396591
588,611.0977315963729
533,522.3854692048144
447,427.37149919393875
269,312.6265015611581
212,215.53254373192743
184,200.15748561653893
105,174.97581310780507
101,116.97818570162922
112,128.76724512804213
134,152.5335922901946
182,204.7642001995493
258,256.8229846999477
289,298.8029295329736
332,346.2775185457793
424,360.31744088412023
354,441.05601806219596
367,359.5514433289225
380,372.1021267040584
390,413.062054421791
439,439.3909205844322
510,477.1569909136791
456,513.0882568063815
401,472.3244530114967
478,449.36415752091494
532,560.1284898639648
452,503.8961681955333
458,423.36391179586286
408,310.9941741276464
277,275.5990084743682
171,210.91561185620955
147,148.27910498100238
91,121.35316480622495
86,115.91605325669558
123,122.53253533531976
204,172.87988666382142
260,249.36124793829396
318,301.49624605866154
379,352.9005794579521
338,370.06741717929594
370,349.8467963304754
485,347.72234873090895
416,444.741729501318
404,410.31092949416956
482,402.8447042814543
504,464.19527371738326
417,442.6671913994615
407,404.91477441434523
334,396.36310687626195
506,333.41519792165315
248,327.28344634463656
269,177.19823746709167
73,133.27632951475584
55,51.972375659133284
63,51.287730832783716
81,77.25662250262519
132,110.48009031297455
134,170.797804596643
216,244.72716548761872
347,313.69526807815816
266,283.85560080509646
299,258.22008055347584
325,284.4248491063058
313,303.6964588567296
477,332.56646180520204
329,421.4402345691068
335,330.1882640401191
328,352.6728607348856
497,417.7268506647702
488,497.35225927032803
448,444.2102750802059
524,430.4291967451355
639,504.58648840018594
441,531.2604586248909
219,255.65334735504524
186,173.87060803905865
87,110.40145849891046
68,69.14179139611892
69,56.760944916420826
78,73.06199263791443
123,93.28723568352821
147,145.56553692251669
303,180.60668697103475
446,374.5004299833908
342,351.3066803792489
271,312.8248301626709
323,287.6504076922496
252,327.21188575750386
302,293.9964880134968
294,309.2499347106293
307,313.8869072251525
372,338.7340213143928
468,435.56049677949017
560,468.2854302454154
521,491.1095347154447
540,506.2601682792088
557,515.8420452576767
463,481.8586657002776
259,294.6195926713379
150,174.8602212287619
55,82.91788779834016
43,41.85498825186519
33,41.7632435426732
76,54.06872368118804
106,107.23517592235345
171,167.16374234550108
302,311.39903422379183
446,424.2183213017514
326,354.0928530061729
297,272.71621664272504
321,307.7214139420092
279,304.2057398435919
345,321.17464872495117
305,328.32205928273316
339,331.0994519066582
369,392.21813762539523
469,467.25577520271133
572,513.6742734197244
461,535.0493282622455
578,527.8662055125521
644,581.7648198882969
451,532.6329425335489
332,334.25541618880584
227,205.96279328786633
89,115.33063215422078
67,64.4080363159793
65,54.07429187281252
71,81.46998412250404
109,119.55814866776699
194,189.43326694518274
315,314.7460592079333
422,419.03241903222283
324,371.50958688694055
294,301.841422074594
356,314.939421733878
320,343.35352700731244
325,356.2820795882034
364,350.0255129585156
383,382.9376326426661
374,403.0561240484458
505,434.1674160116869
578,529.2210176828797
633,563.4188969815493
712,625.4346670113724
594,675.479479830482
597,553.9498765837795
393,466.1494301256089
292,314.7442880828372
173,185.53353425959162
118,127.77267316117356
131,115.10735391718792
140,122.70411542083187
125,134.51917081898455
215,190.60810771211578
297,295.6360170355552
335,342.0871352607609
352,315.95196984702227
296,305.59158161467906
331,326.74574660338106
348,334.4347752268825
409,382.3075050376256
367,399.06918606982344
354,375.721845021825
416,384.1755806191011
495,464.910801719276
603,533.915864978509
533,594.229219586677
540,541.8118511129047
572,542.166664675165
714,633.8918606770271
550,601.6534281600846
489,437.0716793108403
324,349.1613331018664
254,233.87611806880517
250,216.3287579589538
157,160.30425477781424
99,127.64915846346084
100,122.67747333325984
112,146.316212758814
185,175.0100926007179
263,265.21481020192255
300,297.4144606917629
371,344.6907447091057
418,390.7033982616394
417,420.586048589033
325,403.98342537639667
342,351.3606483981417
462,392.12935075390016
461,491.27499112758437
500,505.6951827194292
553,503.8947128090025
544,503.6377769271817
480,534.1243388729009
530,538.9588198625576
547,491.1173736808956
461,479.52055138790996
454,394.02328977645175
285,311.3220784121846
217,220.64873709808452
159,163.99607898011413
117,115.06315174387211
109,111.38499565200107
155,127.9377967294693
172,189.30696987687588
240,240.23531401724915
294,300.2391074333222
396,354.8019042226998
388,381.51998489840594
414,378.9396384333699
367,378.3468279400991
357,352.9236114873554
355,368.00406013303154
441,390.4696252247574
434,446.3221750106007
442,401.4898756001308
354,418.9222427281323
432,382.1564921026743
377,417.16317057355064
265,282.02728685610845
132,195.30882827833784
74,69.33476285316979
96,51.388988820730994
58,66.209493349524
69,78.54874048800971
100,110.82991044039485
165,153.0923363993548
258,250.25264414718959
345,339.3850464894324
344,272.5526493868252
281,286.1293097424822
277,287.7213542617271
287,277.57012443502214
308,336.08947008383313
300,294.8446550715134
276,310.518515459387
343,317.962389434331
454,426.79955820651116
466,477.9634786131496
360,444.21850138514867
473,403.43970541388006
496,483.0980525170286
466,435.2646267170244
281,261.79422303464213
155,167.5978562046694
63,79.53383853223124
69,57.421888153548004
56,57.503656576517024
74,73.80395015549499
93,104.0594980652143
145,155.6984190175098
291,266.04443756910416
408,397.10264938417725
345,342.4693983607169
293,284.29662858373365
290,295.77489230089105
279,282.838997151811
301,304.5910900219107
281,299.76380470304446
323,293.7910327419037
349,369.6306427012672
450,443.5471529110953
508,487.967652526523
444,476.711894531189
611,500.96137207876234
586,557.4722192966742
429,483.82177021778074
361,294.79304371360206
159,189.22578708037733
109,73.25992216832087
43,59.699280766300724
35,40.65184923727883
79,65.98926817749457
107,102.99686172936114
217,165.57427058440211
382,324.7390263160805
547,440.26334699908625
449,417.4063453130744
349,334.6175652190271
330,338.82360998391385
318,312.7191074367797
292,338.13951515596574
331,299.3746518957966
365,342.6114246115413
386,393.6394454838358
469,471.34316737565933
548,520.6045284251057
510,510.37689893669227
551,563.9258936196385
544,590.7669338345704
534,485.70246356987246
324,401.71751854548245
205,211.1383061308687
83,111.53279827544074
75,62.537871675694745
56,55.26402470843146
89,78.018063782112
118,119.80003471591827
188,208.42045422215068
336,342.2721442396553
432,453.7431502820851
301,391.3122396951286
308,298.66043957682916
283,337.1206078831649
282,319.0556332033309
354,314.16413132494364
368,367.74843685910866
381,386.89631986739175
399,404.58031734026554
469,458.7119241606837
572,517.8196356829382
541,567.1338856481505
613,599.2457598319963
584,626.6116798014066
542,603.6596110625242
393,435.15314606285324
280,292.48021395427645
151,179.57212378111143
138,118.46526078212423
94,118.69017904764763
117,119.80510003505454
143,128.79201357417375
195,197.21268776498448
237,300.3275490503977
320,317.8591586951688
285,308.7288012287601
323,293.1328586351627
306,330.5315958168874
289,319.02656612388364
352,351.45028302842945
337,361.87906055604543
328,359.34106200786977
353,388.133333176571
443,431.1316755527476
485,525.3833617552488
486,518.6696964303603
446,509.70826961229125
519,496.90138819875193
595,624.6034605293783
498,539.0540759702968
415,439.0558864810051
224,302.0906524995292
204,188.5660133367777
214,201.68301242467606
150,148.50249579512803
112,126.13705224402642
134,119.23613134617992
175,146.42189405678067
195,205.5818076830396
241,259.8424228661417
306,291.5481581128862
350,344.5233635963486
342,375.3999260421655
352,378.8679190467195
322,348.63083529430946
311,343.4185014672529
360,369.10209375364167
408,426.1358172471167
457,464.15780453480494
452,467.359763519595
397,443.80002289573616
459,455.4996206832588
463,534.5627625705081
585,460.0866099660404
432,481.687860810243
285,338.48085349473456
258,245.549010212033
175,208.33479555841842
127,149.83396361292802
103,118.25097750434084
128,114.7502795503272
128,147.03912655860987
169,176.07121944314798
214,237.48499590550043
299,288.31709422245336
342,350.65212769456775
385,349.0872311940469
330,376.4046015150413
300,331.161326479538
332,311.6136477597484
323,352.22844485815205
332,367.67414834946135
334,366.30762406615366
285,352.1917053993153
317,325.0830455303692
293,341.24490486340983
293,311.7728409424952
181,225.2814412353901
119,135.05369315832834
82,61.54144742056998
43,57.97140390758347
60,53.065461295642685
73,77.03867226841575
79,110.29298305751486
124,154.93196675176532
228,230.12540274539566
258,321.1694637968625
226,261.9888360126238
192,249.16020967271476
230,237.50354904885293
201,254.27007116878934
248,276.7137587615668
249,271.9051689181062
254,274.82232524636447
248,300.2328310529558
266,343.24859577195264
344,335.6195722834749
343,352.0184717337193
309,396.3025566555036
400,388.8106170743469
350,383.30993480357506
229,237.77642028707987
103,147.3703954051872
68,62.04836463854419
48,58.133250881692945
64,55.32931826324937
87,76.64742879642176
114,102.41221791322913
158,157.4620304809255
213,275.2454874816243
250,306.00696026856815
226,259.2152812688663
243,246.08444804377285
230,256.24410041421146
245,245.51789140851466
245,279.846633802976
235,262.4483583303785
293,275.65557268232567
307,337.6456143745533
323,368.61045804029914
399,376.7357566343826
322,416.5394159944283
377,406.3185621026249
366,443.9737697157674
445,394.4483496180235
287,298.1004953061349
191,166.5212095783784
116,99.58975127232823
42,63.709943841947734
47,41.13587695014871
79,73.49261816611025
112,107.84864459543681
139,185.36317641606024
159,229.72684307972165
171,240.45284953129305
192,203.86523719985166
213,237.40353348838795
246,247.85716512977413
247,267.8365286245705
264,285.82273398347155
252,279.99312322761193
236,295.43160800132057
253,306.5344657619216
303,338.4899927480865
289,349.75952420299825
425,330.17645054526054
311,470.9225662656584
303,393.68909469573117
284,359.8470076769438
239,279.0277065352914
180,205.0432640480052
132,118.61087520340284
78,82.68355878365782
82,66.61139501889113
82,88.09958002679242
104,108.19138263527996
108,125.97161069087294
99,92.55058143034483
108,90.48586427372689
130,102.56161982530348
178,135.75480782514333
229,200.1349952211633
235,238.47643292898795
214,253.12081492967542
238,217.47015004505838
222,237.04300815847537
291,236.84803714391268
293,296.6975041911196
290,311.19788065709423
245,292.8418518963783
257,211.07762417160262
257,219.42272488587966
240,256.3659756946388
185,189.8674356098515
142,171.9647354112812
63,124.61142425399251
73,68.1323242081853
76,83.32385480250313
64,111.48012835576961
66,123.15772442139426
67,160.91768652720322
108,161.3824182285532
136,173.96954589022653
170,167.32848676407428
209,217.07605111616996
275,252.6849472906657
243,288.7486254014951
309,293.62820278244084
271,318.3056076973908
339,293.44465250175693
265,372.24003936272516
327,346.11881506300483
401,389.87104289688193
350,426.2147463837657
325,372.4801915494265
314,384.8667071352601
492,402.8225658027552
392,423.9202719270087
216,342.2526919147332
153,194.53363852243064
122,147.14110375630125
121,144.44433392129224
71,115.01455958483193
71,86.91871890159629
77,93.86644374284374
100,105.0593840054367
127,145.43195337987828
183,189.12457492904952
241,253.9922381126688
294,297.93898304895265
290,323.1031004663499
395,328.49063513153294
309,361.1759440825071
257,327.0698861097742
404,299.59819965106334
381,424.2174681463229
407,426.3850930123756
469,419.7433205385979
356,438.11706175253306
447,392.68568934007516
470,490.2899505137416
409,442.36128947295424
364,348.610953526731
231,298.56603837724407
161,204.62961983338866
149,157.01049078238304
87,119.13344640888207
74,90.0411722268868
81,92.68842802320907
109,109.60958842747853
153,149.93999145445326
230,203.98681663334773
300,285.05693492747713
413,338.1388705008615
415,386.67621946268144
443,394.7044413435934
390,398.3158652212089
433,351.401033107389
392,409.69894715111525
406,406.9458684501482
494,408.28529483837906
527,444.0303060347317
500,446.32651809992166
439,436.38941805670214
375,405.49700622339566
239,270.2008702579659
282,233.60201021784383
285,179.8661505947589
241,166.7518281654269
210,142.6895595912764
181,120.78505076373416
145,113.03349612928426
164,153.69998058173232
186,184.81083926473156
209,227.08962482925529
256,238.0770998251423
258,261.6451599601039
247,259.4789143236682
241,259.51578609356625
286,252.104493220298
283,286.952924448755
274,281.13647927909284
261,285.735473795985
319,294.4214394530278
333,337.0667828224453
369,338.76679652984325
350,347.36211067145985
298,341.8784571859259
310,313.8031675103143
286,306.97896074918424
244,260.5768584158844
332,200.99891516704136
111,196.13416998567072
102,103.70813546350936
111,111.60662532784684
115,101.7249113571471
144,125.92642192370666
133,149.54648696255637
154,158.55364275227245
142,200.22217444728952
181,202.55299706070096
186,197.76289904393997
215,207.9008636877391
224,221.00525141761113
220,237.8038172175962
200,235.30199238091737
142,228.1042684060694
162,177.9952195449221
141,202.55654275988246
166,170.29174841749034
210,190.98970270441023
238,219.92285604731498
251,232.4119950954385
170,211.5924193325437
110,115.4378968243447
76,68.16215348627172
45,48.62900986329444
40,45.47613314736814
52,55.945569009077786
100,99.92827961331224
198,180.21101609030444
290,265.772257197368
270,296.9446170038031
222,230.86163853916733
172,190.91313507603203
164,170.72380895095458
154,168.13202851997372
159,172.99251727012523
219,180.40926866415361
203,207.26559787997274
194,196.13885260738718
211,206.08565263931808
202,229.24160236236546
231,191.72558210414127
177,196.95213189572496
161,165.55428029853095
156,153.34648658075093
149,137.85733327004405
106,95.57032072837241
54,58.891895579821444
35,33.84794676649744
37,35.84671248337577
63,58.79268706755172
92,100.5211307496108
206,185.89902691138332
226,303.8742316792664
238,302.3154823091489
193,220.04128126096506
173,183.79823372694318
180,168.9213813175793
164,167.6877813491515
178,172.1499259337486
192,205.83535687038025
193,195.8802583619751
204,202.67020588452075
210,227.799315803085
205,217.87322250763978
226,202.05424306729992
182,193.60257569858987
165,174.2391770657648
166,166.5102043553807
149,147.13912103523964
99,99.96099685174227
66,59.61860211413859
31,33.80383314209122
39,34.52848095540757
73,60.32306691334514
106,97.01583654863023
208,195.17241796550138
320,282.6801823510749
300,329.3234755801631
243,247.94860359828448
198,189.4320378377766
143,180.5974269559288
158,156.66640924268285
168,181.65207728948985
229,198.83447980118564
196,217.15259750644492
204,214.20163104329177
236,229.55524907022868
216,250.16963332887357
222,222.85384124976878
207,204.0208598319287
170,190.1465249045065
174,178.2665023971051
161,149.82867911377065
118,108.63434038725266
62,66.79286756634193
48,41.97709842835392
55,44.82515670373754
79,68.22249286043002
117,105.84155687023153
192,201.83345388530537
412,305.35319416528523
411,357.0601790706334
342,304.41303138016985
201,241.1224455741744
184,190.47592569391645
196,192.01734685319238
189,197.49357278841637
229,220.43268783311416
226,228.53369612318124
240,234.90027974426653
230,253.51563127056238
259,244.88618438437038
222,244.21437898797313
237,218.93639609861202
202,203.44850978205716
206,193.71260679944638
203,185.1800455504699
143,136.6933905814396
76,84.62168052480982
59,53.65261692385567
41,55.11035032853998
65,81.7677935424251
107,102.51060226008154
209,194.2104516969167
347,336.4420462195677
314,354.6662660952354
233,272.8465243224545
205,214.3884657400745
213,202.16282647062877
205,221.321532874725
204,223.52901398456527
258,237.0863615131262
216,250.1839733124749
281,242.02652858527327
329,290.2107157906544
324,347.27637066990616
278,329.4489123251458
268,282.9962065926306
274,274.6450415709738
250,296.1567964947493
237,260.882408524653
220,211.30597547016725
153,156.64768970905718
101,114.1215434707005
95,79.3260529361346
102,93.19152909685094
113,101.79053122335004
167,155.44763651155117
180,192.8766670265622
203,215.9803547591593
233,237.96101271335172
213,245.30282036709414
240,241.91232109257683
243,247.24048266221934
258,252.54500478395553
273,267.38115082886713
268,272.4980478903426
311,278.16765100884834
304,325.2164050978214
338,317.82470138669976
282,329.01216253851817
305,290.7605310380354
288,299.1553500665428
272,295.660470834154
262,274.514537500098
212,239.4964260608887
174,173.4840046429037
116,116.76654651512577
95,96.44515176519484
87,102.54193128081452
81,100.01095716312152
132,123.2940182127981
122,145.2844954852067
131,156.42956399077406
174,180.88799117444344
189,205.4438943490321
224,200.14576849486753
214,224.34427211871377
217,222.73912795832413
261,227.83627753369478
281,246.67568248358745
266,275.8365331587835
234,257.708727070822
270,257.16623063543085
233,262.336886603589
204,239.42280188511992
164,217.34323879543308
182,185.30622013998112
175,166.50025571747994
110,113.75239580826523
62,67.05219441078295
44,43.6061774757799
42,41.503430998529744
77,56.95453153891975
99,100.91872763508748
194,185.50924196550227
318,284.7486279562329
313,315.596868417302
228,237.22865236872627
182,190.34169247270256
152,172.0591483953428
203,155.81089001857688
217,191.44431093558578
213,216.47988266572017
195,207.9431873205106
238,201.50095923470457
245,229.9782558320553
281,242.79804370154895
187,242.98585454005982
197,175.69350922244763
159,173.59584429775927
153,154.51756718041287
160,135.53357429557812
88,115.91740857493745
58,60.814974283657506
51,42.88368753381243
48,41.01264224711577
66,61.470853994110726
97,89.58703776576314
174,152.79871926055057
216,229.2775824727257
237,266.7944979053344
198,236.77068408980057
184,193.1818203740232
172,175.76532458881815
187,183.06911976063887
189,199.2249842602187
204,201.5860206122933
224,210.35395338315607
228,233.0897663315865
245,235.60077489480884
242,244.6454262536635
207,225.69522772293791
196,197.68026382486312
164,181.95816611772386
166,161.09578931905335
143,149.83379434945115
94,95.39196146221741
64,61.97549918302007
37,36.93400087283049
46,36.38471017315434
61,63.04271304234646
102,98.36793782608022
186,188.84856960746507
290,269.278493409104
298,305.546035416734
228,244.28856653147304
217,190.05651043588117
173,183.86842200149897
183,167.96887691470712
171,189.31273232457644
221,204.59311783271232
224,223.43755240746628
229,226.17880540709746
228,241.1777008422061
247,247.52490213790088
238,226.65171013862116
207,206.92849115057763
151,196.26858085566613
149,170.10191110374447
138,142.80581953522642
101,103.57357396962117
51,63.66315334007279
47,42.37214589391727
52,51.296871297317985
74,70.26998554339184
119,107.96334877486719
201,193.70449859439358
351,300.1811104257846
330,351.9156088665774
252,286.1460686283238
197,216.42203649618662
195,191.73634652118358
214,198.8090742166765
207,203.5656433406634
263,228.90081051125009
238,253.86660012054864
259,246.16475164427035
259,261.0325945155026
235,263.6167022675804
237,230.35126417408716
237,224.55334815980092
227,205.04464617295866
191,201.89561457635662
189,174.81259555443907
122,132.26554479208616
86,75.37404357588173
37,53.21557882293814
43,49.39441607819762
70,74.10671727285285
99,104.89871572954969
193,193.3392503704869
330,326.042603402176
303,336.720367139788
240,253.5714326198546
216,214.334176229271
203,211.0167989362587
207,219.00090625216382
214,221.56627441049437
248,251.18069662694697
222,244.55538910704857
283,254.56346303291943
299,312.6508188611285
339,321.2306406617679
389,333.07056384029363
295,336.77840370646595
267,286.17968096258875
292,276.5815467467476
321,273.9089504020574
220,242.4462113219876
175,155.05867475659772
109,112.33772939078162
102,92.11696160386519
85,108.88693558224958
102,106.02982231564134
171,154.2775993921077
166,188.2815163648818
215,207.50998374918984
227,247.96972240855825
230,242.11648405842
258,246.4325232745688
266,253.7209289002782
265,263.9535974001472
275,273.2618526628565
291,267.75060020579946
299,298.37157993092745
320,309.0274387686614
335,344.23348600239865
355,333.6786211112341
301,328.1563055704583
283,298.12032166388525
334,308.28367101673035
271,318.1398423892739
255,231.39821484863666
178,192.67233962627313
135,118.43428794996578
98,99.41661561495442
100,97.38557784446273
92,96.92496053112201
106,129.82604348353695
142,135.04439059426593
123,154.34597681390414
197,175.9395180859159
209,216.32792071414656
186,215.38895357054588
212,208.90268193107516
234,221.34159817406945
236,240.58713738761523
239,238.28373105636229
263,247.5253345641834
278,258.7104930541093
298,277.45212027544574
253,271.5359896721356
210,238.0384652736329
201,203.74024975934023
186,200.75476599360425
165,165.42973114162277
136,106.46663649824
79,69.55022939110674
51,47.73569963591322
62,41.08038008148809
87,68.48294382576402
101,108.65711793936671
205,191.38598866633413
326,296.8334407652694
332,314.99898707434147
241,250.27374115050273
200,193.20320510915883
156,174.9314952351946
158,166.6218171784923
161,177.43880092726792
224,188.0170405774984
183,208.2767529477411
230,200.70962480465923
228,231.74251953544422
229,234.36623021462896
181,201.5212524404323
170,175.91687070708667
146,162.35104871873426
169,146.8114924485849
150,144.17466098131658
87,95.17185931047436
50,54.51705970310745
27,39.82268466291974
39,39.30787728061496
73,61.88326724493694
89,98.24839575384756
186,182.31644090344983
338,280.6036973900565
346,330.4762557288559
225,251.11918110898085
193,188.2690391668974
179,170.91643343443073
167,170.14386700329106
194,175.01901867542207
211,210.4841118386711
209,203.90575251107762
229,216.8783404145638
230,237.53104377015273
252,229.42975517084835
186,213.8071637725533
201,181.35849095969076
181,172.36355412461305
164,175.79629466165886
130,145.83868883927488
98,90.72071048431252
51,59.60950595952473
30,32.43117088957403
49,38.91840460152349
66,64.08344018153686
105,98.51802833599923
217,191.0479658121325
298,322.9818743472688
320,323.25600971156086
267,250.1422383657996
222,206.32743733948328
169,186.91266431574022
172,169.7820072354461
201,182.67495769953163
235,216.74568885657604
220,226.71738157503407
232,226.61287660283799
253,243.5174701009533
245,258.18285370705485
243,223.99575290403172
230,211.31257310663898
204,197.16968879011262
179,186.76854837245438
156,141.91941519532264
116,107.94061158259727
64,62.976248902090816
44,44.520364878477864
46,51.524418170439006
60,69.0427217179713
115,108.27840978605714
206,200.642146248262
342,314.35349690012566
333,363.9855081887508
263,284.5058353825109
207,213.769640925521
185,189.43325747584797
187,192.3781995267783
200,202.99615816470535
220,231.1651854738437
234,230.22737214471312
260,249.47438603759207
226,270.4396139275832
276,249.3294182806918
248,252.00867135272546
251,234.773300485137
226,227.26346489543258
218,209.28509698276113
210,184.36362173287148
157,139.6896470396726
97,92.86650271933583
65,56.10990219103931
44,50.809759066698746
70,69.67553401961388
100,102.10053525737918
201,193.19124533545028
357,333.948513750963
327,333.9683490486831
275,259.43590713943036
220,222.50521333612744
231,210.20537268864973
236,224.6982830571635
231,228.02813917467563
251,247.17279468742527
233,242.75895255364435
269,263.893059579031
318,293.60350439264056
340,338.05802620466744
345,337.4176233848678
278,315.6948501068195
303,277.55390223976417
268,299.2183659594602
292,262.54179302610294
241,233.12446230349727
180,174.24128140533415
110,134.68552977443545
90,94.18850792320168
100,94.91333342571647
114,109.82575263824168
157,157.91087102006028
189,186.02940056984258
246,223.30667021510246
269,258.27312853388736
236,258.48199503748384
256,255.1061512550253
281,260.5424619021079
269,279.9579235645025
261,272.99536820393917
250,271.3879836110807
294,281.44820896803003
313,314.0710218617943
352,341.4971491752538
360,350.1718875643014
290,326.7424307754603
313,291.6932861865961
315,312.58687349153115
318,300.3647886000395
268,253.6232041707691
213,193.5060891695371
141,137.22508730652865
110,102.22712141531066
106,99.4589413711717
97,100.34993897460554
112,129.54043321675852
159,139.03833868216321
161,162.87917447949908
199,197.1994576381017
215,213.791791293487
218,214.61184099900947
210,225.00598400651276
238,220.95679215901455
253,239.028304366534
269,245.85437222895513
278,266.03274619184106
271,269.66221622285093
272,280.9048660549681
233,249.36887324469444
231,220.99832582243445
196,216.89539851266233
185,196.95553444063765
177,165.97483199407557
134,113.80371124995688
71,76.81081521192046
44,47.78839812697646
58,41.52091164985143
75,74.23326356625854
91,103.870915210202
186,188.0419414868782
283,289.76753712986823
309,322.90043121503686
233,241.906492245025
176,190.7667495297561
156,161.35756241805018
165,163.9944455744702
189,172.20299574825066
215,209.90021030780505
216,204.30602412639925
227,223.8980187756718
217,234.07002508298467
257,231.03075459421188
207,216.58159370974747
217,180.76263587710886
163,178.72556071054458
165,158.43413899139634
139,143.1592092184317
106,92.39705644742487
81,58.645696466978826
35,42.736752062528325
57,38.237742044407504
81,68.88575246874738
100,94.81703364721096
174,188.6847165377496
305,287.79911062343734
332,315.46818319553665
261,250.22538175936614
236,196.4386030086391
195,187.8988455308496
217,178.20167123387094
236,207.84663714012942
254,224.9425266762056
225,229.52771426527187
252,226.8859411231816
270,246.4655982442473
280,264.4207404848651
307,230.32164217627619
250,242.16790186571535
240,200.02745374070275
230,195.00835049739345
198,161.627522152321
122,115.47696469594509
97,70.80585835384905
53,45.54139517406938
57,46.06106039301383
82,69.43747826536803
105,104.64311664589917
198,192.64272633274751
299,304.49040285249646
292,329.5728757798269
245,255.22955276476614
232,214.91820364760704
209,192.2909544183643
224,196.11093126135148
245,211.1897086787275
294,248.35439962975224
248,264.36531387999105
263,246.96282884822682
274,273.8636303977433
323,271.0200120505745
378,288.0861526930368
304,308.28737034070843
242,252.51980668950722
261,216.61258010232183
226,193.95095284502017
180,171.92238377894483
130,100.21771986499174
81,80.66526442386893
70,63.70873746310095
75,77.19302571183935
89,107.15446707882346
150,140.92583249944158
146,194.81488140713688
128,179.59151251142515
150,153.18740959354682
145,177.67439877796346
161,165.5223835341192
190,188.50609832997418
222,206.33430403135156
270,246.42849364544432
333,266.1623764139173
404,330.98442865194596
468,369.82470537032253
485,433.47834125293065
504,445.05306534059264
498,409.22308027706083
543,389.59959471858895
542,409.90514177377224
509,338.01025708271703
362,236.253695796813
236,155.52799606986147
128,109.50909464275965
98,76.37984662255292
100,78.83938829016199
87,104.14932023619834
124,176.12525646977014
179,199.7555285283034
173,232.60557510145108
156,190.54800118140366
178,179.9003611044515
182,188.237452511358
212,200.40413319661707
198,222.82752119608404
242,235.48309256847574
207,245.07346019971834
270,255.39578803116484
265,319.834476959531
249,328.1102823055689
300,300.8625059723185
266,297.90070761747467
231,295.38588908706424
258,282.6778106640127
241,290.1386175484672
188,219.36361495344084
145,169.3213482564422
92,115.26050000588464
89,89.49158760266637
90,95.64833808571593
92,98.38652770339263
132,134.03212201516357
174,172.0954965676311
154,205.18667524750992
189,195.71572401133025
185,215.41706047157572
212,222.2294913405679
199,238.7707820447558
252,225.29823250030222
278,263.09118415479645
277,267.4396488974611
291,294.74394797858423
333,302.84814636892895
316,342.632308841762
308,319.04159240780604
283,289.6119186163245
291,284.82435556918585
258,299.41442545978526
254,256.9556641173395
207,226.15218443743905
165,154.54556437738682
121,119.0806208192992
99,98.15627922511425
82,97.72517994517212
81,89.3617116071057
140,110.74997674316842
116,150.37727316783065
125,140.42353594316828
157,172.56096565480783
223,198.22368769116216
243,222.56305612194998
263,224.49596636212195
254,251.3852561230937
302,250.8062124005572
284,283.01956547573855
292,280.52221496454615
261,281.1547685190059
263,270.26117006191953
228,245.8768320879327
208,215.7541887377446
250,193.39287566706645
176,217.44126450280626
161,162.994270298537
345,257.5410894341756
240,222.3396437412668
212,156.0604042950804
228,149.76478202552943
249,153.7118867081681
247,197.8198152564571
238,267.3405359508622
300,300.6444910725479
343,362.06843926763895
352,375.878938589663
344,375.144831841959
375,378.9366650223855
389,404.3651847430511
397,416.88837167336055
461,437.34384904385985
407,465.8314575716158
408,441.50911672617417
435,442.1270925478187
500,455.64926542735765
495,488.007131378524
440,471.31936079910173
471,442.68796668767527
455,454.2789355370696
374,406.9132170727929
303,317.1972015386625
351,242.52670283931118
122,220.22519371176674
139,145.4889107754831
154,154.4421047178822
147,176.68289040177842
217,201.96850717436055
239,240.0689841585706
244,288.0869652483674
308,311.3146833348763
312,340.84527026264385
348,337.10995879027814
314,348.4190287230452
331,329.5378810567368
351,345.0107520127196
390,353.6856659016869
382,376.73542175868374
370,368.4230539779206
335,354.405347532824
336,322.25749079207753
324,318.89793499141416
271,305.0611358291652
226,270.5179078627611
215,206.80096213658746
175,158.67968087721945
92,114.09322100099806
73,73.73349703674342
77,73.63967873408336
134,114.8626026402064
204,181.0986254531394
394,317.74900527435676
571,488.4502612318138
525,524.9159023264165
354,393.9539064694706
303,290.4008125868279
293,285.59005558192706
281,283.28953958762423
339,304.79109162041607
398,355.288089642523
379,369.3648326761335
347,375.5945087711916
412,365.3725865633533
331,358.5572728450605
288,316.48921588384195
270,266.2848771163162
206,252.17633256544755
215,207.43960606439202
212,189.57101741872486
162,145.5231130635237
92,94.3879343251646
63,61.6843175148551
80,68.51351001065113
165,101.76288754788173
212,208.1954978033461
286,362.86354058020305
371,449.17767427619896
417,499.69244812781386
319,357.8951187480464
281,290.9921650960126
289,272.2559620545755
300,284.3704514926879
314,324.69518737162093
314,360.80861206948936
354,346.0971969406998
371,356.39093337113076
397,403.86007247394565
355,356.0241173269285
305,314.6431064705672
293,274.37282458562356
248,258.9082381341635
274,245.81435867804703
202,222.66676521438475
143,150.6789348403611
74,91.8827242748672
61,60.45562139690715
102,73.83059839275465
141,118.33027766909652
228,214.31255438114536
378,346.5344100897941
606,509.9828450521828
492,512.9248358795696
358,360.27641246033534
274,296.8685808182535
261,280.7621301766726
286,284.3292727510742
299,315.5866051187365
383,344.7911051585626
392,381.9712022345085
400,390.39183195168664
463,406.21655810198973
382,411.3089536333934
313,338.893874285699
256,297.2362854026825
234,259.1129425207153
279,254.40003262947977
235,234.11129758035398
172,158.18374494263574
100,101.0563347564272
68,68.53591933136913
78,83.85330005341967
118,118.59871118375116
240,225.09530161580167
398,395.5903286157554
634,620.1864543104527
548,560.6315699428085
393,411.5929552341872
343,302.2524605079815
362,323.34493168678017
372,336.25049543226675
357,372.773378665201
393,428.46088750293586
441,411.23049522462594
449,460.1776375625436
527,454.48048384422196
419,471.7715119431229
379,375.0258692848382
334,323.87061124843535
306,303.53293337245975
311,293.3385653021773
252,265.77412190371035
179,181.20862600555432
107,113.14089563545501
68,79.99145479618068
88,87.3574121829215
124,121.57165908730546
248,226.99003038672095
428,405.8476094653083
646,625.0191280494223
538,611.1145034426447
423,436.1863443061121
381,359.98013931491494
352,377.4014193029921
368,372.3800321825886
414,391.4365810631113
473,457.3890788118656
466,487.0494710551164
512,505.6716265335298
538,545.0640155541614
490,545.9289775507426
451,499.89889714148774
433,436.17694068063815
373,417.69933349095913
385,396.53755242087567
397,365.3879981945562
246,304.004209114586
170,187.48819129940608
110,132.7171500381329
132,111.04510579750895
137,142.360726417917
204,201.4744047103505
225,248.22970774903993
305,310.71427032280906
359,369.3864940911016
341,372.56688225715806
358,360.18048023516263
385,380.9213814548831
372,393.6135731725613
443,400.98192617522784
489,464.7617429665468
456,471.3167294557052
453,465.877006194161
447,473.0643904056001
442,459.19101568231173
443,449.0312335933348
432,425.40000455397944
462,426.98742914877084
412,448.44284598954573
426,403.70827852601695
320,313.20141851964917
215,249.09258624668078
173,149.0980237239778
180,148.65589347954386
206,161.02880367570202
206,172.4782246337825
195,218.2827714758378
258,241.25008018469418
269,280.4750730931205
313,322.9661446788145
358,344.5772169109772
319,365.0185597744704
348,334.4751601476321
349,344.6098562387654
509,358.64255020937753
350,454.74265295425397
348,358.93110787317784
346,352.05184749141046
330,342.0185928336161
312,328.19290256124464
338,306.2657434914868
285,314.4950579803436
274,278.8707545630261
234,229.59083678506235
184,164.19956272078693
121,108.91035291732986
48,78.95861939229574
87,68.27077641663932
107,123.7874263220115
211,196.8354243359563
354,331.6389457381697
587,508.5479694729007
508,546.9557194730974
380,386.1070612874203
301,304.9674721940984
280,289.5003082872365
302,268.9860399079684
401,319.02888867296076
409,408.93841742853306
380,382.1891656031073
417,368.64628420317865
447,403.9663532409113
360,378.0069788237183
301,321.6629197524497
297,274.32071543992686
263,263.08523341843687
285,238.13374634242032
252,221.21557386606983
153,193.90850165610934
82,104.92704801319469
62,64.41795694514458
89,70.41961436465834
123,107.42433931349551
161,156.2977472262579
264,238.59600942492654
355,346.16822945454606
377,449.7442652974827
319,360.760906515572
287,302.8930984213602
268,287.9866099361049
353,288.308985336152
339,367.79091668846786
349,359.1064269951605
356,367.30375123816856
404,369.2805847368389
374,409.9134530574257
372,360.40998378036136
339,333.6362424248128
303,323.35829027733473
248,287.46304559076043
273,260.6462110767312
231,226.35432326813748
169,160.72481325005015
87,95.85197421517456
60,60.56871813515687
63,82.31926771940735
118,114.53734045587943
215,195.26588258223623
384,334.9734226214328
634,519.7374877738664
555,513.9443816440443
355,381.73689749773916
316,289.44740034517497
294,297.4177224996504
291,306.42434090905186
362,312.36476743239973
384,382.4492503933131
392,382.51514032352577
426,400.24360441545116
427,436.11554820132204
359,394.49233853149093
339,337.4772952981427
294,304.0118768770809
272,268.8369606568699
279,283.1036030588333
226,238.47591298954433
150,164.66940295794646
90,96.2314450151867
59,66.07666783152251
95,77.08408346842229
101,119.0916220401327
211,224.42362467623698
400,384.8116531821696
613,621.3419012548039
562,603.2150685965114
431,397.060006040193
331,341.68000518425384
385,328.54772920037647
404,355.25119925579855
362,394.9760500259275
426,421.49371444250613
450,437.8877142722664
444,469.0498915143307
523,462.24493603997746
428,442.7615324218829
334,385.3271358729728
336,316.8172355805978
317,310.58264336034426
296,303.68392772530257
267,261.3166293819792
185,181.7162795364669
106,118.59990902158158
80,76.26552422856649
101,92.79273488805121
118,123.34778891625173
263,218.60025315676555
403,416.463149492475
657,636.5189552926593
594,587.275971124335
422,467.40226794370767
365,358.3577147473292
347,377.63227496488133
382,377.9638444834344
419,403.8742854090933
480,471.81412052449735
499,491.86245284887025
566,506.39993274708934
552,574.2830468101911
496,535.1603994933524
433,476.88803497253423
456,422.0875911812527
370,439.9484488021624
370,384.90610128153804
385,349.63202683870674
279,301.4518719219835
188,199.85391862797303
128,149.69442712097435
114,137.92291759460917
125,147.76763446755092
174,203.00277205984608
237,242.43359628982085
270,319.69658505171117
322,352.7332698035276
346,361.92923569047963
361,366.59602778227855
380,379.17676888106877
348,389.8111812988299
405,394.24253988135746
448,454.35003881868687
482,449.764407933876
466,487.53784181004795
493,472.152764552184
477,484.3585894163203
451,467.927100645214
483,436.97529114177695
439,456.1485636373447
438,430.77444229363897
426,428.8729123839679
333,324.56551127863247
260,265.2113062606274
262,174.341223679364
147,178.294583576656
120,160.42887635408155
153,163.62127915297398
215,206.56038583541633
246,252.4586364279695
237,275.89302508618573
312,311.64895575361714
320,347.2984625179924
345,338.13900517719856
350,345.7814553171147
346,348.27674954534785
396,364.25225023492646
382,382.72277815906824
392,379.424085944032
414,375.3254044278821
379,370.66854140974027
351,341.6860395503308
312,330.76817993717947
274,294.38033647421946
274,268.1393719289419
255,229.72019044989355
156,183.58459019530832
95,102.8886701960827
86,64.7155096488596
88,83.56166835598928
116,120.20546266958671
203,193.9811658135142
384,357.14615268504286
632,535.1447014988784
557,592.8346024925644
402,409.44545762960723
311,303.78975057730446
287,299.02927988593706
283,280.40767463711495
331,323.62532190542396
388,372.83351380435715
381,381.1888100186788
435,385.89567162332565
435,431.8585528909443
347,386.3416936268543
325,307.73475830666723
252,287.1374873236812
237,241.36292957205347
232,231.97924439152948
205,201.33195042012315
152,143.6668852928146
75,87.24026223096756
68,57.226724843214384
76,74.06545316442539
104,118.29005601217763
197,187.10028215773508
353,317.94348194732163
592,471.7051074445416
555,532.8105478174209
380,403.16985982267687
330,301.3314664016815
278,305.94872888075946
250,289.6223913569198
369,298.3105096096006
418,377.07650950725
404,404.7710965298457
376,411.9300313488639
422,407.4452286243116
352,379.52668254484496
327,324.5004201626081
253,289.23748100208394
203,246.80611475963187
254,231.7526880621545
231,213.84136744224884
148,158.64369119798255
76,88.63174637593885
65,57.71740345025051
76,75.30026137128334
112,114.56886182838143
249,208.17288386267654
410,394.05636933689544
678,607.8371117293772
628,559.0722962385663
422,427.5110027047909
299,333.35835049861475
297,291.9508814795013
299,287.836547986481
355,335.02498546427125
390,391.26623748007756
412,397.3432674933963
417,417.7580104453121
473,427.4064516886391
410,413.2338928987832
318,349.49239494847336
298,286.5717203807728
275,276.4442825391884
301,279.1599451919903
239,244.8141093822529
163,165.76319750450384
84,97.0819904073476
85,65.07736009579217
90,88.15449483049137
134,115.25091622021591
255,231.80937918942442
448,416.3718899904077
647,617.6052510820394
586,611.2753931374398
463,457.9511645573214
347,354.24981243963043
340,343.09522497937456
366,350.6867772555592
394,378.5304578137083
511,410.48536923462336
457,507.530631250067
508,459.5815354779282
524,512.094978228027
487,463.1152158938932
430,409.09357644575874
331,367.4779270170035
322,310.90591572635816
263,317.6639261730391
270,253.2032990871131
176,195.36187536517656
100,111.62398892142382
68,77.85698814543197
104,90.91153369434947
140,129.16032375124456
255,238.5106131053815
431,417.87696058817613
680,627.2781583607448
591,598.0616808735488
489,468.6293063662611
394,387.10348617332704
393,378.8587990608483
421,391.5201046458525
464,433.3759176287155
514,506.00501642369665
498,508.74282956954784
568,532.0279174235388
590,594.496068907363
562,576.8944159738992
479,516.0114197764124
490,444.414766415253
429,438.53900116695695
465,399.03041394565685
385,401.0746441547133
271,300.0992352654673
200,199.26911998464672
127,139.66684280469
155,121.48584150573195
156,142.81071764106588
208,201.82883750420882
246,252.70635860495804
266,324.1524983512439
339,340.48014947464026
376,378.1735897571871
333,381.3009311898766
367,375.6700954664023
356,393.98226500982287
397,403.14383975910454
472,452.8089293374041
430,473.52555709942834
491,450.52186382661114
497,484.6604568432103
509,484.43299269333505
502,488.53745006815245
458,475.28184914131856
434,444.6703473174257
432,447.6941783043606
429,404.5030947553351
341,324.46925877319495
236,263.00760208262386
178,177.02186864563564
195,154.18460995161135
166,157.50179699899724
170,164.4525013188309
243,209.0681264492254
237,267.95485465154337
245,269.2122583441155
327,318.15881470812394
355,345.5325411098823
397,361.48092045248984
329,374.9394164244956
355,333.78005696678633
390,380.1181401253022
390,373.12906549206946
388,377.84698249373304
416,379.17069114228156
375,385.0961322534474
372,349.39619300288746
358,342.7137098590401
317,325.28449111096097
304,286.4062733546969
239,247.14051588753728
189,166.16340645064847
106,110.68406047939972
88,71.17856915009875
93,83.55265916330038
134,121.20454580014749
216,202.2672865879901
362,366.0343900238629
623,554.179890984821
560,586.0070249032431
379,397.86833796816575
308,314.6758571025997
306,294.70629858951025
309,293.50599686734034
336,332.5214835155828
404,376.7681678412773
415,394.0417260753334
438,411.77536603308573
444,449.3383131633413
419,387.91733607505387
360,354.3702620110705
291,310.276442477862
232,263.1389155269057
303,229.8733246763385
225,232.86080882154747
172,162.68592811365767
114,100.76127271533052
72,71.86094476298736
80,80.41804382506517
113,119.54658847889775
210,197.54169558741646
384,335.7766502761588
623,518.5430458141442
569,591.4138877414495
442,405.89081267595515
329,330.47604902227107
343,315.35657556529094
339,325.36675935524624
368,352.42357055732987
459,390.3844089508952
518,436.45263718349224
530,481.55040499377674
567,516.9940244172161
572,485.51514731609683
445,445.09661872750047
423,359.1207199999371
359,344.0444008371088
475,319.80890525822156
300,275.178749162444
181,180.56766026026565
106,102.28933740674223
74,68.14779653696152
101,74.694724371875
134,120.87124715021474
254,220.64916613758697
352,402.2244232865104
607,587.9146156289004
552,569.4313067360915
488,429.7086858289778
370,362.19964366085264
374,346.6167263124285
436,357.07877352228553
464,406.0604801314539
515,462.79593470621575
472,502.968508193979
525,481.5496319299202
529,547.8916623277089
530,507.8345584682612
532,440.0324724217705
463,426.01695401031463
373,389.0938257785446
387,362.00902525421304
370,301.85441266078016
270,280.3866235437768
185,172.3082287341977
127,122.2171973347629
112,103.3635254570665
128,127.4479927834317
173,191.56617768560685
192,242.68899307586008
205,312.05463500582226
182,301.62333806928706
232,226.08493025922385
233,259.07152170285525
268,258.0083264932746
284,308.82396152843984
336,328.387905068862
414,396.65538509836693
473,420.73702703700644
646,457.65247512873043
685,575.5077478651614
740,601.9626141675571
678,688.1322963044144
673,560.5419646643807
654,520.9745599052385
582,522.9566311594166
655,429.46508169440773
527,315.12013014046306
379,249.51236709827842
232,204.66185948431976
181,152.08585234699032
132,140.53035985598694
179,215.2657957632771
287,273.4626991025152
303,453.4476976398868
352,404.82197625899084
327,367.2622425663899
317,336.59256066537233
315,332.16452811522447
360,338.89102506207223
382,405.57310363532184
454,453.12697795650655
452,484.21803744351104
487,512.261722585649
482,538.0865005885997
502,511.0179136767729
435,503.56876201777504
408,448.3019478296241
372,417.862370761504
419,429.8848483571045
387,414.8043305934889
291,334.189048696831
218,227.79860353921197
162,158.94751756580482
195,145.0418607288317
157,154.39896188070546
186,186.70236246523172
227,237.92897291195212
232,278.93543427599843
277,308.92610497915564
335,335.6216162922276
327,349.865132870856
351,356.53652848129497
362,368.0627686043079
376,390.54192529113874
404,438.49621805506496
407,436.65795739728236
425,442.8826633154455
466,456.40431295774727
466,480.66707726445514
460,459.20537776056216
441,446.621216533195
390,423.97971807358925
451,424.7817794493775
372,435.7897032304721
332,308.6808868056556
234,244.29512684442574
201,183.69836989987627
173,173.2482169612904
188,154.93119080669987
173,170.03520923412654
217,209.58860222206476
213,246.1365593309609
244,250.6466326917164
290,313.2025494112394
353,336.8564746110304
386,362.2586170873164
334,368.041614258072
364,344.6622603393983
398,381.7953753089389
382,382.6510800662693
374,377.61703708807
350,387.86239601320176
353,347.0789762438648
287,329.52527376547977
318,300.8178742675089
290,303.7681792429892
271,279.31711777657034
233,235.18011617588851
1317,1150.5686202916472
1632,1214.300144249856
1927,1015.3657229617799
1519,881.1606384175947
863,655.7710089423965
282,328.9306044816625
192,205.93087076831745
157,184.79642711820378
238,201.27546237134354
236,270.9601617463429
329,297.3823706695826
396,353.84254502925563
410,401.0567702096727
468,430.47106267787626
489,456.4747634950939
475,503.2901793865215
504,500.7950174128859
601,572.9375823008538
718,706.5609649116166
829,810.603541040522
989,926.5354784569306
1224,1071.9416951209982
1235,1239.7746946450181
1218,1190.8601671660222
1479,1235.6108760737688
3149,1241.827497800031
1108,1105.9357121750836
617,876.6220055758376
361,428.0433096986313
246,192.5444345500302
175,199.43927988221392
145,163.98887371590345
188,187.98374009474773
259,227.72213988162304
291,313.24908291035223
282,333.7394506106614
247,318.8592501813281
285,297.0554748915839
299,313.85441962883
305,330.5393857213528
407,340.5237872096478
444,451.86243912451965
532,480.2144393926043
592,529.6718080163457
604,580.1527533910647
669,617.594399382185
501,653.2455917197989
318,351.3509250992659
222,239.79781947395233
140,139.85959639651267
106,107.1474884698685
103,83.29657880496335
105,108.15865146384287
155,119.5276774664657
179,187.66174286336798
205,212.7342421392835
253,257.3236339670551
241,248.34746194538693
221,198.84220202661942
208,199.4756012152699
233,196.11990313491066
210,226.87183737363432
222,205.58608717419267
204,211.39468330539327
217,217.67840066814634
232,256.3599636873273
313,301.8001334108066
318,343.4352391698619
334,367.1148994244649
391,394.8526349874905
353,384.89334755848387
254,284.99216002581085
168,197.14122697584432
115,126.24050444578894
100,88.67401284750308
61,75.22904107066913
79,88.17979265957916
97,102.40584283038324
157,162.9158972420336
187,210.2790166823115
263,247.79659441185404
255,265.2823850653719
182,201.5710544096088
158,177.68966375145754
195,179.41788184200135
169,185.2183655755202
166,178.06190098285475
181,182.57943634187794
205,191.2981453100477
253,235.29364701278192
298,338.27123295624466
360,368.1215471604702
483,435.37369858058923
506,521.1647709279155
445,470.13947549868345
345,359.7756826121709
274,261.31867078720217
193,186.34537542911158
134,139.89596120841748
98,93.8910615615186
92,95.42949985171015
113,96.84837265602104
164,153.283349675575
206,208.73290426023166
278,266.82768430505627
269,269.4367482884001
219,204.4499212287391
184,179.95882525036916
163,182.3796541953502
177,169.10829540397384
213,172.98257616113298
196,207.3316700758663
181,208.32321570379088
252,243.14138372182748
323,343.1268050520095
413,403.3039818839649
506,486.7003234700316
635,571.012040602046
577,569.8191120088028
479,461.48581342625664
287,365.0784751112746
205,210.92058901393176
123,143.74069827764558
103,100.98947555389779
125,101.26175560952659
120,120.91789193795996
174,169.37686594602684
221,217.1019263036539
285,267.3203551281935
260,276.23739091950114
206,236.27470481439119
176,203.93002217425766
197,180.7417190107137
197,197.10167862342323
184,213.45097514137558
225,208.31140172754044
248,243.11925563956962
317,290.8892815880442
384,403.94156924997736
536,460.24990699825156
592,593.0659428190913
687,688.9024762619032
761,709.1242552754492
633,685.0802756639208
470,592.9701216987816
351,353.2405720115845
280,265.6305350961652
206,220.01159631304347
159,163.0028687325161
155,135.01135636057379
214,172.27694926736663
211,234.22410519487414
260,257.93160089878586
262,263.3977770863909
184,224.39678702525933
194,198.37486762777706
243,213.32672928005974
232,251.2910453956837
246,235.17686924560329
267,248.0955290801095
269,295.92365101551746
409,363.364113740884
550,513.5816659111146
709,682.5959142517776
628,772.194562999061
733,798.6191898861188
937,870.0061854099873
1080,1014.8490437525913
1252,1080.7919793479086
1265,1148.0364832964026
997,1038.3505262964416
639,779.9201399497115
293,401.3981990413027
140,204.12764891227258
131,160.69843937753413
133,155.38538410315107
200,194.7705555651707
233,249.06043054811178
324,277.995008500964
340,345.97227877078365
392,367.18544131373113
360,409.60936105028156
340,398.63452035552245
387,379.1787698714473
436,444.41158322286105
546,537.5759668118833
653,685.2078548769966
759,773.6624184898726
784,868.0550211548748
905,990.1288384909328
1107,1023.9254930076542
1120,1072.4197317614035
1180,1156.9953479058588
1258,1241.827497800031
1090,1081.3432625220187
751,711.6602811451119
325,342.137086831537
138,189.5359707678976
124,143.76498667486516
156,139.24748559672756
181,194.8591092216908
256,232.2678708897648
300,311.743170204322
342,316.86652438743084
361,341.57491539677005
430,347.8211757292815
481,399.63026606997465
437,456.03369627127137
443,437.5015810705648
430,466.6249908129385
437,470.15571107676544
430,429.10544377086126
405,448.5109046772831
439,483.4593772171642
333,433.5801878199941
283,278.1652729636224
252,208.57324998251968
140,157.197577867073
92,103.04291241695341
85,87.90439472457838
122,99.38824207339127
108,140.0224253935865
162,168.0933428939952
203,202.7338523433106
248,255.59008680254703
244,240.65065308282664
187,207.27703876978774
198,182.48209442223472
216,197.190517078382
256,204.26850941822508
192,245.70569095428914
174,194.21585890083253
176,198.84783754079822
254,218.90311387259294
320,309.87569771593326
365,336.47960546966004
375,370.9502246230521
437,408.65201770177316
424,380.436679783034
383,305.5267031939616
275,322.0314014746794
174,196.21009894520296
123,132.99903687107667
67,84.17231542549149
75,84.11637196170854
92,93.37095542350076
161,130.50579065086325
218,182.58903774346845
273,259.4213027462451
269,267.92733321239785
240,224.06272062805294
176,218.8393172690065
173,189.97009940870973
190,186.40582561265526
201,194.47524939340374
216,199.69142066504426
225,219.32117220900705
296,261.912089553772
360,343.06272831376043
397,400.6971603441612
421,436.13849820999855
556,472.6048980432292
498,489.30248262394036
368,415.4599397688091
252,289.6706208042051
165,186.9156410158245
121,132.08260749148113
94,93.21414699171454
93,87.87949923320757
92,102.92963647627346
161,157.0982472785821
220,214.28981759761683
274,276.7439933634258
297,275.95283145952135
229,235.5933784581385
213,195.02954193784498
175,193.40347717995996
176,179.95100830849933
161,191.5459759045523
194,187.38899698602697
202,203.24013926569341
251,260.1347518235301
353,349.9908252754059
401,419.8308973652663
465,469.8676600470852
609,598.624453658308
490,576.2066616349825
426,435.14292388534926
304,348.91824972629115
237,221.5655442709005
128,148.65933298227796
106,102.50091691631273
102,107.78805888335891
105,112.0890724545117
164,165.71391836107256
219,220.05993694476575
307,271.02697011746767
304,293.1303786777304
234,245.84339527377492
216,218.78933979247364
214,205.73752535902756
186,211.95274640831087
204,194.4678182470032
220,219.01047252787902
235,239.60582333317197
329,293.27403237977927
428,418.4349366710344
508,486.51151217149356
616,573.7507876018714
684,692.6615629597907
683,700.1158774729068
684,637.2655823230549
566,581.8917612536887
394,468.4055722073629
330,295.93996716178253
277,244.01365836766945
180,177.8626350428184
156,138.37015759952496
180,181.17831356686213
213,213.13272021859694
278,260.69643442097146
300,274.55184440712986
277,244.66156880166548
243,245.41201887227353
252,244.24595721655746
230,242.9322877917932
221,234.36192983460322
277,242.56488458162684
296,293.99042698082036
400,381.12751210019144
545,520.7759653964602
699,675.765046744908
811,790.9139210265488
813,860.5187036800305
1016,950.0766915722616
1213,1034.555483975636
1185,1201.3552884798744
1299,1205.0676437302716
1102,1009.6444520099332
784,820.0922523445699
363,475.1103367162558
159,197.8516493438303
128,158.60338875370672
139,150.83261252738305
173,193.75624886623723
239,235.0274599154482
322,302.02347342509773
334,348.72853904006774
391,367.4769331233951
398,409.1019437929561
364,404.87975186300935
426,402.34513443032034
515,468.9765832471588
634,586.4720371306488
697,720.9001382871813
881,817.8721463867436
1003,954.1021412560013
1077,1066.4278285906685
1236,1126.3965838859847
1235,1228.2938840895472
1112,1253.1928114269324
1124,1166.846846388996
1083,1030.731440291154
838,773.9251125634826
390,405.5450462696666
163,208.17824059207322
165,145.11727911365227
155,157.28112942863675
196,177.3462872904963
264,246.23509206932385
301,309.7002275634475
368,324.4140113227782
363,382.5883344462214
352,376.87889680599955
353,357.1803691728176
382,367.407774342236
433,408.7265842591317
439,454.30642145446427
508,484.5827599278735
455,505.18022511127873
517,463.49800482146543
532,491.2756574643196
397,463.5108517106546
305,306.9924787342568
209,210.89685741769327
132,134.36770830840956
103,88.91359766769985
80,90.26220780206432
109,103.01338634474496
110,131.35486913750367
169,178.34079547511118
202,209.12342864058718
270,251.81634436399997
240,250.2444918482843
209,201.7101615753962
162,193.8608585638509
174,182.73968436228674
181,191.83984728181326
190,190.2709473200681
196,190.22745064845319
205,197.4388836395123
237,239.80927712805783
359,302.42849364075903
330,363.44376918450905
339,361.9495218215021
451,396.2350862155798
454,411.22487627976597
311,343.44532271575264
203,217.45587699860985
139,141.51277635559185
94,102.42010356758908
63,71.29752550950431
80,81.27733695108358
96,93.4874507500883
177,161.92975546999506
218,217.82034405713284
266,269.92352094884
289,258.3832557741329
193,223.1965537960105
151,175.0022715266358
177,169.02698903587554
178,177.6112415191817
185,184.39923127720368
208,195.55493162957447
210,216.22449879362117
244,255.56688569137427
372,340.93635915290497
396,404.55196819018335
458,443.66979771695924
518,522.9608212313427
382,507.18894262692385
358,349.8800553194549
292,259.7985749150365
212,184.131039996389
171,142.96830896428187
132,106.93086877461957
105,98.76159124141904
121,102.67988092978736
188,166.41035839322214
205,232.9109294457701
253,274.2075004801452
361,280.7698804922432
235,254.22774095956464
204,198.0710632429522
175,190.41318940994415
165,181.42443496984097
187,180.48279055432647
191,199.35682052299404
210,201.60707452352048
249,256.5350898269341
433,356.74171078472415
409,457.94439050015745
498,487.44339055041735
628,583.3086327614672
533,559.6333500871432
465,449.8247366439801
330,349.48995128907853
233,232.86455225972134
160,155.89860971481943
124,120.89191603715705
154,110.79473887248623
115,123.60512592433729
180,177.39608691868182
196,221.97462643966864
291,275.0703897355685
271,298.19615423660974
232,241.99959317999978
219,218.0557622830908
229,209.87566682560404
169,210.73861746390395
196,188.31903884303262
227,209.6925332091084
238,246.8125611817235
273,307.3480060454753
387,382.78699754577195
566,462.30418075632946
617,596.8937246547575
778,698.3374613229802
730,735.4468450225135
599,705.2045635389193
502,546.2749817865658
387,388.2717955265352
373,309.60538698817726
255,256.47612659883157
197,183.36844173915694
163,147.24037836302585
203,193.02597484875756
220,231.95029870474437
284,270.7847560469752
301,277.48406873441223
253,266.1468793678468
232,239.49971688872452
260,244.30422741731607
275,244.50089781109855
263,258.331900222442
287,269.61284360801676
266,299.8429201343485
370,361.7352877279959
517,495.6132568459741
656,665.5556732740981
696,754.9224250429019
739,832.7586194992433
1060,941.8985246649667
1024,1115.993820074212
1104,1052.8460059201218
1171,1130.4044635084665
1026,1054.6331134925936
690,757.9253828180288
356,430.30258000667686
192,190.3854292689648
187,173.03259491608884
200,176.27186895622998
258,220.4103625402061
282,273.79607523459407
312,320.1327648920655
370,352.310095089241
369,397.3290461101614
375,396.44925432410855
411,388.9041355675897
436,433.6668163223536
443,472.68800309658474
542,538.482728166758
655,657.8315463913513
766,762.106645575911
733,879.4559460392444
895,915.2452361423225
992,1031.629678345694
1051,985.2047119523264
1138,1169.7503066209526
1137,1238.9017115430422
1050,1001.6923179604588
777,789.1705153968071
363,398.2495551344838
197,191.95971279844568
174,179.79460240309066
199,168.18005915522534
212,206.57478973993105
282,265.74607700544567
328,317.2268934599175
347,353.54056132326997
416,357.6196145147368
411,400.98266845609976
321,403.89826340062416
357,333.1874028742989
377,389.7836830480493
389,426.54161948257524
410,454.6769804973096
417,429.01794236590604
412,457.0845487154377
415,481.0075868083256
449,386.9117004413299
296,345.162889522797
210,211.30682448902715
160,131.9148578938175
84,108.12829976834558
100,81.07094784961225
113,111.96960526804179
115,133.3546595820324
175,175.48468433280857
220,222.00276509137112
277,269.07459537481725
215,253.8487269120239
187,196.6712887428825
188,182.9629859692909
182,195.91947248213845
213,202.17224737978685
195,212.63030005488085
207,196.69804065122088
234,209.37922329551827
281,263.61751191048324
296,346.51249505902985
288,331.36002904003516
300,337.83766770256364
325,366.46446385760015
295,355.9636062248756
246,256.2755416748867
233,198.1154379950719
161,155.04459610090848
95,105.68157603751429
114,67.91366326284987
163,89.01986734147899
147,115.28961509009274
187,183.10121989543038
250,232.7787301496966
312,289.3993393557461
277,269.81930883292284
211,202.83927898501514
185,184.5006189613744
251,184.46841972996646
279,225.68768204035317
259,244.83895789227415
266,233.36887390658265
285,258.91632832980326
271,316.93429219581935
359,353.0862885536744
422,394.78019175503334
488,462.78845534277906
514,510.6024530779376
501,441.8346136765584
430,381.83816137168066
285,319.6217024998961
234,195.32964698106395
225,145.80648928863678
162,147.34022426210544
179,120.61165030513259
170,134.2597838580546
194,198.72316472107016
227,244.92101418486564
259,288.5577730237472
251,287.0167052294952
219,221.77371457718945
237,201.1554537375128
265,215.22891613364143
250,239.78111728787923
231,238.62480605491677
223,224.9470759591813
276,229.48993349146352
287,305.3176805688512
326,386.4322937896187
541,414.1329379588629
391,561.0107082885577
398,523.1966844400916
424,474.30488574366956
506,421.90786233007606
443,440.7689102539004
451,351.0019448997698
292,338.067379466044
203,214.06778960293778
139,169.0696146137768
117,127.9420224187582
127,151.16845148042904
117,155.4089243187788
110,132.1102980418663
109,138.5997022429391
131,133.27483452911
164,154.86703654012607
202,198.0217930785259
176,213.21344165832178
185,192.20965252667136
238,209.72216924991588
248,264.8812941112701
244,286.6117960722109
283,298.38272932844495
267,322.03909223673566
260,275.26475225078775
294,241.54732406809902
294,336.20943685265786
262,307.0973801072682
180,274.61741131114513
164,218.29507295294857
94,185.18520400265663
87,157.12112850671252
65,143.39699047780633
38,133.71742699846865
61,157.57111035200828
57,142.31025768446662
78,108.13380819414908
111,109.45825777233546
108,136.67113719183038
147,133.75838353420295
156,187.79314902318126
196,188.31957523343178
160,218.0545932144232
210,198.69492370597195
221,256.45694641282455
253,309.3362501704597
347,384.34225034455966
359,441.91993494156816
353,470.2995477234049
440,464.48475757754886
443,562.4453365886142
531,495.55167512240774
560,588.4529128402112
460,573.0421595267599
452,413.764359480196
301,382.6951393221444
139,253.56497628195737
76,128.51227161825267
62,110.67952225929209
69,102.95238543505783
74,93.8848945838586
93,94.17663355189953
154,120.78803714550428
198,182.79944605195567
209,233.75084642917525
203,259.76405562764177
221,227.72407939788258
215,258.1821389454065
274,258.24628121986166
309,358.3387098500435
400,389.63207627560143
444,515.6312546672573
503,572.1029319490924
552,621.3680935235162
568,715.4204969110723
669,633.3306555097212
716,750.005992724481
617,777.3368318185253
558,527.7370283480745
390,475.48539287366543
199,244.21585984327285
100,130.77960613418762
85,112.55620029226468
78,105.78319219772254
118,113.7790382716251
137,158.8635580759451
207,185.9895739729282
259,253.20774243346244
259,280.492178161568
315,273.8118600583949
290,309.70491047808554
284,295.3098396977603
310,311.7116074775053
313,342.64339297041585
372,361.38841729499023
294,397.73282416919955
314,330.42275117487446
373,358.0239348390257
268,368.49038855365893
202,239.33317531322777
1425,1021.4297173772785
1087,1031.808855322885
1051,820.0762022964014
1075,811.6262206316233
710,630.3836221028506
325,227.57432039047188
226,206.64995917789273
199,190.4362406050064
184,200.58152214138917
215,210.28197925290257
235,234.98377440643128
236,252.3731802846854
260,252.57522625544124
258,268.9764918609584
285,275.0120493557865
288,293.3215334387643
318,314.92546919163686
310,361.14233137591134
416,383.0632691955749
548,464.30880219389655
575,588.4730861695874
593,647.0657523369727
853,739.8256310232076
940,988.1964310591327
979,1051.6171211192848
1679,955.9935644859734
660,984.1992622864698
532,612.4011116571278
286,397.1032393874546
165,213.6240000843906
191,174.50993069855573
183,174.6607956148498
144,176.6395018923982
204,186.09631404785767
217,226.49405550701235
222,233.12436390008835
236,237.0445500675401
197,243.46858995129855
243,226.58444060587894
240,252.91554321536827
290,254.80472459272482
328,293.2881960367947
318,333.3080170149248
353,298.47098296307985
325,336.05163792025513
336,310.9866943668072
372,351.7412522516884
204,301.2739237800808
211,137.2414956644111
121,132.52343382606176
118,78.84437954902091
106,71.37933927275276
164,81.35169963475217
102,116.42278361878793
132,125.87575046626246
170,163.01763471560398
171,184.87060702262855
147,155.66639978460168
117,133.69234434626537
125,123.95156103808098
138,129.52617892474288
145,147.01019770348276
150,150.02292607500658
141,151.15303811756573
165,150.8465924260728
195,197.43123566492264
195,216.0415612752954
242,201.1128455528651
156,221.43776952026704
164,161.43512029047662
172,193.05414751414878
148,155.3650446210014
90,110.02650657903594
47,61.1117153020752
40,39.643028551439706
47,49.47757358226272
78,58.739770459277686
75,81.71258992475369
102,111.26468599898683
130,141.57646351304055
156,165.69690660377108
142,155.75995308566326
105,131.87894468899873
140,113.79052596499183
135,130.955824004125
121,129.68721726563686
143,140.7582898960849
116,141.75746327470475
171,140.32167709697032
188,203.44707586499743
223,213.56555916682666
245,214.23185543034037
233,228.98930809049534
244,223.8440632040984
301,268.56633804345375
326,246.84916342693157
145,189.0774283199521
104,81.7603634583273
66,64.83788313507877
58,48.237230565290425
77,67.6015478817115
90,74.88816240774004
133,119.55321697545565
143,151.22858484030436
175,165.3292864729862
143,158.38066971886812
137,129.4265101047238
113,135.29849697496786
143,117.11667742489728
123,138.5841608230451
133,142.19334554707248
144,134.12029138062059
147,161.23131284378232
194,195.56036640200338
223,247.69437715251638
216,240.45894926261
189,225.8301282453271
251,234.0784048241523
425,385.1250693652604
255,373.1917287975034
158,189.43400653720153
81,102.10554196557754
52,64.22313855141533
64,66.45794768225642
73,76.64164391610784
108,85.70575439170493
104,132.12544644372542
156,140.4701669460235
155,188.77215809652247
175,158.83864081556442
130,148.35652474540979
172,139.4384261575547
150,163.88282262922542
144,152.92257262169315
168,162.12730902464563
161,167.87253631501818
200,167.40711609084053
204,230.903429837059
264,259.9403560896435
288,278.65723113640075
276,282.9780008352162
306,296.6922515341516
474,408.78732047853373
376,416.2891948216646
244,327.36859877160504
156,192.66948916974758
129,122.81489316682753
103,125.85001948695395
130,116.00163410352376
119,106.91727324201534
149,130.0552149555387
163,158.1519396548519
167,178.10451636189617
138,174.69244600173852
152,147.82394902690874
171,163.219535105755
163,173.37139237171223
153,171.47640684084473
171,173.42684469617203
175,175.578522809973
229,210.8656730723024
280,280.5898277800163
365,353.78546727020955
388,433.06941900914984
326,431.86791442577396
359,404.8632457156219
592,512.1462724297179
740,748.1802544201292
750,830.931915602197
701,803.0312162227084
603,736.856108870138
420,529.8965778422452
254,239.21506747824904
108,206.63448847970963
121,147.16761830992374
111,159.974859495505
139,146.52537411934915
200,182.05675147841532
212,222.5332586881436
245,240.56835251443997
239,249.491706304914
268,252.43504595294192
287,272.5092571709869
349,288.98128909649324
290,347.2822574542553
397,336.3502170422433
424,451.59460706322034
511,464.891295902801
444,514.7572635851805
472,485.1535138410367
674,576.6783564243451
708,793.6030758773422
739,748.5113420005531
738,822.967985954341
574,699.0495378458147
546,513.5017527001809
317,308.65335795527574
165,181.56753146849667
130,167.93869081915267
132,141.2359610174233
113,151.48762866823554
127,169.22352368122534
212,183.51541152195927
216,232.86439574795963
236,229.26204375810786
226,233.47682122981922
333,240.78409414650812
313,321.36668641602
309,315.1297433852383
292,323.9828962856685
265,306.66185629219973
225,277.95316585436444
236,241.32081873970296
234,261.45225856771907
211,255.60321923030145
221,199.36137806349154
122,167.70388484662251
80,85.35023924162256
59,61.64914452686714
53,61.75227766551939
74,81.33177136362973
84,96.2762935370817
110,121.8438358252016
157,149.66781628272585
188,177.77948496292527
142,154.08566858277908
113,122.07850693473517
135,114.58286814789632
163,127.91936020264446
163,156.14750081965806
155,158.95846003509783
138,144.53074327696336
166,152.51476193300869
223,188.60330162972724
273,224.55791144039202
215,252.8309073116134
206,198.74422515264212
189,183.38493431505563
221,187.1177237112233
171,167.28032137641074
116,129.15057537659573
56,75.41637974449195
59,47.66208608390021
57,58.542220474404395
63,62.48442422428777
68,71.33566126176517
94,90.64519019400706
149,110.89521374000243
156,164.15012200912113
154,150.62568041586488
140,148.67272441444976
137,140.27017507821301
151,145.73230949236284
164,147.40537856263194
169,162.99235808982547
154,150.90843765787295
187,169.20146264853355
258,210.36406054862866
280,282.0101209749812
253,273.00542363560396
220,246.71980821408246
246,225.85188952191842
543,264.2538881681873
256,337.14523163901237
148,166.5982571132138
86,92.46760322381138
53,63.57327605692098
62,48.276527656349565
57,67.41151349632807
75,75.03348962518099
105,120.4355946991347
158,139.22230984052914
182,173.26820348366368
144,161.03629703516248
117,142.13591031932856
137,118.8529075504154
123,135.9686087123234
138,138.10220454206066
143,147.51142381961822
155,151.7299630952235
171,165.1764093175912
200,213.79057329303154
223,257.7874456655885
225,232.1381320828473
223,225.4267097989971
232,248.4067353521861
389,354.55575077107386
296,320.8037206707625
187,217.18085618842213
112,112.98508744974642
106,76.26923198148279
65,77.94832330880998
60,73.8464130084742
98,83.92767166428271
115,118.52976458661452
141,150.22861190055332
178,180.45155590191126
166,168.8012052444654
166,138.13371419228548
145,162.71574517705028
155,151.6371470003411
134,159.31782786284123
144,153.42323094934153
153,160.12848423805
178,175.21046697836644
230,214.4279425735137
264,265.97786907591234
257,279.34197790731855
207,268.3440057240838
279,252.43097744861188
466,411.0188270452395
403,422.3827455196412
311,336.641995035561
239,234.02484194274882
196,171.05525041547634
233,144.21651533839807
176,147.43552080890677
112,121.50238669116492
143,132.47935949634584
164,155.95915503162544
208,182.16855239942348
254,192.55428765946522
189,215.53587586635587
192,176.80871212332687
175,183.81830356330607
190,169.77429589046582
195,185.91985313379283
194,186.69371986597284
219,222.76490079268888
318,279.55195093546934
364,377.8514188963452
413,417.40692399126095
571,435.0573440268219
451,621.3973577612992
534,627.3856000754885
699,772.8734026876718
681,753.088619993844
563,711.7040719992781
485,557.9135893032118
468,403.20443036208076
356,309.51805537588604
120,208.37657614390247
125,144.4118069251798
119,150.4759511713741
129,164.73655223379725
184,199.04107822154242
196,222.1102701064773
224,235.6477115551701
229,241.3110691039457
277,243.41008633147442
272,289.4901384594836
301,286.7193317064352
312,318.7939380440792
360,354.0538484367828
420,429.97878158209556
504,480.30164715117775
551,546.0395980929959
522,610.18861770264
604,664.9038413300976
781,750.6552265085996
855,840.7931579844561
678,819.9951626923797
531,559.0104528065278
428,469.08331202620786
266,304.2217700489867
206,163.34810422310952
154,176.7605491320613
161,144.4800991011982
153,148.74480978167804
159,187.8167687373972
213,203.47591701398056
212,228.47022064404334
252,230.21691714197945
266,243.1016272411928
263,271.969192627739
280,271.6119179433058
286,289.85253165622163
298,303.7669007725673
321,310.54479215708756
300,319.5331049528683
323,293.4084192677825
455,315.8374712267889
355,448.045789417043
205,307.65564956690093
140,138.7514624630187
94,85.98619804758295
77,69.52313850584105
82,64.53613641639639
74,90.39378003523412
82,91.26107819287841
113,123.51079089435841
139,156.64780073081502
170,173.88472545578824
179,156.0496756343745
117,136.63140147985595
130,117.2216196114326
121,134.65379174899886
132,139.83839184918253
135,142.53764055133658
138,136.22228359670612
149,155.50640633201462
202,189.63330780546912
236,224.6561733191531
217,229.91197156323568
217,196.9430507746825
199,194.6178589598413
200,226.99174584395564
153,163.2411132258776
98,108.93732529540303
66,57.707653464880245
43,46.75342253311287
40,51.87268628797231
49,61.295349850325394
84,73.78192034770387
120,102.93674571254746
144,148.12586454086667
167,164.64302223405093
155,160.07456581125285
122,124.84427221755443
121,127.29162947417097
101,128.70813381197283
113,121.63199139004503
179,131.95197624713052
145,160.88320031161368
150,161.36390363174078
191,198.1450560380602
226,231.36372777732262
208,233.68641983403992
209,215.70158372996772
243,232.9986472638253
316,274.5455598993362
195,260.75652659194554
134,139.99347567551098
91,88.20139755104039
45,62.276061538750064
44,49.0226241154164
53,60.371828596910966
87,79.63263586480714
126,119.86690069649669
162,154.44485088579472
189,180.02549243566662
181,167.2035566086081
147,146.87154582205068
160,133.28769904168274
124,140.26697013575102
149,130.35736003888107
161,156.47464642238413
127,159.27626587590115
267,150.73475539551202
250,267.0183441739588
284,267.12211005847075
262,266.36624062339354
221,259.5470360772717
272,247.76747662096744
474,386.6233157886874
263,302.4520017761755
176,188.32245718602857
126,103.2847765782037
94,91.23713254482773
66,69.40872481162187
79,69.6739100941853
95,97.90740393324668
121,119.95523313792366
169,152.98454393135077
218,187.78083920012267
163,202.20030671742197
154,151.6944120322157
149,163.2380384561347
131,152.59335428531895
127,149.29662983500026
149,157.6001530887802
141,154.26677800397573
198,191.7624136458509
275,242.87616424056637
308,316.82193955591123
349,307.2836239192195
343,317.08850798480125
300,342.1002249987061
390,421.09821516549977
499,392.5585968066819
277,366.11194605780486
210,226.65636458580974
151,166.1964394762158
126,147.9955968087381
130,126.77614780811906
103,115.13910192345354
144,135.98484616843783
174,165.00282207499276
203,201.74683403903228
176,201.35940775685052
165,169.50563098770226
169,171.5672122571785
187,167.85364739172746
182,176.43262426984336
205,190.82733352748562
197,200.82888178127334
275,225.33722273169352
314,336.83303248039635
358,370.264403620186
397,420.9985623438528
481,459.39744887695934
399,512.0228058960405
960,560.7278498246676
739,1022.3244592031567
612,742.470643293988
540,657.7257427926928
528,517.26818381246
427,470.8539644005056
270,314.42372600575686
166,173.81799413923412
166,150.9853771211971
192,159.2457769551521
216,183.9168804526244
216,215.68608172146688
246,221.3317152171176
274,254.17141502771707
240,275.4769810588254
252,257.4506476116837
277,274.25411779863936
323,298.57604279223534
332,342.1140851867502
376,372.0452443629945
447,435.2301077589771
480,497.40173981965205
459,531.6321209230257
436,524.2897183671703
497,616.9995290029925
607,580.3161229454258
744,658.5660602273316
575,709.2450491738582
614,502.3612917335275
553,492.34912467756607
422,323.7860949449091
168,210.86098643771655
180,157.90733976875782
165,171.632682505633
138,160.80546614148784
182,173.3985087409094
264,222.53811741156852
244,261.5756860723195
288,249.0179984146575
265,275.7252051875579
275,277.87492701415067
287,283.56830891696274
309,297.65450616736894
315,316.4391438162476
326,325.6300505180493
309,310.5645484899713
273,298.63953373595234
256,291.9054397656473
251,295.84410326696616
180,221.34118173704854
135,120.77476329372452
73,88.32766582807052
60,66.57159434153928
52,68.23673692666056
76,89.7974279592324
108,89.36647096408365
137,130.77734055734777
170,169.33816157114262
184,181.7253316339372
165,167.57831808302922
148,129.61381226020205
122,133.09625665719625
152,133.11149931240047
153,147.26191827489225
160,149.8353116421362
152,156.35081309216852
171,158.85325345256544
210,200.61419550310802
207,240.4018167474367
183,211.35037101589023
162,186.58528308503713
127,173.33866394400397
178,160.55658605751694
148,156.17426211103253
100,100.74973045111591
89,59.33687331323637
109,54.415809483145026
57,66.28442062484008
101,65.23964779333836
116,86.97014189502774
121,122.53193379432791
167,150.93550062507967
179,178.3762194354852
147,164.76339715185654
155,136.21784691906535
155,137.82596894529317
128,142.50604874311838
166,134.76058099141085
170,171.98039110087032
198,159.66499270247908
215,191.73830632668535
259,239.19943720010687
291,276.1093979743855
293,265.31313144072084
263,254.5039603054394
218,254.5104406366331
238,267.92385012180216
195,223.49531428747972
135,137.1474911778792
83,93.98308880268377
82,58.69585006578554
82,58.79986309230092
78,70.99826275439932
92,90.43947062882577
137,123.86696996505793
148,164.28091111735282
151,185.65043795717037
148,155.3864334354948
170,143.52798392140608
151,160.7691551352752
191,138.25044423729352
191,177.80759983266995
181,185.96260838663275
198,169.5275848031427
211,215.96366070173983
245,252.15351199829334
262,280.92294186713997
333,269.93900159107164
266,306.9559246209746
222,271.3648142610306
210,296.8788048424183
214,224.37701857651103
188,188.88246035910328
201,137.7059976669475
223,151.90721998441583
187,160.765444765914
139,133.67405154910531
93,111.11412628855221
96,116.88299214354244
102,114.41060963775337
86,124.59087362820135
104,99.25863814183465
116,118.75086879811634
137,128.8642947449023
157,148.76592167115263
167,162.33464786857428
187,168.5585916689601
231,186.50215914780514
264,246.87898441360977
251,287.0911996823506
202,300.64155731164146
211,257.32814130244117
229,242.07658395562518
243,235.2610758355772
274,267.05450242147634
301,228.90788125615006
225,279.179021534556
140,206.33526335645644
91,144.3733259210291
79,120.81585936278327
95,132.71913857571943
77,103.10400646409552
60,128.14121619764876
81,121.03685220421643
82,133.72322079683542
102,109.1213166438495
111,126.38112693917424
91,139.28771677969996
112,130.06892766356665
125,143.4887907178182
119,165.39710399584294
160,162.60922100555135
158,213.6775396398712
200,229.95043117377122
198,267.78905244921566
214,249.6098611609262
189,225.8294763859748
234,233.76239117596234
230,365.2946047141588
252,380.43197237633376
284,286.7317993728684
229,240.8642484061164
332,228.91062200200338
501,343.2867722984114
215,303.17583038491375
84,127.76204402959036
84,104.96063536242282
71,107.1127817426656
87,94.93188027866113
120,124.87597621311222
107,155.48012698780235
144,122.62654884138223
142,170.62388147655847
138,160.1944017201858
141,153.8270799232443
162,150.63382341443938
185,191.7350019846072
220,237.6276359312362
260,264.3839624814754
272,288.07953432388916
319,294.2968297659948
318,350.9190909048903
473,374.5333169696128
472,560.223004386577
382,487.02209118632396
392,330.0108541750414
438,339.80146709534245
387,409.5737986950297
243,264.82746094013686
136,140.9094402688801
100,122.08616536295516
90,106.9036125675372
95,106.47543436968446
146,132.05307624892708
159,184.44379396341438
209,186.71400029471997
193,226.38126653586545
212,204.68616528087458
214,225.00012691985913
196,231.1530423352043
240,231.4187966258324
226,259.34609597248686
268,258.5714949860312
219,272.2838344518976
203,240.31404719694612
184,222.71573270162298
401,219.72501052991583
237,328.8684725754661
296,247.49378823821812
269,203.15094553483905
262,172.08062071024156
236,178.28876051670062
249,166.08371577345923
210,140.74240008094355
164,194.12094685190846
182,189.60079149989176
233,226.12019396598828
253,262.90468207405513
250,274.1277362278705
223,252.60686974258786
252,239.62355850591175
215,271.82093946651094
241,259.00367449674997
305,277.14915950147497
294,337.77777865689853
325,334.6135624969168
363,361.62656107938506
343,384.9572890632536
383,365.2696593860256
329,393.0966606516175
322,333.53272685391056
306,320.1411290890334
270,291.6790417617326
363,240.1743587223273
125,237.72545625060738
153,146.98013205847252
161,172.66234760725587
119,136.02321900752074
134,137.3323711252335
147,167.3936841695963
170,182.19580329156926
200,228.62584898217082
243,240.75304495485673
204,238.6874592008685
216,207.59566767182991
268,227.53931308236653
243,256.41766393187396
276,251.92248695350548
276,288.8620829337585
318,296.0397084223928
257,321.4863215829062
266,275.1759619338149
281,266.9595751852606
240,275.39211124488463
232,225.11799471353638
195,203.48324285530262
133,152.63555878045923
94,93.55322838677118
61,78.04095047780925
85,76.81907261740042
104,112.635268225767
114,128.69470663862066
187,174.8709039168928
233,247.33001921995398
217,242.6026430850122
202,206.48361044989852
185,190.9121622289488
160,174.27272711259644
177,168.5311492772805
187,186.34771968417152
204,200.65050612663785
220,219.0388750779961
214,223.83170715731586
264,227.03044242436403
267,263.7972611658197
242,254.74426211843434
220,231.91347544755106
214,205.83100888303125
195,205.0969364814247
132,158.0740087279813
117,104.28704804589323
71,77.27370564520947
55,51.78899093017799
64,64.20230135304459
97,90.93762083539008
109,108.06126204723793
160,158.23601002032763
161,236.26262463252692
161,220.51163524403012
172,187.7913371351233
185,180.13660718906738
152,170.67080428245723
159,162.3927188787912
154,184.1508452725174
164,197.95760678751498
195,203.20144764660887
204,211.60266844157744
244,230.53250987597212
244,262.32264358845276
227,236.55686619032804
230,219.29846635828176
200,219.09446011455182
215,198.7456390148061
168,169.9227840004249
118,122.1853922413027
59,88.6268085594576
50,53.807072366155396
65,64.7280911814938
82,92.83338899695146
104,107.42926820853141
156,162.23626231801143
230,215.6123401273981
234,230.21455372029345
182,200.7856610128496
198,182.55713575791043
172,177.51878803157453
163,174.77226642018024
182,183.33297610984621
208,200.141763847817
270,215.28277167855293
270,261.8706633053828
234,273.6749297568492
278,261.9442712415697
618,257.68201100036663
303,411.089579571052
224,263.27445797829733
207,206.96345314340817
180,175.53292497045533
134,128.8289164069399
79,86.53020567874216
48,58.32379323097725
70,65.64861016737919
88,96.4794578001383
115,113.26118548630619
156,172.70989348451099
243,238.60391895846186
223,252.3246039501498
203,221.50564388448032
214,200.473998384927
189,197.1929050836674
180,186.00264940736167
181,193.44705778893817
218,184.31167549885728
222,219.27939016727518
244,249.7968168868206
305,268.0339477489276
312,306.98927407146255
262,341.6316183496821
281,267.5753882823333
298,263.6387625989389
209,259.67992731061605
178,194.2877843498394
145,145.44040611715755
99,100.36746152347565
72,70.39186574256635
93,82.83240306832829
115,115.11445608988825
122,119.31254948197501
167,166.76570838845197
234,249.15643003705097
225,253.15446220554185
199,224.2742581081626
207,209.07109102078203
183,198.2699535643783
201,195.15407150989083
209,214.91157181317985
263,236.23695803391385
268,273.54944627208044
303,292.2834973717974
316,330.37299933309794
314,348.26291441184674
309,333.69469922992755
278,319.4017868637105
283,302.170701233979
287,299.3175987008151
311,282.65529731799165
264,256.4910515292073
159,199.6311239640546
127,126.7471069110812
163,129.19209605888304
175,154.2993104998089
135,155.02319491375448
177,165.5401129966427
186,190.84781340586562
226,225.79460746824486
254,253.89316737706042
246,263.4485283049035
239,244.2288304021286
220,245.24105133365504
245,241.11859222492075
300,269.97982952526024
279,299.8597308055999
333,310.67470805606183
328,352.0745418183118
375,351.78346087294557
387,367.79070303717475
310,368.79194656063765
323,327.91637102279674
286,321.91869745971786
293,299.24904410141414
244,276.87837001564014
218,209.7732868066892
171,164.0474336163518
143,155.59024355509763
144,159.28420118011638
135,125.82447360745789
138,144.13098580492402
143,162.3689431241252
182,181.8286014830982
204,227.59297554745825
215,241.99910842379833
193,227.96048271819353
226,208.54339354333197
219,237.06361675208282
421,235.6465282273054
352,372.41464504998464
296,331.0146640654443
284,305.94469459210603
271,287.2644222080748
246,271.62422453468076
230,252.77318772273094
237,235.12850706848354
193,224.90007679794832
188,179.38080645830323
140,150.6316136052905
96,92.48509917067823
73,70.92559353576415
63,79.12543289595018
96,102.37062178486225
115,123.91585021121382
161,178.62953541287388
269,231.7692246333456
239,254.15108185533055
203,208.32594312592664
199,186.86591996043643
166,176.95410392520506
201,170.63975147026312
291,199.70244101614412
215,268.566367351964
242,227.33576948094333
255,232.52182523062368
260,251.03798220099054
286,261.74581135394345
228,256.87658206326006
222,217.28616679197248
228,211.7201084428576
217,203.7342783886719
194,160.2272918900606
142,156.324752938623
80,95.5039672849776
66,64.71764666037322
69,66.29836472255347
85,94.05278197973098
97,104.93357324647391
146,132.19802785069749
145,191.6753821450238
201,178.11718152538364
202,201.42723148580288
182,204.13168177849775
191,173.7270226842814
171,194.90135230126208
198,184.3366192890733
220,206.48715613462298
213,233.6764594976341
229,232.8810839634237
307,241.9291338704596
255,309.1646402875672
260,243.13372916159813
234,242.15068588425922
244,223.7289408492785
195,228.72780823716917
175,179.80866407808404
127,128.13546147297413
61,83.15453826525494
63,54.95665810472429
65,65.40370354432511
77,84.65694997536227
124,103.52946118711095
190,159.51005885531882
249,219.85017067730448
238,243.8008033753279
207,209.1103092289987
218,190.0884960718124
192,196.96475129918403
198,180.1937724627727
204,205.66096070710407
198,220.02440019615483
241,223.29003478635673
234,256.60694209778086
263,260.7665555420952
262,280.9496551074243
213,241.6118676222882
222,223.56783566691638
214,234.31702258755504
180,204.2968172792639
158,172.32785439936347
120,130.98624868455286
67,80.79495350267104
55,57.90018997236724
75,65.26790444725049
86,94.51587696616629
114,117.96929555733857
183,170.8463306370526
243,257.48835497749343
227,254.63929822595532
211,218.50674723958022
637,207.20674553397728
238,363.41519924602886
229,222.19186827583613
198,225.22995076128797
212,224.15411536169583
257,240.19346207358842
263,269.90192611178577
303,290.5282407586434
290,306.07992658625443
267,270.9337281125652
253,257.97740781571656
243,249.2691577376769
200,221.0315671088305
177,178.91886737148675
125,142.45858824676404
113,92.25852737077473
87,77.09074398513768
98,87.86376670391982
126,114.74573725552936
124,124.40770502432625
171,167.56647317274818
259,250.47283410446133
246,259.6415065152312
210,226.7524297983851
221,226.72970751758183
200,211.096825067954
208,209.33733837109935
208,220.6627073408346
243,242.71152836969677
290,270.15129241713424
288,306.776831329943
335,322.7770377562086
346,354.4967576180505
375,351.8381295888276
327,351.84761753392996
309,325.19209544668706
271,308.3948464950354
282,279.85509757073606
241,245.2243957695352
151,186.53086038843733
115,125.96216330257407
155,136.12838218687347
131,162.45336583984738
126,148.04671822097427
164,165.12319975720092
169,190.18361796250286
226,220.43653980460016
243,253.65912135266055
255,258.38303355118086
252,253.93513465118102
249,247.13998119414663
274,248.95254430262983
275,279.292503883061
315,291.4975215846255
352,328.3367787783698
385,361.6756703566954
464,389.37159611384766
388,437.2474710532949
453,364.57359073624644
362,404.73288192301925
282,331.7033508464825
332,285.5787186600516
261,272.15150125569954
249,209.67645732951112
203,167.4836328981848
158,160.86281476458115
176,151.21188686000866
128,130.0655504618758
158,142.56255774611625
165,160.42507701552213
171,187.05022178983637
227,214.1511376761222
224,250.49089652455731
198,231.8936400654351
213,215.21055652313242
241,234.559719403306
264,258.1051009671069
269,275.92446211959094
306,277.9348166174431
336,301.88778445578214
342,331.8049210928616
338,309.37712890524347
306,306.77632006535345
246,273.5332109956356
238,224.76135583829094
189,199.2593270332305
144,138.85630093736248
99,95.34048420849325
66,71.02525471896135
71,71.54858999217987
105,97.8150020169204
111,119.57062024190347
204,177.1348029076298
291,265.9233438391557
231,262.709315071064
204,213.83109518529588
201,190.44701811896317
210,179.22152038328963
193,192.93933154807843
211,200.2742254051433
204,218.20994827077027
253,218.45276227614832
233,246.50966038774948
252,250.52517208254125
257,259.8448908410136
236,237.52383600571608
227,222.67681387495392
208,214.16346727365058
183,200.69261053494347
173,160.13170223398083
125,123.96378426213829
95,79.01981989867375
61,60.91101641151053
78,62.573278279951595
92,93.1365972673216
103,105.14079996744569
139,159.68673571390184
242,210.06955638451262
200,232.3622511473216
217,197.34135650403897
195,188.95439690864131
135,186.1245687756545
151,157.42114325763322
190,174.7379429342859
204,208.1577503799759
264,214.32743195195087
243,254.60947235579596
250,266.86431483041315
284,258.76584749522783
257,257.7277588535716
224,239.26158141117605
201,219.36107555281896
188,198.23991323949252
251,171.48559101112724
158,149.2809177774175
99,89.99349948040718
76,63.08530183834825
77,68.2111383807661
104,88.18728657150373
97,117.95552795058165
184,163.49788017127113
311,250.8817541453571
333,264.97074586417347
229,250.45963272113275
200,202.17906297723516
205,175.8472951234919
189,184.88704415538803
185,202.32591292977048
249,203.77702397818007
241,256.74434226117313
273,252.96312058263038
278,280.7292708285088
259,288.0932244632692
267,277.6408424567112
210,251.08628296423174
232,216.8552048020531
206,204.85036369734703
188,188.8145286336445
144,138.6910440534137
95,88.77548552448044
62,63.74697188636411
57,71.04309946694529
100,89.12523504139229
101,115.20869251984229
168,177.72350136332204
270,272.1107434694957
244,277.96922336948194
197,230.43389425776513
206,213.61171383912247
173,207.57743206502676
192,195.29644439490318
244,204.9666418873618
235,257.40589562434735
265,240.65952077690088
284,282.87628467948065
327,305.8829110186812
324,316.9620451170522
301,295.15132164421664
259,267.4719082090448
245,255.6450673732461
205,228.3520465411827
201,188.07306686134845
144,147.57120768657876
105,107.32399083497111
92,76.37782126088058
86,88.27231617495345
106,117.19948364509823
112,120.97924929290878
165,169.61526424001568
274,251.89990259675284
231,261.5249422067784
227,213.798303116673
196,214.1751761600571
219,189.2381195556163
218,215.09411607400327
244,226.9377035011284
330,259.87092609125955
277,319.328112946847
324,304.82976584134946
319,347.0456530959224
388,347.06974541514074
355,374.51216784480795
345,332.4928779935891
307,330.4946905119691
327,295.81715058978483
282,315.5137709847757
226,252.33351452201705
169,167.10111075794885
169,140.78706216341055
151,161.6998574517153
177,150.61479445470502
192,145.70856596337023
229,180.54407482913794
268,215.8820247164808
341,249.85287316697745
366,291.0495363882963
361,304.8188444083283
328,334.24641639062344
331,300.275680749246
323,308.2850642382401
394,324.31754047816844
386,367.0795549932924
404,376.8112975363409
444,404.0037017620384
444,450.2226416545674
419,409.7398930842264
450,406.61179783129444
413,408.0988100097756
318,376.9053230839786
321,312.7546157346089
280,266.2622126521389
250,228.6834272824761
159,182.4360462986899
148,145.80786064069162
181,152.07194212188713
130,140.83137986990658
203,150.76626906578983
204,191.47204422235276
230,212.96708279167072
262,252.83163731214225
321,284.32156150690486
281,301.0889060642212
241,274.5928542933476
307,246.04975097978192
324,310.9561635500497
323,312.4222377227014
347,318.8667473110242
376,348.7249220899306
369,350.50384634791675
361,328.57269115225296
326,328.04065231051203
276,290.5944454511467
245,246.18846957502902
221,203.67152079119182
149,151.00640284181887
116,98.60690667247403
74,72.85622472604277
108,69.80138122575345
127,107.35906530732952
105,125.51394883449555
164,187.64799218199195
279,255.71042198185683
262,269.7494413414794
215,227.33741678363407
221,192.7337656912443
182,195.9064776952881
172,181.507554044818
189,191.404282404653
229,204.64149697206457
243,234.5455685231939
251,243.82105624394563
246,262.17561257311723
251,257.85348260898337
255,232.6298121112238
227,231.30027582365375
228,213.8483362942882
186,203.23094467506016
182,161.16365017623238
125,128.24214669483564
83,85.3699809831419
61,58.563986348769916
60,67.57715636494731
86,88.43446898391187
121,100.95331926017116
157,155.8732725492455
234,229.22003123608368
216,227.07071315325572
225,205.3209025955362
200,192.05400608144382
201,176.21049404902817
185,176.49611629705112
227,190.63999751426576
245,222.3793575009573
254,241.9921279069284
372,252.98576263583325
367,347.62709523050734
434,344.48882431670916
435,360.26588169207787
347,358.8608790743149
307,291.2761619264124
306,241.32886909212445
216,221.45663949679837
140,147.05828202166526
90,83.50711156987313
79,65.37738778459274
78,70.08721552630112
99,92.15728285211308
103,114.72225032310239
157,170.84496543013742
252,245.2442080807277
254,259.1951930542153
226,225.21035901340446
247,202.84669683530527
206,215.26281013318084
220,194.92687132313262
240,215.37826414913914
289,240.7396401394489
335,280.102813399562
301,349.96588880277915
342,321.8488443653461
360,345.0109882288501
483,364.14171790197224
412,413.8833298045064
329,352.6837836660925
286,286.8060149531111
293,216.46474305598292
233,222.92613100380123
172,147.2552423441536
147,104.10427425183946
115,101.49104010821986
145,104.9113100656901
111,119.45466638824588
157,131.81407697392365
144,193.9010606154397
127,191.2882374060695
158,150.74321209219534
182,169.11647695276912
188,193.70402874051805
209,205.1249281423601
237,230.3262522610763
266,257.9646370329348
261,285.28957551139064
316,296.9797775030257
421,336.9426035612829
413,410.1885711740391
435,400.8063630459232
359,410.5284825874452
366,344.50420840937227
358,345.01736384307736
412,302.61155824411185
296,235.85241504698777
230,166.63809343338113
181,136.32112612060382
135,124.9827811237841
147,129.37464718556464
116,122.82976532474912
157,163.60325287186492
203,210.51687219295485
204,220.71553826817686
196,200.35835571804688
229,197.97655855642356
235,213.1276900075799
227,227.03658779961287
245,233.3436174399113
325,267.41984761823437
348,309.9021053129669
360,345.91451640452703
365,373.0130796547905
407,388.93991783827386
391,402.98005104094614
403,363.52807082310215
371,371.49400051223375
398,358.8225568268101
321,360.64915096337904
285,273.5775687469876
184,212.18956529487892
113,156.57882486169729
122,130.426745328047
147,145.38610899423696
109,141.91507835601087
170,163.21676171615292
170,202.9354444451211
179,225.96254788731687
192,227.48128575674454
239,242.08112735102358
213,262.3664240723254
212,235.86994767724806
228,244.6644243288918
261,264.8364028849337
289,292.3165637528567
287,333.4560665871589
361,336.30046586426073
362,403.6034154923097
449,384.1110038676038
366,429.70747266248645
387,373.37263125177685
353,361.48089126202433
305,327.95475388040296
266,282.9385577018885
219,231.90383867970976
160,165.86218066867147
181,141.96407106609655
187,158.08512359587274
106,132.59388533362372
150,155.91835631061178
164,172.1992936375198
146,190.19124066779682
185,201.45290180113545
271,234.04109265620605
244,260.8864369969355
230,236.48958642324854
248,237.48454578055066
296,262.1871114078698
295,296.3638367122748
296,299.93580385119213
282,309.05538319305896
297,292.57993866878286
319,302.9476603549553
286,298.80193474728213
244,269.66879552687953
225,233.8810479503912
177,194.50177228141615
334,299.86174287803345
328,202.8542460511695
205,161.73073057853455
175,123.02352787055861
144,106.8277815957345
139,117.10036264502945
160,172.97203770173928
207,213.0687930954149
248,271.2031165303724
246,293.59503094544584
299,290.3351618772466
269,297.9194378522838
260,278.84506757394706
319,275.49371383947886
335,318.4730258048895
311,316.8652758120055
346,323.62406340624665
325,371.09309655334056
389,353.7797653410924
417,377.75808241057683
344,411.740416105853
365,352.6405110640256
449,415.34172678352417
372,401.6646617067696
321,304.32279452234104
385,232.43495828170325
98,230.86255824656212
82,91.64717992278368
95,97.97209438229793
112,100.99228311794694
130,127.5011732610711
175,179.85003444711987
228,217.73582436379962
262,259.5426242413829
293,296.0550489882008
265,289.6730278217262
271,267.2198240883756
255,270.26279885623194
257,261.4033201833456
278,256.08486559239043
277,278.27439256924384
305,288.23358539196636
301,297.9150657527602
278,282.98807123651267
237,258.4110114134077
204,232.44080106925065
237,215.19981092147506
180,203.84624929274884
103,124.39488689775182
73,66.58993372285208
41,46.43157118540915
46,46.44321014218954
82,80.20497342114757
121,118.33109578109573
242,193.25506833927759
307,315.49974892282194
311,343.1923354342361
246,261.6936968340951
194,215.78137392580877
200,195.09858577546171
200,200.85171437345784
221,208.563714580898
224,227.39187633597223
245,219.79976299538592
262,236.72557457567802
283,271.8702539309712
265,283.76647976171
223,234.9986025008288
208,206.67529783603536
176,190.1495887604721
175,173.97892482625025
153,145.9359273341255
94,98.22523223447197
48,58.4911328242594
24,36.03766204712463
43,34.18318270392387
118,63.245001337599874
136,123.1863861240713
219,227.74452375256428
225,319.6453169562539
263,317.0181386089583
266,249.17380356224172
208,208.17678588063478
192,199.17864504239998
209,201.13473840824494
242,213.59757947980418
248,244.30483135437285
256,234.90537686703934
264,252.547612744083
282,281.6145319850247
297,292.5328329317589
293,259.889580924648
250,241.8267260039118
233,206.45424828174868
221,205.8925342049342
187,171.3048515012548
119,115.16167282753307
61,63.40138623724225
37,34.16440818516534
37,40.761482189667454
62,66.94613403368015
113,114.30343746217808
242,215.52728223027768
334,318.697568402275
292,353.9253610941488
236,267.0487166094382
248,223.6965552320835
207,221.1735743579792
211,213.61611367521965
220,225.73410995223176
272,249.7005221564163
231,264.67760025126273
231,252.10142894918974
290,279.7854318845647
273,306.71310540366795
263,270.03812083452914
213,249.11971066901899
208,214.3150721221109
228,215.2986913502887
164,188.41300967808218
112,124.6656427452102
61,69.53433493722112
48,46.38644400156028
37,42.583326285092
70,74.42880741882522
109,122.83548396407515
237,228.03865421796058
347,356.0952917635692
304,346.1538836287635
271,263.1012196802455
250,254.91698953111847
283,227.81677268630762
221,267.0863539473227
277,233.49950919462444
246,278.2920630523444
237,247.16864654481535
275,254.70996084848124
332,317.8095238034283
349,335.3698671917797
312,319.15526067950105
267,268.15062429280346
215,249.7461042304463
239,232.63899452394935
211,196.88423043405697
150,143.57989732745304
80,84.83387402559386
50,54.7725767890476
54,50.958045020084846
82,77.58846556897313
143,121.52116066082186
231,231.9754887864072
355,357.7765020673877
311,349.3137195975934
294,292.421335424398
223,261.59439409847397
247,247.3427445394366
237,244.66171383981137
262,262.8872774096596
297,281.56290336063006
266,282.0150098738868
279,296.4752397507977
373,337.4245463866862
370,401.88550182876725
319,371.07410145113727
295,320.21793675826723
257,302.06068383601485
315,293.7532539622536
263,310.56695164026826
196,231.1272398267925
153,153.74415284498258
86,111.5391132462125
67,76.76112773744997
90,80.32522276094178
105,116.61326141771295
137,155.58218121367867
191,210.3013606715944
230,250.99664552897622
273,274.99612756566233
299,289.9663623982925
276,291.0078949280082
259,275.00993922169727
294,273.9961321122858
272,302.27484562236344
293,285.18694166314623
347,311.326193040745
336,364.47708579683405
328,363.9283247511799
378,335.7011126465773
332,344.04878388209113
343,329.0543467096445
536,356.8133082477446
350,390.8960174785672
235,276.53430386067777
161,193.21558174896478
125,103.04614937702036
87,85.90308737967145
80,92.8738072552353
84,97.84920354684267
135,118.49305942276912
177,180.74169437483636
214,222.1503023726383
261,261.3963142862025
306,298.88864460600416
285,292.38178430722166
239,276.09197799748114
287,250.4802988494196
445,270.0577481325174
297,379.1413782272247
286,289.3064117282156
254,297.6396064211745
265,271.8346456555566
261,257.86642774626824
223,244.25698075659216
221,222.6100974437829
262,233.30102781595923
191,214.67123382553555
114,115.5589722184505
62,70.08685678822893
40,41.351190758978035
51,47.80104789218298
73,77.21729502290115
137,116.54534920400857
224,224.5708816892324
332,306.8322292419902
322,343.44755612191386
252,260.9910561393184
247,214.548473678234
212,218.37070297307707
252,202.1007514379105
286,233.5990601224694
282,272.34684181442674
280,262.9816858093321
274,271.66776286056256
287,284.1267206485978
320,281.93164507055167
293,272.3007061092572
236,244.51430578503673
380,201.3440078686512
225,319.5359747392554
187,164.91611869479607
124,133.45048459911484
72,76.59902489175231
44,43.13820939045953
43,45.18936893122339
70,74.46875234037704
110,104.55015608489404
200,161.22149934600156
212,267.30302407406657
261,265.753195663775
266,254.56308506082684
259,239.89107362483747
239,238.26400137887165
239,241.95426144379627
262,250.74431107256981
246,272.709803299735
251,248.61901736176688
266,256.8102578089896
315,284.19765708413274
313,328.10284080148665
265,307.4528462639199
229,240.5990217167708
263,237.83833643842485
277,246.2469505160887
175,212.38303794232797
103,115.59316027622523
61,60.24626812321976
33,35.38837654114943
47,40.005449402549985
71,61.63538233456341
112,109.96047889164294
228,210.2584706618649
359,299.7840425686248
358,354.75978079130687
262,282.95287195168925
230,247.48845142901118
235,217.66788714841405
234,230.05929538868173
244,237.23666414890147
269,262.72528045344376
250,258.32936656751946
257,265.24731714255785
289,301.35741294641826
289,308.7932301745508
261,273.01354669896114
243,240.874606310393
212,228.79402555380153
197,226.86932050411818
152,174.37152274628647
91,108.95574666948697
55,64.37518927313316
48,43.91495605586405
49,39.763020950110516
76,73.99652581214788
139,119.60201795627773
240,240.1219843904101
358,362.2891628876088
347,368.29149029070055
307,290.40839406739406
257,259.6560725421898
262,248.54542803643622
278,253.7119741309921
255,280.4195642059409
278,272.22060115434107
288,275.99380010316787
265,294.42654652208563
340,312.19171535844646
343,342.2318670540489
329,314.2005828764157
279,284.76354326265056
242,253.43783952656105
352,246.4643829689118
245,250.48186023517613
136,150.27884084549973
81,77.64652029681676
50,53.92242395825565
58,55.7739137043096
91,80.73674124138174
130,136.12989589677485
249,231.94169486351487
333,375.49003771869684
367,343.45580539305666
265,313.6061622379808
253,253.5653131933511
233,257.59366537251583
265,252.97937524790012
241,275.1133850667679
300,272.63386272687467
317,293.0265354307602
299,324.0029014435395
337,357.85914011838753
367,373.1833599388207
314,377.1833320611732
300,290.13634588249533
266,293.93664952602103
283,335.4800282548991
289,291.90714740376006
239,237.2900018758609
137,167.0439879788513
97,100.56674328883112
80,80.80737690457133
91,93.75943525681087
135,112.57806357888718
211,163.5159625251872
270,226.0332535583744
370,281.8198248813893
421,313.2246843552745
437,347.1187688488862
398,392.4787644745374
392,358.72563293839136
394,351.99838724099624
384,366.38614316087484
397,354.25157476889615
396,384.1894325602792
488,392.77417586452304
550,456.4781383505587
470,467.22935281273004
450,397.4887685182706
576,404.28991912577345
380,529.961487352885
389,340.3487977938756
506,290.07009083754383
218,298.65276824394596
120,134.44560452668762
130,88.59928937102246
89,95.1007051563348
104,95.82994938349928
174,140.07179609222797
232,192.83868829103687
286,258.455849501958
346,305.81786908474754
402,344.59290234400896
373,382.6521516842112
370,354.810945590285
379,341.0573660897867
381,374.37568621373777
340,345.649257803094
338,328.70660808300977
402,329.68534402872814
355,380.178115467052
326,312.1683676249853
449,291.1002745843339
301,400.3365632597672
272,273.3660509241533
195,216.74036533053896
98,118.52347336209425
73,65.31046217567248
52,44.12898996705877
44,47.97331228687196
102,76.918263823585
168,128.40056005456154
240,247.87426836217094
367,330.2206405983159
376,351.62767500274686
263,301.08579573552794
232,228.01028611356745
217,219.2168396709874
234,218.9740884512246
246,230.21659077691666
290,244.8778109681997
246,273.26504381166404
269,250.4172779646851
300,290.0026224318028
301,302.23477172061877
234,270.10093987098304
188,216.36974704754425
169,191.6896128301405
170,185.50959608689251
151,152.5204551728731
116,102.90958401832685
52,65.24853172542778
33,36.864106697426436
39,40.060867766876925
77,73.79038049954285
109,126.02512329982345
226,214.78078403307828
375,308.33009073862576
349,354.80991260830405
287,275.2654199303026
242,234.81269712948134
235,221.1012980493741
205,225.3426772377501
218,230.77096477422145
254,252.53830988754794
252,250.2718053357896
259,259.96713815927154
301,297.68572481904806
287,313.23444268350073
254,267.95393264721787
203,223.1507924907678
198,211.62255754057392
189,206.3456911153265
183,162.44397617316724
109,116.993590135785
63,62.160393802117845
34,35.54318020154873
58,42.177966334768755
77,69.42826544840548
130,110.95743458420988
264,230.2347670659077
421,367.8833331526193
459,404.0649264282836
299,339.8787453390384
264,246.95091124275424
227,243.76178885817941
214,220.36263780412878
226,229.13671086309765
242,254.24483147743575
249,246.6751003022319
248,260.73460388043264
360,289.75875426664595
310,346.20275595060286
263,279.4614055521642
245,236.7616958075439
235,220.19634910878432
235,220.61537111550854
198,182.26174392524047
137,124.16478807155003
62,73.95095669875064
50,44.31965385766782
41,45.004409367152974
67,72.80089313715573
113,123.79490979510861
247,247.13410046996128
376,383.5278850692566
359,397.5788397837465
263,310.0931649397996
242,256.1214566600375
238,240.32510295856983
219,244.1851618678839
271,231.0643335050305
280,271.18875588638923
290,272.1490999011067
277,289.01567988748866
350,326.9400824352284
360,353.24439294022
367,319.0936639604995
259,306.855882419513
302,247.85310403439138
386,289.8867954756606
217,277.47791873465354
180,152.38275664727223
88,97.91009344734911
56,55.955921151336575
58,55.25844151215593
86,79.15595170004178
142,123.08496060764982
265,238.29702847674594
402,369.7671768651718
401,371.9907817690536
270,314.599234949704
254,244.38656496889695
239,251.0301835607959
259,244.75974982756682
268,271.09785407248967
335,288.019972470697
279,325.7811501233782
313,297.598014596875
348,362.4372682897976
404,381.327077735005
380,390.08252276422473
312,329.6417565827624
384,300.2260733555253
462,388.21483697850033
315,369.9707729859512
259,247.4757138159459
205,161.71066060959592
111,127.5124572386445
95,85.72612415458572
103,98.22367999527475
154,123.79006934178838
225,182.72885362015742
302,261.72802666045305
411,317.4192497921324
365,364.4840078808462
448,359.6062983795017
421,411.00393949203504
405,396.5938412120773
383,384.9761554636663
394,372.7842913686961
358,371.34529450836675
408,364.24121756510834
451,416.8545740492367
502,477.93470996504294
450,475.7989779950294
397,405.9900189744212
564,405.28870311669226
418,530.5432857266499
368,376.2329286429616
238,323.02903246040887
174,193.71737698839058
123,118.35938756665277
96,94.07225680482117
110,90.46899940191072
125,106.69537031325657
178,153.48653116415426
246,206.76842766665357
280,264.4340062278063
361,309.1300835918908
380,370.06859557448166
368,375.2262460673099
350,361.35381055185064
347,341.798794610944
359,349.46684766074105
371,336.52437331315605
360,355.4487224287278
385,363.12098362144076
325,369.8117451329739
347,296.1105812162357
282,326.4226634737185
255,270.50367855383433
344,259.5634929954528
205,265.34029440879596
102,114.86304551363331
62,65.19014617847505
61,42.1974156649915
55,51.629922390427716
121,84.42758691050823
136,144.76194329894366
223,234.87852007651247
367,335.8578313662765
347,369.3133263623979
266,286.9616002162797
273,233.87729710397028
226,245.99120643603538
231,224.00064151369082
239,242.25713174698043
257,252.70382732004612
253,254.56683887866214
262,258.7492226304578
312,288.35645806097665
264,314.97939126365367
243,246.6883957588718
237,214.78762987130594
186,216.02614481806793
193,185.44472943931498
171,160.03641864250736
100,106.10599862409362
59,57.487973007268515
37,35.61572462294626
51,40.35164487352291
81,85.0377042136797
100,117.11806868759476
249,211.6064570707184
362,366.0251170681831
354,345.8240195230874
314,286.2841476461289
260,253.6606589418923
252,236.89388610470644
237,234.40802926836145
257,243.40911901228102
285,262.56458321389647
317,271.24237999822816
341,306.98387588746726
413,355.392207276886
395,375.28929692078884
408,319.3717077456101
315,325.05452804724973
267,261.9730984109203
305,242.22844493860035
232,210.53761473876526
119,137.3486043573932
83,65.47457972481475
62,41.3592204932872
47,49.56467810909741
76,72.5887398635621
137,114.21505756763104
221,247.18694769623028
352,352.5779313266286
318,374.03223653186296
283,288.0651541140462
301,248.7326649788042
268,268.711092037021
290,246.675981921603
301,275.61716707847876
312,299.2122716724963
290,298.3128567185966
319,296.35786455230226
346,358.0256109586173
345,353.7999438654078
436,319.1881148695509
312,361.5047347680858
269,272.1732413812802
259,254.3802728633849
274,206.60310931442524
212,192.76236786186894
130,125.3088487114555
71,81.2424533552186
71,54.29996337367644
110,78.43632490034635
112,120.62303365208986
128,165.8419499676828
154,179.47571030165733
149,199.83595743765343
141,188.03565245092352
196,184.21336788364175
207,231.5742844958323
217,233.65093851321183
277,249.52426936152904
364,299.867698558932
426,351.10163593442724
453,420.3598449563228
531,451.4666128571259
525,496.7622450540709
519,489.4755028505142
533,433.5078742770533
531,438.7114716525159
539,443.404155015644
464,372.373195757174
367,270.9141214369509
246,144.83180716142428
123,102.23412868942033
105,79.60643244798008
97,95.85937424364995
95,130.37642832702647
149,187.9309607614097
170,196.18504915373651
207,217.64937400269395
219,223.6652728198684
219,223.33590315081238
228,226.86060412062793
199,241.98544607880737
223,236.1431191095154
253,271.1007963680389
248,283.74846716293774
288,293.270016173348
324,342.7315374600157
317,375.39305124162223
312,337.4027576731603
326,315.1253883453301
287,337.9921790199884
309,343.5151232390713
283,318.6691262895462
195,249.63098532303155
138,163.9010386708784
79,107.82056983722511
81,80.41728028992722
85,92.50499658461636
123,105.03246849926789
190,171.26931478204477
191,235.3301278142594
249,238.58394035295385
273,285.1303464212495
328,306.8801596546412
305,341.04415862871605
306,314.23941256102916
351,312.60979054333075
333,344.3241547421414
322,334.35664804643807
335,341.16312185914677
352,362.4860248617622
368,362.05228861099596
368,375.25558072314885
358,360.34597952328045
332,366.61042994774806
353,356.1698859106888
387,329.2370037352675
246,292.1761676833229
152,177.34793201057417
116,104.79527064949951
79,95.87511478227974
102,89.63178988630649
115,106.87803684320842
150,159.89487316475672
217,201.57499046123286
225,253.06066891403125
270,282.6705312588589
352,326.2877456041289
366,339.5279144914443
338,344.0353652470263
330,331.53203546917297
385,332.70624175911894
295,344.1674455039293
338,309.9494298840003
344,340.96425007002773
328,328.76585175326784
279,300.9481875033134
246,264.43024452675667
258,247.41077712834132
333,260.6767817074372
224,263.71322194486146
413,356.45745718753733
475,308.6505298774788
496,330.36541212936083
413,297.95086250352347
297,234.2413973301265
123,129.69898851032093
85,106.72871988215778
108,112.45395664258048
151,140.34064719479298
164,189.98997872228546
192,197.0153573443424
276,225.02477139255308
244,276.0064987612142
254,227.31190620416638
239,247.79377172321773
275,232.27703580989527
262,273.1580811610612
328,288.6433894881123
390,351.76220377281874
397,376.64874791385165
378,360.35055918211674
453,373.0991151655876
401,442.8411633247357
363,411.68792495265956
473,335.6112714252314
710,389.827537359496
231,418.6649421235652
172,192.2240191383348
133,150.61033213292703
110,109.5348761687588
120,97.86229476063042
109,114.7757615583477
127,136.630341185664
148,162.48300092091793
171,197.03865662093258
213,215.29158829453363
163,222.85825789230896
163,197.1192290752413
165,193.3849894714746
191,184.9394866714458
206,218.1116687569358
240,239.04525361301884
282,249.5501881985394
239,248.71323641941646
269,211.87199817955803
211,237.98176509105255
139,174.12986185179898
122,105.03531838965068
100,84.63645688241914
71,66.41739553861045
64,52.97012024201223
56,40.18261102636223
74,60.86989347597147
96,92.06797462751261
181,138.32047148028758
194,219.07629735114202
230,221.70776673171557
180,200.3053518495497
151,157.5738744553084
151,152.74945859280538
155,149.7860238615176
148,160.42800463264913
209,161.73293358803227
196,192.03480366701876
162,192.93576249297513
271,203.86359828895377
276,279.15872895961786
212,241.4084871530207
175,188.7457238171708
169,163.9233952733799
137,143.53052953389863
112,109.07998054041458
67,78.02635820809098
39,57.03838922535817
31,33.26848035227321
18,30.854598532551133
45,52.0267421398414
83,80.81492788005342
157,150.57977341796115
177,220.46092859346112
261,248.3402815542272
218,217.40179666630158
129,170.1299678426475
176,140.36907499987717
158,157.36355602870495
161,153.46854249779375
151,160.81896859660068
162,155.0604281311404
191,182.09661554528242
263,229.5591100842851
311,300.083314315068
248,283.3501138243526
228,222.4224218216653
191,206.43087660667763
129,178.60656110803131
120,130.17066546633572
106,88.12861767877385
43,63.157097216004516
38,38.02951820361201
21,27.648052994197187
56,44.93219778926155
93,76.874175307167
164,155.32806192978774
225,216.46962483365746
275,288.76504191257004
204,235.44923923416013
137,167.53986314395496
145,153.22734205400994
166,146.97928340680264
152,164.9375573641838
206,157.4853131779899
164,183.15659410355602
192,193.44136821119096
294,256.9495177300098
307,316.6931294479459
289,285.10064919381165
271,265.7704381222296
253,263.7921393473618
210,206.1362011495676
141,174.6942285232411
122,121.00220161981017
79,76.33321257499456
50,54.174240455672084
52,38.21890793760016
70,66.77609077008135
110,96.8839139838898
159,169.58113377849995
206,220.99062789942687
272,277.1468568352859
233,239.53415306781005
160,182.8950482460819
192,165.31563283117916
173,184.18874263061775
151,174.50501557328212
176,176.279580514133
179,178.2541056894917
220,197.38262668739242
251,254.415433663262
313,285.1410980500097
318,308.34715167370723
259,295.777847970717
335,274.07485552444575
281,290.56356129818334
266,237.78985419202073
168,202.1595511033371
139,141.46544264277944
143,123.22599410482655
129,100.75399073095649
110,102.9613339848856
104,104.76500853386364
143,144.79690661469138
207,176.83162190219142
220,241.01355674082194
184,211.5704885346468
191,170.966663226854
205,195.96688523188337
179,191.4391937174217
186,176.02969921169625
175,185.24737888057265
165,175.16246572896742
209,203.48236679279574
280,257.5574800714363
359,330.8882290036141
381,359.7431589693466
331,353.3398913220138
318,341.9789972698043
350,341.4754038322054
352,352.84106228002247
352,314.2911411761644
306,296.9076617552313
292,228.53512966855442
193,220.96647208459842
109,165.10593009871357
80,101.13061407208117
58,91.91026171501132
100,104.30105379462533
125,144.44006765197918
174,167.44949422012812
206,203.79451790391317
209,229.8947342708734
228,224.7399433852872
195,247.88446912731686
220,211.83030108825702
223,222.3993888136136
270,246.54451638263217
322,311.54570431927385
371,364.14269335793483
399,382.8596346540177
267,369.79803464265814
302,303.4723179907893
401,344.09559382627356
344,370.7658407175143
377,329.0393384690266
299,272.8491715084939
314,254.86612300848142
190,227.4841802903401
135,140.73147237407494
90,103.5065359728471
94,89.37769939246844
71,111.34807699749136
115,106.55487328389314
153,158.20674070361312
209,195.7177943098601
230,224.0256133203219
236,225.52367032588208
214,229.82607149084993
293,207.21183002005324
264,256.295861256143
278,252.39177724521974
280,278.5470664974506
271,277.7993957972524
206,241.63328672091887
194,191.2755074880436
162,185.50081484564464
138,137.06804563786122
108,109.33295193524549
70,81.3809100241854
58,55.285787740905064
53,49.68782021604336
59,44.14177871202019
79,66.30084414766677
93,98.12955254940756
149,156.98848151027897
192,199.95901225339438
240,231.4131531799055
185,205.2637516203222
169,155.15316118339564
157,153.49019105876133
195,148.95687373784955
183,175.00574617897414
175,179.29846151820064
168,178.03833159653908
192,171.51851638802498
227,222.90560811634512
290,249.74360282237652
216,242.0970268778351
197,189.40513633010053
176,171.21465781523779
126,146.719783741338
124,106.55670709652694
106,87.56793054078979
52,69.0326279330188
52,40.29692733245031
27,37.559054959894674
65,51.1433530084731
70,80.47305070642209
116,107.3810075131694
200,143.75650861448128
245,241.82128394407474
195,224.9671643121954
164,178.76584683613427
163,164.29723348319317
144,164.67161543330846
128,155.79157920981166
134,139.75820845620942
159,145.1321159233792
206,181.58486677500946
233,234.87530652838427
297,257.8082824798601
275,276.15820016900653
234,239.52921312343025
230,209.92849853348582
212,204.20603734647798
130,164.92480935852066
83,103.63910390410066
48,57.77703377311442
44,37.98293627481506
31,31.112051910548484
57,52.44134315174382
83,80.64444852033141
155,142.97145856311076
221,220.70481510641437
312,273.46222444914065
234,237.83838015496946
152,174.21828793919053
178,153.8465055668234
119,162.2470602566328
149,135.29149136955095
167,155.78778179518116
149,168.84915438727953
179,191.8798304909272
234,233.10377731720385
306,287.4742347526249
251,291.88556213269663
227,250.02975583599957
277,244.46874924640068
189,238.8607466664566
222,154.53919000330495
117,143.54335980774454
56,74.18545310498773
46,49.56548765219188
59,41.84118969602953
62,68.74260932988437
93,102.95450695388861
150,159.4542840332148
233,221.64796997292544
314,295.1614896889145
246,270.943173918596
164,188.81285293803273
170,174.3747314763055
166,164.3686785901131
139,167.27894930585842
162,168.74355063847452
158,169.83375827170707
218,189.4878779963993
272,249.98358668554903
329,306.5322404359997
320,304.8456784350468
293,282.25715258223073
266,301.9229947044176
262,259.3107977785249
233,249.17168908726018
185,182.79601656489038
188,144.1364719739697
108,148.25649952331378
93,98.64126553187468
88,106.84834282863467
99,100.53705721772303
148,141.3618783560056
183,195.34787449419144
227,226.52635205544868
225,211.49509704832323
164,182.5065118762352
171,181.22954990263813
187,177.7411300303139
180,178.1331246349315
167,177.72266349207504
170,171.9158206080541
213,200.30486482619952
288,264.1409325159517
355,338.7098367387531
373,361.6788098283094
393,350.33434994395407
342,364.5170981475888
370,353.35654473079086
361,374.01691727023086
357,336.77560891727626
353,332.7291091350144
318,305.47891793533734
218,220.57014156973207
123,149.28553864946403
87,98.38790103864618
69,86.57597039553065
103,104.13233182502955
151,138.28482476231417
183,191.79757366123926
225,200.82571009965943
240,235.32236084141152
283,240.1524831585459
260,255.70906857528283
258,245.71065939371437
248,247.32754196187153
297,264.76918921648667
364,323.83734341487195
404,387.29394729099323
435,400.22018504703124
476,401.47176211528176
395,432.1227248480563
391,407.06992597226963
454,364.3789295672721
334,395.4122410858005
266,266.65864718756154
272,241.94328971777958
210,208.0936656205235
131,147.46605068923358
93,99.63376885111657
70,93.20520515299879
100,94.69747760393753
127,127.88572315818989
179,163.000850025681
217,214.67149852226612
252,234.37413762951005
214,246.29982470569476
269,213.87069312710184
226,262.01204546836385
199,225.99397565612182
266,220.34065067677957
289,271.7191973535373
288,286.4553469891296
219,253.77375497265916
179,209.59098714826303
148,178.13659301967095
132,129.6675211805762
124,101.66856141414738
82,82.79041462478462
59,57.66185907540526
45,52.617465069787585
46,44.073223846745464
79,71.39758163430588
91,97.21178386538229
153,153.60546808790227
224,202.02668940609277
252,252.26355297500083
195,211.79451335033738
161,164.68449125536463
134,148.90965772938162
147,147.39685243923512
161,150.48399365496738
142,165.30082222260597
159,157.63989020607008
207,168.42984769546612
230,235.4604075289044
257,253.12676364199604
214,225.83474871127711
179,191.92562683547612
192,163.2722744770734
203,153.7699861323907
113,135.15831949886987
74,82.65214407083255
46,51.32666958788001
34,35.62064620443083
22,27.50386460848435
51,52.54389127120609
70,77.454559447611
154,134.66201241822574
213,217.35757943954928
319,267.8065989515331
235,240.20607727221903
169,178.8905132820703
138,153.51875490988292
121,141.7821868281384
146,139.39182197648148
161,148.9756870390135
149,161.73662699863388
183,186.12780380981786
247,228.223120074126
289,290.3012702311993
275,264.9148265865465
275,235.114456464549
214,236.10826703986262
199,201.5862477443437
163,145.8208258586242
102,101.64037506963561
53,59.11266887077961
55,41.34302981749754
30,31.284052549394477
59,49.998496962142994
82,84.3480691544091
189,156.39262952756084
261,241.76375236347718
359,311.94415848489933
281,266.8538339466584
173,201.33509092486224
154,158.25492224084294
140,142.983588197669
136,147.6541132774594
157,158.3763034664095
138,158.17665810154008
225,179.6454595729709
256,263.24208332915396
332,299.77147156401236
276,301.15920750517745
270,266.7325072078221
212,263.58426558075655
202,202.80225501273432
191,178.85696747129856
141,134.24751106157703
87,79.42825558530035
47,57.29372045059609
55,47.81086508073796
83,66.57954207362272
97,102.69725777648401
146,172.3092147803147
263,234.9089167317216
286,313.0064969285227
225,267.8295332319708
170,181.5780310088546
157,169.55436299930494
163,159.85994725685475
172,164.66445990457487
191,184.34878805545273
148,175.6726856434323
217,197.7652359226948
231,259.49591444799285
333,291.2497997355418
329,317.37284804390293
283,298.56888939335465
259,280.7200775996129
279,252.65680570405058
224,252.42146612223593
192,186.82693429018678
149,154.1279819654113
122,122.97213420356648
84,103.28764455785307
100,104.6269070675423
112,103.90330743524328
146,146.8791872832077
182,196.85204151471982
255,223.53825178374103
234,224.80607653411622
167,196.36054073537278
169,172.40517537321253
176,175.6119593160483
159,181.63939078218002
162,174.49330791575804
174,164.46034832943397
209,201.87718075785077
286,256.85544245489075
344,345.12271511609146
338,362.6542154409597
347,330.64638483015887
313,333.80649409785764
442,341.12578827714015
354,409.286764416037
343,333.17210163358186
319,305.79228451085567
260,290.0564915044895
199,219.03368638164835
136,150.29617439879974
101,105.52180982211667
101,81.64264369083295
138,112.9821760319386
177,159.10929169650692
180,200.6424323494428
178,201.64848847157666
227,204.21679246610194
229,235.81649072642207
258,224.67518657985244
240,245.8115127600209
203,235.79164881436841
229,239.56956163908518
286,285.9225473048107
353,346.1052249107
347,384.5294652090115
297,351.06127171459474
301,317.1337682641638
349,360.8873009811464
338,347.6869924643995
353,325.03129427066676
315,314.1394858538379
274,265.82791495915546
177,201.65800569922314
131,140.99969040917344
88,97.74837751716505
97,97.75768272474195
118,104.19912619365135
134,133.39052458365572
150,168.76308340976857
225,187.01940083931504
237,238.3289645169535
242,225.07128726532864
191,236.18337328882794
217,198.92696098613223
189,212.39963090489914
227,212.46802271387048
236,248.7408569961194
211,255.06768314853537
182,206.4451863653931
166,183.0997411928151
134,160.60120801628383
117,122.25606048441936
90,109.13335449232997
55,69.51318091656157
53,49.01532912916182
44,48.62264028485416
24,49.808183305010935
59,69.15264756262967
81,90.02346587607047
104,155.32254618134195
157,184.7294421379687
187,221.33900025616825
157,178.08329850926108
134,152.1518821524304
124,136.593382787157
144,142.4326557384893
139,158.02082762199998
138,161.4931386517285
150,160.84817422850912
152,173.82938832048933
193,209.07426573590496
225,241.38416179828425
172,203.52398655544678
158,167.38682467874162
133,154.6052636309359
113,138.89348862834842
104,102.68503252637008
116,72.70576705405392
92,60.92899985595434
62,47.730205483171595
29,30.04467078771426
78,54.40460736309176
79,81.19085582086834
103,139.55864250148957
162,175.38874117263606
194,223.77886711061475
182,192.8286933312404
147,147.5076437774452
162,143.49468436345205
135,151.51450196011893
138,140.67328289609705
158,146.9076037460194
183,157.66477455522644
179,188.6178314530834
179,227.99449468502323
277,232.17374992369392
235,256.34847574294736
242,221.69641224609833
216,209.55273277228557
153,184.36065219126627
140,134.848357063279
100,102.67004158162472
58,61.407409668226826
42,46.41530734168594
31,29.266599003116276
71,56.766882203077984
88,85.51655928825278
130,151.11955272276998
131,206.43155866928382
131,204.49932977783024
171,179.22687757284402
143,156.20399953446142
163,151.63424881595532
154,149.4675379570705
136,148.40962654657497
182,160.7236128793261
136,168.82315168834742
174,182.42709245060448
178,222.50397828199644
209,252.57385938768317
272,230.2451225687893
166,260.1546512866715
175,198.74283234403197
165,180.66109490133286
149,160.81764466038533
110,129.4072261771349
112,80.96443834628658
99,71.07743477430307
71,68.26056819209693
56,76.74730424789368
75,82.97886031664923
90,108.26812055344587
72,102.91285614743045
68,40.327344074324586
96,68.98081680854912
78,104.442406835028
94,101.12389414159037
115,114.01593184627875
121,123.83375804449499
107,141.4264244857029
142,119.84661508735017
130,168.72183828726406
143,145.56891783647046
149,146.19709402544174
127,169.19037830805377
134,109.56111876054992
119,109.97787815092536
125,95.64567979974112
108,111.33270915092938
73,101.29805629072115
73,81.54028510415225
32,81.48719153673835
38,70.45830490212762
28,74.15061392126589
25,86.31596000533696
55,113.96959771634357
59,118.47793657931113
72,110.79809326165667
89,107.82188711515352
102,125.24331438534836
119,133.23498467276647
135,150.08937938873856
112,155.13292755266434
104,139.2832164589389
117,141.92415419972926
152,157.37947573137288
179,186.89191995746958
209,218.9996621451363
203,250.23424602942944
149,228.47118308029306
155,159.60877733393687
141,162.63398772686577
175,144.4756907891978
147,157.93395142125024
139,148.2457139028223
135,130.38806924084884
110,137.3714573535539
64,103.68193153899351
53,71.25275218185448
43,62.67888555813622
58,68.4237913692267
70,87.62203859563684
94,105.07050156827496
137,117.98243737989361
147,171.04733530861236
130,170.6912876487514
147,153.0190822281497
150,164.76085569329732
154,164.014124106989
157,181.29516893505294
203,179.22634815697694
207,254.76877201292962
249,234.67497542957042
216,257.9416349003253
198,233.3517667786969
194,222.33959684681835
198,201.76300733399572
226,175.8694768526777
187,222.18493680328604
178,169.94314928995684
102,165.0845475814745
57,103.7816420646373
64,70.47493004023116
54,71.58504524836867
65,72.76234978125538
68,92.46229147484802
125,102.91196679959366
163,163.57415438063606
228,189.93365610731342
192,218.98092864499682
203,189.92537674707788
193,204.96249472518943
172,188.6339699824301
198,194.82638209247602
168,226.83862552928412
180,196.8336128881844
161,179.82948847232092
141,167.95356899376182
133,140.32037364698985
89,124.0315467723488
69,99.81337212628415
226,188.23669137704636
191,145.51878370778036
180,97.01157010037699
131,90.04073285987327
134,80.6576664123205
87,79.67236558511017
98,89.69848622171813
177,166.14147969072417
213,220.39821934732598
239,248.59273528271368
204,258.38587801463336
247,239.7502815642982
229,252.9131519087336
268,249.89034922042518
239,275.8734283462513
248,260.5194041387372
272,270.66059425638196
267,287.8572095576794
322,303.02455270832365
337,322.2573258176876
286,321.7711248251034
265,372.5061597190711
244,281.4205954993437
203,214.92461711442436
215,178.75776458361398
228,145.33031965788226
66,141.03470832319084
58,74.17093739098405
70,81.05807794234623
93,67.78707815060777
78,95.26875466522819
139,118.48880774013679
164,171.38370486493957
204,199.74263936867152
208,226.37006421351538
245,232.08081785126086
243,245.91776861409696
230,244.64193491857756
240,234.8325602577728
257,240.78869287564555
234,254.96634236198435
249,240.49765617769825
245,254.81494874438854
223,229.3561440407753
209,213.42982790680145
152,176.7278111448784
133,160.25546365486477
108,120.38688078352388
64,77.735212224308
36,44.16155877388526
23,29.254627036511074
42,28.231099196955967
63,53.4893476372903
84,93.68903469634488
195,155.60420691992445
313,279.97409813552866
285,334.6009677491197
251,241.72933075607264
250,219.28858603209036
238,230.06052090815342
206,228.71442241706038
252,218.6040578859971
251,243.91671328422575
264,246.6107798782078
269,261.50069540567415
286,278.1048212879169
260,276.19547167356023
230,225.18574762689883
188,192.2599769280503
142,159.7834345455833
121,122.13981037270669
102,89.90642854434698
48,55.738697400706535
28,27.423871704722078
21,20.174327135817165
32,24.101787472295715
62,45.52390418270512
93,97.62189480578586
163,181.83556746162384
240,301.93773908533865
261,303.87261984697545
257,257.2550035754255
230,235.80246958851845
232,211.46857776934323
241,219.83231522257208
245,240.01079896267018
256,260.7613415302329
253,271.422615095462
256,265.5524687145206
295,291.70019494099466
254,297.5622879809216
228,234.40909961881084
199,204.26316102040963
162,169.57524747401624
167,142.60924918583433
121,118.16887652841955
74,71.15368484585885
45,44.90939723501387
19,26.362886047882494
24,28.179177572614492
56,52.6192805863643
94,92.36400595744709
214,166.84892363618874
331,314.78594258534065
332,340.2627615898179
266,268.6464726746384
255,232.9801411339793
226,232.68751051320746
215,225.48236990226428
247,230.58595880227722
269,262.4403222888083
268,262.1915874443445
293,272.75346947440676
322,310.22638772055063
264,311.3924559790826
635,250.82395439809312
282,383.91356247500875
180,269.6597869333713
169,164.84631091218256
117,131.46035831666993
67,72.53626123089315
35,40.21051081124786
30,25.285985683528747
26,32.74046254462217
56,51.89004004302288
111,101.82367628470496
206,192.85771814571854
301,334.2786919847232
328,344.3122005456404
269,280.904131253069
268,246.98197244001517
258,253.74334229352095
246,248.21079856565362
231,262.44419819722896
289,238.37867519908153
296,281.4886965160057
312,319.09134095721396
337,331.3049718287793
334,338.4850973893513
275,337.7349735566429
251,248.67660950125443
222,225.4860625234142
164,203.6146034911837
153,135.82723843712404
92,92.78982193207547
49,54.60491448843868
35,37.11606532519208
35,36.97671113637528
63,59.08137807953414
110,97.98278126695102
193,171.07461766101179
347,302.92865136607526
295,342.9691172089544
261,266.5060382629346
246,250.23708545802182
259,244.97945091350468
247,257.07109861194306
231,256.2283622975211
313,262.80287817970355
305,312.2882678006491
294,321.2591041938714
345,344.42986089932214
360,376.7415555645582
284,353.5979378454974
257,281.7901154082281
265,281.98401377559867
211,318.6802712849752
224,193.69876819379033
173,175.33950796148838
91,130.1474019167868
63,68.74383094811455
36,51.69962680876846
59,63.518337266857756
75,73.50680238963432
104,97.1300099623382
140,165.16405281649733
217,197.7360350757672
357,249.26182022028254
305,309.43648869870685
237,295.3149860093614
240,245.02395978936738
255,249.990190976382
279,267.5582433855351
278,282.2845483721726
260,285.8645532980949
322,276.627736199722
281,327.40709057984253
270,285.2176628055779
217,262.701657868206
228,224.07520121211743
257,311.88189823549806
214,225.4707377039572
150,202.35602054852086
102,113.78457706636564
87,71.39441133002268
64,63.207989211582415
70,71.31214912106041
58,72.43014847478426
81,84.78483889107818
104,119.4254301781984
172,158.32261888969163
212,226.4133667518958
222,239.2872092171259
229,241.429173229512
229,238.70234957968185
241,233.3321488635583
402,244.99592541974997
284,358.4173694450388
246,265.25482803088534
242,250.4561808410152
211,239.65051564554122
199,209.8976869897442
151,190.295897767559
162,149.88071813553813
137,162.0904640494556
103,114.42174588113812
79,72.19434829507571
42,44.231337742700624
22,27.932152602703095
31,29.61128149535688
42,57.65582221368341
97,79.5726709289988
217,172.72730577003995
316,320.4954117430866
315,335.77201726133507
243,252.8497660488431
211,222.28642851035428
215,215.71617658942765
241,213.39042665850332
313,240.18631054551201
288,317.25818387869396
292,275.4538645854985
247,281.4737002138895
299,263.90718763494675
334,281.81623455360676
272,269.47938943066924
217,215.07262623811525
153,174.55806586904646
159,127.22803772077428
112,103.3357989552361
63,70.716737452366
32,38.619403343981894
19,24.916805029150265
26,24.75707289610417
47,44.99456115241324
91,80.18715390093205
135,147.17425045065667
231,188.6822268077133
277,265.34236262716263
261,259.2935918891205
222,233.9960987205186
262,232.87277653503864
255,260.4632165803171
275,266.775898719553
267,279.2591129764219
309,275.59467293330437
285,303.328859300215
317,303.59114573297785
299,320.0783639352885
241,274.43326059574895
210,220.6707708534717
171,193.8670904774808
162,161.8842004950774
116,123.90653727918493
73,71.89530973868641
43,45.08337260498249
32,23.491002365999123
20,30.43700423958114
43,48.47071846557675
102,88.25096440884222
165,171.15204404208077
313,279.7219565715973
342,320.1127136769009
292,272.5951991008192
227,236.49373618812808
247,224.30547569261807
223,243.32318451783564
237,242.90399824057863
269,259.8773072958347
280,272.90558112812965
289,289.7283100005949
339,320.50950709857557
298,337.4217884356637
224,291.1542991577795
240,221.03625030582904
218,213.88942709411944
145,194.4094073186036
96,121.71446887586238
58,68.93964499465466
39,37.80364304132467
33,28.38404728650724
32,29.852065951745153
41,49.998867193711106
108,94.21163904801638
188,185.96575862592192
357,323.6840176894603
363,351.3849317843107
296,300.49020304265036
541,244.36739161920497
319,421.86467520461684
238,279.70502383471694
257,247.63387074118148
273,264.0583420097843
272,273.88618043246674
324,288.6499568247012
301,349.0728884599446
334,318.4797731319023
270,289.2545040118406
261,242.63221196263288
224,241.21025410995478
164,202.82506512476772
148,131.02685883650017
88,88.41186587550251
47,55.321773998181385
41,34.315291301392485
44,36.65239148185699
47,58.28717315495799
109,99.55601425613389
174,180.06521674891218
331,319.9025396497747
318,333.18039848422245
283,273.63060214790033
249,301.90804477273707
239,261.2309401848484
211,248.8594956675087
277,239.40586151521376
263,293.46338964204364
329,283.96758974876604
342,333.35553993220395
341,346.97702991082053
339,358.4216168644553
315,330.51980478710624
257,277.9358722876508
238,262.52157148981075
215,286.6317599321044
171,176.4425634431136
144,156.00452602009696
106,102.31586288399441
75,60.57391606923315
58,54.05624073542271
64,64.880375857683
61,73.75628504160908
102,89.30528113445698
165,159.60532000288615
241,221.63175384806914
221,280.79794396636277
227,250.15044303639706
243,254.62502353336114
302,243.94242354561658
234,292.9966170593092
276,254.20378729653183
240,284.43746047041674
289,262.53311870336404
340,297.097685199839
310,335.8068225048426
317,298.3350765945502
345,281.06631565093636
259,370.75014092102276
249,285.74003656580413
216,183.8036924437385
169,177.20399652344082
192,127.02769647571574
89,101.70324436239731
52,64.27583872724928
62,68.8696975633929
60,69.9762095817584
89,82.91378611949737
118,119.58883210442075
153,163.4905950047335
185,204.77485133997894
200,217.45959952146288
220,226.18554019585375
276,235.09531910705772
239,257.6108871694898
237,254.0142201983064
283,242.00292034196636
259,273.1935471789152
265,262.0641001066355
258,247.6120832607946
233,231.2082577933764
196,219.1832245128405
168,184.22701104546022
138,168.94526090037917
108,111.74000874178091
77,70.02440168779785
36,49.09663396760154
33,26.714905856611487
30,31.611626827179947
59,54.6049520345892
99,87.4953467278771
207,190.8719606954012
344,318.8748651354795
338,336.98336111198097
294,265.2435762937699
242,223.71105241191177
216,222.083478250011
234,215.71077813640605
253,243.16523602252195
258,256.6648643021546
267,263.3532797058266
283,263.45568362976286
325,297.0578358521688
282,312.95897881803046
222,242.09432432787398
197,194.65081302451355
148,169.33481406437087
129,139.67855035597813
110,102.154102720202
64,62.10037744521737
34,32.09489807541437
25,21.633694418301506
24,25.734698445013382
53,52.81203501540546
91,90.58227417892009
179,162.59929772070637
318,285.1430429622754
310,326.90392141790915
275,270.4523728003412
226,228.69391549591154
250,222.10637920800977
214,243.16072952211468
269,242.401470921196
216,271.78165646455443
293,247.3180320506718
284,296.22943898265476
314,315.3329120232877
308,313.1894315808033
242,251.86034700120456
221,208.30252837853138
196,191.70564100063885
148,158.47981166879396
112,118.21887120043316
82,69.47789887853735
52,46.72301116345705
27,28.752440061165846
30,26.33564411619009
44,51.57387189570989
109,90.74252259946827
190,182.43058735977618
377,319.85775638925406
436,353.2923037924445
310,343.7780758488609
261,245.08500331552221
258,248.62040993146894
231,244.6016171468366
274,247.97625403975758
257,266.7559857948448
287,274.0175226270807
265,301.6208078188417
324,313.8186266065701
320,324.16958234816417
276,320.6868370950584
220,247.2014567024844
196,209.8350580912923
152,166.6686945427308
140,117.93066039160617
89,76.96403079251719
55,45.74850592735912
28,29.913609776500998
27,29.08074117493025
62,47.99354359147528
117,102.79612840918959
199,192.84117784220123
333,332.0894456234742
345,373.7791251701105
273,305.71190156660447
264,244.18228991074372
278,264.03961348450883
247,266.28809711819264
245,263.5478086850026
294,252.38110091230877
282,291.9111720668218
308,303.1272112686019
336,334.785681959157
360,344.18778073317424
289,306.94363094455775
266,248.28233919157404
238,256.7656247695755
176,212.15486922192727
128,150.27872157998826
108,90.66755340288753
79,60.112489110938974
43,41.04742395990887
37,40.23923890843757
49,57.90810313287497
107,101.4378019486831
184,175.85037777882806
317,329.2879866572444
304,333.8417155158423
280,273.50641064217444
271,256.65919192751375
253,263.5216624981775
266,248.98710276708408
271,268.75520671167266
304,290.2573479241917
359,308.8918924411497
313,357.6120476882428
328,348.8019151497758
357,352.7727156424275
319,333.9154714784644
313,271.40868246505096
244,323.0683239374453
252,248.90778540594968
208,194.55855115349456
168,163.05632804424084
96,117.63159358678963
62,71.12833369769525
53,52.79427572383889
65,61.83393044749257
65,74.23206579094568
105,94.84682714334222
161,159.24762653468596
221,220.315450004896
272,256.9947120117299
249,281.2005657853947
292,263.0667567188085
324,290.14910026680644
294,308.7939245613983
295,290.1042581222189
309,291.97416402034
315,311.8588503536423
335,329.2138353417759
333,344.0043673347913
333,315.97254142673023
281,313.4426015708937
262,303.36290269598857
248,292.3697906801998
228,195.61012352320188
211,185.0443392655902
157,160.17419045308472
87,90.85347505534337
66,58.90027186604242
67,65.17106218240275
57,64.38597354152948
117,82.40100363693101
145,125.4755308830024
157,170.0112737806299
212,209.5229173511514
255,227.44693693634844
252,258.0915440321163
280,265.51052885146345
275,263.76939935841074
259,263.8069564278647
306,261.98134749785595
297,281.8614594226534
282,286.66317064370213
239,271.21870465715347
243,218.0311500378825
233,215.6219124250079
168,207.96900477657263
163,153.06136325776055
110,110.48769618480421
81,70.3389519190206
46,42.89127648163822
23,27.457645028449747
33,29.47667481069362
63,53.24542586399005
89,92.21119164510235
196,190.22078219082306
327,308.56510428569305
306,341.4776839323699
260,259.7230090791791
246,231.79310364422392
217,227.1876669385841
213,221.26526306238048
262,241.36562329835087
233,263.78803798765955
267,250.11619707289134
284,269.81033514630724
291,305.7876235042773
287,285.6247219295356
223,247.10197620736653
199,198.11890335792683
152,168.82337681504302
143,135.0820996406702
97,107.57710932076924
73,61.54626522375553
48,35.497937547418665
24,22.94671732861853
23,24.173640779224012
45,52.1504526936924
98,86.65895419850361
208,171.47999215198152
285,305.1911326213563
330,307.93198369808476
263,268.2922448337024
263,231.1529689987977
241,244.08159450906348
248,232.69962246909557
257,260.1276974464873
299,255.26793997477677
325,289.17755269812807
370,318.7618058881753
411,363.1071600101566
408,374.2756301092863
376,334.99072949342633
319,296.1015090254854
246,293.653188275182
202,213.8278061869177
141,128.0263911597141
90,78.15385675887079
65,52.182708101684014
51,30.572657555190784
24,28.64009424527571
63,46.903664753978255
101,102.57384672644075
178,192.4093603321844
313,305.1276181524101
320,351.36748900881577
251,280.84335286432747
268,242.68095450496276
249,251.50465479053602
279,242.0781520178227
285,272.94612368323317
343,287.4972524313472
324,335.0665491984653
342,329.6686951338831
371,381.8931014961936
349,374.0441627510087
429,349.8911323304192
304,388.7939404963694
271,296.76060699411994
181,272.0051059248145
196,139.36639564683045
163,125.2167028786117
114,91.66853546023655
72,62.89304867921453
63,41.85080915559941
83,56.92699057130755
92,106.40724286840256
118,143.81953985150386
130,177.04718778750092
125,183.45237419672034
128,149.45949063773205
154,133.44075788046064
199,171.75573157895582
238,228.1216699082375
267,258.33256660826305
304,285.43322840956426
297,313.7006988540008
333,325.8892729186472
318,346.08853791925196
316,349.8233582317587
318,327.2699610813144
316,291.31325037257375
285,322.82400476351955
266,307.39613277630104
197,214.85523715493125
138,126.77571829512996
100,85.03943327111234
58,56.28413764241205
39,45.63761050316368
52,57.059145727029566
94,95.93070453500565
105,156.78305642253045
138,201.3588823204395
170,194.07120904415433
195,199.43160260230718
188,208.58636716740835
204,212.39502938416845
237,226.75014764057303
222,251.7369914169419
258,256.56834732319794
267,290.60573609512784
258,301.4481169495842
291,309.3946492544963
271,332.96522083888055
278,283.23442729919265
245,264.02904461350977
200,261.1440922852568
208,233.78745633157973
197,185.33265335826647
150,154.4829569784725
102,104.4241250903607
61,68.56175698160482
45,47.80663710410531
52,59.639965903725276
65,66.33916119788425
72,93.50292835986443
117,109.95131760051056
163,163.6684491518729
182,214.14294038401312
204,222.9554551217521
215,237.82788781155608
192,247.6240450514134
225,217.9571165680682
237,255.92644247118068
249,258.27334745343063
257,268.9588983786216
259,291.503422366775
258,286.08796506513085
269,275.2681986517553
215,261.2646109589023
227,226.1296630541232
213,246.5044807603572
184,182.59953488278444
166,147.65932471766624
129,120.55945584812149
70,82.04521057430931
50,55.34400168154045
44,61.42149775085534
71,56.97273425145982
88,83.54304965311589
106,111.85612543876381
146,149.15114713807733
148,192.43719974153802
210,198.3405867356653
209,227.95949770497415
244,227.81850659630425
272,243.72579290442994
218,256.6407552847394
248,241.044795160474
248,255.87023628614634
251,252.85658775631245
266,241.23039341993763
188,231.27967358382713
182,180.06617192967025
162,172.54220154005915
138,155.8862208998682
108,106.66587749211072
517,513.1124235815347
435,325.12181474350314
322,201.36139287410555
200,200.05614531694138
207,119.60450688599599
172,101.52256610909349
186,119.80253928237634
112,159.12183104417076
149,144.7972514641003
197,202.41152010522407
217,238.43107767012455
221,244.6608253526612
246,250.03567734983358
273,276.0827697963686
313,295.86289352355436
288,327.2639004037819
335,320.4079244067642
365,352.6231347461287
415,402.42111428169926
443,455.61328832378484
432,443.8081828821064
393,462.8325777460489
581,502.0126702083646
672,555.0205849944549
459,541.4279287332977
392,325.19385996640324
122,206.11322718312053
125,100.5087834075109
168,104.15394670805561
159,122.04930753416669
163,111.16615245757062
89,130.9260239467603
104,119.8151292185361
117,148.8743027688559
155,174.10005071840553
167,186.6179472474945
174,202.8303773560614
186,211.08681552438742
178,217.21493255702725
136,209.8336130138617
167,180.83626185433027
237,206.88441228316654
284,267.66309660936014
342,272.572787142366
420,312.32601252557
320,391.4295493804804
295,327.7424956393906
133,223.2936179350211
76,69.34924008465022
55,42.54398804831012
24,28.86269393510677
20,21.60673246642645
46,35.8895284717075
93,67.09310237839101
115,115.66278415889616
162,147.5836271188439
198,185.54213305610284
178,171.21562909487074
177,157.85608745045332
125,164.43610326974797
150,150.57603619401004
151,160.12879279538373
157,170.80356518716795
174,165.3761613447982
193,178.52223924234733
228,216.99179295340875
271,252.27307822363176
212,256.7716558023197
236,200.589237810389
342,243.85555097643788
271,352.83470080361565
227,198.0548114844709
76,115.31167767117518
41,43.411085562958114
22,18.912649240722878
18,15.813896617236015
49,37.674270025695144
83,63.78951604383631
101,114.44044271242977
132,166.87471149084274
191,193.01537144530948
182,195.9286023052159
156,161.9394106474286
149,141.30747986457305
166,149.4715386778066
166,162.89701225696754
176,163.68570225756974
150,181.85382435519273
161,182.6667209018487
218,217.67909871016226
223,256.03831501483023
260,229.6913057985562
251,249.60584779291267
281,285.7974994879057
422,318.6017560152639
302,306.0993594539296
257,148.08818662196586
184,94.97354334700587
63,87.93277317589568
31,26.898781488083742
39,39.793039995824614
78,66.45593639542103
122,120.14414987009955
170,164.87472017595337
189,210.39932878420748
210,194.57916906119942
151,171.44800144816142
170,155.33131813238353
124,167.63083298023594
167,154.4424283967819
166,183.8419400890042
180,174.23010815747682
217,194.6674766074378
240,249.19156697594408
258,277.2370942848
253,275.3117738422014
174,256.7149321477954
420,228.36098346655163
383,455.9477894141892
192,295.83071461358156
92,134.0232051425871
48,59.53289378943418
29,31.690567848887028
18,26.189374522373623
45,39.32965719883097
80,73.68046923496718
90,121.01808880467385
161,153.9410388180935
228,201.5002818152575
184,214.1614273790022
151,170.03522772585092
147,157.74641509667381
171,159.29655229950242
159,179.41814707824665
173,180.32521276270964
187,194.8741538395067
220,214.19915520666805
299,259.4008854547411
328,325.2124936109927
375,311.0763137015805
311,324.8900740932669
280,354.7334729200329
334,353.82456363745473
422,272.69277945354446
179,206.16337896361614
65,79.6369274540455
43,39.28349753964088
39,29.830351641307665
56,48.963189790176784
69,73.97690970850307
123,109.20996963285589
177,166.5161269111452
193,199.97730730726715
194,199.44736229556494
180,184.2053754997219
171,171.75340999823254
206,182.05994887484965
186,201.87354812727702
194,210.8472399952572
211,215.6390002249036
251,241.27955232363587
339,310.5276695127037
340,383.52481943226394
380,396.6773842094151
341,382.38946432557896
394,408.25866924093117
525,481.5944757475976
515,533.5159268717196
333,438.95933496863125
177,251.88201419472247
72,126.42544820449544
57,61.53346279255381
45,67.50121890211877
62,62.48633834209229
65,106.05752122614022
99,102.26394986615121
153,139.50431660203924
148,194.54261215714087
231,191.6071157631375
239,245.36135890683758
281,256.41686875033946
281,287.7822648797242
300,296.9111036954709
321,307.24772351604753
316,342.83464066911233
351,358.1227836266439
406,395.97257296557245
398,423.96869655843926
361,405.2902200458935
408,394.84010563283135
513,503.87379072276974
504,523.2899560452634
367,432.7340744080563
233,280.5895384496991
166,117.91452001579275
174,97.86855993337882
67,103.55815769190487
49,62.055121505424225
74,72.46328817616946
70,92.91069252361977
103,107.14266973035339
137,139.9405304947015
178,180.35267890211802
241,195.80327949064554
222,231.4995996316325
236,225.07134131189267
333,239.9045992694727
339,300.1081245734368
282,317.46155022897744
256,278.9915930144011
273,281.2169509311626
273,272.76631388781306
224,268.5959223858759
270,249.7017552215818
445,280.1419742376968
306,282.9789364658244
129,150.0948775787824
53,60.41868018947311
32,25.68923446262264
23,22.179447992797016
35,42.09560077011489
67,68.60926452273092
104,109.10043098460228
159,151.33295152353168
199,191.77977389542383
169,180.52466880009018
168,160.9407701538981
127,153.84489180266587
143,144.37891077395685
151,148.31237529294262
179,157.85400934160023
200,180.1034040316469
203,198.74854011053128
222,224.88422794731474
304,248.52381519051096
265,294.36125356167594
232,238.9252606858027
253,246.14146484272712
206,273.09737389827563
176,184.59385518151086
96,123.89916452738319
55,59.39042762126037
31,29.474463516567646
24,23.26758948451692
39,39.62050843114434
62,60.9507870806468
92,86.65028356652834
151,122.13936489047472
200,187.0436053348708
208,201.80859800887575
179,191.6570127827859
195,164.06386182762517
173,186.86183558168176
183,172.69792004819445
190,184.93227195569574
212,192.54854215515186
193,220.56479551589962
263,223.56062279542678
262,282.2711656986309
265,267.34944640803235
238,255.2971581434658
414,274.67596932697813
520,396.1521609613448
317,389.03254900055396
125,178.0181415461443
50,72.55648702296197
22,34.32549885490904
15,21.488412445046404
47,37.16612696399666
70,71.77315333878688
105,117.86036603840739
195,159.89384841210165
202,219.9470373370896
200,203.9088107414883
168,174.4211959354373
186,173.65601647728388
162,171.29639261046228
167,172.91688687440748
176,184.49224437888867
220,189.75996124247828
191,223.31508162162106
254,244.50696527467153
262,293.6267472702287
245,272.4228301366283
205,234.98310480196537
239,292.43842583825267
235,343.2613657981844
240,218.53514651935188
109,123.72570575803131
47,53.51687488598983
27,28.6371302055886
13,21.00000890387827
45,43.373668799945456
80,74.12764927765554
126,116.71196286816199
167,173.38369637855487
202,209.7051810357878
210,207.10058527102933
185,182.00943748097976
209,179.08185046564012
171,194.3161010206782
164,183.64080063002748
203,183.31382308129403
203,210.12840683073134
225,215.7511341382503
298,279.9347822937207
305,327.90873097318786
302,302.4556499347071
294,296.631701482213
307,332.4725724708652
368,361.90793913250513
271,299.9066245785323
139,150.51442951714031
69,67.58494894842985
34,42.06781674038249
32,29.09038649603152
54,50.171722778611525
75,73.14446483091787
121,118.91144520215848
169,165.57987528862796
205,198.35134084777056
173,205.1315532574075
172,184.0855730260814
186,182.55789131673617
200,193.12225967865422
217,198.48451828207388
215,231.13493228454172
230,222.46891135223026
232,252.2847499900121
303,290.1926062279578
369,359.23200961934384
418,399.2917104091098
377,413.6770124516309
365,435.02939657701813
468,494.79295182027124
394,486.4760003892585
295,322.81123607912815
158,217.11809795298322
90,81.97044773246397
52,79.80313460067349
51,59.91188892810151
49,61.84462780065373
72,85.7327790311155
86,103.48857799096857
139,131.642453136807
160,177.91147852951391
201,202.439525311415
245,229.3318533437257
287,259.0666028070625
333,296.10464556232114
287,324.4194950358407
315,306.95174955306976
358,336.1630414006556
363,371.3914880205824
414,408.5128763461207
457,428.5844544121532
438,438.6793261390344
462,431.707807629971
543,546.6301183246615
513,510.67655436002093
421,398.2195173310387
290,269.2021523031354
137,151.96444855898585
126,106.66765479547374
151,91.32262870258316
98,92.0376315299625
59,94.48150899544424
65,83.22918570256998
108,102.7546390609381
131,144.66291773656087
202,176.90924590905988
235,217.84958428762462
265,233.6095592671597
246,252.30097894848095
265,252.10113185268085
259,271.22902191013577
296,272.47635321374173
334,297.1743557864169
312,332.841513470124
309,303.9450774827251
278,295.45756823144774
248,288.12319975768537
237,270.7693964876853
231,222.4811121705319
98,125.46046528955434
46,52.49941400821313
23,27.414163187349622
23,19.747402194507284
50,41.120868280827935
68,80.23999628142857
124,105.99588425412159
142,160.3578035225044
190,190.56300783535497
191,173.0258172376748
155,169.89675986491122
149,138.67253253991143
157,145.08198517360455
172,156.50590984075225
182,172.6019998083591
187,182.6831756750671
195,198.02121089718608
198,223.5437610173183
251,242.64349486691074
238,254.2218835519915
231,229.55148313332916
259,268.995196444036
219,281.0769138566143
139,183.86577560202224
66,81.7084512940145
40,43.42236093427168
30,23.493006927992237
19,20.683583475633352
30,44.132838820955214
70,64.23932449437241
93,106.40848989507082
166,148.21124143302777
246,201.48233846133766
206,212.95823016996172
133,169.3655789992168
156,144.52316824575274
140,160.70152297400438
173,161.21072342859182
167,185.49781798165515
176,179.98213701702198
205,189.43174212915162
231,231.47833027503356
256,259.98142544942976
244,257.89887944629027
243,247.06633787547887
394,292.8978219702849
519,406.6210771693598
237,353.9147429213315
117,129.9798853539517
33,53.48497328806124
25,26.47570559173464
16,19.687649714809464
40,39.88029508577604
74,69.77948575359198
128,115.19792181810402
189,178.07235796223162
173,227.2829868814632
243,201.1136159257313
172,178.68538424644362
160,171.37414202678139
154,155.83940586215127
176,167.59193350546178
185,180.07759361470337
214,192.82155704233224
197,220.1682806778734
276,242.2038810956232
293,297.2269318596022
340,282.3560367040255
297,292.89291460505535
356,352.9246567259896
569,452.9093802842315
327,299.2688860687511
160,146.37101487772205
48,69.55359576370337
29,28.6371302055886
23,18.173267759086514
37,45.38559202246103
73,74.70934763023298
124,117.83935126764348
150,176.36942378677963
221,195.18096024336822
193,216.13644537648224
148,181.5937789567633
165,162.78292676957474
194,171.06435275621195
174,195.76952302533041
180,198.6783422572995
218,203.55009213988166
222,225.2107377730411
274,275.806574693897
331,317.0015440762608
324,343.8233919394613
279,318.48643359902536
330,333.4397475701808
382,400.8293390957911
616,326.9274362842269
527,293.73612377695423
94,163.0560266088244
64,50.47027843164347
36,40.60747556964041
49,51.97515946669485
87,72.60200673772239
115,126.4981625029557
184,155.90644939169283
203,210.2739143714974
221,200.9745124549993
172,186.49445156602258
193,177.46029418634598
197,205.65991005632708
197,201.93307829839875
210,211.23461798078222
246,224.31513193586238
235,258.9377202711242
294,294.17152860909135
431,356.8142063827742
402,439.32412484462867
391,399.684952581668
339,405.99249701303296
436,440.01015795236935
549,499.5251330477934
378,460.6171459192219
302,214.88809865986485
128,170.567910988619
111,88.24079164481437
126,75.72186655268293
115,84.77363487419302
93,111.71266384194504
126,111.5613640853839
149,151.3378682614437
204,186.2724972758435
235,226.99574207831245
251,254.60721699431303
252,263.8347945248113
289,275.1221748775817
298,300.6025021203354
298,306.2965477833355
329,325.8205156143751
367,360.1508992594046
417,419.2197788777976
410,436.5784202359005
360,426.8706878442661
374,403.80747623097966
448,463.51947583173376
546,495.7933503116334
448,428.65842912861723
221,342.3901501620246
105,138.1327101144865
88,108.28495092850896
133,110.37081934654681
199,109.19224822340936
91,131.28117027007673
89,92.05985936945036
121,117.33004979787091
149,150.30452422798004
188,186.98112078968177
202,213.92607121022894
246,221.63613136114853
260,242.7128757766808
259,270.0562945122088
266,271.98135163262623
275,274.9581413341083
304,287.5542634283484
259,308.9768076242818
245,279.12651063827093
242,249.56821061121414
277,254.80995596143813
404,282.01230657601786
168,283.65259642551064
113,98.23462861576077
60,54.49536274585801
28,27.753842195431986
16,22.116518784392074
47,46.16638651533721
87,75.97573211552981
118,125.23338092418078
140,154.72307729895118
208,188.26587938134787
174,186.51897256794217
165,160.75007540522589
168,145.54613249065332
154,159.32995706379796
155,157.55971756943788
151,168.12543519520608
195,170.21759373437473
185,200.29819596314084
221,212.37734920812895
219,252.70741945800856
223,223.07416517394273
189,224.81229820273109
359,234.44755459451525
459,358.2344111711877
235,262.96412097962946
90,115.72579908031481
34,45.20250570108791
35,22.834181294302486
31,20.87035306929926
47,41.63432877089765
81,71.58124361814266
113,105.81894092032454
151,153.89534922982767
200,204.60297028328685
217,195.74310591979167
169,176.3645841409666
174,163.0571939722095
161,164.25583128221538
169,169.07591212199753
204,173.02742817348397
225,193.78720790549443
219,217.25021347756578
248,246.22164847774422
314,260.62828672422154
323,278.0467107496538
262,283.1422298123809
302,325.7999216383592
266,394.2012682541273
204,244.0319463746825
104,118.959148631841
51,43.57363634911769
32,32.36161479588349
34,24.630427119008573
53,44.81084063234621
76,76.29726087967023
132,121.25597859431316
160,181.5503307538242
214,197.66535568708218
191,218.00493094541022
184,172.3430555058911
213,177.63635845361395
168,186.1677204738023
200,177.83878621632806
223,201.35979784253757
223,222.87247593374732
227,227.94543620067074
228,268.3343105432715
270,278.8832260282465
392,280.29024571618135
303,338.6508304619906
237,339.23195533375343
283,253.8693673129678
234,223.21362878180182
135,161.71718686427752
69,69.59135177594368
54,38.97977563641047
35,30.73033417933926
51,47.52947921104573
55,69.67798059174572
72,90.4491526771207
89,87.55105386029122
94,134.1722886053875
106,122.94910946619382
106,130.18310903728246
142,125.38639233114115
159,149.27584673030015
176,169.17421072277983
170,193.35899800323372
234,194.5442164103045
256,254.7750426115354
231,266.0116728498141
249,260.00756830541496
234,284.45507653616954
257,245.94232276656993
282,282.98664695826847
268,306.5325568487268
228,212.15051593277596
176,146.2476515179769
102,89.66581783593783
47,57.75733927290721
18,36.63817355853407
36,50.70207956522725
33,66.56657809283998
64,93.08250270056521
77,128.81173553502887
87,131.89870379762863
114,121.34166234213805
137,143.7756493892399
145,156.77464823759883
152,171.60305943315205
159,179.03748379115714
172,187.99655729964113
186,211.27051034885213
230,227.41031067656772
219,281.2608856574289
272,281.77015612895946
261,320.17699574055257
255,303.123989341197
340,312.245609349997
443,416.6004050473996
341,429.04969602225157
264,303.85847617856035
96,176.654426106266
62,75.68084441369163
36,46.4442616290687
38,49.73897922004236
51,51.7573030053951
53,68.14275699803052
62,78.3792390752295
94,95.22448632739658
121,136.68375508896418
145,153.9989212393961
162,177.25131098843022
189,194.44895495382775
176,214.86551429826827
212,202.783150210992
228,247.3511726929188
259,269.75532758281315
305,298.4820494831036
321,352.04696121348917
318,357.36895374047384
306,333.65776165629865
312,359.0280006764561
284,380.85235777517227
421,306.9267273200382
299,357.59515727062677
132,221.6696297493416
92,89.02294718796195
51,80.03640057960475
57,67.52364635040917
32,81.88233693397032
59,57.1672744107791
83,70.64642222877802
99,103.98510216066921
114,132.97666235191653
202,152.34964754488087
212,214.14617401359834
216,230.34702662343648
266,226.93175968180122
219,262.6716464992969
268,234.90417061594704
273,272.5930571935732
268,291.2580668466198
254,281.3106606819401
252,258.3195513266574
207,247.43409454759188
176,223.26361594283108
399,175.0647551351827
119,301.44581538186503
529,412.1370519938213
635,385.48001825964127
668,362.3565781390648
477,279.3131890568749
294,206.57557197862172
144,132.6811537353507
112,114.59211108469991
145,124.20349245523055
146,178.41466247094
189,201.7753284364075
248,222.6399033484809
292,268.49922887825005
287,278.5245776836297
296,285.2107721584818
292,286.8246547363492
301,283.066520716961
322,305.4417759139359
372,346.9209419497555
447,409.6690167598838
494,457.97599729607964
489,491.1727648001167
525,493.06316967782965
554,554.4678443657137
519,518.483066268365
584,455.8777865853152
950,501.8096934821444
283,627.9683213744893
184,224.06759666453755
115,138.21078634959005
134,89.06851972441767
135,104.33814745943975
112,124.25538615686214
129,131.92815447181275
171,177.40089891994964
187,216.53150393026212
210,223.5048610553189
173,238.57809055905952
252,199.96777677742378
195,242.1447283043857
186,216.35652062325838
254,216.1430465868018
266,261.99379557181027
305,282.13153448055346
352,279.0786619381684
328,322.58370917756554
279,301.5497610048049
204,264.4222250473011
112,154.16453388832846
75,74.92535927729999
48,41.21271952094871
33,35.95536311376949
45,29.150401577915442
77,59.14242243413185
104,93.7239968737753
169,155.9394563862107
191,207.81926715997332
257,259.9979228634713
202,216.97643880468317
170,176.14687063665383
177,165.1435948794703
202,172.48399356188355
160,181.5971049379568
178,173.83093591940803
196,194.35863365606488
217,187.87459231515507
215,247.73881173673732
221,245.27870310367973
282,218.17154302350983
231,256.7288558122149
246,222.1560614048907
146,206.35321927440987
135,118.04422393984694
70,78.3797046482094
52,42.362451114194116
31,28.34330095853284
30,22.61068462928615
54,47.570534934114946
78,84.32903984515967
144,157.58194850462618
212,213.16931107611495
232,278.47495365365637
215,232.8702699318588
140,182.15260872871625
152,153.40753539406666
168,163.09408744802369
177,169.96689408286085
171,183.7990723248129
191,188.5215543868508
206,198.09981669280643
245,236.21117723489164
291,273.73543711165854
270,283.98380224018274
310,281.2244918436332
294,313.63463045921213
252,270.34542642402045
184,168.15628017326932
96,102.5413682809794
46,58.69703217377827
24,29.65979362413337
16,21.97256526582022
60,48.12912985165191
89,81.21506514745796
160,156.46346294986114
213,235.291843601709
288,274.9865597425005
261,251.60696164940165
194,197.54753040819438
162,173.4486714195288
172,174.19192391886244
161,176.2886492544075
202,179.4118835085819
199,204.06738704319793
220,219.59990374468921
259,270.9079396715858
273,306.20816314216347
294,293.1517221477292
300,309.2350780729222
334,318.01505260166573
349,311.5786551002919
253,254.66294222772243
165,152.8706091406123
91,87.21762948010404
45,51.8777296189963
29,27.97934965700251
57,61.110526057794374
102,88.53422138817335
163,167.1557588602796
263,222.97494949124174
337,302.76513979636223
298,286.96944480172925
181,227.5939325383096
199,183.17312208197026
162,199.63542116242684
191,183.79878124509747
195,211.57061058041637
217,208.4740363404611
245,232.22649560669558
295,270.68114931004965
298,313.93984357663965
381,317.91419498542314
383,360.77767869257
387,383.2425556680168
384,388.7417629431928
284,311.9074491901942
200,203.46596884370757
116,134.46542193660224
89,74.28688935808343
58,63.26462127849332
91,71.22077978003203
113,103.82780719528174
166,156.8486319768584
209,215.67101787780186
266,242.74279805348544
202,243.77419556275356
195,196.6511670653423
202,200.0734416079643
209,191.90247822689057
189,210.7208092488567
215,204.51465675073354
226,226.3841180720107
236,241.1610465026899
293,283.1712169575577
404,340.3412325775192
490,435.19466821343286
433,480.3202201511266
401,452.87406430357765
473,471.2613765302913
528,464.22988132951986
447,407.8781695715694
375,265.52413420078574
203,231.81852317871187
171,157.61558532608953
79,137.27761195461693
68,98.88062933906845
79,99.74484367165967
120,114.99539756622652
152,164.49094760450487
211,192.82608631572808
236,234.96500065190122
259,258.65331299975793
285,260.2655449990068
275,280.8941264060152
268,273.25727197078817
291,273.3983402187883
323,304.1340119356675
383,344.2478230559683
457,428.3189733696627
494,480.5855929284641
466,482.62655968988486
438,469.2064620855959
573,498.99053723176576
462,525.5977190827823
416,416.83711271764764
339,314.02179225427926
231,260.6793788651001
153,190.59320103460732
98,109.45458194925382
56,79.99838579107477
76,81.42100331071182
97,106.364984823714
128,127.69879556775348
204,178.51854362603527
218,220.28377415769418
257,230.35137265190232
278,251.54246310989294
239,264.3943212090076
310,228.01708953397392
292,279.94074322943817
300,276.72166669269563
286,288.8891958301754
273,293.4669495851051
233,267.6654743381603
257,237.09883878913467
215,254.33650299140132
204,219.88924396148326
154,147.02017467558971
123,87.2106115968939
46,63.366295615268456
27,32.108139310170465
31,31.404559089101365
56,62.007749714399814
80,87.94797032580826
150,151.97189215204943
212,198.88888119118232
256,266.8946992053538
221,217.45755913896963
177,180.82273430905724
156,166.9481395889207
219,163.00986305725192
267,190.39306153109305
195,244.02742289176518
208,201.69722444907765
215,205.22459985278965
219,240.10706665898212
263,242.2534821717134
288,242.48456859709032
293,259.3257491047876
302,256.88249660176734
226,249.77978365816438
248,154.71332806090885
103,166.60059784290013
60,60.79552706905127
37,37.257751173008806
35,27.22881767864063
67,47.125979202777295
58,77.69247670171791
143,96.37758660119619
192,184.66096695106413
295,222.8542515072578
249,258.1168253021949
200,216.77321035504104
197,182.85674890585926
171,201.77085501524587
173,187.42143713196103
191,185.88109764301115
220,200.67674806474005
246,229.5738129886266
252,257.42911788063276
287,267.73870694957066
298,298.9954142761023
305,302.2851744151739
363,302.796354846164
337,309.48827256770215
180,264.3224795176656
109,107.05749981388097
63,61.840970661699885
35,33.39506932016195
22,25.77202055159298
53,50.634229391120364
82,76.40179555707822
168,152.53773240785014
266,224.97628447484286
305,306.27347825101174
284,268.2672738959662
187,213.6667338052305
185,183.00027112689756
165,183.30237511334735
179,170.22097826476414
185,191.49465379790436
209,199.6129981852077
218,229.73896064901788
275,264.4426340471667
309,311.15411763831634
332,313.5770113455428
337,317.4205381109081
377,363.7406470422356
276,359.39091122346383
216,234.80324354731172
149,146.11979567261218
111,82.28772759815668
54,56.730434285142024
39,34.06161985608177
76,60.04954037105848
94,96.89296475630003
167,162.13163524191094
223,243.68661182300963
304,299.9057525000023
246,295.3662780294894
202,203.19376755610176
212,200.6531084708113
215,205.01621905227725
186,211.72151412684914
203,205.436378818666
218,222.93449108596965
225,237.33284151318247
300,269.86233784546613
341,323.5817651017085
429,348.9145739548086
427,401.2639715290241
383,416.1536352272677
348,371.40831349757013
356,281.05631908401926
219,238.35814223299928
153,138.3213585883127
88,91.95563754195965
53,62.756916056479476
99,75.38082488359782
96,107.31359540670586
168,157.48346317990456
231,211.2004560831374
254,255.95485676840994
237,230.9645358695964
220,207.06499708823586
205,211.75426619859795
226,208.64529971222865
212,215.68784131816005
258,220.8314896761594
225,247.97172932102913
251,237.65754867928865
320,296.831396079762
438,374.52175615697763
464,471.8021183637927
475,475.84870948958167
401,480.4722892233533
480,471.7098589154792
530,478.66926564677465
414,447.38317525199614
368,355.59792165074435
270,261.79587717099076
167,194.21879535702675
111,114.38750859431515
91,94.85805967941452
85,97.43537397651407
112,122.98976289268342
143,159.9041122451799
197,196.37022180496442
209,235.55491943699423
258,251.78485093205003
250,266.59802816071914
265,264.314438949924
258,276.988903238803
275,272.38181935195104
366,297.0870451995769
423,390.1384174367395
491,466.95408816392234
516,500.1622103987479
532,491.92848425365247
486,505.2160234564867
589,538.8678010190293
587,529.8408766471265
417,508.74875512832915
349,403.27523898836324
260,273.6793729737371
164,194.22056206991016
110,117.91670871281691
81,89.79002725249592
91,91.10238414722777
104,108.33057216411893
148,131.5464537149085
178,190.9867071105039
211,213.56002525647676
229,234.75126685791636
264,237.47442178164906
258,255.35727547012834
245,251.94763894613067
230,246.80594629515747
252,251.30094178648605
253,270.0197181271686
257,278.18655315745076
263,252.63122351877755
272,257.25625529047767
260,261.22654815282795
179,230.0110544015866
133,135.2555075075826
73,81.47596459972011
40,45.42262738533495
29,29.05301741575368
31,31.613004294860982
55,63.13173077622671
101,88.16828366673906
146,161.31539079148493
234,202.20309345667025
287,277.7534280802187
197,227.75531986691934
170,175.6818427791125
165,164.99958563949477
168,180.73491351216003
155,180.34382569868944
186,171.46984381808502
207,196.8277354505937
218,206.2083554871585
253,238.36424781857775
258,258.7414159161663
225,250.00966818698933
270,230.65371620494116
242,259.6166168138491
217,206.8266079590851
159,161.39627297268535
79,94.20840672034248
51,47.88920104172842
17,31.16192212280296
27,23.750780203284293
46,53.25049830621396
81,74.05830645308058
144,150.95917103556462
243,222.90952515912588
308,285.60594651338477
232,240.12411921009507
196,187.6314791913736
169,179.28584958625163
149,170.56337490759864
180,160.38013446418452
192,186.53152802737242
205,204.0441703284592
238,215.04335124619013
308,266.3494971427604
314,313.95234501318635
323,286.33497542403893
348,305.7170694836413
339,341.59728824468334
281,307.8314335864317
173,205.9814543813195
102,108.80453754757167
54,59.22161587565777
36,27.844425933820716
25,23.912690279673832
59,48.93629382538647
90,81.83525351627526
181,152.87121881604185
278,254.9416149163246
309,312.64050197848286
334,267.7049775578703
198,234.81733351254613
207,185.9756016384475
211,179.40620380424315
198,197.84257110160564
178,204.35246621227725
221,196.7442751596419
225,233.26578423520297
293,279.5603916797516
338,327.89188679319824
322,336.432268353063
345,330.7709404764799
344,366.56899082099636
337,325.443823276911
291,236.68791341256963
132,171.17082084178503
92,82.87625003357988
52,52.851689253476
38,35.582642086197794
62,61.86166100101756
98,98.28686771549697
185,173.1821269067428
223,252.59907075094452
332,303.66375174918727
248,307.31558724334803
200,206.0061409453458
201,204.52908982315145
195,210.09628789923622
174,205.43301564509
212,197.1603271841138
200,226.46070782239295
210,226.2977004391821
279,269.2219007602958
303,323.7690163813977
389,332.81173198668216
394,391.5460376001783
413,387.9548212569631
360,397.2313496785912
311,301.1225299195754
221,214.5273111381316
151,144.5018015390425
99,92.61378749623876
73,68.16024408754069
78,84.96574397296756
103,102.76711501595439
151,167.5283586044963
208,211.5303750795844
267,256.5940383233364
226,242.81365374797372
233,208.25389428540942
202,217.98117238128037
221,208.87439149967125
236,212.07042607070147
209,238.7726763280024
213,219.1949561901264
249,233.69146913878276
276,297.9376093580561
369,348.9364304530158
480,434.0778432121527
427,485.30075979848436
393,435.4547644311968
482,443.618041819873
450,491.2051813077405
376,420.2984923896956
361,321.13092403285714
249,271.47568694037415
182,168.4214265667683
128,123.62141256272803
98,102.0679344458224
134,104.0493857102003
141,139.79712200798022
174,163.49336612436198
200,209.27817437454934
236,229.06227618686628
222,261.10513101975727
278,248.107957004254
259,279.6438055855608
247,266.63833380217557
292,263.95498650999235
304,312.00392623666437
331,350.53781596491046
461,393.69782187042426
444,496.3329494518141
418,463.96531932742624
407,444.3444662799344
527,477.34198258426073
451,518.3042427730294
399,402.0726684797592
325,327.87102403207683
234,254.62979222412906
175,181.0673238589888
112,123.38274194483284
98,87.76690835129232
103,106.30862951374579
134,114.54006917215368
151,147.1067676767524
162,192.9751412401787
239,204.64815062187697
224,243.518665120755
244,244.04403240773047
247,248.8698536884595
231,251.3035348956511
218,232.52961927479697
246,242.95651191190578
223,265.4996065933097
219,254.4089901965871
222,232.63975984250774
212,237.16101755100695
201,226.28718465112132
158,187.6310881556117
127,125.73610827720388
79,78.1388190514531
44,45.56513883169141
37,30.39315709359195
30,35.07358441623136
47,60.62101359150062
81,92.53235886625197
141,148.32578989992916
193,209.17254593023227
234,260.6457487818035
200,208.85378188593788
169,172.59424204053005
141,161.77282976497418
157,164.14444242111244
190,168.81866067264656
189,193.9284708001866
215,196.2448152872915
223,224.15265348748142
219,240.9525967693769
220,242.18838294278345
229,229.38949263758798
213,236.9602815659212
190,226.12950919308733
220,179.774772000566
128,156.48626449505215
98,80.6984132214255
58,54.411436464785425
31,32.91409818638514
52,29.619583156878086
75,58.35852160996771
106,79.02127565198279
173,155.2511781782634
210,223.15241836126384
254,273.3250705523317
202,226.72983305263978
188,181.26877728491522
157,165.74892369537065
178,158.194451620778
174,185.9457662697946
194,188.37116992796257
223,205.7424281449356
219,232.410712284562
245,250.47170860547354
275,276.9397244036131
297,276.1180094929377
237,305.1626075826177
303,259.3887202227098
281,289.21880476896513
248,198.3123376970232
127,129.89623479544318
71,69.15212982661792
49,35.37607307166648
52,30.297870600844735
77,62.04577934237751
92,93.11984257014025
147,171.33049898416073
185,233.4976592216376
194,275.5907797788529
196,222.71419341439483
159,188.42825510980197
195,167.72155164863588
209,192.77864093597765
206,192.74565636174498
208,205.41043618805608
225,213.05068070622815
189,234.66078309407783
224,243.90573058245215
212,284.4384019902992
324,257.759768275224
261,311.120045795358
212,308.69981772982504
183,257.13323701703314
165,197.0307169117082
91,135.3702436246729
84,81.01071275041865
48,65.30206183107863
61,43.159588913174616
52,66.33835913950104
79,87.53200178616304
96,112.15613408126404
102,123.72200863382596
106,103.25897230062665
92,116.23134563421891
110,97.73170289800224
97,123.82776198130699
145,117.67681706538166
150,166.4526472555577
126,175.78929116562747
166,148.38469798157752
181,194.63272206146698
172,187.56345771100834
186,181.63852772165
196,200.97444486517608
209,188.3779992648833
208,190.77571228765993
181,204.530774228236
121,159.05126062055086
83,115.01313146393507
49,77.53935719135686
42,65.4264437983908
34,56.81806155653957
28,73.33208795960788
35,79.81508568247912
50,126.57587715916387
50,142.1150880980111
53,123.14500698643701
61,89.53194718424847
106,86.43555803304731
110,135.84856021784412
106,146.30932311607697
156,144.1169398159725
139,177.6056666696292
132,172.29312521874115
184,169.23538133073444
190,231.30894213880066
229,250.23328927196923
219,272.49534776277477
243,252.9533071624529
226,292.79130215586565
220,280.50966567389304
208,227.27951041321367
148,156.4052656133907
131,131.613490042611
64,106.13581782177894
58,79.27665923017956
58,71.36716040526976
46,68.35471059594109
42,68.89650232821764
59,64.87530381943263
62,83.74354092440744
70,89.50742429860956
123,79.33411041142996
152,139.61266686992698
145,167.22430614486817
164,172.59233701099234
154,191.01548084058956
204,170.1501296280754
209,237.0759342973938
206,254.86097966587795
297,262.56147507005136
303,328.9701283436723
277,321.50646109983524
259,303.13280608779513
281,301.2853376161058
290,267.0464216994302
247,244.33817407843898
177,200.5109744528823
140,133.79767466058155
108,120.3023210681854
64,87.43671507634703
67,62.808816874909205
51,72.99267322431037
67,71.88217232305092
69,91.0637344387175
96,96.59389970827614
141,130.24312016398466
198,165.709069673169
182,216.13781235492203
196,204.5924250259383
206,206.25262621120098
165,215.93275210680275
242,192.38463835801076
171,243.17544387322565
197,212.70253016147282
178,212.85164537698114
180,196.2998700511776
151,194.7225542001681
123,160.63765227707134
70,119.27335870463467
894,863.5383039947221
758,637.3457425698808
587,527.2776636687074
531,241.9640182226125
443,274.8394405684272
229,194.15399485715858
203,206.7660618063459
241,213.53870832439625
270,284.5241964934156
291,337.0866774392762
412,337.4080282125247
428,436.88820562933034
368,439.1937834598969
427,397.47441979736965
417,438.14964512649976
421,441.00821839567385
494,504.88029533896935
553,564.4246852602465
722,689.7974652579447
738,777.2370021637777
704,744.1827811984085
688,743.1240035392606
716,819.8545413100762
665,764.0302051753134
711,739.5397073846931
1069,598.2009912650253
347,741.772753195953
282,280.4786707182882
200,208.12654702247156
185,142.5394697617745
159,167.28104727885864
121,165.50781338840517
133,177.27496730156918
148,217.59766064724934
182,230.40298135460384
216,253.00584152173684
230,263.8179015024565
238,276.93311775629536
245,288.59242448839655
201,288.01361085591657
268,249.21792742097227
299,309.9405152355721
335,300.12448563280225
368,347.3733091361157
369,364.16303618574824
348,374.46975495364245
280,332.945921346682
168,211.4321424055831
106,116.56297021439724
62,70.10030503539222
39,47.076864053027705
45,37.700992155127636
80,74.1787323457022
131,116.6908020942972
254,201.3412830798617
299,325.01750224884347
330,376.3626967556445
302,296.3291808604017
204,227.0229449492401
242,208.19808331757625
195,228.87243261361118
233,199.68939138339059
219,238.40110081196303
221,220.48444369371708
239,250.41012133311594
328,292.1554706524677
316,348.99971639140284
304,304.01001607233684
250,266.6943082202571
239,252.63807747891485
204,228.15340115901074
135,155.257091792696
80,86.70182630277942
50,48.79098771958575
33,35.489635327579485
32,28.596319667816918
83,62.0090352718322
103,112.79828950397363
205,215.65463520456888
301,315.98757468102656
387,368.88672986703784
304,338.6980801802499
242,216.30109817016816
206,224.22414302382825
187,200.15179930900965
204,205.25046551613931
188,216.68924125343247
199,197.35395535786702
224,227.48616071277414
323,285.2064883066388
345,362.3631253421047
345,316.15511806996386
298,286.9798980796313
298,309.87881864891824
264,309.02136737983284
198,187.408932007586
120,118.99214779801805
66,65.84648183455221
39,41.52329824791033
45,32.9707781423154
72,66.55518780265636
113,111.42516236881843
210,203.33116227598842
298,322.40559265910804
427,388.6430908405419
385,363.6524762331316
236,282.21050830618043
228,213.9349618277913
181,214.81395224762866
221,192.38893762051535
200,228.53823706320932
189,210.8290975686633
227,228.80690431985926
371,314.1095895941013
368,421.45131930329563
344,355.85645635935873
288,316.4497250032228
278,333.8800949131746
310,310.633934644515
194,238.32611806785727
110,141.61887680882552
81,65.92035945445103
44,49.27477208978409
40,41.7942924822833
74,66.39867193805225
118,113.53715699645437
229,213.79344906025943
331,314.75575501312534
384,423.87233459405553
369,403.43704018788884
258,284.81662494986114
251,250.710066984539
217,239.2508262723991
228,225.62694732190042
242,237.75113262731836
221,246.58391611209353
298,254.9951831311787
396,391.1833310709839
438,454.07469931030437
463,426.87734961135055
383,408.19853027429065
395,408.8000580759668
530,406.7338494727206
368,353.9981120220462
241,233.54426888163374
113,133.45587119091456
53,69.6769799375971
53,52.868581593127246
105,87.3950731665825
123,125.57189505675355
228,202.76993007059107
278,309.4072122010918
343,356.6122047210926
336,341.46965282686864
253,282.42215362502867
240,258.17270999712696
233,250.2751656662285
281,252.52151260065108
274,292.25728320973997
252,286.95566170373337
334,319.621210561537
508,444.76285245978727
591,605.295528832059
545,654.3929407569814
516,559.0794167193782
536,572.1798762067679
637,702.483478500293
723,742.1822256204772
635,652.5402374421094
442,507.36214145047904
318,264.96846038896024
181,216.02816746484103
122,161.7158197794631
96,148.1845985161198
149,161.97048972326454
175,214.88655670839682
222,254.33953273722852
297,290.50153869144947
311,335.5317309024206
404,351.5163958847584
370,406.7538051743715
366,402.87081201328726
410,390.30664106221883
402,426.578749384415
486,458.359139643283
580,571.6257724903447
637,684.4901550406133
627,683.1297961446926
624,644.6411758192962
546,664.6771461292112
729,662.4576797841803
699,758.485509153315
647,635.5426305405016
438,583.1258166132762
328,329.06764904050976
243,242.9752454653228
197,174.50005005486236
197,133.25988756145094
154,172.7512432622245
125,158.8886882774379
175,166.39411777673473
256,233.04884668822908
276,288.0310333546391
324,302.2533442228874
385,333.22226628266384
350,379.980722808408
567,340.0362770182969
465,472.2370348320816
501,474.3158393655605
453,512.1905195727898
362,450.80241045177576
337,347.8864316097018
280,319.0534393219429
259,310.47208474038746
237,278.24046034694544
183,184.97231940691557
134,110.975808098183
92,68.71051381131488
63,47.235943675670256
40,45.33332045381792
56,74.54005072832503
117,120.51271923498358
231,203.45281687520804
290,312.2145648211408
360,361.12482101860405
313,301.6983513926842
225,234.2613201052135
221,220.38477174552298
238,209.83733534803306
262,227.45070745567767
233,254.24142345770514
224,230.22875114923207
241,241.13153265749648
358,293.76368721931647
395,367.43008548724646
359,342.3155458517611
307,300.17807272759404
253,284.1263485643123
221,230.75295810928034
161,144.10020548834322
91,111.2867848609007
56,63.85512078601704
29,42.7190683980568
37,30.785301167809642
63,57.480633884274674
89,90.78117597374718
211,149.18417158428744
282,259.8633190644612
399,330.9442300215754
368,353.6869447057322
252,279.0034154138814
267,239.08801132243067
248,254.38958405788347
244,250.39322609735254
246,245.7243758334292
274,242.1864059677649
302,279.6852935417042
382,348.679406643054
423,405.97198999322916
370,400.70082666624523
311,330.0529009483801
279,310.95442940338444
414,260.036876423184
191,257.91890753581316
105,117.67085500635763
44,61.7262693065165
26,36.789816391318574
30,34.416310509408575
56,62.74516080785059
123,101.54704731042366
232,208.09553431150817
351,323.2859788677467
416,419.02107092445965
419,380.98249402949364
230,301.58675794787
233,222.42048897011372
218,225.3473161160427
218,221.6194164843502
238,227.22750958542184
206,233.67746363337366
219,242.8837446367224
343,313.33367043652163
405,405.7577654395986
331,380.6550507842642
267,306.82123834148877
273,308.6353283943456
276,330.61969964868155
211,209.61989185561086
134,134.68617597309608
82,69.47878491850246
47,47.42734637465405
46,40.56506780719992
60,63.25475277802172
119,116.06536512088945
209,226.39807004468264
346,318.8980933733228
428,421.6857744809908
378,443.69806876732406
288,290.8902905648327
255,274.72691970716807
235,240.8791692187642
239,237.43444921577077
242,257.8662898260228
227,246.35859907557196
296,263.0697018325103
407,379.37398919467876
429,467.022267414163
420,419.78022192971713
351,380.3585127622498
328,382.0163295318016
356,367.2923236555889
310,297.6858778745089
212,227.00674052962918
166,131.0448648136427
117,91.29914748244195
68,71.44314762619724
106,85.3848283583623
124,127.00870378463385
207,209.10251682630602
318,294.54988533780266
366,365.1537966897653
321,341.9835872728204
271,287.1475172036119
264,269.51374058826013
252,261.750090141814
276,265.82311980163246
270,288.0199798023493
295,274.775704254705
353,350.8063772505734
481,458.08920772025516
549,582.7719234935089
608,619.0147888339501
522,637.0780988643647
502,575.1843577782864
644,638.1312588557439
723,769.0903392802192
648,652.7818307539053
382,565.0503706820217
358,316.39712889950744
227,253.38592049224667
180,190.4812667806073
155,151.85988318231512
139,178.81454875494612
177,198.35247661265353
216,248.45825975214873
285,282.95961978379916
347,326.8937598176982
402,385.28910113705837
373,406.8953532898306
419,388.41492801074486
384,428.38811974888887
449,406.26500797553723
576,514.3137484857752
586,636.5424037517147
702,675.5390343124373
748,726.1889359453415
725,746.8681771720321
694,707.0450016858317
829,744.2359573180038
824,799.6296890058114
678,732.4518959556134
466,619.2616053502494
373,337.6568035584088
199,252.43773968142648
151,174.87289991032193
119,156.21022543942857
115,141.25151438465787
143,138.82785158437238
155,169.6335806526439
232,215.06914670757502
274,264.9199345393865
363,305.37090250278743
395,377.3273676285427
378,388.6099708581908
363,382.8890617846727
392,384.7969351651391
482,421.2977287399194
466,503.71207013879996
456,467.3335210631854
408,408.4024438659679
365,371.5783509878393
388,357.8386025295834
301,370.05367199936273
173,231.95750399052181
101,117.11620252400729
73,65.6238133622325
40,48.06418015754767
44,42.698860395368875
65,69.65205166755271
116,116.57380083214905
244,216.09100975988795
292,324.43455743349665
368,356.51300574804384
318,300.854735120615
265,236.227663565361
227,238.33875155560017
182,217.71661456865507
189,203.42212564889297
219,208.07497045566262
224,215.6638964413139
227,243.59046467875362
347,289.2229337295459
384,376.2161131592441
266,350.9058527229675
235,254.73873172946924
216,248.20922154499806
228,218.3733965760607
124,163.7947215749723
79,86.11098112205165
55,50.70479191186519
31,31.958295696517315
21,30.11734189793298
56,56.3461861473255
116,98.20455608453058
203,213.0759626342369
321,303.2037708220878
379,391.98773554206963
393,343.3248975288882
242,275.239701760716
208,229.13417633564424
199,201.53703861107502
186,210.06922516401679
214,209.93371946001906
194,218.51188430376834
230,222.31431190700843
327,306.67563924357836
339,384.4310010525561
338,326.34906354374215
293,291.69378586117546
283,299.16979673153133
441,283.43317889294235
297,256.9652565064931
121,146.51618415602337
65,66.03258550657785
37,36.6081088852965
38,34.09946766589574
62,59.917549136058184
135,112.27026374892915
236,218.5639483657561
338,340.86764031098596
434,407.644388774929
429,411.2575660110864
273,302.85873124318874
240,244.4183998457992
223,217.6947389873258
224,215.19530360448562
220,225.6901913599047
228,215.8929289772362
282,245.14756969250527
382,359.0463542157341
416,426.26326006538875
368,380.68182783430535
273,323.64512753206026
314,304.66615169913376
590,338.6593479721185
295,324.6107339836557
141,168.33192730304597
85,75.45017024027685
44,48.91102095337448
46,41.61119402644075
64,62.889947506307486
119,118.0672150469363
229,217.84302442694755
312,342.43541423343333
450,411.4111408856903
371,425.97610309064834
291,292.5718200085036
233,279.043435686091
225,237.49642672688523
227,235.62936125922073
258,242.38990733665253
228,260.9168285042741
290,273.2279609189549
397,384.11110057902175
492,449.73965731565664
461,462.87395970572317
400,408.65800133274263
354,398.1515045712889
370,425.4254612290133
318,322.52734563725886
221,223.51049195377465
123,136.6378464340666
101,83.42105730780757
75,67.43128140603187
97,92.68060766432879
128,123.69054218882064
187,208.81172366685598
287,288.4096869329595
384,355.7639134253789
332,346.1857944161736
270,286.3971959924709
299,263.60798426932496
283,282.7258882978088
270,284.238803789171
288,286.64115931531364
273,284.9038000755238
381,333.76408164482064
479,478.0679874201308
561,591.7939112273993
641,643.6510756913242
560,667.7488268418282
481,616.7049677581422
654,679.738561857415
652,745.7922390308073
609,607.278574736264
454,439.55041354287715
289,344.89786988577606
189,234.20220618302443
159,153.82625278957732
129,143.97229818144245
160,157.93735238526176
203,199.10062689136913
233,253.32774289577256
310,284.4512259676811
342,345.9412057967008
410,383.5921959360212
397,410.64549884794855
406,409.07831774134803
411,411.6049265772183
663,428.3261558930317
506,638.9733707059333
584,592.1239515053111
698,666.300410100016
573,715.7552155080967
624,613.7496101158156
575,652.1237974667639
842,694.261708052653
712,797.9697806053924
606,648.194533325078
486,523.9992098592089
328,343.5302200407815
214,234.57475150470214
166,175.06598576606143
132,157.1424117384584
136,143.74955276924092
174,143.71063054717968
208,181.3098336149138
234,244.63620252730868
300,273.6629615736113
376,331.16941291786594
383,388.0682353786114
402,375.54884336077214
393,400.07581735801966
356,395.6578071649845
390,380.5090777867385
412,419.60093202271156
393,433.70928450940795
393,363.8269757859917
335,356.46101217380186
294,325.93931951353574
330,282.31873813986454
195,216.31217121785076
99,114.14189687500782
57,63.352952027472426
73,40.009275955025196
42,50.71761069473533
81,64.44844271824171
131,119.6931470526537
203,232.91116389453646
314,297.3444250762394
366,365.284955718243
316,303.8975657134408
221,250.2204866009721
222,222.28018331145978
217,210.02379015452655
209,222.17508751769597
236,223.88054412862724
222,232.90717370632902
249,240.50699586263596
300,323.56090471593075
307,349.420106910869
292,291.51809802086393
200,265.7985271701946
203,218.30896430281496
293,214.42762762358902
168,181.1407706205405
104,97.30165686176832
62,57.37022545334289
31,36.24492133515412
38,29.99542745660743
88,64.22142370733063
137,110.00342275902025
190,214.01188214785816
329,308.351553218266
354,392.77017408926696
327,342.7809791930904
246,236.190031727349
226,225.25019442037936
235,215.04233809423397
249,224.08261962647572
280,245.51448494643304
272,253.13693994504703
346,283.5804129206903
400,381.46467868916255
455,405.3626800503982
442,398.14864993986595
339,367.46013335383896
287,316.1322766557149
294,318.04067891009345
213,217.4628948945751
124,128.4952169922998
64,68.95975890988714
39,35.929629482703426
42,37.370092307809294
97,63.522964693044315
140,131.16246451434068
191,218.35243501595374
248,331.5704052411865
294,365.2242215427741
280,344.9493912158232
283,240.95028522749925
259,262.34884632380397
288,243.71646123329623
278,274.6415733736314
273,268.09826092053714
271,261.3966552663205
272,299.4251051817678
342,365.94758590836796
364,418.58801850475857
457,359.6058390044784
350,399.1660921215977
259,342.96232943807814
308,273.57060344841284
248,236.28968148428626
172,176.25041828910807
144,109.5271904909411
94,87.50418069234199
64,60.939806312267265
81,71.17207170675205
104,117.07843114549854
145,141.6247274451639
140,175.20472589587382
140,156.22532839169088
166,156.1229928416533
182,176.77886787977
210,216.31170778276467
218,239.92399002456085
277,240.9250347416063
321,287.25485649330227
347,310.66356152383923
344,367.6341668225574
316,403.0833800615623
259,359.8977649094146
282,248.21756411506487
271,281.8108493813078
301,294.9556460156354
323,324.33836992586936
304,298.71304700812607
206,219.11621038665723
152,139.22604892425215
74,97.03985432898165
43,68.02269050602291
40,89.94434308642144
60,102.43502881337287
79,167.94873830268315
111,174.56141509935824
124,158.80097431186235
143,165.46853374728016
159,172.8843812443577
186,192.0033219604307
207,211.63085821913492
192,248.06647066500508
208,241.19507310838281
214,252.1100210597106
235,288.951329563716
244,339.9699775830851
296,358.333416321829
297,372.62735607970984
288,337.66934270974457
254,347.6329822838784
424,376.00363491936736
261,532.6515103168213
217,275.5188727909765
188,163.07824369947681
113,151.2089185220228
100,128.8282999422678
94,107.58317426562697
71,99.51404392907014
95,105.77365973965688
110,132.05298973664085
133,153.5834161946762
152,185.16771016467018
212,202.5146461097243
271,259.10336732102127
289,315.37197059812166
237,317.9289857696199
271,269.63684296571546
274,329.071683836366
309,310.62754187656344
373,375.37151962672453
403,458.1937384648044
411,455.1821536137773
355,466.21589320971253
343,409.512181639839
463,430.9974592635341
384,500.3470314348573
364,306.4005217302264
266,303.9579704703005
215,182.7847127946986
187,172.34496268453756
141,146.75579328768694
92,120.70678386958878
100,114.35118105014244
107,124.77739758021836
131,141.22533079624253
171,178.77581660352746
264,232.28951485959584
344,309.00764342061484
318,352.1168412378538
344,312.3738495156416
354,344.1691922485131
324,345.9673373116275
340,349.7326992099874
311,371.8712936975792
316,339.12425138336164
271,315.43749136682027
265,278.81127961111287
223,284.87130839134875
224,253.39302819346884
158,172.88183279244043
349,274.1001956988932
366,266.01457206542767
380,249.72866836629353
413,282.3270214533019
431,275.29578882999255
308,246.15371255168435
224,261.5180122521353
208,247.64563738590076
254,263.17547218182546
283,286.77589738340464
281,291.9337610784785
279,282.581231091663
235,270.651628216739
276,263.88226608470455
285,291.21668427963994
291,282.96439024211946
262,296.347555235065
260,295.8316609436859
305,302.4473045152029
310,332.1741739802558
348,331.9299228251581
367,361.64577153516444
341,368.6251010686381
329,321.77412540557907
319,308.61638797867636
513,302.7107004734992
240,396.90168378781533
302,286.0748209134118
302,298.7593064933294
182,214.2711682268641
203,182.2252252313854
162,180.54254464281235
173,201.23501768232614
216,231.59353159946434
242,255.22026231163122
240,256.2299102794813
237,231.5160813242876
249,240.39858142365367
254,257.76839889594896
246,247.9226947182364
260,253.33125652214744
281,269.91105461393335
270,273.76968921488935
238,262.91417895826777
202,241.850307980036
227,226.13860828954967
210,226.77197730781984
154,184.94142963167457
124,131.34813329437955
82,102.92875103669154
84,77.5216661708529
124,95.86487119434524
153,162.5617585449177
164,181.12815992163357
220,241.81660129575937
338,295.5880786096871
342,329.6938599508881
261,262.90749249808016
188,214.82617401260765
182,178.74316112142122
172,199.78213313461285
221,199.14515821535036
232,236.66645956656325
215,227.46678364754564
201,221.53770848906672
217,208.88488263907644
192,232.34835050244484
246,188.7834373390003
161,203.02251399330834
172,162.57934946253388
150,162.60101821999217
128,123.31268065852558
84,96.59081584553792
68,70.25911520799133
66,55.736105558488106
72,71.61670172263527
126,116.56447483559738
173,142.89430800173037
221,234.55919930520415
245,354.8570379865321
274,322.34986275870835
219,247.4591806574804
198,202.12881813692155
212,182.48121885328615
173,188.74557384443813
198,202.04765327111767
201,223.37454407712323
224,210.74204694348043
210,210.60145328999343
225,222.81601587055135
221,216.0223278662173
164,198.4751229526855
202,177.51052197302585
168,187.09799290657241
167,163.43705385706176
149,137.19613216873955
108,107.92484307722161
73,85.7966389416885
44,61.63910635378619
82,78.67693753265166
122,123.67139390946689
153,157.25034100114897
224,230.162948310176
369,312.1258087631793
337,334.47555336981094
258,267.3388411464512
207,215.17965586485093
166,198.6063894075167
176,173.2635618411554
243,199.36545388721876
218,240.48892161942288
206,213.28288453472373
241,206.2685414023562
203,244.89002111721862
225,220.56103463441917
224,202.6536636194255
206,204.5647317262934
182,191.94361923114965
181,179.75836158243393
140,157.18024405490735
99,108.77420886828124
82,80.38297764782416
55,58.63537713977587
95,86.1244912303524
144,145.47607881455207
169,174.22762949124728
250,256.21147687133947
340,374.59754289922654
321,357.6967147225207
277,292.1645222134147
197,223.08379385321254
202,188.91739639749818
193,201.31901158416818
223,214.4874837546918
228,230.33554004774194
226,232.75598514826143
252,242.4268778909529
228,251.42814282753983
235,247.21628289642405
219,232.36352826514613
217,211.6413883465838
222,202.5080871108637
168,206.15032699505167
137,160.58140968733727
102,121.92707415009102
78,90.45235223735843
63,72.74448415591883
94,95.74089469675225
162,147.8165949809473
160,176.91206913493696
256,251.52892447531525
359,381.50680501747956
343,356.0496726750422
247,279.51443640427533
239,232.692364227627
222,230.0294062898645
219,216.97899486400146
237,241.5003820491929
279,251.05156383997638
237,268.09578373914445
253,258.0942215037033
287,276.3405603936629
283,306.0058496767284
283,296.1316033872206
280,282.2847069558514
254,283.8968024388661
277,265.4920284749345
283,259.8928927912012
272,242.53402205238592
200,239.73357981792307
176,170.21063371782424
224,190.24553045960016
206,254.9542176030209
162,208.1113635767615
179,203.99180885103016
224,224.22937867887018
259,265.99973192797023
284,276.29015626042553
249,282.180722748633
271,268.53464954164883
238,266.71185338806004
262,258.46914996597263
262,279.72149594088114
257,268.9712409781323
245,272.0769079387339
254,273.29796800040293
312,291.05365494440076
308,321.8765355283643
325,318.2026633350854
280,330.97066518236386
295,309.15875217889413
286,303.67285320507534
271,281.6319139054723
263,245.82038010987205
229,254.33351152637164
270,276.16993948609985
278,274.29959668253485
202,188.72528643393713
173,193.34295268845912
166,172.17754420461685
185,189.35454051469557
216,235.52617201677208
236,249.14672741102066
227,247.80581263954625
242,227.29621719188438
246,247.55276674944352
392,250.77071690713825
286,337.1649864235485
283,273.30530383567907
259,273.92350037209764
211,260.9229115731027
245,220.17824200137693
191,242.40906255708921
204,212.0717653149535
174,206.09097409379586
142,157.97563805744105
116,120.58365316074752
109,84.88474340767695
78,87.1921713530386
87,100.35748154878706
146,154.381208232253
179,175.9516613851884
233,245.1335468394635
361,322.7980652556956
346,356.13363359054546
259,258.65657980333106
250,211.9722444851168
210,209.8388004073696
239,202.6104052791855
259,230.434701372007
253,255.64974990738258
226,231.63832859502546
224,215.9907915663365
235,216.26851314379644
266,223.11075810588463
222,229.53374494005112
188,184.57519532668357
168,171.85132048620423
177,158.2842687494621
144,129.11801201557222
89,106.28018314310536
73,83.85958385861134
79,67.00930223808325
95,83.4793020732633
122,116.95326871957373
131,146.57860768110908
198,182.77302726331678
234,274.8940766763104
279,268.13641214326344
267,255.18615436369788
251,236.96369194783355
224,231.16659215091997
227,223.47693843913925
246,232.42807065284586
194,252.2740129102837
204,209.46040356749143
195,215.1560870226252
250,212.41409916625477
204,244.35496775820891
204,201.5006099750261
175,196.16248613661102
169,170.02071774047357
151,172.854774801977
131,135.6570623971423
105,100.08808034358933
72,79.76844874642951
55,59.05444416485853
85,81.42333807070852
117,126.4598905086773
159,148.1316936735087
240,221.34255555248865
378,320.68707566206916
338,333.8091690414944
309,276.3126392210879
208,240.69424142398233
198,201.4661653184891
178,195.5709060256787
231,211.21574436697725
251,233.15969703094368
213,223.9403639887591
217,212.6911530383121
224,231.8681984892277
210,223.49285228057735
180,202.014986533318
169,184.11347614467894
161,178.29909105034773
167,166.07169243649594
122,142.12853471873962
94,101.42493681445829
82,77.61632316769554
67,61.182609671308754
94,91.83063560037796
132,141.33091322688048
149,172.61009231671724
269,253.31711697277495
345,383.22495506959984
350,359.9069879188702
279,307.9821525429077
277,220.3627934492593
233,233.4433531256435
216,216.1053820851481
237,235.9645338130581
264,255.11910190528823
240,257.1780337171679
219,246.80348435420873
246,241.47946781811802
264,248.52576413812878
248,231.9888164505127
213,215.6428551711975
201,198.71294216834968
179,188.51385136080148
142,146.64111808716095
123,118.29724545824439
102,90.77576430894014
88,78.52729230862177
104,103.8122440969412
158,149.31567116452143
183,165.35273304253118
267,257.7468888810307
404,381.1713813559942
332,364.01222911926396
265,272.33209039942125
247,246.81856551130807
207,235.57955429867562
191,213.93296915137176
239,227.87825825089527
262,265.71176416659296
260,258.5264210382161
243,262.4875813836919
315,276.52849607737187
291,326.94155155777725
296,298.65011576027763
260,298.3435700327851
268,272.330488007489
306,290.96381049808997
257,295.51150802426264
248,231.03484911796522
193,223.58960726157255
161,160.47876460459455
197,211.71224896524865
251,229.19942407644018
181,205.39228929278698
185,196.90148624065898
219,224.2059006457976
242,264.47851146083866
292,274.18472412152295
263,278.56721802311165
270,270.4095013042178
258,256.0308372354979
282,266.44542909495584
265,285.93919468202677
299,270.717331382818
308,286.7194218424544
289,309.69155477179106
366,305.2839528044383
354,341.6024247570802
409,337.8446419333438
322,367.42059757375813
308,333.7322120941756
323,300.9379283618175
318,295.65404434410124
324,262.026862943455
285,252.73281772544615
270,279.55639178172163
326,285.43357868115754
184,206.32021666626704
165,181.1960533763649
141,168.7932905753876
170,179.30931110589466
255,227.22776549909088
257,271.8213519533938
255,256.6321106992709
242,250.95112071422807
262,246.66589343808334
243,263.29643123898245
225,248.77384058125466
283,241.7607843641619
282,275.49755306322555
250,267.18333259266205
267,241.29881687821847
188,240.53099737271762
231,201.63051556906075
209,218.92208485542332
173,155.78739970628118
132,129.00342331633263
84,96.368112163541
90,74.3856314690474
108,96.17906356155339
151,152.97269429972462
177,182.74524066809545
253,235.28393485134262
394,357.1683994295934
357,366.48602480826787
270,273.96419952589184
241,224.09264412502236
191,206.63044169195152
204,196.5921100740399
220,218.85896364461627
253,237.7319552629243
223,234.15993919893555
238,216.9249355579379
257,230.42249660149398
210,245.8408769971342
194,202.50199217224534
175,174.588469719211
180,166.65747052029025
151,167.65116424043012
137,126.17807727976323
90,94.87932699656032
82,70.74237584412249
53,65.67766765863077
82,77.57064229252948
112,125.00418363033619
150,151.77573106610384
249,231.1565472311021
385,329.9181156456848
346,344.55122351573243
286,269.2922272718427
226,235.1933858349111
172,200.40060529384306
184,188.38393025210408
205,210.89553193222574
234,217.77761935796772
190,221.86491260591708
210,201.92583035206678
249,237.20346920987177
281,230.9937544695412
235,237.88347021455763
181,198.11398191644463
154,177.17344014085958
144,158.63341871546754
198,133.3524460883294
169,119.28241991013846
127,100.64435413968134
93,75.77795462332318
106,87.72650715366413
141,126.81813638781678
179,152.3218952256132
272,242.15725924481254
449,388.76869703220916
460,393.445629913529
340,345.8215009237102
255,247.47313486263187
200,214.38191315513188
199,189.68117575294386
225,218.27843337231477
229,238.5759792496086
193,210.97261020739236
217,212.56200530929524
249,233.58936187312818
229,240.58791500499663
206,212.50812385876878
186,191.91156829925197
192,172.3514604208022
161,171.21340969521415
135,144.1631660938083
106,105.31390656056344
87,86.79992392218217
59,66.67736800040875
79,89.62333057454823
151,139.62870217299164
171,175.06982633103217
230,269.6328365282142
364,363.07571728917077
365,392.73342589999857
268,312.88673304190183
248,245.4855401787811
193,224.65114812556737
196,204.65388250612742
241,224.71630300940697
237,251.87231547972937
236,237.79805932389695
245,239.6506163322427
252,255.292497078425
276,252.5959056394476
249,244.7579800084114
229,215.85979630014276
223,212.72954426147513
180,195.62762852356437
175,147.92475422529208
137,129.55081365604514
85,100.85301324722708
70,74.74817581308649
99,95.85390652752439
158,157.57691486342426
208,174.78291139522196
259,262.2792399612921
401,382.57821272854835
379,368.4286098369551
300,291.29139897285324
244,250.5763088995545
222,223.882116366524
224,216.90551032522697
247,242.80607974908534
264,265.8346377220785
273,263.2581967499247
294,272.5659775595179
310,304.1454903897041
330,310.11810547610094
318,312.9056563743315
287,287.3255675782729
271,271.6759367308412
307,285.34006097747914
249,288.0677984662809
238,234.6180960876009
206,197.3252583410972
167,166.9394737380487
212,215.78190502083893
270,227.0901311778771
220,217.4718160026067
232,216.38912794699843
201,248.4272965475772
295,255.7857424374193
294,301.06052486996185
295,275.67789607280514
281,286.74221161741343
302,272.0033554280377
287,294.3420331657299
268,289.7281885890667
285,277.5606250646761
326,288.3983428324037
314,323.8322622446816
330,330.85319335275915
351,326.3559107197565
338,337.77540204180684
345,327.2250626989704
333,339.38176769660544
312,305.0649048781827
315,287.166332294154
289,280.3817213456925
235,252.7384825386266
285,267.75502269512174
299,281.8045019655379
203,208.16582503690765
182,197.75613522578965
175,168.38096173344718
212,189.23006186403543
252,244.01483814365477
273,270.57213435293824
250,265.87760625970355
215,252.0566376441006
258,237.03994060417014
242,264.6001098298278
241,242.06069676570723
276,256.1347418024485
298,273.70552818101936
257,281.57046771392197
275,246.81204516011528
256,239.14472804159726
236,243.3834991704131
227,219.33580814617235
174,177.42925633528668
149,125.26970291557492
102,95.1840030199481
100,82.20709480422897
99,100.38029094800386
158,148.13058084310381
176,179.0899800273562
250,250.3454675798837
369,360.0791089614332
364,368.1305942517554
279,276.0646825397832
261,237.61916717083633
230,225.4061500260027
166,210.89974475060333
218,203.3022693442697
234,234.9409944976868
226,224.2315040090789
248,222.75256671715564
258,244.91493066683043
231,244.70220674142612
192,213.20013731175433
197,173.18501109571048
161,179.77758809470575
149,156.182849687355
116,130.3084657697137
73,87.36406973231746
73,66.30338857690761
60,63.63159873470923
79,78.22663257697039
137,119.75971979627631
148,154.9436783891129
242,229.25645423449555
381,356.99892206702356
350,363.6566419052214
276,273.6654606618433
247,230.0318259924746
199,214.26144808523367
231,188.23775036479358
238,227.86385527517135
286,236.00023369767717
258,258.27618361536315
287,241.96789652578912
289,286.09412508435133
291,271.69343685210634
331,237.01473896031828
282,256.04317885170946
239,226.23555040002557
239,195.56526127988494
152,178.43756808209628
109,114.25420507368818
107,82.58878704287065
52,76.90291593176275
74,83.7015342061311
135,129.90831188157762
156,159.79184618612538
253,245.16448171036348
351,383.11224357154344
345,360.95478666054385
283,292.13516236288916
277,239.6980814499767
236,229.25057419485532
227,220.2282381243226
300,237.20272069052962
294,288.53978477777247
258,264.66134060173374
279,254.22165388767948
312,279.7657418755422
304,285.305261928068
419,261.7292158093676
345,367.7253069594394
255,278.7510451858876
238,220.35580522406846
237,173.78633948508116
199,173.02957414162964
174,138.39526937551966
175,107.1607470615146
181,134.50462009178878
220,174.30455857325336
171,193.84965812414606
193,210.2868881041294
168,253.887568075542
147,222.73559379491635
172,182.7819723022323
166,203.31876192483568
221,187.9661979121073
257,229.501061625668
292,272.47959113996
271,296.1173695530885
305,265.75492434706456
385,302.49938595679606
434,364.29502063417493
518,404.1380902599547
461,462.23465608865837
458,412.7334901252731
457,386.5060216040496
460,382.286331657246
474,309.18202950080837
378,239.8480142828797
262,176.18013626625282
183,164.27528517967633
185,140.72813946043544
187,179.47105087633835
169,182.97548816570682
192,239.29596531049128
209,253.9837533197159
211,255.28655120850127
220,226.15644957489116
199,218.71999459086751
212,210.5831215802099
232,221.52459789833642
208,252.85354404236168
233,250.06664593544485
233,254.26910980379213
271,258.13826032249085
273,310.77370411838194
274,310.4570636174524
278,297.6275128616523
246,279.33749015207457
254,274.42224051082036
287,301.2121481820254
249,293.4284813266213
192,246.9096521406909
202,194.36687885475752
155,177.63280073776028
166,196.88202769365233
194,210.7834976087859
154,179.5029628465894
184,186.52831258017122
186,212.9213004914861
214,228.623230336229
248,254.24880874338598
251,261.11090123689473
247,264.7670828737255
239,255.62108239506333
229,255.39247746551854
258,248.23239338602528
272,261.67476560472846
298,287.4155395366947
306,295.53390812274307
303,318.0521386621638
313,315.1023399987736
314,318.99943500787157
285,315.4099586599401
288,305.2655004654031
294,287.07008179339147
310,274.4111340976377
255,282.7348255941024
244,233.92611430662797
265,264.3751531670857
283,269.6578018626185
179,202.50331647300436
172,175.43231828068173
132,169.72669354425398
168,179.01604252024453
237,227.0512318462419
265,262.3117210689826
289,259.14463881260474
236,266.2112212904606
276,244.53825551029573
295,259.4950122999938
258,275.6837598960348
248,264.6126663478922
247,264.3454422384204
259,244.55352013559718
259,256.2681501892456
243,235.99149896051657
233,233.46242674231758
203,217.3874003219871
177,164.45918149951854
283,256.9429687734112
291,221.53673670245917
327,192.67528689298211
330,196.35736978173665
275,155.14827983581694
126,136.97738049523238
147,146.721367292423
166,157.99441268820786
173,208.0174459550784
209,202.48984948108756
216,227.03318318944213
202,224.79463941497485
237,239.67707055769318
248,258.7376471814458
288,279.93539154005686
293,300.51484365254373
275,322.8118879276769
295,320.0268688464659
378,333.47033515496014
338,352.7171558463792
312,323.07113947949523
323,303.245657093077
301,320.4060850402958
325,304.9160910162032
285,279.09335441404585
452,235.80635160025736
158,298.41439391650243
145,129.27640780674088
123,119.09888997218158
122,103.03832069422721
131,135.58797908966176
139,137.9938116281932
152,152.1442016947614
174,181.15268641730313
203,197.79745799038153
203,199.46389696209937
210,207.48352019213394
214,221.98322762638435
238,234.37900737790628
230,245.1677408578145
287,242.2878491321273
251,277.6864503475892
270,263.6890440470198
233,250.3301547913094
242,237.8279276499716
237,236.41418263781875
225,231.0050395533387
217,210.10045243398258
202,163.00608210963463
108,123.50899138159507
59,81.10526242473169
67,57.49159341742147
69,66.0847462216973
106,109.41559169715728
171,169.71746083992699
231,228.20804509973894
248,265.7314082752168
231,217.7654977762963
205,202.7699314242526
215,207.25002086024526
213,211.71182904928284
219,227.74094814390745
282,236.1350265911079
249,272.41926947538843
277,268.6640490685112
312,284.6235873496638
312,293.113389633923
253,250.73792898220842
182,224.2668588910412
181,178.19271629564267
207,191.33729770504976
176,182.40802127959824
155,146.52643783180642
92,101.33041653605392
47,64.77909079690625
42,42.484991444450166
71,60.46318835679458
96,90.59534414418293
146,177.86011828713293
169,233.45754031188565
188,250.77634928719337
188,210.52028303706183
179,198.69294222072344
181,192.25522303584788
219,207.09572006206534
245,229.3737995676663
228,267.6511316961233
242,258.6391500389663
275,287.37348939484997
276,317.4876220865102
293,319.4978109264466
239,279.59762183719806
214,215.28837665693337
195,206.69299611502964
219,212.45620128580592
212,198.5376030840617
145,156.17540956727115
89,98.44988402726777
65,55.59578591160591
40,44.655724873849735
63,57.49014760270879
98,96.62690739291521
163,157.0462703336677
214,218.86343488398424
250,246.11220523313966
229,221.70052203023147
215,202.77237465644487
219,203.24374758731324
249,227.61955941043132
253,260.3499040546406
245,263.21874241133963
264,266.35179168194804
325,303.36645965229627
325,342.7307394934079
327,324.2276758432941
374,285.39967204910585
280,299.5894512845918
234,246.1593458587988
269,241.36096955798027
225,230.7359215733104
161,163.30751993592736
106,105.02471995299932
52,73.50085451644422
47,46.73839360918121
81,60.23204474231031
95,113.90195408206642
184,177.16408134831318
200,248.04802264312326
251,265.05961155749037
250,238.7802853834383
230,232.832689668804
217,227.41793104919287
202,239.31147553324593
236,240.41072905316545
280,257.77403866318974
302,285.5736100846731
335,329.9178416449413
392,360.87230889278374
329,381.8356525931458
304,307.1962935942311
290,282.7516022212261
221,270.8061921166031
268,248.61922630965194
255,265.49042124734797
262,186.69023366657441
132,163.3632835934425
75,81.0712577330148
52,65.44113437568616
73,84.26952618199924
118,108.00504726634686
194,184.9889940564446
243,250.38750826021308
262,287.2837378705917
238,260.3431480568115
248,234.42498050893576
224,248.92329136105002
251,238.65221512451936
264,267.30928793235296
278,295.7972858091224
349,314.2338210393107
377,362.96958174123563
390,402.02310274151864
388,401.49275819740217
345,373.34987485770915
305,321.5503840951927
274,300.8211488783702
297,307.658145667984
342,316.93653941486815
279,283.16977838438646
208,226.8087045520752
174,150.42060450541896
105,142.8346951910437
121,110.0683743955869
130,112.26352682396401
134,149.0820176948328
156,160.1390627424016
214,190.54994672680525
302,219.3280388829899
249,272.0665548209313
229,244.52273016930786
244,251.98818044330918
258,261.286659639086
288,283.1605620771424
322,300.68302431883336
331,332.0914555293446
361,342.63169403132395
340,367.26624694438874
343,333.43552364631137
313,317.7152167281795
305,297.58548682931064
313,311.3775186707706
330,320.63396715734643
284,283.7474119217029
231,228.82735035821952
182,176.02634502426127
127,129.52435165930171
148,110.7784889026222
116,119.63691088710398
128,131.71228885750315
150,140.5178954122657
153,161.52978437135064
189,197.19422967158533
224,210.8046929738097
198,218.5118386927174
237,208.15903664148485
267,232.17010031448717
324,257.38985399440327
316,304.08301939625204
262,306.78794205201643
265,260.5862290533448
263,271.12213366494507
233,248.38342417694446
230,233.01744837434822
236,229.09598312330004
206,232.3989207585069
220,206.00605148506182
175,160.85623534713798
114,112.38134107527627
106,73.71734293170921
58,73.98688159165704
74,67.27990228632537
119,107.33525673267206
159,170.41775176215054
249,228.628932046826
266,280.34763880557375
264,226.64373052929474
231,220.85306572684183
230,215.05489290912598
231,220.69765825292154
312,237.91556495613423
323,305.9986618408034
305,312.0958982773897
307,298.05864680129304
333,312.63650817665075
368,315.49302619230434
272,290.14065001244484
236,236.91027236608798
239,207.3997082312448
227,216.8503930611564
213,190.23758512348064
158,186.25400163382213
112,110.6192483380087
48,78.51859016147195
51,42.354587154884356
75,62.517951714595476
87,94.4699106021514
130,126.1545211390419
142,189.79411052649536
200,201.60268963936377
178,218.33455427966337
205,189.04527721415585
197,214.29245958564
199,223.29589834802317
246,236.9809087575635
238,263.36540424915864
258,261.39861367229247
255,287.28983220414744
280,278.6659537049205
289,297.2723255050989
250,279.8800176773719
194,234.84147956991384
198,200.58311038371343
232,212.17942366812497
214,220.6098247788926
146,153.98159671891227
71,103.36549553591531
62,52.94428498647293
34,44.80351503081531
54,60.37749416503981
103,95.45847744656146
145,156.0726224619972
259,199.53147366160817
257,266.71829717671795
266,222.60240438279484
227,216.17736300803912
229,210.5320101384744
254,228.31449079219973
233,264.8144826686366
285,257.3705401105686
270,286.48170560534794
308,299.09406741775825
313,327.94439003531534
337,321.62166380551525
257,305.70463902223446
228,246.8497261497252
230,225.11215372632347
230,242.16267089379494
197,220.85317974069648
139,151.31092601516656
89,93.91952565862672
61,64.41888556461863
50,46.42453493161682
79,63.81314019731216
86,113.94264828810154
185,173.01669815648032
250,251.46466698361706
271,294.38985611972123
271,258.8684062152367
237,238.64946051686906
255,232.07498275484082
295,254.5332995962904
247,286.12714366085584
269,281.2601989560358
316,290.50809787898726
379,339.4862620079421
399,384.85884252040853
352,378.7582137777422
288,301.7871220807651
285,272.90472118721004
249,266.81337968388937
278,259.64321362804793
249,256.34700075442197
189,195.28034177755612
140,133.883723856071
63,88.77843962233742
72,63.370253339509226
82,84.7283233566607
109,108.44988780390618
172,186.4964248539712
244,250.7455671854748
262,288.02141875661545
292,259.83130300319954
222,252.27435918559038
226,239.13443354593187
267,254.80141648645747
264,277.40766020315664
324,296.4225037188543
320,341.4850547954064
388,363.75254091571253
366,409.93958699907944
376,390.82085307858785
307,354.6533037347052
316,302.51754286172223
289,305.4647590652021
348,309.97156098103045
278,328.4942278477618
223,254.77216942525385
175,191.82853187577786
131,126.99761047901463
102,119.6203871825065
107,131.99168760758124
100,115.01069819883533
145,136.82161501697053
149,166.17773007439902
187,192.6512920386838
220,236.38596310230795
241,230.73474973398953
200,244.36782998983313
231,235.23828219196125
266,257.6536710295867
287,287.5097175172298
313,303.11426931763657
343,336.2681321877306
333,358.9312560637217
326,346.73552425246424
312,319.6596695773747
373,301.78377387731405
267,338.7574380086058
349,307.7903268243942
272,321.04525656512465
277,251.15854145213004
269,215.13094655744106
196,184.6826491480386
142,138.2260235781837
123,124.94896731700433
107,108.61139469543994
144,131.29854591652082
122,146.42109977794635
179,150.17101175501864
167,198.65272346214434
218,206.0585149729589
176,211.93009930070897
170,198.70006356056507
214,202.23550394675863
234,238.50614672838466
237,245.8836173189821
273,255.22785155252976
275,270.42782561373895
288,269.7500334883829
263,255.905283862635
256,246.62786586856313
221,241.25413310366244
247,221.6503708501197
203,221.50986006158308
159,157.60115105789365
115,108.77971399703672
62,81.43720480954059
47,60.05026103461433
64,70.33318851303333
110,106.81257848437137
176,178.50372200926805
264,248.27605157408064
283,289.745943846159
254,235.5797532141911
225,220.55527973115636
219,210.36196064516517
243,213.36493727857575
253,243.92040877571802
284,264.4374101344831
254,285.6429887699728
321,279.38618543853613
374,332.95906274270044
291,354.4308952032512
266,261.9981103957805
218,231.05581274554294
231,207.14507503825965
211,217.7759250144469
216,187.23531333579908
129,157.56045158555813
90,89.6996423546525
56,57.983914206244044
42,43.9314835070222
66,65.6720657164042
91,93.01870813555313
284,158.4377827840366
261,283.7229318545177
244,269.8208385793128
255,221.03372966032785
210,217.28031374080985
202,197.85140814472643
213,216.86352065188004
259,239.9126632331756
253,266.3727705577674
239,263.80727698146404
312,272.28123178882765
318,331.71597023914643
339,312.44517988429806
277,292.1853630405603
233,239.28470216880692
199,222.10500163647174
224,216.50103056130447
201,209.2340548818699
141,140.25584467043163
87,87.96939326039285
72,58.50751790163219
51,44.133065726827205
68,62.77595667936415
106,96.57537832261025
181,193.33385510100808
268,257.08352699393447
339,279.91072270801766
272,277.0527965475849
235,222.97468149479144
185,219.08038757384313
209,216.32918452071416
206,236.19841206028255
272,242.59252116786257
277,274.42028915533126
336,309.1795695971057
348,353.75827257234647
386,349.4914351889858
332,332.3999536412532
288,276.9924477324995
216,254.1582409009608
234,234.80033018504054
292,212.7694452911586
157,180.02062239059495
114,102.41124272569472
79,70.53944483479796
54,52.00318419198896
68,74.49419778434806
102,103.46670239319641
179,189.32236167212153
253,248.33990482263522
287,304.99386517564574
241,266.14317085022134
230,231.9384008043652
214,224.60489766334916
247,225.48241392449754
262,250.54869271466703
284,286.2440568240854
323,297.9566563558769
340,355.00380680644196
381,371.3473919226338
369,371.62031325537566
342,319.8363951835507
268,302.6959029751045
269,248.16258654074306
291,274.4243057251001
286,270.9627908606399
313,216.2619380307308
138,173.5857938002872
61,89.30387541021676
66,62.41893219848021
69,82.44824931542645
122,107.84412794476009
188,182.6243551422822
276,254.10654602277998
270,294.069538275805
278,251.3954892318508
247,244.10668293141447
263,241.2545866787498
255,269.41839877409456
287,273.34615262015683
325,305.26622568460533
377,332.4932390204839
424,385.2347372881061
424,428.355295443301
386,423.4004017504432
392,358.3796444540964
323,332.2921143783565
309,306.27242060939375
347,321.2296970341661
351,322.2799607005364
284,287.86872548802313
248,207.01746917696585
201,162.996363895937
101,139.15485022142644
99,104.72394062655218
131,112.15381534064026
136,148.32656672768255
176,161.82813480471233
202,206.9089303983476
239,242.70895403647887
219,256.57602827144774
221,226.6477447552255
267,245.40998505539397
283,274.0414401188837
308,297.38789029284146
286,320.1192780884563
308,314.6625491149845
342,339.7423828600964
365,345.9290445997175
337,346.3869650284863
378,321.401524091756
288,343.3049214648451
307,321.1406464573041
333,311.8562111274646
332,293.00692515735983
265,258.212370865989
154,189.11241485615005
115,121.84532311304898
129,115.48104181399026
103,115.31833983268633
160,129.67410953786876
136,155.95524374513008
148,163.74783182671925
191,186.82078017336002
205,217.1841246838978
202,206.71344557671887
227,208.15385076796244
217,232.53645544059492
214,241.8366936359597
225,240.89588422927176
271,248.1365895954821
278,273.24983633725947
279,275.4834102334121
242,254.8630699604634
250,239.84122273559464
249,238.53691253029078
234,238.17688546213782
236,215.30866946500709
167,170.1673982668017
114,111.23437716132874
69,74.69139241178064
67,57.757642497112
60,73.67373814332086
109,107.12196470664924
146,178.4926973469639
240,234.20117441960787
283,278.98261960043203
234,239.83277848798343
245,213.01836453822895
216,220.42489141260668
222,222.67417475992602
229,242.03009164343965
260,259.3324876518041
286,261.433383459393
309,298.8734726147487
330,338.8131272971609
339,320.3644084439226
289,276.7914522219974
207,246.0539927420756
235,204.21215587786136
238,221.42422379858266
244,204.2893045669802
159,162.07764029346734
94,100.97332652536471
62,57.04017245681785
49,49.54110051129675
48,68.27056433905938
100,86.37616660017343
149,177.7968646858829
252,222.17542516975513
272,268.31295887374074
258,237.90157122629114
213,219.79755860032256
214,201.60318946067156
243,215.8493775061396
246,252.9365169477523
285,257.7914653354405
336,281.59124055402356
384,344.7303570169105
470,377.55097307965116
442,431.94703262317216
423,356.70541408678747
334,324.0988683560191
279,269.85248744813214
311,259.9950996435191
257,239.6782699824272
162,168.0365321264327
107,98.07015235294502
70,69.31093645554427
49,46.93404503812183
68,61.312722541467934
98,101.72734308705634
148,162.97718456672527
247,244.3153864485625
272,291.7511575990775
270,257.9055480236239
269,225.93762613089413
230,235.1673987266282
250,234.49917974773774
302,247.60041354451823
331,304.7945672442387
361,327.58915723491583
355,376.49932476532194
427,388.92284413038965
352,421.96916380743284
409,334.33533402519583
387,352.40821319147983
282,322.65258638662044
267,278.15824754544764
272,243.63259477281767
211,208.67127790167942
181,156.58715843041114
130,114.7730730413893
74,84.1076034216852
81,83.4300107040743
89,94.7984696993047
138,121.98914053998537
114,190.83783001343576
123,142.10261616318434
130,156.15497094430526
145,165.07319474548206
179,171.13206528523492
204,209.59259225293158
232,244.27884111609916
277,263.0760155858799
348,310.2295932553373
378,378.22328412835117
432,394.22263292287323
422,417.7855172579484
370,400.37854608276433
336,333.12851112535037
333,300.0909237712287
298,314.9938368100991
342,278.59095790761046
243,249.71615555711543
177,165.84978351477898
99,102.61429556935664
83,72.18912865863014
85,80.66965099836982
108,108.6572078471854
126,169.17916128388828
137,187.59561753054288
198,182.78741681364545
203,216.1573672401082
219,209.84416787904004
205,221.33163071406045
261,233.55975822217252
255,271.31811733710214
256,290.38345538165265
304,304.0057485637072
333,350.76123067475885
345,379.677418089621
318,375.03032323114405
313,325.3555641860444
291,307.13832213026234
307,298.6755218825425
299,335.7966625815221
315,319.8638855230843
257,262.5345392118085
183,212.55551580417833
107,139.38981111347314
99,99.02177205187766
119,100.71833588220387
85,114.67045989051633
141,121.59410014313295
132,148.55146222069726
156,180.35535103380224
190,205.89163719709026
183,229.9195103830553
196,209.2309772255307
203,232.74966666074909
239,241.47962871642488
247,272.89967860828114
259,280.9903022341517
303,301.6658752159152
301,329.3272015460625
335,321.0639616217404
298,325.00527466348234
286,309.8292543485536
281,293.0862653774904
300,306.9133962012454
334,301.63223034880093
308,277.51183564402515
192,238.65396614422662
153,149.62206109397462
160,114.97715871622326
132,128.18702354766916
109,101.94650567505099
131,139.1446968423312
135,135.37333133450704
141,154.66167710474167
153,181.32838739452131
205,193.75982045447765
227,204.56627344099059
198,220.70552126172444
225,217.52882576945652
276,233.49248947809517
256,263.4570483613044
260,265.97244155434834
291,269.849592136927
249,280.65354525163923
253,241.2813939498636
215,242.37144428038815
220,224.6219250904916
257,220.37241971162885
214,227.9502951168306
612,523.9301183900546
384,250.04902713144836
120,185.87292268990473
41,98.70455830972762
42,80.82593977555909
102,163.00665241607547
304,388.2870973106407
466,422.0011946317125
311,411.82558026411107
308,352.19574213173155
481,350.08181225701435
320,436.2131299628548
292,345.66837192126536
300,352.99743360370974
508,485.63001465474815
591,590.1584445465475
493,589.2690482643745
565,510.04732699048907
543,517.1197457131676
414,555.0835751403065
593,538.1797364483259
569,587.3523676825413
611,666.6395507809489
479,648.3408460618069
478,432.8425196933658
308,278.53478985787297
35,140.85542206395334
47,49.96281143077612
76,55.68376787778348
250,124.84841509619906
297,362.3678157025457
302,387.43424768942157
321,340.3371057863858
400,346.57531583489015
364,454.7826834186699
344,427.0460259093886
304,359.7058041266991
485,355.6891082814197
524,666.7423422363701
679,754.58079706107
825,811.7298745482909
554,802.220199253779
700,686.0110188767845
799,784.3422850307034
874,882.9427495676792
912,905.3392285345835
1205,993.7679773641145
891,1220.2094021334628
547,825.1100707295179
147,312.3608468628131
115,86.4800546579743
63,60.67461047095386
79,80.17907993734644
294,229.1685551769474
480,483.5456445738042
402,432.73650562932187
355,388.3234294257489
355,379.97627587686446
429,396.67143736370554
352,403.02681115432756
289,342.22596215266674
451,353.1007126784228
479,589.0152402552322
711,636.893762348795
695,733.4084082413551
525,602.3547488570695
595,604.1781307975917
709,695.0580940310244
663,754.7744611123974
775,740.0227585315698
714,915.4404591967376
550,671.8134968014762
406,544.932050088165
165,196.35505063489066
57,89.1348430016238
47,55.80396582920016
105,79.70465582007671
181,242.53699406501656
334,370.463215879853
295,353.9164252951472
260,268.5173684437547
240,294.82462792733475
277,283.72867979106496
276,314.1664466723532
239,280.68606724555
357,287.1646994775045
539,457.7745517233772
497,597.3089263511406
526,521.4784064199613
423,534.7951885657147
523,519.1528340088689
620,572.1885342111874
574,604.7091239407514
641,607.0841258306754
586,703.9350404942115
452,539.9856164862173
232,397.27069703904596
123,152.49867319382744
47,47.4045310038919
37,43.134557700691126
66,58.73792795601467
218,138.6670044859142
270,317.8284797851409
156,312.116247498293
235,227.49594723135644
229,249.5850555458811
275,257.2453823273687
214,296.19274013105223
294,255.7919702642776
321,321.6120909805974
349,472.5549742988444
530,488.0455208980366
599,556.5987048512912
435,535.2722537194348
399,519.5801956274805
522,555.3907044882834
636,668.4668811121247
797,682.8415460289007
599,742.4075048987894
566,605.9269569211845
331,413.30211796649235
146,142.1905810498356
86,69.50752460045837
36,51.17493191894676
73,51.96130400174318
195,206.9387113767329
338,330.28856217566005
340,326.0050703960337
285,266.58276005406617
198,246.86255801865926
326,279.6647727883056
262,297.86776615722783
352,306.3052479694731
436,337.6904983389544
384,443.8205282985581
629,525.396583186598
507,594.3796121818388
451,474.1784032496176
491,493.19230580823125
653,559.9608411180498
615,693.5474725413707
695,725.0410440561849
940,764.018011173423
599,796.8333047533904
536,593.7646353906025
158,299.6432156993005
40,98.55026696963421
39,122.05072238202423
69,77.71070969682911
220,223.89792698138928
550,413.8372475778396
453,464.00743584874454
396,373.032398308411
279,343.3672400858001
382,359.93718736618746
366,369.7559945665932
374,394.5207179243786
410,424.74643138738537
422,491.1693884529343
596,585.9348009826144
593,582.617843229307
386,551.0853442678181
475,497.88890639435397
730,607.8200714738305
660,728.71381918369
632,675.9369054643604
848,723.7336313867463
663,750.3520597108287
617,529.895602050999
194,329.0290125394397
41,96.79696244354562
71,45.93380070789031
45,67.99805716705644
146,142.150821171895
389,401.5023046104173
448,432.45683368251485
469,349.88325586964146
325,339.13820174123714
372,377.16137371594846
265,375.4879365649819
282,326.87216197320066
359,328.04621354254823
443,466.1482124019103
524,531.5668595833615
575,558.4701528921676
360,499.2766465146449
409,431.5089039595001
513,490.19710167687464
479,587.4079931111627
507,547.5646857000326
742,650.9960865665769
674,608.5184452447024
668,539.4718818194841
368,300.5047940195032
156,152.24995144266003
158,89.65056950727453
91,89.02478192278608
178,183.15681899711583
313,386.9358532089011
416,363.8225285116175
454,407.3115074578071
344,378.8656817143924
534,433.30152217862957
406,433.4961156665703
364,373.3887590525115
489,411.7570526036014
489,582.4897149645254
657,713.5863846786426
750,809.3172279652117
623,694.1383856531527
524,710.8653387773687
810,681.4733918963101
845,835.4144922592085
858,886.7694629681121
953,1032.9440789406071
1271,947.8351005085017
867,892.7349935707523
836,468.60217646226334
737,485.56346772436825
124,287.3232343772177
114,90.64598393317206
152,253.8098093460047
368,453.21000545750263
447,476.3060758725711
574,409.9614462388086
468,398.734766568629
440,489.2444531978885
404,412.6449807865249
325,365.94096551777477
370,394.6958624104915
421,506.29791605849067
582,568.037580849361
877,679.8706059580259
642,665.5746859216114
545,573.2526152079962
631,671.521571113803
930,739.584044435969
647,781.5453604846467
773,811.092139987974
825,733.7524754170497
689,819.1171019317485
307,445.11262553886627
94,220.2871296989276
138,77.82616009907079
122,107.75375416325006
205,159.61539894148626
360,257.00300909244515
433,368.8999169205448
337,379.701448959478
384,334.3287585172841
461,341.7566032897375
397,433.4034986838365
382,341.2148886233231
394,377.14899619639675
479,468.89460147358716
651,551.5108638423894
727,641.0482825056363
371,608.0040304680068
512,446.2509495828016
949,553.2845113861534
563,950.0660120299426
612,558.0689737162514
747,693.160372477194
600,696.7340619203407
499,444.69177360598604
166,203.7628912233372
60,64.04327570052943
34,48.546875362766215
68,62.005408302903014
156,176.14770150892247
374,320.33724066141974
300,326.58788223384346
271,248.37427533196285
219,286.59521703726216
338,282.1341333985288
277,313.0351779756989
316,303.42752631129247
325,326.70269580619015
355,420.76980911138924
593,517.8771664438277
660,612.3206750374749
396,506.31651343769425
586,483.9908525461256
693,641.9388790655428
534,698.0415839408074
633,655.3074906990616
694,704.6061028985365
523,624.7167035888922
275,443.47120623410336
127,157.71754328635492
43,68.61051512023887
31,38.80851070994379
34,57.37983556646727
252,170.8568649366258
361,409.20532519663305
330,360.6296595022119
312,279.6310577603737
198,230.26110192772043
353,294.90638661158084
290,316.18097010768656
347,335.47801982144045
400,354.2418955120229
379,409.0111174289261
618,530.4320564417469
557,552.1423343587064
375,487.37973989100914
523,480.2265445601571
592,634.6155601026004
681,636.1783673459255
643,706.0757651388541
726,776.6968525593749
730,697.837706089242
313,584.3989851225665
240,130.50217112994284
42,56.67069851745885
47,68.75410771068165
75,69.94402334719423
247,229.95245715976083
554,443.08311384419113
455,422.49217427297054
434,457.1231906403023
258,344.916329696259
437,361.94075048929164
338,389.184061912248
399,380.8292105782367
448,419.83992541320754
374,496.3005695990233
747,541.0307262347106
546,625.6121982844758
424,519.6483298316257
517,493.20906747371777
743,607.1022378166778
669,739.2203920807474
688,653.4365943814091
770,756.130440696872
318,688.0747191197887
315,278.9259726064524
112,150.83607967468072
39,52.03881040054969
47,45.722317569504206
74,51.30225348181652
230,166.4144740290042
416,369.79302458055065
480,446.98456694595876
387,401.09327706546117
255,314.8781844234197
380,367.74698860427515
272,354.75547189215365
340,322.93760141619083
397,362.33392283975087
308,450.01046870453285
615,478.6122797992991
544,564.4841922579578
427,492.94124488946414
408,475.83368493295023
576,483.6402343619364
546,598.1011194738951
576,550.8857263016448
699,679.5596767794132
422,612.1223081436211
213,339.76495554806235
119,160.78821758006077
51,57.23290226590568
40,44.871926685535925
54,67.09583313176373
253,195.71752935254594
385,354.79606471797706
324,432.3134492201254
450,359.39506584684824
400,368.26752356063065
464,440.18048960878633
346,420.9229288528794
382,371.09855775305937
517,435.3053344140257
541,519.5090259113571
849,694.365349044547
933,854.8821942400065
651,755.3689204655292
556,597.9516968612969
929,729.6055781063524
1062,944.1930844718718
988,1001.4925035847092
1149,1098.7473511397852
881,1020.6813278400003
548,693.9591704987862
240,229.58396406465806
92,52.325508830524704
54,63.11697936400839
60,83.08170730380742
252,202.65503615114807
498,466.1998849569535
423,454.40899764011203
398,446.9148187216244
426,406.78720615070966
438,445.88506152825806
366,394.1569371690393
363,355.9662964697273
506,402.24247513747565
472,584.984730059175
617,650.8520466096201
778,703.6411423141867
528,608.1027937901599
577,563.7193460858849
799,716.6092429232305
749,874.1028714402971
821,743.1486159384066
721,906.360309111453
599,676.3666991546995
294,484.9376619362827
211,192.59880624154803
64,84.6337517625941
42,59.092757868635424
96,82.6203011201123
196,211.0618845282401
418,333.5917559286448
269,394.88729392075186
243,281.48523310146777
219,289.3588418211423
253,310.85315076169775
234,287.2533144729833
249,278.3141815827778
299,354.40284349981744
396,434.34459190991396
433,529.4364691295716
541,561.3004320213267
335,467.6114478445661
433,446.28185598706904
583,568.7651467279779
620,619.7611064742247
578,620.5586597196066
546,655.4823614732817
445,529.8099048730669
256,341.4178145201115
126,159.65992873051863
25,58.358396704279436
45,35.64420032972868
39,63.362168291391114
162,156.57470871295092
350,346.81555478489634
259,314.1640045064784
205,225.4538539550074
217,226.53003057965535
307,258.63614789850055
254,270.1569340943238
249,273.65076891976634
391,298.6555444415751
368,403.8183798887158
545,483.59757068790617
533,581.9592927021804
345,487.51775147382176
477,414.42417880778623
649,568.8208965104925
698,673.449399799504
548,709.2434704716935
571,644.7551984364683
541,549.8171330460275
432,285.24289983710213
162,167.46686661504506
61,63.827462935252456
38,39.06836211843679
36,45.18958828775286
200,173.11786430425826
420,346.9377705903472
301,344.3552062214984
269,266.64569863846646
234,229.7796889482177
221,306.6090946395901
298,261.4408516352953
351,315.3040074386155
301,385.1031088068534
432,384.84375743071024
531,525.7306275829584
577,568.2795726614128
369,454.0235998250316
456,460.2299458525316
607,547.6414566328345
690,685.7653703236916
713,663.237220076091
674,751.7738512707537
630,686.5422279275508
425,468.42854688898393
308,148.8035477321709
77,111.24856657847882
41,41.5375248777082
60,60.57999130955977
256,221.84906799687852
439,475.38512195826587
359,436.4908499554986
321,328.66661133578
366,271.3930116114063
315,368.2889825703616
288,341.1166606165219
421,368.5054654445596
368,411.5680463325728
467,444.3276200459665
527,590.5443425511502
681,583.7741231218647
335,540.8275841627814
520,436.335076902974
504,634.3090704585662
821,619.9606377710514
578,729.3422004541392
578,708.9407389028117
574,650.6701635612093
457,448.879100039247
245,191.37536072894173
206,68.77588726238596
93,92.89163847561993
67,66.071369857904
188,172.38057154393397
360,372.9231339845886
376,418.9171912671599
446,364.5189546017551
336,361.9739446259027
269,390.96489849397125
340,298.2472049109886
297,347.93887041354515
328,338.42789709030035
369,408.89732613154297
553,518.0039694819379
439,554.767544333836
351,427.37950612880985
419,431.8251476274809
419,482.2072428194623
632,547.6114587430174
530,582.6971959151824
479,639.9025950394162
592,521.1139749914618
312,418.54229663160964
233,191.0360481185585
89,111.26347164103764
63,68.52794901197711
43,70.96881615543023
210,190.38303879637556
433,338.2811130437326
344,378.282380542806
305,393.70473995466665
343,385.89511254767837
350,410.2730707309937
268,370.80382964580355
307,331.93669154670334
440,422.89510998646136
324,520.9820931548306
537,480.6649307864012
643,633.4449913766224
438,575.9133405245522
499,493.1452442784551
658,608.8179579101236
763,842.7160376491933
679,857.7705642667697
694,891.9843189504248
922,969.3197937536627
670,705.1509408276614
264,319.2472543321937
144,70.63096072332802
109,82.80845644636842
67,78.82469810525845
317,220.24771140857405
413,476.6038691115451
348,441.31644380077717
345,394.45567248632096
252,377.78427382503247
308,349.57476109972197
263,323.6816395593961
263,309.74772848062116
267,368.95314766743354
318,394.51200826943057
504,500.8664903435511
490,623.3351465172883
330,503.8198446678955
460,449.61948943767754
473,619.5613045557812
586,697.6845496843152
465,643.0288087134048
567,645.2308300027879
452,676.8014541814132
424,414.8473822225334
242,187.92304340781598
81,96.70203258309544
86,61.8245888590863
63,89.59118997137688
231,234.53854501233218
321,368.4113728357843
273,321.15077853236494
257,278.29640157692006
299,246.85636989450825
241,290.62471817000636
223,266.2178167686236
248,267.010733381108
334,299.8692128712545
302,410.0711854918193
365,422.1294552147968
429,457.8302290681657
341,396.8844769866855
361,406.88449854683813
422,475.1389096769332
539,554.2140294938096
458,542.8682175241331
493,549.5564815831897
492,495.1763836557491
420,350.73407818886346
189,176.25015608077803
138,69.15593719182509
65,73.65451690025841
45,63.008215381294626
169,194.16782251015064
298,347.4961537925645
220,281.6306750111576
299,223.58591517223596
305,245.28737130730892
313,286.81648366617435
234,255.51450062220866
294,271.9409315245226
327,343.65914140956926
285,361.77655810780743
400,455.24101110484764
486,478.8804990900718
355,445.9842069458364
334,410.4206187998959
487,448.48456536645773
508,596.0465707639515
544,556.8860456238505
470,576.6740752502947
544,541.0212604964373
442,436.03372986307073
172,214.1702301362493
76,89.05703825713853
114,56.52780701154124
96,66.87699398038315
201,160.39138634960887
343,290.680723773541
305,316.29179196805705
243,307.36115655941387
253,266.5264471002898
250,308.727579045457
304,270.1722752301266
255,347.79138146011513
248,314.98385581210243
332,345.2287671606454
413,460.45808681730256
429,476.36068740753524
273,424.17967394532735
327,350.96580007759763
369,387.5759448491043
370,477.30747492220524
219,465.44751793275515
221,344.64748177453185
258,356.66579669992745
153,254.02886945245783
67,138.33286668993074
25,50.38265845681907
41,43.84381375739352
38,68.47968575131068
114,198.5648247369492
244,432.79750739148403
204,384.32297593037924
160,313.90588901262277
231,256.9825619641124
340,308.82495044163676
259,343.14929206821563
238,335.7789188983526
344,318.6319628424398
373,412.5461579881956
579,511.6531490048177
464,578.794091298526
389,411.9498994409125
431,437.05711259512634
558,537.5395309205225
597,614.2461983511688
592,542.3924092039201
716,580.5734831902262
491,577.7166186188853
416,296.164814611879
201,159.35579010504037
46,77.1634761158022
37,49.07433956638198
55,51.853659447905244
158,141.20810234112795
335,336.77458064856705
450,378.1812313895255
292,351.1496643044882
483,295.51754034009537
545,392.14997829247466
419,404.90507683105096
264,358.57366351343427
528,336.94731916736635
531,500.53571379535595
744,594.2710432061781
769,557.4547265410198
433,546.4643566465822
532,445.213070425797
568,563.882479135706
902,587.0688733433208
760,768.114090991702
783,708.8952323110486
824,655.5531500318074
681,492.03182719993987
441,189.7620564397665
148,163.37437785514706
152,70.6970921915742
141,77.0061568953659
311,193.08976807224107
609,367.3008099832769
572,451.79205735921664
539,372.61797367495086
637,454.13150705536805
607,521.7383614940131
454,441.81082575781016
431,401.4689495258209
495,491.3030701012339
708,550.2560879258587
828,795.9192742309048
1088,942.8194920674257
846,717.5612266231252
677,719.1251363599051
936,873.9598077754938
1353,968.4706486845377
1155,1083.7295159107855
1370,1157.6228785574435
1041,1104.3071229260543
934,651.6468388449283
571,284.17291634227263
204,155.55735357343139
66,37.10686745723234
16,20.141034097011744
21,11.48640737049686
38,18.994541106752443
35,55.19866729828514
176,186.56033046931287
558,459.6171393016413
720,701.1977282685149
603,565.1969852391535
446,528.6644498630039
666,554.3794976338881
544,640.6302991068055
587,502.67819787931603
838,617.9113610482698
574,698.0122309338107
538,492.66655624009235
402,376.7545042850948
317,373.3576838869789
415,390.1630336772283
242,383.37519488844515
441,436.6020565553017
162,150.01236153519275
16,29.66755443233601
2,8.125365127651676
6,9.554239521298044
9,9.491554745688708
11,15.647395662271895
14,21.695058295734928
138,151.37434116697824
289,309.698195647247
699,625.5522836099742
507,828.3621965331334
598,645.8551372673501
926,744.9173275360295
729,1018.3292121716621
1070,947.0549218723704
1041,1089.0134503961863
1121,1082.5161264634492
1108,1058.3965504729479
1120,1058.2532836256266
1013,1069.5225479962069
1286,1111.1178918144255
1269,1187.0665945394448
1195,1053.2825569186157
1188,1304.6052771157063
659,643.7717245591963
128,162.23716529956872
3,30.13923659809085
4,4.982994521288369
15,3.8567102407190306
12,11.358906088309785
19,19.930654752782985
369,380.09371948564143
482,610.0434573226777
814,811.5627345531157
1064,963.4299382447559
868,736.3550353819866
850,865.0182300639066
754,772.0268784217889
1165,931.0069506399955
1012,1016.3588999969061
799,998.8454262252125
907,878.6403133681712
865,985.2114757079876
1015,927.4361403077764
1016,1103.0698166724897
888,1109.2754536376451
897,1019.939195307305
949,1065.0654294675262
816,481.40126277729604
5,199.922992164118
2,28.985533610435464
3,-3.7117996381095195
8,4.931617195825973
9,10.259251358881952
10,23.323296440537103
345,349.9622650601165
398,519.1951259010832
737,708.8379800985846
801,838.13357533242
652,698.8269528950925
648,696.5796495594401
589,717.1423589163695
742,773.7409680136292
520,802.6474353837573
778,633.6699172074326
925,717.1577699368082
776,889.2027570524001
944,833.9318689027358
952,957.3329125163702
1051,992.4384341329084
1051,947.9282185813083
1063,969.4158007549547
788,567.2474711762225
86,189.25270208514806
1,12.88993376908991
1,1.2505372522600255
2,4.856366525033019
9,9.270247269055643
11,14.431363261998865
248,287.6630191524564
412,405.4398075384566
677,719.1511783400946
838,795.9665685023658
784,679.8153476590672
725,712.9549179724881
741,703.1357872848051
847,859.2825803332285
966,788.2603805110537
1084,902.2939802590108
794,850.6944757937292
999,872.3463710566235
983,1054.228372793582
1084,1027.7441306113913
1090,1136.3782013613347
842,1043.8778430994505
842,1118.5766959760142
363,349.92947886064775
4,39.68507736761789
0,10.002943689806454
2,60.818221489245914
9,5.727563386525851
12,10.494920137856084
16,18.017024260575145
230,231.5114002595343
360,424.32177823726374
733,670.6531641767067
713,853.8172392089823
769,624.3947118041818
706,689.8837312035101
655,700.2916284567727
694,852.6887851447268
646,867.7315814939375
1070,818.848270573132
892,865.0415518426865
1149,941.4994824060077
1325,1162.2264925117213
684,1219.0332992631577
1821,972.1658664839779
1288,1144.7204669776552
1458,1289.259607922717
982,577.4578134297429
174,201.42822417176518
5,10.531103084203428
3,5.654477026181333
10,7.246554406152978
11,14.349601518280883
14,17.755276799751222
244,227.53180537025514
451,394.5885258683169
625,730.7451228612488
1062,817.8090374547295
845,802.5518873026067
864,838.9229104683415
678,726.0123655259038
1063,912.9746292747951
1125,943.6266085404408
1050,1013.1654984147318
929,864.0508724880277
948,999.5961566368354
1129,1013.4052193165771
689,921.6126335596338
1040,867.2580215345148
736,935.0469199213811
960,897.663688694826
449,610.5721305244944
95,119.05160806364628
2,-0.799293561121043
1,7.533338805681488
9,3.9439165736478907
12,7.896496774442654
7,15.248624059986662
42,42.0817684431277
192,182.7277589860414
505,383.43163926590813
582,660.5614557018972
324,510.28627069733653
603,481.0486044824425
588,608.4046228243852
454,587.3882140310075
349,577.7784760479199
504,505.8721347904135
659,554.5799894549161
716,578.3607064631619
652,571.6509073805624
378,483.8147170118041
328,391.6021032244295
360,334.80315838467254
326,429.9658674572901
427,173.75018910574173
236,55.881155996070646
132,31.76013211289498
63,28.558888522097043
22,19.35944772961177
15,11.865034619562259
19,15.994090446156406
186,141.7267670864502
352,337.1476239373226
548,666.1637643820901
907,730.0872465548817
755,640.1580998241942
650,889.4701038642039
808,863.016391530643
1052,1097.193620737263
470,1027.7340683629452
622,624.7272166394308
1013,859.0940911259341
612,1096.8641041087537
729,951.208648633065
835,920.4374009637006
569,1099.3492620082698
494,762.8370747193587
501,761.9962422645467
804,589.6301693258921
1011,345.951115999022
526,464.9962686438792
692,115.97591243918811
66,206.87127861359582
48,26.210782063932832
41,36.83862169118475
317,357.04868639633673
525,552.4694518924117
1116,862.4548218613385
867,1082.22577653834
692,704.9251432181784
731,780.6378576478347
526,782.1382898046196
998,739.5329077424494
928,865.9607490966591
803,955.4965071809435
728,894.8959632895723
958,828.9091263336962
1079,998.1940886295955
1000,1067.3610619849046
741,1060.225759932036
920,953.6622859172079
840,1059.7700018195533
925,747.3791890777711
1359,578.9480880605664
575,762.3767907949369
35,225.11312881125139
10,23.712836269013984
8,10.508279795040592
20,9.476877862390094
139,171.4739471719783
296,310.7794420475758
701,661.2213740718656
867,814.4540200737484
790,724.7905088153958
661,722.408598943173
813,564.2912856752592
788,912.3918678313291
1026,802.443511947704
685,941.5177420388052
1011,753.5817724905774
789,974.8510337778101
1039,919.3512368279851
1056,1040.0835220188576
1111,1137.2851104880137
1097,1099.5940866336898
924,1167.931519642389
1167,459.6859989950295
182,723.6919242006126
65,17.90744694060687
30,21.049225718253478
6,12.35283384675319
11,9.270247269055643
11,15.828461016546358
280,269.0428932643784
446,401.25905783618094
633,743.5495287856047
967,854.3442442388521
761,759.1810267574546
696,707.48778944111
780,714.2979170979279
1141,861.2220816511855
684,1026.1595891507598
991,776.581697690603
727,872.042186148448
968,920.0657677395192
1091,1085.5260039111165
778,1120.65944248507
1017,917.9370412013147
895,932.1557543355862
838,1009.2787418648747
76,541.3156242215166
5,11.263933971158046
4,15.176540597970552
7,5.9646465165549785
14,5.727563386525851
8,11.873568000944108
8,17.922519013713373
247,244.6391246495767
373,414.6678285835111
685,640.6094056366114
955,839.1988768896578
682,740.5943237543196
732,745.2580928039117
550,767.276537624823
800,890.3534647691314
708,844.7866847520955
809,865.7766856913519
675,821.1858787668308
871,879.1783249368309
906,1024.6060224998157
1343,954.6045234930964
996,1234.6338851702337
1094,1014.5073831518121
1286,1150.9150065111933
1133,604.5792137033626
76,390.5266948846791
4,-3.306884207472828
2,6.8234591483257425
10,11.394686292792654
6,15.667652411802147
15,17.821504293947292
221,277.211974765531
435,418.88715822191756
657,747.5650198471147
984,920.0561074270429
736,764.8253816680717
830,808.2349041145219
840,747.2166919264102
926,1026.539594102192
897,892.5098927994053
1001,920.1575588891388
1054,885.2762378145089
912,963.2069449409978
917,946.336736685672
907,890.5909188787766
981,948.8995072620688
853,846.1046618894925
697,939.5330152554412
277,540.6235377435211
57,107.23213203947276
4,19.024445182916896
2,4.480113988970501
5,4.297392580955494
8,9.914817859940692
6,18.011564639588265
59,43.799042730929536
193,185.98804466939634
463,391.1928037712644
543,684.6332125533213
348,470.59514276737906
603,461.6898705699823
508,624.5205693710093
642,541.3291324923008
519,548.038554530465
563,599.3658563674993
416,591.9915930170247
358,516.6442255053408
250,423.91859549021024
471,396.7003781691094
363,412.1884538053383
358,339.79006764748215
431,401.3196466251192
122,229.43089293165596
8,31.533001170010525
2,-0.3791841164453591
5,11.683879223174825
6,8.622479895647484
12,11.628702673574997
6,16.30701743584496
128,162.6724995248285
237,290.950112944859
554,546.5874026091449
723,749.9599541279106
683,657.4592434384632
814,926.3083734541964
762,908.1257466818495
875,1105.739987108103
871,924.0798866043771
959,982.4914476056351
869,970.8699273756181
1010,985.6242437815226
1012,1066.8813144687902
1034,1194.0926624404115
1153,1086.5293512295725
1082,1059.1895764420708
1052,1154.7900349399165
991,612.45343686156
1266,166.59381617728394
560,431.68119433715407
21,133.97785588138595
10,16.413035474004264
15,14.526121784839114
26,26.50492693307712
327,373.25953773921685
493,572.6941998219135
868,811.2071596282872
845,989.8900939536869
893,694.3813236050446
918,826.6608502364267
614,813.9015120996901
763,959.5219812788249
749,874.0790919033461
813,818.9848973433864
854,855.2211243672017
905,911.0894884652994
800,920.0592107241191
1090,933.3756849308558
1060,1057.386917442983
928,1041.562589424743
1145,1055.3359296011836
1365,1154.171874415558
730,937.2050924988173
69,438.49615355934645
22,23.55817948230941
6,9.230449978334274
12,10.328783571205078
17,18.47983336445016
346,300.6806210189914
453,439.2879972956737
722,760.6258557209507
875,797.8171847656939
716,717.8809136416481
811,695.2373085042609
797,758.5244653697266
914,798.7246018046586
867,854.1057047860658
868,774.9085439506347
669,927.087684892753
910,786.9778546553032
915,1004.3216790973695
853,972.2675056111104
872,925.5434672939689
972,880.1147668309699
786,1074.4579777831839
59,824.41226630756
19,6.733899256008272
8,16.404224261700357
40,7.130423669650123
5,14.70653506738345
11,9.270247269055643
23,15.474985009238754
259,263.7462632692143
325,406.1852082454094
654,654.9678896428471
943,825.3455037901291
774,697.6088100507128
756,755.6884131123604
729,764.8836972150439
1016,868.3873641850627
857,807.6692201445769
886,983.3507793656865
871,773.3798789394642
927,982.7266658261043
1235,1037.6519723183671
975,1085.6393119801296
945,1097.3878530109394
1013,940.4564527424968
1053,918.4649908613613
39,374.99351231800415
54,1.2684641595501933
2,16.928842798219023
3,6.899505928183254
8,5.727563386525851
12,10.494920137856084
15,19.11447085761854
223,240.40835895437644
379,387.0440772221905
665,632.0542037541904
800,841.1478264198361
725,697.3020451284858
689,710.5749122573926
709,656.6815197939908
932,903.3467295379818
819,864.5162808762673
920,878.8495919249325
811,788.9936919499293
965,879.7174239550474
1341,1083.9779469420478
1001,1136.0070998253502
1200,1136.141699576035
895,1172.0254231303236
1264,1127.3571555952742
305,543.8153990459176
128,112.27003365271499
46,18.539333040374856
77,16.24656000089971
12,28.599053989073546
6,15.25041684374666
19,18.57961202282736
201,254.32328182991685
451,407.9318554777756
616,718.6905812565412
1019,863.9836349312019
571,762.9097127794912
764,730.345537949744
657,768.062092721178
931,902.697057206764
885,874.3320584248668
932,927.1646641169519
854,883.216570738634
870,894.8432466620256
990,940.7761532275086
981,919.2461997277343
809,1066.1044982703422
860,768.9938753738636
872,918.1506640479597
354,507.3994008367598
19,91.94832687686997
4,0.9294868490684497
5,11.60293324676484
11,3.9439165736478907
10,8.490220900986658
13,15.867140771888693
59,46.24409182910125
181,176.5088807846505
546,453.20319413705295
590,629.6376895052884
407,456.36517731648956
597,510.83295579068886
434,595.0916597998372
571,565.6031175796903
374,531.5611569791362
590,504.6199234017262
572,548.4415066939987
654,539.1215395125046
433,488.6292082300064
452,410.659941119703
260,377.14494712461385
434,337.68989309269017
546,430.16195606287675
285,216.410023141136
28,109.32681079218536
7,-4.439989461840016
2,13.121956265486794
10,10.493143485012022
15,11.982178680882607
9,17.037712193396292
103,160.27930143540613
241,277.24988680320695
345,510.8674832382364
701,683.7974216669145
546,676.6372609144761
664,791.1000778610038
605,774.5506566979318
894,910.2986701829819
877,957.5875247716359
711,947.4065936682176
821,846.8045154491924
828,945.709906156215
981,880.4919901490551
927,961.4685236317811
834,1104.9101373858844
1009,944.3100690735096
1096,1118.9558231797448
292,845.962681916002
26,140.03610650933499
88,91.37827597503085
6,68.14756430409264
14,8.474391603007929
16,19.4031272357022
14,29.51252860547073
157,349.2493485920234
309,428.0388734015022
416,633.6106309045414
650,687.6349570573086
564,683.955071540226
454,713.5932912542743
563,677.2871336481085
663,782.370056862152
641,784.568497774973
517,768.4624436507676
568,646.9897601816493
577,750.6506619759058
665,731.7918491724176
723,821.4949153973629
730,879.4996173562569
649,891.2136568470919
876,900.8154206495662
374,729.0224263183934
43,165.82650650082718
32,-19.616803611410717
3,12.790702785011533
10,4.931617195825973
15,10.328783571205078
11,19.087978968564773
130,292.0355178860222
213,327.4777568928145
419,484.18744561489353
599,637.1142680735389
404,631.2508324044577
474,578.0214275407992
473,620.149057765956
699,609.6658438125507
530,751.993814851832
570,570.6674765465644
688,635.7544556815801
574,760.5781327469365
686,730.0951067356096
533,839.6652164008301
618,659.2954683140562
560,802.0410603904801
876,707.4790197467147
393,467.8394025683944
33,36.06391356871044
2,12.424123301967784
45,6.794959291963748
10,15.638525156389566
16,10.313869016295522
10,18.1370204490615
202,265.0182935774472
231,353.5325117239619
474,443.51144254948076
573,677.6920974495357
472,588.7143940837857
587,596.9262412890891
539,652.9203485483121
671,787.7024196750266
596,659.9088358503207
710,667.8742216336482
567,750.0198098060281
484,676.2809472850679
331,636.4758239514904
596,466.7698676315072
673,738.925837421546
738,789.7110349912732
637,920.7255067091747
538,110.66818974618238
21,94.10981762524663
5,6.548674657339916
2,10.67187848844793
10,6.005001872843522
9,7.576728441225347
11,4.347527293604417
131,157.32049415389946
187,224.32999587891607
395,373.4585497656521
545,600.1891978823361
418,507.54028819976475
382,558.590970513515
332,474.2397221819796
512,518.5170889228061
329,579.4532378797051
387,421.46398014401024
398,441.7093173258953
123,466.4648251844859
278,300.0640199322176
99,461.1847343251505
45,360.26754376932786
211,336.9542654075145
195,450.1346855936164
6,280.16172785663997
35,13.717755290226473
7,7.197032507247192
3,10.409756765511734
13,4.125678661672978
7,9.601644461439966
13,13.455028259407245
98,215.11502869890958
124,274.43137803326925
403,413.96703032944754
705,584.8404683947488
543,631.7217433367571
572,637.7933259056464
546,629.2120101635735
700,735.7885322791109
745,787.3660716698816
809,857.2482975203193
684,829.0343421899273
740,754.7317844609249
731,865.936338451568
771,787.3595949356265
856,689.968779301509
875,749.3012590044374
769,883.6517571413758
250,126.99971737602593
120,57.8657507617074
41,21.654612717464094
5,6.1241111879250685
16,4.4042665512199335
11,7.651941680151351
10,11.786178755708459
192,43.92994828938428
440,199.15837569143997
965,498.6520933792819
840,747.365956841743
733,485.45863615382973
942,612.5233168922828
740,670.593795639152
1087,676.2347636471221
722,714.8747321288557
841,608.3843065620923
905,720.835704095149
1116,765.212498031355
983,775.5325994613472
1012,715.2565835038741
1006,776.2192758885329
1177,805.7321316488815
1056,1052.509307541825
500,672.2422380916479
158,96.60383541345827
170,24.17480484423438
105,30.196195581531615
52,33.322090678971826
19,18.73240160249439
17,15.64061443884879
341,138.44647176189065
520,362.52174051107534
851,603.9072302269444
1260,918.4349690850735
1054,795.5194120260594
1125,943.7604643187476
1283,883.3348809664287
1258,1178.0115197323487
1261,976.7765885438025
1091,996.2266074980461
1554,1031.5571353090597
1190,1095.8126854305929
1207,1103.8511231258751
1549,1066.8440284141973
1455,1157.8501623621
1579,1156.8861879359342
1965,1317.8552045060121
328,219.0512639219731
244,184.37120363883542
208,143.9867149468101
130,105.87421706380545
108,79.9001773570377
67,75.37128175339157
91,97.04415436219861
148,126.5638622625806
203,180.48172705860472
217,230.60784258509182
256,243.68875964646028
251,259.6359646163559
273,251.0149610152173
273,257.20938352368574
233,251.40460614511937
232,237.0529118222171
270,259.344388582962
334,315.0587184932119
398,386.78308986734106
452,424.83597972645885
411,428.1971134298491
386,374.1572446773363
365,357.7249728217464
277,313.1299468109
312,243.32262113336205
322,217.39080536011755
116,199.2242032274985
58,97.1192690002299
87,76.8594726701731
114,65.78540160724634
103,91.93932318466682
97,112.29576059251106
94,140.06430782366039
107,153.01277913288385
113,161.1477504584287
131,151.8058413230076
156,166.8310136800579
206,193.05469925815044
217,209.23090102406687
207,211.68609149863627
218,226.36212122963084
232,245.60266411332222
241,256.8223832786165
273,234.43240450976248
245,237.54557721262006
203,217.7366481897372
168,164.0587546354342
99,99.63320027363623
55,58.63516454727658
39,30.442659470736203
16,22.284976292186677
43,17.60524908196912
61,60.42237748254827
115,102.65655183974407
191,161.91059360225688
272,268.3327863849734
290,315.06076202640014
215,231.8701828117999
171,185.29203418138894
155,165.16179858075733
176,159.35224423656499
171,177.20868439231117
159,175.9516896907116
180,169.23736860762818
179,186.21651690775224
212,221.93383994887137
233,238.16342543084605
251,215.4007352706101
207,204.85325102754044
151,180.47437401162287
133,135.12719768087905
80,96.27426142792788
41,51.64060266250271
30,27.76186129921282
12,15.937109080833379
18,21.100951886297988
53,49.12636470719227
112,102.00201211485913
172,182.01283602261228
268,293.38382439574565
341,316.50217291053804
261,253.46108761090477
200,199.93056160649425
154,171.25240951575657
188,165.13704033119032
159,172.70247975931056
174,168.07744674685839
189,175.90025879300666
182,192.44735451803646
250,223.66886584690215
265,268.3026384043816
222,239.00797879243942
175,197.22474718954
200,174.80546570049145
171,173.91131829050397
110,118.25480681663392
64,62.259016469551824
25,40.582819427067236
30,21.900576921128778
23,19.25910286326491
46,51.136017297512296
117,91.17757990207033
186,176.23923270875258
305,289.59282941483957
309,358.1276301321213
255,270.1467238240836
201,205.12494016597046
196,174.95399184116022
163,187.00147397971736
145,161.12961013884888
168,165.61320652820496
168,175.47071526217107
169,184.3681854244139
244,229.92702529814392
305,294.4062795511533
237,259.28615984735126
216,205.80159825684217
210,207.53152940455442
165,172.43652766387214
101,120.87546192399677
47,61.03248144938482
42,36.16594244442108
32,30.72703623813751
27,32.16319778974876
74,56.24957931266749
107,109.61719770239787
173,182.95123856590317
289,285.2873746755168
344,342.32772678719783
293,294.60455451101797
171,242.3669077220162
174,181.1573824692352
176,178.0136230188639
154,175.72848366001406
180,164.67635977477926
205,186.84765312489094
207,203.76811009677627
275,247.47953736452482
331,300.6303319624718
249,283.63004337177796
255,225.52622012586275
263,230.96785190333503
209,229.18094094233578
136,145.46304864173297
96,81.6755373433358
49,59.08910862396374
36,38.53661200903722
48,39.84094612797591
77,68.2400550625336
106,92.78069818698377
171,149.71472457502358
237,249.95226283602247
274,276.1191529588544
221,248.98814210673223
181,199.5423958568604
188,178.44572832369968
183,188.84677509569337
195,185.0311806060243
197,196.37499168296875
205,204.45940577139723
220,225.19433932680582
307,281.68409164081925
390,367.73869834105625
400,395.6657035294464
279,376.1895979684753
286,292.7144910374835
306,291.673854877515
315,275.80790896009967
240,234.32977733064936
151,160.0800738178654
110,103.72413492091673
62,79.81664369356136
69,67.6336880808194
54,66.38537808232984
93,86.5770477975327
98,137.00133375682947
159,161.2704177811832
187,215.94924984898307
240,219.08719072075914
244,246.1527199084393
277,241.14446813802667
225,258.69427530254825
196,223.97394099432634
231,219.39560365509223
270,252.00323616791292
321,309.8075590040056
411,375.1800166603987
431,426.3503159731257
338,398.4442794258495
306,330.2672619084787
280,327.9756479137622
241,269.779591979543
203,221.21908536954743
154,156.9718149256733
123,114.3631526792778
69,79.25532110542063
71,77.20080089444974
49,67.43476082421017
80,83.2482868019422
90,100.00994960609984
149,135.20873911377163
185,185.2378105711128
227,218.4825712750732
243,232.00652664524867
250,232.83914024953347
232,235.74157510456655
275,215.1786921579036
332,248.50849791442022
298,306.5650327287507
291,291.4855885579519
261,288.942211553667
201,246.24933977402188
226,200.56568544429783
159,203.47912408081282
132,148.7768216506395
78,92.27150547294455
47,50.74707820614924
25,30.127404817182256
20,17.622523033856726
30,25.448352621128336
60,58.69925058915597
104,102.57671699730965
162,168.36178445520122
279,252.42829559131295
295,315.0827936442047
229,230.53924220797697
182,190.03639248695902
168,168.36939496103034
232,167.24178248313618
222,207.70424865629022
182,199.46605190561837
201,181.81971950270898
210,196.52965701967204
283,231.54167307665054
285,276.8498855092388
218,238.63286312565998
200,187.66905623906376
185,167.06588443245985
134,149.9633829562028
82,81.37022379612101
57,56.8123705106801
34,35.479370244308754
18,22.320311061703965
32,24.585716966984474
44,48.53378323461213
81,87.87691008356524
158,128.08700029452737
301,195.85768536375713
365,327.40032213616814
281,289.12708458072615
197,227.93316496789498
204,184.8731709627904
219,207.76079115800354
206,211.65799174394485
211,205.33353368571042
211,214.14030327604695
205,216.47834924412078
275,241.6115226723884
304,290.3989736964644
235,266.83034527309246
185,208.63558460177853
194,183.65756181415662
155,169.41465975346742
95,107.80215355389795
44,57.47863329732216
18,29.789233934587124
23,19.922765479372984
31,20.004366902454528
54,48.9064652709526
92,97.19238619952728
182,172.41919729430498
320,303.06201742104594
383,351.5001245228375
274,301.52193058403714
220,208.58588372412655
178,194.756320194438
182,183.22916269377788
162,176.32288654890448
189,178.76565153105932
182,185.49441118058527
203,187.1793482587224
233,251.75966014018093
283,289.96208418290644
244,254.20944168453264
239,210.85919004105403
203,213.25149033160415
145,175.1487610855253
87,105.31135948255067
56,54.32364033650807
28,34.762284688242424
33,25.99731345680056
30,31.296452437703593
69,64.35255407449944
115,105.46637477993066
187,176.59745679359216
270,301.9270155832119
343,363.40116947611546
282,297.61327517560045
208,227.85050687421176
192,196.4223918845357
194,192.5341575997136
169,182.33358784393434
179,188.1624987737906
179,196.21072683653298
209,198.993237679881
290,252.23031661317765
337,309.6429626796041
252,287.67317225479064
246,233.01264501759826
271,234.70383953486416
221,227.88928641238246
165,142.0048538358489
92,93.30399283280228
56,55.72561941283851
41,41.17922547127727
33,40.858925593466
53,66.07748432682882
101,97.5075977695158
148,159.83601716083894
239,229.35200374369452
237,285.153379142405
254,234.22989563590852
186,209.71807549198365
185,189.45570897034534
202,191.8913685779612
210,196.16248589318138
194,202.53816473234585
212,198.5179329857913
239,229.9952062175118
314,304.6988300021934
392,371.3726926857146
396,401.457693108525
281,365.9904929454096
314,292.6618873989121
354,306.6592143520917
333,292.4098311009962
262,244.5656454532325
147,174.3812209933125
95,108.0385344764339
68,59.41960419587664
71,74.87723602769006
71,64.28263084150491
95,94.2227362318702
110,128.79179503345122
181,165.54558577951335
228,217.70026224495595
266,241.2505903356674
247,264.3486467839047
261,254.13893468315206
263,253.3897184302207
264,239.5000990999587
258,248.8692683240076
283,271.1649650274217
355,323.3792518738771
401,404.0034546709534
482,428.2703088082663
391,419.2920304593052
313,365.1955202965095
385,326.90548445954215
349,324.82506080936747
243,276.2543571794582
176,166.23888946691702
118,114.52916066613159
80,75.94927992742765
70,77.30849205961093
62,71.57298838656345
82,81.32547240845408
91,96.66771789045865
147,135.48410772666395
201,191.4841915989069
249,218.38807970376322
252,249.05117130417221
268,246.24928580432245
249,248.3465673743642
232,241.41496661204954
239,234.0291437345555
259,253.4563662184197
284,275.172919378724
260,281.1018336304638
229,242.75892725157092
234,213.89483828548458
168,209.48008216261113
134,147.76325255495595
89,86.05673963026217
46,52.04068210028112
27,27.593305787922702
24,18.200312181955663
28,28.22247867886228
59,58.32080297380605
116,99.15163358497577
182,166.45753153552732
290,273.96850967903083
347,306.3292910146698
255,255.25821668244075
213,204.27767929270743
186,185.6063603000519
208,188.1570712177269
177,194.11951925943598
190,173.15610738836207
182,188.23491350534667
177,188.75172381988065
272,211.24692815564913
264,275.87394112809176
227,230.90103673681062
182,197.28101738709503
176,166.63386487544173
140,144.14801855158805
54,83.75750169358345
44,42.39311304842176
14,29.00066680620497
17,15.453725555270104
18,23.63823689207646
53,50.29169190787635
102,92.01237439746774
185,173.6027521608368
318,298.49241371812553
342,361.6967472075648
288,275.35699876581555
216,214.79339019936947
168,189.04370329576466
159,185.40697843270414
164,172.72957929717538
167,185.24508183113386
174,181.7750397887507
197,187.17129121474903
238,251.66452737909933
282,278.23772624816297
222,247.69306404029075
171,193.69036125627636
177,178.24437254462023
176,162.65962806329543
100,106.76521690291352
57,55.8932445876061
26,27.732379211366236
23,21.33906127633772
28,20.98903982065769
41,50.92730922760072
76,90.67079275043899
201,177.2500490491415
349,311.63363339450535
395,374.2314896263683
310,312.9193770183972
200,225.2757875561602
191,177.50657884640032
162,180.7959268645446
155,164.0381605623733
161,169.7819960717227
162,173.42224492421133
211,185.65610829360506
257,244.416550343218
283,295.4650225328379
243,249.57820198180488
184,212.8502151338867
191,194.40004474668314
167,169.33975315588353
111,112.39530262333165
82,60.55339130972819
39,42.388936967086764
37,28.98361930748747
24,32.25385124807993
79,59.42107957219485
102,106.20469886513652
143,187.02465521229334
283,276.6580503879618
366,357.0492032161658
272,319.23123772534416
232,221.1872944729685
208,210.72827286136183
164,193.92447530179072
162,165.82724649103966
214,175.95121713559038
156,198.2088459558895
179,193.20861195260736
267,233.77437355743388
339,308.56421008924656
295,290.66953405414387
230,245.6843337613221
223,229.61506381376776
213,200.92408885172384
136,152.53360516420884
71,89.23185334047261
51,50.83602479827655
53,37.626313115367495
40,41.172861952152005
83,70.3956018258345
104,102.46029282041657
150,150.76256647172366
265,235.43904193752152
278,278.4443211176452
259,253.8067539849861
201,220.16866156344673
205,194.77259648328828
200,191.63374164438963
203,195.81181933620482
209,206.09102222214142
210,196.15143120623296
230,219.33733128075048
306,287.3249217765798
359,383.9848642996134
442,379.8680552371168
321,378.8437732696659
297,301.33286616121563
300,307.8157073084312
296,287.55573465788484
217,232.4960086328884
128,162.0825575938774
79,99.43794487538722
83,65.92877100852107
74,80.15675652852218
94,71.32284008711682
110,99.48186985081932
117,129.69519434515033
196,168.63442529716744
231,226.9144479775288
259,247.9120156820857
285,255.97167160321985
285,272.3328772990508
247,267.50971999984006
233,238.0070662933994
260,236.0420743243951
261,274.0642678473107
332,311.4861749510793
424,384.6705329952963
444,453.9782328248647
324,395.1634672616264
275,322.345994573098
308,302.9032404508899
288,286.09996008760277
245,235.3715079610927
139,165.0732839647556
122,98.67348193377882
95,81.46552235981633
99,76.93749523619972
73,81.10215830395542
91,87.68371880286871
103,100.62139929798137
171,138.71627061484816
220,201.26465005678813
230,242.9636509788532
264,246.90891489719377
278,260.053785825009
251,259.6871259115211
231,239.96582374476088
227,235.12816345602562
277,239.20504179289972
258,282.6854932280895
236,269.37047623944403
248,225.14715066796742
220,231.4931943409704
168,192.19449193250423
116,145.99082524121974
77,77.39855673397199
50,47.93524870959451
29,30.52064558270897
14,18.38619239659972
26,28.929694663026613
57,57.069623436519784
90,100.21198081857014
155,173.05801963699972
275,255.2953546435069
315,311.4723175390364
250,242.89973069211274
201,202.10336695133245
183,181.27184967103756
168,186.28230715717734
177,178.33755350832288
203,176.837508894904
167,192.09172168469277
210,184.2785393335366
241,250.2296876898659
288,256.7957222151049
232,249.53656601438792
177,197.92972945009882
191,160.54869020671453
146,146.74957620718098
82,89.91576709181052
68,47.438497001361654
42,31.44593212710431
40,18.23665314801185
30,25.442029835711196
61,50.779365083500856
105,94.99292220728563
160,170.4645534962513
280,277.57281269564544
323,344.70800103612095
244,271.98571207043705
205,201.10541476876426
187,184.79918477609667
198,179.44564429604353
197,187.78401632082978
202,191.73668864267802
252,190.3146635219585
248,235.00379627817298
280,271.6072487438162
310,299.508853422283
298,257.48590581106026
263,239.11639172533629
238,218.32961758508938
209,190.86137047130595
189,118.35314888148642
86,84.46340770661288
41,36.974593943352524
33,28.156922353016103
45,27.169495897110476
73,55.34814903328959
98,99.00203327436526
174,176.0832162959287
224,305.1724038080765
234,336.2781592851126
228,249.65234171033413
196,201.5563935913018
204,187.97996518000173
202,190.75081194098647
176,187.59382724229573
228,180.10635229420447
210,214.00305106457674
198,212.9221542621757
237,249.0535190757382
268,291.72622283391763
347,251.84417849153948
228,292.5518643663955
201,215.80591361488905
189,180.56285869815628
120,132.71363220978762
95,88.59796856592241
96,52.55502278810448
64,52.18630303433137
62,38.62639295021604
71,75.39485149460477
77,95.44790411005049
101,125.60396703637973
109,114.26675173571422
121,121.64103899965083
122,140.0821697976315
151,127.1346030198211
159,167.88020015734028
184,170.77937046538963
209,189.4070721154681
193,222.25791679673728
212,195.21451268983526
184,223.25354080113394
202,211.6335131144225
172,243.48314938859357
189,195.53930927629094
208,192.70496793128865
185,206.9119907350622
162,189.9486419653814
109,131.74608068706104
72,81.99871635598225
42,54.52643701641712
37,43.7645121618553
16,43.777041094200534
27,65.17833618260605
46,79.27806870441732
55,129.66112266142056
51,143.61019791593552
93,129.18892386284273
128,132.3652300235572
132,155.6935324904366
151,159.77722169197696
123,176.95699579017577
141,167.03912809357965
128,178.01129645769396
153,176.10563976024912
166,191.46829493358194
184,220.30347363128644
245,237.38416355281512
220,295.2164167277503
206,230.42565145572422
213,233.34964536045786
154,240.42727564523477
123,159.92624452916382
116,114.30631463958355
80,95.78118000591685
43,65.04101614140838
46,47.40178405521959
40,57.26206282967211
34,58.00071346587762
45,67.06126738034133
70,67.42251422699128
82,96.06556817476522
118,120.97654154131484
136,152.00220785582206
161,164.56058490674212
161,176.52629961123887
173,179.49407077667328
120,181.90702105293647
182,139.21371438804252
166,217.34688650927356
249,200.15603423290509
257,305.5830888730711
310,275.68346012768967
224,298.5880964289269
195,242.80305668085734
216,213.819207762452
165,207.2125606694287
122,146.55368288924137
91,98.08657963323213
61,63.565983543515294
56,63.85673376735072
65,65.16737635224641
63,57.01018054333347
62,67.80100112199841
65,84.39196740118115
84,89.67955293607065
124,119.32570535891553
189,159.74697283863895
249,213.02887327076363
242,249.00402684674367
226,229.99608470541264
249,216.53907443557998
196,229.4859735947709
220,217.6747765180849
225,247.05448976873362
233,239.15877586248413
173,224.3657656452594
139,188.4549043726453
126,150.4142318012274
88,121.95821615687115
54,79.0039613325422
203,195.71033720015907
195,125.1380013335642
126,89.1853345178133
73,68.12317554338262
57,46.16691187415057
71,57.92353258170385
84,80.62507056227952
121,119.64640829509096
155,155.78799877979486
244,198.2026511675164
256,246.59543923296332
255,268.1102359313049
268,259.2464164655624
264,261.28212863112424
283,260.09045175654745
338,277.1090048654677
301,347.6347876124069
334,333.42411410127715
353,369.54033968496714
357,356.62674286543194
336,328.8762163060997
398,381.7405408657033
337,369.38973679114804
446,307.50124108909966
250,229.93392304941668
229,149.9278264639626
40,106.71181529953653
32,38.891330470558565
89,50.59245959642684
113,58.7276904641092
111,82.93931662849171
75,113.7461185984335
65,117.21256920170612
80,117.13810199722904
91,132.30455411060868
99,125.2941022493023
137,124.02369150190414
199,168.09409679705598
266,218.46060605877426
274,250.87886342688918
279,267.1096099779309
274,297.4199293325275
324,299.54801195725344
283,292.4357172371531
259,264.2361507984435
231,270.15608171905467
182,209.79974286362554
132,146.21991597637677
75,67.26250751880382
44,42.19413215945515
24,21.83737974254551
32,17.016738897510745
69,47.06405102798568
84,82.73329516630379
142,134.01222440911965
231,203.81477263899242
249,248.8421270514953
212,212.70358590590064
184,178.55576395638724
192,174.6020167152528
218,184.973110427616
183,215.0141305853948
209,194.65079080762516
223,205.01143100933288
228,228.36694488588455
239,262.46780562967444
269,261.80442886942717
302,246.08269399437268
227,269.79511651066514
300,251.59480462320815
305,256.1587616592687
201,194.83369370648887
91,98.61119011434035
48,39.35979650589267
15,26.371916047174334
21,23.013892846713528
52,46.93962257042882
76,70.55076700135524
150,145.0057357599377
249,230.5077243309053
261,280.2303022255227
211,232.14868501044205
221,195.38849587380236
190,203.3224615820721
198,198.4556502391589
198,193.78675517758995
182,207.16308034064306
185,199.81469764671488
200,200.08280592526927
298,247.17316725248241
281,301.5817608461834
220,276.5473056172155
267,236.9446459968924
334,338.0186523617211
347,330.5390940344994
161,231.11289392362056
79,94.05991735209842
52,44.185228815653204
19,26.349300997180404
23,19.87101848238855
61,42.15731572327679
87,82.752837727184
174,143.09210923263927
227,251.81816031082016
241,264.0906505444191
214,234.51374578312524
166,210.1557390493372
226,181.15955018326585
195,219.79610217250564
169,195.47392837742157
193,188.67803696364072
236,203.00956149098747
209,235.79546797542767
277,280.585164945107
316,312.44553985508384
274,284.60337130828
269,285.4135162491815
356,352.6093402392595
339,348.07113309737724
224,249.95181980577883
114,124.59235976924887
51,59.77047746023017
32,26.75443819211751
34,26.521164318441432
56,55.04016347865887
81,83.35688149008254
154,155.09007635196113
247,229.90714782716802
235,275.06310640811836
227,237.42586591820117
231,215.55220761899872
212,230.0226139914084
215,225.5171824053913
207,216.57129404124979
202,218.7027943727189
215,222.63390770139083
220,232.68625392199442
285,268.06776119903145
305,302.8983229819271
304,289.6556716677596
271,285.5930639418417
404,368.29072472372724
323,359.70289133214465
302,250.21967854878883
110,154.63769299680243
39,64.5464070776775
25,34.96107395724251
31,30.83253084658423
56,55.3894357580405
66,79.70669225071421
132,114.68603940656037
205,199.63915345155942
219,225.96742912943594
196,214.7708109266001
194,198.56605104075655
206,204.29384006729262
229,213.41853890574407
205,233.95209384591843
200,211.9868203884193
243,215.28121790071177
233,240.5822983659901
275,282.3803369825162
322,329.90072637112996
320,335.7612945271483
251,293.87293571044836
319,344.91998013751686
383,364.0438382468066
358,299.875099829853
254,208.89484911938882
90,167.47734487631033
57,60.15241533241194
53,48.39456415889209
47,46.38109410783537
42,56.39294719777145
74,73.40331034259097
96,117.97008815266302
134,144.30264966396325
177,189.926513099913
193,212.69876790202366
248,232.78071770710483
238,259.23130623007376
232,238.123415012348
222,245.0242105863933
252,256.45091192087494
333,284.4273150522812
339,349.7972106969971
330,363.67426923492405
328,341.9088640763181
270,304.5744223156101
324,331.11491327200144
417,371.4699617607657
343,381.7697837802005
224,255.56239850353822
114,134.82792744619871
74,57.57622422804388
65,42.311939079394854
63,57.45431209351637
49,51.81126191703749
67,74.99823260162769
74,85.70428067308859
102,109.3285936975347
161,154.22806551843033
195,197.87880099968618
262,220.703947449871
262,257.09996624512917
249,243.9342155009912
342,241.6595063741508
283,306.64302365485196
315,278.95521359973117
304,309.9992979552088
313,310.449333779056
273,283.9920464350039
200,246.24909537800067
236,220.89650663438147
213,207.57374985846846
138,160.8343182590507
82,73.04472971363039
38,43.87977533924742
17,20.141275753317654
26,21.970237043880566
43,53.66580847829141
70,75.4826053386316
126,128.90426190496098
241,207.09149796786713
263,260.4143015230148
208,220.7626468124164
192,185.69512268863494
184,184.7206642574122
245,194.3054761710752
221,221.36511350740415
176,217.58396261071263
200,193.40297078711367
221,214.30560880615863
281,253.73801370373297
296,285.9560093908205
247,267.85766015411616
270,228.41761401841785
323,291.49023602331715
483,282.918127253314
204,227.15627600566955
95,128.4147421190981
31,53.59493722850402
39,23.998748440933078
21,28.728071326656856
69,42.567885604918786
59,73.7669119830857
110,93.14289645825174
261,161.87238492644673
303,284.60592159767873
246,264.98939204117625
235,224.4035828414543
209,222.44877747767023
255,223.70554410021688
198,246.90865489363975
236,201.8902480999105
215,230.32535693946795
230,228.23005306747726
323,254.73032951316628
323,333.4321365764427
300,304.7827100499315
294,286.76054974340144
307,320.1290528484865
297,344.2274981027106
265,227.1522514767454
104,123.31514285889264
26,52.65152024398369
22,25.008444080425164
16,19.927354779257023
38,44.57716723924255
83,73.42591559337654
144,138.57361551849715
222,236.60671981916263
291,269.1820654694117
257,250.9143821575605
243,217.80617046601225
216,222.20005954553048
190,218.6997334532968
200,192.73311981243475
203,206.6692963454063
224,216.5538497446348
238,232.71379922260203
313,296.3760428311227
287,337.74150645001276
257,287.3115780114562
278,267.41248499697235
359,342.7300453708904
421,325.00973045233474
262,243.52658184261287
80,135.96277900254367
49,46.36380727813464
24,32.036759903510294
29,26.185121049595953
51,47.27886966349145
78,79.62571471923327
152,151.791610308606
238,231.4123972756551
264,280.3906557120989
254,261.0673858233061
235,235.4395610811699
208,227.2543977038111
259,218.21517361302554
198,244.50732660176766
208,220.4205004831904
219,224.06046025339603
222,235.96637768914167
293,270.7293013825693
327,307.2716476378474
299,296.5190701424718
358,281.54255842026123
422,397.14654242229955
338,381.4176528448101
248,287.27934663296156
134,129.0126713671314
85,66.36096185508161
36,38.471301493654536
28,33.85513399658226
46,52.438238612746005
78,70.59946570029675
127,124.96423545977879
211,202.27754842187196
219,236.89543551983482
202,210.76770004806568
207,202.02095558557755
220,210.08247978269344
227,227.9175145475398
213,224.07053119128668
209,218.9534898910453
219,226.70219636803546
290,232.4654622239538
327,311.6441925345642
348,351.09737755999913
358,345.02478235066263
328,320.8059087953689
401,377.74781431188603
478,367.79259300088546
418,357.4819144861115
238,214.25847708790866
136,134.86209530436892
51,76.3815136574596
36,46.97654072110142
30,46.0645921781952
60,48.93080391414985
75,81.5115807173817
126,110.74389481188848
127,154.13824107882226
227,182.3425948775623
235,237.23268962315575
235,254.59598085465734
247,249.6552523410682
299,248.08330134471638
261,279.2664168922991
262,268.54588273102087
368,303.26645355027847
328,368.0538838473685
349,362.35848869018
416,352.97536218400916
372,322.5875334282422
318,387.7283686448066
432,388.19774310357815
391,395.8002841671167
257,224.63339738723596
143,158.378635067022
45,74.90165597362811
44,39.82364777673436
41,54.975821429431946
40,53.42180535842083
78,62.717811112849944
86,93.54973960356665
115,116.98184187664813
167,162.92769443957428
230,198.8273760127729
271,244.58941546787136
241,256.28969767619157
284,234.01676587702005
246,280.0763271752353
295,247.90377935978216
307,297.7332741221514
271,306.69436395483314
290,309.75989411168825
240,275.2646491127306
205,230.5268289039619
206,227.43577386569822
179,200.43514564798394
109,143.9833389146859
67,66.95533202619298
26,38.707719646008535
12,17.174876332475424
11,20.02182774991556
56,51.39735764696559
81,71.67387700933027
121,135.52082519104772
245,218.63905711639896
269,269.6955940222751
248,222.0336195170652
225,205.16880765321383
203,202.9013153521597
202,204.43468371127034
197,198.1813910674317
218,193.50938669792353
209,218.562787288412
227,217.06882191298791
303,254.36989778025026
306,304.41815366096074
269,269.73662827320226
271,246.79074785862898
292,295.05427452777013
507,287.48691967910065
277,197.67981117259578
139,116.96344606664
50,61.1195569452971
28,24.723897671204217
36,18.77598038266831
52,55.071828356583055
89,68.79713781719619
130,137.64339412397865
257,240.3447348699164
257,296.02112868171844
240,242.37887650034656
191,218.81665190664393
188,195.42488711681622
208,201.91437818631312
198,203.47299592454843
205,212.03992211603918
194,205.71348592761936
198,211.2244085222696
331,267.41798930377524
291,338.0665729995412
267,275.6602716557912
259,276.76794986068006
345,314.97338433884136
293,371.0927364018133
319,237.52071346265748
123,149.95296943144444
34,58.27604686341801
30,21.650630832280658
18,23.848896460780026
42,44.01453483155264
76,80.41626327065818
161,147.91472021917937
257,244.29583141223551
271,280.1981955240348
278,245.75495400603776
216,232.74464367160337
246,205.125897340663
210,230.01343939454281
193,202.84444811030284
194,204.81167596422603
227,210.80101754632776
239,230.35624255023546
314,300.027075341167
314,330.26618059744754
259,290.47784045838836
299,264.2165925838394
354,374.05817096377547
332,347.31865741986326
285,275.8693613619092
121,134.12663624053553
85,59.22666892687076
19,35.9092125316083
27,25.760637490553876
51,48.421530773024564
72,78.19772731105903
127,150.73662112171831
245,229.66478528170853
259,273.8217637948006
256,255.25593793931952
226,228.37166672329667
240,224.75377307836732
206,240.43749890743734
167,212.5733381945487
193,192.762784833406
211,220.45473875758105
227,231.08434526879913
258,276.62376048531394
338,300.13961599599344
304,304.74423470715953
281,302.7108868908269
366,367.3397816351123
315,347.3162618464855
230,276.13858282904783
145,143.19037931991167
83,85.48522203400269
37,37.77695873530223
73,32.87560361525407
56,59.14896249453673
78,73.70883304030833
131,123.59853503097172
191,203.6424894040288
236,226.97251674222088
217,219.2908302400568
173,212.61112266279957
186,201.33298041831097
204,207.82409133781533
220,200.98647527856545
188,218.38276908268298
212,214.3880524885771
243,234.85581472321
291,287.03543770607195
337,348.16975786854425
317,346.5033079136834
320,305.2823962221712
374,381.08862366114164
377,379.1557513677762
407,342.80827601842174
270,213.0963959489876
153,157.42095848922443
63,83.24407006769034
49,55.10875453623016
85,44.7977254514096
74,64.4486719212605
91,84.5548645724835
121,117.45277591086857
165,151.52310786710973
198,212.02529627493914
191,216.72469348973596
245,222.17844847872306
272,251.18167461825627
267,273.4306547430538
233,256.6838833372558
272,248.0818059212025
289,303.1109600163793
418,324.7304596421732
335,389.3571549111125
366,343.69141228675755
313,338.9938218430803
333,373.70753342571527
370,387.52963079234445
461,365.5259535477482
221,263.4723300046642
153,150.197137421579
55,78.35921047971208
48,46.80769036150809
50,63.96776522379847
47,61.83681270186178
90,76.92877195909111
124,92.3649735411397
140,126.64843291423628
195,166.9862753992792
206,218.34605649576824
242,237.5966402911643
251,251.38189802251662
248,253.77308528088193
263,253.89038275565733
205,271.3778024292029
273,247.62447013478607
270,285.3755481856212
374,293.2313792215391
243,301.1344121568139
200,225.44328815469387
206,224.73171352785232
194,209.23076145782176
103,151.81527493405994
80,65.05097048096337
58,42.31956117192006
18,24.10335761478503
14,21.846487684485485
42,51.58077559011514
58,71.90121797556714
104,122.83833799697403
240,215.43193080167555
257,277.1133173573322
203,227.1054880896539
189,193.7831600639715
181,187.55704153713904
198,197.66383787716296
209,200.70128509571254
191,211.33442421620663
191,199.7223493098425
225,213.19380158418227
239,259.9268328682248
242,279.17693687663035
267,242.61066613833123
175,250.77309511491927
235,223.3310491787437
285,247.6698458623719
130,211.47511277353345
93,83.51788084543972
51,48.57921049850306
21,26.187028060591356
32,22.32389287771469
45,53.187788574954084
78,72.69339256023126
140,123.65719890539772
233,249.14585663101118
230,280.5175724944061
243,226.8811316113006
204,207.21659338265468
194,190.56561460274435
196,205.78693545557766
213,202.9034790845136
232,216.72811240933365
248,218.39113826402732
221,240.91052564099556
276,277.0396473586859
327,293.33980851025484
347,289.8185157932814
253,289.3885818116334
310,299.6865777271587
360,308.9805641570341
299,220.43988779835536
134,130.2078224072525
37,67.71638426934683
26,24.86520682266212
47,21.293353247628662
64,50.489446083116455
80,84.1042019810458
117,152.31493743674537
165,217.65085546729773
186,235.69918748664747
185,223.01013186943874
183,195.27025659023613
189,200.23248553447186
201,199.26245806753377
191,202.1552517300697
191,206.73454224513281
205,220.10120704634528
199,226.93888442266214
225,269.02502419325833
263,280.51718347853387
299,272.3114860224372
221,282.2407875792779
261,303.219414698657
217,335.3216548802007
186,221.3188184643729
86,128.75276818110882
81,59.80503902685278
40,42.61388376030862
39,37.90177084349381
35,54.11328734488063
54,66.28041092033534
62,88.98080306227422
58,87.49521590389232
47,60.704600243279565
119,51.63417039599113
287,127.08590450577994
153,268.8988662959108
151,180.06675347745508
160,167.40330501077503
174,177.808957043318
251,194.6032421121786
232,251.65959764139865
198,238.39397813150993
229,240.08215295153616
251,247.2500076210294
252,242.93174411750994
269,265.1872602674645
200,281.9318443075241
114,188.57550299795642
76,83.75102913067808
47,65.23733289231376
28,32.97866093841442
19,40.0853699631389
21,44.89910688060705
24,64.82937670229968
50,98.92923841946879
69,132.6086729536627
78,117.36940483555719
134,133.93903752639648
140,179.51943901329923
138,162.92713752179338
172,166.98208837269527
210,188.94008896959244
224,201.4562468508275
212,231.1520324646764
215,245.047624611962
250,264.9191960631474
242,302.09538157646205
241,287.29683643596655
230,269.2590350922554
246,290.177833405856
434,299.74777387441713
228,348.9160458226134
161,188.2807959993459
90,109.12542931682835
36,53.03259028363331
25,36.59318624950243
38,37.13637492788408
42,52.46916863186146
61,58.84099031209412
68,88.2691467831968
88,102.67168201899993
111,127.38978934077522
141,140.30002343063782
180,171.84220532132707
192,206.85572145810565
203,223.87868975951318
181,228.24791043640346
208,211.8042634793043
389,247.75625564133804
265,371.8459197458971
270,307.01749472602893
296,298.6526340710826
220,290.8542727677065
245,275.6700312579601
349,336.8579099278706
372,328.9696330306307
188,214.4892139493524
120,119.14914504715587
55,62.21035135906679
38,45.32146932725786
43,45.892085723354604
46,46.09638879340183
52,68.82010220006568
74,73.8322028787559
101,98.00333390827504
130,133.36217063745443
187,173.73684323748563
266,217.88940949824237
256,249.61232633386118
243,248.73098065684815
244,242.34229944522124
285,238.3281609262565
237,294.95403857298965
235,257.88591990053595
334,262.4242923868004
293,294.5155072279352
167,238.55355844683774
192,194.32295373438478
95,207.3880131431752
72,113.20891241369121
398,418.3680488219064
430,408.4650986728686
531,378.4661688624113
523,338.6195759754805
306,218.6019599517463
118,121.90591175714714
57,67.38330387568637
49,60.985837633225756
66,82.5157234529794
131,108.45529825638373
140,164.03836511900985
218,181.7349488811833
258,231.82287025174205
290,265.10904793411424
328,315.46471292830574
369,349.31202869277587
399,388.42178362978194
428,420.6169993585227
489,445.54040186348715
488,485.6855919681398
519,472.95155930661616
560,511.79473392611305
575,536.4128724246717
519,526.1940883281525
516,476.8683780722869
1092,481.1221277677824
376,697.8255136866554
237,330.19262931690963
151,179.70589535247478
95,89.32466664659023
67,62.86662488397399
85,57.244855071754415
75,84.47964144112589
128,111.03634065187708
156,153.28684113026546
162,193.63136433692696
192,206.6513657523596
211,221.66063579028946
202,231.3103756626146
223,229.54128810490798
277,240.83653693070346
286,284.50818187743306
293,302.10320862875085
296,280.88809694891813
300,280.73968922722435
277,280.32299399230095
198,238.6176478626498
163,145.41145106473456
78,94.17197302942668
65,53.78654808264438
47,48.93963585025903
45,36.787283442061344
49,39.84468422668134
61,52.60230827634568
68,65.15554309653271
90,82.22934618113263
112,125.68250677621394
127,130.48965085257322
123,122.92308746380753
156,138.11157594856903
179,161.26658288558667
182,186.32416244943963
246,191.47727481286267
229,234.0554994198698
242,228.89744853890355
257,263.8229952891735
281,286.7392017128049
305,270.8218090083127
249,273.68546131259274
230,239.5279573800461
201,197.1148539321871
130,132.45499584047872
112,78.71398333422762
58,51.592858138111644
29,28.961933069636192
24,19.55397701178766
34,29.751317922622935
42,46.087008622616224
57,61.964687725294986
100,89.32624850661604
134,137.91376501531818
155,137.19162245716848
116,137.74082479904214
123,130.9718210957585
147,138.60418487605588
181,172.76320833053313
205,192.53935543415824
211,210.1159556259416
232,222.96424460080985
264,267.8884980860637
273,305.1770090015752
306,292.3699360197849
322,314.1909357129235
287,330.2252325388462
245,276.78831483355765
161,167.69437535070526
112,116.21748637158275
56,68.71397118446987
34,39.97936153964171
30,27.083989319149005
33,33.76557804875787
47,47.66255746647046
73,68.35708660239867
91,90.49741786276212
143,144.47829475614836
152,152.953712881447
118,130.7777685574392
136,136.2540915878868
158,154.7131450049513
167,184.45484188901736
224,195.81941472459383
186,226.3072908730392
230,226.69078954978687
250,274.5755487424553
300,303.7150896564112
331,330.5824899041254
334,338.1977140161493
368,342.80554892434446
315,324.84674416990043
201,213.22505604350545
154,144.31205205109575
85,93.01907787413123
59,51.60339687334796
41,50.76383856907156
58,43.564528116802286
49,55.04249588276829
76,70.53036314437308
96,98.3773025892593
161,138.20564444656657
133,167.79123880337113
108,135.375401981962
136,135.16836908835933
168,160.84333816711896
213,179.74135346491428
235,226.836127669696
270,224.24896737369122
269,257.02062390620694
303,276.48452437836073
342,320.35433035845307
357,347.6872665360303
408,369.0386424343286
433,409.0006746078937
400,397.0850888637957
340,322.94306230163426
244,290.7268808930855
235,204.58557697630167
162,174.9954968789325
124,129.540620469965
69,89.18436954230451
63,69.47283331675284
80,68.7281325372691
85,96.34321960016368
118,128.81940942696156
122,135.31336343450772
133,132.50003922978306
154,149.71647250965012
183,178.265392179757
247,204.67423985553583
224,259.35526565635905
249,244.37287787396087
284,263.1374556722306
317,320.1823122830393
368,361.33223946397237
355,388.4637556238507
387,391.64552159513096
393,416.25376099905554
484,447.29021852915923
530,460.9004648393527
483,426.14572697275923
470,456.298080456004
384,387.46335769982824
303,306.26850523170816
144,207.3116819859711
72,88.76353207662525
47,60.24305144144939
57,54.68456625867284
72,79.51692823485298
111,113.23890157503871
166,146.94867438504744
206,195.5121377226403
256,228.8915253205633
276,274.60303053000416
319,302.9958342042161
409,340.0588793881553
426,417.2825519168053
431,446.4063319791189
398,459.4769477113569
438,418.05605583833284
414,442.2407028600517
427,439.9834630209243
517,478.76278772830153
434,489.1513714542051
416,454.17496594738844
450,429.45041469205404
471,388.2656293511596
299,318.74199618329556
159,171.53897424854074
84,84.33940545215417
59,59.28880503827691
70,58.03995644502106
79,80.8358730986083
124,110.27593614031616
169,155.48064708544646
200,188.5938590081085
249,220.8303606957206
256,241.4659493058952
394,254.0678824656382
353,365.8850480179328
346,339.0043261049818
296,336.2929949319925
267,301.667505920867
250,264.8138978062158
237,256.6812134497756
215,234.37341963888736
162,203.08290052649983
118,129.96104656062346
69,70.86386442310082
49,47.29372635568159
28,45.45186082157118
30,32.807398580149666
38,41.06804201812614
46,54.78915159307848
50,63.25349075816475
91,79.16100752854571
112,121.66608255300143
118,127.5529003311289
106,116.49247049884252
137,132.27312473830915
172,149.51863225072918
267,180.89698413613795
164,257.83323017411686
203,200.76527208134036
189,217.538404555601
219,230.30022783556282
294,256.84532298310177
314,284.99063984307804
295,275.32186274484974
279,254.36877959332048
236,222.80255879417348
146,143.71633626528012
110,102.77764789534648
56,60.129075286670265
35,34.27027876179684
24,24.487166818828808
29,29.765580923798893
34,35.95073546212965
56,42.792430138011206
94,76.86360212685494
143,120.19223010095328
157,140.18213690464702
122,139.56606225554404
148,123.53336059027512
176,156.53608586678467
191,196.77608273836358
204,189.9432348013212
225,215.44680756912274
214,232.9012663006373
284,247.21659228661574
336,302.89688083131
320,345.62086998862105
262,320.4055707979213
328,281.9705470093075
254,287.6536105138581
173,188.98193787232412
96,119.91129349915423
50,61.02570471143005
43,35.43417580877912
28,29.71992483741031
28,31.414410435207735
47,43.61021997264278
57,68.6491834178746
94,84.37350821359948
137,148.4557799817113
137,154.35069777493197
133,129.3076059485325
151,143.39912711827895
148,163.45591890338062
180,178.10340283587908
212,208.41376843121245
214,221.14376468716387
199,236.27564715220532
253,258.2605667169234
289,307.1771113332667
318,321.68567276107916
367,319.9260652502924
402,380.8450650889867
355,345.8554014863923
209,232.94749706496938
169,148.04814420281258
86,96.45418088756107
87,53.546320588492485
47,55.628039921937
43,44.93925716825027
46,51.15491455472731
72,69.29503116511593
95,100.14493775628058
171,145.95649644708308
168,163.80642730294414
126,150.46060505953932
158,147.82650487434793
190,166.68597903743796
200,199.684982467276
220,229.0994306934377
203,230.67400835766907
236,216.56468239007023
293,263.0228745055278
364,318.4228709299663
382,359.3873828444493
405,385.4611407052174
437,421.77385714415533
397,398.2927953174543
298,318.1068844884046
289,272.0247820895544
244,235.15562084818023
184,187.34184294393614
114,141.57671542809956
79,84.26287318781402
61,71.01065129381374
66,70.67418779375544
93,92.10964970792601
126,129.1670865290851
141,142.90672013122153
132,147.67988051891462
170,157.4909376106646
184,192.49687936730277
215,208.37580049828324
258,240.4734907408499
262,251.1426082791759
302,275.13460667523566
322,331.72930864360586
392,370.09878992294216
388,402.0207383946286
415,413.61850419576683
444,427.64697442590915
486,483.79404057436784
483,474.59540637658387
449,442.8985529012264
471,436.88416604775824
461,425.9606475525681
292,363.5458936820937
136,194.6011333544561
69,86.67836730047085
50,58.87772068230027
53,58.337287474725926
58,79.14192963650541
121,96.97262685933542
136,155.90703715452878
221,182.1130258237175
261,240.6582940592431
277,274.59976554296827
344,307.55793286751657
434,367.9619353364929
426,445.6870311722563
429,445.29707656816663
456,448.26712408391813
506,464.85591743713417
506,483.0969993848953
454,501.3699138568837
516,504.8167381554075
450,482.70454708705864
402,440.0469898742959
360,459.99006229008916
398,357.9854446995459
260,311.2518533467618
169,163.76841676784846
85,90.25681797366374
52,61.244469310307565
66,64.17196722900219
69,74.18934290825798
132,113.49089785513529
166,154.61968327551546
201,193.4450068806538
246,218.31367180339836
287,246.65854655894108
257,296.90298622270166
348,269.85874746267035
307,340.04132845555046
305,310.1548420929078
311,300.98444064652847
286,292.3324795226646
286,270.5784979412822
213,261.7547257901351
162,185.82141478025076
128,119.48010126087964
70,71.34854775319138
52,49.75467662198429
43,41.71051687628228
33,35.71984824297842
33,42.63413774715956
42,54.84938939974622
73,62.097504156641264
82,93.76557388778376
131,112.20354672927648
123,130.5095702502611
122,115.71183716852805
114,134.47819703078395
157,148.12490573168733
171,182.41857070460566
184,190.89549150065065
201,206.51022638715008
220,207.8129068700275
277,246.67122369053843
308,296.5924179460578
280,301.44858784044555
279,271.5222449123581
253,259.99171286745565
202,208.38326845301887
134,125.54912195403668
52,91.92653179789284
34,42.439028502441765
21,27.79954340048652
18,20.250111567639447
25,29.1091635972386
36,37.29081206844702
61,57.41996093216649
102,93.64896484671445
149,142.9855725805264
129,149.43726404003317
122,125.02571079031492
139,129.91834743527596
152,154.75350825945202
191,175.95601461126108
179,205.82684578773504
187,198.64571555504574
232,211.90624713315682
286,274.17642630144013
296,320.5048382464523
341,313.78091785777076
362,322.8962148782376
348,343.05530558539743
257,299.67525748897344
197,174.96078273648698
110,111.4521615175076
60,55.08986538105006
30,39.87205074199053
24,25.8885710367611
29,30.18234440903794
42,45.16325652606184
78,66.7147375246148
87,103.47798348701234
155,143.87084263605757
167,149.73006467116872
131,141.87996869658997
156,141.13151415646405
171,163.33419154857884
176,188.36991613980453
191,202.2020449448063
215,202.49600987792496
219,231.81666214859345
249,267.45071487177427
326,297.45930718765356
339,334.8230649568809
384,358.3383356526829
408,390.5195989735354
347,355.5802990591831
265,234.0079566719124
149,179.16550386997892
93,90.96809060574047
59,62.65428528368168
55,44.82432810516216
42,49.7266066854291
48,50.84882236630417
60,75.83739517421408
100,94.57486942718374
133,158.78244194399034
166,164.56842207620224
131,145.70106336788265
172,150.07115015774843
186,189.06592282223966
204,202.39466495646715
213,225.1428863445914
237,230.70647965829482
246,245.3998783316033
287,285.07989328158334
322,330.9795379840205
370,350.7518564484424
394,393.75163567838376
406,420.26390774076293
405,396.6886139147773
277,335.19642203081526
247,255.38061018745177
213,220.40680226396768
152,186.71540216292902
118,119.84325407530217
88,83.8413627775725
59,65.10718575474428
69,68.94849641157792
79,93.5499482345726
122,121.59010523069354
126,141.39766206749638
135,139.44211484520986
135,159.97294298409508
160,175.3321494877198
221,199.23417546677956
194,241.7088588702962
241,232.18721530010316
263,275.9924693647918
289,310.66426970617806
334,348.4329907206164
405,369.11824227997613
405,416.2642843648925
358,420.98320030770276
374,427.32553210903495
414,412.53177366379015
408,400.9282610657535
404,413.62725500511186
421,382.86447119149227
261,330.79029125143563
167,165.62694842970063
80,90.96890273379584
62,57.999588636222555
52,58.57576578757111
87,71.51399150889566
129,124.01369158616957
139,159.3524854603458
181,179.4091780744184
196,220.54167048833656
292,242.06595005638542
312,312.13076216264346
348,343.34639268937275
406,383.3406804334406
419,430.43981164509296
401,438.431076566495
438,434.59912478457517
421,450.06834422742395
399,430.06354430096246
462,455.98037142480706
452,446.52144039741245
429,439.35144014806104
498,433.81060025337104
406,420.722304206892
291,289.3479999209651
175,182.08478516717386
55,94.14008783410912
71,57.86050630605586
76,68.23333688581451
73,85.97103021724199
117,113.26389981479291
143,155.46745580096592
170,177.8692025413685
268,201.39960043940945
250,268.3422153746485
288,265.8304220600108
300,306.9731533220289
375,307.3326843420336
337,365.0866066996092
303,332.77780223733447
287,280.01228078011184
245,274.2089215538806
195,237.97559348277403
171,171.55884244816306
111,125.92983546330035
97,64.9553293938086
36,54.50678418275449
29,37.172999487580675
35,34.27061947386396
29,42.97540274901359
60,48.262579193342006
56,76.26993331059028
61,89.87387061556574
95,114.78473410644183
114,117.8329659973836
93,118.21622527411851
111,127.55688185829601
165,149.62348667877185
187,183.6068712753859
218,196.84112898880534
223,219.10457623965638
252,230.51621960960642
267,270.98614973208623
263,292.141446115904
242,274.17989773104597
221,253.54645129090972
211,226.22104770527966
144,196.2907410451318
122,115.64745225393274
80,84.1550609097322
37,43.995386807579166
32,27.50578892981676
27,23.100532297516025
49,28.087024382424197
58,45.169708175338535
64,61.244466663691625
77,95.44991936785395
109,129.9503346925786
109,135.60462928167192
114,112.25126019539248
132,123.82226505047248
129,152.53730109573863
193,174.63450698003493
218,201.19423081284245
241,218.681249250105
235,248.0796601596909
203,279.7063403764909
213,263.20156346752447
274,253.2125524272146
272,284.4579285715004
265,281.6545694958224
245,241.42220219651608
156,176.91314424692402
121,105.06571975293134
70,64.73593858265085
37,39.453210437978626
32,28.48054053396297
49,33.84863377525937
48,50.536586942327254
53,70.96429397767363
52,90.77228370841748
90,116.32705327977035
110,129.4495294853722
82,123.67296731640067
130,122.03488097099978
160,146.08708443292264
174,183.5791574792531
183,205.77432358055722
179,211.5004045416208
209,213.66205021070618
211,243.04909767708173
234,254.07391743628642
393,274.7672968842196
245,372.2814445745042
206,282.9977537464185
177,236.85090678520652
195,170.08810102224385
189,164.51402913635695
214,129.15388505572162
187,140.90188437268034
123,103.35550544173051
72,79.12795070765804
36,53.77169547831938
42,45.91543300014997
28,58.57767396636047
24,63.0417604446101
51,62.48725189417579
68,61.76238523228499
76,85.16753821106147
88,86.7377436378442
101,109.45310866271451
101,112.72612803759698
127,103.39383075025475
130,135.6925325157939
157,117.97353492979796
167,176.5835895617334
147,197.7369356222081
140,158.93445089578248
166,119.94746262946529
116,142.45687070925433
112,86.6700356495085
56,131.14320017402403
55,117.44316361347168
22,104.54509779368128
37,89.79024894172416
41,70.60129092242126
14,53.01520368971992
33,57.83520624449967
24,64.99317875091153
25,79.52324725583566
36,74.8852227005176
56,78.7982486824876
118,92.76056434767906
153,142.86602860947957
237,175.74209804097856
248,223.3303985148374
277,251.6871098142474
355,280.04822581866875
303,361.6117635347801
369,341.27841568766854
301,377.8341421024121
301,327.4294568830995
265,330.39183432306316
239,315.6180545124891
210,286.12037429572473
160,184.3104999416622
173,182.86725423789883
151,151.27433529675042
116,170.43905583754335
65,121.00536557931459
31,53.88787672420881
25,43.58101272566418
21,41.974485481091584
44,50.87470074568069
67,63.035437957243936
82,85.68918879618315
141,105.60832891501751
179,170.41142625204594
200,221.49835452227282
251,253.8297527238707
305,303.34066006367476
364,362.7196246760006
322,404.1901741273219
354,370.980077200325
374,392.0883739704664
280,393.0258559917271
291,303.40180335317655
303,320.1546273841941
274,323.0186610302381
269,257.94467817944604
318,238.5703217214779
239,285.12646064850253
182,228.3321241186477
98,121.79969311897193
50,66.94410428370287
37,52.22782585812288
25,50.87621281675677
41,57.378459657981274
57,60.14387082017973
112,83.73005945012743
177,149.88148521087837
190,199.5268595295275
214,213.15590978275168
217,237.76871790600075
218,257.2064167677685
251,259.163949440571
228,279.5651601542983
250,258.2246742183333
204,254.7040986056231
186,223.17399987213838
211,194.50490657212117
129,186.2400380042872
84,107.97054880169416
560,427.0565094711558
577,410.7213182967525
535,384.1759881632313
450,311.2544407823563
343,253.6272861221664
194,161.93375684876864
165,195.94049867673212
189,214.17704656506478
269,278.27014893706007
296,323.3061432386477
292,345.503099228102
347,323.90249487765885
370,381.58259621445916
355,401.75084530708216
334,371.78272000323085
369,359.85985024510575
400,421.2463556845961
387,454.7797695586663
505,457.45938741015004
488,538.0619554352988
480,504.79115251047597
501,509.97181412359373
496,545.2408226987527
541,536.5931401213288
510,528.1533907737991
727,441.06062289845903
231,484.86853276554467
224,212.929149620081
177,185.10008756621738
120,132.58968735571912
151,148.10867569697882
172,164.59833756036662
154,212.78261826302867
168,238.42116033336868
220,238.8080212327568
223,284.9969864025258
246,276.79877993439214
264,281.08626245391855
305,305.4328559473904
263,321.63926970500825
293,290.1881119841002
295,333.260244934985
319,324.29795803524905
316,325.59060222640676
310,316.54828650546915
296,314.7260836292998
269,290.8609939713003
177,235.4034184199491
118,128.20386869044452
67,71.47902637215478
55,49.723675134432916
47,49.33742611695042
84,80.7279243110885
140,115.54350628709291
182,208.93315374139866
240,241.2562340059731
295,284.91134873518934
259,266.81583527142385
197,208.51602560943456
186,190.65616031565946
175,192.657639193804
211,200.11317829623167
208,222.10503803062966
199,228.72952279927765
258,235.25354658250419
336,314.2285844903793
328,346.16510965727525
282,292.99123898713106
248,246.88385361566793
230,233.9359011331753
163,208.434568920973
162,136.53749775949777
111,101.84295048211915
46,61.287724135465474
34,37.61448303362397
48,45.02005181300822
80,72.28945460443384
120,114.94007915201789
164,188.78683327313087
221,243.3195701687291
238,298.1377458135868
242,250.24893102484936
168,195.0281287155918
165,177.21946430337672
182,171.31258966898582
206,196.86392463185217
223,219.88898093230202
212,218.09145965527952
250,242.30929060918524
333,331.1610845274907
315,365.0500681015411
298,311.43445801785055
299,279.03806616912897
262,288.89464563157304
255,237.69683270471276
173,194.6951117716105
128,129.9422907337199
83,73.26778588619855
46,47.47287660416792
43,43.63343505281625
83,74.71267077554579
116,114.9785459309151
216,178.6820308024305
247,249.83272847611153
282,296.03764023283486
294,259.85667390237063
210,213.17592367091913
181,188.2501830711027
178,188.48489600478243
213,197.6224772162772
254,231.69123796659255
217,242.43834707635023
257,258.79016019906254
305,332.1943409316946
313,351.9260691465143
563,306.9157973536037
366,451.4746043616986
332,340.64009976311934
281,309.0133114982415
221,214.95771817869073
129,144.5968612901718
87,79.94076327313789
49,57.42705422012536
55,46.671231158983986
80,80.09181263869958
124,116.36800775565541
177,208.6834011520417
237,246.75555062355423
312,309.8245732346941
284,304.4102981658357
211,226.22845386096697
213,202.51324648250977
176,210.32854638928472
228,202.3736293644436
224,250.75204708988045
248,222.9379791632273
272,283.259618019259
366,343.88270252523307
387,396.6694672122002
386,390.2233483358559
351,359.16294008558873
455,357.6778276964089
314,395.65156141535283
265,273.7365353279891
178,189.67512495785405
102,124.81503015621479
46,80.11547326188803
73,70.77022577313544
110,104.03982157250682
115,122.61182761025405
187,190.4906619879685
252,244.75628549080838
270,296.9419073429036
335,266.13288696539746
208,260.27895389598405
231,221.11314359855498
221,230.57381970401642
219,238.80283974518682
269,241.29086411418186
271,283.3001673888905
299,306.8177038513333
412,377.78892632836227
438,464.8550394409908
420,468.6686506107843
318,416.1045704758487
340,380.30225538789955
477,423.38198781229823
443,471.7144304220895
476,398.9886424411033
314,339.75617675781683
230,209.42882854891386
239,187.5864555258361
154,193.3532273046619
128,148.69541527966157
140,167.81280464261027
154,204.45561683760036
240,243.69876440454792
326,302.6969371875746
305,333.09465927470035
373,341.6658838515211
368,390.5638357426097
366,381.80294486278973
330,373.92063120671173
399,352.1982909117265
395,426.20293199955256
466,437.85219531834383
439,512.0610325308945
441,472.00628700353735
381,451.0185028869143
370,421.38959658833346
458,438.5258066258727
463,493.7130687888805
451,479.9964908082178
340,301.3250417178239
253,264.62982996179215
202,225.03661419721945
140,159.52906469713426
96,120.19456484007829
157,138.81722874770045
166,163.68247531286514
197,205.075068314722
219,251.55850573868972
266,265.51745771735006
358,308.3330728639963
358,374.6096992612255
319,355.051109627524
436,325.1940741955876
335,406.66589373093416
392,344.0541722127027
355,399.37842193898274
322,370.15518418912643
295,315.56712862477264
204,299.3754583199223
231,239.89620620557235
206,253.25208011848702
182,181.69627759904816
131,124.10019927884052
62,72.88569531694532
55,45.617920761130016
36,46.084643756506274
83,80.49044087784081
122,126.95831403029983
179,192.44529778313415
256,246.93894027345164
287,300.2229139773699
238,257.1607121566105
202,203.81544124882208
198,193.86508677464693
231,190.8324918053367
248,226.2961237104089
242,241.5004706477467
209,237.6958180016222
246,237.44683008655588
308,309.9383996618349
326,325.9024079484195
283,288.15468647660214
264,245.8698374465923
264,238.43571033214218
186,220.63826597662623
151,144.05805770321757
87,114.69046430111887
60,64.96403751755885
32,45.91102076685234
48,42.2408710458414
75,69.7438654211475
107,107.06742808040792
165,148.20616372714213
229,207.49126301408344
295,265.5420991138484
248,267.26346142045026
229,216.49279467730622
217,218.9154378563385
237,223.21953944595083
226,244.1115594827821
233,243.18300944392666
224,238.4630779007497
267,253.97529637622893
342,317.57996712997266
367,354.8808647195329
335,344.59341042972386
274,305.78935524823413
285,274.8658237017055
271,255.04901540013643
188,200.98780678205247
154,130.1727522144241
57,86.02698625868983
44,44.85735305594441
47,45.86130399105212
75,76.1666252166116
128,109.90935479549954
168,194.69488960932188
248,236.29675286897384
303,305.1626045819039
313,277.07546851557436
230,232.88531639999863
193,198.72179525352587
207,197.43723949953548
196,217.30918241812836
216,228.6547126289325
220,224.09652499073462
245,259.98745281762297
327,323.18850399797594
369,362.5259212205671
297,348.5950689609972
244,300.87689684660876
264,283.21473290056554
275,285.3556226596219
171,210.6077990060896
119,126.57164500372595
76,74.20351079970773
49,52.04049545968632
46,51.67699698929789
76,76.21337013638689
113,121.19675136818582
172,184.06197814697614
251,247.28175581242914
287,317.10292707057584
291,295.07434346565896
257,230.8083368493387
242,226.11875054179646
224,223.6013136348564
200,224.15937885909156
235,221.67781043748226
228,244.79365135398905
259,263.6803278873487
365,332.43328500267336
386,396.98058727012847
343,365.71156242885905
319,325.9486357502222
309,337.22681122111754
304,308.5868531538962
219,262.61749195014914
180,169.75898041761704
116,126.74941069370304
78,74.63131605106096
65,76.18398613853665
89,103.07013814624358
103,115.21844521669811
181,183.34207452485956
220,243.74486077273696
275,274.60516982275277
283,278.81859727562176
228,242.4185020327911
214,234.4696599593411
221,230.0061722623955
239,230.2205531186852
284,262.444163645521
280,287.35444654374555
303,309.1333769526615
483,380.03005596194976
505,505.3918488125598
471,498.5680267644417
396,441.9303358262292
392,402.2756203787222
449,460.5869674166514
438,444.7242662691406
358,429.83194484096805
300,304.9042852971464
255,214.89357571002307
202,204.9869139088049
159,171.66173910083447
117,138.48396500206036
175,149.7590586082528
191,186.82694988528607
234,249.7046287576792
332,291.0828277719804
304,325.0302514455505
356,342.0443310879255
364,363.5027523562766
392,370.402281085442
343,382.82401731550823
375,365.01341458846383
420,398.57870417606733
476,468.8132688983781
506,510.1475838184947
475,499.39683227354993
499,471.8471334728453
425,481.84785199797784
525,478.9732590906554
553,506.95241299881053
488,456.03543635674356
394,374.6909399781338
286,284.42285367791607
213,214.829641793026
138,162.15590651860873
109,113.27338824017532
161,146.06013522464835
187,168.04964222146384
195,201.21928745291
239,244.9567866270082
299,271.817881022199
338,332.95944759076616
319,354.2656801672615
325,324.03031042261114
334,327.6949358752199
358,329.9643181386701
382,362.34093747804326
366,390.1173734147468
370,365.1647712116409
315,331.6825714876093
279,301.1699427623683
253,280.4587270038967
239,256.09519590698596
207,194.46564428270116
130,126.98538966243703
81,66.41113025251114
39,52.2509822994117
59,40.822762549868905
84,85.49234924153555
125,126.09043767932748
224,188.94787593974036
320,282.338136383748
345,323.3968405283581
286,275.35888526475304
219,224.95831645094097
188,197.46872808347902
184,194.08002319333886
196,206.39427686999124
219,216.5936918773921
217,215.96368545722444
279,245.38471506608525
352,332.73431450175667
334,354.2094324449859
290,296.0577830211197
235,260.3023223745939
262,231.0573715726282
188,225.71532716023083
162,141.47274518273778
90,103.1891139009472
55,55.429691338731594
45,33.904186236997795
44,48.271425480405455
66,74.01974371074661
119,112.55527165232508
189,183.1616782360054
280,261.0913104507852
308,310.8706844432563
261,269.7607266835833
201,211.8328237144562
189,190.35481381170266
195,192.5080481474227
206,204.27130681082434
231,223.54430622435953
218,225.38228192943058
258,254.1206490228734
327,339.1692945093428
342,351.89536296526916
289,320.53384480791607
244,273.5604495104193
304,267.9663531031423
299,269.49551266439255
267,208.3021096466487
135,158.11734091331158
67,72.10623163349977
50,47.19822479566841
43,44.547091963184315
71,73.20662065491747
121,113.22042129399313
205,191.08168157976758
271,268.1470411090325
347,311.64867305285765
338,294.1597765021781
235,248.14805271345662
172,202.95084597605933
183,191.70611221124946
186,202.3226501905003
210,219.91756081813787
189,222.31904333766715
276,237.15605558554793
372,336.8465851882742
393,388.69948627588076
288,369.42995093889283
269,274.2552020819238
319,287.52587770991875
387,309.3687674086753
231,281.16700407097943
127,146.52944403053905
71,78.72035896181737
45,51.18079661478767
51,52.859167776192336
83,75.8318785843537
113,118.80857704288384
198,186.26525147054272
275,261.5862201838747
320,332.05327057667273
301,309.63396655136955
203,247.6032812555937
190,205.68671247728497
221,202.53270032611658
215,219.6562424064218
237,234.1146557944544
204,246.89489351639793
292,259.4505297652769
359,375.25055488454626
491,395.82131269304324
379,413.96472062174865
309,342.5855843411761
314,324.53334926068305
340,323.21760986993576
228,278.57779636250643
195,172.39749533304263
121,118.33470746702031
103,78.47164790925025
81,78.83436973300638
107,105.39959444178224
126,118.09256549979877
179,192.3913421116879
258,242.9566880331135
284,295.8967781256701
273,289.3418309454987
252,230.19910914956233
240,226.9909468597202
237,237.0538283885196
242,243.07445877644227
297,267.1162589822898
270,289.2479743207503
348,311.21559437706304
495,423.2484689220116
483,522.7311174066383
473,480.9308725176827
386,441.0340355628993
346,370.24765191974205
411,398.8155198515735
398,411.9531879933169
409,369.9830865692448
317,333.97133401188245
221,258.5465325197444
242,211.45681830227608
178,157.12056451711325
154,139.79842640018896
179,165.73340649578208
213,192.84171363498348
257,254.51761879761077
301,312.04238202680915
337,311.1941630262439
362,365.6187911139928
384,369.13273995706334
374,389.82803043238704
417,375.5993479868043
561,407.35445731509697
417,504.09863941793344
463,466.38476900012256
523,497.73185877880366
475,502.1681092515973
424,458.8505493327328
413,426.23676455472696
472,464.7212967955961
534,480.91939530592157
438,478.731000756984
397,363.3904598547515
229,280.26172383256636
210,204.40845855043574
165,156.43553531656292
150,122.24320213626227
138,156.1934444511669
196,174.60775851155543
213,205.79108295731382
257,244.6848307101932
280,299.18431556131355
361,320.9504167622825
360,345.3446257047443
343,339.9390947818436
332,351.15234001400626
314,334.5469874573829
350,335.2766741792295
362,354.9389020740885
394,357.9081252781569
282,349.8175151011233
255,266.5358112215934
251,254.60876380219779
241,245.5612597536981
198,198.63085601832992
115,124.29063428005868
90,64.70328246327092
45,51.615532376892965
48,44.753849731148
101,79.8574140429872
98,132.59363331143032
171,189.66044481836897
243,264.04887499819796
288,310.359228511631
215,257.84821385463175
180,196.70150679701487
176,180.28927918165445
187,182.02894983060636
216,208.35094235383013
178,225.42533249734635
246,194.46498888266672
226,264.72397851569906
323,303.289648883703
320,341.9749955555883
240,287.2764505045414
210,231.18129428288347
268,225.3659014004782
183,219.11870010077376
137,151.35327107532942
98,94.8692706622034
70,60.01190665878407
48,39.609835699757994
46,46.70067101625355
76,72.29052145795946
115,110.4022504116131
171,178.30032373406647
242,241.80318641536803
308,299.38877512954207
259,250.11096935400275
209,202.21384771683367
199,188.13377264425958
181,197.95717366752848
215,200.9287923900856
278,220.0140016900095
269,266.659149359665
362,279.41713567100436
411,390.84665212884954
438,402.4608102049693
394,364.3371190843067
340,322.8177665904452
325,321.1769537782876
283,283.45113797350257
215,207.55313691023701
170,141.661154790625
93,86.74231706832286
71,54.7677296707783
75,50.89125533415533
118,83.76980945443253
134,125.72525924275732
178,194.9187721356217
217,251.5445413712388
270,309.5557513619178
255,278.6507468981306
207,215.95078220913823
227,194.4410554402386
258,208.19405610046698
266,236.37869159031303
285,263.0647235333866
313,269.5412993715058
297,337.5187691000188
305,360.9947414376122
356,359.669758019754
458,343.64236267970335
313,404.1063855700104
265,318.7233359719565
247,285.9007091875774
270,212.1113522966428
202,196.78765639590907
133,133.7870410040072
159,82.99986527111994
123,101.05156919815167
159,101.35808198988106
171,130.63126621449018
181,186.67946061769993
159,204.38018860526887
142,179.6212394232259
157,159.05634105625623
172,176.91204545337553
229,192.7706880142653
225,244.99341417544915
223,241.99554261498093
257,250.45025942505137
300,266.30456115956457
313,329.9918435265669
299,346.69180141546445
320,320.8979529451689
283,344.7879000071116
281,289.1977238070939
314,280.77469748108484
293,311.79262735568994
273,264.23982210854876
214,201.88241269117452
143,136.09977963194012
98,100.30620691209309
78,84.11685809926597
54,108.02332392297696
61,115.30700169193517
122,163.64216300331134
150,200.06782994704884
149,190.26706025561566
155,179.52054984819864
154,182.15152143113036
185,198.1812928914657
204,215.82969031289161
203,228.6249244276769
235,250.3782565002892
229,270.30337630477135
243,287.6877040988142
292,335.25899633063796
299,356.39742470991945
299,346.6790612282837
274,314.97950552052305
297,320.84117319282285
289,360.6886622817589
301,344.11092176403287
270,279.6586659085127
196,255.2804773199965
215,177.94144272728718
143,191.58860581470933
142,137.45424942797464
83,121.77742428895215
116,129.90225334677868
108,161.07557012627385
157,150.97187712844172
191,200.6661647526928
212,249.32063574173708
248,264.3016336485514
252,291.3101922778199
281,289.34825109854853
244,309.12834653744864
294,284.77826670712915
275,339.75991195496965
330,338.274695479584
355,367.4716826050188
400,380.21696528281683
336,406.1456840426579
314,362.3228328058937
328,354.1225646190378
365,325.7774583786321
317,342.15169986347956
223,266.3813356590107
188,203.99311358776737
154,169.29399859440107
150,140.62020625810234
105,105.56966832408294
130,129.49402617941575
127,152.5874752720058
139,169.58164767987984
173,199.25866091449666
251,230.34512774929595
316,296.12062655123015
306,321.92637165575053
317,310.5027551907264
313,307.72115112701
276,316.2836442508383
326,307.69818985613426
347,342.22753408360205
330,355.65248043416284
238,298.0638113778448
237,234.9715988596481
192,236.3083405775189
179,206.72743331373954
171,169.92034874164156
882,1045.781386672956
1158,1033.7141009459474
1299,978.827067090652
1322,882.3925777827496
901,682.5939633048309
296,390.4832553812905
174,163.02180426434413
123,135.53326328323107
130,146.64524283275318
188,183.7032677043329
247,227.89206847017118
245,266.36948546702337
307,267.47546489764545
311,315.45422387234436
316,336.73440669133646
357,340.6969177389755
368,391.209033078417
467,421.4116334006821
590,510.28091329016394
635,632.4454311341209
773,665.472690836474
797,769.5843559602173
934,919.1533271483356
1087,964.6973982424141
1222,1095.5117078730257
2820,1274.7471400358977
965,1077.5787442722815
685,830.5315836065887
374,543.5430810938868
186,226.29540955503478
141,146.5422949906522
142,126.5388601394311
159,144.54408254442342
183,192.4577121683471
209,224.5411575772918
232,238.30023771170838
207,255.2267778460958
244,235.32461046376412
202,260.3229356558741
246,244.40993678028485
259,275.3933322501298
332,290.2081852134022
397,345.3609178725822
453,378.1372260159434
461,415.93544331231493
423,442.63011436756403
357,415.2302083544558
312,300.6615264660181
192,205.46271910941405
138,132.1241546995443
99,97.61805768147316
86,79.40311951473701
73,64.925419166955
93,77.87212626831534
112,101.75637098731627
112,133.58616748055644
177,171.24374848691116
185,183.3537200723429
155,169.54238644383508
188,153.84220009248583
211,194.9748495907986
187,214.63171525438693
196,190.07524714388137
214,195.80278456605964
169,203.82740784007714
240,198.20768234640883
248,270.5867452896096
285,275.89589857537334
253,298.43034201957164
291,285.7859237707974
274,294.2405180489428
221,234.5354585818424
151,156.0808068332821
103,100.0831649170122
48,61.69021950560088
49,40.235003337557956
51,52.21048798716691
75,68.6329510528784
106,99.2916272871558
156,136.96952104708626
193,193.33002522944219
192,194.1642036272113
156,163.01206849730445
148,155.50356096858
152,160.22429975935762
152,159.19106252872774
179,158.95593869521446
164,170.82273497299812
195,179.29519286166502
212,238.8552371133052
282,274.5966605350497
308,320.35294271116317
326,351.1997813139461
360,404.4420424508283
370,405.8554169580023
303,332.19108914751337
171,216.02150134722635
123,120.89958610124663
59,76.67824534600365
47,45.22096861684809
55,53.92619981752381
53,62.34867065174071
119,102.2347958686263
163,152.15571602463564
214,207.3442724561011
205,221.4744118492548
150,179.60305949181347
174,159.99611202865393
152,164.97217268610365
173,155.3502757113925
178,183.37852492663367
165,176.95040517671129
172,180.62705659858324
189,231.94827587254872
295,268.31583141796045
361,367.685468792016
426,424.81416484087345
495,495.0630379121035
485,509.43926244512875
342,433.21736209519446
309,270.62377932700167
193,202.21437545764255
129,130.55389040803755
104,93.84285567574365
90,91.10139882033803
78,79.46782414815387
119,113.89001127951933
149,156.42426669108306
226,211.35541768899375
235,236.23604528951992
212,196.05841180422007
191,202.71813348454523
170,194.98934200831664
160,180.4894875723597
192,173.66970503855146
196,188.09100705771294
217,194.0400606282667
252,228.64031094891115
306,310.4379404257582
451,371.7448414038704
492,493.5637011128544
800,573.7914401817299
835,727.5269028148213
763,713.9277777220761
562,726.799267549082
415,421.0347437937127
252,274.43859671878647
172,204.37828393128893
114,134.7082793676751
86,104.16489805177493
95,107.90858206252912
141,117.24378566240387
174,177.70860028777057
214,188.9177311722707
189,208.37601087301226
204,202.07887196307087
193,210.44186137975527
211,198.0122337267068
247,219.72230418203816
212,239.3015065196199
239,238.69758494776826
335,280.5407545191284
404,400.18452031020047
430,479.66633747733897
512,520.5129843452786
574,662.8280730963766
747,760.3657578677022
987,879.5059275047361
1112,1040.8944377358073
1208,1217.6614182235242
975,944.686814530164
708,736.8332138001105
297,389.4399545685429
143,173.93765593306466
104,112.8401135856609
88,126.19876705390638
140,128.47142107413381
208,192.89432144307804
215,232.48922007926632
262,243.99862787494843
340,276.6574012158632
295,328.04707310931616
341,327.03450184921445
373,358.9852012698593
413,403.9088614587862
442,458.02881915285195
496,515.5609700785187
564,549.190603541076
618,642.3680863602226
723,742.5369823698569
900,869.0799433497341
921,968.195801141425
1027,1022.4309575947151
1125,1147.2922733529474
1014,979.4646753236946
711,718.5187466112158
407,391.7149945790457
184,208.37196291780666
114,138.24457610232324
129,110.65677610581625
137,145.84697475796537
229,188.78631945670747
249,242.72742100488253
290,259.1187296512665
299,288.23581203615163
362,285.69947808344216
400,337.00909991951374
382,371.8966173843347
366,368.7399739561785
344,362.72123857089326
318,359.9360682451166
322,333.60348578530767
287,338.30606239772413
303,328.84202601153214
305,320.05506984442286
229,258.8424912806591
202,166.15591164558006
126,142.15580606066922
93,86.87064038317138
74,79.65521886135505
80,67.0713583505501
81,85.41534463828785
107,105.38102455267648
130,131.05459003162144
150,171.52690221966353
176,176.68696547190217
175,158.6983646682781
185,167.93318662595365
222,182.54309404141625
212,208.17030724775665
199,206.03103676795072
173,206.97345465189673
201,175.82597338044474
230,224.34705416173904
253,256.7276856633567
278,268.336194306982
305,283.0253856365653
357,325.9117296653576
365,339.3662726902666
250,276.5073555598865
239,198.12762480895648
125,162.5029669637035
85,83.42891450827288
56,57.73174961807137
54,59.1325757413099
75,64.30161422934411
86,91.90891788131367
156,104.04688340608851
177,169.33982518702902
204,189.11583128172464
158,195.00657166742047
134,156.774767867589
187,147.6626651596987
176,189.84147067117064
166,184.11282774636845
157,169.58854569952388
202,175.93394406227364
237,234.61728691024913
296,271.30439141434624
298,339.10829209048546
375,333.9473598790982
421,414.3733468997565
409,426.55957763018137
300,328.5707454183292
217,218.35689640285193
147,135.0461167388716
76,88.62006186556138
51,51.21495571655337
56,54.44791917029488
70,61.944397388506914
79,104.7884869192225
149,142.34886122191855
188,204.60960541849798
204,210.69303702333278
187,174.91552977935092
148,166.208190749655
142,153.50496730749595
162,161.83511001918635
149,174.2902739923082
162,160.71288753260202
177,182.5392072443564
219,224.20776663770758
286,297.15839323559555
346,353.8761100889186
404,424.9356579833967
602,485.48396482060565
618,553.7852297109569
444,471.65879751626704
367,333.31358520383117
210,231.12038552468093
160,132.1118292364326
107,107.21739765757178
110,90.8862260500503
96,87.93223245194353
112,110.55097377707534
139,150.134935099948
217,195.91421790034784
231,237.071900783468
194,209.16759820917767
197,184.18974572305845
175,175.96674516059116
172,176.66581509214393
153,175.531844214733
166,170.63865601288248
197,181.39614851224434
241,232.50379229143527
330,305.2978587324792
448,389.33478747635786
594,484.3788375927587
767,708.4124637279749
777,787.3092057299766
759,730.1288220361446
678,695.6103509904175
488,551.9665963611106
307,382.9852793311056
190,198.5867667161172
161,150.75418216191795
94,111.7453784229667
90,104.41503082470484
119,120.80871781571791
173,166.11443836601205
211,193.9059100288888
184,206.90433397524788
198,198.15882415661386
202,206.20162494668511
220,207.65162903522076
214,221.32240363026716
215,217.31395909817408
245,237.2845722674904
315,295.45593091000814
438,380.73013763841385
529,498.3375346773319
533,592.219487186776
585,647.9913051627898
848,774.1022124882414
1100,978.2803049598613
1172,1114.8770485954642
1388,1263.4381127723225
1027,1016.1765650689596
689,765.1374890361566
349,460.0878298781648
128,162.45978901391717
92,121.05597872580285
98,111.78887293082957
119,134.60053366043573
157,182.05339633424538
220,202.29167928364285
303,247.5953301864289
322,324.9392409819059
281,325.02702311709385
313,311.80460748508483
382,345.1541079433109
426,416.53294817254374
489,469.9928751806909
539,545.0237378713981
633,617.2542867504421
741,679.2720402714706
765,794.5047383541026
975,921.6666711075309
1093,1004.222241780524
934,1212.4504229360855
1088,1087.8354279965415
1026,1007.9627179242402
760,709.134637476718
407,419.47423737976897
178,203.99984409528756
140,123.5574170168031
146,124.27261803911006
146,151.43018535059292
186,182.75719777796957
218,225.3454985469569
279,253.19786044118177
262,290.6278156377976
262,272.7195161704119
279,272.5872462387693
343,286.6570979636685
313,353.42237889721514
363,332.3804578576899
359,375.81837546999947
403,372.0827511971725
313,397.86974784216716
343,340.9312969044073
346,326.6797565620491
237,254.7457329912538
227,172.99705768032166
137,150.68236254268223
88,95.6151206462679
84,77.6158067390748
66,73.37398487946798
105,83.83626692451139
93,120.18559096872131
127,122.2164590163009
152,166.12355876172717
168,175.28984732903484
144,161.73002901827834
168,159.3020105568508
162,184.48157052540554
155,179.40630213908565
180,167.86892272994513
173,191.91490167867155
191,180.8026230114883
248,222.52188012059815
243,274.39046951052075
255,268.1430306710133
294,271.05567967116843
408,336.2613127342255
326,391.5361961824424
240,256.0858242069033
181,189.40655316179308
103,117.52882693482816
57,67.27623842908928
41,48.324499832608716
47,55.47763633151578
56,73.47027952058642
87,92.49931911203991
125,138.2596816504408
190,175.7976382166071
212,187.9099709992013
156,165.28910040976427
152,149.84586395844065
150,162.0102701726637
134,155.48018156791747
146,161.08220792363684
152,157.08441378219655
168,184.2645582132527
198,226.61162787133213
321,265.84257946117776
305,341.50588802375705
358,360.0945848644106
519,436.0473722196729
482,473.2361979685078
328,355.4888526173077
175,219.59456007448753
125,122.33514108905453
80,75.31168438651578
57,51.626395945500946
75,55.741584784551264
85,67.87037210804029
115,101.11689851865556
156,149.58373847553963
187,207.19053935931814
288,209.29199669249803
197,221.84344110628524
172,172.64930712321103
170,163.42921622728383
167,165.77926289573887
185,172.64556423749838
128,174.86905922308338
189,167.82473525877498
198,224.23038799936305
302,277.0094819638864
362,358.0449783038327
436,426.39872862924057
603,532.1078101194505
539,594.3114690015055
497,450.35873711085895
301,349.6740586568348
205,195.62511758416832
148,138.35769902947592
129,106.01216688516435
89,102.32069516241626
111,89.56099847561705
125,122.51160641956061
160,157.6429192525168
228,213.52053028304758
235,257.74648129257065
178,212.56360755208328
181,189.40315393554755
167,188.20099619294095
182,177.3200763915087
168,196.81101642908595
197,170.2312420615051
183,208.59725150159497
209,222.95506025730904
328,296.4657627218482
397,398.4824697704576
433,474.2792931697133
626,580.4957922343738
660,730.2356732177182
681,737.6278826054212
522,653.0715834991522
474,432.87049117971975
296,377.40983498758726
179,212.3427573601689
164,134.47156029635485
103,110.5143415883646
124,106.79803157605757
126,148.49456001953047
177,175.72955005287437
171,203.18578130755733
178,181.51298234791196
184,189.97877850024508
187,194.34436499939673
206,205.40308836848317
174,217.25794557007725
196,203.78020282850824
198,227.52509037286478
251,259.58563063629185
364,345.14451433647713
462,447.4271073180284
486,527.1229915821767
567,599.0724502805332
696,737.649693304359
990,850.1408985035634
1107,1050.6564241808533
1156,1224.606810919674
986,1024.9501047231881
649,713.784155459355
324,415.59810613449656
144,151.61745945860753
103,122.47420946713335
112,106.27352099473964
150,135.35583694955386
176,187.66762803025787
223,213.6721789054972
255,258.4373024045598
254,282.2892986099084
335,275.4589920352819
321,334.22974141557154
362,355.3445936832763
389,404.64377438856854
442,443.04650749940214
491,508.4982995134548
591,567.3513773628616
607,659.5254992277992
659,728.8414029996392
805,825.8887039852459
925,911.9667135658293
963,1060.7457654433135
1211,1069.5098642745093
1010,1010.9211727668293
735,695.8297623827762
379,418.3682310902289
134,188.78271722666508
128,122.79074843353958
115,128.22621687850096
155,142.92749546946717
176,192.8363634538767
230,220.97620350581195
270,259.7592058329349
259,270.18146637185265
320,270.2279713767089
288,316.27835943139763
268,301.87238483234154
309,284.26259835038616
297,334.74997108116946
332,324.8407497600227
328,340.91998485989524
283,326.605941237557
332,307.70680334406507
311,321.5967699226261
285,270.26369324295916
187,200.9891933746493
151,129.24173771950854
93,97.05616337096913
74,79.12025582068176
85,72.7629115597969
75,94.70385770118259
98,112.79672136166745
118,128.18857103349234
144,161.49281112143865
134,169.28120385168714
151,150.51241750779508
129,162.24200292513768
164,155.23163880624708
177,176.87744698972142
179,187.49179814686795
178,186.04875273854964
169,186.89657597392727
193,216.34340721161666
257,238.4326086453896
226,267.81853610651217
202,258.2505466519401
268,256.9946766311566
251,292.89674330493557
221,226.59159032847742
153,169.12611035166617
78,101.89997111766574
56,57.68905304859369
51,48.31335633871144
78,54.10808551030468
74,72.67994635942057
102,98.99730717240558
114,140.48945952643945
143,166.89650277331108
180,171.0465530374206
150,158.34932059602943
131,139.066810502356
154,151.31821871937876
174,160.3265550815705
187,174.38652033646545
181,175.76524022521804
169,189.52539796951072
189,211.72982728247493
235,265.7749552192514
317,278.118084931079
314,364.2747586980767
365,377.4955677146372
408,377.0420816304328
303,326.88304539760026
206,198.24359417853313
159,125.88642688965909
99,90.25876680422763
53,62.59816645719807
74,63.6278498530631
77,73.82572544750992
77,107.09138329490607
106,130.43106401316084
115,165.2403486887338
151,166.95484690401628
146,156.85253037465824
169,152.50848877282058
151,164.0431360921272
196,166.42058065377114
179,199.72422779256675
177,169.85194858714448
196,186.9013006284492
187,223.43462492645355
252,253.24194438508997
379,319.6309182129233
322,424.5907217311535
276,421.1808044510101
352,355.81316653645797
394,325.91695153425945
446,374.825740295855
437,331.2601605440789
377,321.55167247172153
253,227.57099949317777
148,164.6716851622304
103,114.23386335744715
69,105.76462395593136
79,81.11474917321047
86,90.19048491726134
105,88.17043190490017
98,106.59995111115528
154,111.89277320318412
174,160.0222216298531
130,191.08533346631577
131,146.2376453449368
172,144.79386645897713
198,200.64114435871
229,221.96249738771073
274,278.686024346846
199,319.668134869297
180,180.58097687544608
182,191.81050210736757
223,180.2292820623338
195,221.8044104339638
160,264.1702447716877
116,201.02344720496808
94,140.19803646641293
60,141.01891015085553
46,124.70545861511786
28,92.10693384848106
43,80.88724050153357
43,96.41802704397342
53,118.29730924937611
89,104.90365269965103
118,125.59576339396868
130,152.3987362114294
170,165.72573083371535
183,184.99008196050426
183,185.95183644838633
193,194.30005624308396
233,223.54613305884496
250,279.81875610030636
307,343.40467083724775
311,378.54011335526707
306,375.39334874062763
338,379.52638036767047
405,456.5248965579055
500,479.4403628292032
477,552.2409923652983
545,533.2425521066959
503,442.9523109157776
408,391.8093677413727
238,240.3647217662988
59,130.55131641670602
59,71.78897532970309
66,70.84470248871705
76,94.5084001832844
118,110.39437828349514
168,149.77831298506666
166,207.26290976895882
188,193.35447846874504
183,229.76283739772128
204,223.1626782844184
271,255.29281069328755
263,322.8216479089653
315,315.1876687267297
383,361.81209029772623
337,446.6952885811474
379,393.54886786010127
442,455.59829210727713
568,608.5101916036164
591,690.6097377942477
667,633.8876613835328
698,699.5234901754516
643,591.7787236282057
489,522.3564329455124
267,306.19740917847145
114,138.397726522397
112,104.16862190718763
114,106.8210651962874
115,118.31903830500744
139,154.12590442695978
160,180.77710340644725
220,196.35803040630458
218,237.1131321946612
262,235.13008477365196
249,264.40096004030414
238,270.90391039300357
274,267.03397874768615
267,301.588262652775
298,302.0326678325478
259,317.7548530190576
270,273.2123305081851
348,296.509785981645
243,339.3991400005893
187,231.47342571611188
298,231.6435151712271
162,187.61709702747604
125,92.37907246343941
99,75.84034556629872
69,56.04452440543163
56,44.32439681480572
61,54.59676186264084
53,73.67943947400242
89,97.40149346106966
106,148.61965718616813
212,167.9942099266669
272,280.0955137765415
292,302.1929924987085
351,311.6789364946434
356,359.74122659162214
359,361.508063974359
486,410.5112453259344
493,499.8324999388469
516,490.5668264544789
428,479.3337168686349
396,402.13323997875295
415,382.44717987343773
397,409.13472145136063
358,354.76808059244877
313,272.2801591560028
449,213.42070662031966
69,239.07719192472348
65,65.96550182452297
83,62.616291347779
134,58.548184690349174
104,79.137311486278
96,94.55158891482758
98,113.04813201330693
132,132.85464810658127
177,196.7957023683136
232,237.91332490396317
234,265.9037222366937
270,256.5623810356197
259,292.90011254322786
263,272.93253254226323
319,298.41628395438374
370,345.0938903260787
401,367.64253651689535
386,351.8588938947746
337,336.2751574047114
311,312.07040467607897
231,276.46479030527274
175,188.15463953117953
106,100.84431851722137
44,49.125780664240196
23,27.605169692589392
30,22.49264811561343
37,39.919921690406674
79,47.75132418016096
102,89.152460840659
144,129.79331642437384
191,182.99717942272247
235,202.41436056185876
307,253.792781662537
290,347.61506509342775
320,298.6484752681785
382,349.1091079116793
386,397.2417827271747
413,408.7497429725124
473,467.6628761994685
640,617.6664601165479
652,685.3594030727338
765,742.9831242356839
1063,950.457463562715
991,973.1643023976897
730,670.2704534207883
471,505.5912979948197
357,299.040076578953
188,199.95258438807537
105,108.43223953854066
66,64.44081720272713
72,54.90110283685732
68,59.189503908232204
83,89.16275972994171
136,147.56597459598655
185,214.5433934396763
239,227.72074084181142
253,285.69266570754564
319,309.1305775972893
371,347.773419784606
424,402.6174412313004
437,455.94906570777056
467,464.6432199393626
533,532.3485786485429
720,674.837642743577
721,726.913132948685
819,827.2599178320615
1122,1008.9443436880011
1054,1049.7613740653687
731,817.2957174208547
545,548.8410390427907
368,392.17171902691666
238,229.6135109822898
179,149.1499570152995
75,104.27391061859475
65,66.80744919865153
74,62.85397043137416
79,97.01617954674941
158,147.53823146117475
195,229.16400901053078
223,235.99836391416315
279,266.21686223961257
349,349.0270436579356
447,389.14588300258373
473,472.2973076120163
495,506.99283103406066
539,533.4479755086031
590,604.8567518964481
726,745.4095553599009
755,769.3380359816128
953,873.4483634518833
1092,1108.5706079658944
1169,1098.5453725973755
942,874.4620040472115
647,679.159675598378
435,442.2076081568695
240,269.8769833243925
154,165.4691897452433
79,90.85087606838411
79,76.04115407106683
79,78.92903362701234
115,118.70138281658421
168,184.34374252630283
228,227.74372956409468
231,264.90027108628294
282,277.8848737146545
412,359.77922757357766
463,454.1332684519315
499,510.5758334265278
494,563.0631857361566
539,554.0741789793902
652,596.8945033042501
754,686.3885930821727
784,714.7187747161469
873,872.4277366083597
1142,1019.4171013589407
1187,1159.3113094180355
894,1027.8140279611337
705,693.6074309414784
463,511.5427853547453
261,289.7207987101068
166,171.24624885993234
124,104.33788145842739
94,82.57705081209747
104,84.1673897034314
100,117.1453015910272
136,135.54481688769272
179,188.33384543118413
230,209.74390466703025
261,262.68552263779435
332,325.22669853712944
356,359.2170326180725
412,388.88557456593975
396,437.3527951154395
463,429.2302482811817
531,492.42856611223436
584,550.2902129496257
588,580.3543145830264
563,592.5290603502207
599,534.6815220721578
577,609.5386260511767
587,606.2996831086366
469,455.83859859092365
357,328.48516115446176
159,210.8658793211557
103,99.38587369447511
61,72.55227810314469
33,51.58917907428057
42,39.77407261001592
52,49.87308499955449
67,70.03565484903952
104,104.7562835887215
174,156.89205290415268
249,228.91908134395595
345,292.9137838834206
336,348.30470974423764
345,350.17592696744055
378,357.71001866190187
414,386.4946846527855
452,446.5946320355398
575,486.3222360194306
505,547.1962228093468
475,492.2752057351688
389,435.4369115471516
458,405.7552014165997
596,454.45748955530183
427,471.3023323411515
326,318.7857613407162
338,227.96165663461804
161,208.5366017945341
145,87.77804007271138
125,79.30370360209294
68,79.8490106608259
66,71.73137762487556
93,86.55252956987619
138,120.23144729575074
175,172.58668616214916
261,222.5128693735391
349,296.3902716703359
394,338.7796954591714
340,364.55710701522344
607,329.7136962539893
489,446.8171141330302
481,449.0182916397712
501,461.3609047824339
385,450.6938616208825
320,343.44557818779157
306,294.5983343478188
324,293.030522717401
280,274.6517275598031
196,209.9453721180959
111,107.06497121882296
89,50.36402906988169
52,38.6098412429513
36,30.418702484037926
39,40.363496485966856
51,58.39050829946374
69,80.37807754748268
124,124.51130184498136
155,181.10240884204092
198,192.37724829723527
210,242.5392384325443
319,270.02246116172745
431,345.60311328960785
526,447.13968632259133
407,566.8252458049833
433,448.6484023455
512,508.4439497928809
644,669.0725403706643
701,664.8910772999781
777,791.3593330061954
1057,983.0192689078012
1075,1001.349126458928
682,725.7790762441383
510,489.36450993226237
310,413.2959192807806
171,220.00343564819983
132,110.57337331131944
49,79.10719812249619
49,51.53507623878554
49,52.77153220880974
67,65.93625766122197
163,91.8345710548875
166,192.0421935837788
199,208.62583859735355
205,239.28937919789814
212,263.018791874862
204,252.40157463914346
244,247.17634906523386
316,274.87707980058514
284,352.83622149217814
342,299.2184953552623
549,425.9533100112483
740,589.6733924463185
781,859.2764202320866
1011,910.280334638792
1061,1135.3359708699686
710,848.2896348489792
529,559.2309714715051
352,367.3026867855685
220,227.5793302870609
125,150.41497281193776
67,80.62905943508764
80,62.927716013413146
48,66.31824211384742
87,81.83544645219924
164,154.85073771814453
222,217.40450260968845
210,242.96458728588647
288,252.74544913379327
312,330.5379189316535
343,350.4041207354252
432,388.48992895129106
475,456.51778217678935
478,496.5148700780647
566,535.6090430608548
680,672.6895460832153
711,761.3942677251105
887,841.0600935015141
1254,1097.7014398429467
1375,1127.910533738273
919,895.1605487881893
727,649.999139779534
444,510.4292009110025
224,264.2959168197548
159,153.45599631215288
86,95.29833998594495
73,82.56971960147708
84,73.27274811651121
112,123.06045395399201
147,175.60079966763234
234,225.01934127708813
257,254.7249715324779
322,295.3269697097389
413,375.20264564748413
483,447.2731558324747
458,509.98821001512056
554,533.1354553661658
552,561.0109573310791
643,600.194165928894
753,711.1341792165325
798,738.6744945357074
851,858.2566502270237
1110,1101.9506538397834
1155,1177.7687222780862
1029,966.3459427096005
689,713.7856756443498
475,506.83825608681207
263,282.83909063234006
152,174.38469822198022
89,106.30615468664607
100,80.23883396140931
103,94.51490136927865
105,117.40336205683754
146,140.9554991958033
193,193.70630605083738
238,217.71335905189153
258,275.6454389734934
320,319.3649234916038
371,362.79063839624604
427,402.40485465337025
477,438.28287998368296
478,491.23784948732913
567,508.16593786862427
580,583.2884758727328
625,584.7576273004022
589,596.2262619699777
528,617.5166684809732
620,541.3801651257063
610,587.7666702036986
533,511.02253780299577
340,375.6020290183401
172,203.6096816475071
119,111.33008673988282
58,78.47123210362822
56,47.27291884857865
33,47.042212077873685
60,49.03833808381397
72,68.06342666236542
97,105.46636353842536
164,148.78368158510065
227,228.36860593092322
285,285.69960943718314
355,317.6415544415426
424,369.13371491507854
347,434.58213729448704
420,380.2484161299714
500,457.40048774887407
546,523.1515412618563
516,541.4376120988155
558,487.1075870848448
539,469.0674751050782
451,514.0756218766187
535,467.10369631630437
493,450.92625943597267
349,339.9470365966468
322,274.3463316031407
160,166.55334830154007
91,96.27177120801643
87,71.0603926726786
61,65.58950144514478
83,68.87137484589165
104,93.16604510887281
119,118.22369173182925
177,167.80585954611678
266,230.66269049958353
309,295.41910110566596
325,324.22369493909235
318,325.5497758102695
343,313.2118823781475
397,357.51450174695884
413,417.4655230526219
404,451.4776134767219
410,395.15203371448325
359,361.057333266742
334,312.8044704319557
334,316.42637996396314
223,302.904507575127
188,176.77277663125702
98,108.14230775643297
44,53.00966585378293
30,31.0270074882856
28,26.956967116561493
44,38.711432759795336
44,58.81563498848606
62,83.53247512875082
114,121.34553294207116
182,173.24113812390544
193,214.64869496626923
223,225.8152691600974
322,270.7363896110676
343,351.6086564871346
384,391.7079484530957
415,410.4755077416994
411,448.3053039071573
486,477.1096190184654
654,626.1105466117772
673,690.9810609307958
783,748.6289942543597
1150,922.7170811695197
1083,1024.2289768678584
722,731.7432947289731
571,480.19651281174737
391,384.3034475491899
247,229.1420694570934
131,137.72611000933105
90,73.16131918693073
48,62.81234507589802
55,55.785535759784416
62,76.23691398885751
134,126.9085350585854
158,196.16616893502996
216,206.08242167241355
250,244.36075760522547
348,300.4213355642016
403,366.5021720705448
409,406.8929940355848
429,436.2270030547599
539,454.5467233159209
617,577.2090967218797
703,712.2305023609173
834,724.1523764898551
878,888.7346920957986
1181,1116.8071814829193
1079,1124.2743989495498
772,758.4775589958282
581,568.8869627560952
447,388.8830425891867
249,280.0183444100269
148,156.20298153481772
92,96.79398500701213
71,69.68404292577404
68,62.01162434408759
119,90.55277704680273
266,161.62990729024827
369,259.1981926541157
295,307.7180229560095
336,310.52586456710225
367,380.16271044811725
402,400.41790551158914
455,441.1319291470631
472,496.1547179788686
491,536.4346212142354
641,570.8169251589665
714,748.3960339154909
768,769.7156708923288
852,921.066508952008
1216,1092.270480394576
1319,1120.9434449456494
877,961.6718657674235
612,654.4946413502375
456,440.82238330542555
280,290.19470871184274
185,170.74683331497948
109,108.65546674751556
72,82.64982711407886
72,83.00105190369138
90,126.9576733592844
153,185.7944193011932
207,258.0065220667063
182,257.9040959465131
278,260.02212630798084
377,377.12250266507135
390,441.66556845805616
497,444.97837298796003
516,550.9807690960768
531,553.8382852733621
642,610.4384108326096
705,727.6101270872696
711,764.3310078409731
854,788.6968461464508
1054,1063.393268817605
1228,1173.9087391822413
864,965.5944415564699
654,635.3080827212686
405,487.0967543745688
258,268.3441973957965
148,172.23932171028412
98,105.27529039963186
92,85.36628145958568
80,90.1825978478571
106,106.67299700185882
133,145.4105658731925
173,187.735927953738
192,206.37685040224596
249,244.0899420645055
309,308.6024482813476
355,348.762573741691
402,405.9467057295097
437,434.46657991380334
412,452.98332494051
543,472.7033782282353
626,580.3486184116387
531,623.1579989810797
542,531.0594896779463
563,538.7163000513069
635,578.1038664089763
537,627.6776158189012
435,464.12797385215646
301,324.2935055375923
161,190.16428551337233
77,104.15677164756784
64,61.772075109645115
54,51.52502984331666
47,44.449802468712555
70,58.063411146631616
63,76.22535730841201
89,95.74709456985696
157,146.52942818984383
224,219.42593881408055
287,289.16516009773403
320,326.3085732321731
347,354.0559934550726
353,372.0419882475956
418,392.0350172135685
421,465.105242310192
486,489.5690971694789
476,497.1888264618782
527,462.83223119619385
440,491.1613698459833
379,432.34576277943296
443,403.6563033802175
490,395.22798562910606
282,337.40210093068697
179,208.79700146337228
74,110.19897373169023
47,69.52524283048402
42,66.55168533584185
28,55.57161842741369
55,60.86751344850232
84,84.03130767090295
104,106.70765322232184
194,154.90518756079905
237,241.63105571983036
292,289.6184319229095
338,310.40830987712826
329,329.5660263737553
327,319.4874889706285
356,342.84207110257984
392,372.49447527712005
365,412.53173046023255
431,374.9102294946487
361,382.6997179138146
313,324.0542012849742
271,312.08087007376696
264,254.49739788023757
175,191.756341644274
107,100.54466785129404
51,57.4220441477042
23,31.04915485929482
34,24.791237445864564
27,40.822879794162624
36,47.68177721487868
60,71.3171762804765
89,118.89199552637292
147,155.52788435388288
194,197.78301234003936
226,230.13293481471564
281,288.20280075569366
278,329.2951466897131
340,337.35383515550427
369,383.816872261993
399,415.75835343817533
481,483.07239419147373
534,626.4815692713402
500,598.889456512237
610,598.8910047081573
800,779.8315363209123
795,892.0099411424601
531,669.06283974559
406,415.12630585223275
220,272.6270219107724
129,155.74662041964015
87,85.85112469438339
65,59.71461883763583
45,54.91964995464254
38,53.21117048082828
71,69.96069297620062
107,131.88126147532267
167,168.39364156295048
167,209.87680050587034
229,223.92268724474113
279,291.5092263433861
318,341.3743592801655
376,366.2497218071832
410,409.3436420119511
523,466.17537193816787
635,592.8131066045953
671,700.8763104708398
656,703.7719232859329
752,741.6842208182059
806,889.1844490399897
802,849.9187204400246
601,663.4852795182684
338,486.58271613932635
216,246.99014668346575
103,165.63576103537017
65,85.44099977018604
63,66.61195104881283
40,67.9688447223391
42,56.71532151768992
49,87.18608922757538
76,134.53603232851088
94,149.46576672776456
149,154.53974155111572
188,203.4588885862064
250,270.7401921140041
263,311.88586167271194
294,335.72332415116165
325,374.27884148862455
329,406.0473173262177
356,425.6911274640128
375,492.7395247094382
376,463.9571113631398
687,484.5775281658623
438,806.8083802805177
331,553.7356564221424
313,363.68344594028315
214,304.64001204920197
146,122.7495025118613
69,79.75695032094215
57,24.384598467237257
30,74.68742930427207
24,53.506808673355216
27,45.53656671619416
30,47.96656541124292
38,65.43997726549038
30,52.55818653171519
40,63.95608044388942
62,45.21952159587033
121,99.06322868651714
101,138.26978563011252
124,103.97379485318461
172,120.66124665425994
262,175.82186706820508
308,262.2060767198431
349,327.4095335040443
360,354.8086692718641
306,352.1897921732659
327,325.0102794386554
330,367.4661532882712
313,294.1169972217368
192,256.00070797297064
72,109.10093164660051
37,58.850325214322105
29,50.014753553183134
37,52.38616539467854
32,63.6431392562597
31,58.559556114837974
55,73.14099693028076
60,93.35554909621523
116,117.70713596574664
176,143.2858625590981
229,202.34183573544252
354,269.4744836114425
330,351.0722189603357
360,359.94078298159775
348,394.39989136375584
396,378.95225034003255
459,443.31269941039136
463,531.3853895901399
530,492.5809707617125
456,509.2022497182896
468,445.4862835515936
444,456.2042463241956
339,445.73756185505414
368,316.4843093314428
215,270.2892392928844
86,128.5461501465504
47,57.51704183676435
37,47.21438638607631
54,40.970682911424774
45,39.07283639564659
48,57.36380976858843
80,62.46571187137907
100,102.12287916857052
187,157.224750505815
242,234.92051668687188
338,297.89219895439504
319,349.9899662075981
349,352.26061581526176
304,366.08983651107326
339,353.6685905864684
446,400.217382663604
479,490.30981289567166
478,493.7310037220394
482,479.2952881703749
445,457.67091420110967
384,420.63319951038716
436,386.16422810011215
392,394.48768056187293
231,277.87853884713843
102,142.47474494120712
56,69.47084690540872
41,58.52662675202957
44,55.98088360686756
45,48.22542537913172
63,57.72522132537132
71,83.10318279201577
99,104.18514404817995
143,155.07953900069228
260,205.87853175595794
392,312.46185041977145
438,376.1618424062753
419,399.8704668762913
426,393.99436920903935
366,415.23970617896845
382,393.68994987481364
372,399.36583483673604
336,381.8392597304166
347,323.624056270696
275,315.6491706854274
264,277.28259100178843
195,251.59080354983914
144,167.05353774795591
201,168.33553160813958
183,148.3189293790913
176,119.85475557891357
130,96.69811568742523
90,80.68891811847337
55,63.420632407127464
78,69.54579635259076
97,97.23250448978565
118,134.32760465503173
139,161.19578836924416
230,188.6391718524906
255,253.56310574260445
266,253.08120807204614
242,243.2246114845233
197,228.2600286920412
230,208.2042977094531
279,254.8252183376531
279,301.1748241743234
290,298.29680162394385
307,291.48661553598043
279,283.58359873288276
260,251.6671036667144
267,247.77704200218608
236,232.6153197638122
218,191.33660234346127
345,149.36853953069559
82,219.20850546456066
82,76.3964210620905
77,82.01693021163777
104,61.51628695236566
92,84.91110013366853
105,95.64203184352314
107,127.10135238984577
159,148.83927810060237
176,211.82996491634827
228,214.18716126519172
223,238.80828944795414
196,215.338140450611
230,200.27801150505152
170,215.91694967277274
216,205.77358855860282
206,226.62659917294846
224,220.5894381629611
234,224.7701450962922
226,221.92137320498563
184,198.36758934115107
139,160.35274163895897
113,119.11516678742136
76,73.78826526049033
52,45.396824802850105
27,34.09317084828024
42,31.246213375485173
55,44.46131056273038
79,62.612648312291434
106,95.2428970414921
138,137.8994662350205
185,182.86815394979416
184,182.2616945891282
205,185.52869636476834
210,223.5476449185629
239,222.66451378813355
247,249.47893331784596
255,262.438978172851
280,261.2104193152866
292,312.44990322909825
452,397.83272891427265
410,456.96270303316845
544,418.79417461517806
684,730.1485391411278
545,606.9445434148846
349,400.53289534014584
263,247.5301432115347
178,164.29281961950406
93,103.25628441461018
61,60.13174418061727
42,39.101059947362515
39,44.30748079130159
56,53.134839733516074
84,86.94150000522782
140,130.80324511891766
194,204.87582316869697
171,195.9894513642514
153,182.93302315921238
203,189.0053768403492
217,224.49427576305905
230,236.62297262669657
276,260.2397360461404
311,285.1102870844641
311,346.5693285133047
474,441.1922769356764
467,481.71169964874537
532,516.0827550308031
724,739.0146212228002
569,641.3244589829709
456,406.9337122674738
300,315.4036890913839
212,196.61466347930468
118,124.32524601244032
83,77.4933773144997
39,51.36980559422116
47,47.27793212158531
62,60.388099714052615
107,96.64640036992635
168,157.36051671512448
196,220.33224372574222
184,194.41237475581326
181,180.36485661032705
226,211.93751564590286
253,247.42819565463634
267,268.2264503170079
270,300.07335579336177
321,309.1258434267337
353,373.62921904886053
478,474.9615914094814
488,505.8935115562974
616,513.2844460487912
771,821.1874005015696
765,696.3953657241726
480,539.1283060519933
348,342.90493229220766
242,231.10120680541476
134,146.94086812181797
79,82.93442035987997
42,52.47902005648148
62,53.645948781025815
56,72.46745125434187
99,113.2657280833553
282,175.50513301947717
272,269.81824617479657
234,247.32478259459498
199,222.17884190878434
239,227.4817519870613
308,271.37886902296526
305,313.5683310484402
319,324.4877973678798
334,336.8559541776189
379,382.5374316986381
497,470.1851655974661
500,496.48368203597994
557,535.5713735757691
759,722.7320780177931
712,688.7656804110305
528,535.6146789100701
417,390.6694844999899
245,287.05162161894674
151,156.10594901784177
108,106.70958898811399
94,77.08899960523702
111,90.67758548268047
105,89.64676118989756
129,121.43523540691254
162,176.5851892332646
158,199.5269285622238
204,182.3172290502626
207,203.66369655173176
226,225.74442211092708
250,242.84930950684262
238,252.35606125667093
283,252.46809719483738
253,285.8682679229257
396,293.61971525490003
363,417.3420788289128
427,378.6511304572443
346,398.9308023203339
392,350.6118557488459
350,371.37948917834393
366,346.35906424409484
289,302.4811156803501
198,231.51969978597327
130,151.25750169019713
64,99.38121780185789
64,59.26464428050431
35,65.85439446772041
38,51.742653393414315
94,66.14541241565183
93,107.28225493424014
112,126.5107300210317
180,162.00344149850338
224,218.24327568547247
241,249.68757634451617
232,248.8792229907122
223,236.85620657394432
203,218.1439670080435
188,217.23788965207325
237,231.27784370934086
268,275.3481917155579
330,294.2012349447274
299,311.80880777117534
233,283.50901364482246
203,229.1104238777683
293,223.9447075436713
243,255.85615109384992
208,192.96506432949934
174,157.40930754723107
106,98.12515198087641
85,80.03550544012683
78,66.86262368632211
59,61.43949842361233
77,78.83075147910483
103,93.86985793048538
123,126.26205153692845
193,175.40297016430122
253,211.0552397361988
236,251.27727384073498
220,235.41988013807838
200,209.82358275285915
265,205.5887109225533
235,224.03116957860496
270,230.58862793237645
242,255.1589385633172
267,233.81937189868495
241,237.46990952670131
180,219.89827910797786
163,172.5338664891908
147,141.85096736261562
104,119.55542545899567
89,70.69403168795823
36,46.46259776159285
22,27.908357974829496
26,30.964737563255532
45,46.07710345782088
66,64.15950089524101
73,97.3353524360357
129,122.17488017574605
151,179.07034469586262
185,177.26386217408267
183,189.83015525452842
212,209.7187204198487
257,225.25519256318705
284,258.3872423471115
270,289.12558969221305
254,279.26327828246684
287,292.48041926580106
430,395.87290892924796
433,433.3353098008783
437,471.1927074613773
677,700.5349555875971
588,552.9046227124694
450,384.5503338779382
306,253.31493195922008
159,225.35674312106622
105,88.73614049185645
52,71.90436249397882
31,41.82571612502753
58,37.96628389750558
49,53.76613798744689
82,66.29188163879513
154,112.90565750092053
176,180.44574063592916
155,189.53765357238842
164,167.79131774437437
205,191.56724340509723
212,228.33293680393717
234,243.7231912133696
205,258.64529913183173
241,240.03348349241477
306,275.8457420557803
413,383.53313692286
441,425.720849361609
480,473.2460241469002
767,680.0924259934015
647,630.547569368811
528,457.06632743658463
321,371.0947741679543
199,205.50656740008867
108,118.67988171204345
65,73.43515065478113
38,42.306601831111905
38,48.66936134119895
85,59.15688694620312
84,106.43902507228309
164,154.6029937706079
209,204.94959391116598
218,199.71583416769704
165,197.46498327205455
247,201.4451393000306
237,256.0170010108403
248,260.93090192700936
263,270.3184184276289
302,284.62065099737526
323,361.4288673182471
455,436.8922339976955
479,486.9445638845026
532,514.3636812616031
792,781.8945081882678
708,749.0512370759243
500,519.9499690056704
318,360.1819486681855
192,223.80817822095094
121,118.69171789312556
88,78.11398893964623
47,54.21435912911321
43,57.31658079606742
59,67.90097074055194
102,107.01156820390055
168,193.98899752219495
193,235.82276514141745
228,221.07250554064075
220,211.68540133329026
265,252.4421357797419
266,284.41655252085377
285,287.46158337232714
321,301.0265128365901
362,336.1939059482671
410,391.8366836425328
492,491.53944405557525
544,493.8411664214685
666,545.7045663415092
792,781.1844769241116
631,697.1927962076038
516,497.8118366134922
363,393.1011843964446
265,258.7951590308495
120,163.2976973492918
104,93.64059586432141
83,85.46796502981188
78,88.14712855817781
80,90.45332402790874
126,118.31972060944516
152,159.59129483759568
197,182.34047565912977
196,201.51480416252602
181,203.7780944642308
217,215.05931735590633
233,239.55035200092559
270,244.63290489146493
262,278.084306808659
264,274.0288865175294
332,310.17346085832094
396,373.47641377367466
408,418.0652932772771
411,390.46377845543327
357,403.5933265027577
343,322.84844047765193
354,335.4778183401489
286,293.9987357516674
197,230.4956367526483
107,141.86108763437
93,76.67798354977701
52,67.95289090946717
41,57.38956093829047
59,48.32637031278658
75,80.20211454919823
77,96.470796564043
111,117.06866607319446
215,167.01421195305196
237,226.19487915319556
242,253.65000098443159
233,247.15244847876815
236,238.16846827562554
186,230.3175552126442
206,202.41891238428948
215,241.55563530094463
279,260.9433122175929
349,296.8561078157901
320,325.4086166844541
285,293.79542467131387
231,257.73268024593995
264,243.53626965298406
261,234.31551887463158
196,201.9371565579794
159,135.48123763318435
107,100.04332800176603
95,76.6063831487793
92,69.5906622999018
69,70.68645225524256
101,79.03466882301825
111,102.39325821253769
119,124.23605212085405
190,173.43167991239008
226,223.02929833723383
226,246.33758802781975
220,229.41362211617678
197,215.26676612311238
196,207.36353733492962
200,203.56958906375004
198,212.28346522679803
229,216.7573131990761
255,233.89049858388822
216,236.31350178423028
175,201.6269379657381
175,168.79876991840413
148,147.92195091595255
109,107.85639033525959
49,75.01826571897719
37,38.31517529862995
25,28.29439682833569
25,30.776512205327272
38,48.02050386564025
47,64.12208597179104
75,89.07802179162438
165,128.12340276868818
180,184.26205912122634
184,191.73135488756176
180,189.96519272194286
217,207.82317056825164
220,238.32936473240463
288,239.6580029358572
260,289.24367689208054
280,268.9752318760053
302,303.93471004831736
426,410.54782030963975
423,440.08016056959593
469,470.6571817576481
797,722.8642353842441
585,649.6382449136114
384,379.64855118429654
284,265.27864168411924
157,182.44500846457453
101,97.83512513870376
72,61.41092329022214
31,40.888975667859114
30,43.3361306849935
45,49.34395930207253
81,78.78518061684643
144,143.76728437777228
183,191.62587400747452
162,182.0316610745107
210,168.1706346407443
221,219.10796334879313
233,230.99467496392256
265,253.59523603738413
322,274.44554671510406
317,319.06875469701765
402,351.466663379154
506,498.6553798514574
549,499.5493280325976
500,532.8173780203899
862,745.7060782947723
746,683.7916066420257
459,509.3321997970736
328,327.6902575002695
228,202.73581711134545
123,135.7174525189314
74,78.44565538674932
37,44.36245446411641
49,43.8110096314929
78,63.18580734275806
131,102.48660963970018
233,169.2497359693268
332,239.75383973957742
284,246.83718393304352
235,233.1711686301028
305,247.55210207980502
282,287.6188233511291
314,291.9378627710439
320,323.06119324162586
397,328.95766228270634
391,428.5860818126425
568,509.68314399619055
488,566.4367581765915
538,528.5640538401153
890,773.4775885372798
827,811.9328072348163
565,582.3731670087486
330,367.54274604371705
223,231.09987450180253
121,136.6208483325441
68,82.81907816979933
52,48.832250500022575
70,61.348188637610534
86,71.97801832511296
102,120.3975333583963
167,205.0266093962349
263,258.13566381036236
215,258.277756888935
194,223.51946791649155
265,243.53404561248627
245,290.35487340889273
282,282.3950743918361
319,311.63792136956823
313,353.3406967178843
346,373.59143632599654
527,448.5732080370241
519,541.5595993226186
563,598.1150254308726
857,770.1022183349055
632,786.9648181984348
494,519.1052419958995
419,365.5486797970413
236,282.9380759204546
159,149.3009596995489
123,109.58297637142971
91,91.30636190454406
77,94.93450400092135
118,93.60185621302367
119,128.22444611460244
140,154.65809641053355
169,183.49683706587314
194,187.41518071931472
198,195.45617011757523
214,220.58305500493356
225,231.21787887343532
248,243.83938742507408
235,264.96435244319395
288,256.28953462894395
318,327.11137618521104
397,369.24187712878177
377,418.1830472519724
395,379.5693847588192
333,403.3898399703219
289,317.02384313863087
277,309.73928877331724
243,260.8578623733142
203,202.85469873032332
148,147.45013094255498
72,108.94489082349872
63,64.96149955107138
58,54.97743976289258
49,55.84552465484063
57,78.59614907609186
82,84.90420049631844
119,111.09490194478893
166,175.05344268653658
210,210.94156779585276
212,239.84557241662236
227,230.95059082710583
199,237.4984301628934
170,206.8182224657029
177,197.70183261325616
215,220.2257883172063
284,258.1644315419417
285,308.42362991769073
307,294.97221682925874
249,287.3058486704766
250,231.292059811945
272,254.47783018620115
226,237.1700853419957
182,191.11736173120266
156,136.06112720200417
86,98.25445700950017
51,79.62741410660465
47,67.16013751611497
42,59.103061722169315
50,66.61022179731887
92,77.83099314743119
118,120.21406608571961
170,158.93080560552235
213,209.69755053471428
224,232.66170093089218
224,226.6205738310404
192,211.7695272180205
178,204.2175345217123
180,181.7865472989028
188,195.8774790134735
223,210.54717203372286
203,232.084923346023
201,206.5455202381614
167,187.9333662500356
140,162.88090853904487
135,130.51637234268713
101,107.1372002467697
83,65.75193636576428
29,46.06318979284225
21,24.040823568416776
20,27.358469596131993
32,41.76883270055921
32,60.81617391976236
73,74.89796299696417
104,136.0319270348212
133,166.70901560771193
157,167.82243915927634
189,177.20281171521518
196,211.65949351311284
201,223.58068891791137
212,234.3040243771527
221,238.54534944955006
226,241.7872513708501
280,266.1455828941506
326,389.2111568353666
386,378.26617100789866
394,442.6867303017506
565,664.4551190703556
423,493.18479933756925
281,343.77625167514566
241,219.2894922172451
146,160.89215094308454
90,87.99784918856096
57,57.204436346089516
38,33.509151218178566
53,40.98872589518442
37,53.58574127920154
66,78.9834854346459
127,127.96911016318126
134,173.81816403896468
154,158.8319026812317
184,173.53501165141572
192,202.45321569474152
186,213.5239951855863
195,221.59861453709814
229,225.06436181857862
271,265.2130102648474
390,324.7771202502206
446,488.5549343435049
429,468.5957065431723
456,469.7517116945158
551,642.1402634927097
481,575.278245434319
336,417.3922295968272
209,274.2950326781121
130,158.27111008081084
54,96.96374563996528
47,56.8452671652761
28,38.556565747709286
41,48.445847540051574
49,65.23309003797665
59,97.0006382933907
94,136.31581301840347
109,152.8628252415264
157,153.6982369325812
166,178.9597813783117
172,193.54098909531095
181,210.39565919111715
196,216.0094211472086
170,240.96314114294836
185,211.64022815385593
200,256.57642148592294
189,302.9034363633613
211,280.1376263237465
273,252.47062664568244
232,393.07773425362444
182,328.7705720336909
165,215.0733511252202
147,178.81398995788743
101,91.89542981644439
55,71.01135268078221
49,60.49501080776618
48,46.73961057217591
53,54.185141984774305
54,59.87461856589019
67,68.61626883440222
76,83.71909262497562
70,70.02080865593844
59,73.33616376762771
89,55.716503938709636
119,85.5276964398206
128,110.26832339426443
127,118.04117824369085
118,109.37729692175087
158,121.7870984121517
176,179.3166610445113
196,173.90915700444455
183,177.5083352853635
222,184.32915465865625
245,228.49564934286585
239,193.0178012114854
201,179.10612526263898
134,138.70738772997663
83,97.39577488712013
33,71.75687258147538
20,53.21826535608807
22,53.758217280029285
39,69.59078657496057
31,76.95261766278402
45,94.90666818194488
48,111.54925570742277
99,119.63594238008585
143,129.94502962400819
186,154.21947297495376
181,189.54183781781742
196,197.54524717390953
178,212.12937691246591
187,194.35200572166153
155,205.39058050417339
198,188.43225587253602
208,249.94873901764024
271,252.5390832441149
246,298.0617079049131
202,270.38324613254866
207,219.6408723920012
176,226.340127011195
149,179.07160680017768
92,123.43497673152123
79,83.4940413700079
49,55.93922884987132
45,48.200680221927826
48,42.261436431136936
60,44.963105316120405
62,63.790776610596076
75,68.79542768217497
98,99.37397842508678
150,141.27705698199503
194,195.35368251504866
231,220.0806508615737
212,231.13990707265987
194,215.11347990284844
182,194.01027586642894
213,178.85079792234765
197,221.33529743010305
260,230.97543140498118
246,288.2612489304664
278,263.13424429074604
230,254.31237588952848
201,213.40172973936046
174,204.68325060108776
180,171.49322453796097
126,137.1214915455105
71,105.21641529091076
53,55.20947000858216
66,57.634462035411694
59,62.028747966124186
47,59.03780708441402
58,62.66772473233439
80,81.27683973550175
101,103.87159141916564
122,146.53035575962315
225,164.569419662593
277,238.0396896945707
273,254.3575851776459
270,237.64992435050786
299,238.8185282610337
231,263.66118299577965
264,222.87319457183767
264,256.85892526190673
237,250.03243782007482
219,221.2861954317009
167,193.0648963220575
240,155.16514293296464
119,185.94211165847523
74,98.24703206808816
226,224.03987753317463
224,164.70554292229505
177,140.64892942253235
142,96.04417906739397
92,86.68171476493734
64,68.11756164816659
59,68.02239838450767
91,87.64972948097616
117,142.72742461921692
139,179.53173274698923
214,197.63759628345156
293,253.86420173268178
302,289.5527599530905
375,312.8047532185987
345,358.8298383762045
321,329.43593346032355
393,344.343022077035
384,411.95461345452526
409,407.5386176758144
379,403.1311124532207
270,335.13746758676365
329,281.5843102178416
401,317.5358901650341
276,309.27516730020903
258,237.51910494027976
338,182.44990237441453
75,212.84267073838586
62,79.61809672580527
103,79.94890888322828
158,80.13105425531256
102,96.1700081299387
97,110.63843948582686
79,125.47471734215091
96,118.25696424610592
146,140.84464997636962
147,201.05551159478497
196,189.41154432281556
215,231.36567434442583
202,241.3057650813742
238,236.90189543956276
271,266.0725745426622
275,288.9459600066019
323,284.13633483220076
329,287.6043238185237
295,281.58575545025315
308,262.59808453208944
238,272.4834744996697
164,198.3247068217625
108,110.5987904924496
55,62.12017432141738
35,38.882235410925325
38,28.25093486485265
55,54.07669964082558
103,65.10356301591314
129,111.14901342069591
166,158.72664793506564
222,204.43246162347893
206,203.20159521292314
255,198.85971324629102
308,236.44985361472004
281,290.3703179045258
265,272.1814350939503
271,269.7461299272886
280,266.661808830375
290,303.9024102651443
359,361.9332939659731
398,420.6985595180101
490,374.12643264406694
583,515.288826336387
472,500.46704758791435
335,366.6842552559248
232,208.48879299161837
160,167.74568043809083
75,84.01267956570206
45,46.16622998953684
35,34.400291142444686
52,52.746478410735406
79,63.946991479092524
125,109.0448458901152
197,192.24866433246837
250,259.0759656738988
209,235.79184841953133
225,221.2076379240051
244,250.73443208755845
255,251.4065174328633
288,262.9747688564024
264,287.82992153188246
276,277.1012031237524
320,309.81916882631725
411,404.4324921561825
440,447.33028045088884
448,428.52663861262744
630,627.9908640918817
500,581.8139333363708
455,396.26696647285047
276,280.0085128899507
231,199.43848881000636
99,126.21214707543504
56,62.86651670926682
48,38.400077735788244
61,51.93318523711702
85,78.44641764776017
125,117.61829136125546
186,211.55330927439775
299,267.3286860437406
252,256.7882479569566
204,239.97937613055998
231,233.42328649470738
229,251.43207195393467
290,263.0798308030621
268,294.6011441598189
273,286.69089505597145
317,323.1045771767016
393,405.4879930116125
455,441.93808171333836
445,457.8761586911368
678,630.6099841344264
552,598.6951895271492
454,482.58723782606063
292,313.3222544035337
194,219.03950493783685
128,118.18250147679028
51,78.01809762280214
34,42.44743348303761
64,56.363991549891765
71,89.84773681419102
130,139.64845402771124
185,210.26504357124983
285,298.8109550155015
271,272.97316278503536
232,245.06298994955338
284,241.12209235293162
306,288.37588480175333
282,320.1909981141106
329,295.378754547299
328,328.05198578245296
386,350.5438784851562
450,422.379657726648
518,490.5952110938522
434,480.17033155152774
625,595.8918086989796
686,604.2509447901532
447,536.1347543012814
312,328.21579119431175
221,234.2545721645632
127,138.75216322636018
72,80.0468325847637
44,52.85637523241591
86,70.28406480826989
100,93.39253197123575
126,128.31163746647445
174,183.5590252170255
197,215.98450129235013
265,221.56071689630744
216,244.21034234782195
259,248.8585076008588
286,273.34371364451266
280,293.052827826763
276,287.33969101773573
267,281.3680742377188
293,304.34536430240564
348,356.81494632265213
376,408.2243980756247
342,372.16424682163307
332,337.0966072080901
426,366.93747521774196
565,413.21042978520364
380,377.74058459818445
310,284.2401352481441
233,209.49928876601402
135,147.01802572910165
81,88.16464026829827
64,69.79597243658301
50,63.00333829076823
71,63.245133826124444
83,96.74218676608804
115,124.87549134656473
204,173.34763129781365
271,235.99641692083455
274,288.8429914281543
292,284.47665935682556
309,307.19297934979676
311,307.8893781716893
300,305.08374152698156
367,329.59579736159014
440,390.5556984389253
439,438.24025457396493
393,405.69325905361165
311,336.9926201168016
424,314.1320051701444
356,421.16032742530564
321,297.63616040158445
268,274.4630785396121
169,211.45392519563677
104,115.78728321624033
73,74.68525119756198
78,77.05424491089745
64,73.6444180781252
104,78.50665124589757
124,103.68848324007486
117,132.18570845458456
244,173.58169358494118
281,262.1395024735991
300,276.96506901048093
316,292.9641574930656
278,301.9219506536893
430,273.7920496120527
396,385.97565821218814
364,370.2655330654898
348,349.23545300754677
315,338.3623253487787
248,286.62419602819006
231,239.3234090382147
234,223.61383471248567
217,223.45735267063887
290,183.75633149353536
234,165.44580479728333
115,105.10126889974396
43,57.53210851681424
19,30.881266302741732
49,52.46015485954917
74,70.59717895516839
93,115.08513478776968
144,151.5386268750928
187,195.702780193873
240,202.0071508952703
200,234.25258971825397
287,214.35526058454036
307,280.847096885283
333,298.8420559115178
254,329.5258728376831
251,259.2900908267106
282,278.9930600136209
401,363.0804405075313
489,416.06058511163855
427,446.2823972955991
634,559.170889818579
554,518.0379399579766
375,407.7005246950388
307,284.66385332537294
154,254.13107243709533
84,103.51470424339446
73,63.954524268593936
38,41.97312878838333
59,51.086849166180635
81,66.53913870497031
90,102.74019457692958
179,127.06233018182398
249,204.5684255106385
271,252.17323854567996
227,248.94736924849107
223,248.34854665706288
245,250.84495307175806
294,279.37118219518726
288,292.250391483123
258,291.91998611735596
283,284.239938597676
375,340.74692670965646
453,420.2958802176779
418,440.76767233361653
658,596.3316791587513
586,576.9932934608357
401,416.8127920621596
314,309.0448068596095
146,222.80833353971417
94,91.09220748125674
58,64.2257355560296
38,43.740067363545705
74,56.19910310623981
78,86.9632091348358
120,119.39553696113646
208,201.62260870683124
271,278.7996770428065
247,265.62105578759247
214,236.88874243284278
280,231.2183684200017
238,268.59856504364154
247,273.67562640377946
265,274.58781287081416
283,279.891810111218
290,318.30192750876216
455,378.0718508317902
438,477.6949045642037
391,445.5081449041767
749,591.0101948737257
643,647.879752705161
555,478.32636814897063
339,351.8817927060741
230,221.05222035474569
129,132.19454364831998
59,72.95156187580324
50,42.24716066781649
80,60.207585028262095
92,87.66319952380543
120,142.7066496749205
260,210.07581748234097
232,314.60540281148553
227,250.51952656592945
236,228.72100840238633
265,259.12629941286684
288,280.6402884297738
265,292.1576616902451
248,294.6949508126382
283,288.572660435805
336,326.6339952749504
421,406.4727518324793
526,470.77917081254384
499,478.20566498991445
713,635.8250243932348
595,687.2908934310311
557,508.67085415413777
401,375.66966695728604
264,282.82211472010647
116,157.75308449855936
97,75.43001820246234
54,63.56245072206646
85,77.59851178621057
105,101.6209337433045
143,133.21453629870874
172,195.19560564191053
201,213.81852139954526
202,222.9231950689962
220,221.75383655402936
298,247.07890198420102
243,297.8244805502632
278,271.1331078260993
270,277.995208768908
290,277.5602012590009
337,310.9749796569049
364,377.7551357283784
449,403.28004092467495
348,409.14633812642256
347,360.8121332072511
394,354.3922482945408
471,447.2696560406764
382,388.52996513604535
272,309.4728225225399
183,201.7866731379481
119,127.2995627651368
71,88.46264905061919
47,70.56016098351522
50,57.32609723347464
65,70.09944340844287
101,89.80918910361096
119,133.38575663248182
195,175.76123851624268
224,231.93948721793566
263,270.23225767383127
287,270.787565103644
341,304.86159089193313
301,330.6714403052832
326,306.7531570135853
371,359.8791918505089
409,405.9076716376724
370,436.50796222734795
463,369.17148345002573
395,401.30604030291175
365,367.8427786410317
446,365.8756095213816
384,343.3955237538106
300,290.9720050129832
169,201.08444094903314
104,117.80797915976997
82,74.72798077181643
91,72.83559569483944
60,71.44886580420567
93,82.17656634541964
101,107.72245694964667
172,127.49534547141975
220,215.43604563945243
266,242.3677961500174
316,278.05471381806166
309,309.58313585806536
308,299.1604495398849
311,304.6980746094819
286,301.00776584902746
334,300.7531822825039
320,342.97625803102335
331,326.57721967421634
292,289.10876860446126
221,262.1718157814436
233,220.12394429674168
193,214.83736485515422
135,160.0192664529801
97,100.57520911497541
49,65.81995941523617
41,41.1292696702166
46,31.823882403333254
54,56.234764224388776
71,78.1451319252706
103,113.05451605144607
134,155.40069090244162
184,197.68923579516166
188,206.25477287285003
226,204.66487460875092
255,241.14316555695746
230,262.2643056626353
231,246.76326302010517
278,248.86823941504986
255,274.67552178812304
251,278.67563753803296
385,337.2836185746915
408,422.18238476382476
366,409.0914573558248
643,561.0630337656379
511,597.9549783672593
389,358.76912203406175
253,259.6237356824558
184,167.26206431277586
91,93.73852539448808
55,57.12162609134713
37,38.3478855536349
48,54.16825261794113
65,72.6609123450111
105,105.45099871045292
205,174.63389590475597
257,250.79831142688647
217,239.69132214785225
226,222.33140703269777
224,235.62323080269786
255,233.80979887811733
255,267.04288475622167
276,276.97817008076527
284,280.4123428645999
274,307.7407598458422
433,375.4000161737182
533,456.8773114986899
439,467.215534439689
707,655.2528326187081
537,630.4471498723864
452,419.44982624446214
301,295.45290760385205
194,207.2181605954524
93,107.20606839302327
67,57.4427484735152
43,43.93677393458472
72,63.9350264859381
89,84.02641961821539
138,125.12164850429362
293,211.34789462089222
395,311.10581053469434
294,303.56034907608415
244,253.54447504002516
227,250.23759274981714
270,243.24480637749087
302,277.59238236566176
270,300.48713635407864
283,287.01541956406805
307,310.61610518483434
398,397.71360868003393
469,452.2087592434924
463,454.5490383872583
678,662.4614880266436
628,624.5041467234255
548,515.5220960315642
275,359.4528489335434
213,201.9496796520454
101,123.79037770691676
64,65.01224089049232
47,47.10485039193304
77,65.78180941671467
95,89.5003196990783
146,146.5736147884992
213,253.17167747724463
261,294.9499538385815
263,267.0792879332587
239,246.95259886077153
237,254.88155614719585
254,272.18704002142886
275,274.57066260113817
309,293.89533577509764
252,320.27636039542017
339,307.5347635240674
422,404.18355099106
415,489.4677355777437
428,426.6360190589837
612,609.223105964711
673,619.1232154173912
520,559.6656947355394
354,340.00573387965756
196,259.73736210217214
126,124.6383828076592
68,85.04018932720892
39,53.4589760819331
90,78.38138400581524
86,101.92983255205789
128,141.44032291420012
187,184.8145893960253
198,217.86518482488768
217,223.5286650491655
215,228.632563391718
260,240.39735988443192
253,264.5599096153597
274,275.5059476604899
267,284.9566061619914
283,271.3210453057977
302,314.90557037757
362,361.6424594785723
397,411.9005618506608
361,375.8625153262035
333,350.914953520295
407,359.49272422264687
408,492.72533640352475
291,367.8703981339004
256,250.96263798096092
142,205.09241345069145
102,118.00152937050528
85,79.35893052629463
55,70.57942334567697
47,57.63049637827705
75,66.52859072855597
71,102.50147980705599
114,114.97915894268152
187,171.29257126869635
234,227.16535234106294
269,270.99165441713114
240,281.3631916929196
261,279.0351467246859
269,291.317913313434
281,294.3631165247589
349,323.68727533427597
358,396.2710476966861
423,391.439509012451
398,408.99305007428705
291,346.4071487921628
353,302.81437750973674
337,366.4064719313651
310,278.6063069085283
304,273.3328420319355
172,186.15049091262924
106,112.71271217359843
80,79.53382155176695
52,74.49721688702999
57,59.130025534660106
78,82.62050758967143
115,95.06551722305424
119,133.32483873292767
153,175.45485508933692
251,212.2398142385657
268,284.72556360015227
314,269.33429939163454
297,296.17263435819916
285,291.0451892091898
268,282.33531871613366
285,295.46470314180544
302,306.0717664011421
333,319.0832265278747
282,298.93838408478837
186,252.1227889402215
205,199.4072792001939
176,198.30465621570082
149,138.46072515168825
98,105.92539228951611
46,61.52505058846053
44,37.21338622991421
26,35.85555368624547
40,51.28965469549998
37,74.44964680626244
70,97.08511797414701
129,136.30371011880086
152,193.2365142075116
183,185.02743827318073
200,201.95420920022045
223,231.617756058198
229,242.3779437638434
231,250.08783155686663
268,247.54450313334198
238,266.86131764436163
259,262.34829545172585
294,345.36944368701984
375,350.2206047533174
300,382.48243111580024
472,498.53246297251144
428,488.7675961282454
341,331.59862576346706
199,220.54279926318043
152,143.5767244159147
67,79.88079212799704
50,51.5365994514707
29,37.14240683985044
33,50.031818455704915
48,61.12075434795439
79,94.64374138569187
138,163.61718969060666
177,213.01728480460793
200,203.2194023537366
207,205.2250119306365
246,217.50108305939602
210,246.16380457999873
242,240.27032124425037
273,267.02450078931656
310,276.8934452954516
363,321.0508319807162
334,422.74561306979115
392,410.69280410260205
397,388.7631555027289
435,590.2799021414204
417,480.5018458802767
330,363.20717478211577
205,255.45950003262115
115,166.1967592134381
56,79.37078558290314
42,51.806312709999055
26,41.76172707431805
42,57.82664006506539
35,72.28518770429886
56,104.73353355473344
88,158.06749560558399
119,165.8609802776764
159,162.25532142769117
159,194.55600051619746
203,203.18510581821087
208,224.16453581829765
227,239.93292754954842
180,257.99412704373975
234,231.82199477596248
239,287.07366393756627
225,330.27074249443854
283,315.54086731888935
439,322.0700231260124
254,545.1841440213119
187,333.57440564167086
218,213.20345651941057
184,200.90539757999275
119,144.77019830557177
83,83.02866445605808
52,65.17511918597656
32,47.86752248923231
30,56.96037029485896
34,57.26876754332006
27,69.9728584835202
17,89.78017901033921
15,57.187203039801695
19,61.75433694505613
40,39.33652396871467
60,43.618708235656634
64,41.03811855932098
100,40.62855725006622
165,86.30125062042268
198,172.07858767809168
268,232.0229409886686
256,280.6147541463202
284,272.60997344896293
245,282.9663702013823
211,259.54950434612977
217,178.6884140386637
180,154.41819583503644
122,127.19898362653426
119,115.8209900013535
51,93.3587028086211
41,60.035363584816906
42,42.301038423515564
37,68.60170771672615
41,70.35204929581593
54,86.07848861459517
74,117.83669472178102
123,122.56238673220554
177,143.25782730728906
202,165.04063161784376
266,213.5234110019404
211,243.54614008908405
278,218.9917123296269
236,268.2052628470392
265,250.51018413799207
270,301.80169698850835
320,322.56395924304417
397,364.5356166520096
321,358.73842814903503
265,305.112779750937
281,268.293848138299
282,320.907603791063
213,267.384215130923
160,198.67019818040993
85,138.35926715199042
58,76.42768566654001
39,62.11506711271129
49,48.34002324163244
48,49.086941376992684
73,62.96282816561671
71,82.58995748880541
104,106.16925009762353
178,162.4098393673895
238,220.38351158350684
257,270.47672065360507
283,261.4218536780552
290,298.19298100029545
226,287.87537675175884
309,261.7110622685371
311,335.32401546718626
311,353.1392068574228
341,366.2322186328928
377,358.8708754101527
304,332.60756352135263
276,303.6823344770994
300,302.36191397916946
216,266.87797894071247
202,203.09367222822584
103,133.58064585322904
95,76.19238028032638
49,69.03171375799401
58,60.65449683418633
63,58.67873064288388
68,83.10926909821386
85,84.07660030809397
108,114.67656795298059
150,163.20139431800706
252,207.76602667840612
341,280.4450681746907
284,329.5478524176676
305,287.0837615148908
348,287.4131620977144
256,324.84652521302195
305,284.88898898146846
253,316.5686523479545
250,285.12451695831993
244,246.97361360728235
224,221.5756375802599
216,209.06498821297336
188,193.3720484194711
128,159.49986223955543
468,481.0189911930982
572,463.19731112241277
630,445.5897709505386
519,390.01103117395235
403,296.0243241272647
222,191.91567409519953
153,155.28742195721372
122,160.7944292320701
170,179.4944958045565
214,238.3133619279735
279,255.9917358881362
305,317.79817959131867
377,307.7862276125857
385,359.28922823242334
321,359.3437989513191
327,311.86830791478496
385,342.22975858035363
429,427.4543323116425
502,457.85820290951995
498,498.7612028762703
520,477.0016680430623
537,510.5041125646056
632,548.7115258596332
566,566.2001079463286
624,512.9946862225011
1083,552.0613637226102
435,740.2454584842004
323,386.6467795464362
271,258.71740933474115
177,195.73594012116754
138,164.25699562964942
167,134.44067103485048
169,190.7112591485589
220,220.52605871956158
251,283.2204570056476
272,294.0874878502248
302,308.149197819201
271,293.1415894654724
258,274.2936959657055
265,262.20449460644255
297,300.33969323444035
344,330.2569324610123
409,350.4222032954623
411,377.48456791328744
413,364.6778736839072
421,377.587441077149
304,381.6889745218645
196,251.98545561960518
158,134.9014757582635
130,99.09353762635223
82,84.73887870138311
87,69.99874541431491
97,76.92395545357073
122,98.97183491075371
139,149.58733243757135
214,197.59793057157023
225,268.97635395389335
251,228.26412902780902
256,232.158864024339
272,257.51205399852506
308,269.2406204505024
270,294.7770482918606
256,266.93578245999083
266,265.52570788804906
292,301.10269068015504
360,370.4943115871437
404,410.42612093062735
363,395.88012496961056
412,368.60341506730924
391,404.98950221147544
359,331.42393755507635
260,245.33179986010705
203,166.8951424146119
116,114.6079362757693
68,73.57118013842765
56,58.15804631028099
67,63.63512707028131
91,84.37083839136922
142,129.74957095405404
246,231.31636149670967
339,312.4775757465336
302,280.2748642961167
222,254.54769505140507
247,238.22071909872292
223,260.24521504827555
271,249.0638814094529
280,279.40744674426634
255,274.03924492390365
310,302.7424873541433
422,397.01512591975916
423,465.00844734100633
422,437.9767443350025
456,478.7131822478409
458,466.5046946108621
370,409.31620987310464
296,291.2415872833717
189,212.54913351270744
137,129.2897722244234
77,91.57162419129548
69,61.31819490114718
87,77.38675653940355
108,89.55271169675927
165,144.2831963558395
246,275.3386795483583
395,370.79603786920904
308,326.14022034274353
247,247.44317186301677
268,258.2816658724107
277,255.89952121000937
278,286.07405856079674
288,286.36694386232256
278,291.97000649763277
381,324.0910337620037
424,451.1337892111414
514,468.7712847826223
500,502.2952204690759
491,515.1876635669694
532,505.13545045398314
499,469.49879443727866
358,385.3830660439494
271,273.9512908417939
168,181.64705319014053
96,112.49159983235089
82,85.7696992593095
108,100.63040259063902
111,115.40690514289
156,185.61102776296997
322,251.04098340222265
403,396.05863720676643
347,355.55836102601666
260,285.6271182397974
274,281.3996958638825
310,289.4511154683913
303,316.51520273700584
346,318.08891509460864
332,331.9288404308851
367,356.6063261047227
443,400.26111221073796
498,452.7907216970748
501,499.20660627914117
603,522.9383913750235
569,571.1203584268973
547,532.7992338507669
507,445.3811227710562
419,408.5083062297175
248,331.6983016945844
188,197.96206541881145
149,152.04602165042206
145,142.65682243610362
170,143.060796380974
177,186.38409943737838
228,247.63556096871983
297,291.6391805609084
302,288.5956378385151
291,274.5356756083766
307,298.8836674174312
279,313.20843776126765
288,290.08460387972553
313,295.76435473526146
290,314.0674735056173
337,314.89690276605967
395,389.00948699506966
477,442.6710862149983
490,481.9069683300963
453,475.52131708775175
513,474.33144516096974
551,551.3307774401552
588,551.8178386192099
531,536.53270171849
473,503.85431777617254
379,351.8000756243183
290,323.88811545648326
217,234.32774117625792
134,162.3728815511022
107,139.2342990069347
124,148.64079308108273
200,181.21335638456884
233,252.02092862934146
346,273.2472183021339
349,354.88260170176017
318,343.8990839195233
295,319.1579355562612
293,297.04161883173015
329,304.5459217778518
410,360.74318133421934
462,446.36543984490396
507,503.20324195155797
525,520.6603275192297
466,508.81245288866893
494,496.86654539746064
583,565.7682816156641
619,569.9408125278951
531,578.6548977031744
540,555.1169448502658
419,404.2854123580213
373,314.6842586360779
268,248.9709671581596
141,176.3788233290985
117,136.41294840689258
142,137.090054941298
204,180.46969232288808
272,235.97710963410864
385,317.1993199921933
383,366.86467489109407
412,357.3625595059337
308,361.53888409173476
444,292.9220637009006
388,384.93527092785087
333,369.96010672364656
344,351.9391551720493
369,356.05666305433846
373,352.5826762761419
339,357.2040347359288
292,335.93094204466087
274,278.60598472203327
211,211.78330145480237
191,149.48408614295522
99,118.00709426599141
73,72.84822887565366
66,64.64834469998343
86,78.08956759958674
97,107.8177260451641
120,143.38726787748638
179,185.9646632503003
279,251.2496628919174
278,252.9498437433926
269,254.38196374657974
301,262.0578001857159
351,292.32028288170744
354,337.9399067181153
308,336.8388982535536
277,300.80964870378625
325,300.59724669127496
398,398.53755899392905
494,424.5731923007293
416,457.1280991319505
490,409.43702953239995
444,433.7666001996767
376,360.5562862803242
241,271.0785211147823
189,207.31409179822742
132,134.49884211027432
87,90.05783434127552
67,68.46126512548132
86,68.70820618861214
75,87.51314679729364
117,111.11009843277643
252,150.36378095478838
237,303.1064883392412
174,259.18112314436326
121,205.2721546532288
80,154.78388103531657
70,109.64028051545294
100,65.14161019860934
74,124.98429019721672
80,96.81891897044265
71,98.1361566319107
310,94.86618095976935
475,355.9445256237402
471,460.7257384956694
502,465.23686063143685
518,471.43782581395817
380,452.968272222513
305,280.6722884198767
188,213.42323138076955
140,132.83462727624888
75,90.31028252289089
71,63.89580351366181
72,81.70216909964549
80,90.86335254504972
142,138.66917369531475
252,264.0091774242061
361,338.53545255215437
321,282.41180895336737
235,239.7818474310626
283,228.11965891562207
248,259.5985862322091
273,243.09416084002697
297,255.05628595594945
251,270.5375831997622
354,274.7052552476205
420,420.4842781846781
474,476.7181009642626
484,488.05508584973103
592,513.1479617146499
522,570.9911055069203
487,490.45552249750926
367,362.89551790630196
262,263.72658416963554
178,177.6165628999073
107,109.91334133573733
94,84.05236180522172
107,102.64737372587459
120,118.19321288238129
169,176.22737930554027
285,280.2513999517137
411,382.36122741579175
335,376.00300463157646
256,276.39478789193754
294,273.4223196077908
310,295.84653436367785
333,311.58703279316154
328,337.71800173807054
285,321.94376505065276
385,336.33638043329177
429,428.71393376694715
468,463.6609405757623
519,477.7698094782367
582,566.0354282964329
605,564.6087703278522
533,556.6049588104224
434,455.5674045734662
406,373.69843316618926
298,306.6391909905428
181,218.50078421150855
169,150.0191664475702
161,143.73450077132364
160,149.5145045884793
206,192.07269110995273
266,260.0975889524117
311,308.24524678113596
322,287.65593118282584
294,278.34542243393963
294,297.64323206715807
251,303.21070794999224
286,272.6178291272008
290,293.2449040809341
289,293.76820595559576
309,321.4248826919865
465,371.5753979075019
459,498.06071793428964
448,489.70497284650725
455,449.0424349159739
524,482.96027417357806
605,566.1083007594783
563,558.599689768278
537,507.02677587939877
609,511.81278061868466
539,505.2659209192999
406,396.11202749113625
266,268.7680261503499
127,168.2735832577841
126,133.52569497762838
149,144.52878593210914
178,192.41586776695294
262,235.90112641908638
329,305.6696204023037
344,341.67969833496346
334,329.50925077192363
357,328.10936782886483
317,333.5944170984638
349,320.2224120595772
383,374.6557960646504
473,446.13739605855454
526,503.63952706467785
592,527.2153724962089
583,551.8898561459889
527,555.5625299825725
573,592.3588647587995
627,562.0334174737766
543,594.5138091908665
610,555.6851978915143
533,502.02056131135237
341,396.7411511776732
299,246.87566389795745
167,171.29979558313363
152,142.59869009957373
173,151.5266553734986
196,187.98542241575257
281,241.10353884973966
367,325.67574066463243
375,376.05422845386596
359,370.63920836942464
367,335.5673027689802
346,352.15425663022995
337,332.23504736456533
318,342.5519598012677
316,341.4945588473533
380,343.08534330673695
355,368.2621307514508
310,353.8729997104424
362,316.0940724024334
294,328.8552231138883
208,214.7974076439217
173,152.9653984255815
124,114.45435755825966
68,77.55514800564845
53,61.80859451576002
85,80.45217220441029
101,105.295574677122
162,150.44107192092937
214,219.4932078689891
293,268.7639737584437
260,267.8000811982352
236,245.07286583540795
235,240.85736480342865
254,253.1532123536712
260,269.81707423467583
282,265.38943100604394
257,277.65391875997847
303,288.7104528562331
423,372.095412522554
418,459.25988406222126
389,390.40044672545883
440,427.15111080973185
448,417.078474760867
342,364.7860394180132
281,245.7590619251256
144,190.53097895814017
107,110.05252930781486
59,73.16330484248725
45,57.27973830723246
79,70.37318540297807
71,87.41140103366362
136,128.59194616435556
280,242.40211399901622
362,338.03591056865605
317,290.83666551737673
225,244.48446233221898
244,222.83917931426365
260,245.51713502655392
258,263.4692932881592
273,271.11453862681645
261,260.51177982458677
329,306.2833144043172
421,407.4732106884563
474,468.5052947590346
513,462.87290292229284
540,522.8412337675292
476,526.6309709782086
380,433.1542086190968
368,307.51810709814526
244,221.00568733839367
132,147.61502843930407
116,81.30279005599344
93,77.21643108861612
95,85.48123826301385
111,94.26137000996998
213,154.26349783755077
367,298.50020626473076
541,403.5969488117396
413,424.1993243598671
267,304.76396484000196
347,268.86889141957295
283,317.0983398185469
273,285.9590568752414
282,288.3209356389763
307,281.433464528084
356,349.5970033334661
450,442.07431394090617
466,496.2346028213993
508,493.0268547161412
579,553.1091868782012
503,564.2981529281806
532,467.38296394139616
404,427.4996341166745
302,289.07675997670475
196,192.22724173517497
101,125.52537006552748
68,91.66230018128097
104,104.96798408400385
119,120.87838680308721
200,190.32724263538026
310,331.8959772140501
410,429.9676556519665
350,384.5524931329525
270,289.1007382783848
314,293.35331749952115
316,319.50070196661983
289,320.22206751732114
355,312.12117832966015
322,348.2902163683426
343,356.02787751690914
345,407.41045678893437
409,406.9885513011082
517,457.6384993396884
609,563.2094625904966
524,581.950725936288
544,535.2727300402133
491,469.34583835375463
410,411.844810682504
273,317.30475022716706
191,195.44853344582157
141,149.99475277759112
151,142.18398184484784
127,157.51837134665908
194,192.1594795734817
251,258.7298060541914
314,311.7303739061849
268,305.48519568335746
267,270.3028837665415
324,288.28117514511774
270,316.2448721961659
255,283.29627844028744
273,278.8362140566529
255,286.5275507221115
318,299.138934946049
327,381.19221442804655
407,406.197471916259
453,440.25093412293853
472,465.9218733869226
469,494.41642438212904
440,566.5376488064608
561,484.5921400213714
504,515.5309171638402
496,481.69789433133764
390,434.0670445315992
291,348.3431242847205
208,236.86316445480082
118,148.921826023577
125,133.21681410507713
115,144.35689005722662
180,179.26893498783852
230,236.71195189856263
296,279.8243876796763
326,332.7893871044587
286,329.7261586794755
316,308.51656284736265
278,308.36983312545794
294,297.472303001535
323,344.9223425098706
423,389.82611376157706
500,483.6097714644249
524,528.7717394412167
476,525.7375844112369
501,495.6722438792225
601,544.7111146182526
564,614.9229222586412
463,540.1950614278858
497,544.2031018182597
414,406.430358282553
317,317.6484440592127
231,247.09866211318794
143,151.53179100519594
136,137.86719953184553
129,146.05383795553684
181,177.39321801165738
245,234.58135826280332
271,299.59855408506155
328,308.0866311057966
349,331.4593868363605
318,330.6867878988679
311,297.43635542664
324,310.05522331985856
346,321.1300074188103
297,355.94872894987435
322,335.5432928111476
298,336.49498577539305
315,308.25460867409504
314,318.43043937908686
241,298.1854754176184
183,204.25843063962537
144,142.67706762127528
67,104.63781615260847
76,63.98088925017003
83,65.00997622936387
60,88.50562389341975
68,102.69092675406999
113,144.59270889008653
158,190.01699147965812
209,241.22801388229277
249,238.18805366703523
231,239.55823463750795
232,247.58212825711894
231,263.1519630133809
221,261.85145643000357
260,244.48022522630222
211,265.3682050700845
263,261.4785097579325
324,335.4940448735952
356,372.65532799321505
308,355.9107062840639
332,367.44667942089575
359,381.31154782273984
292,336.3155497463216
224,235.64050399546085
165,167.4961938313142
76,106.83823414978745
66,63.28776541850035
75,58.579799846486004
70,78.71083174237714
77,81.7574587744277
113,129.88153780374566
148,206.80686290640008
224,235.91891241872196
216,247.58051688786563
180,207.3811936131689
231,207.59994343246683
210,242.80425367734514
237,228.1201947823473
215,266.34802031599816
259,227.02845729574528
297,303.1052974763503
300,367.8323037652228
357,359.32009088969477
416,395.4010941090068
448,447.2836611269561
430,451.5438205494736
425,379.6505555317754
296,316.5705736581966
198,215.1567165492627
123,130.72849327070318
90,87.71581085247168
70,77.67600476106564
59,84.45746831238857
80,92.76456733425182
102,149.93171818926237
119,179.21198711472402
156,189.55637112766672
173,171.58046142819123
187,201.02004383631694
198,220.0587526651837
237,224.56672998419387
241,257.5264910294547
225,257.3519100738316
211,256.1674893230612
223,269.8984540004652
263,296.49120551240316
350,331.3252345546795
533,398.4120300627936
363,552.6338791749181
303,416.92132201939967
308,348.9071277977309
280,295.5851490634895
284,256.7298425159756
203,224.5124945523492
128,153.15916222001655
111,92.88456767323362
72,93.24433984730719
77,96.02116180853287
71,102.42240430434379
73,62.72156913561894
58,82.07980030339886
64,48.880724162626414
81,35.38135558893938
115,71.39415455279811
134,105.66867423206385
154,126.54686504078923
161,142.06419924605697
194,152.38144012308635
213,209.50282795626276
268,215.68337588619102
325,288.4962438487841
321,356.39497259941044
355,318.3371988035369
265,374.18093868994345
272,268.99830335543595
207,223.89729918082045
165,170.97897938302634
166,159.77943706199648
124,144.39034480613884
116,126.32651579111348
93,133.87255013137698
63,131.31938160872915
83,146.03363148544477
86,156.09168733300982
131,145.7584172477386
177,173.09960989263516
250,186.16458297966597
226,253.9384313478892
246,232.50854236488365
254,251.20129858460106
261,248.55986249177343
264,260.5454987808172
293,294.93841377925486
328,341.65047966183727
427,383.0310297363294
430,436.2132812190995
368,437.23941536863254
359,397.3904683539265
434,428.356490345288
389,454.17987895602994
355,374.8777166784161
322,332.0680567251241
295,303.1415506237147
277,241.3556916836053
196,214.5194933508643
109,124.214829171975
90,115.1749406774198
94,107.43124336519868
129,137.7856940384543
192,188.52356276246385
252,247.69321178987576
298,287.5175855503426
303,300.9667868204136
278,304.4314444082962
289,281.8579855834809
294,296.1818935213321
303,331.1481170117386
373,358.3802882122432
422,435.87365510186174
429,471.16843684161955
406,454.2213581182114
398,427.77692971764463
417,447.63607417949385
464,444.96848531203864
407,457.4208883534131
366,386.0879784407439
300,286.2880303976825
227,279.75882789037894
157,224.99550115152414
122,134.1092919954158
113,123.81164905987549
113,124.49830616729429
154,149.11108422034886
189,207.35071148290476
284,238.63448040142254
363,319.0671796346494
335,350.72786665784383
335,315.17279746797806
315,324.15886058012364
274,317.4991055042915
279,297.37958650042196
268,306.9358893276627
307,311.70968864360884
270,308.98489822087595
307,288.0887199402948
249,310.3754772701092
187,254.91043870845115
150,177.20160417849962
283,198.40193950469006
317,174.69049330077507
252,176.95589165004807
194,146.10998151607032
171,112.09098262409375
150,106.76615590497072
138,145.39806525298795
173,176.7667507540162
196,196.8705383041019
226,218.67138070628482
203,236.95596263190433
212,228.42482451644136
201,224.23503380014165
205,216.96135009738322
192,230.18656012866063
204,225.72793053673576
200,220.49532893422744
217,236.84278125381383
250,257.3951398223636
269,266.9075061038244
237,274.9096547582335
247,257.96273501576394
270,283.13250446296496
272,267.429216689608
233,246.25871040383123
357,202.3964930713961
117,220.0758407077668
85,119.2549266747024
97,103.77005075033036
103,111.0685636042573
114,127.36631151257993
120,144.45018108082087
92,143.6711677456493
136,146.6923270435761
154,176.8152363012583
151,178.9682449580829
139,176.26115170576554
143,163.8305570745754
157,170.7016138654771
157,181.31869206740217
182,173.5784165046014
171,189.17402983069584
174,201.27926018571327
170,179.34394023604574
197,179.24540899067713
198,198.31798924721286
173,202.61534647597898
141,157.13712016257944
114,101.77379786731335
74,75.01873579191432
51,51.38838877390712
52,45.49692939195135
76,71.30499216205058
116,97.54423357946797
201,165.36301818824586
327,307.2339674101989
298,297.8128357320454
192,208.96657425814456
158,157.07438090190934
138,144.59661920817985
134,145.7736869524318
168,141.74456073133337
161,167.16964396456336
194,167.3691744787856
215,193.2764365665392
217,203.81892792336217
205,196.14468161727535
177,176.16108439164304
133,156.80584441752916
110,124.79864064126595
116,118.97059757410828
114,108.28247061443764
97,86.4361966909965
51,58.47891828960053
50,35.87098852307035
38,42.02055274015426
70,70.65428996457557
91,98.5437092807165
160,175.98924121125754
263,320.3899915918207
208,310.5242143639967
181,198.81461456599192
154,159.13483757023522
133,141.54354461137498
145,140.33001992847332
152,149.9902976864517
160,173.77374863870781
176,182.14879360528582
177,202.31159398383247
241,221.1366073821554
207,215.97583119155428
164,180.77595485613426
166,157.7960525518431
134,145.50015952029835
144,132.02212187827132
109,127.99737740251113
91,90.38592335530268
71,60.32592407967319
46,45.149439581944925
48,45.88345191145051
58,67.37062210738084
101,106.81662601697576
182,176.45494949679264
352,311.0317874797506
284,309.87205401936836
221,228.97043351838107
160,172.20221151462894
164,152.97676261303587
172,162.7536694380151
180,176.31275433423323
196,187.0498528920941
169,199.81860727406047
232,203.00385768439205
250,251.7760244037836
168,248.36376269015358
175,183.4183730738876
151,172.98397846207075
163,156.56928180963865
132,158.47826816303788
134,132.10546076006617
95,100.01741317456928
53,70.0596092792544
50,46.12661619443401
57,54.84494304027099
73,79.33200706700292
106,106.61835599372662
205,192.74781519943966
607,369.5510826658832
432,423.815367514177
286,340.46107011343304
202,265.69749237614485
180,199.91233194383642
191,186.22923811172834
181,198.99903469768833
250,201.99185820197286
206,230.96444636788166
240,233.19595863536202
289,257.57028174050055
235,247.93663688701392
217,206.18838796830283
173,199.8378440792739
180,173.9275484529391
165,168.09963383656842
165,153.28623190219326
137,115.10278088325272
89,79.54706155264809
64,58.610935605554076
65,62.127909516965616
78,83.28294862405082
149,101.15661197993262
201,206.81884200435445
359,388.2676000607724
343,349.58102547118926
230,275.75752406442075
184,209.83389506535633
186,197.94827109528487
162,199.82642486042886
169,197.27650803688468
231,212.02891957879473
237,238.88636469501617
289,258.0916340737957
305,304.8517544830899
287,308.3534001747982
255,294.7811867677331
246,255.1493230963262
272,247.38348890788595
263,271.25947482556313
208,256.54075965590357
209,187.39245356363176
146,158.66512801533747
107,108.29587733337758
74,89.45094034065568
88,85.22158307512557
89,108.22327591926944
145,134.43161127079352
185,185.98342842665008
183,203.68643392636443
204,210.81003603780368
186,215.33962731275415
184,207.2173326943436
178,192.37638905662052
213,192.09172098549132
214,227.31421475096616
212,227.41248040302608
218,223.10166557999548
261,240.134492957016
223,265.60889981094084
257,241.4343908308947
250,256.43757421482917
238,268.3286373012548
280,274.37655303785317
252,272.76915834637293
244,234.30987120720917
159,195.19629756636922
158,123.61468168801386
112,102.0014389853241
99,95.97102126253361
110,97.68879800081545
112,126.13750083445234
141,140.98869015080476
98,150.94315603299623
142,145.05361660279644
160,170.22318563666303
162,174.2495160470003
164,175.8024446408997
175,172.11256349224664
187,179.20153561723538
241,185.8765493779677
199,213.87238209642686
206,201.15094538846532
202,210.6749380070137
167,191.95794093523676
170,183.89337184097815
150,186.86235322413947
188,165.32920117069713
157,156.2888882742305
103,110.0330244367358
65,69.57735082433895
50,44.86606939246672
53,45.381477393970826
65,71.55865051118384
107,103.16411788115586
158,177.50616091208997
315,265.5517072690147
292,315.4327756270363
239,214.98318680387678
143,171.8804092030864
139,136.05374476509974
173,141.38982198907843
185,168.712645162837
214,181.42338354167322
202,198.07143349187533
223,205.12575902646634
247,221.4046512384251
253,214.87501067620752
176,203.47018640179326
155,157.0359647630772
117,129.9702832437679
137,122.31793325254938
139,115.76580523725866
95,104.55144182764603
65,64.5428752135144
34,47.21143854018514
41,43.34105165937121
71,66.07858244919873
85,88.01992288113743
153,123.39702645321479
234,203.51928175427838
173,258.60417422819705
176,189.92176154207317
160,161.97711422024543
143,153.53928018481318
137,143.9381081066327
140,150.52202944731215
150,155.91537909680102
168,169.19827915258657
175,187.99548000496412
208,214.74386727222463
183,217.7170849307247
167,182.96480814320725
152,157.23556006897408
145,134.2426061466868
141,135.7987349114621
130,123.8636786944309
85,93.22632001908576
62,60.65138637036047
39,44.45768872232257
45,43.79512811135328
56,62.9479550919981
97,93.97168169925631
172,174.2969446239972
371,298.63328212971925
284,298.9079658451775
217,219.52613021756883
152,179.0758300705906
139,150.17878781342895
163,154.4796168144091
171,171.64505966149156
168,182.95242716991075
243,177.55814991667216
213,228.8106173374988
264,236.79637665126413
206,247.56364903158627
202,198.01517521374566
148,172.49240022692152
124,160.51252592022152
154,141.3270969591607
137,139.72266716260242
91,96.73758988940173
62,66.10953426233468
40,47.212995029662785
53,52.64704241667113
72,73.38891538734312
107,106.01996993475908
180,195.31847707485213
373,340.8704671180567
309,345.2402794987394
242,256.9636721085735
172,196.99981703048635
186,159.52005060570457
202,188.8723897794272
204,201.8691042364362
217,219.30403634258516
248,228.06725604832226
254,250.92218390019002
270,271.207108268169
267,243.00863695272264
243,226.7633754617112
182,204.15588843071492
145,166.92267664972448
178,158.48228427766642
175,158.645609371549
126,115.87185126503768
74,79.42121739236114
57,56.28715082330931
65,62.23159708444693
81,81.39457451865542
107,109.33830785515234
214,190.07789961043875
371,383.20698752207693
324,340.70971679769553
251,246.73695181920723
209,205.1172410052481
189,210.45098665979913
195,197.05890606257609
206,214.07447442302487
270,226.76489146794617
250,265.1807632611041
279,268.8855630509904
289,300.05072465215636
274,301.1213067721187
264,277.1235629291691
278,260.7590230593041
245,267.31211717402465
266,263.53414955813963
284,247.82718773932103
216,241.57048435172874
158,148.1486511548403
125,108.47133800884251
87,91.37400658132064
82,94.47129205437558
110,94.26736912273134
169,143.5499883119011
175,197.31714007911856
222,197.96115297716474
256,229.8373705802696
229,236.79654533986115
229,223.21971295480327
227,220.90719926392907
238,223.7209639651145
271,242.22072061028766
241,259.19996720234036
240,237.09775813017484
241,250.7330048234784
282,252.3712207693854
299,275.56765751082276
286,278.57636029976237
284,275.49839379481523
288,295.7179106141205
295,283.9165736175761
251,243.3260352244675
213,188.8893846695185
161,153.6358136937455
135,108.25452539724616
104,99.54185078285666
117,106.1841426284325
127,122.19624598423457
165,139.0969898440252
148,149.17190750420622
196,167.58373241616434
187,199.81594010789567
165,186.92733862396588
210,174.75901443490258
220,197.02592644958037
196,201.01518937654916
208,201.56289295083886
201,198.00433893429988
208,194.62431897016924
215,210.98993068600308
218,193.32019027945915
179,199.81464498651147
167,179.17405064279652
213,175.71961187130248
170,172.31119042349044
116,109.7820171517687
67,68.6702316680535
53,46.36719170969516
64,48.54398998839545
81,72.10631910178574
108,107.53245602455657
201,171.7570757098999
364,329.3697066946797
293,321.25007180662243
211,223.4188048782824
184,168.68377620935726
150,164.95420128265962
164,151.55594825544654
162,170.3476543103843
188,179.52053241302826
214,191.16182977240138
254,213.2424928147161
254,238.1303600149502
189,227.78809818732893
172,171.57618093165175
133,155.12053645906232
137,121.01772980566648
168,132.68433741797017
148,125.80392142652893
84,99.47156667908125
54,55.190830718812656
47,40.976181552072944
50,41.487461240894184
71,71.74019317753582
92,91.51537361071587
186,167.70051608070932
371,303.58704973727544
302,322.8238136759547
250,235.5369662175307
148,190.4167359442116
167,144.20211823684835
171,158.95572007182207
194,163.7608098670076
217,187.9397982372368
178,202.9005936188636
271,194.71531973611195
252,261.7866341332317
220,217.88829180324055
175,185.8819307789836
144,156.87982669426927
138,144.82001438083836
144,142.2246919301367
151,125.1917319457517
112,95.89161549922946
62,66.4962300193689
41,45.006255958556395
40,47.85923786167473
66,60.34702741160908
107,97.98194606904914
214,181.2567408944813
377,379.1298016664609
358,319.924611806068
265,259.59913583299925
181,187.26607324460537
167,163.5251495883797
201,175.7706576210584
196,195.92382031704312
205,195.74450532307097
207,204.68427990271377
254,227.97440073013667
247,267.63238501286696
239,224.35841084449015
200,201.4159146474008
202,171.35359963068396
146,162.58005281097994
136,150.41013597829365
168,140.83833494160223
129,115.59888179895486
67,72.43091734762294
57,47.05943104603953
53,51.76929240157176
83,77.08509741646444
111,112.00205591965398
198,197.8728637881119
388,401.1014203194723
322,369.2730416952928
252,264.8521685689064
190,197.58067948430084
203,180.93854165938046
198,203.10380586521836
213,207.0567722849684
230,231.28354280647437
225,225.57147767766426
274,249.57092959510862
283,276.4690782244765
249,265.2133980836447
250,225.14230420576214
215,213.89437910309633
186,180.58565941679572
201,166.0922014602435
194,175.98299846115077
168,137.08361949459598
86,97.4240235891585
55,59.53135027483646
62,61.76513153827616
64,81.26858809086603
109,109.91671406869615
197,194.23782693984245
399,374.86027463284574
335,334.3311064660043
267,258.71620299542883
199,213.18290721961682
194,206.4848602247277
204,210.42422022534635
230,214.1936248619235
281,245.3729502102068
229,268.0268272357656
270,263.7734531679779
330,296.3337553359417
300,317.7785832960752
293,285.41971514350837
265,275.1389059946457
264,262.69174809360686
278,277.13021253227805
248,259.4539953449703
231,221.9920557638056
184,152.2761273904541
118,151.59468193607708
96,95.48491156544986
117,89.69468999448583
104,108.44027900102087
158,146.12145921264192
195,185.1251672029303
246,210.73815818102563
254,248.48115665186594
244,233.400366241773
240,232.8568325011137
235,227.4784026997089
265,232.17121153734726
256,266.9661728442623
262,243.54391755601887
240,254.42408540752132
292,255.79919457864938
336,285.78706210952095
329,313.799873727107
304,291.3904744467053
287,291.2974003860555
304,297.0574481012187
265,285.39880282896075
258,239.77975276438028
226,201.89216869127424
173,152.9432161859992
131,118.02509610957891
90,105.88569279266208
113,103.11725288032768
136,124.28713421379123
165,153.11320339481873
166,150.5948179998847
199,189.2065422143036
199,200.94479485209595
207,189.73388350332476
198,198.38640952285
237,199.24215730631815
193,219.68321336979324
227,200.3898059126691
221,211.6191429015091
240,216.3814758941843
229,231.37022155391512
239,202.17364330035764
209,210.19766748363722
196,193.05787034837957
168,190.97203603654918
189,147.6211377894186
109,119.85672797891397
74,67.20053444831363
59,52.24837764391808
59,53.66688956158314
74,73.94954509367342
107,110.715209771484
175,186.58682465857373
288,316.85086063915134
307,299.56666329893045
224,222.0814177234658
162,172.00203773526985
158,150.56509475887017
132,159.35343801273154
169,156.4723853050367
206,180.10084693929028
188,203.6782849573472
215,209.759444964743
217,236.5841184984207
203,211.32157154288305
181,182.2649243736401
173,155.93261936967696
149,138.99215859477385
157,144.6343024270567
125,136.54085930942182
119,87.44869738621685
67,64.50841620299673
55,46.128268143284714
53,44.317558368050015
76,70.88355540605468
98,93.48950599194401
158,169.79349643691612
287,284.6211384857177
303,308.74652075851316
234,236.4555196908779
170,173.92598858857556
164,158.88846974805114
167,153.37996290483733
192,171.08263802499013
222,197.21855231443368
241,202.48732468135034
238,231.48733402670206
243,240.06429789136826
221,213.8356781745178
257,188.62116582244488
218,208.68888405023534
184,174.01909199731713
202,168.38488567002884
158,142.46665364563557
143,107.46566710020377
70,76.33067404715212
55,46.72498271915524
65,47.64345727809179
72,64.57023615159486
100,102.786991974043
156,180.51686601079436
319,286.87158457558115
288,321.06594169666863
260,235.4334199794806
208,190.48002673759382
203,183.49962720570625
209,186.33447693024902
207,200.7599540734472
240,209.1607900907813
216,232.8555024036355
215,231.60114217885982
267,249.57133468510366
230,237.51456122177066
300,210.486771198446
214,235.45852916149278
239,180.2772144263264
220,204.04341250706256
192,169.4791959066581
159,152.39729112394866
140,100.1503380775474
87,88.69634396326583
89,67.90119973987078
66,85.28033693897541
82,95.32922913371958
120,127.39704292105482
142,210.31676615551396
115,163.15124707177335
121,137.84541938244843
121,148.2942560573631
160,149.12825273964046
173,179.7004393849661
200,191.78213489315212
221,223.0617612686336
299,229.76846303798723
330,290.8475351649665
433,311.02834831337077
477,383.79111191423
451,409.4436430063398
464,365.0464838155002
467,368.2300383324287
478,390.1358457632428
472,315.97851544013116
420,257.03601722108834
285,205.46333542257116
198,151.0452271740094
125,111.28424553568395
87,85.66664644667655
78,111.28122138434166
148,173.36848389945195
172,212.53070673664652
181,234.4396008830666
152,191.80688760747168
163,165.85780953178352
162,171.82979429324143
170,180.18421660475317
161,193.82427674247575
171,193.01187466424508
181,214.15868420083635
194,235.37331728774703
220,265.10158297081074
227,269.0176018693676
217,256.6454766051644
225,245.26130252940547
214,258.76862394777
243,266.42779512404275
232,271.61031995310395
198,210.74578246968576
160,172.82755711651356
122,129.88714357390452
84,96.25501235620165
66,90.03590162847274
105,88.05981258148157
154,140.11922272725874
165,177.5410460272498
162,205.11687081621287
185,204.86351571257947
159,206.59034000346801
193,189.42258501692078
214,201.25492929409847
226,223.79617508002315
217,230.5308276801082
225,225.39880940808615
207,231.94453958159562
236,231.32314012132235
261,256.0261571116094
286,264.61788064749607
286,271.04766007250686
262,280.6428949978077
267,279.3133664292473
272,265.8791657906907
231,241.47972772928614
182,181.1855673171009
143,141.2675372203233
129,112.84147951011174
96,93.73542702070408
112,104.87508526072777
134,132.84667670243198
144,152.42239716241102
126,148.02407441025642
162,170.13799565852685
196,181.40905183067065
214,198.8059441264056
196,207.9118367386655
200,204.1744722073359
211,198.62514841808814
195,217.40044517294095
191,199.37989831208552
219,202.81208161806887
212,218.4256024837103
169,209.11073959452824
172,175.7883796865021
168,172.3654234146943
177,175.39879459354972
144,160.68156751620145
339,309.37578549935097
372,242.07125589432087
323,215.91681000566516
259,193.06509818523188
207,132.69337069737983
117,106.29213753580505
109,113.8963718000577
127,144.43834085514453
180,180.09532490352532
227,238.40385617388856
313,280.07745062801115
360,325.4657581120062
350,351.8327908311022
347,345.0635845418002
331,330.2628680368329
385,334.7734632783004
402,363.2574649040629
420,423.6879069160669
473,460.2947064201318
510,476.36283006910355
499,497.32690394011667
494,481.9269164059384
512,480.36305260093417
464,449.31951124250145
432,368.98769541008835
589,325.2687126800933
184,317.92672469015747
144,139.09234493075476
103,116.23657797983044
154,89.34278826879645
130,112.81405638746733
131,131.2341123743986
159,157.0156579053366
176,216.89227460861994
268,242.99640260494664
271,299.6913427402339
286,299.5980391369244
258,294.7964487874886
234,261.2438932170791
212,249.9390109154884
244,246.461759230664
301,274.69275711060135
316,316.72467480171844
334,286.2797444966345
323,302.0273705668663
249,281.3976724472479
184,208.60642240899085
133,138.07394558195836
60,71.5030045910397
42,36.58914048598953
26,26.67323636066986
28,28.240892607825337
69,54.35299065291814
98,88.96319436413653
164,154.469183213934
250,244.1933269465332
328,325.06870229427136
306,271.76478776006894
258,262.2885732628902
233,252.18573978670534
228,250.15027154885658
257,241.93503874597897
259,260.90568525397254
288,264.7281600956729
297,300.66257435494157
364,331.5971887603195
364,368.2218686049716
357,333.8535680253252
306,323.4549411483291
295,264.8124364131738
223,230.57502402350673
161,144.30112361998783
122,90.45826840761788
40,59.31578617939854
25,29.17487442851509
25,23.725149577259756
58,45.30410237171486
82,79.42810408753542
159,165.35842912726062
228,262.53631920679624
343,363.01626305084346
293,318.34733513553954
241,251.82941070462843
257,242.41880278495574
259,256.21387922226467
265,269.58641937073764
284,281.4617783661206
300,295.9559960044449
338,323.9936549646618
394,397.7883370269395
414,410.6915670443572
357,400.05831973843675
352,364.160231992927
293,318.28910479661647
272,268.41088018735064
195,202.0601088905459
115,120.35550669184461
50,61.37204064548472
28,35.34756979746883
29,27.129083742524095
55,49.389042242428516
95,79.48176090755973
171,174.50792739448258
261,267.57601509943174
348,379.648191235683
359,316.2563812465149
273,275.16271184741504
287,277.6580229559482
289,280.83105499895595
300,293.7671356696881
299,303.95162300362944
294,314.63379526515865
353,345.7393660777913
440,415.5457568319135
456,467.7890761609926
428,446.26209786934004
451,418.2382172793431
411,410.1598362195321
317,344.3064336846208
218,241.9782410534109
119,137.59226193462783
75,68.6881217759239
37,48.573680064614756
32,38.319141168395284
76,61.37924020145156
108,105.16268968035975
168,189.51729750985768
386,266.951701633968
420,393.1417731966344
326,372.19299062507463
291,296.5383893849479
286,298.37095508963915
286,299.3525352065798
314,311.059804279615
323,331.2638848506534
340,331.61788974958444
381,349.8161003373718
414,410.10075098500147
443,441.0321077539077
459,424.4642610629108
464,456.20132821476614
421,436.8338463528636
377,371.159964205525
276,290.70677999117794
204,202.82499300313225
125,129.48165677907744
60,74.93148312968246
70,54.334713870815264
83,84.18867094984921
123,102.11829724249513
206,168.052109944831
228,280.1556972070495
284,294.47921019225504
262,284.2352651739626
267,267.3512937722485
267,276.0189309984774
307,283.77831809229247
285,310.167140332391
300,302.4989324684421
280,304.87869449070877
348,308.9410704097417
397,390.26284468132786
503,443.9080604523709
493,506.6039381668171
455,482.42752032304463
429,453.3866872247514
410,443.28822425314587
402,393.24944110802676
338,315.72895438013774
210,247.4816461913531
140,157.92229587914585
133,103.91990643931003
81,105.1776208652718
70,96.14227922249442
104,106.96246671551094
128,139.90896131747175
176,181.47285282846818
230,230.28601733567595
331,275.3384042952938
337,337.4043664886314
364,335.4732794904984
304,343.99347786770187
322,312.5251496406744
313,327.1878819559515
380,339.1550359010732
421,420.8413939360104
457,466.60641057389086
452,474.0746611559312
439,453.01005834392214
425,432.5916306748552
419,438.44330205716966
392,406.9173265804193
353,339.09643605548024
265,250.32477042376695
143,181.42847809560425
81,127.51301820631788
81,92.95360550862384
65,77.33045400173715
83,94.04618843537344
103,116.45577212891641
156,151.93727393884285
224,205.7587491768129
281,276.4227279786607
339,299.59496701434233
327,334.60419941785074
289,311.0957161344073
342,275.0261156749385
329,321.2489832908838
330,319.1552230784903
331,328.43668825125667
305,328.9794480199621
238,286.1168823789982
226,245.72984727847285
187,222.15201651659774
169,177.40336102470093
96,129.78491187263324
69,61.46255400523899
45,39.609637170551274
30,25.375672112595538
41,27.30485933249112
57,61.64144972077687
74,89.07914270569434
169,150.58593800788987
221,255.4022651571513
293,302.7870655551396
296,268.9976931293416
260,251.1970319159625
287,251.64714000585738
335,278.02289815808183
331,322.061032577016
299,321.0600824012442
256,292.5137117322143
288,283.3576562123424
339,333.0492139951854
341,348.68541169519165
339,320.3077198755106
340,303.8068636052695
324,295.8116271027892
262,249.87016786294154
168,162.05960660180375
115,108.80706419807318
66,61.22298090381912
38,38.71855112675138
38,27.812690217792067
45,49.58764961829905
88,66.1046688029144
139,127.95132787686889
227,185.4512648673288
309,281.39652431145385
329,307.70780165851824
287,286.91364797598004
263,289.40998041691313
248,276.69751816012354
235,274.8939553647166
238,258.15060237113715
245,242.92475007414959
289,266.55571908797396
304,318.53612574090675
414,314.6924864569542
364,392.03558928486274
410,351.878628475135
329,352.83409552210003
306,302.2411827226226
181,229.1470348217824
106,113.39980872439544
61,59.81515613523431
21,36.31909435046879
30,29.61648903600646
37,46.2304471765574
98,79.96997897272279
160,169.2758986002238
260,254.43700350705902
370,364.1753178284997
333,333.40020213677843
287,282.8324373520334
275,287.22660870781465
292,273.3368090244516
261,286.07584167211957
317,279.1746682576315
305,309.26799495986876
378,334.6318650995013
384,409.25156598283934
438,426.9360891879817
421,429.08985424321367
468,430.174322249136
381,414.53454969108566
299,332.59685092641513
219,223.35057818334406
152,133.0197597187481
99,80.85073546196578
53,51.85798093784271
35,37.51719318853759
55,61.79828733288632
114,103.02389868213574
174,180.2052152350163
277,274.34816482405336
400,381.4631806224596
345,367.7974864587988
270,304.765076622862
335,289.67730131261806
325,323.7368360297503
325,322.0850501402422
340,340.6605737214956
390,344.16411375650205
379,404.4151196594152
451,414.7012664861299
425,466.5129643385916
435,426.75343154008425
453,437.4501230967867
465,427.3082824815235
372,387.8410424724407
283,278.8527579827861
203,205.8824025214157
117,136.0478152177129
64,69.88645742978359
52,55.85533362038821
81,75.03652685680258
102,106.71199936707566
201,170.25221597847639
267,258.31194485221437
318,310.5065922084742
279,289.23504830752563
233,268.6802456022016
279,261.19893211447544
280,291.37964708567677
304,289.2100946463743
351,304.6593517247726
302,340.48102612928284
355,334.77852019074834
469,401.24559283678235
465,493.43253137172064
486,485.464506346019
465,479.1837252927425
429,461.6844060956143
447,438.19158908187325
442,409.63707466255084
335,345.15743146440997
220,250.03070476790643
179,146.80525952701691
107,130.57901036677055
82,95.3768998676336
103,87.46466048010421
104,117.96682177644573
123,135.6040432216947
157,179.14362922412292
234,222.10292678774272
281,277.74346339562845
326,319.4559186046413
362,330.03018376752283
307,344.657041937774
284,319.7017685608029
327,306.5803554474091
380,348.94595194104454
381,430.4650072590248
477,433.05055584527236
518,490.8654034201312
547,491.27273146633195
456,491.96592843978436
485,469.547763807604
441,452.0071054670825
337,375.08397330911475
261,243.82673050085856
170,186.74465130463838
100,124.45919037485277
92,91.60241751236629
63,88.40290736469257
106,92.61110955959474
122,125.48880647962957
147,155.38931534220862
226,204.26625026751654
290,273.8948739465761
312,307.18327771358946
269,316.9554917302499
280,270.73690079357516
270,270.5742967047921
261,271.83955776957885
247,274.30707527316133
309,278.09755005711077
267,316.6248029408649
268,258.0178928952326
228,258.5410092246423
219,218.69081948556476
152,186.36861280918737
124,106.89360441749947
68,71.62324405298703
50,39.810797910670416
29,28.065647179518727
20,30.89938226867505
63,56.41647395504099
96,86.089080258177
169,162.8455226021912
239,248.79142157005745
298,313.8240185581026
256,275.2071969966309
247,236.87087647949085
255,246.63930700414932
258,248.25362022944512
282,261.73174023469807
269,277.71164584947473
301,268.4500657324327
313,302.3145573739476
360,353.2667290259464
380,354.1106969105964
347,345.4129923898794
343,320.16444026409084
258,295.1797138450285
227,214.25328880097587
136,149.83311670617812
109,92.41270668666485
51,57.9718529261663
22,29.022691873541067
42,21.54477330886807
53,51.18677225092189
79,80.98032177036741
174,158.62753424385755
278,250.84109157016815
380,340.3388616199486
319,313.0285654193247
271,262.94686613558287
259,264.67300731793864
253,260.25694534133544
268,266.49327469451185
281,279.37391090529
305,292.9611758358362
351,324.88825826041966
375,388.55314308367895
442,413.035487595105
427,394.2193703630389
417,410.95077658042834
387,349.1354858822375
287,319.4771413290909
233,200.63559843027173
120,138.16175467832605
78,65.62889555316896
33,35.95276885343269
32,31.02442356753942
45,49.13464656751705
93,85.726405935898
220,175.34271684053894
357,290.1924593185112
483,392.67382846847477
420,378.44588795115703
309,315.694185097352
299,296.3958543419212
311,284.7231405595521
290,304.2129729356212
296,304.2775347871419
331,312.6422737516675
365,364.8574919435737
410,421.4710013952413
383,442.5169947881706
478,408.61196618181305
487,468.327969203937
430,450.08224561035416
344,360.070400841661
284,255.69591078544548
149,165.8487126391694
100,92.90222358430782
40,54.005755582499205
36,35.97966992310045
59,58.697882322859755
109,102.42693829358716
187,193.4011043215699
281,330.0096609440995
438,413.6824340731025
354,402.7749671227267
278,310.0727600764361
317,300.3457765381448
308,322.97234131490507
322,321.4230434502195
346,333.9619007043925
366,352.41043452519295
343,376.22821259882727
385,402.9529031098222
438,410.34239175693466
475,438.41541438191507
505,469.84250080775416
429,474.3867693024585
387,382.6440755968733
305,308.6482518227792
200,216.67487513053214
121,131.63834089127513
75,73.32715439687075
72,59.10348375166716
96,78.59930706355809
101,108.91400200774785
181,182.7790191798024
249,252.59490700882108
309,303.87685856815705
255,288.3665679574491
282,256.93320671893673
302,285.9541896864957
307,305.60843956695584
267,311.3117693871732
284,297.1614143297667
321,302.38341911890626
322,345.05219192297244
356,387.6798423894843
443,428.1500477702459
503,478.4178413158278
453,494.5138079576671
378,430.02107750562027
426,407.19882708771223
357,418.54279669949375
308,313.3358925514008
219,221.45003887904497
131,151.96281744248074
99,113.77871273021857
136,89.69958326981022
105,101.06479152432581
111,111.33793768679949
145,135.34067800663894
173,183.65723539717612
233,229.76539173876674
264,279.4551416207265
306,311.54740914233633
304,329.51922519359033
349,307.5836957238138
296,336.79236350550246
310,322.4329136392402
339,342.0103194586857
362,384.6674152514088
425,418.34086285408944
442,467.53619550294985
432,448.22417633107386
385,418.96551410691774
378,419.80645195006946
404,376.17501811991735
366,333.9928542448684
289,260.9525806060823
181,184.8565811453036
121,120.5323702502916
93,98.06763555309126
88,91.79334158860334
107,104.42331896376248
131,125.45431904071603
159,155.14701305463115
222,210.93758267602223
284,271.32649361921597
288,306.9968203554681
281,289.01934799342513
252,275.1736481207089
248,258.34394512730415
253,256.26716624900206
259,262.9099825668901
257,288.36658269633494
268,272.0854820884635
246,255.0298562514365
183,239.18568099889814
188,192.02194795901357
152,166.39841737952497
139,111.09466381793362
75,72.05981559624958
41,46.39483128933055
36,28.942734138886028
26,31.31067847455778
55,58.95436679739824
73,88.69220901804321
125,158.66445021625213
198,216.85993806291287
298,291.45746018262065
266,261.94673367988213
225,243.15891202085544
250,236.32232497717885
258,252.94082456553096
226,269.5835819906722
258,253.40410587682416
271,267.28815705519844
277,286.8026672946876
307,330.3392054646578
358,331.87599061611627
288,331.02491589516825
218,293.13675770397157
239,226.6406210210548
197,207.4174466013919
128,145.97328398537522
87,94.00514517490612
55,48.3993343768838
40,29.21772618384839
33,33.197168453673775
74,51.12005905482271
87,85.26590880195008
167,153.64542199388774
237,238.83647096143525
282,327.98166447710776
272,283.252966108743
222,249.18592413967295
250,241.8185863674049
250,257.4221222126138
257,251.42645988825788
289,270.09876969330656
334,288.9721276613706
339,337.4588380307797
345,381.12925836863326
365,398.4346030497649
366,351.97390996443784
367,363.1135562509679
312,324.0360823751727
266,277.3769279477023
233,196.17318262608327
143,136.8515972642298
76,75.68254266063973
51,37.280351116095666
44,33.06051623949662
83,54.23218365564073
96,96.28573916041906
158,177.70750539180906
192,253.71814240907685
194,282.6583353390285
207,229.02492259026036
235,235.49346860717472
248,253.4257932330566
267,268.8983698468611
252,279.0261164827825
246,285.09033008109907
260,291.74615403153746
271,323.6457976243928
255,347.9465449277067
268,327.2571777336885
378,301.1156569533429
267,412.59872239502056
209,305.28948776635184
169,240.42676441200388
165,179.29581846097088
115,131.7446310922704
76,95.06278338999935
58,58.05173072981586
67,42.19343836219818
60,69.07173524797126
94,91.86116376481593
122,132.23077096067203
119,123.07650095432837
104,133.12188333124539
113,114.84445414630427
157,108.57463492339234
205,171.93377313970413
222,232.98401768231312
198,244.0733330397555
159,220.18826799033337
211,172.8050070414825
206,239.1820155489974
172,209.02954743053164
241,177.6398056439704
214,225.06284956731915
227,179.91610039975697
201,189.99119227452223
198,164.91376494711417
171,184.23917620170795
105,139.74909262831056
54,83.81828751430317
47,57.56385919597356
33,60.698962200164345
46,75.47887317064361
33,95.52259375014383
66,154.38728470395205
85,151.676035041701
84,142.45889444330197
142,120.72573327712655
171,164.5377844186432
217,206.8828790997713
193,249.87070958491543
180,229.68586924006732
203,200.1519094086979
184,245.5371045714967
203,230.39961268000073
266,252.99582021331048
297,326.0238800360769
303,337.53675702628453
223,326.64829146421204
252,250.0134965170394
231,286.42499300348453
238,255.13454932696982
139,189.68598743955434
88,123.34685822337558
71,79.65476998072026
71,75.71782675662642
56,69.63473174757594
53,68.13784586580842
52,76.25724748642033
74,85.4482058657773
88,109.39432812740374
147,132.224708956298
204,189.45339241944544
221,259.1289099797812
229,247.26543885211964
249,256.210955306912
223,264.3059428153768
254,249.42785456749237
306,289.95536177423287
304,336.9448517922507
338,335.6810918561313
372,360.208937845108
283,370.0463993181028
274,294.4323925238132
257,292.4449067537519
234,264.75841762284443
212,193.387730717902
136,179.72051215979238
95,95.24294120207693
70,79.66418702831064
56,74.46285433376224
67,62.47405401175632
60,79.83554302303686
72,86.71156514215113
102,97.53650671312656
149,151.30800549611743
250,199.14730738624317
312,268.75800064560497
267,292.4989965208405
260,260.4148077294364
291,252.86470417583834
267,277.54722573027635
286,267.6393841877593
329,289.69482342181135
252,316.68350715685085
203,244.26208830307812
213,202.73760157921856
189,193.88232501691112
126,157.97159079917918
93,108.52345574956004
722,712.2118300383028
513,389.30343329471174
387,223.4018224630562
257,188.20024732235157
146,129.5067262760931
138,96.08854994621898
113,133.4815417513779
145,161.04069345707202
220,216.0337002707578
288,293.75977004150326
356,346.3099614769385
372,382.9873232801614
411,401.5943397371352
443,424.8684286623688
436,450.9316796343774
428,441.17918132392657
440,460.9333759767389
487,489.6867438883432
584,552.9050768979924
680,616.1727725021761
608,636.0942277606075
603,617.6796431516312
649,663.9145808500565
879,671.3015121577923
697,744.1110991537747
710,462.0202668488966
151,325.6783951860432
97,124.24334161910137
88,102.15287292198792
118,91.75010867658096
111,108.92707608522758
122,126.88641657892025
137,170.35346796920518
148,222.72204027287893
200,242.96925015546233
226,278.1759371222187
247,285.7300504506199
259,289.76967286841796
297,294.4161268570039
274,322.76546523185175
335,308.9934163402364
390,377.69414884201007
440,401.1551714527241
416,401.20132420363717
496,388.37805409559695
365,448.01979897618173
246,350.69020079200794
144,188.81157488337413
92,97.53488833804325
56,58.920371187533334
35,39.3602824734961
43,30.929994083070632
80,69.3715937417171
104,116.94911748849863
215,160.87088760222935
261,253.09782181235002
277,319.6601511492541
270,253.39838516371992
234,238.56424560399876
245,230.85047689310315
240,246.99785455210434
263,241.80017928165788
278,272.8038637123685
304,293.04817064167673
335,311.9326213018358
342,372.1658073672199
404,364.1933650246271
300,361.1511768428249
347,287.4450212035519
508,335.49779426989943
291,394.96298804741906
189,214.34168956652346
120,106.90615984049799
50,66.0737206548966
34,29.94616719890838
37,39.66332432151963
60,67.40704534701176
109,111.92502092947686
229,193.5352414858485
218,291.06213505778294
346,303.53786492798696
279,277.8283788915726
266,235.17169365788627
227,243.2345102772108
227,229.71527110944817
254,238.04374130133988
271,273.512456166186
290,284.9155035688621
290,311.8211148999127
394,339.2629344269341
395,425.5844736824228
358,351.54844472772004
374,336.6693551022379
398,379.89991745657744
583,362.411286808589
343,404.6728729165966
225,177.12544229935207
101,91.92678189662166
47,49.12464922673489
39,40.48970623470329
89,60.14766450928403
138,108.10791247296
206,201.21761923197306
268,269.5640853762718
315,330.39743560197195
275,284.34067661453247
231,244.00124575114052
233,233.24439567192286
222,233.74371741561657
221,233.1322331800585
278,257.30462101059175
263,292.9026193497009
301,292.543291539569
368,373.2363494812589
371,424.1682625490279
357,360.2319077699239
327,355.1621068381065
342,366.75225372742705
306,371.8373373770134
220,270.5042854847607
98,162.72740117762152
64,64.1850396379207
28,41.582791956703716
44,32.47608690572807
74,65.27758230420675
115,116.72387148315117
203,192.31831897751218
313,285.80833683977096
311,334.1297924455472
268,292.1577321003878
244,248.73911293240246
244,248.35769308695978
228,246.08648739695258
219,240.12705562317677
306,256.1934339206462
320,306.95234255412237
344,343.84749042472447
408,404.2833184170437
456,444.03116354029737
421,429.27589886437084
407,385.55856831551836
454,409.7618920054142
443,418.4897449971801
654,336.6184377372867
285,278.2341812709235
139,139.62434452165573
71,71.8563778245928
50,48.66399885906966
91,70.66275147341983
121,108.03577351325774
171,175.27921726844704
261,267.0729745659912
279,319.75739150056035
242,269.298231199737
247,253.3598687134748
269,258.38917060131564
257,271.24283093863284
277,265.9124380034962
300,303.7329598125974
339,319.3644048841181
361,372.14698960607
502,435.5931205823039
542,548.1270429629724
516,578.9619476427102
464,553.2837663457904
635,485.97154348540084
669,717.5991107195023
593,676.3158423259354
406,486.2392503946536
266,284.6836928549259
147,177.93777753269774
107,116.74626302748878
54,98.62858052939409
81,88.22401215023608
110,123.1334237468683
150,157.8973886260542
233,219.03203519562294
295,290.203485933025
353,350.933528176659
381,377.8681781083213
367,402.6348132460261
423,394.49062649742973
414,430.47556755020827
418,426.21091628251463
445,446.05945460323755
520,502.3219722747297
550,585.3860165858041
520,587.6796439597714
494,543.2117142671423
588,545.6931908680791
764,653.4942561378268
712,722.533993644498
551,589.271475603344
336,353.65915868250073
202,193.4542073391312
120,121.45258184674198
88,85.00806582774439
68,88.12781830742249
88,100.17805744012976
112,124.60538382276052
170,161.74488314619964
248,243.5073352885382
296,305.5067899481332
365,319.9697732934046
412,369.2356906943695
428,407.100706289012
664,415.4834380412084
478,509.39977306364744
454,456.01187344227054
437,453.9427647279153
393,435.2772684552543
336,372.75892814529993
290,330.99510491434603
385,298.27956549943
465,362.44244707692206
402,322.8491347054183
173,200.2064425418798
70,79.88942144685537
52,39.12517923524077
35,39.10492219046452
82,72.47761334094653
126,113.01434295109365
177,189.69524409605947
251,256.00918101928175
312,315.1852761178999
232,275.01889322916884
239,225.43849780839025
230,235.370494882121
308,233.64359010719332
286,294.37165231665057
302,293.6730983383873
290,313.9230548266458
316,311.7397013905333
402,353.86579436572055
434,416.3127834462367
385,374.50667222674963
381,340.5779115663583
318,382.6124884535494
229,303.72815966131316
257,217.51507276561242
110,183.5885824498244
77,72.23935182511265
57,48.46811843038247
38,43.16424887032902
66,60.06263617584824
100,99.83111107018108
146,159.3105280291771
232,204.76834601794445
356,279.559429100229
329,299.6307717641569
288,273.78174586491514
314,280.41082158667433
288,316.4264551067615
297,289.0901910130625
314,320.30204536212625
359,332.69789504480707
388,369.12306915022185
479,424.4898089816654
436,471.59941743293393
420,423.9455778059785
389,404.71949809181297
462,371.605738040563
484,380.4475372797361
293,393.05467179187457
124,174.67614006626346
79,70.7185932022157
45,49.133630587099425
21,41.35445955225389
71,63.48933495661051
134,108.69934487219552
187,181.80954450863678
310,264.1658896278359
357,347.8277391597393
275,307.36161314454745
238,247.9444016541464
222,247.08797636654793
224,234.7588775985376
230,239.14981653174112
263,272.4654417880364
303,287.83639248811176
322,323.0168872591895
379,387.8988455681535
437,417.02055041087004
378,407.8644748792585
342,366.0639653706278
339,383.2446782737598
289,374.9819407037981
215,248.2057551816233
128,128.2057226206418
71,67.94941827614963
56,39.74002400097607
37,39.71345676088097
68,64.76208761864274
103,114.78676376709207
171,195.32083198406863
296,307.28871471167406
315,346.84837926704563
297,286.9452224506178
246,253.617130177154
260,242.5307244880883
315,254.78749010037896
237,289.1017728889987
263,265.8236429601383
319,295.6382984520529
320,344.94307823617993
455,390.5746876037954
442,475.8681665750618
425,425.4945274216359
356,398.37063434274165
380,394.7405432998348
331,366.5096587043684
269,297.38964656320746
174,179.12444595234993
86,100.91935608230624
62,57.86888038251327
49,47.62976472767129
47,72.37840667624363
96,105.93859806962779
189,158.03923366004253
275,269.72483186082815
298,316.3525387903806
296,279.5211960576886
235,269.9376494016572
278,255.1211112123066
265,282.30269213052014
244,272.3776261787906
321,283.29238552494905
327,340.06824662895116
347,359.0208976648827
536,437.3571973540458
578,569.9757053080718
587,596.7919966215732
467,566.9319482076598
452,534.6512857852287
517,579.0337718182091
520,524.2498962684435
446,484.2912247491488
256,342.88539773523524
171,168.2235722418264
126,124.47125069488288
81,88.03144218776782
80,90.45417087235457
91,111.92478523711894
153,146.01769012963453
228,221.8987898576822
309,291.2885180491671
362,343.95849858082596
372,386.4714680790671
404,387.38093930865443
446,416.4862505287994
438,444.33137008399615
437,441.0991309988443
507,452.5347449212628
603,547.6399281189373
648,635.49434647658
629,623.6081089463386
656,589.9057330748675
570,621.2474154784622
643,627.5797584744074
581,702.3692970176747
653,519.2300474000587
405,466.08537124015186
213,225.9710529847915
131,134.49343182687625
89,91.18180755128868
83,85.88717696306844
96,98.32758318744695
134,127.79603279844486
193,172.29988891842453
242,243.1420253384965
339,295.1843033430672
357,368.6896820467748
365,378.2911344518339
400,371.288174871851
440,408.7478515294838
421,425.87133857754696
460,439.2288840613196
486,467.89049834715786
466,465.0621210983312
407,422.48728938413984
367,385.68161546794863
326,350.88330579705297
202,301.79963254334945
210,182.77836406425754
128,128.35298104939727
57,59.930248702329855
41,36.22130006231111
25,36.707820280967525
82,72.33983956236412
130,111.60995492627085
200,187.12176817516996
283,268.3939803340881
354,316.77029286796846
276,276.1983607863919
245,247.2988824019372
261,237.82443782173982
256,259.45798299688477
259,259.3395295429073
255,271.4057559753301
308,273.21034687022654
322,331.0142588618155
416,379.04918871002764
392,429.4595160396481
351,357.7968825259274
318,341.8841584507375
271,338.883601113146
223,265.4286428464099
172,199.6573598239145
95,108.7902365661988
63,54.73864740493118
29,40.35706982301315
37,35.41194781308223
44,60.62638365078696
89,101.25154563066825
167,173.49572312027422
294,255.68280245181046
335,357.08672437595254
286,288.61659201138775
244,253.8462941023052
219,258.20957592025246
201,235.12273645883118
242,233.10151672261503
264,270.5005260928576
307,294.65746895929294
325,326.50824839974365
394,398.05154481887257
395,424.11330744717065
351,375.9466974507789
282,343.1134453407759
517,310.62788561719566
551,464.01834297003427
281,408.6747052868451
148,159.97503389206145
73,78.85321700818831
47,42.913104626531535
37,39.286171992465526
58,67.54019344199197
110,107.77739807856311
192,182.21866275893495
345,303.44194232922297
454,360.398834324004
345,362.5601570353674
262,264.2252444556714
230,240.97027734362308
225,221.5940505529332
216,234.8838740661399
259,255.33166970908928
287,292.13018560727375
330,317.61403353928
390,390.04328509353314
450,422.4560467840385
359,410.0448474529512
372,331.9430824174072
454,411.0612460304601
690,493.4259711888089
332,406.2498799152419
194,176.43910720877298
63,91.3279802759103
42,39.34058670340769
47,38.29735369192756
63,66.7684908950068
95,107.35614138931156
175,185.23422867844283
314,320.49700074270135
349,366.00079185687366
265,322.9877409372688
239,251.93329580127548
237,248.58436622483887
252,257.41559446961907
235,246.87704320589253
283,272.9903056533164
333,314.78430134160936
341,357.4871952751579
458,409.32640443924583
478,479.23743282753026
476,449.4859688490663
367,443.3588373691164
391,403.4247232264303
375,422.07251024105955
546,321.1679243333783
588,316.372697117932
167,174.34239615499007
93,78.60468967933629
66,60.89878438112681
81,72.29508454010937
111,103.86933264241837
180,170.45584507975332
253,277.77175625582464
313,302.0164716988037
257,282.2485388604604
297,248.77884657621115
281,285.92365232663695
292,280.29491373643003
276,285.9388575563866
319,307.4631292668768
318,340.8545579938194
361,359.68128816407057
486,456.8632372528621
637,547.8875106479771
554,653.2544631518643
480,576.6961331415722
478,558.0504453882618
505,536.3255405465981
499,570.9544488728258
380,487.31117503301624
233,280.9589955994937
171,144.79938900605035
122,135.02292945860543
112,93.3898056869464
132,94.9065292417123
145,121.55574561585618
188,164.5522215217457
253,236.02816025912028
313,303.3530772190787
376,352.52226724976134
424,389.25348129307235
381,427.8657553739601
356,409.991086356099
415,389.35660322529145
415,430.36856716569366
447,442.22496419272477
526,513.4787876605104
673,602.479734658161
602,661.9091916798335
522,583.4267343066904
579,544.3426808817229
620,625.5344416456917
769,614.1421090671339
698,630.1736887615963
411,487.2723865899347
231,237.69802855336582
145,143.18315423789923
115,98.52215480898951
78,96.36570588794959
103,104.95036458032247
137,127.04117215130863
178,179.87985349430357
255,241.63166363788636
344,310.89764185654764
382,353.7098175070331
401,393.44220598288416
378,380.35238497665284
357,389.6019723863414
369,365.1522705488509
387,394.5629398428233
403,421.89137621273863
391,413.0024174781561
393,370.6798626978327
365,367.10809221603864
379,361.1008828354278
252,369.78905752074115
209,184.20864074810945
125,129.331711725645
59,56.481149313739564
49,37.50842646649761
32,36.34152691641151
74,73.30409179905608
103,115.14978047710315
159,191.72403695644266
258,248.36677646441362
255,325.207489694538
241,244.3393979262353
220,234.107051466744
232,231.54993978151123
260,243.32284168229617
228,262.3027810663172
274,255.37067889784873
277,292.2334058142822
285,310.3056090149291
395,357.2309447855117
328,420.74425698154664
313,327.03154874763527
315,321.5623994807464
485,327.76913866928476
452,384.31151018760994
231,265.9702935649851
137,129.67383737701434
70,66.1001423806419
46,38.35690100666248
47,36.914895806901185
65,61.49245408689991
112,97.38015127802952
151,172.41888534841377
261,250.0136956718904
294,324.63623412119927
266,274.5930134134689
260,238.98728596124204
253,248.13112710807164
291,247.0552775933104
282,281.8205746221298
336,298.11388622422265
347,328.6029484175899
389,347.28639328510957
451,448.65553605917376
426,439.884683522022
487,388.94884300869177
446,429.04516784849363
358,472.7161518450755
356,413.7285472205817
265,292.97985780604677
141,157.36771421544287
76,75.14665046465166
37,47.56638591569473
45,34.869037864003005
98,70.611505310061
101,121.1235415389958
187,179.43446135388052
245,286.7781121554876
244,324.13391541912
258,259.8517995253524
257,244.29814172740046
311,244.21090686089818
282,293.59516763402814
274,272.8117827285456
323,296.77788846065073
293,331.48416250223477
274,332.9865671904584
329,353.8358419300811
342,386.8388967830095
466,359.7784829686005
400,439.82507165023344
281,406.1059149218122
290,280.25130400512427
327,236.3140461047176
204,232.63581185716015
129,121.75652223694793
98,70.40036757903702
58,64.78775704122852
75,72.87803190637729
86,97.69409621365953
118,137.20133489069858
129,135.29838553968193
142,129.13571461523193
144,171.136094457522
193,178.20632977394723
196,232.40014675328433
231,224.07987111849118
258,251.3783569907239
280,293.69737323106807
337,306.25657385770126
320,344.0025880635489
318,348.15279203969635
316,332.93573977752357
364,317.7162547120474
462,334.52470259817284
449,403.1655189229924
421,405.4400374842238
304,413.6700398864544
189,202.62978128670224
107,118.68195614807331
56,75.06251704140632
45,57.23504953717688
48,70.09155998485687
58,92.76674250068221
72,143.01565024474664
84,161.34457192237193
122,148.1489044313212
163,168.4109014546097
163,192.9210775546375
217,196.4133777621055
234,239.63354435454627
191,256.2040759298635
242,249.8569381378969
226,292.885640176034
283,286.99367069589823
311,362.32132587871405
309,395.1135628176292
307,361.88225190093453
304,349.36550062454523
498,352.2192877561335
535,532.701086888554
353,526.4115366566059
214,320.9396877622538
134,172.65383784107004
88,107.21329959777557
74,83.34545537212146
55,65.93704411344166
65,72.47755416732807
68,84.86245267341594
90,102.81784491027723
124,128.3602498360105
162,198.81918556260106
214,211.98148481978586
244,274.3970183058664
253,289.2656228009624
262,282.692637027247
279,300.80728720961423
295,313.6017836309179
353,334.5848329936867
361,411.3530340027037
462,393.65012987742585
423,486.25525899978874
406,419.64622912589243
369,462.946090217815
382,460.92977447306356
341,393.19466744459766
311,296.22709737062183
205,246.24945721256435
137,125.55253515371801
72,101.89068072186195
51,76.38503481553961
81,68.64044198084105
88,90.544102313863
97,111.22347410195533
125,136.83960299966176
150,184.2837672288539
254,215.91840510067885
303,294.3830589451408
314,314.5771908283881
326,315.75146855639736
344,304.7698147906251
339,348.9080664101835
365,358.3576819903032
351,383.41848273658553
359,374.09473343617736
324,339.5077105995064
289,307.3316074319577
251,309.9504179977732
523,236.2770751780263
157,355.47477461784007
389,281.96597311303765
338,254.31786736764593
289,190.04948882221285
168,162.0354121872671
136,93.67717919987795
129,97.20806329246284
136,138.81834463307172
205,174.5380983217312
216,238.5379375775651
227,256.5817820652443
240,257.2934080555126
256,263.2078056628183
258,257.08430454352265
278,263.60329833644374
278,281.2511223018786
284,287.5103960220053
239,299.833908028983
325,286.7019628109717
309,348.9672172429403
387,334.78944650732916
347,383.06714896235763
331,349.3230550984535
383,357.42468210601135
363,380.75581449992615
350,308.31192957895524
400,278.9019008990122
108,251.28152487790908
86,103.10971009483315
113,84.29073347832092
103,100.36788523031213
133,119.85930347025055
163,157.36154688216942
182,197.35564413620062
251,227.29395721128142
236,278.21602261154425
258,259.42621398749844
179,261.15326530182483
201,205.1248148870506
219,228.14006800106657
242,237.2330612230607
229,253.6193620120752
263,243.62016926396294
261,269.66663221866145
247,255.315312819435
208,235.62134590946465
202,215.64672417186642
199,209.85745603277516
150,199.96667867560237
142,118.43036181884491
66,74.36529103451662
48,50.47184936813408
41,47.982204757978835
64,65.8608031494662
124,98.13337033093156
177,169.90672720330528
272,226.19129552420506
280,298.3324314551486
249,249.84553531550836
202,209.94032812595668
194,197.7907824268013
189,197.23195899980414
197,194.6125628133464
209,209.6526344622654
227,221.7663925696749
241,237.3272719558953
266,252.06451821057385
269,258.56922912151754
254,233.30341858156223
185,212.98130496647155
175,172.59980374717387
155,163.60650497384228
117,144.74220568823432
99,87.73982306557762
45,56.885694825809274
25,35.151083561379956
44,39.20347410887988
86,60.905006997354675
99,103.24327468569739
144,176.3186869566613
203,251.37370443828394
268,278.95155271019405
244,252.7602560985461
192,204.3360658102326
179,186.26450517702497
184,186.23473571380075
222,197.38643538830323
186,225.97961102033116
223,215.74480901496005
230,242.91208962010734
311,254.66579034480444
265,288.7115748925139
243,241.16084347643863
256,208.7623281942272
198,208.90182304139833
227,176.66665517508542
185,169.64688938954933
110,121.06594889702176
63,59.63605191665194
43,39.173683330194194
40,39.82721931130305
63,63.663146679831996
117,103.96976164073375
177,161.62349588592704
290,243.49219956831766
330,319.4270811725552
247,272.0568494908399
214,209.11093204271535
200,200.32063622649753
173,200.7450877561484
204,200.19175691364427
226,221.04912280715126
228,234.62045668863786
282,244.96180949696915
292,297.67333157286487
248,293.94041820016514
238,254.08138513402133
192,226.8218963900591
160,201.9850591997304
209,188.85149031484832
181,190.2003372097594
122,133.8367053201682
55,72.17067447041129
32,41.71377702728186
52,44.556091225001325
71,69.25925006067403
122,109.55093289425966
201,192.36368572443936
279,287.1144457193759
265,337.3865810253243
258,260.98325591674865
244,226.72508907931737
246,231.47393748987366
245,236.84747892165294
204,250.13637903114014
245,235.52978062006773
275,261.2091568152811
295,296.12710293635024
351,307.9471209867708
302,328.29649070177794
255,287.79555733826714
224,232.95822517454485
199,228.96768867863474
224,218.40428353140743
200,210.48885474409187
146,141.64928391566195
87,87.02291241105344
44,54.38721156313693
40,49.18095777837237
80,76.87013616156383
118,114.4714903637925
186,178.7841364609981
273,265.1892469496668
283,311.33206989065246
260,270.61039495416634
237,247.53811766466208
228,236.23605673543813
252,249.4977193686252
232,246.98634822806994
293,256.9743555514888
302,293.1281638235299
343,322.322040645315
360,362.18179432773917
366,379.66591263629806
304,368.7721475526094
271,303.3975597852569
270,268.2107246677099
291,289.6368819563256
317,312.54962545991856
241,264.4940482711449
189,192.64456761547157
111,128.71714919500045
74,81.80748095633292
80,77.62035424333652
89,94.82985650050406
155,132.1352371088454
175,193.27269035405484
191,224.30995280379219
231,239.24462735001006
228,254.91496509251928
246,258.7428869255104
240,252.26272351798127
261,251.96225000078675
236,273.9789054410585
240,260.9634470924101
292,263.7747540268269
336,314.39738306380013
332,349.5126755318753
344,341.89970193704033
352,340.80832521435104
301,332.58685835723287
349,328.65830913057647
318,340.485371617263
286,269.6057250403864
232,238.15092731714375
138,152.4063404686149
115,96.73791410440495
92,88.440077610057
104,94.46406240913208
138,131.38754771233926
156,159.56648792863265
209,194.64060668527532
242,243.1129073408738
294,264.5813394708067
260,286.2243392614288
236,251.63998643100547
263,232.67766630352693
385,249.37411716004092
291,328.7076400103043
250,285.000112934559
245,255.04271569362552
246,254.95678331446456
229,241.45485377304092
218,220.40838481948632
198,214.6574648931904
229,202.7010066117229
194,199.72810453602463
114,135.18886171123853
52,65.84697659727247
46,43.4841160974266
43,43.88438646307048
62,63.89405975306231
91,103.58514062662628
170,168.90051645130174
276,248.21391776263803
291,307.2884708427808
270,249.27866648181248
221,224.65758849339633
203,206.73182386498004
218,198.29539729909834
255,208.88867090497376
253,244.04814989957464
261,243.18488353492643
292,256.71598699768447
295,286.649875718023
262,277.65225954519906
267,234.18697511014435
203,224.35939658932656
203,187.74044347592806
164,177.43767308749506
153,143.017100257682
126,111.92608535772123
59,72.94483072000612
35,40.3497710764784
52,44.642620501204426
51,66.27479711466566
111,81.98204491643646
149,142.35745976637912
177,213.2962857435137
246,221.160369902588
235,254.73675862049657
205,225.49318978232768
215,208.11124220597694
198,219.47509651176424
206,220.71389171570513
206,220.54105073599595
246,223.2226758806745
265,260.62384542185
246,287.53708709828913
274,254.46960612624596
236,262.40179543176066
214,225.0053944412111
179,210.40760061782237
213,174.9929557776989
168,191.66958686904516
96,119.22116333828835
59,61.87697632116522
35,40.72991831310624
40,40.72075755494668
73,59.53176947031469
105,110.9188994556537
185,164.89912258074827
265,244.08815358067702
316,308.6540157287232
270,271.7764794986773
199,216.63050495559668
208,201.88617430190885
210,209.9225805697535
211,214.52454507704485
267,231.53659926920005
244,257.79088904532244
271,270.1676645315091
326,284.45770429175303
257,318.9783069425146
257,248.4178284740501
207,227.0861479737702
225,199.059109630789
219,217.96854377892964
205,187.39762572803727
126,134.92336447297922
81,71.1498498118681
50,44.73837612793166
43,46.67520363731454
68,69.89994604772355
137,112.33680530300155
190,199.90927103732983
290,282.7696232203384
322,325.74154217724634
267,281.35084054663173
271,235.57673539650128
262,246.80954481261563
245,252.28063137288316
216,243.43269841280693
247,256.57168232122973
277,263.5627142611708
299,296.7498995051714
318,323.9451850097632
319,308.3640666094941
337,284.2761171707341
281,274.32346079593987
245,267.3791506095885
244,242.2255076619378
226,222.33975842432068
158,150.59317732764347
88,97.99877669393808
58,57.68406616572662
52,46.86351613953526
85,79.13413482116874
116,114.90257654897641
190,179.92946231405472
300,275.6132847049515
330,319.9839910916498
273,287.6118444060046
217,251.93784438183016
235,231.94933804175625
254,250.56894065391486
275,251.95197319660815
277,276.55774251040606
329,294.1279658133215
303,343.6590232791136
329,342.3480989358048
341,359.58095573026884
336,360.0654848830381
277,334.5484561690451
272,275.44415655605184
286,305.73228331393454
367,309.7411120614404
341,282.88560661078776
272,241.5641952777724
149,174.47229849042293
100,100.74729345912054
87,95.80855717340648
91,96.57141624272445
144,133.80986730177236
201,188.61523558702157
253,229.69311178977787
293,264.73950263700056
250,266.57194614838795
268,264.63212860450477
288,269.1197549166907
310,287.08746052403893
275,299.7851305886248
329,282.8219662934709
383,329.94258944465804
404,381.2039465352318
466,387.65160137379723
435,434.7936821264807
449,395.88441142437864
409,392.1914490518912
429,391.9025486100067
485,400.16529722408035
367,366.89012364710936
274,281.5589436382488
168,167.1922289781637
117,112.92929865742325
83,91.42639891770976
102,92.72804460302673
114,133.2940549766478
197,153.1548902013826
243,213.2583927741788
257,273.1391871024092
310,279.55533983395526
261,298.5246771797756
274,257.5151735574828
271,262.8372735039622
260,267.24502021933426
309,261.97628097590734
334,295.53776876732366
366,318.14119926320194
400,346.8936171289536
333,345.26998614654565
256,298.41934959320207
277,238.99882973982844
274,253.37015530364263
234,225.79999687483956
152,142.3212605572763
75,81.37457193779339
56,49.174013459589645
48,46.95427108510041
93,64.36491706773197
145,112.10562744714768
181,183.54026432043665
264,264.1744282299387
275,305.68882216493745
274,256.0310866064935
228,226.9420407893048
205,208.15767158458434
233,201.21623363352154
194,230.03618362248895
240,212.82406566196204
295,238.3406879021226
285,293.2398599774777
303,294.96679012942866
286,289.7281456470617
224,255.71637642970924
210,202.32444744459855
175,188.78164753596448
177,164.2661834607612
146,151.0964824376591
97,104.72744231842965
40,55.45053753903912
44,31.923774741214512
38,44.49612076026036
73,63.25660799201486
104,110.71699797993045
176,164.01815107017632
287,236.1629323665937
310,295.46619793475344
274,265.2569098232951
217,221.25263709608893
175,201.0721296260437
166,189.34493318889508
212,193.18755048872978
218,215.65602781297818
273,239.8860919389884
275,282.7537824310299
278,293.16630674644455
258,280.1650839576105
233,238.39028669422476
208,223.1646686449072
193,191.54982689840435
171,197.86176642643076
180,162.2880018597835
116,112.34531739744672
64,61.18581885811189
38,43.33194752339637
52,36.69102989441683
66,66.37216657133904
116,107.81463890783279
230,178.30673436518154
293,294.8433111543526
374,334.775944968296
317,298.9702990785027
235,233.08263044846495
234,204.94596898639736
212,212.17421555149835
210,217.5196300967497
249,236.4432976308196
263,254.13085713442462
325,282.2709323588787
326,323.5597218816888
322,309.46634390864773
272,280.1356834412127
219,232.80170726846347
214,207.66618808667582
220,198.50782853779077
165,199.44025235795036
144,122.83331336334294
45,76.79765665773273
51,38.69587635965004
34,51.40942083746081
84,66.41605869908096
112,122.80853580761104
207,199.91046040684643
291,297.1487892222938
341,328.60243297911387
290,301.256816519185
254,251.4536515572994
236,250.45069038213464
222,239.86786760426563
221,228.22469202813025
275,242.12844090933794
281,283.8504502215005
309,301.8870167023432
345,331.37494028448043
343,337.36064590118156
355,315.9396310690913
233,299.0591507632785
243,232.33689619553428
241,238.9246462173308
230,213.1100486013994
175,157.67374899068153
97,97.38199787262074
49,61.419255249105966
61,45.286644148367
73,83.30567873965458
129,109.74867300369601
202,187.22099065017508
303,289.5319489729524
326,326.3834010159767
282,284.55681649396917
259,246.4141289735847
254,246.75437948814832
265,252.92443665878324
253,260.3282031121324
306,276.5370692435904
298,314.47035706370303
324,321.2080474065168
360,350.0624909561217
348,377.25226191608766
347,351.8325695465064
304,317.7842005224227
290,290.3969408583549
313,299.83873582980743
365,337.3931927365709
384,305.22889926925524
305,267.09304322413647
186,193.3652613529011
101,119.58494577173866
96,91.43141696611568
130,100.59749500346261
148,148.81947810237415
177,195.480096029261
278,221.3261346975938
286,286.3780473250069
283,274.1594710824396
310,287.90671151157346
280,301.14250499084477
329,283.1830499945737
294,325.960632133489
297,301.41623028432554
327,320.63782924043767
400,353.76064768291786
477,397.7725984685787
479,443.78786632195596
434,422.39475896042495
339,405.8668599296399
448,367.7215207545709
423,407.1593990370713
371,378.5826872108162
267,301.95912637065265
171,180.73633515380467
104,115.26041833409865
112,95.34026259449811
119,104.84628347122326
157,129.38792045648907
174,169.86607152125464
230,218.0139322047155
271,269.5748233130444
289,301.40207401689287
296,286.9416256756668
311,284.13595488514994
286,293.7010306952785
273,275.8805120513361
303,275.1483043832927
301,300.48927981935907
304,304.36894244342255
320,301.6948718624439
353,296.7172833893542
302,309.7352054880107
225,282.41441171238097
247,225.7547735626019
262,204.74843725114337
164,170.3678346667813
81,84.78118768885975
52,51.51687210961042
61,42.86677368627558
89,74.81786202640407
134,120.54544069502371
176,186.32764639730337
283,263.989102424751
294,304.16233065840686
258,261.57094317003975
250,223.14864460120495
241,223.41828283701417
226,231.76588088450416
215,219.10763584672586
247,230.64964811751162
256,254.07720871429078
295,267.48545074940927
256,304.1537160120389
279,263.8185943313201
222,255.4511600507933
207,203.32146218821327
158,187.5811146383596
150,160.48097062110503
158,137.08535299350027
105,105.23559201359889
63,58.75387353353184
67,37.86897538141191
58,47.61351389129048
75,71.42848019987967
108,104.22202666034357
204,165.79019535577348
297,288.85108593454873
300,309.0051634688109
268,260.6862863245175
248,224.60168745200573
237,221.22981211895748
235,215.01613070919603
200,225.2117891690906
283,212.83617601377202
342,277.87449553191306
339,330.1910244221949
387,339.6631864479074
320,343.73953392924756
339,266.7369626963096
298,282.2711293919043
237,238.70979351493463
223,199.73915999125688
203,183.62970927165546
125,124.11621443732626
74,69.59399620196423
47,45.47526279313887
64,44.42234668124345
78,70.59278977825157
116,110.40622767934893
187,198.88330501784517
284,295.64537955224176
298,332.7173461923829
293,274.0207525478575
269,241.40198167707638
253,243.7925322665226
264,238.9480555104874
264,239.63913506760872
273,275.72748522081025
303,279.3518524965852
295,322.0852922895686
286,331.0936843649204
284,301.0926941678195
391,278.8618059283825
321,323.7625754082509
258,270.43759530847865
251,236.3350322353459
245,208.77042078665133
180,178.86588246866313
123,99.8848255904717
99,74.24913896136482
78,66.55334843366508
85,85.2628067771902
93,104.32355342688018
132,140.92994332529094
158,172.77080496402198
164,191.65447018935058
178,185.6014380136976
197,213.04275262851215
188,224.90522515302442
228,214.8952484278439
255,244.06449564790796
302,275.41187781499985
351,320.15093820509003
461,355.36355452863864
503,433.25282970933864
456,439.192755001446
483,446.19608426837897
441,407.9668881667717
410,380.0182549014803
455,360.78059646157266
469,329.8106471837163
297,273.4827738634982
182,166.94212769602447
107,94.56945361370371
77,69.10054809265519
70,85.59131433683662
117,107.06950861783132
132,172.6244089436258
153,205.60896416150618
183,208.0170199724749
168,210.29753437198744
217,201.06783548767947
192,221.40182815104734
200,230.27270602674366
190,234.67504249645694
245,243.87066235023804
285,281.40146333052337
289,323.31632319826764
263,336.1861793543155
266,315.0056372276839
246,307.14774885517255
252,269.7400131320545
207,281.1474343792216
267,264.90896517488693
328,313.74826865076824
258,297.11177034289904
137,234.16001541800912
112,115.26716712189268
75,93.96248604512724
65,83.25183652669563
99,91.32424069652907
121,133.24367559587222
155,157.85071589521894
200,202.9500800923469
193,234.49347726490862
240,233.78852522825812
206,260.7238259822959
236,236.09158285921163
230,251.69935722660784
225,255.31851131069266
299,260.31398463688606
294,316.67084701715436
363,325.3752494117729
346,377.48697990663095
366,356.80825267410756
322,373.5348283353465
299,327.41455358103894
345,325.77330208055827
373,353.7144071138049
301,317.69584934418725
216,239.2976010654536
149,152.49275768656125
98,100.99541895778007
83,84.94654821441762
94,96.63406202838421
116,120.58801367925467
157,149.83684989456427
192,201.4798859641456
234,236.79239983111745
277,278.1198006122563
286,272.4725681203282
271,273.9667602471775
316,262.1567708860813
298,292.316131317184
277,293.2977337636785
304,286.4642278657209
312,307.622956625181
275,316.289768532438
244,277.1949670113129
258,252.18198495656125
221,247.02209568449393
234,229.80321323775604
196,219.51023210800702
203,191.74492586997604
240,160.03723363837352
210,170.08712682276888
233,152.18717448990228
255,172.5452660071979
147,157.07769533543987
148,154.25574129269327
150,166.43397898126352
194,191.19121404024563
203,213.02238455989806
171,209.35161808093187
172,200.50493049740183
212,200.79773798096593
196,235.25986903098786
215,229.73157826780937
223,227.2155055930122
215,243.5388645453762
253,248.01789281156928
279,273.599534543102
297,282.5626144134967
275,274.47299795441114
244,264.48365090847693
241,248.03455613259547
246,236.74837654625676
230,218.78594583876506
367,204.4409779471132
137,250.4929182985335
188,172.15448154436734
160,181.29867831238212
128,139.70884183976784
136,124.99908561587411
136,137.8100997428046
146,150.25182561676
186,174.56072222559663
173,185.50730260544742
192,177.30712882334106
157,195.47867747908003
187,177.32294060268453
170,201.28921275631345
190,174.6049617569524
183,192.48482065033951
216,188.66159126543837
172,207.9977006007883
182,175.98219617109172
159,171.94521457807403
124,155.51307767909074
120,135.82006801960523
119,118.21240436006924
80,91.6146238458511
77,67.89892371477222
46,66.98881203559402
80,63.54437876082931
89,98.75085015124166
161,137.3094617883789
226,213.04181675363742
315,305.1152756244051
281,293.1902145843807
214,217.61560298157116
163,173.25954027422029
142,149.96388167616655
141,149.84758794770698
171,169.54460067395627
210,193.90845536843315
160,173.76590755094736
164,168.5318727797985
180,183.2611084926931
165,178.53601863578535
160,160.60095451831074
138,138.80561335851596
97,115.7898241453599
100,102.21959391518573
89,86.02913706625553
88,63.82635844077586
55,55.21025342698259
43,41.83836218197827
61,69.44131816251785
104,84.34581210012107
130,143.67118202804687
186,206.28729589481478
241,311.68754005093564
249,283.5131130172437
195,218.82485366586073
147,170.08752185807828
146,142.02785687400876
159,149.27707034280772
172,180.3365245085988
191,206.7804379860849
172,172.70627097255348
163,169.61316780551755
187,179.38034225160177
166,178.53858231209955
166,155.10358482684933
137,144.55928877367379
129,118.3396514745433
105,117.26761055952912
84,89.5637709622872
87,65.39983963579458
37,57.84091049132857
37,40.97660937460867
61,64.43693214596709
77,86.09361848370006
153,135.59894159159893
208,210.14695756387584
339,292.7215482240068
278,294.7852909800934
221,225.45082303883987
186,176.9861867841616
148,165.76635950853478
160,163.63936244863564
205,183.20456949620936
201,220.4616056650317
169,178.61269213572285
183,177.78561006158338
214,192.59143749258735
143,193.69965664905175
156,157.5662774802824
139,140.36273889306983
124,129.7961949017179
137,119.32425276584787
103,104.36337704199039
79,79.73381088224139
52,51.7134146812273
45,41.85357835841993
81,66.29848676039008
88,101.73382922465457
155,162.4281460211594
238,226.86621432437002
349,368.82884089092096
297,327.77624258330746
249,237.30413854104424
184,198.89307184934083
183,168.69921819755209
188,178.58675749321216
197,213.5285706702435
217,216.36059924560462
194,205.65059486615849
201,198.70326712420942
207,212.60928498624185
199,195.7757868772436
181,186.39990585843088
147,161.43195113425986
118,134.75763706502872
144,135.8979465593408
105,108.51633261203581
80,80.32283680535598
51,61.73165052318124
52,51.02116113574026
84,75.21000073528303
108,123.92116989490468
153,169.24119884538587
227,231.10181520430962
333,365.2046860081767
285,312.29543300571487
239,245.08603641882277
194,200.98761894007777
159,193.84003110807242
184,185.18612240795247
213,214.60393451348924
251,247.40247923652493
213,233.16339802921925
253,225.56900829166108
265,264.97116570119846
242,268.31022637464736
262,246.91767497445346
205,231.18406978108217
178,190.2854907227441
200,188.17333519592933
184,197.15283936465934
196,161.55124179223162
145,154.7059081420631
133,126.48862903867264
167,125.4509042978361
148,164.5879374907956
137,140.34727997207025
140,151.40686988872744
159,162.59636535947314
184,193.3305756768217
171,201.6795672241004
155,191.49364212269032
210,177.13626124910041
193,213.7019115436557
217,216.395835984406
229,236.2372855171254
233,229.6428281892026
231,246.51132808103705
254,258.7204188361632
254,267.03773829617575
276,265.5784999152739
245,252.57181469160233
242,240.49674310807148
223,239.90712496653288
218,215.66927065874987
224,201.0484131224372
181,196.228750497696
188,162.77470800897342
180,179.67350922311294
180,167.08682789369095
151,142.10493689263407
125,133.13778409667034
120,138.59161531041858
157,140.87574024062573
169,178.45113136638562
187,172.8544306975105
148,188.98829551601543
187,173.90946465043046
186,194.1916244196701
213,191.12943250701088
180,194.8402460347098
175,185.21439396906248
199,190.6780835673414
177,190.33746185248464
194,176.28587835743525
168,178.29999349353855
135,158.16216834421925
139,125.6979257252585
134,116.93426072108046
81,88.63629757517867
60,68.03703214000797
65,56.32008997770664
92,70.4416230960588
124,92.8440950324308
177,150.90378967946887
239,232.85678489466693
310,325.83950861193125
331,305.66192091419686
215,234.50950009597042
192,176.8773087403181
142,161.04611434788342
188,149.94801952848613
196,192.61814778016858
250,210.2545670693268
180,200.2624234199333
170,172.30465137630148
180,185.35503947985788
144,179.64585333310967
157,157.1186006126845
129,137.13870974924868
142,112.3467647989261
144,113.97367172381287
80,90.60692756417775
60,77.72219512292818
49,56.05479699842383
52,52.28947388184097
67,68.07469217058159
84,92.34205927042534
127,129.28287600107785
173,162.50678177550253
223,221.9591673664718
224,255.28932170089786
205,223.08342782369468
196,192.1708884579944
151,176.5276404851162
158,164.41828506930577
182,178.76403416061123
179,202.71843264981285
153,180.24532859370888
197,160.80347876235564
196,201.41226942919494
171,180.77249508262858
157,169.95133993289474
134,133.77041742037395
104,121.68904061702574
112,109.02494751836801
74,82.34418079087024
64,64.53884821988974
49,52.86638825949982
39,45.67501108278957
70,61.06136267387522
80,84.89818479949416
153,140.64683828457257
199,205.0116002700157
344,279.951356735437
292,298.75553127506424
239,225.51091604054722
169,194.3384090140194
170,161.12704589923192
187,169.17944514086471
188,201.4203542077606
185,211.77115190039422
183,166.34743771991873
193,191.20775451278476
172,202.90461214934746
187,173.20597242589585
173,163.7787529309595
130,148.83102253576945
124,123.63640493956336
107,124.1920769546914
87,92.43299674710043
60,73.8776650680522
53,51.43336359996227
50,44.09804002082721
71,68.98291398882816
95,94.04671617989007
150,159.5678226669672
220,222.12773393199447
369,357.0187527157576
323,323.86599106134133
230,245.8454925605288
201,186.52891564199197
167,182.10741636928861
198,181.00899847911646
165,216.0118097313891
206,194.2355977853127
194,199.01057222472508
192,204.38906437087567
225,196.10235400011746
175,209.32453011687363
175,178.6737427500305
157,150.67842693721133
126,134.38686788291446
137,132.9527695556891
102,103.7493441937691
91,76.0518137011709
56,60.62742030076595
57,52.34506627084762
82,77.4127561861718
111,117.15149452654687
156,162.49517487108986
215,227.94223412093643
359,353.66623151372875
296,318.2699030602799
251,240.978344207518
206,207.57606606777915
185,191.40354134194382
179,198.08626357417432
282,201.38747218422503
225,272.02329205226204
219,222.3167179048427
270,234.8238935928403
284,272.9844495788398
242,273.4066767597997
268,249.5349146724441
214,233.53051494988276
185,198.35875960379337
194,199.5662818525179
168,188.7828290633607
155,153.68271994299255
123,144.57762270515005
141,129.41325370292824
132,147.39487096894547
158,159.67325743845015
114,142.70977716377837
146,141.0463146328893
161,165.45639393042495
179,190.24948183629414
186,203.47005490814493
201,189.90376047285767
180,205.25064932996753
219,197.12698987368236
227,233.87041511202054
209,237.27565428564156
225,220.52330775868225
269,240.67975503988848
269,270.5780000966548
258,265.4471658397735
270,266.52732130838393
265,252.40011714286592
217,249.84406750883943
223,222.04983375466375
215,218.3296387629053
219,207.96921533221146
216,179.7912723904464
215,178.8368606186095
225,185.84358987999522
207,188.15558381736872
131,142.52825410836138
117,129.7421622179219
112,128.9560477254067
131,143.36541693981192
164,169.97077317938601
164,188.7982142286688
160,175.43973905602107
166,174.6716078579149
195,185.0201991551962
180,204.22006300760856
205,177.32167982945822
198,199.10806716820875
223,202.95407300776168
202,204.23262162443874
167,186.06897938693237
194,163.0794674627967
155,159.67324355388794
136,137.82948632738
129,118.59643236799211
85,86.95200179311009
73,66.00223849859248
82,55.93575486906007
73,80.45289908692234
101,100.48501834004466
141,157.45083252848428
234,225.24061278744566
346,330.3157463103281
310,325.1297167406332
216,223.63946104198823
194,172.08880355463145
161,163.19261202278506
145,157.36649169885473
195,174.05615947832175
209,210.32360021477365
184,179.61879027977088
185,173.91811499491675
196,186.5634374778642
174,178.57476223438564
148,157.77229794576263
135,129.16453484159348
103,114.95688516783852
102,111.46385862618378
74,82.29684520141818
62,62.66939265573251
50,49.91551402348497
43,45.839717775763965
77,62.19575576142156
78,93.2219467877876
134,132.6377533493307
205,197.2146775357508
360,294.50387042273263
270,315.1517747822538
234,215.67582561643715
181,191.0021984656141
140,161.19916832717323
146,151.78094301252995
204,182.69249035811887
213,210.61687817809988
178,181.1342598619706
166,177.74943554981792
192,186.28579502230693
173,183.79271025007301
146,158.72129659194562
125,137.25603365478364
99,120.02767933328451
112,108.41802451116213
99,79.95034900739954
81,68.34281536788029
49,52.007619564316805
35,41.34730553238786
57,62.16406720153505
87,82.48803936467846
150,143.4731723528257
259,208.28713255032517
426,359.51784193135984
362,338.0139359966476
244,263.7871889278931
186,191.0626119843208
159,165.22420897451457
181,163.68369037939237
193,198.4565425906374
209,214.21209864492633
183,184.12539954604782
214,182.23259922403705
212,207.69570693328308
185,190.65747757242653
145,163.87909807684338
137,131.07712297460884
119,122.81555384446183
115,120.38086365615007
86,104.52464383046316
64,70.53810331302661
68,52.785895179461164
64,46.08111076802604
59,71.33520953721629
107,91.71028010198735
146,160.95160397674366
223,240.8093474276971
378,362.0440899014245
337,350.8470622703972
236,254.16292424013432
182,193.49064749212687
145,171.09113362778047
184,178.44805662909093
192,208.3835238566433
236,223.34442270202234
212,215.673501529197
234,214.71352629191364
199,229.9895055816102
222,193.29873240884407
178,183.9996985531546
150,154.0705165292763
138,130.43984838403483
135,134.31476046101886
92,103.85979130667201
69,76.50452576638476
77,58.034370188718036
62,60.367376549586105
77,77.16504505448142
121,116.21500486587296
181,159.15749834786786
234,234.12151476695294
360,355.12804597748055
312,319.77753602311634
258,245.6108351368792
190,207.5799681725716
173,180.26988261116642
186,186.42831526663286
232,217.47548568419276
255,255.17584734384448
214,233.6922043145062
238,242.19850542622365
259,260.7298424949074
263,259.4155495344177
258,256.44570242275586
193,221.74836441237207
203,179.92199739536488
198,197.15295565645644
155,175.06729205133385
159,157.01011873319067
158,155.50665329730705
126,144.7558913642115
162,147.22804471210063
153,163.58262067055628
166,142.3047174958838
152,158.8951479115135
167,166.7892438181214
208,190.5977052736883
203,211.5050126953899
191,199.1616112629004
203,194.42776133973751
199,210.040660003399
223,220.34453569151597
243,236.02178004981118
231,235.24970929226058
286,243.04243528342712
277,278.2626044837747
271,277.09803172581337
284,271.5241943578348
240,253.45120006995683
234,230.5018450489838
249,233.1574195477292
230,216.71766250032266
223,214.2077125423444
210,196.09720649263355
171,176.94924830638843
193,172.5613979505372
172,166.4475077558558
143,145.07599676953853
125,132.1644100471957
141,125.81433077576924
161,146.15387605756771
200,181.2747916149255
165,192.45332995330276
190,173.82243539451318
180,186.6012793890149
229,188.6068652546285
220,219.0355858880036
215,205.07499332942328
227,205.35738526245942
218,221.38077740811752
203,205.57646091792296
195,188.7533773312952
157,180.75399958474773
148,147.52187178832307
151,135.54735332829324
147,121.9294969966769
86,92.4821328270502
81,65.23386891416328
45,63.26614600818695
69,71.05915573989205
104,103.80659375741911
160,157.96709526389913
257,232.5773732510909
324,339.4969787892012
279,313.1835408043295
251,214.80434979043918
177,186.79625750131189
161,158.660343724639
172,159.98365279733926
204,186.775804759406
208,223.76881875669955
176,180.1217666810201
167,172.99737400729057
208,180.57934117114496
202,181.82663939084117
161,165.350971691448
161,141.0644387648653
109,125.50652289374882
125,117.21173713343266
86,85.700073936854
61,65.75158625358966
54,51.74331966218788
44,46.22043493269883
67,65.36062462143208
99,91.47975740398364
137,138.59453774090034
206,204.60751512974454
355,318.0779452011107
290,297.2034273080874
257,235.4368894270697
177,190.06586595074222
157,158.50476335480428
167,156.95667863865032
222,191.75487401499274
238,221.1869892410663
211,199.33937201124613
209,194.3441539878213
224,205.4327276974258
223,201.68025769091398
204,176.30769247724123
159,157.75170869325714
126,125.22907967297326
162,118.97322392726919
91,103.59705902189744
71,69.07709862384186
57,49.808110765361306
59,41.571781723032046
93,64.55882994760991
84,92.46489362103947
153,144.95255599941322
210,214.2413148085311
319,336.33402769509644
313,318.1321556349483
251,250.80089145972798
225,186.82721540350028
188,180.49566133860003
190,181.16099742907392
237,209.3354183767653
274,236.51438163290544
232,228.50714356769382
227,222.05823729365167
247,220.47718515745643
220,218.10626173126016
265,191.4587238901155
226,195.3302372006878
190,161.60424631448905
188,149.2430603452297
174,111.27626674698247
132,116.20068149493868
113,87.10587352088024
146,81.86916260453488
136,107.1083816894592
147,114.46222589369715
140,155.61558831476285
129,180.2940229448139
123,163.6634043068519
120,154.01100553470417
98,144.09701445990518
136,116.9029444860065
137,144.51992817046218
156,159.00276696701553
199,183.98856404255773
200,231.49645619126952
222,205.64275650533696
275,235.91214717700404
339,263.4910352065342
364,298.8522843258359
325,333.9983627260274
301,275.1836368608014
276,251.6329455752363
295,237.51468558730716
247,200.9301132803171
191,138.5664360347394
160,104.5586349623358
127,99.63621493687899
122,102.42164667571254
120,129.33500418517755
153,157.93257142528645
178,205.6559334968674
168,247.60761679990082
177,214.34397136245641
172,199.0192691874471
168,169.2555845934116
168,161.0526233696861
169,175.55890315541347
201,204.0920910060057
212,229.19437730548134
201,217.36197587662318
208,236.46266250190504
239,258.0443607469566
184,269.44716231677916
242,232.23510199170536
225,226.99649928981418
203,211.0435450509217
186,212.2183771995524
198,182.76962593639237
159,192.6337710592069
129,157.2381612190895
113,133.6320847475162
162,130.2606362589705
185,155.8256432730359
127,149.23415737464984
143,141.21787208127344
138,156.30370316710537
188,173.481822755355
150,191.84484310717457
171,170.85149491310491
179,189.35782592548208
168,189.30406882819818
208,203.9108248511285
180,227.07667496540873
203,200.1149111452772
226,227.57185454853044
251,251.9747673539614
247,251.3101319817174
251,255.91317695864706
205,242.42185349017038
222,215.43645566624187
215,225.15049242280895
251,210.0830630054348
207,223.2567822641218
187,181.5866355712923
165,173.29872505912527
188,171.21696898371374
206,187.40795647805905
129,147.3796807479396
126,125.4580995564415
114,126.1386012979511
132,146.05608434490836
168,162.5877356442587
166,177.1546355119897
161,176.03986911320246
186,170.23554734730826
193,200.22337257666163
197,199.66114864694703
198,196.56891224442103
158,199.9263813604615
176,188.96852364526188
174,182.6704910826131
154,174.5131327758585
143,158.52003174041792
147,141.22749908310783
134,138.79314109569555
113,124.81774731225727
750,674.0467842213849
614,470.6580465178039
622,413.5770124286386
558,292.84528642622627
348,222.6016803787323
247,157.8853397177428
162,204.57239780160467
191,191.75427312401928
210,236.12301990404734
244,261.9327418905946
259,283.78751860743125
293,290.6507397564997
308,304.4773899466089
254,302.01644569218087
305,278.6232744926448
318,313.0183475725421
287,332.3908603380436
322,339.0549388090525
401,388.1659470674387
451,452.12498611767876
537,484.5442343770869
489,567.7001482441718
585,544.5901823441236
628,585.0560342239479
698,584.7275971914905
1204,567.1909056265877
413,872.498282348196
302,337.63662330183405
227,213.98296960617895
136,150.86140992226515
151,131.31460483757812
169,160.80560232699705
195,191.7082389995324
230,231.50715346377646
290,266.49702171103144
260,299.66389491528616
225,275.03216044365985
219,254.04773444399174
233,244.35699817486116
269,250.24323184366372
258,276.7017221867162
281,280.58942803840154
281,301.8331672467068
261,284.2797303813793
243,257.6354842512468
280,249.46795217528353
249,272.6743613537528
180,199.6697658179473
126,132.5018915827665
97,79.98665680066935
74,64.01521480460404
71,59.718278506524925
82,80.69858488970678
107,105.72409406769711
173,141.8759308437895
237,220.41353030893077
239,263.0888745175615
239,225.11654566997188
189,192.17732884995482
156,175.26718127291113
184,167.0483232834207
169,185.51932817308102
193,174.59846664627676
188,196.15963608146285
215,206.00386165664673
236,233.54464066241667
278,248.845527032012
206,249.06884337722948
195,183.30355070826027
173,181.69241040976695
165,186.44273522321785
166,151.4868257885576
103,112.76098722529002
66,69.26220581171272
43,44.73354028902209
50,46.084848824494564
89,68.74909463528373
121,110.3622444793078
192,167.76202886192064
226,256.28143386725014
227,262.8958505834435
233,220.95426397603845
176,187.55420869465846
171,162.8706784898453
151,166.780180610478
183,163.05610793251805
176,186.94244761419617
192,191.75555200225546
209,200.43257692243566
245,241.78029817806842
243,275.76650039912994
296,223.742499194076
284,239.7842112119022
179,227.98008738952072
202,183.93256636569058
196,167.51999448748313
146,122.51049143097002
80,79.7327068765136
44,50.03494978663184
60,55.688874602720745
93,79.00637840468377
122,110.87062657903847
182,175.89489096376084
242,240.07030441830753
248,263.89363451147426
238,237.17568378117937
199,190.97694299834185
181,178.33117142295166
172,175.55658987626046
160,179.07366639856136
188,178.5010796482465
196,203.76686964906546
207,206.14867949759605
234,252.02383284800567
267,270.9554089316073
268,267.72402307685815
192,252.4985401096261
201,201.41565616356337
228,213.8321181361186
196,201.32951271792857
124,147.69266130824684
82,88.37624649063099
67,60.670775715511105
58,63.19024553343583
68,89.84195790409069
128,115.36839809102085
176,172.1705894433111
272,248.2327503877987
284,289.54128724001583
251,252.92746061568093
205,219.5094999097866
208,198.20404389375977
181,199.4407118068715
182,185.16499361348042
170,204.25197598894778
224,197.22404319065677
213,242.3792728118724
334,259.0751819431278
342,334.2507601861593
322,317.6640980488026
237,279.6623335464486
263,238.1634102415638
254,270.97190121079547
242,222.54263356735532
163,186.16919910690862
101,115.01324750835644
81,74.8195958925493
84,83.54955386919586
75,94.63479424845276
90,118.87144264838595
185,161.96784103630904
266,264.3725459402211
295,290.08254060145856
250,262.4346841763607
215,229.54590468615078
226,219.18834247527715
222,226.940131857638
220,223.03627570142154
236,224.08693893799003
240,257.20588026526343
299,265.20733443787805
379,359.8125835576801
405,425.63541801180867
402,456.3264630547315
379,406.54139372154594
366,403.435313652114
381,426.4154533142473
460,399.94231425672876
365,379.09539951422386
344,256.425307331328
260,183.17931831792998
221,178.03801198617356
159,183.1551896515855
130,143.8422664087636
130,155.34258099928962
199,184.08565781143335
221,233.52629230857934
248,259.6640822530131
268,273.15746002059103
333,290.1507196733987
291,323.7581655173625
301,278.9776219332772
297,301.03385659642464
282,299.25133082749346
341,301.9754632921839
364,367.64226471156934
412,415.14141357178903
459,437.4974659146043
408,463.2855493574107
417,444.193206353389
417,453.2659171160306
460,444.6136009071944
444,422.2104337204263
359,352.6688456337044
301,283.0924160562448
219,249.08419904975366
159,172.50975858086227
110,130.73430272192093
154,132.85072437021134
126,166.3572801130505
200,178.3080890738016
246,235.4803919027969
239,281.65325371245143
260,277.0532107829415
294,266.04068290315035
298,288.0094654586358
320,286.4843301448542
332,299.2668722200374
280,316.5925656398116
317,284.6187715555997
267,320.0742687047685
315,266.50694584050996
257,286.6826254712281
220,260.8819653086511
226,233.54823230744282
178,192.872966404574
149,124.71103300632376
103,92.56004263871107
77,65.9122319757213
53,61.35927107875259
68,78.51376609429002
117,101.97289554169093
163,162.57648368244588
256,227.90723441491716
265,277.2495074673943
249,238.26710286023646
187,202.10898347985352
164,167.64471774506043
192,169.03803239319407
185,184.95602286373474
203,182.09371088856938
199,201.88261751335924
230,213.31830484242127
271,242.29655303370455
285,276.0739274924948
222,248.89264760269913
217,198.11888369402968
178,187.1634235513841
200,181.19018622784674
174,164.9629605884667
129,133.3374422216232
76,84.6856811101737
46,56.64371159549644
50,49.69516687544842
44,67.4489280670233
101,93.07081467386621
156,142.10950671552243
197,212.2224363665121
256,236.205658282531
238,245.7735035126085
197,206.29161443981056
211,187.89233917595257
185,210.54629091914032
202,195.71135946929158
183,208.56606272030808
212,192.6389697655947
210,227.9652085099336
256,242.11327239055962
286,274.3927340398676
259,276.40177788638476
233,244.70271485959685
200,216.58680379863912
227,200.54114190075322
173,191.50406568243014
144,124.83083139902422
71,85.0700445049573
52,47.23778809094812
39,54.892214274478725
74,71.41161715769363
107,110.02177418945439
168,166.33280282170116
252,230.65283044280292
274,270.8272539887594
241,244.7495439594546
216,203.55658677289227
149,192.82765667508718
161,174.64261112246763
205,174.2624800901806
187,200.11945846105164
199,207.74362939268545
214,213.29836886477878
221,256.1055814095251
263,265.3205240487138
219,263.65871393347555
232,215.648543995591
196,214.94086206191966
207,218.9919172290338
171,188.27618447515107
115,133.44144743324642
64,80.90644596446565
49,58.45108889759845
65,52.44739729185724
71,78.67483858521187
135,112.91681560682642
171,174.1108632946641
276,255.4868541478804
266,297.35944771845556
263,248.19065186231356
226,220.70035654283967
208,199.2399202776783
211,198.2011337989472
218,214.45674483623282
210,216.72809630535423
216,220.50725690508958
269,234.81966763602654
283,292.43391270251425
304,314.8897953649356
309,293.4504318232061
265,276.82587052839267
245,258.95005998765646
284,260.91715218203103
231,245.19348283249985
187,174.69569437691322
125,128.10177024002587
86,80.79414788517153
80,88.37555149349656
84,89.91445958524584
109,116.95985944856837
176,171.17660432782827
269,261.80753748831904
274,290.71111817179656
237,262.0184176479364
206,231.8157048944753
209,216.35032477550564
230,225.69883997987228
200,233.88076179334917
265,224.41666431684268
239,267.6432715866776
294,279.6797159226273
361,352.78813437380757
436,419.1143259946383
438,463.5606794738122
387,450.0082448069109
369,410.8530150713447
415,458.883883966688
489,477.2559080522841
434,464.8639348917075
297,365.0419678828456
244,217.07214053900594
238,242.52545958718233
162,181.7237367084598
122,149.10648229032682
153,148.70806501270127
184,196.27779950393378
224,224.11743002507765
270,255.97221059148774
288,275.59611208475303
280,309.15707961185404
305,285.99581328202356
322,291.2033731763931
298,318.1233967661157
322,298.34830911708764
364,334.39030105374985
397,386.8895210001565
419,442.23773082110057
455,451.85357024378345
481,469.53045142422474
415,482.92337232311314
485,470.2042985344346
504,509.69668847023206
453,481.54188412245514
341,460.4955790090384
260,284.31961250008897
214,235.65947294241735
145,180.57521176350807
122,124.75525297552001
146,146.13720974453355
128,156.81282631890454
177,183.56512713818364
228,233.3903831158292
264,269.80563984809413
299,278.1495669182601
333,297.27977372632853
277,321.2853179177904
292,278.04792508329854
313,287.7258980826398
273,313.7132129218031
336,288.92323405276557
325,331.5674992778601
330,303.35787397387884
287,295.6829644786276
304,278.72414103916304
257,287.4704193706736
224,207.6554606892291
147,154.74906147059897
89,95.83735793202548
67,64.35388797967616
66,61.196169964596486
77,81.01214177429603
123,111.48001384752898
169,168.9607065250098
222,242.30723001848975
250,256.5910353643174
212,231.20736459601963
189,184.86588693323944
194,171.2188938761373
154,186.19011731509548
186,164.45540398336718
200,192.72527057276267
211,202.3402545829532
219,224.37922765244636
255,243.8504139131771
227,266.29570011961516
223,212.27306095107497
237,204.17657642226172
183,208.67335462850855
186,186.63151451417986
174,161.2831557233776
99,116.64145026969162
58,67.30662976145535
37,45.09644728485328
46,44.93791340657305
68,66.25271205048605
101,106.61811931574591
178,164.04274061453452
236,231.28772831398928
275,259.46299143822216
268,230.31449788738027
199,203.55675803536897
175,188.56837126432296
151,171.23339722324084
180,173.23689404043193
176,189.9338611494542
212,198.75810240998
205,215.55382814007916
259,246.03622348589522
251,269.2318598136037
223,245.87044651633136
192,225.95835053648014
195,193.4257838794969
202,199.76206794728398
154,171.7002897505094
124,119.39549581561732
68,71.86832153429002
65,43.977311013357706
54,50.979451312889125
84,78.41176124884532
104,108.430653812884
188,173.24547911291938
263,251.25111613888376
227,284.4228722536261
279,241.02230951522324
211,215.84390897385072
172,180.97790471401075
174,170.9943627526697
179,183.22517617296396
210,184.4934773623454
213,213.94928798962852
220,216.89516548091098
294,250.6130563016312
318,295.58260451492765
278,273.12816516334715
205,236.23540340325067
231,200.8590146389308
256,221.93947406102885
212,193.35834804807746
150,140.72418103697078
109,92.05145218454402
71,66.33012486375442
68,61.245904403611966
85,80.78933637235116
126,122.42836165894659
187,178.0960642737614
254,258.672188808427
297,273.23864763462046
302,267.6613095117103
196,234.79197506745032
192,195.48067429798206
196,197.6586245934207
226,206.98733902632426
231,227.0204471449295
220,233.24175533106853
245,236.50066959209573
336,292.8485782231052
363,352.4268274479411
392,331.44808746996387
323,326.4421197073288
250,296.1496740723199
282,268.52541891026783
265,249.60126732413374
165,194.5436343351805
140,123.8187599320332
75,102.18150543428779
91,81.76167447330158
99,91.29910504219589
103,113.08875772033029
198,169.50248540454137
316,267.6043589987514
294,313.925958819202
283,265.0238670040578
223,229.19586867319467
242,216.15330244250814
225,234.97553821446994
205,230.46966468356933
238,239.08014858582692
273,246.7222964080287
311,291.20082349217904
383,379.0837148316645
444,430.73727636023983
500,452.5289268095562
428,488.3277257904765
395,408.97389643963874
431,427.60481238458397
507,437.2398607190242
447,394.4062455987852
347,357.6866991059003
284,273.53913934924856
216,248.26807052827007
173,155.54881178353332
143,153.96156860765618
150,156.84457544964118
189,195.4512322518755
259,228.10467434293483
279,283.23199383196874
304,276.8314709286545
293,307.42485631679415
269,294.0566977382138
313,271.93163716099184
297,307.8915208872453
309,304.2069180751175
335,335.4004087116855
413,379.00379040477947
458,454.33636553986236
451,473.57796421385206
452,458.9987195590279
420,454.866529240835
475,470.8132049053396
537,489.24699285994865
439,481.2812563354618
408,347.54850903748644
301,297.85695556076826
193,227.330929052101
193,162.88634984792097
148,137.60263273954754
148,148.25828882537112
140,150.97292459430378
205,183.6081696873163
228,250.30961953241732
298,271.37132945373634
311,302.68335446459275
294,305.2470890968621
290,286.8911625563507
287,285.2108720165046
286,287.84054211718154
306,283.00507653113795
340,319.30354435881094
322,339.65099027114684
341,303.1637803718061
282,311.28387675073355
246,274.4052503680748
286,245.95171728484146
197,231.39847164420718
173,136.47206611433808
115,102.94128048207045
79,75.04785169602117
71,62.89228005446541
100,78.34595908674328
132,124.39814160783531
179,175.07128426661222
253,247.67763431514092
290,271.2218946045485
231,244.51487586419742
212,196.7280681478134
175,189.64145039667815
172,173.56980402552819
212,180.07094688868673
202,209.0446057419644
193,200.88115496094818
212,211.11785198966385
250,250.56706138589382
263,263.68088605214905
214,235.06782678566123
207,210.1260468636802
139,186.34278842357327
176,160.20769538952462
171,160.60896489471148
105,116.49512746858633
65,67.96234357210265
54,43.67839261935927
81,50.93356960687197
94,73.5267840760135
118,110.51970641708782
189,179.6039462574008
280,245.62366357690988
282,285.5509699370443
277,242.9131688536585
211,214.28429156229043
174,193.23147407546134
193,167.057278037553
197,195.01047228824234
248,193.90528537957877
243,226.73791355781853
242,230.6912906437662
281,268.6224420940763
344,286.91852579509026
351,300.7622166013688
276,289.46243203445005
215,225.69581933929877
250,207.34407710948597
188,191.13034397255433
141,132.43426648173457
83,74.82507994035753
55,54.80662056061769
103,53.57056819921884
86,92.99431007245714
134,110.88142387857926
176,189.3149921076574
239,265.0165865239419
281,266.54392542357857
286,262.7523186809943
246,217.74027170972295
237,202.8361514130822
221,209.5121755338996
233,211.32850796919863
260,232.92569468803453
223,247.53195883124994
246,230.67616017634583
256,272.1429937926298
279,300.980129593093
353,277.3261697083181
281,300.401066721298
251,252.69646490893635
247,244.65909615101424
265,202.3283340829759
206,201.61552953644176
151,140.9482511813762
114,93.0194369679065
111,86.27035994498722
97,90.9513518872281
104,116.92761342391785
124,143.50015835663342
110,145.9717952039766
123,140.12435139760817
147,156.40776788187742
170,179.056234506471
213,192.85212411779221
220,226.94185559136406
274,233.59773440035775
311,276.5709045210943
390,299.15123828497514
471,369.8678204418557
538,431.1999614049194
504,485.39540667802936
444,467.2288410189453
460,400.5512299846283
535,396.51709070052306
606,428.57050084616344
570,385.8125463253564
415,296.79122481343427
274,237.6817772710254
170,171.71679200210866
152,112.56194457224781
114,107.99350604029696
109,108.34038414717331
105,169.36844610192503
136,190.02253057641371
172,188.22575920119937
161,203.1500731766993
224,182.10375572967914
191,229.18688362816266
174,216.35033568153295
193,203.0904082898101
190,236.2828247955217
207,235.31084259401263
216,268.4811234030227
243,292.30790767009285
283,336.3225438474936
293,334.2318977665611
321,341.3230005977019
266,372.3495558607062
307,345.395690847536
325,361.3136192171147
266,316.86701805611216
181,244.82671678676465
151,179.75323245133885
142,175.98743017854602
128,144.95354522065992
95,124.4390450623936
113,122.26114053793766
127,157.0609713347115
176,181.3345671382043
199,223.14513286966567
214,251.7659679807847
229,253.19865403000878
211,245.34218446115068
185,248.60313966687528
205,222.96328861767816
246,244.08309785129083
240,287.8001293334592
267,289.83197008294786
337,321.3238713847569
298,372.6598280583521
317,327.9033027334285
325,350.44578098457885
352,376.45175004911664
366,391.5187340153276
268,370.43416379020937
256,216.7133720544531
160,227.0145042382083
164,166.8522675056936
115,140.41496290966143
115,108.66426566624446
121,131.93945751385104
129,130.60699352878075
155,173.80226872904186
207,201.4348405510638
252,248.0698940933298
293,265.6600438193603
271,287.17434357959104
289,265.25523026535814
247,279.5447383036337
258,261.3160944170648
262,266.8689004100053
249,286.45885119723164
285,277.4730580624612
287,287.194043260157
216,272.8203956201151
198,236.16602412921995
207,216.57024421237617
212,191.4671219985899
393,393.2704570287992
442,343.7757354525591
444,312.496793037469
417,270.93688314635057
404,240.265379864833
260,205.2626880155588
194,208.29545372131568
195,195.56016058002697
188,243.79336625204368
215,267.17331532024724
323,300.39538563021466
329,356.2961140150547
332,297.43882441294585
296,298.12272835048424
288,289.889049661149
316,301.76142129628084
522,419.5955579102254
432,453.61005127539426
458,416.3666376055452
399,436.8141487622096
380,382.72754724872306
395,459.03501245881426
669,552.1827899501558
518,508.83378348776034
493,430.22607797551285
884,392.47038566861085
326,562.6600144923584
275,288.62778264848384
230,256.3170741748483
268,189.26425218410097
233,236.57907386530036
182,235.91267753144078
193,254.79226112746431
208,258.08731077014403
302,308.10343018221926
280,371.6904956668461
257,306.45140934471715
227,278.916488334164
219,258.54044412324356
290,262.1488874220125
304,357.5793683262879
349,376.89295532605365
411,360.07401563048325
379,380.24601947446916
430,364.37230488264794
525,436.2050006708796
394,507.5697420486386
332,315.7286689536962
187,243.23823624892503
133,129.83750325587351
96,105.54871424311928
91,82.84975642924685
123,99.31104664929038
138,114.32442089950979
195,183.13463016790863
255,254.9964209888045
255,302.10611026309806
341,253.5577297594357
326,313.3313953920608
346,319.10594724012776
346,319.352635042519
334,323.1449176496862
330,315.9239374194196
316,317.7345326630036
329,338.9079687419984
383,417.1772931002489
439,419.3748774301882
554,461.3223424996174
657,647.3345811273637
772,778.4641034903166
557,642.4702127459595
393,439.9100716018082
325,300.7597627323413
189,191.90165942685087
141,119.62228039368014
107,108.62457605917147
121,102.8325702158855
106,104.84120050157655
156,149.05201408959374
261,279.634136529164
353,390.9727933159333
335,330.6735420091799
338,316.24003624370863
329,333.6360372951253
279,319.97522225864986
300,297.19462397360087
297,307.85479571995234
326,307.10304950174583
323,370.48577300355106
471,437.50309377382854
473,495.1199776222009
527,519.7317806201621
692,726.6559718475754
841,925.7114739360643
632,672.2390664083181
541,509.45846394360433
375,391.8507975617756
214,239.6145098552391
126,158.92881212867246
129,106.03741122745586
105,125.60373085159539
132,117.11602101443287
189,178.0802464825588
274,324.66140858390185
432,434.7256412081741
307,385.6397802023325
287,325.1674752308665
305,318.6596170427157
341,309.5935588435347
306,338.21057526792123
314,312.10292959964454
346,340.52052786651086
378,401.00352676378475
503,464.62278020418535
531,507.05729039612334
672,578.6931490985404
672,789.2400793355458
874,938.689939658346
785,809.583919031602
561,568.4318092529937
397,425.7493808379949
258,267.60010572760683
173,166.84554286637572
120,142.26232191236411
176,139.69418359635162
164,161.0344531910169
230,231.48752740963045
380,348.3013179061024
456,490.1167422423908
390,424.12160554978414
365,364.92194848701047
362,377.5195397908725
364,366.5987455030486
364,365.10185018685513
371,366.0558139689548
384,373.82433348423797
433,416.74730792929097
465,456.88334847016523
522,470.16087126001577
579,550.1544566560111
730,682.4243925249098
982,894.9014055387156
863,812.924656264073
659,612.9631615787266
469,478.8591405130194
250,333.8534054529205
195,202.50791155500053
139,154.27254356493506
180,166.935749394795
214,170.62550501059775
248,244.46175470707317
277,305.43985813975274
352,337.45540248852444
337,319.5509293276544
428,350.1838320351521
484,410.76173315426183
389,429.6596384138067
323,360.0121601873962
335,318.54939350272303
336,323.7854929636078
367,356.6572182596077
379,389.5039010644685
431,410.53220328689014
413,427.81563395074204
488,431.9789294622587
702,644.144151037125
651,657.2874426903912
611,534.9431163663356
517,469.5190424730621
393,392.8101619148249
281,317.09310937035355
217,229.8824671335649
121,201.04226027276565
116,172.165015714919
121,154.3493695849638
171,170.91948900888764
225,230.4212594997517
287,277.3789750849585
367,344.6739519420585
395,381.02065597256535
316,372.5817971844
255,315.68210437430986
263,265.44244002925996
315,288.1049251282633
484,444.7503454567127
402,450.83091912852325
386,415.44472891158125
378,397.17287595251287
348,393.2832095606951
485,461.30282189988213
724,666.1529597140335
567,563.248263810877
430,464.2168336046826
375,370.30385422170906
298,290.4142017001219
283,260.18891415727416
245,234.5490869519816
161,177.33163539317968
169,174.36815221503167
197,193.01605559279125
292,262.76109479458756
443,321.2492416545363
418,404.74003899176915
465,411.0939070173835
390,399.8631397484953
305,334.2057043942903
378,295.7766438678832
459,340.53452420418665
494,439.14788996588646
494,448.1312587313178
361,432.1198684887426
310,341.53890678993054
323,327.2426797907192
595,431.486505627168
465,536.4944998987072
325,367.361492925552
268,221.75321135076112
124,167.30756180211011
92,94.70727460354645
79,83.77496408068298
119,103.60906979542393
114,110.61417115652839
177,171.02341835231388
177,244.27965585505325
306,270.8632810659663
399,296.20182879152065
330,347.8320123726769
376,336.71649959099693
409,365.3925136639505
374,371.4763851276542
301,358.1529130917263
266,308.7433510499798
365,308.6629539061398
435,422.72137591156024
489,448.86728056512516
528,499.1685825655006
697,654.7385652231135
909,807.8757013239903
720,646.6766155444507
510,497.78762815913825
343,436.38311056124166
201,261.8598669679955
158,154.18717162415055
111,119.48317081253037
144,112.90603693763117
130,116.0303724065549
200,155.610303826246
313,249.06361794940673
357,388.70725287909846
321,353.739741268121
289,335.4636963098809
306,322.1084582873377
280,319.38691272441264
270,300.4303407241345
294,287.6130731384918
273,305.1701901166922
293,312.25474411017154
417,359.61437938769666
484,435.8076055126088
527,495.97649553739797
621,664.7530179229158
923,809.9930148201094
635,823.186045115645
464,505.0321250237965
339,367.74694421295055
189,222.68203705681339
123,145.1891389508123
110,102.8151534842274
115,114.96291351573714
112,129.81851580723816
185,190.90974660731317
308,337.01811275675993
419,438.44608642470274
320,363.8657343253353
280,312.54326029963585
332,299.5334898018727
277,320.1216327583109
269,298.60382921675904
268,300.708370242141
331,305.0747040390768
412,382.99353729994147
495,470.02380058576495
457,510.8943060494305
576,559.621252911285
756,715.9154459057324
974,931.139865742466
810,840.4315050357413
616,557.2647089765395
349,447.85064442353433
272,244.28215643654772
160,165.59309921128627
137,132.9451694186935
158,146.96973214360864
165,158.9883098862685
224,234.23781613932422
367,358.0881042491493
431,477.2193830869635
381,464.9961481849507
393,352.22884923913307
384,398.1695456284758
401,372.9644324588151
341,381.633934138048
335,346.05297085285207
369,350.9927913058134
434,422.3421373181277
537,462.33506355977516
505,517.3010804317653
512,548.5491679655122
778,677.5794474153433
949,943.3170720998761
870,860.6990376363531
655,645.3282521594983
447,481.2813554558169
317,316.28882262263926
221,218.3045642932012
146,170.02571786501036
189,166.56712972370087
208,181.16370443098953
244,250.37786112342178
348,320.36881431348627
339,376.2087466348568
365,320.03012351887344
367,374.845396291982
421,387.4174033565465
387,400.4469730330055
373,350.79832956743235
366,349.689054466359
327,354.0948134312341
355,356.1667094654827
408,383.0880678063999
438,428.88189533034983
415,434.41113961650206
516,445.5021579405868
782,636.5794247826261
648,698.476119203953
546,550.987471699167
494,444.9566960619754
375,385.1377602097027
279,291.61668427534863
206,227.0126220969662
162,178.5282371505639
125,166.84226486039273
166,151.63777664603458
193,196.3583778400712
254,241.2788144274528
355,289.522680457542
445,372.9806072800112
423,435.4805301209473
337,391.06191903473166
313,314.14608192447827
336,307.31428360272224
278,329.8019388970234
547,433.837838836224
429,488.2914937308816
415,420.8885393328686
447,411.00147396434
505,421.1580803005932
501,539.1754111570573
786,657.0774046384028
621,563.9831382025469
422,492.76522374367846
370,388.5795319853852
389,293.052734873481
369,270.4717767495078
298,233.65313794670814
241,189.96309880735572
232,231.67798096918895
250,229.89594114733873
295,285.89495492395724
381,350.26396779722234
461,412.3332659054938
525,465.2780292166846
397,440.8075873272551
364,347.83924802006743
330,342.101273882516
393,324.5313852985389
456,421.2392772687133
518,448.4064988993665
422,435.83600096282487
427,385.42325275567276
394,398.714115638493
633,481.8428891618719
446,579.3607807071854
274,324.6309691066901
213,207.7515197023666
114,143.3837226245394
92,89.40036742899771
110,83.50306367372883
129,116.153586317474
124,131.19601884321582
198,184.75000775214372
303,279.050842144856
295,349.9462233874787
369,324.4578548054989
336,344.43699446702055
344,363.4781817956573
300,350.2130489399781
326,321.3972333199941
284,319.04807027465307
302,290.26183443213466
319,338.6412147957349
437,409.9896983764349
480,454.00025585142305
545,531.1107384118598
672,692.3108891961773
840,845.4329095897646
613,689.4379733213178
437,480.6430531417533
369,318.65047691463974
205,207.2663760739087
132,136.639503109594
100,108.13850163310323
101,113.5685466551387
122,111.24308433360703
150,189.28519676441894
283,304.4846243805267
337,387.65314167010746
337,330.5863585131349
330,318.09586998384106
313,331.394552398896
303,304.3242972632113
334,303.0143855136577
340,321.8253804462746
313,333.8753063258657
444,350.6164308071759
601,486.9151545131337
490,574.1798841003198
545,535.3328597846488
737,686.3389769781892
885,906.474266808238
657,682.3843099936905
480,489.7534143459633
384,368.8380755483925
268,238.34047056117996
150,161.00484906031713
120,114.36346018663399
158,113.22843027538168
181,135.156699082218
241,210.8376170808519
486,361.8012344238544
558,485.6226436200107
458,436.8956246220373
353,378.9646364914167
371,348.278746148245
353,339.61343953889497
316,348.7402626025028
383,320.1631163713884
409,367.5682631717764
484,456.38214144540126
469,534.8970978052054
510,488.8267449824352
573,577.3268851806673
721,724.14874316115
843,925.0550486282704
793,770.2323102176952
633,569.2865252599964
443,429.71672556618165
289,291.5167009570685
212,186.6605398830384
146,149.9851077594724
200,155.8099871487483
179,181.2504990948866
247,265.61237579741896
374,415.1826655657826
456,511.2842401407816
370,439.2357812523899
382,366.13237526267665
373,395.65173032445716
343,379.49108832126547
361,342.67736701329864
377,377.24900366722653
352,387.8088835469272
404,424.0909804573352
458,459.07796489237484
476,491.1344768251272
556,522.0568209016863
696,738.4478642844497
841,922.2160000504975
718,815.7703102420601
648,588.2947809794847
436,485.8163939094078
314,319.44666732842364
198,223.49224998858364
162,161.0993922227156
177,181.71718828155844
169,201.74462646369707
224,250.13975211065144
284,332.3436686432754
310,358.05036395285634
338,325.79230881900867
320,363.0668755345886
365,357.47636284127867
367,353.77854907234996
331,353.2573295087732
288,335.76670010118096
292,310.8383060798585
314,342.9247008485032
348,366.7101024498767
387,408.93452641290264
375,418.44154201539175
391,456.33342941910234
671,609.996716565559
649,685.3573282843896
521,546.317255783897
464,450.5138928827715
343,376.25834919220574
248,278.7150462996543
199,220.24483434900742
159,177.5969466702776
87,158.26645447243246
111,140.77033117121496
139,178.75672983118253
280,213.92011949318243
319,317.84131172881854
371,367.77445118910845
353,394.67270539390745
287,342.5393690094575
308,289.27974409952515
284,305.85454654998864
332,304.06507657286005
529,466.19725597539866
431,469.3120958291699
390,415.09605012510815
391,407.4289656392798
386,395.94400234043167
461,476.4347451973169
682,673.8955798395381
560,560.2555513222505
431,450.52490297162154
348,342.3857499456415
296,282.82481311608797
277,266.80678900415217
211,233.02920273223012
127,171.08363580640577
153,171.13189697336114
204,195.27455419150735
257,285.2435724460385
397,320.6779257087463
424,420.23118037202374
452,427.97193554198964
375,373.8072212963714
312,340.89868929244125
330,306.777248983765
333,332.94123512811655
416,399.9674062591878
436,445.21629706522367
417,406.4033184733329
331,383.43067811238103
327,343.5211285656257
427,464.5039980783418
404,423.85459011903373
280,314.6969910591877
191,217.56969928743436
148,123.34887439638118
66,100.68151020957367
83,83.10952683978292
102,106.62591028885147
113,117.89885742350802
129,186.95159355622792
158,229.88610333002896
242,266.66041504218333
312,311.3530467344861
326,319.34016037619045
298,348.7692012662148
292,305.72575975122703
301,317.3105800484725
243,305.94117993152287
234,268.18021959740975
268,292.6660688538929
315,372.9548668004602
381,380.6907398342879
394,454.6152557453242
526,550.2152020963795
665,739.4396926064378
589,617.9435680190331
413,471.7658936606818
313,309.76371740806127
175,192.9053194999856
126,119.42257892070539
89,100.96807050696555
84,105.87483616326487
79,109.7514444881153
121,146.6676865267138
172,220.90386199026983
210,299.9138632907474
243,280.95051361358406
271,284.5129009660365
304,293.688009798381
273,294.374235018123
263,292.6155912638257
237,276.43196771873653
286,264.2861410363094
309,338.260506231451
328,421.07699950197764
405,402.58482550942716
488,460.8048141429807
524,651.3197458194171
870,776.7437682850549
695,651.3520241400311
420,496.52462632604136
254,326.06917900949617
163,181.25876697943565
118,123.65393779904451
107,107.69148222253742
77,114.72734973609208
65,116.49445585155844
108,151.3181004176964
122,211.60027620256864
171,198.0736816927589
237,214.9642051525574
250,266.27746331600395
278,290.52833131976286
252,294.34711623020024
221,275.9790506192222
224,250.61052727797463
274,269.4484358048931
362,353.27814222256563
278,426.24004423381217
286,356.20984878361725
469,351.2751962320743
372,636.926905682797
434,614.7821697837197
529,632.4542340257674
369,503.1686971103894
261,337.32758538644333
196,221.69575951378425
139,154.48682598546645
116,117.9974095947723
99,109.03603772136813
97,99.5842318276234
93,109.09058263708414
63,98.56117916369939
49,126.84896448023467
45,111.80674127355955
79,107.83419737025507
100,73.86136124307143
90,90.45856240640303
118,69.56624511480487
180,90.61008133376714
286,196.51906284538927
275,329.0924468326148
381,301.2484574177562
371,379.5064629023617
357,414.3326540551934
353,436.5881760308723
359,475.56570439274094
286,411.64880212433894
278,269.52885912798047
202,227.0801169370995
125,177.2524344585284
71,114.40699508614492
81,88.23819740584901
122,132.00464354880341
119,152.4266791533551
163,185.31784548701964
143,227.6631130721728
212,211.1909872006685
325,227.39801416046876
353,321.69622186651054
353,354.01859251273527
288,322.0587165702244
291,292.19652267720096
284,283.9713914215917
341,299.9442028366997
497,357.2659937250604
461,447.3899878856527
424,438.39644445449875
394,404.4766166103206
364,425.7051720600282
481,507.7021441192728
728,573.7718206088149
513,530.575899487227
428,425.5211110956964
259,337.4148359468728
185,225.1720543476307
170,178.26612005464958
146,144.14760148004734
120,121.73072109651739
147,134.30398140749602
160,167.5291535335405
219,214.25451073751586
332,295.58737201295406
391,381.0253489606804
426,402.1377872916307
383,384.01223990607616
285,340.51898338030315
297,289.2831804719548
322,310.4284638897581
498,471.58423663288846
436,476.0859457114908
383,412.5279855294293
398,398.802462131478
340,409.5849389099808
434,462.93359086074105
545,644.7001209534637
395,519.1399259612369
368,358.10556043397816
276,302.25868313708384
236,223.51387104398893
242,244.89403755354218
174,218.2474969643099
131,168.72620123801798
130,168.94675158429078
194,191.67483053868125
247,265.870755107632
342,348.2261767512407
413,425.55143301426
455,458.2651591925388
378,429.92944548149507
306,326.42254544099205
326,307.50038701547385
274,340.4688440348214
369,364.7072608454853
495,422.6995829271777
410,421.32551660007175
320,369.98153485498267
298,322.01688349884273
289,392.04110506701227
262,350.3386419639042
204,245.75945011231553
592,571.0793825370395
560,389.04976577124296
394,370.76662408792924
277,264.4169531367121
225,170.66337789021338
92,122.57219144218278
120,110.45102935979948
148,163.47073353010538
184,217.54269317439696
254,261.0615344441212
366,316.0156110997362
396,398.63414469576696
459,397.98726945327684
446,453.70902571186826
431,447.07942443735635
448,427.1200112006788
388,456.527780179454
517,454.6688377983331
649,583.1149544775506
690,667.1384615061505
657,661.7560832195957
707,656.8697087558107
764,718.225212261594
665,672.8422876169477
657,551.7012949034392
889,520.3045068837345
176,600.8661627839173
117,166.22148195046728
147,130.59273399755594
120,98.84584382093587
110,102.06805637668606
141,132.94452399540845
202,178.75199460292595
268,255.62763942434262
285,340.27670825393903
293,341.01146401758933
260,331.5628216309169
263,299.0935136310986
299,292.5098798568719
330,318.1795541216719
392,335.2991525550858
417,415.08104342920336
475,437.33882806088263
398,441.4773201351633
402,357.5226315543856
362,367.44770413456615
262,342.1860550132797
149,192.656428364775
86,91.04955530701459
40,51.829724882393265
34,26.0135242949316
24,36.485191659981325
78,55.09182441713315
114,101.71156698830009
230,177.58595709217548
336,311.89630215065125
387,392.7777715337089
311,316.36390762736323
343,275.89372509563776
287,323.5821940423971
286,287.417850317678
335,293.194332960917
304,333.89026221770524
326,318.26465500844165
378,360.04875658495945
425,441.9915824562248
494,481.34654386892214
478,481.15535419037354
461,458.89788539872114
453,448.46574893538127
417,375.9875009965039
219,223.28897657364277
134,120.16517140809559
65,65.8827737530294
50,36.263791817169704
33,33.55251619313963
65,52.628581339470244
125,98.83429282988419
223,211.24327035299166
354,355.75961682659994
376,445.1187694963434
352,330.4959697952882
302,310.5999417658029
321,308.60898657565605
317,317.18653332230997
310,323.20982038993174
344,327.1482390684851
351,351.3048788227695
367,389.1863752193924
475,474.14129038968565
502,550.112644570658
518,562.21996594517
547,593.3444712839474
554,601.3452606242515
513,516.0703561082317
306,296.74180304446026
169,170.23992088500233
80,97.38419092843996
55,56.22545512183444
29,44.19303664018789
54,63.255361758173756
107,108.29820339096418
220,202.2230884924822
348,371.4669149179174
428,438.04071778967045
354,373.6429751095835
266,313.01713187976554
318,304.1558376346349
291,328.2450373082724
296,319.3463260838525
344,319.78129109386003
364,363.20517164376633
392,412.32184733247414
501,487.84555245443346
577,557.3843092966556
564,576.7545563958564
638,592.8354138796834
692,653.442962383358
576,602.2870750518493
413,376.4713985273417
226,242.84049812632927
108,135.07584226210452
54,69.05739420942193
66,52.17957899582584
81,76.31525331557192
112,104.85838635964681
222,218.94660040053392
359,363.4687771102072
444,437.34790697557446
318,402.5237695538415
345,301.87513169160525
339,349.8059980046992
356,338.57815537240884
383,364.958475399612
353,390.38966532286673
409,378.51736473787327
498,421.5881404289125
561,535.1821687289469
624,589.58007360757
718,642.5519780692941
667,698.9175709176432
771,714.4162555466024
797,700.8483361817487
549,602.3736190249634
285,389.57454751242904
140,188.13407828183165
85,91.84533805519077
77,85.09553567989744
122,100.29572744551474
141,125.87722826540752
194,185.86076676528728
293,311.27116559595817
390,359.0861347683819
319,326.80840386371926
291,309.997315172596
366,314.2837589119943
359,366.8681887009232
370,362.398309746914
339,375.17701470038685
350,354.05400311317777
391,374.03042020952023
470,448.0572368312277
616,547.1247389600057
734,679.1595772013098
585,688.6938229991679
563,653.7708755388414
695,680.6422117258184
700,661.507839842474
528,564.4265247069603
351,374.5552428668961
167,232.08620615001553
132,154.71798627841903
98,136.030930529465
58,86.05687842177326
93,101.61046960461829
131,147.22937397716697
171,209.6466119133181
291,254.14870167243936
297,332.3708453829977
356,352.86912533565163
412,392.5204333709038
440,419.3387805828977
399,436.91128801826784
469,420.7491784841486
490,479.25261425000673
581,519.6216826953233
624,639.8387152810521
677,686.3560491056627
583,645.4378617644937
598,601.6130344041585
697,685.1523783660338
640,675.3737965976509
464,533.5163982924835
303,341.54779813041677
206,217.79848171793935
153,154.53617264187383
130,126.52923760682177
80,90.29539894163659
97,96.73105676824167
103,128.57608253303763
154,158.9904938141162
246,239.1835935894431
337,306.92939957806396
382,346.80372371764633
406,381.6461295166532
388,389.28706702208524
501,365.4506420231884
457,462.26702879649
378,444.85995315009666
379,407.76825024407685
350,399.8851896318181
271,347.1176085536527
286,277.3916139636028
274,296.54164236339693
222,259.43629027668914
156,162.4115120703541
86,86.95575215925614
43,43.607098193158464
27,27.9094725582289
31,28.18144447454783
57,64.27974801184736
108,101.85745707300897
185,197.43571296607246
308,304.3529611822515
382,395.06801979746683
287,314.94257580089004
272,275.86197325014086
293,278.16285313713314
365,287.4133999832835
407,369.1595033654286
361,392.74780916853047
307,357.7908587432912
376,354.85379160612985
493,448.6677538896914
514,524.0634210459908
434,501.36205128452946
433,452.89406808244917
469,442.32147783567734
423,401.2260125911466
277,245.91147558714187
145,188.21935946341466
68,78.32395233472317
45,43.93183021303375
40,36.98459552048778
74,55.42162115254682
86,100.33600133609787
163,146.01627862853024
340,217.78657202281715
401,427.16456035582775
351,358.5260823325128
330,313.96920257319437
357,337.10667354068
338,367.8215283132956
328,355.57479922415087
356,361.2959746188918
351,369.96955647777025
420,388.95922108055976
557,486.010653837666
592,544.6380989475649
562,554.8626447613942
506,532.9758299726352
487,492.0981764086378
415,456.355996397262
273,286.435477183488
133,169.5643939025345
70,82.33477344964612
49,51.339470655603265
42,40.51542580131958
67,62.32970617821744
98,99.72716701813899
218,188.5872568416596
358,371.7508428112417
471,449.4400676554423
379,381.6251744563843
337,321.0107550199684
351,348.8824135442368
307,346.9703231465049
342,319.56787332603153
344,354.2595367745623
328,361.388117422309
362,393.16960448316473
480,468.9595195593719
571,558.4614783644656
600,601.0866371732785
696,608.4660806371678
700,664.1412744368363
637,583.4199216680623
356,442.0099745537959
220,199.60596913770755
104,124.7189637804095
57,64.93279152261094
56,54.40993304204313
109,80.1962228375939
127,118.3842424975414
215,230.53198245213517
382,365.27525285528094
405,470.8777488307075
352,392.87406935958484
336,329.3749347120038
381,350.56040228095077
404,377.6324566143581
375,411.473762950557
365,388.44022034037414
386,382.31421878841115
443,410.9260858777296
528,502.9568293897865
606,593.4888359831691
741,645.4210328299077
719,730.3552646544198
824,745.8881304776747
798,725.7239896714068
522,604.0830254403071
380,374.6221363721662
241,217.59125474423027
115,120.5424887439984
92,88.23396020890952
109,113.7932859272742
123,129.9218413856934
220,187.2053257367054
295,322.8158044615233
370,365.14250104423553
347,328.3824997091831
314,313.6656347260295
346,341.87488636219416
376,355.7926238688867
357,378.4164250459069
381,367.2166576033109
405,376.96841274182714
346,425.29197992607754
519,419.7134505042997
637,600.3253019043135
705,716.5477917700232
734,684.4581379313602
640,697.8072494619064
739,715.1930296808182
669,706.8609224810618
508,552.0845444345165
347,418.2574942001122
223,217.94881468408644
165,170.8922836075185
135,132.10000664921378
61,82.66122108178972
93,98.25311001788586
133,150.37484507235075
200,203.39049177720014
307,266.2106092617601
362,335.80356688301947
426,390.40217249713277
445,434.00946649449173
457,440.9757692365954
437,459.9861532357963
456,453.0028801269296
546,479.13907618173744
594,573.5683467666643
689,651.0583996189761
730,715.9827851818474
680,678.3847715133024
669,662.3246267995629
759,711.7662769477705
682,699.0193689468713
436,576.6463969281482
337,382.2163036110817
253,230.01657682494027
135,179.4159047270423
113,127.64802279171771
70,88.0368768216516
80,93.04981619576701
99,112.71171576662323
193,151.20924635585223
265,262.7087521855104
359,327.5443210584672
414,383.6449637887161
444,419.3300224524375
450,418.37934146548105
379,456.72054575129187
402,382.27653764122545
387,402.60860133580655
384,412.41136654097573
361,400.89862215578233
338,341.4325141723348
348,315.7653059287592
336,327.80917241232464
290,318.304951244334
176,208.1118547069238
81,96.40078075537815
40,45.725829523962375
28,28.971871077111842
27,28.789239283809753
71,64.68498365627312
112,101.13685657377412
205,200.29344541064086
315,320.3845134805129
392,393.874139349902
310,314.7511092234271
322,288.6995925739938
313,309.7510350342003
318,320.6306826708419
301,343.95325324712593
364,322.80399106438
373,358.6670451341594
398,400.59614039477725
490,457.3431744166625
528,525.5151486774091
472,512.4868188788955
543,465.41076639973886
481,513.4785654570918
431,414.62951214997
217,252.27321054858493
110,122.49891713902389
63,60.05935105571122
40,42.16276162916501
32,34.25222612395047
60,61.999551156005076
96,99.31236430767547
211,189.98457454417874
364,355.901425120712
447,428.67342595730935
341,361.19612147855446
284,316.3809554748088
311,313.2451252027668
332,320.1317364802397
339,330.7798842946484
371,367.22122263286485
361,382.8469501098074
462,403.00532360828146
551,565.9734234280905
617,588.9243716500469
556,592.359130573288
594,594.4622564360639
681,581.7568946050035
548,561.9861797312918
310,331.5366397336562
161,168.03417790320177
96,85.84755832747148
51,55.20473235381227
40,39.385862075571545
72,60.46554641623575
110,100.49340289529584
239,210.87849958609553
436,381.2459480841086
543,478.56778811021434
413,424.3344261824684
341,328.45065999582187
331,346.79455336428066
344,333.8780486262273
331,351.39831645899153
346,351.457855534588
345,354.4094389774443
449,396.4504326665153
534,541.0363185677609
623,585.9604256042231
619,615.34145174015
682,647.9141595646669
710,696.6917045046682
662,626.978769034558
435,446.4934065696593
187,264.48997317494684
90,114.49023643060542
75,61.26665725563903
48,59.70347368855382
73,87.35649822108304
129,115.69594770662646
194,245.28543787272332
415,361.24035145815094
446,480.25586383138375
366,408.4905777946364
315,340.7631227954906
358,343.35997266486197
351,378.0306748622577
347,365.7900968194523
379,371.0388082917073
412,390.20207060054963
454,455.0875476120926
529,530.8217284379936
578,597.7576778519478
674,665.7432794931618
716,695.0478255637182
772,768.7259434953677
800,749.7408165591789
535,606.7958180619746
376,371.6942947330929
200,215.64517408851827
125,119.60363082116966
83,94.19870737515959
128,109.41715610092723
129,132.52449505343586
175,194.6491738839745
315,303.3076482862922
374,381.87021277719634
324,349.3872227388195
326,302.07531000939474
350,342.0256886214718
322,361.72660661610246
367,346.43334755842426
374,384.60739001816756
364,392.26405970160283
405,382.585250057905
472,472.18627778733673
589,567.2246579307938
649,682.3742676111572
594,697.1607506666243
552,639.3010850183368
674,679.6664910742086
633,664.1110370489079
486,546.7400408754046
345,381.6318539834204
255,233.04698412982057
183,172.67056278911193
151,141.2573568379662
100,87.92924001674862
111,109.950334737185
169,150.00556139237418
253,204.53823284382287
278,298.5136323970365
397,330.90034446690976
377,421.12697699328913
392,404.19757358244937
414,419.58513473910074
374,437.0354869749898
402,418.88338279184933
403,446.91329776316263
542,478.6685166808441
553,616.8799962622502
683,621.8317820464727
616,658.0893912826124
591,625.3667831998457
634,674.2296649288778
597,613.700195280063
402,486.89205412961473
338,295.00032666127316
199,231.03978904846835
170,147.5449306579418
120,136.23685779287436
99,94.11940321694883
115,99.37646616410603
133,125.51861683964921
161,182.8330630424246
228,244.1800161857615
359,305.53711028069574
351,376.6773953567451
394,373.4611620187436
389,388.9835257611466
388,384.307520377974
353,386.5295127198957
380,362.8725385011597
353,393.74548685153053
367,361.1806215002726
321,335.8923822150727
249,308.459474399259
253,268.64350669234443
223,245.31263330517854
154,151.65781319624415
86,83.26886001523116
50,42.55695709141205
21,31.800918592175286
28,25.248060618184482
59,64.25702552547715
86,103.96027319382009
135,188.38047936099008
275,266.6312119117536
295,368.2386555437161
238,281.1836769769082
240,263.4259076002617
251,264.3770960807909
273,277.9797792888325
296,298.8554721610967
294,330.47948239623673
308,322.32184349496436
373,360.3785458179919
387,450.7003104212801
395,455.9750754928282
352,413.25756790548127
339,423.4891339654779
322,396.76437566518155
313,334.0876557370528
218,203.2583189284055
92,126.83931331591859
57,59.90080378103917
32,39.08670024771678
38,32.54287225556252
81,63.11994816474363
98,99.43764732379964
155,179.10015775936662
293,301.32109334686015
352,375.84159510442754
277,318.9390478799881
268,261.80955748718117
308,289.87657635074225
314,310.3022653478904
298,324.67120731787844
362,324.2535947362053
378,364.1218928341947
406,417.18754773620117
332,502.35499213020296
360,414.09981219593504
429,407.3612277435531
394,480.94129846089817
459,457.70366593851907
433,447.2890750198949
324,280.0098596024716
170,166.71551068698972
103,91.59707921035526
63,54.2296239782934
80,41.34955138980497
78,74.95252029931558
93,104.03370754903078
150,195.65541148845045
195,268.32914789233337
237,307.84244173683305
263,266.90017547529453
239,271.1179530369809
248,284.1945100121829
291,285.59579688442483
290,310.5751075988919
298,328.8941518595878
249,328.801865768748
238,320.3632994940642
270,315.5757184598385
304,342.9126081518111
418,352.53863487790494
353,493.47495016620803
278,425.4554890054649
282,335.2042635356283
257,267.83391620060496
186,202.58305456752228
138,130.64253634053242
109,92.27278123400255
82,77.769273533038
78,93.69271389788663
51,99.89932108922126
87,104.11180330632983
80,88.44178117592669
127,93.97246858148199
133,151.5561106925868
152,137.56293743929825
150,171.49936136041805
182,168.28835892977443
178,201.01316701154337
149,182.34219117620563
179,152.7170389635764
219,181.5804897739258
228,224.58733807522518
230,248.1720079229687
274,204.5220360262557
294,249.20946947553244
316,287.25254440003437
263,305.06293412252165
180,204.72582762795307
103,149.82544252663712
60,84.2091956101184
41,72.17369829395079
29,73.39422071352243
26,89.18715790130784
39,91.1412361848149
42,139.31589652816308
62,169.9701073294927
97,169.8286052367921
118,125.38434903413402
156,133.2175347914962
211,166.0760507156608
224,240.7721957190815
205,251.99279338055638
210,237.53745866970257
230,241.5674479993532
281,274.1039872078683
289,339.76955933587647
323,366.2393520923822
299,401.686300102762
314,342.1108130633156
303,367.2031939907152
288,370.1006533912299
289,313.7265770375672
204,216.9099244305651
135,147.6432864365488
85,98.76503487287222
65,94.86832343606898
71,70.09711952839416
53,60.91845896587621
64,71.99198451007369
63,94.31021021943194
93,105.4625890077121
145,143.7954234281434
188,174.2866700001918
252,239.0652729890341
265,281.5822614043132
257,291.8003949758594
250,284.64371534557006
315,282.46654511359736
312,344.450477534486
343,370.5691123678856
366,397.99824973567047
374,402.1124453069994
353,391.9381842709866
331,392.658431552199
332,354.1965851257896
331,302.4447421793043
227,275.8309780933816
173,182.5265245221112
136,117.80401966604336
83,117.85415835889813
69,86.14334555994836
80,70.76515342800025
66,87.64689575855527
69,85.16848834254681
101,104.84675484942467
157,152.81667824679514
247,195.06348845033645
296,287.08102972532896
303,311.7314248175414
342,309.2697038228077
287,338.88357978538
307,311.66213581313997
283,325.84907084638763
294,323.42531737544766
262,319.22827230657447
221,270.497219074746
231,243.63130254378288
228,249.21720969451135
193,230.3650618215048
112,146.51972952253425
550,490.10184877394335
648,448.8643443691999
676,465.06016867046753
578,339.24075281576796
310,288.31984366411683
118,126.85604772465268
109,85.71178380300873
111,119.87426543301477
133,141.26973063667648
203,191.32981518585183
256,244.11151375249875
326,281.921315971306
342,329.21130444707524
397,363.28592800480396
356,398.03509597086236
407,363.8192807902513
411,418.44616072964766
406,435.60308988557455
500,437.60446899861734
544,513.6387786737663
567,524.7641901626512
587,543.1662974133502
650,609.9209232733269
616,608.0629630311823
610,575.2365971524201
1007,557.3044667993421
382,696.5378620793183
226,320.4134794871645
114,165.5527537099915
95,87.03004317437181
88,81.67665591084679
100,99.74081007623386
86,116.03834643761928
158,140.8442768231809
192,211.70372241932046
227,242.0021552855323
217,262.4167614191929
227,246.65799999129192
244,263.0388307269118
221,276.0928237475441
264,246.59968837514234
290,298.68819343250107
330,294.45202789362247
321,319.2386085015137
354,311.7662809721086
408,363.45834926190145
322,367.97567483840567
223,220.31442314696014
159,157.51232927826098
114,81.02423893150886
78,56.845923340889335
52,41.492959739050114
52,44.93161021267305
61,66.33653151666013
154,112.52080073171574
200,192.70604102798828
226,244.90072521749397
201,215.89274552739997
204,196.74758621779523
226,214.13790724666129
246,237.93173450786617
313,259.89864409662107
303,321.09968501527567
345,309.42697231238344
342,360.60951582147
488,420.33363009019894
486,518.9794244640083
520,468.1793228313258
495,524.4610036005181
607,546.9534853089616
402,469.97341497375703
244,266.36119954983525
176,160.5708978189766
89,97.97824206462862
49,51.99770358617399
27,29.35525098122562
52,37.447678969852895
79,64.43396658449471
136,142.24336878707973
208,222.29115216349817
243,279.7954505448857
221,244.71922683871762
218,222.04038722000882
239,237.27374676367006
254,262.1152583691271
299,295.8849298625345
317,327.3306842102699
340,349.00603247950426
417,396.50598791244687
539,539.4007904764105
588,592.021874969919
566,608.4644003334784
653,640.7968439389088
688,730.5436806735336
448,538.7776738588104
314,339.03791986793743
192,217.84263522168146
133,103.97148474391562
46,67.59172802490393
28,32.341471752282644
43,35.214079007502065
81,61.31194242803916
134,138.92313422659927
199,223.93437282316822
302,280.2454436420537
258,264.88148324314625
263,248.42353122597277
301,274.79678009080646
308,304.05437029319023
331,327.3586788422678
338,351.39575784002926
396,378.3395269862094
440,453.0369193124954
548,556.2898232836069
585,590.6317078626776
599,615.7339941738243
725,684.4126349325878
752,756.4898479130237
586,611.3873035111329
462,403.6985628192115
271,310.1747120610401
141,153.34059194845648
48,71.6985136369062
39,38.381603142285336
40,44.123376921103024
70,74.66225652398953
138,139.77825668731384
240,222.67557840827706
301,307.93293359850924
286,288.87319115682595
246,269.67446913473265
271,289.87801642089414
373,295.44001221519954
364,390.3224757224785
407,393.24142542034843
445,433.68469336334255
509,475.9255961734815
521,555.9452174508759
638,563.3430393785007
666,635.7885096042703
740,739.1859176012067
808,767.6516515037441
681,662.4761413126772
512,531.0496052618153
336,381.9094409082341
251,260.52524176371026
171,146.3075358074311
122,99.70404594725352
85,83.19342561915289
78,76.07185189298738
150,119.1779737012152
210,201.04263033532004
206,243.80063137757696
220,225.95021193419447
243,238.3280689521099
278,266.3711265470992
317,306.7160999207732
352,338.53273918069766
385,369.2668877641629
336,389.6748503726333
466,364.79696242749486
463,483.0678598653503
556,503.4863704265838
560,572.8056030467786
546,578.6218107426477
601,576.5127936612241
748,658.0007625462173
684,682.4616999446182
568,555.7204694013965
454,446.3052470289883
340,349.8801837254427
222,242.56314866176783
132,166.33617622610365
73,88.64996762755867
62,90.25606740924344
98,102.45415423437498
129,134.287755603531
169,185.53602900339175
238,233.97556656496914
312,283.50105188955587
301,327.69190704984925
360,335.7294563603939
384,363.90416848517884
380,392.85089634799976
447,418.8134330444081
440,463.27172008107283
479,483.29792270214966
560,518.1206813726521
529,540.8270554132287
641,559.3525742393446
691,674.6747646368273
683,622.4248427488918
498,599.6912302944829
454,408.11677105863794
327,351.1349397170948
215,238.141152181084
148,136.92172741453814
60,88.80756787579325
69,74.47190020415776
78,95.5686580657082
108,101.31989747529413
163,155.82719781900053
231,206.02778712056843
270,257.7160211235835
346,278.06560372861617
308,330.1433101457987
496,308.12638163709255
466,438.89212978746144
394,431.67588246014805
388,378.2896597003251
357,369.1435362981267
303,336.6975083432835
318,312.3734073545257
338,331.7127480353082
302,319.1130399641016
202,231.51409629167912
160,146.4048120806394
114,93.10951089519419
48,64.51699473371225
43,36.25126204466699
47,49.660830956418195
55,62.900677903580984
124,122.13527342881801
187,190.04829090690706
237,242.95216004409139
216,218.81235946834627
221,202.70386400367855
252,231.51506700025675
312,262.3422778797156
358,310.6231433773862
314,364.0934826289369
309,336.09042556806605
362,348.50870096878634
496,440.7712411508864
530,519.2061750898021
502,506.9943832316592
591,540.2043346278678
621,634.0882872131523
532,452.6559310282985
371,309.68422148764444
176,286.7383155983911
109,115.45881407172163
54,68.19525606599515
30,34.0816284301186
45,40.93056112374921
58,54.093740696807096
104,103.4067994796215
181,147.50302782295202
186,216.229215195734
174,214.9897527722637
166,199.82744308560055
215,210.415095434989
197,263.1390099807214
247,238.32943668753518
243,278.59492073528514
276,271.2847554059456
321,317.3109755843261
549,391.8552418001338
604,535.7552862967012
580,582.2723189825433
682,598.3037909090647
735,712.9850603876853
526,587.9585510624282
359,391.31150003395396
214,227.78313580356686
97,122.53116275173772
41,57.63731595529425
26,30.98902366765086
32,38.18982591574256
63,62.7917349713217
125,128.92268570294135
247,211.07664509646403
314,277.0716874562402
313,264.0016345470998
254,258.0916216074965
303,266.3435996725841
288,301.000555723297
318,308.4137885772985
367,325.659068083781
361,381.0842108555556
479,406.37123723013053
596,569.1893235774176
581,656.4993313697313
605,605.1594635465157
759,704.206510177073
771,807.8900916976839
588,610.244141658908
402,428.62041322154477
256,277.0210101462985
150,148.98988051303638
100,78.04014492442052
43,49.3253325883474
63,42.144181549987444
65,73.61273164450841
140,137.5081308577889
230,242.30105624896618
295,307.9429485444244
260,309.473311029163
286,260.9131516768674
370,309.2591345896186
362,370.04010987791673
353,388.3850563911448
411,406.5449864867036
418,427.1806388579015
479,464.8459253974415
606,538.07712388679
640,622.283702133874
725,664.4880905575347
808,762.2271361706961
797,789.8859929986937
653,687.001434242807
476,513.1110944059175
341,371.818065731356
270,253.16888110926297
150,169.3633360619581
102,103.53965558402771
86,83.444402551958
85,76.19504835791136
134,135.9554862325078
194,190.9257817918708
258,226.91621872399466
212,239.82033480699852
239,238.75364033528734
299,273.6951988631785
302,318.50124065759974
367,335.5226407539347
396,386.3930014394422
375,393.9957741961095
464,419.4265988638568
484,508.108215353599
588,534.7572353942431
615,612.4609217924129
565,611.0713004390677
649,590.6660000949952
693,677.4578865771963
670,656.2180294608321
534,557.9233583906391
504,476.25833358654324
357,410.6802222794722
237,281.4749787423546
145,151.30730570961984
74,90.24807732773111
59,82.47023017390465
87,97.83855327436078
118,131.6348326673117
185,169.25197885901028
252,238.59297230578912
273,302.9497987750711
336,306.2739727500712
342,363.93507970501304
412,366.937281655333
410,418.1622460883959
439,444.15724962895905
473,474.85781700456334
528,511.1575568470889
592,564.6659729945428
636,584.3393381801275
580,631.7545067862114
694,646.9073897518508
708,648.2191772984725
536,614.1038905985679
450,516.7365224823524
376,346.15910126795234
295,252.4324402621321
139,163.56521243169774
72,77.58046747684897
67,72.80352558998946
76,83.94712716407126
107,102.91855487479765
141,154.12589441535744
238,205.4552279444616
272,267.70292679261144
308,299.60803984319585
341,309.5780522765127
338,367.54600467118297
389,346.59978541135956
356,383.04066083603766
327,359.2448789359906
339,335.7586489570381
380,317.6660748510369
355,353.74929850099903
377,360.67548672799893
327,347.10886039555993
228,218.8220512972244
129,160.68780720541076
74,85.14107088887735
38,48.31387970203293
39,43.0600019145932
42,49.34720074555898
82,65.79447832230323
145,132.55897862644122
211,200.02934943795393
262,247.7718687904389
236,227.9061019969712
200,217.69586043586548
220,221.22227612782504
265,240.0528916088244
287,295.1916004859102
299,295.71656494643406
323,318.9128984369655
385,357.9435236130511
536,458.83304119336583
544,547.6065169610083
591,545.2221813994255
650,619.9496242429701
665,648.6475203929052
457,545.2533808262822
332,312.2260601360334
266,194.55549723892892
89,123.29308924942052
50,49.30074324901949
19,30.34640600839312
20,41.27609946623175
55,55.991375659759576
156,125.060888607568
229,220.98975049094756
289,275.17499416482445
267,252.73404136400492
210,224.19785180991434
275,225.86376379145378
264,280.64155170345884
278,294.2972792283431
331,312.1962125547338
369,345.33435581381485
449,406.1456210616023
610,565.0703289607033
627,633.9191213588374
653,624.5849857346798
761,702.5314009528529
786,756.0440802805023
525,606.7460014115167
358,369.6795427273502
210,236.29464566644748
119,111.78316306230731
71,57.09504715318521
26,33.08651336752796
37,32.08060776805159
90,60.826485386600304
143,141.14185350836968
251,225.69179532528813
360,315.82611038691533
332,305.07269072647296
295,267.11374868091434
319,305.48565989151734
307,318.2843715326176
321,322.54406960312093
387,351.2571923394934
415,405.04992474870295
485,464.1508279499131
564,599.263708968297
644,625.0546279374951
648,668.4598612930504
771,744.5095208982744
881,792.8004063271622
611,667.6263990164961
465,429.53341817913343
301,300.0697468340713
172,171.95369680768823
79,89.13607337523464
38,45.44702569476994
55,46.98450885056069
73,68.11283684047706
119,141.1630956707529
243,228.82936336908352
297,320.1474516297376
256,297.05935734563974
239,269.63282931036963
291,284.9042060540339
327,332.6787172800478
386,353.2505047061421
363,407.222813715207
386,410.4870013085814
482,454.2671252234939
540,546.3203851602441
594,595.6029121297975
546,636.3503679276865
731,658.376986388511
778,792.5598533434704
731,655.5105186036105
520,575.9647926756053
390,380.0653687312791
273,281.43094403435
142,170.41483355397148
123,94.42221054964989
82,81.91124372663884
87,79.53125609065796
121,133.1047047462331
199,192.77538220615938
225,243.2248070431222
238,228.56519389754027
221,243.63689190218392
272,258.59835907840517
299,302.26061384075877
322,337.6684246652182
307,354.85834836473066
346,339.8360518566368
341,402.8049232015949
440,416.1434533410611
493,523.2362818049698
542,533.2643212679575
534,553.6545341167058
545,604.656433628287
744,658.0567934311784
580,677.9929671437015
554,515.0059680943963
473,481.1382484865041
351,352.513753735085
243,272.05041849924504
118,149.43957159985433
84,85.34371007591835
71,84.09102506828754
110,101.98405124734327
145,137.7874313782381
175,198.9799471381304
237,233.05059055233818
294,286.5510746246335
317,322.46756274826527
358,341.845205904803
337,372.85812256703616
354,365.389251980556
422,395.52696699995755
420,462.909134033002
498,483.05807319726904
508,543.9191966426129
493,553.9065581819857
513,541.0897420362586
620,606.2106104260582
573,611.7116583605094
493,545.0705497770456
445,452.6531073596075
386,351.72233193493065
270,270.90619431238173
143,151.75336057605938
89,80.90722610717813
80,78.558737668244
90,93.5290680829658
105,116.59201553293491
147,153.9586405854601
202,210.35126001073203
226,251.67250108543504
269,269.94204756855225
328,286.4900633801061
342,338.9502622582043
295,351.87146050577513
323,317.6896430842061
310,333.59595654740633
310,327.82393548612396
345,308.92073082807826
327,337.8365329537441
307,340.8754949110383
304,303.070024849409
190,222.0501270355824
130,131.5463137890909
73,80.66283733319148
43,46.20364738835518
38,41.01528389971441
29,49.29229643260583
48,64.23759256588552
84,130.49056084359907
167,171.4132947469043
205,239.58282589857387
168,211.5347236412859
171,188.2785049581588
192,208.88401549502103
220,232.01269194247806
237,268.92150833541865
255,275.8827227436295
314,287.67055669614115
332,350.0530047850343
375,441.14809807089324
388,440.43980537015113
382,440.9325727501492
381,477.53880049916023
419,477.9999314880072
337,410.07344322196224
262,253.39078506316295
167,178.97174776314432
73,86.52509051658699
53,45.31520966182096
15,31.007172413555562
55,34.73908990678758
60,61.792128043613005
126,125.0441594244842
166,199.75642410839282
210,217.52661127980616
192,208.7202459796967
187,192.95566535744524
251,215.22943577861665
239,251.3457015082917
248,268.0042058496133
321,279.35569911070206
376,339.17434554728715
414,409.4662876883275
406,526.2888286036163
426,477.78134741277194
535,492.48865447066567
554,638.4419294848177
537,655.6364025594
530,472.9020886274921
315,355.07867410608264
205,207.69987771677881
101,109.81205224544489
60,55.81344450584557
40,31.29891800558191
48,40.76403373909996
88,72.80182925627746
97,139.54038801924727
135,183.0002778588375
148,214.89685771227386
179,183.21121242259738
192,205.6259923652328
255,247.25321054829928
250,279.4688352232796
269,286.90054378544704
223,322.44069161224184
302,289.72604108688233
316,373.1113799388215
290,416.1733785068397
293,352.3641414670572
581,385.95652896946774
385,687.3461630331585
319,466.19315316306574
362,388.76072159991196
285,321.27960707134895
233,248.35374870832115
172,169.08550191491375
126,111.51007813601497
76,70.04301770726212
47,60.35049864128873
58,63.11294266815219
49,82.45334894263414
69,65.51437503884854
64,40.68212429532344
78,60.360462750242974
101,78.15617252283425
138,111.74318332683835
133,161.21100728942267
140,139.9672181143907
152,140.4939734462647
174,167.74751808029913
176,199.3414449773804
192,163.24470745983112
217,179.67699625708846
278,205.25832560829934
277,276.80490094943696
329,264.038331854648
264,324.47894678086215
197,219.45794803921157
112,169.20095106604126
82,111.21140957153499
66,83.37813553832666
46,85.4980290886522
30,68.21432121489477
26,68.76558903548046
34,96.1125008124459
42,136.065250688411
58,100.80284886671929
91,101.09575922142369
115,104.74011092200843
160,131.78920094175524
200,181.34464461652962
246,230.25666677247816
226,278.4756188624694
266,260.0712084364836
249,305.7090520267328
300,313.7100790763587
332,344.7071569721508
338,403.2197609141443
407,377.24794208989107
365,460.06455871987447
379,449.16236964764204
384,433.6691631083244
309,348.43407102474094
258,244.29003409849344
171,211.54339230955256
143,168.0192487767005
80,107.18440653276426
37,64.58719704533368
33,53.739480859101526
39,60.478877205251706
56,71.19211366979339
93,97.08139068562899
137,108.41443156029091
193,170.8385537996203
243,234.1795995922823
255,281.7539314074249
258,291.33626870105405
253,295.9901234495982
312,290.83290694072195
311,355.55610853400935
366,346.894418986227
381,411.9862099102144
382,420.5341701320259
413,426.62399201779897
446,478.72836813653157
439,471.83077019123704
379,420.0880678340805
366,346.3787190220727
241,284.9842484793904
183,208.04841358102357
93,122.57154942963228
43,63.40551214027793
36,55.51539003395893
57,55.33107545275423
64,75.43076234183052
94,97.89269431785405
180,119.5173766022881
216,220.78623796368032
239,246.13115080036494
293,266.13134699478377
333,303.9672269349923
278,317.64522867315014
322,304.67496213311443
264,331.5454645584667
287,296.5373662977679
266,297.33509324439603
259,290.5826324975538
270,294.04849984351887
266,269.62412072832257
152,206.73150187877792
212,159.5460351099469
120,111.91932935144787
78,69.28861685143679
68,33.61129471748174
54,43.22246128067436
61,51.96643752513911
83,81.05408914746145
117,115.14297465322895
189,169.835832928676
236,228.98130027913436
295,257.3955351261697
317,299.25381761920295
347,315.4706213676439
313,334.32387147349556
306,305.82522040437755
310,315.53889288573754
350,326.76665018788975
433,384.8555051948695
465,458.87334196683344
455,436.2218688010625
399,404.35228920560354
328,359.2248228214241
331,315.7197305797811
260,274.8914773936852
230,183.89850063782455
193,131.8294020973636
37,98.63947707775725
28,32.86778482866921
65,32.49406999043915
104,54.30353119325462
86,82.8879673715484
88,101.83143624918893
109,131.41389803616272
140,167.06074864637458
146,213.864434450125
174,203.61106768164174
234,218.7725073465774
287,248.37678825929072
319,281.3659018180774
335,313.72386303886736
313,333.66413444863065
282,327.55098159477024
293,288.8333460872292
233,255.0720185719583
231,221.416639708
204,213.20897593535614
125,155.5093403262995
86,91.66735224640026
48,53.48889454739522
32,30.197176169818746
20,17.272005713860217
18,15.09292433738332
45,35.76369148214779
109,79.17118327529808
167,148.54293380975272
281,285.79053954169143
316,336.66540459170704
246,280.6138411665089
208,232.62220488595491
224,229.18685224770422
261,233.43016291082506
267,269.1246541209268
243,276.1006863673763
306,292.2442412360302
304,320.4512265615162
369,330.7627056500403
377,360.36353443473905
309,290.31644933207343
213,247.80797447483212
188,180.2822332713686
117,138.12374728988354
70,80.78011250673315
41,35.40949234109578
16,19.347595565632744
11,12.663297388549786
16,12.615452431526242
39,36.64903298112403
87,84.12321814507617
162,158.32026780918014
349,316.1717783294645
335,364.77093631882855
306,296.37424680939137
256,237.85258576844626
233,244.38685027051085
273,247.43568706306675
220,266.1897295625189
269,232.99475352036924
312,312.56897702335874
327,319.72700334378766
326,378.80288323598774
382,365.9924120358768
278,315.96782429794706
246,234.02316315099412
233,212.13134290319587
130,178.63027694850697
72,88.25325513112382
43,43.89793463473358
23,23.742457579214243
11,13.614949697338677
13,13.921435144753787
40,35.66307602377249
85,76.82153768560501
157,152.37233268922193
348,324.9710546057939
335,362.67489886543797
306,311.7352495401932
272,260.34842394412055
259,259.2164535005432
250,254.60990090954783
210,240.48889504121956
230,233.47162645021993
308,282.21616127892406
319,322.987948977919
370,364.22439518518934
406,398.3308518737587
307,325.08625947939305
309,261.9674502534633
244,270.30794825966905
168,191.84420777710537
80,98.98060591084939
45,48.563359838139526
36,33.66452525262687
9,18.046336138619687
17,14.924439298147488
25,36.30605007765236
100,76.7966565728899
153,160.4070690776547
511,315.0563374266568
544,429.73597523671634
498,410.6446288787687
256,377.379112543357
275,265.81858297668583
240,271.1577838497781
247,246.14397348701195
246,257.68997238132596
337,295.3197117545845
380,350.3364031566753
399,405.79395078123235
421,405.8265952668401
342,357.2266070062768
326,289.13501284454617
227,271.1385228678296
178,190.22982454656562
106,115.7328069866332
59,62.2645326786088
42,39.29409052512406
15,24.78235587992651
19,18.00558016473301
39,34.72663209551715
86,75.31416470823113
139,127.35264813786834
299,282.2058617170071
290,330.0949175383279
275,297.95622288793163
241,252.98447594725812
249,254.42904751852072
268,257.7315798473105
258,266.4915809933365
261,262.39669576973887
336,285.5120011439825
425,345.2768889437454
378,438.68783976137036
434,423.19289584277027
430,408.3061524937014
281,377.56036082863585
345,264.1202182715801
317,298.16454969754847
210,234.1867320103792
138,145.2896681598856
74,90.70761583840554
37,51.94040244440664
17,37.67735283006801
26,38.83055981689222
46,48.60446225044208
85,75.51428365639381
143,124.10072105327566
147,191.33003145177412
243,212.64365028182038
246,265.1230512372212
298,273.18400095977813
343,311.4517256935292
337,325.3237123568195
332,319.6885313566776
345,334.734033853975
375,362.4954610020626
419,410.8485865089023
483,449.8201010800995
466,457.4910481470201
336,376.3006585260053
271,305.3690244779114
320,284.9641170282603
228,274.64832223441806
140,168.61203521979982
81,81.01706302597985
41,46.53980371042748
31,24.616043023870287
23,36.849574757921594
34,49.60324614950811
76,68.25130358927458
95,96.52179339246376
136,129.25048406461232
202,187.60811419132796
221,225.03215219349548
252,244.68337017570383
294,263.2594477459445
310,285.4499304930714
467,304.45329664826704
456,422.26481298484674
420,422.0034066360555
362,392.3967981089951
297,342.3384417328045
224,258.87571070511615
203,216.65622902925344
164,191.24586174854454
81,135.32884196816966
71,69.5986279039259
35,48.00704157069972
19,26.654625919221356
10,14.520502961455128
9,13.71418512151641
38,37.731777358244834
76,82.27884211476878
155,147.33186225811227
322,282.293075780995
334,351.3885777212215
266,274.99320903408557
258,223.8587117567508
247,243.29305621754276
315,248.62406506585276
289,306.4479784055832
287,287.8222663905676
330,310.8454093823009
371,330.47177118694435
438,396.4866252850093
405,418.07227502072453
305,310.9906793530168
271,237.02973497821193
209,208.1333491410736
137,136.1476875232793
123,89.70856714504994
41,65.75662740442012
22,22.34451978395552
10,17.819569372519197
11,16.218626844667877
45,33.2044115779283
78,72.93986753031936
160,119.82684656757051
363,226.7171169927313
428,373.9887877552556
305,349.3487728444194
301,277.317531541356
298,292.24638344516796
279,303.4725512348845
275,282.84061741355157
309,278.90417577778254
384,338.5290974936438
377,389.8683043341383
406,397.0521215703392
457,411.4765557313642
322,373.1153018150665
279,275.7046704706072
274,241.7254715713232
164,220.23097463786323
92,101.10205719391669
31,47.316660044530835
11,21.728338427615647
11,11.645534555992176
9,13.053593983408666
36,36.53791688227657
88,75.39067576597296
174,159.2253199258742
369,336.64186638123874
385,382.28977621532624
316,319.31643376758524
274,279.46474021871643
278,272.47556007100997
250,269.4582022761251
234,248.41410483093054
264,253.57343593302267
351,314.85247515096927
306,362.8966000131422
374,368.25359510840593
416,417.2863279484803
289,343.44962491021016
252,261.28637178152843
211,249.47212951691657
160,177.5331775955827
103,100.59721710085226
29,50.83637460971598
23,28.234604042553247
19,14.09054897786272
12,15.262014429925538
48,28.55898629688472
86,87.21842943783804
154,158.4287573826074
349,308.74470968718276
360,404.779065901592
329,361.9248485687438
285,289.7035872895202
280,280.8883025286048
314,272.4294002011362
296,293.73179568761657
315,297.0098525770489
346,342.5695588079634
365,356.42618019714234
465,401.8365208676267
461,463.49033546058916
351,374.9509383846703
276,294.303818863989
251,238.59473053271833
173,202.74193476352045
109,123.6923469317752
74,57.87440743424405
41,42.04699370229294
27,23.25820724282047
24,18.241914544712202
42,37.25644118052965
77,78.07672239613183
114,129.80915344926672
296,270.4133708659928
317,305.276345043022
268,287.61565351400975
271,256.63068500079976
253,266.8005365986417
280,267.76538082138643
286,280.29710526057556
309,288.64014407818456
350,322.96947922553096
351,368.0509952184966
400,390.8938367811239
444,449.7042496027384
485,414.6582373952295
331,407.55869012494367
289,310.57124870510347
248,262.40682353221814
225,210.579179153818
106,158.1044350749077
84,75.95073867479192
43,54.255616312251554
18,30.91181758659349
17,35.40566099071804
40,47.78303141809078
78,72.74982902852263
115,127.1837628224752
163,174.6863466676926
250,225.11790033621276
260,269.7702998073271
283,286.318110458832
285,310.46209338712976
328,301.9646465588499
299,323.9897508242508
328,319.7574942140949
411,348.20016077766684
454,436.3300691994749
452,477.6218854910101
400,448.18771549548654
308,345.98106156472693
259,288.1731934780721
297,255.71236458802537
280,261.64732085909037
160,189.81183558678978
97,93.05768551684936
54,51.51752085296018
34,29.008708077806183
32,29.62754610232342
40,41.02222125809906
57,68.48948272383458
88,90.31357137399661
131,127.66867518139588
174,187.0700254187102
241,211.05511674338686
277,246.73174661233895
322,281.0352511295186
331,307.08443491438953
277,316.80157642292266
306,291.2819284144108
320,319.7455614606611
350,331.1061437557611
302,335.53319264886665
234,256.2452793212268
214,214.60554942183765
176,190.93519837038852
128,133.7082186853924
72,80.86829448058262
39,44.60173027421189
15,25.399795071740623
4,15.61296549785972
4,14.06766112882402
36,35.06677487128028
86,74.11939138785411
174,150.742520681857
319,311.0508532058953
337,351.779700623742
325,280.1266540438436
245,253.31343143124056
262,239.99013796528422
275,260.251207042993
229,276.09352064453356
285,243.32316320934595
328,311.2125484263734
318,333.9014944193537
383,369.1534471912039
363,386.03906844521913
227,295.35484614524927
196,210.746299473392
145,177.32414020040324
134,123.0274512931202
86,96.26330742518387
34,42.229297562368195
20,15.730495014654924
9,11.619675641309897
9,12.10108727748874
34,39.01509883567915
90,80.45287171839558
151,164.36196559569174
358,324.52585691437946
378,386.15179692880065
319,319.98254240034674
263,268.21109985055165
257,262.1873312421668
243,266.30274381930315
205,242.0242430610178
274,248.48305357467868
320,319.1602455831105
319,342.9806278531242
397,379.1198271225943
411,416.5291149892052
275,307.4557778443713
274,237.14051089946332
257,231.43376981895727
186,188.08024110002822
94,95.48617849514193
32,44.51217783885853
16,18.92086297882218
12,12.92565835453744
12,13.407069990716273
36,35.05862351878946
87,77.66204877372418
174,158.43312972015175
391,345.3532678122009
398,398.43042649024176
368,323.7233978165764
269,286.97799093218526
265,264.6900016557522
230,257.3650415080748
213,223.865789233605
246,241.11769043136485
319,295.77259401199194
302,330.0873272829122
362,364.2860987297746
392,403.7635538415632
313,319.6401551107117
249,274.64350954743384
229,230.0056770338424
159,180.1134748796367
111,99.31540833829368
50,50.78323085589581
23,30.126192307715048
24,14.09054897786272
6,16.460036054374317
41,31.99434028956057
75,85.43473522160998
161,154.04376988057845
342,359.197987533845
368,401.06516438721866
302,400.6941050819359
254,274.6877910971182
266,266.4048445249573
227,270.3409813567423
228,243.575501735966
242,258.3356758154766
321,295.81650793232996
339,342.90477505777045
411,396.01455990784706
427,429.5377436927373
394,361.7880301632611
268,322.18154053915197
245,236.13087902412525
194,197.0634295769125
135,128.94306812849473
76,74.57846239608112
30,43.409897975199414
23,22.54013665132385
21,17.69101479767842
35,40.24145965416402
77,75.35684773959485
122,129.90783786981072
314,271.6104961457894
347,321.17504274730396
312,290.8729123983876
248,270.78217715120076
215,257.93463341146423
261,239.21568407231877
237,263.25999260858055
260,251.1218059008362
341,295.57456516965885
328,367.8573351745011
374,377.36140028816885
417,424.27633525091727
432,413.6897190841424
330,353.41812949227716
291,303.1019836626181
276,270.10314686393394
205,225.49019706978984
132,142.06245808114468
93,84.32580007305579
47,57.22595859841222
32,33.47764483966199
35,32.82991316127168
58,50.4584309798362
78,82.54029358179274
117,134.39464795720664
210,175.93159444839003
246,256.277462035472
256,266.032090725799
290,271.7366301763649
280,298.41276987849085
325,288.31683258201923
318,312.731773647714
322,333.47201628254015
349,347.77414205515885
410,400.31501800537336
442,433.4255082353669
418,418.3316248226728
294,358.8756687416997
338,270.33788827457374
311,306.73148764808
238,258.62043736021894
188,171.75064829806144
85,111.6184672030355
51,47.68536660987627
40,32.59627286635077
32,39.606835909228316
45,46.69471579936359
81,68.66165455832314
107,95.90430859758003
123,135.19600129473616
194,173.06302025368288
227,225.86805230854787
269,256.533480710327
295,278.93563424448183
294,295.7123916704118
300,293.18594464581594
313,301.88672038316605
318,316.7686642233085
325,328.09652179374166
298,313.8254605615568
245,253.43941402913157
202,219.5753934160148
181,184.16348692619147
115,134.28886178130153
73,77.42388292411519
56,41.99894320902678
25,26.962312757490594
15,15.11573868450831
12,16.027783749011572
27,36.82388105750485
81,66.47838256961631
115,160.39356690129304
312,268.4850238490787
345,346.8787549111351
258,278.9119560943555
248,225.76867218466947
242,242.29118030728662
269,251.68410168278115
239,264.7783811318363
247,257.71287338879483
320,289.3088498581449
349,329.48968116984463
351,391.97155814114427
334,362.74143426244564
278,277.6090368827842
216,220.97280010425814
199,184.7182111492393
160,142.85712880182498
86,92.75720833464852
45,41.495702831106335
37,22.045448740700305
20,16.9462320697967
18,13.480432436173949
38,36.24737872899313
98,81.6859315716569
153,153.28068474927858
327,330.5303046345883
333,376.84932393884975
278,294.29064434363954
259,256.12675648790105
260,250.29271851858005
292,261.0967794249294
288,269.5993643947947
269,283.2836452340251
398,317.2335077271746
414,393.73003994429797
361,434.9268613424298
442,385.32263417854927
350,348.61949285232157
264,280.018016392708
257,232.88879339457898
212,198.45475140448704
149,109.9426912295917
78,74.6418631039566
38,31.431546591067217
24,18.252214783024236
28,16.674582513782557
56,37.02711401524222
84,89.50832733619477
147,161.95753023001538
184,314.4575866660539
201,303.7008912971306
232,251.62715558774315
221,244.03437427891754
248,241.48117037827947
282,254.67346041975082
251,275.3457978320232
226,261.1238669640443
259,294.34070824423065
260,293.6365363456616
251,324.8694080347929
280,317.5465366819337
358,270.03108006417966
240,298.464841839493
215,226.311682338338
196,181.65996247546795
135,127.55771634121865
63,82.64383925001177
59,38.42037878253631
49,31.904055351090037
42,29.54410447229332
37,43.208655644267346
47,70.90506408595849
95,93.74911343643487
105,109.40736589594866
134,133.3065945029396
133,136.60826204975285
113,145.78558253867848
143,123.17959419962965
166,176.2825589801077
145,196.03659400971762
181,155.19538210110946
233,205.08664440603863
200,245.81055091910608
178,187.9518387311351
216,152.8947585980477
212,205.7663073846158
298,190.80528098283145
257,253.68865211155762
207,222.2851704563464
114,154.7027368949565
77,69.76854344049937
45,44.10513851465566
23,28.435754217885933
8,24.336301677259204
24,36.651202808228255
30,65.49772224953726
60,100.39940918631565
74,165.01855751081098
83,130.0586415084514
132,129.27383785097206
114,155.20807192539235
167,128.22170806044028
203,197.2164414733967
216,214.88374549496086
224,238.25323170484145
238,262.8421176263809
249,263.43930445351117
271,290.32739271212364
300,314.26624887004306
279,308.6929900585383
229,265.75460503353867
222,240.81634140751856
148,226.66002791911606
115,161.5651172764779
84,100.95088283890595
42,68.15759709047958
35,39.04308775031497
24,20.68823994785142
24,27.077873072252853
31,41.56182073515793
48,62.57578021319113
77,73.5562121241726
98,109.33151142757399
121,148.9157603297122
134,151.75134493355475
182,163.02048768630533
214,217.4148859704171
226,245.74027395740723
221,251.21264423859256
221,256.6471224619064
252,249.7266751825007
305,285.04638000658406
349,334.8672899395419
279,338.12326801787935
259,249.65588668757087
207,241.7833460910227
182,203.15933358735887
123,168.42331579931442
94,100.23233227694307
55,65.05222416602291
37,40.33196129738787
32,32.51398807479311
35,27.67886451962472
36,39.42124784039376
49,55.37163759097315
76,82.18785856391267
83,105.26675610067709
147,131.21083750562698
180,180.76182027004484
250,203.16436087797797
310,255.88875204654454
318,287.4194709807374
304,277.5960455749266
287,285.48066540932143
285,280.570376878037
289,299.69721332858717
239,287.3682479750317
221,216.65993180331378
147,203.0241618210811
138,154.68889725986105
89,113.3727994821797
68,67.58845424161835
244,241.84030697301594
149,154.33570376835846
117,87.7866051181747
60,61.59545837866704
60,43.788537149200764
46,42.595565084491504
78,66.25238148093264
96,104.05383088367851
174,144.51408084623856
212,213.92275064610507
287,237.3872827075781
334,301.857548844581
317,339.77753570808096
418,334.3703214629316
320,402.2249371941579
370,341.2008526440713
407,384.41591180311383
484,456.7081680224736
500,489.7961831821753
507,471.6774743966062
418,433.1704798941227
404,384.4111699888061
402,410.8093608329947
373,337.49710572775956
328,281.94755129034854
294,196.1016202906972
53,171.4598778656851
41,47.61831078256171
51,41.71766699009606
92,40.41298443431412
111,72.08518369121444
92,104.20500711619212
132,132.33869610366892
158,188.1783226336308
187,227.4191351516947
222,237.23777540959338
279,257.960299268698
339,293.8876604347727
353,323.3046083336205
388,334.87707075344616
313,373.2881434748018
354,333.64287488970484
328,356.493189786754
279,280.56671513929575
237,254.0338509546029
194,219.98971715344325
167,176.95779223205287
98,111.50863782981186
65,68.70841480445829
14,32.66726365417593
15,15.034892810520777
19,15.734197576237149
31,31.14246209016485
99,60.49297520752004
129,125.81845507417299
289,238.3851362053718
298,307.54764334134956
247,272.3503293031547
251,240.45364612880113
244,256.2569427417856
267,262.03805962396206
316,284.8026767035503
315,322.5874690399046
353,330.268763927093
344,365.9232910078358
470,422.5866894826606
464,469.9917943842978
431,394.73970762089436
369,391.38251707971216
388,336.5451972034477
229,301.01623539397383
140,131.20219296145933
106,70.01786506059712
42,41.996897076276944
18,16.874718163158004
10,14.926247953085548
28,32.279949984665315
76,72.66491249913585
119,128.3573943693228
281,293.5214270137469
324,322.78621789911887
277,287.12367591257106
242,262.46677551336575
305,248.8915395228188
253,296.0223361463559
289,288.4164993909901
323,311.3000400433977
355,342.1872583193576
336,367.57250936832423
416,428.4688113195622
457,464.74032411962685
378,427.9193024353944
428,389.56939288043407
424,457.6210573247612
290,344.8430008500752
165,183.25248200043458
98,100.96725898785644
54,51.74532571441389
23,21.067003686630393
19,20.556653399338234
37,34.86583655257543
74,64.6176176581069
135,126.78903812812393
311,288.48081994653336
313,332.6768242451477
308,297.16690192532053
253,262.8689948483726
273,275.7908856861739
287,276.142532824815
286,298.34996424752666
303,310.3213387924347
302,321.6804465924332
310,333.1460726136322
461,389.7422350856054
448,512.3827431624433
446,412.3489747554911
510,434.47567903407315
473,497.20907856789165
407,372.11202914932943
261,225.93335495025383
140,152.88800308826578
60,73.41505622741366
26,27.37402771048117
28,22.547949845759543
54,38.528787538160415
69,69.11196092648753
142,139.90645018902737
435,271.2038699934398
502,395.75160131444954
413,383.2795858412615
298,332.84379420088055
315,304.19695743279294
296,322.1554135433808
305,313.6859176379827
422,323.5414605060959
402,417.3338791072009
416,400.4986550322537
562,462.8970277134209
529,519.2511306123523
519,485.33896075981846
574,508.2286927583138
518,538.831765928825
495,489.7023457964421
313,315.70119863494284
166,193.75843900964043
108,101.7032604131407
51,56.15114504861857
37,40.316183766450266
51,45.66993516113434
78,62.92482396175534
136,122.07099244614898
259,271.6196932595161
240,305.50526154441826
252,256.6815479160003
267,252.41752267748728
320,278.4427187223582
334,321.8038070353176
278,327.58464752282157
347,304.2105769690781
366,355.1172184120804
448,380.5296155684258
476,484.5444482800097
493,494.20876566201207
472,466.02175988088095
397,453.11595383597233
447,392.4310315787947
643,445.4289562708908
472,447.2410846676417
346,318.66374810762204
147,195.71309856644464
56,96.71811743566353
36,42.6238221296804
50,46.05938107774972
29,47.083877438252046
78,63.2465005384864
119,106.97961145066608
153,161.8670465452783
207,213.89726383941337
253,249.04679943641455
282,300.1410619948766
330,302.2509144188508
397,344.9443759637878
354,382.7881988856953
448,363.1793405058962
491,452.3561309218725
480,501.53956844944656
502,483.9760036138398
461,469.8501920108793
357,417.3923501700522
322,366.041348654096
403,370.466162924634
454,400.46205329430023
337,362.2726001457083
194,226.39786278632505
126,92.09059661591415
55,67.69217094887233
39,47.577847924998586
45,43.84151655322209
73,64.7552470109448
91,93.40635442422465
124,130.11554191178243
181,177.66046518069095
238,230.83568542831998
248,257.4738550856118
369,276.4386394286198
323,355.0823068838039
554,324.50953637015317
517,483.87007222901883
427,442.2572624080197
456,422.59464310848256
365,435.74440778044254
308,310.44923883934666
219,271.1974955081276
190,202.68093171354928
159,173.89593943443865
102,101.9246717374574
71,63.28453165065862
25,27.068641586060288
16,16.29678562342726
15,17.18013611994935
36,33.70893917412508
67,67.24176935194937
112,119.21911860183775
279,262.31873646461196
309,307.07488810259633
265,271.7759089649042
250,253.45163006511225
302,252.9871982194455
401,302.4333818317407
379,371.0099590555993
368,371.9417673222756
394,380.33224572738646
361,405.709759511007
492,447.50178166888975
485,483.3818366901486
393,406.7703073946027
421,374.70388503922214
395,385.8196953674934
256,288.2003009276321
158,154.16984874275647
69,96.88716493127976
45,38.831280896066495
20,24.51290356886095
21,18.05857609425588
31,32.05357794183478
54,63.451228385340016
93,94.63836912497727
369,160.6140046680944
358,359.67212306148247
299,320.96544553898434
324,286.8064333619918
347,338.4522537523821
341,366.2332800406897
330,359.5240168420579
394,344.79418959361567
370,405.0112524673852
438,386.6723215320514
511,471.3706796009938
537,492.89070518736884
431,467.03908609225874
509,433.5367079983664
519,451.71511917054295
331,395.84993605635924
183,213.45482826127414
101,108.27980356274932
33,52.73096317728433
26,17.747038507348982
18,20.901797432388275
31,34.61462358193177
67,62.88710485146529
127,120.465467753254
321,308.091517105228
352,350.9268971492377
312,314.00713477424796
282,286.9308415905263
270,297.3071252404412
295,293.1031694687204
298,307.69955608734017
337,317.61977829783973
347,343.2288743629402
350,368.3515117769876
424,447.42594862484185
497,488.12978318442043
454,451.1720354653301
473,480.19868890546746
528,511.80649655524456
466,409.5532168819655
244,265.5671850885975
146,141.13355899432045
66,72.97702300497812
36,32.474409600987286
27,25.47441822128354
35,40.55096552751745
83,65.32088758449616
118,142.27082887205296
309,264.01244405964775
330,362.8462362743222
283,344.9149537542006
316,283.72475384509767
289,308.81280174041774
398,296.71623500905963
284,385.98655902493215
319,323.8823694544962
351,346.4238189476561
375,383.4162726490387
483,436.4240945384863
559,506.9516145129553
463,504.8532161862441
507,476.43247007798846
545,524.4156167784104
421,500.33396106104277
300,296.8518832640115
167,191.82290341726113
98,102.55530084330306
50,53.61833649626772
51,38.8201039630192
50,46.30678315185443
63,68.32153571314994
120,116.04267336726893
285,260.2461168694647
274,298.06617952937484
264,265.7963672795046
286,264.03521934234624
291,295.05912200843005
300,314.8135265940232
352,301.41159930286517
345,345.5512254916177
360,354.58432406546336
403,379.2748647142366
495,455.40361554831907
491,515.6822898974542
514,466.31295272384165
485,458.9269476435401
473,459.27856474788365
442,480.5947925687161
464,372.42560656372075
289,337.6038582975117
150,174.06647780896867
78,86.9671888303217
42,49.87787800167678
36,48.687979653809975
43,39.040234179664466
47,71.54479900727908
87,100.44824580989022
136,141.6303964985406
212,209.28835130041656
232,264.82422799365304
293,281.12996943726256
354,316.0032208660575
367,375.8956013713783
376,368.57227679733757
401,388.7036964915926
472,434.89140234126637
454,507.2743803902032
451,490.6820675017481
491,459.00088732591286
434,448.1732991214957
385,412.42842195305286
460,414.8806107952078
470,445.6151400782463
284,336.27070104893505
166,212.268253003076
71,96.24902054796107
39,46.716881161882895
30,38.901503929311616
39,45.56215548941911
47,56.28905033838944
79,79.79777200310626
142,115.41694633891875
189,187.47732442210958
236,224.03909452229368
282,257.705221886994
312,297.58942419818936
363,315.57772117752273
320,359.99717051283403
411,345.1290377730996
363,405.5727060025815
364,376.0811481720243
361,352.0725038192425
323,305.7434338463796
243,275.57274949210097
216,220.58089048721965
153,190.0011996360089
103,91.8381984372257
70,63.55561173364664
39,27.401406896883515
18,19.083458508489205
13,16.08767358354476
45,32.245183371775035
85,71.66330808020771
112,118.69417024725828
292,261.10952598782137
321,312.57351191681255
243,273.1680872936047
289,231.67892874630726
323,290.72466556225316
317,329.05935155436515
301,332.7299968370497
334,317.7445111369319
352,361.17709796913397
393,369.20366243323144
421,457.7465181593066
501,451.8989157603197
398,438.8036044591447
438,392.4840874174229
411,391.1629005616364
222,300.94210667584576
133,130.05845182147223
70,77.25986153198889
32,37.2756194829692
9,15.532507396062073
11,13.493562549996534
35,30.268254644707415
68,68.95360245107159
126,115.78274255010348
314,286.29723722220933
342,346.1442328803107
307,287.51241205301056
293,288.7464637199987
269,316.1201381731468
278,288.95673952622917
306,298.3956745535494
318,330.33849298402185
380,344.8250271916437
378,413.36809989645815
469,463.5118543026255
505,516.6434336291643
394,451.16852496630094
477,430.9658641247266
561,484.5722050006209
427,382.0264748275022
241,270.06281475966244
129,132.1563258750923
47,56.05164033502151
40,22.385862164030836
17,19.87733326495579
29,34.599035193847854
79,65.93032635307446
159,132.0078335217763
358,309.78924829910625
404,369.55212548301506
372,332.8603179975376
292,315.6208878218119
346,290.72731353334035
326,326.7192560071981
324,328.42141174058605
318,331.84161283319816
332,341.9166132010857
369,354.68611862034066
493,451.6164737867886
525,514.1218022626506
424,471.0317725083206
454,459.91968419789407
513,507.33854430213233
455,447.8301942104469
212,278.1838690671207
113,136.94373023782316
74,63.61621302621365
33,36.59888656101663
30,26.407583614922174
34,42.17741205710107
73,74.32356897147231
128,145.36846916894282
311,307.2139456253044
318,372.95065481713516
322,338.7684195271755
289,301.5324835797907
277,304.3932664321043
274,300.1933855360578
291,291.08080619402375
324,328.94568080729033
369,354.89552973874277
378,391.26564177192046
479,441.10142218669966
526,504.4904929198393
489,485.21380681445396
504,472.07406398145974
600,498.89134764487954
568,517.9431072372296
327,340.61089936519556
164,200.1988410067603
104,104.04281355183635
52,55.641820002879015
25,43.57626798193451
33,46.26499487118993
76,63.97420219326423
104,122.1276915297029
272,253.13267356146187
282,288.27315929759266
240,272.9612316997089
249,254.13810219273643
302,274.80781819391797
324,306.8795586547089
311,330.1600431773268
354,330.50379205695305
362,359.6912911245334
355,389.1200183234327
400,427.2334186776682
472,467.97063613814055
485,469.8453114582018
426,463.2851800349463
347,447.5679184708377
414,417.86571001245227
342,377.71148469649427
228,281.28021818347764
165,150.4726285408597
83,96.67787964447888
48,48.565900558020026
38,45.68733409123698
54,46.42894399231963
64,69.03101626226905
102,100.89510455099612
154,162.60150819351364
207,209.97195155409653
255,243.38489533823338
304,285.05375847623503
327,321.25230599910356
335,341.5184322274524
359,354.01794161057325
327,378.75391557107184
392,369.1540266146173
441,436.4659129021407
467,463.45914526070027
458,461.6330709928685
352,430.8830316249822
332,350.9758679297086
389,380.24741579516456
366,356.802648168082
246,280.9591160586055
172,180.75486652766898
91,95.77740662644787
41,51.487506102566776
40,38.883846529894925
42,49.22856948571448
55,68.83722354171162
121,84.34299474221704
140,144.412334049152
227,187.30627479057068
263,250.07621930131512
266,282.0451777170927
310,292.5152934053034
290,312.6707061658142
300,301.7029455301223
288,301.0280709414512
309,310.82169845469195
357,336.1366196646479
328,353.80616303904384
266,290.95858084674524
264,240.29606292118217
225,234.40425020777516
157,190.03279991294167
105,98.26139199721575
61,65.066554661239
36,28.456968578815708
13,19.043419851549427
12,16.08767358354476
32,38.00499588332234
59,67.8546797224267
95,110.31332507343188
278,235.17089778023623
256,311.81303204679824
237,251.59664625320352
265,244.43742509559428
245,276.5144552938458
268,271.0087444112823
296,291.0303702467257
295,320.8054158919947
305,325.15081240946785
360,343.52823153353125
398,436.1404713998963
399,447.6362718457148
305,361.57107477467395
330,338.40739458606197
283,349.39494089126106
253,224.2488272680789
135,151.0436611699892
74,74.20696562544079
32,37.24167056651325
25,14.558417861145301
15,16.772382309550043
26,30.77960019173276
78,63.614199378425155
113,119.71973315163626
264,273.45424766793474
299,319.1287449758157
263,278.009937887149
277,266.5112261084721
255,283.3767905287873
276,271.41092583670917
316,297.4095178218135
335,323.0934875320398
447,351.1858166125217
444,438.4283770053416
440,499.5700321836913
446,481.3114031182268
490,384.4821573405575
349,458.0546556139068
366,392.9380569929632
335,319.51239895648644
192,202.87944799922127
122,109.2116058730336
46,60.23673175913308
19,27.940646337406196
23,15.883777898081984
35,32.06555615690843
68,73.65240772811912
102,134.37299506439462
135,252.17080432573613
175,234.76919993859173
205,232.51345586849925
249,244.8199587365111
250,267.8108323044847
286,276.1355759348043
306,307.432952156213
287,323.58809098984693
264,320.803750330201
281,322.76860591862925
350,357.6945112440207
318,417.9028225275926
424,345.93274209406394
294,420.69056153407683
226,343.527221287532
240,249.30710629350028
188,186.33165617512637
144,148.6454897966419
93,82.33577049921539
38,46.0529783220753
26,33.103348970327936
32,38.50049010566919
39,60.939797763526656
65,81.44073431575805
69,43.11557512243199
100,81.38167304878608
114,115.27674040395308
170,129.7483261565094
191,184.08206007546562
208,218.8369663719082
172,237.63747461085293
183,177.1638098432521
251,193.73384785490538
252,256.5457975203645
260,243.55725496337033
259,262.42290911806003
253,219.01271075345602
334,206.33252816237442
264,305.6339249851256
252,220.23325100034597
142,190.04541464085904
91,125.08147250147593
24,78.71724037488556
19,39.90406172212604
13,32.949779881864195
15,40.4298812672057
34,57.82948671754853
48,90.6621883563519
78,166.46732030386843
99,122.65913258214466
145,139.29799143544432
144,177.1498378994061
222,171.51793827931994
228,251.3925186928231
281,242.30681586803047
257,291.101772055917
269,284.0111071690893
313,304.4898257920007
339,356.6589819819847
354,385.96666636436885
314,373.0183765295815
239,329.40653965264823
234,260.2348064716571
200,235.91995231156008
165,195.32996910282458
103,127.91936309327552
68,85.48934247524312
43,48.05359810104833
27,36.28979321238216
33,33.14733144652232
29,39.317358454714125
32,50.82104158481236
79,62.581860695197825
104,108.8716253446195
111,155.89920583965596
192,152.2228094669779
216,241.94953576847047
240,244.74003109738837
285,276.02196292342427
259,312.1065391054105
296,282.1962218730793
317,329.61303294249984
375,355.429558389955
397,410.1028816825564
344,394.64810527866086
287,337.73450275038687
246,284.33869898832853
234,248.60026028585315
203,201.90628103313665
149,149.367654550024
102,112.00227148537995
49,64.92432842557416
38,38.67898506853586
45,34.97638222329158
41,41.10453795597938
61,48.58426345962676
63,85.0075713813688
100,101.93437625412409
136,144.50667864249698
231,198.88408198088135
265,251.20077761129826
287,276.01422500320865
331,286.0356085870501
332,305.0942929005784
314,334.9566304082969
308,313.7836319103838
276,332.40109704054527
230,298.0760588467918
212,226.0670019792577
172,214.8634609061065
160,184.29781424095515
149,150.94797558262388
86,99.35954658336551
298,230.85434504045116
266,195.40258163300624
221,160.5726814816087
150,132.69138467751802
187,99.37316017441985
162,118.57019899128433
168,157.14140548901037
251,216.69389721173803
240,261.6086557796756
273,271.23707890704014
240,264.741284155334
244,261.0950887381985
254,248.4541228860463
289,251.14632441123675
250,285.1801490281835
280,267.65829389688514
273,276.7198799138862
264,286.6492309439815
302,285.52102571432357
350,333.8436174193261
336,344.24032504021045
308,315.57177835874006
296,314.7412175652357
368,311.22799454202567
323,297.43904781110194
361,237.6696211733164
99,221.19224378351421
99,102.44888532243837
128,113.03263894217945
99,113.1247809877616
143,132.91195978219613
170,177.5131093603847
166,187.71480072618274
218,211.11012170272636
208,224.84984809305982
215,214.75066101541907
191,216.57945003177926
226,210.45494080105829
203,234.97993256021903
204,223.99855156959464
206,216.63794002632295
224,214.80880181074286
219,231.5103540535919
229,221.35592681363724
212,228.90322866430503
220,221.1263405147559
190,220.27651609513265
185,192.50299838931636
138,139.5388013536877
54,78.12560967355223
49,48.55427512582351
46,49.39218334673681
65,65.63469264615303
102,107.8510694168422
202,175.89288220645724
295,290.62614561794805
277,320.2212309520359
239,259.05169356687196
190,212.32998141682552
221,205.281125860523
251,208.9723576855754
198,237.11558258877218
228,218.54206717087465
277,239.97655285781693
270,277.98604352043236
252,271.65554813067575
240,244.118552426143
285,235.15693390645387
228,234.70611425637128
151,201.59560163966447
154,167.21189876952522
172,155.57306996990192
136,113.55452525671457
90,72.2544826431982
51,53.35314304645726
43,42.11529318025309
69,65.08739180933408
100,95.06531334258872
193,192.65255316010428
252,311.7709698314609
282,326.8098846697957
265,256.38578825289403
229,228.89422031913443
218,217.7671900984858
216,219.27045017821695
228,219.79022356394134
269,238.20707385506324
262,273.8734103791449
272,278.4860543231449
242,278.8044859455641
272,242.49796466725815
282,273.34354831576525
210,247.14205552077516
185,182.6462763695137
151,170.3732383664435
193,167.8260221426496
146,122.01828623029296
85,77.4727427713588
74,53.916274499890456
47,56.948543432599294
76,61.361905648922615
105,109.93364570836592
207,193.3725656633976
326,305.7646225907016
314,340.22814700728594
269,277.4820412086668
218,233.63757971821286
224,227.16818740131907
212,225.57450617224623
234,229.8372241884649
251,261.9017199802061
250,262.62184865455623
323,287.3508469111913
259,304.28314756494495
260,273.6115900578725
300,273.80528149950334
207,260.92469317207684
154,202.01609533066568
213,170.09238885091568
221,190.5468486127879
132,146.9528829662223
86,81.10429557715212
57,57.220126768786926
53,53.400645643698766
75,66.48777029532383
100,111.88170187352554
193,200.44987034242504
306,326.3179654660762
322,361.3206163297578
254,284.26224899152317
227,240.42024152138194
244,228.5317646617562
250,248.07390681593486
245,255.20593579739253
280,272.26194378383843
295,279.20429033392173
316,300.5303710930211
301,307.8130780512856
278,283.91132505138535
307,285.33007282412257
214,261.3166178525905
207,205.4730501926686
218,217.00956399339648
245,209.23402084547394
163,155.08024397979298
90,100.26009592386009
64,67.19264182287331
52,56.50326486319476
89,73.96841179018446
173,116.4756091410423
260,205.36260773264792
332,330.86974005893876
336,367.62959238951464
263,293.7958941562452
248,245.76456444565147
259,258.1111898248179
252,255.3135099416974
245,261.7567684809805
273,275.59591374508005
294,272.92205515007157
303,301.77563934935154
266,318.7453724919251
271,297.4021801813648
337,313.4837244252772
272,314.3698099427391
259,280.8436275882304
321,281.0855652377853
331,308.47004110869767
243,259.15810471024474
145,181.02596881983678
103,107.63151334231037
80,83.42044442981877
79,88.11702608864371
101,107.48652665066047
128,152.16560615061726
202,213.58753311411
237,240.7026344562214
228,260.86466580049427
224,247.30037795187096
235,247.60218331335207
258,246.02987420733297
212,258.0785811720308
251,242.3291930365634
239,269.7219885959431
260,262.17425203461534
263,268.42011290955975
284,279.340092583705
306,321.12543379893015
295,311.6997056248181
262,296.5118685871142
252,300.32181179951215
286,290.34746325254537
227,250.98181641376834
172,180.81052861475183
124,123.3093855555362
98,97.03067650660043
97,100.85956595953726
99,101.48426780581474
137,129.1185432061247
167,169.38358655424827
168,183.78074878557928
196,205.84468737631698
198,212.33828249628706
206,211.34798168387292
183,207.43509715116218
182,201.65536421230533
236,206.41579136279785
233,231.96014244316464
198,228.15002032721267
233,212.9549461689653
247,232.58455457185204
230,233.22772916762375
235,218.73718878224588
228,227.04965672040353
202,215.90195787404653
183,190.3209128057361
109,131.73032261250003
72,64.10712825889145
55,51.10716766632683
55,49.10887229762081
64,65.33734510815216
103,106.28711780742982
189,182.954480195072
341,291.7852838777834
309,319.7068190173925
244,250.57425957058175
216,203.39770068453868
219,213.0946457253024
252,210.45549798578358
255,226.70466608182724
279,248.75439215798744
266,269.8266041971034
262,270.0447803020372
307,259.7476277948638
282,278.77996652600814
238,258.85345021838697
177,215.24936540810734
183,165.4153177189708
157,167.70790564179052
177,154.19212243202765
124,132.2094107356348
70,85.2231986332999
53,54.632170746066485
46,50.50935388698609
50,63.29945672598392
83,84.81936219165664
153,137.66833640791202
272,213.15830318333644
307,312.1283431973086
276,275.06342928084075
242,242.6940839768427
256,235.0560277217415
256,254.82768671503246
292,256.6226256960808
280,282.19395568932805
324,280.2392708498621
310,308.67257040859977
304,312.0500047767341
289,290.13853322110094
275,278.28413611304677
227,230.82002686347084
195,209.5207262908967
175,171.59860071549025
165,178.1018749605166
91,114.3041700538043
60,65.61032831152264
37,52.26924587688835
46,52.66064492958165
55,64.71202080682636
107,93.61610365828741
199,186.74630894385422
347,308.6622222492907
365,339.31009532985786
284,294.793551695214
236,234.30325922776055
243,238.69431667970852
199,237.02736128743948
211,230.71733881648794
265,249.22445753148148
267,274.1523883516381
300,299.06310063409876
275,295.98857726683553
258,274.8303370067187
316,273.2986758633113
216,262.2796584025043
183,200.30680992529022
192,188.88724361318026
158,180.21826731970444
99,115.46106561391241
65,71.55795055605734
39,48.38952075706399
48,50.57089762168942
60,63.37690447945556
118,108.69821527001454
212,199.3056230576466
357,334.33629407761345
333,368.89482679198613
281,291.49483226320405
240,242.4961052540417
252,237.52179432821094
238,247.75400939938956
257,245.3760416627414
280,280.9219617031434
292,282.39954207862655
305,292.70507983357703
285,294.6505052827941
272,278.1759684503172
294,285.7445498784022
254,253.53657032263538
209,222.6353646756524
220,210.80545992335266
166,203.21229673681384
115,130.94436469346758
74,79.47423755328037
54,59.540839004413655
67,56.69894459032377
69,75.24878774889099
107,128.38988672971135
201,197.39449727712713
338,315.85764885114196
349,357.4818920359757
304,290.2579678370035
268,252.3310958992283
256,263.0572236780304
275,254.43521022021667
253,268.17645596896267
321,277.02894611007355
290,308.06963655280475
308,301.5854357078664
308,312.6317644680297
365,309.3068516942858
359,370.79738804062913
326,328.3654030670553
283,294.4474115279102
288,301.3863659284923
288,293.5957897259001
252,236.44740021418
144,191.71605346428663
108,108.94918349392807
77,90.43325820668794
89,89.53864833864448
104,108.61110732100559
139,142.50317836758688
238,219.12217442514802
213,258.1169945875267
242,257.76519057960917
256,251.7057413630789
225,258.90415746544573
252,242.60192396481884
254,246.66258827989103
260,266.92324991268066
270,266.016811638157
282,279.7584095659115
265,284.9915392721946
304,289.6649023044668
383,322.75614849694625
371,345.00806464341105
324,332.34376972140944
361,336.1601740661506
449,343.03781081226845
332,309.32538325617566
180,233.2676537070792
154,121.83219156284791
104,106.88296699622066
89,101.70019942472298
106,101.95885842616077
133,137.4741093826418
177,168.11679341327743
174,180.1739381149398
228,211.40679405613002
214,228.582791404033
225,219.74972595131098
233,213.37753095291717
235,232.39946226285005
232,235.14603916643446
219,230.53176561152515
239,220.6503572682431
279,231.00398398502168
248,255.75078859973883
269,232.0067016478083
257,242.33789535598382
194,242.48778855275614
239,200.90769045246063
186,203.73377456188572
128,129.0629028760629
68,74.4445365573766
39,50.90902775194821
57,45.89191575276793
80,65.76780869678174
102,109.06203677006759
218,191.12843825389533
333,321.3527491087241
326,326.67564828440675
268,253.53126642966996
222,213.8176636022661
238,217.93970576435208
245,232.7199414864562
230,235.2185662815508
271,242.19167730888535
298,262.28160909811777
298,284.39572896933345
299,279.8779886141951
252,270.6492941529829
256,246.77758126664347
217,221.63000200979013
160,187.57732723983133
158,160.51747302919628
184,162.39918318356536
87,129.15515889420305
59,66.88719746432893
45,45.449093658145955
38,47.13401317358096
63,62.827543119212415
93,93.79642920648378
210,184.71993242201586
345,312.6768498923959
373,335.0059061146204
278,288.7522780209602
255,230.58178950080344
207,240.75369798337283
212,222.41712271039827
238,233.1073109204778
270,264.12340836203134
293,284.6399860268238
294,297.35570078427384
304,293.3730134346137
263,278.81473651446015
287,264.7610427223668
214,246.42721354588576
190,191.095549557558
168,173.46082979153684
165,171.0319678884428
119,108.65536042440269
67,68.23769593320931
64,45.10185851361072
48,50.615835963507465
70,65.74861676452703
113,100.90350808673271
204,199.93091876197556
309,342.5684780394947
400,350.70176690433414
276,300.9632831370732
254,239.52867080014596
238,232.45065386138714
229,223.93847132836484
227,232.1756861266042
299,257.42659954211985
296,289.5774493703472
330,304.12318682640876
287,321.96287236921387
260,273.84191443849
289,279.8436931118337
230,242.03731311378445
172,203.08326928021165
180,181.96883798315253
188,175.87910816957682
133,130.9269681092656
74,75.6125630797811
45,50.706829887606034
40,50.829742617729025
72,60.59597612752837
113,111.88187537193637
200,202.83805787808387
332,316.66136458353645
364,359.1620486650446
292,292.7568409774628
272,248.86541790293634
262,253.1352582013933
288,252.67951237756068
270,274.1242093742724
296,291.4020615197619
298,298.5195073428461
306,307.2571357957783
291,297.99171312256357
284,278.457087357588
297,287.43050671519774
254,266.2839809747897
236,221.62345096653195
226,215.45353294531367
211,208.05843494439614
129,145.4487669901169
84,82.40576104421582
64,60.05016732171247
66,57.94466352533549
69,75.99748802536146
125,122.35973375498824
220,207.79732953385144
344,322.69522022113625
402,358.5154125821487
327,313.90394795427363
303,268.3312072786341
279,284.21884590682583
254,275.9377663432392
281,262.08710580983603
267,297.37437558559327
302,279.74323801326534
286,311.047182711685
290,300.92042344467524
297,309.5316893185064
356,325.9952253634343
320,327.4891187850913
245,296.59162919070064
253,273.855875705702
297,279.7319631072281
223,240.25555365739132
160,159.66561842185436
125,112.70615757870624
100,95.66910745795046
110,90.14627591266633
88,116.99899474042414
142,139.90835214415395
213,223.84636051502466
264,245.28517757304252
269,274.75638378042277
227,268.93840442285375
250,243.03521471742448
242,258.05045438732105
233,252.99857304185386
271,255.7749093462369
298,275.11188192040294
263,292.0585607588116
297,271.3919972191627
344,295.92797518766787
359,349.09535488145065
334,340.1798406225305
250,312.21257252008706
305,274.70699921618404
431,325.00222103238076
306,322.5138437740404
190,206.10136114752638
124,132.87965203918202
108,96.96523142082171
108,101.76338041890462
115,99.1778483537837
133,137.30204038787076
178,171.1107649602045
182,187.32578562353024
203,217.44549716454046
202,214.3709264768132
218,216.91017725432388
232,215.63703372106693
234,225.09226146032387
210,231.90131844076197
236,218.33990847127902
229,227.80431648567927
250,232.65189423091454
239,247.79669226317742
255,229.66356734128013
245,239.03669082764924
217,229.26877638138677
223,218.36181357535665
212,192.81795926022818
134,131.9919782832331
67,71.52216350722213
58,46.999749978656745
49,51.87374373322054
78,68.67230267216536
133,105.6268942811734
180,208.9572088636002
321,306.20586049210164
350,322.0841682082431
267,261.7642656290228
220,209.88802439307443
229,220.77756462063655
235,233.63490067652646
225,232.1802291059457
290,243.4681094695687
288,277.0158252381133
290,279.2665442074163
289,280.01892999896694
242,264.5412432184095
259,237.33440268914947
208,224.8155758396628
176,175.83763624960858
183,161.71261636123714
172,172.73807658242444
120,116.11985011811603
71,70.50138337595241
64,49.82432370399973
54,44.48634885616958
71,63.64111194010107
104,94.29825893825556
167,190.05964837115684
395,295.335376656188
424,372.7796821588451
321,304.7611198115203
246,241.6301744710719
221,233.65863390258673
262,227.1262541800504
243,255.09292388779065
281,270.3412593291622
314,283.7528220727056
311,315.566126144737
238,312.2440562944765
290,253.92171643062028
321,275.38002002806763
293,255.34626794126123
249,231.35419568039518
260,204.02843416107055
194,203.2349909659106
117,123.51189835072832
66,70.64269607253011
68,54.556168920636544
64,52.76244607512079
86,70.12991237809354
118,111.49593012954492
178,193.95912002578757
333,340.60542873356127
339,379.8288332148742
305,292.9205210263304
287,247.8069768683908
271,255.3795955906907
267,252.20847368971724
261,253.34218261581125
310,279.40086949015574
320,306.8988664449455
285,326.7246167491496
278,277.29127489626455
340,271.46083753019076
390,316.32050388943935
315,315.62586264692067
247,264.0139164799639
271,225.07172999829734
232,217.74064989256865
181,175.98576509954663
120,111.06115326539928
109,80.91296756998014
91,72.57154882657865
75,84.42922637724546
97,107.66715497399684
168,135.0753316640101
171,242.99357881654933
137,228.85991334328054
136,169.45058330740883
168,170.99461195222244
211,202.58228630743375
244,241.86412561998958
276,269.0171881650962
313,295.1831319592733
375,326.4750207831141
393,359.6334479374973
479,350.3840701479269
510,413.0351290838856
540,441.79813042552405
499,428.83346915031575
471,384.583684760222
535,380.53124830472245
575,341.58585995440484
456,251.28038154980473
303,201.36094583285953
195,162.95041041312052
135,107.89937303260285
112,89.27163227387138
95,128.20962856073325
115,192.6667801505036
174,199.7253118019704
182,225.91181492226244
170,202.62777453555998
161,200.43827130469933
169,194.41225809803007
175,212.35218874997682
223,215.5156346302385
206,266.4593970874339
231,256.37452739559615
235,272.6281315897717
246,281.8010968396421
243,299.1819002094808
277,300.07506974194007
263,297.7841326635694
361,277.5536299057757
263,370.2986994538236
260,306.5100235266118
184,232.08557868552847
120,164.30623224112253
71,111.51024496650514
72,83.38196787923938
73,92.97306253326337
76,90.82084836205752
119,116.98508685865075
154,182.8078881951153
166,200.016731156171
187,204.87976600442434
160,209.6502737335477
193,193.76662160015314
177,218.77041601713861
206,204.51909959366358
213,231.49658941965313
201,237.96372022516616
248,235.94462387022259
238,267.21963325757343
277,267.54471810913185
284,305.8724719091273
303,293.24433767287076
260,298.3219644409664
301,286.3522349315269
330,310.17447374503814
225,268.99097753735936
185,169.7706100592052
160,112.64728825071295
115,100.75930906439751
110,91.83926505465915
99,100.49761805894387
135,128.42953935841302
162,161.51105332389866
151,172.11005998074126
162,191.22519783495386
211,185.59351978337193
210,215.28641375665396
213,206.3912713798081
245,215.64662201828537
250,231.7525239363902
242,231.15323895869307
254,232.59661809164453
231,244.3971789785174
212,234.66527335966893
222,223.60607196247426
231,228.0107120602878
200,218.88488852919235
175,206.68371577050513
163,176.32319070526566
462,374.80656498295343
582,361.4652880517872
496,402.6229538900945
366,304.9868182317224
316,166.3968435019109
264,133.95738760319068
139,147.48325122658815
118,140.27752990346355
153,157.10243809191786
227,212.0977288423166
390,269.20135147418995
506,420.5819391325331
616,510.25391297428325
638,582.0609320747922
628,612.4475338613851
658,622.2565935286257
647,638.043388116484
558,638.8303716058864
513,571.0357116326012
493,530.2668143057956
445,475.9952815553775
505,442.71562091846334
475,467.1514979981037
468,432.7291493108588
607,417.20440924629185
1108,546.6107909539218
408,681.4773211282676
346,336.5512311319978
225,204.39687284596022
155,145.9697453891832
116,98.8598015544578
101,101.35662920365725
125,124.76637538906529
150,170.48548671362218
223,222.99743189195138
250,282.3735567592295
255,306.0404387545535
252,301.6738528378977
263,283.56243873684326
284,340.4146384667125
270,355.09854352922616
335,358.43462305188467
316,351.32350344121295
277,296.9543241912309
262,259.48858997334565
245,272.7673346327364
176,231.40876834231653
130,163.55733928775945
88,91.38677703215542
37,57.33330620385766
35,51.09753800072436
45,44.73094468814741
51,51.080057096864095
71,66.77135354170699
152,125.23077355448861
249,233.97675736778282
291,321.4964787760465
244,237.34768335116615
192,221.05909099148982
228,229.08343679796016
240,233.23830611882588
244,272.44378830575744
274,275.1766987535834
382,323.7418367892168
396,415.37366405883154
545,540.0459533958881
500,578.3951045848571
487,468.3527666863123
449,496.8560327301289
723,481.2804099351266
468,492.71686332578605
259,249.55923953674238
174,155.58928470655636
49,89.31651761462899
45,34.64171712136268
39,27.603982467141066
56,39.090623542951924
79,67.46236554277186
144,143.6096316455188
247,250.67208273752482
335,335.2119330324905
258,289.9161281686754
216,233.6590037547131
291,246.06410172015634
289,300.8782092581281
322,320.94523001240213
379,343.1141361345352
427,436.1392250777083
467,498.5241961089484
620,660.6062190034486
659,642.5598152705857
570,618.151856038397
637,623.3193376721978
595,677.1061534246389
488,461.71821235935374
269,304.6424693292379
166,178.72050031307282
102,82.98002802726293
54,51.83266808766132
43,43.07237560542577
39,42.80590758943143
75,68.9824738357831
169,139.30844169250054
258,269.75730887435975
331,370.76038677887425
275,287.02632943273034
251,249.856793317146
269,295.380907973458
299,300.5583325434531
311,347.69028769944384
376,372.1463336224252
425,439.71047801166895
487,518.8554136752714
693,632.7257216001601
632,696.6657121678269
666,639.1435991844676
658,726.9508732348212
691,678.1720335962175
520,542.071432952484
304,338.12736677446816
212,209.60940984001314
108,137.89421331613605
89,83.35756617645733
55,77.15263490984923
61,54.36316713715167
74,67.05043093486456
126,156.3643363294323
274,238.45282333672483
326,358.85763169998256
315,296.3269767228209
264,274.03724709963865
303,302.9434008166993
329,321.40552253173405
390,377.65499584337
443,438.4361429780867
532,490.594186759894
632,594.0387297950987
804,708.688465521112
839,718.8798200875035
890,743.9433407480068
967,821.0628838301118
889,860.5180677222819
693,705.0385496251673
415,510.7846267318956
271,294.6718038445932
182,194.65031277057244
86,139.25545957383093
67,104.39803234969557
68,66.60282344786087
64,74.62386513346276
113,117.93217551840641
203,212.32847369571442
266,270.4362754821325
240,262.2405136135715
238,245.52680520720418
270,274.7008810377732
290,302.7612688660201
364,337.33800934785876
404,388.73720742095963
451,447.8524122955576
508,513.1267191749332
589,564.3310167949787
560,630.7352982598642
537,586.8349548820472
464,515.14281828575
484,460.70317914621705
444,480.1032430150363
427,423.51132045012986
323,373.79531616314915
262,259.6911335335219
237,193.32939024917206
265,234.32434093451013
83,200.26338773440222
48,113.78129060017343
70,80.81173974154562
84,112.24113472522751
130,141.22600143325616
189,198.81594829836067
246,243.98465187786553
336,314.70068743323696
351,358.83583546665574
373,394.4369093927408
396,415.0736755278865
447,427.36814136218896
446,479.3175857784984
562,498.61903826561655
499,550.0735052960506
436,491.0917008442141
396,421.549991865833
466,415.725846734784
678,444.00719005461457
445,539.5647190121621
284,353.7327223120718
265,292.32924131344186
224,231.72177720849845
201,275.87901310317926
101,155.54029773975
53,92.0536244355307
69,70.50186458978627
60,81.19928059532192
102,105.95363998339428
157,158.09589362649075
196,218.5474766831249
324,255.02789442806943
311,340.30655271326503
359,322.0317609294451
628,365.124663443995
647,547.2495139289745
714,551.9855069748813
677,616.5207748735365
383,535.1562726847685
306,330.00519598525847
250,271.1047935072504
240,254.80475193453597
183,210.43490120393938
144,140.61979662992394
98,87.93465399996623
51,56.037676294234224
24,39.143952794775274
25,34.921990984603624
41,43.08011969958378
56,65.09293198687344
133,128.61230533971295
218,228.5613169701239
311,298.19869165724384
255,248.836026687081
206,205.78601687199992
325,234.52427736706346
458,328.03621552672405
493,479.01023249872253
528,529.5046990953443
584,613.5020484138319
614,647.5733675425303
836,721.7472338029445
636,762.4668820138947
489,595.6587733254293
593,520.437237165051
583,597.8490258962657
402,402.8720319003396
334,241.62880099540098
192,227.53317340696944
69,108.52731961073897
55,51.091719678596114
38,34.4381438294579
44,41.263272574559
49,59.26619494126107
117,101.7853642879904
221,160.01387318268678
366,277.8715685526006
299,307.30354851178936
232,259.55892069317105
301,268.7573537248447
328,344.051515133049
340,385.0787576966983
371,407.8417037549566
437,457.3419551010701
506,506.61314767182523
685,620.2943501323377
722,661.1070966947734
621,628.7620834196266
649,625.5987646353484
751,600.5310346367128
570,549.7538552112281
277,367.6800746163169
174,180.717416514121
81,101.94870176343278
43,53.48751491309814
34,44.39312616685035
35,37.78274103581847
63,64.99644945219138
144,137.03883845431733
258,241.84829407751167
405,360.6219799218747
307,326.3515203340959
273,261.55762233893415
289,306.0584014116408
270,321.55887615977457
330,335.9976125075751
422,375.4625808994061
456,472.0120780453312
510,549.4622082724168
815,661.5303269392888
766,756.6365618688703
735,704.9964037835974
789,706.5101020108752
867,746.478191341204
642,633.4118432684072
321,413.90989942341923
203,208.38766511679083
111,131.83639271290406
79,77.27773631531758
70,63.16289579385516
45,56.969396211646064
64,68.1954399183114
138,143.45490008178163
286,249.6770902387607
364,379.0647638460246
298,345.6535261774966
293,278.3022969169144
337,317.7376092557188
376,350.31754852475075
403,406.1331068821585
434,457.67008034012093
520,483.0800887434255
567,587.8305704307122
842,659.4972406599466
797,781.8985347780987
714,762.2177084921697
755,798.0783071360979
885,793.0304885217479
688,697.2592524028987
484,507.5835122050627
318,346.9945166622949
181,221.05816290333868
156,103.99450623424022
119,119.23406115078355
66,75.5882217649903
72,72.36605632838143
127,113.40706728541154
235,214.45153057040287
278,288.17642205560696
238,262.9087426898957
238,246.88485628306213
329,285.30775390830877
340,345.0413043799021
333,379.84586027826305
421,376.8894289368888
472,476.3803197006082
430,518.1918969553252
606,530.4361013053876
623,636.6371526308551
565,634.3957209091703
506,540.8581976502302
553,501.7427217500317
497,528.8668798423137
482,445.87885247763876
284,393.0738758043902
255,243.64303073075493
209,206.24032127700968
196,238.86409322568926
104,146.0152152843025
54,107.22247426596833
64,84.1456012818117
101,104.00858495799078
134,144.2794908798949
183,198.7362946575158
275,239.06955963054315
306,340.90623294096144
364,342.7078611227173
352,402.6097077691158
342,409.4695424857226
424,398.00709926390954
462,471.52642312789754
511,532.13329546224
480,516.7647176149543
500,476.2769430020993
439,463.89636304123906
459,450.3574604419537
481,450.50364271595726
388,446.1339335462565
302,372.0557440946275
287,296.40067676672066
244,258.1415819133804
220,251.5382483458878
120,174.4979517165789
43,92.0837976295366
63,67.22715683955036
76,73.18775866941456
107,113.29281983706983
157,154.58116936614812
240,216.85364296078504
292,285.2213320873521
365,319.93456886718076
331,376.18836369540156
321,318.98332518177307
342,326.8187551979513
382,342.6849393310782
409,403.79218433563443
359,397.81006901384654
303,321.8728857189306
264,270.40389675652256
263,252.9379393019151
207,224.65563787760763
303,156.22458804967596
250,164.9321338389707
141,112.09094739439414
55,82.7270583057558
45,36.71609234035789
47,52.23071930067907
77,64.74489041506136
144,138.70911710246563
267,233.7898320014213
337,321.6093890078493
257,263.4421263151685
222,220.97745737397975
256,244.40790883731557
283,292.003661841508
278,312.4273854241712
302,302.9564714270897
338,363.6938711754793
433,415.40992602387263
659,601.4244935263463
560,624.0780752444136
471,523.2104658991884
613,525.3081134454717
656,617.1142618292093
449,452.6246133824046
269,300.5462521207417
180,183.07405703679333
69,99.54391385575519
35,48.338284581304094
29,34.2939328177863
29,44.73396665353201
71,61.83544891856997
133,135.6374748701729
274,240.7979518205948
373,366.20037042221236
294,304.5608378230955
250,242.45938576639648
258,276.5308061452202
296,293.80004757874264
322,329.88424695303735
349,345.2860331611011
451,409.45632853594856
570,519.706986468476
720,723.5385475525214
699,688.8996974174129
638,654.350695029606
794,681.7331009416141
733,732.0344812467015
609,541.4432330528016
376,344.4784224719478
228,212.1140469590379
105,121.26993415112963
62,55.85125087227062
43,43.99736069410769
44,41.81187761470483
60,68.5893644842469
143,142.8896873633824
320,262.0516502249839
468,377.6818039352243
365,379.06143898332925
269,294.5962506569956
316,288.0538821270208
301,328.80217933012136
359,338.2423309403923
392,390.297180609299
452,447.4085518361476
551,543.326116370282
736,739.1014102354941
627,743.5623029458345
606,655.031273738755
775,693.8678095715455
795,747.124942129531
555,645.2671135104478
385,380.25203104073034
247,238.2268127801654
147,144.41553214093162
102,99.12707282653963
68,70.04156834422433
54,61.19633939951825
77,68.85546103679698
122,142.18471002361736
269,261.91200121699626
372,376.2246227348113
313,344.3553164275837
260,279.2045432860121
309,308.4168102268795
335,337.2641078661873
392,376.711683717358
447,428.2353897515511
520,495.1010368257582
517,603.1636746422726
638,657.9973498255584
645,718.8340344102329
662,706.4564501933465
753,773.4840123496227
851,791.0535478664701
630,655.5188984504706
461,465.4080197256491
289,326.0708660551369
163,213.59227028418883
87,127.78306845557341
63,86.95212873205011
63,66.33450007230772
120,74.76295491827179
137,132.87504385085256
223,223.18274409425703
290,283.0557558868981
235,263.2692515510499
246,245.44528762029196
238,288.169834765489
299,287.9473204893323
336,352.2056479335951
357,389.448220545917
372,425.2376786094318
446,436.1066196522156
499,554.0082066238394
532,568.8344357352024
539,546.2341527864435
497,511.65643359482397
607,501.69456097434545
465,547.8205359008167
402,425.78741622430954
286,320.85419454150815
234,250.47559724574742
231,202.59446570701982
148,226.42724244631512
100,106.38237788747402
66,90.1823934246134
76,90.0422034537247
125,105.20401539840972
180,154.14526740765604
211,216.13693623002018
280,252.51026423303495
309,313.1369361119488
318,329.16181428317213
315,346.4262327556825
335,353.1593032659164
379,361.3945105543503
365,413.72235067798516
389,443.39600898900574
434,451.056117231079
418,450.08022139005186
412,418.1794077636255
414,443.24279852058714
393,435.3130796620146
387,370.7482926048404
333,311.92038590424386
257,287.0380148248739
220,231.30935344956004
169,204.4919312503338
99,131.16189062559727
56,72.2143956708185
48,79.14750682157043
92,76.04667171439222
100,122.61244140878627
138,151.25537032636242
208,210.04542264930342
281,271.4704333352237
300,296.8179039918982
304,316.5582316873855
292,297.736938028685
319,268.46781741399076
300,312.200129899382
344,293.3902719501818
282,345.3482814034502
272,267.5779435806761
284,252.42856522787793
228,261.9792770024955
132,196.3371110899288
144,112.24849210341102
82,95.24717065970833
32,54.51173549267647
37,32.86926266653884
28,39.66277778826326
41,47.53386663428105
55,66.61808742799978
128,129.52879831446617
195,228.37062349489327
232,294.32577145446254
204,240.62456159921936
191,198.4001846341467
205,225.1700422328915
203,239.3343904661136
239,248.27209303509028
255,288.95400958855686
252,316.29164327027706
312,314.77772804671923
434,449.7331595326863
438,478.4557049136348
340,427.1484421084386
302,433.1579848987251
315,388.2536049224388
288,295.38889630464547
172,216.58784237253968
130,123.4902548408928
43,67.3079376288704
39,40.79599995333278
22,33.28469091764663
42,39.46228232359072
66,63.613932065026965
109,134.32811054300458
204,211.60984564025537
239,294.93662503430244
226,250.55070450852972
190,213.43244188778056
220,232.4907551622845
216,249.42527092863855
263,271.0257724349163
278,301.8319858591011
369,333.4749904480731
425,431.68071442079486
373,582.2324303555998
394,461.94750486178384
373,443.3014604466609
416,482.7062216196237
442,499.5522249126062
355,406.9146862301471
205,237.68548070895966
135,139.07869237635708
68,83.97886879835923
39,47.106321431660156
45,38.92427105520755
52,43.04086463413377
85,64.6897192087448
97,146.2231737025427
155,196.28514725615298
176,239.60398323432568
184,221.00252569553612
197,213.99929360211388
221,237.65558443289004
227,245.46322448723146
235,280.22586273698664
262,280.2817380334135
285,329.9543508758756
270,356.4617712150317
300,377.8468671438253
317,363.39428554815527
401,357.9057833642953
236,476.52795185157237
201,308.24444933819495
218,203.69481912480015
149,191.92978992409465
172,111.37820881288728
144,127.96903527233835
125,98.53996013387051
134,83.00182502047016
88,82.43331122434563
50,78.70431202829162
82,82.94799582226412
96,91.95145378351789
82,102.13199136312106
84,81.00177199243193
125,76.72781394942488
160,136.48326197293875
142,173.67640354136802
158,145.18531964846198
147,149.23000037184497
225,176.214749032512
277,252.73468311240333
269,309.4448704213333
263,285.4290042972314
219,232.84766122249326
203,177.52697899290143
188,134.54600839394374
210,141.76371061234553
154,130.5176749693772
103,126.82226580817235
59,102.15744148793027
47,67.76763386785639
43,75.34514232473713
26,65.61709385548271
30,75.05359956901235
45,101.45362832701085
87,139.46188453659067
88,137.64655743641967
101,123.47723808481624
139,127.1143258068294
201,175.5008378914231
228,232.82692077694333
261,268.0072343568314
251,288.7437002267002
315,292.1276371586449
352,362.8746793967236
408,430.5012961610381
382,449.82273041252006
321,399.6683159936673
258,337.45753515751943
336,282.8715855370655
230,343.7464238040928
191,235.51086087037945
132,145.63101154182962
138,130.75535447641826
119,139.75511219027382
144,133.7900201996074
49,101.50028107851605
35,48.82176412047306
35,54.784397028366016
46,71.04391563897404
90,85.70880760105895
113,134.54114580489968
163,147.99911492201414
233,216.15207011674747
305,272.1897839304365
299,333.0527958759972
265,330.91461032040087
352,317.53273835040125
394,395.14303274857576
399,456.3782025831617
340,424.19470689669237
358,351.8518203796338
284,362.3449979231873
349,315.10661011605936
277,339.0409027316182
260,272.422862836784
244,227.75994136828967
183,235.18054346545054
138,182.53274449746903
129,167.01766461584637
83,93.96581471351759
37,49.00177907427061
44,49.59921386965024
46,58.913843987084796
86,82.60986462144167
121,125.30179576484198
185,167.6685104051009
276,238.67102634515086
330,302.4068887215895
404,337.6065672310851
436,398.3549281887484
393,441.45126616563704
420,407.56271138422517
488,428.44192446185383
289,439.76751887686385
320,267.90593711513924
209,280.2298958702989
214,218.88604460413092
158,185.2194321661912
120,130.9467301800428
532,536.9165862558833
707,548.7914011498083
846,555.1347330125554
667,473.15080963780173
346,234.84763945419843
127,132.64114898081834
96,91.75007573223346
94,106.64220669123077
138,126.79103140633471
145,174.1210741267383
203,192.35048644365054
237,230.68557799956506
293,256.307405207069
344,309.1241432859313
327,365.6081717286649
427,343.044440154791
468,433.17798861675163
582,494.40752977492207
694,604.9032776227909
792,682.7850018839305
768,760.043079157686
828,751.6234811064699
835,812.6390414041589
830,809.045086971356
966,689.1206529439943
1481,786.0847484540458
448,841.8709691275462
308,376.89640962096524
184,189.22932489486416
129,108.54242081196439
93,87.84105752100201
99,89.25859715999752
125,112.17947495450434
185,151.7513404482732
217,196.76254895637786
205,225.45338182991154
187,232.46583166270904
233,228.83755131409407
254,249.5420802588498
227,267.6470304054804
338,256.3443110593988
350,345.2372993822398
419,362.81054213236354
464,401.4500689439154
406,443.70485925031835
419,395.6331260498236
386,382.8439485623204
271,297.9186067807384
145,168.0778118668933
108,90.64619839068187
78,71.37300220877403
50,51.68047926043869
69,57.252457685589505
116,86.65991625935085
151,129.19796319606056
178,166.8998524790833
192,210.7002415931853
176,193.62301703740792
167,148.96055164489906
133,151.53596902119534
175,145.16229471319227
173,171.56154959525674
175,169.9672871449509
232,169.0102998977631
171,211.62951845286156
208,195.87757811719842
258,263.12509943419997
294,284.0059148650021
298,321.2805716868174
400,347.20511028905037
261,358.66860830105423
183,201.24127158759532
123,119.82918736343801
91,77.11560475700425
55,62.2823132239658
30,35.182663390954296
53,53.042620474160074
72,78.99549787666734
166,144.3439957074459
186,192.63191109003787
238,220.94840355010376
186,207.25109569124965
126,155.70930394771918
129,128.30664106633003
128,133.7038221533321
159,147.97862809709238
164,158.37943809359666
183,170.2759777773269
155,176.08723016230843
185,192.53216432234248
268,252.57780142578125
339,317.8608478512155
440,410.47570606567587
416,467.3259799531299
429,394.2892017725118
293,313.45956135411086
190,196.04955734104
128,120.73164733183111
79,74.26374563171481
50,53.77480952268429
69,53.24986948290592
89,79.8752884452726
148,137.86324667029635
184,188.04449718844688
209,236.31599232776685
194,203.42712266332808
155,150.55622508770136
138,134.64485058010916
136,138.76089357244769
154,150.7436684412494
165,167.1676615982571
145,181.116723378988
188,160.1159994143591
202,218.58044749177623
315,278.94284746602307
360,370.54606461358037
448,445.11671777444093
450,514.3358255365432
441,465.1316770948087
349,366.73414850780233
252,259.8692955981386
145,168.58157038909349
76,89.9872908281223
64,59.22675798503334
69,66.55897027599289
86,88.75476104217049
150,159.8822189253277
158,170.56685453518548
216,208.09404881333336
229,214.34791771233427
165,183.42296655738
134,154.0924980178746
157,141.73309655135495
173,163.8868176457222
178,174.80984430480896
186,179.03931304700103
215,195.23467645178263
231,239.43322104764968
343,295.12140373909295
430,392.8770803523492
521,478.82721570374827
600,567.3453898542671
671,606.3185064684113
548,572.596536230219
365,420.9410526332299
294,306.73849978218544
176,204.18770439440638
139,135.15425807038488
91,94.29437014153478
99,93.89209225411233
140,128.86744619881884
152,159.53721090225145
171,183.44835782067008
165,184.5987401566387
161,170.42231633760494
152,157.34167925146716
152,163.297534328876
191,178.92389183343644
214,203.09298321031417
212,208.32307400583966
222,222.79667886710524
275,255.81988295561078
461,347.93059345661504
481,517.9441458886247
450,540.076490051039
551,568.3201268116977
733,650.9894440324991
842,788.973661134132
756,714.8852764263545
679,690.7645413058498
516,598.608957187817
354,333.7306366391749
121,183.17715287698044
57,92.73323558944067
75,84.63566008576994
94,98.72786650691494
130,130.6175117160472
178,170.53397951790149
185,201.951993564906
224,206.72168339753813
256,248.11037628350797
275,281.6034570929156
289,295.1870361339231
342,322.78682964610795
427,386.1528641908378
473,471.4963596681344
516,536.9617597970062
585,607.7663211781274
607,657.8947408347389
676,685.2810947563967
858,769.1899812458437
816,879.1490407193575
655,730.8757734917356
654,634.9729394074303
543,476.844370429927
402,360.8208408708413
173,206.04512491911464
87,96.40654212660523
64,78.20731171253813
94,85.55040285274714
109,115.69364216752923
144,160.32768430129153
183,184.76950604097084
240,204.73767181906854
289,238.3390097834645
264,284.4227480568739
450,263.7891565002169
394,397.3875329909214
352,376.5032266647009
302,353.88481629141
320,330.5910897035701
318,343.12561866785444
292,341.8961592074801
341,322.2554232793542
305,318.4331459275463
211,244.9922059767888
153,148.08387765705757
131,95.80236556299941
77,78.06286232742717
51,44.64819163242038
75,64.19270603538743
105,97.84378063767055
136,140.7670744303981
176,169.65273898286753
201,202.84671476742216
177,179.99123041928533
143,145.75263339036388
137,127.69245588576531
212,146.0964169088523
193,195.20154733741288
156,183.11797741030026
176,172.06852088586163
192,176.01423763156737
253,209.1510567384799
295,286.0572917226974
303,308.50866966237396
383,320.618822023474
415,399.347706801807
322,349.74430957776974
287,221.8759915792098
175,211.05220650211663
110,117.36437776843292
73,75.74476387453696
62,44.95278734290827
64,60.7823521623964
81,74.15188613101628
109,113.56106663255376
170,141.81006512760206
222,205.60894641262018
240,215.97161620046194
177,196.25638056773684
154,160.2445235967026
155,157.11001678608525
166,163.20346418251128
166,167.9677005990751
186,175.13015090170117
196,187.77725944506952
224,217.32898275369402
320,269.98270378692456
334,361.1009784246497
441,396.5624312354846
512,455.46138650267505
424,435.3781259952818
303,340.4503881329524
179,204.9239377732074
109,115.69875185477144
82,70.58413488761661
51,54.72481606098631
44,58.07751069638631
87,77.1718457186383
134,134.28176136428326
208,187.1891850448756
236,235.8229005128638
196,225.2309698820055
178,164.63570434211783
114,153.68243571970925
130,136.29453624015298
144,148.94805768238268
148,163.12715304409224
179,167.1857724398881
176,182.00368018176795
225,217.3414619857828
266,311.6015328732894
365,342.3429496897846
429,447.6092158219681
484,527.0238109273381
450,478.2950086534626
418,370.2475086751145
259,272.18941220931765
160,170.97241360638031
107,97.20142788128659
53,69.34590048723922
79,61.84351518083779
97,89.0420906168591
157,160.49489359603731
212,184.7609018195217
234,237.9997186543934
215,228.1037807416398
163,184.53099373245493
177,152.11433504901137
196,160.56471272551195
158,183.0181697025177
176,169.99262666737414
165,189.37595339336266
161,182.81943565824525
246,212.81816666250776
310,304.5502637756126
388,377.2935230106272
517,457.7777719414207
567,564.8529504196741
627,581.8003155004313
494,562.1872462648563
401,398.658644582609
335,313.37149884626905
186,216.41688133508254
135,139.15333489779596
104,96.2158962013271
92,102.4415606680394
129,130.46295468028393
159,161.92527157074528
209,186.34755609298364
192,197.10011674673325
144,175.15311768133776
159,159.99838139095192
186,173.1887384114705
188,184.06789813939716
207,194.51745005187874
174,200.81982947466085
219,192.0177949303442
254,259.20031979588725
419,331.7015690179571
506,497.73790151289137
573,550.5534636025617
668,619.6591869098103
833,752.0365418715535
810,835.2146658034976
736,707.3004801819104
747,670.6692834858134
556,646.7303390227584
391,452.0620154905378
171,220.55972985934602
72,96.11538399206273
75,84.08356393726535
73,97.24287928855009
112,117.21788345142231
165,168.39098234557338
235,188.2136513788269
227,251.2370072795332
305,252.96362483193514
304,319.4714299972728
338,318.26480710143437
393,361.87990471977463
439,435.07905584452806
525,518.8202364191067
575,615.2368648154625
757,657.1069273506072
773,717.0923896036436
700,784.7489427611227
913,793.0831356465147
856,881.7770138710275
665,862.0352495702213
590,704.2360491045243
488,483.85593211855894
353,369.8264942154465
135,192.12638404443643
73,92.75466585992753
80,75.80746217906676
74,88.7542192430831
97,107.80564418607067
151,149.0480634695188
205,195.2606749353244
235,221.3182178853884
268,248.7830884635611
286,265.5125988766328
326,302.98053167801237
310,330.63847982706454
339,332.3429446447543
368,347.3370700241232
344,380.82644417046345
347,351.5139185646232
391,359.3528488401676
397,395.7928802872089
335,357.38448462884094
211,247.49374437036494
160,148.0242812058835
94,96.97879061070407
75,64.7578863779136
36,52.938625627730794
70,67.82350411404606
107,98.28560135578664
148,146.51066377874074
193,178.74047588600715
219,205.48842656603327
200,190.36429148367498
129,159.00195319663914
132,129.81994182663462
154,154.2873155888551
164,163.66499931211166
162,166.79206257682077
176,178.30447094769326
194,179.8864323769512
228,225.77282783973578
224,276.1397807184123
246,263.45113635611074
320,295.6587361158745
341,383.95849786236414
339,324.21572396732444
221,247.59722613257597
150,149.516242199655
88,94.38172097076016
68,59.203961810649275
40,41.00737242803798
58,56.91380005150006
91,82.6830834231679
127,142.38136910633682
179,183.8816305713038
215,226.3050348859082
195,205.90277905982722
148,151.24630024717518
127,137.42119757250055
129,138.83455485048006
128,153.53886601014082
149,153.55915947712606
200,169.96189395160437
177,191.6089488269311
199,210.2502146097352
274,263.94109945651985
326,326.0404131806576
440,404.45978896614474
431,468.0817667323322
375,417.28525974573967
320,290.6686264985126
225,199.33970706206117
127,128.457612837942
75,76.31012933834728
41,51.99338670538088
68,56.660686009605584
85,85.04397959275148
168,137.00652142575285
199,211.78159186376155
241,232.59389694257666
247,210.7513492814108
178,184.04206948653143
132,145.45975690648336
153,132.3460073166772
152,147.03772340856585
163,157.44006642096227
159,177.47318162538937
139,173.2839842484229
204,195.29246596722567
351,288.271751602416
391,386.032449625915
483,464.02694554929604
572,516.5697430346872
467,495.9340349645433
379,391.12832534982203
228,271.3345237938681
163,154.71330494644084
90,97.40481354549371
55,62.91271548534637
64,70.26098983294662
83,89.85209609087903
143,161.04523676560993
206,185.89787440310636
231,246.34366900204662
192,241.66902646551745
178,178.62455685320455
148,165.91088462259987
153,163.5096503177724
159,162.78111677601368
172,170.98920199576628
197,184.18660621806606
181,182.97192024126042
206,219.5851199314565
301,295.45158065925347
379,375.95982819947574
484,456.1100947226923
555,558.2011101571964
596,587.0397573001515
459,542.3166011679061
390,367.96346646095304
314,315.616614204947
217,207.50294988199917
112,147.86367809583595
83,94.91318828024086
106,95.81442764157497
151,136.9096805839571
161,171.66800695964736
199,192.14200302854078
199,192.47696635828774
174,175.3626614296598
187,164.77974143600233
154,180.0046537919859
186,172.20118544068202
182,197.82695256511303
195,193.03581592674354
224,208.02005100713762
270,261.015031609714
381,375.7732686934968
471,467.963581672147
486,519.8504837513909
504,582.6385251803529
725,635.526703729838
782,744.8539356130807
711,702.9167815602237
650,681.8002796447851
478,554.673843844351
339,370.2367611626045
189,167.96102994663406
120,101.8661670793014
115,94.54467012096619
137,106.40474406646926
141,144.91843369273371
198,176.93387275090666
220,214.83138897326774
220,238.63318508969758
296,246.1005865504343
260,309.21857202334195
289,289.2879136538671
317,329.427799067717
346,375.397376474396
426,435.95603994905395
509,527.4910573811165
579,610.9353998222
575,675.7601010965726
675,658.4085032529957
785,780.2020216394905
758,806.2652148182889
650,728.5417636942497
659,559.1071510557186
534,455.78808043309624
342,353.8654575338766
167,187.67022726969387
113,102.05392755339582
89,88.0006929070261
112,98.87273662063423
119,125.4044157418888
173,162.30120524361422
176,208.77599689726463
215,207.2335201691411
271,245.76141214240266
294,271.28610706242847
256,296.2383521660434
245,276.81959276059564
293,289.4145681497288
261,329.8072961863175
282,300.4363843560938
299,310.33170790738546
321,329.3440746781189
325,346.2272979276304
273,309.55113550913927
208,216.55523863485305
147,144.13853597186983
107,90.9495864931685
49,70.83863117927275
48,42.349046121752295
80,69.109088006114
88,105.76675042215886
128,145.7544996512131
157,185.02937037388136
201,200.31132727015398
170,188.00680135836942
133,147.226938102062
113,132.64058153709146
115,144.75261881613892
139,148.55670101137912
159,153.91708526556914
186,174.2474337282799
190,192.15273925579055
200,229.26413881635776
235,251.40870757210286
250,266.95190079387027
266,305.963017219027
322,335.25574958992274
273,299.01145629009807
208,213.32322256111652
149,144.06874864035854
102,93.07262645195748
73,60.894284697843176
61,46.55483965864771
92,61.26068591633478
95,87.32834664013099
160,137.86503097989817
168,189.88168254094143
219,217.61945674920918
175,204.10363249436472
140,147.81116383142088
127,126.72094712093465
160,125.22273703727726
169,155.0732857121587
201,166.9508985879726
216,195.96328630052184
173,205.0835030842776
175,204.23157829219073
236,245.89181565081248
289,294.84343680714335
369,363.99420955539733
422,426.67161075180945
434,395.178773224059
292,312.14422632343405
211,201.63874272498117
139,128.18721417007086
74,82.57117452518497
62,53.08922344411166
94,67.1422376084102
106,93.72812468243436
148,159.33232349974776
128,194.50022699348673
146,207.89591339615174
158,180.02963975762088
141,156.19163070196078
148,129.91126856802282
160,150.22997478087547
153,161.89775237176923
176,166.59384542536645
171,180.4523422404391
173,177.27461999008003
169,207.01671348791018
197,233.41943545526877
406,265.0023459146535
302,461.8424689834712
362,401.9550274781509
327,415.38031358478764
334,313.1406252821808
267,305.79250446237387
234,200.3929538059678
157,162.20503814685802
93,93.51055559542844
79,82.30919462936403
65,91.80645375119943
69,98.70086601168191
39,75.55881383559932
51,61.154870093247965
69,66.75298475986841
81,71.14583585373445
93,93.45272091132608
120,104.40512356223991
125,133.86263320419442
125,145.21830180781006
165,137.927152669592
161,178.72786528549378
147,190.95423346611597
166,146.90078457218118
203,203.85002856057972
219,197.4398019070098
242,231.94011471597497
227,230.0198171730519
170,203.7607091408898
144,159.02691991058538
95,147.27345493384738
58,90.04803762365411
59,85.5761042477812
42,85.18055023841902
17,83.91501335355102
27,113.98988055618797
23,107.08594187470159
46,118.86694268610013
51,94.53771117642322
81,87.3329359421286
87,111.2939639719819
131,121.3789826695513
169,158.98833127822732
152,176.61878014549265
214,172.8541095378344
213,218.97325500519204
200,246.8894551405145
241,266.58791751524683
262,317.45331184619045
324,317.9994350784495
362,422.3651658403215
407,495.6180306245944
387,451.1411433221046
325,338.3114138715527
315,262.89149690361955
234,283.6602920821625
142,261.8459464382429
59,127.00923032997518
29,53.24733765885179
25,55.307623807371385
33,53.877527629925524
40,65.49689253213087
67,79.4156339630141
96,62.163814657110265
115,101.13335312738742
150,130.43814722784876
174,181.9748451185324
157,204.16859615495494
207,193.63708289980013
228,252.69340530954628
251,282.68033716155196
296,314.6229530165132
345,382.53921455558304
326,415.76048528241597
419,401.67000083513244
524,518.6299621830377
506,576.4870658647513
472,459.5739993282827
396,402.4693457297835
329,313.1065728712144
210,271.32721238664726
116,125.69957335613728
52,78.87176946872596
48,58.23690673107491
30,60.494786236912695
54,54.351223266928606
75,76.51582994403941
130,99.33679887740854
183,150.53906199007463
196,203.99399647685647
225,223.13931719371973
240,219.6994482306264
200,239.949487992266
201,231.1137648090429
216,237.3834841997153
208,261.1664524118602
252,254.763407832582
271,288.79287468547847
260,313.6519462581894
209,263.21746079255496
172,187.29844201107142
1119,1021.2531517752966
1132,948.4514421103329
1044,779.415452890543
817,566.988414451679
484,283.36282427575424
167,158.97521782592827
131,121.19214525784655
145,132.57036442565095
186,175.35271408392862
218,224.85561720493118
307,270.4647582399274
314,349.8311158500532
324,358.2189074889986
419,380.28963779211426
406,461.8242262363192
483,471.17028468374934
504,562.9770356948322
557,582.1120595190597
755,692.9890616082726
765,764.8295764072394
701,743.6654105446307
791,762.4514499189925
821,938.0279259568618
935,933.1202976967633
997,1038.7723525807587
1850,997.0209456791135
575,1025.172263766971
356,492.90311063156184
221,263.40847802268723
146,126.81837187702013
143,123.8059466350717
75,125.82337238587131
85,128.14045275581907
112,144.83638710368072
178,187.91039376959813
217,255.47041345000866
254,287.0344438575351
283,312.75005764483967
252,344.37699932959003
278,305.2808969323385
281,331.96786263174346
366,319.7445052226433
461,415.5132045688648
495,483.61742498616593
505,469.3629288849832
468,486.7844812379712
401,461.35202846342656
264,311.0009025557287
162,186.04896607587426
104,96.98137726832621
62,61.33364352386411
49,47.130948505586545
88,60.561447629630344
122,100.64795268233206
157,149.18813054880022
178,170.92295246550484
218,225.62778353606757
176,188.61517493023666
165,168.79784227267837
192,172.65434334191315
213,190.49020209101155
193,210.03971987605254
213,201.6679263357751
223,220.67088107260923
221,241.74272523595621
311,265.57470597962856
317,344.8372511856438
376,316.71805624682605
295,349.9910562068101
336,306.49226191891205
325,322.1380125692345
215,232.58350570088362
131,132.65328117662233
70,72.3194505690541
29,35.658324216122566
24,23.46132634526407
47,49.98534599512434
100,78.64287383411046
137,141.53648648469695
181,163.1007627740231
178,212.55936827507065
181,180.68008787636444
158,168.27782996795526
159,163.23709727359937
168,163.2835735750678
193,190.6450279105221
187,212.98649867611485
173,201.1625308228908
249,204.424239467198
304,298.8553288470077
321,355.0254399066219
344,341.417334076063
331,358.9351958916043
385,357.95353908058104
372,382.73066165008885
256,277.9522546664321
174,157.98272983031293
116,101.67855286625792
74,63.98890801056779
45,41.32139932017459
63,47.2769505163826
94,85.7357045242341
142,130.74669773623592
186,172.01794638332387
175,213.59799238600868
188,182.82686469912508
178,165.87344524066313
185,169.68664041522922
173,185.07465625984116
186,193.87008877814654
194,206.07090704147282
205,199.23336891536235
276,229.68506375528764
264,330.2074766639323
340,348.3562431572551
353,380.16813323908167
374,383.21979624282284
373,434.9209966897659
414,427.9534366455331
306,357.1235863203292
172,213.0664618273808
90,110.61489099150066
34,60.93785650764097
40,44.2889522036081
67,63.69109466235683
95,89.77519589285768
131,145.56980284178394
159,177.706540941163
205,199.53293685192332
189,216.23714321520683
169,183.32483491483157
184,179.49148069640992
194,191.7575945943961
207,208.05357382897225
208,220.86086158412166
222,224.39131727701326
263,261.67178723535164
361,332.75441139049695
399,422.44529391738115
470,409.4353704859372
420,451.67693349667735
414,490.03434115906657
531,516.694106406778
497,544.7020475964521
355,371.51634882131395
212,238.55865646976417
123,137.05425147331465
91,107.70363065432342
98,93.93060710098625
85,99.78800972076932
133,120.30003235507843
142,157.87074366165695
195,189.74632892117518
194,202.55951274142285
192,194.46679477109487
205,202.67243097824314
207,222.3156110697818
252,229.6925046086953
265,277.17676301540234
270,293.1327089248371
272,330.7874842243391
409,369.32420307813413
491,496.8007105148161
527,561.6119850415454
489,575.7529327854829
516,561.7965834703801
700,675.5225413914005
1021,866.2789814597766
910,1003.809998890157
750,873.3669644879678
579,616.2032013452268
379,403.92253290556476
166,207.99737811157547
78,96.0193497645974
94,106.25293147407412
87,124.20304770281537
136,141.8578565192736
210,198.85138937724986
247,263.4047687423879
341,304.51220247188286
361,366.6485710833902
394,404.35074122985327
464,442.4748951884418
484,500.6878966407399
605,528.5488197830589
709,651.1978316217492
719,767.9732786870558
752,734.11522909909
660,710.3932027365539
665,715.8368181949234
908,825.1115567049322
990,968.8191796336145
1051,1033.3898282989867
983,1030.6887503306762
754,754.6477102953992
520,477.5030937084926
254,253.0124830310093
84,121.40749229464154
88,103.39338542527834
99,98.75884273644208
141,134.42511724794826
187,186.34335692682353
262,222.7801683028751
323,304.7447830953548
336,342.57485914567843
366,356.78231296409365
551,399.0282527970995
570,514.8744972689724
550,543.4332730785101
464,556.2528080936019
488,479.10758197953527
406,480.9388278345956
386,410.2490231740034
380,403.76852434782916
344,378.03314548431115
253,266.70876220544574
153,165.9681376794205
82,90.69717733208391
56,56.66980756489666
44,45.12963325929145
77,64.50073974639388
101,103.77768443079408
118,146.07413616467684
147,159.56060648620357
175,209.32589107808994
160,178.12065006396676
161,160.20057802215754
165,161.35783382890247
231,172.61467331609367
282,223.56557288492232
211,285.8085532420608
185,218.37569060235953
204,212.89030708287555
306,256.208307370282
373,339.0795617861005
363,359.27336139253146
380,331.7392410039811
351,358.5615770450371
301,332.889095310008
281,223.2702813404999
145,192.08606950204026
80,85.5112410664628
39,46.960181311650125
34,28.014139648731007
50,51.36640663748106
69,74.81398478364208
114,102.17131193418724
153,136.0709208601207
213,173.3839920657539
210,213.22128187298773
202,185.97014407115407
221,196.07098257834562
190,218.75036214953604
221,211.34953281456592
232,231.19444223887982
255,226.5544065613869
253,258.61896565279375
345,301.85079620702277
396,386.9472208441453
346,382.9594460779211
385,361.2353602385372
356,385.57973264177537
422,344.3837873444943
250,326.3099188813566
121,156.56198171581852
70,88.65782136447868
44,53.044464363390745
27,38.86365177842015
57,49.42229321647231
88,79.93673724444575
127,129.72826447163374
177,169.55860562402628
173,206.99456620360968
191,186.85154511681702
168,180.33802719673594
170,181.75255903027931
186,182.06643698304018
159,202.6451745128678
195,194.7779697966319
206,217.64962350630975
206,237.11447134477945
270,283.50856730947453
314,349.91165590299175
331,352.9794220950519
410,375.6911835748229
369,435.4892982796584
411,441.63914023323986
279,337.5435650099417
177,190.19169081625063
95,108.71733441855238
60,51.58340011364397
34,45.010457722508804
67,63.36831491790629
101,90.02113532067018
119,140.97924579940775
178,169.0691695975374
192,212.51457516333636
192,206.77826974835813
189,181.2534639470517
190,186.12624861414116
204,199.53867034403572
154,202.82790217918557
191,179.21862926246598
197,215.68729950107996
229,237.45046998279955
346,304.965196467356
392,408.29727313314567
395,415.0308205244635
417,423.6103525731665
484,455.60823365606296
598,540.5288237675409
539,556.2963701405235
385,418.1449224339085
304,239.33841317848737
186,186.44085536728986
130,112.77437190426411
100,94.85719879555569
95,95.7052811214626
115,127.34803988206224
161,148.83773357576504
212,192.40246175236453
403,208.22178680752717
307,299.09021755417314
238,274.14769802838765
223,237.6082307298944
239,229.14650225961688
251,264.7492469055677
275,277.9822308550015
315,316.8724958084165
386,397.3032936446332
502,474.85606675716946
554,548.2503830359992
521,579.0624234397878
546,578.5247162357557
842,731.4440540777448
904,963.0194881747344
958,944.4946014903018
760,902.0265250707021
670,617.0719257956011
437,525.344688794386
191,245.53847768555215
86,112.87298436036549
67,102.82484630266606
81,104.89146120452952
128,145.71334624327275
201,203.2744137677801
228,274.73252463975626
282,312.96169715909423
305,325.01344896414935
396,358.18039500765957
365,432.1407009773357
446,438.6136149193827
527,526.2777768336915
607,617.4760572452416
712,688.7537668996813
687,725.0920830044897
796,680.6278458667537
692,815.2843804947361
952,853.9990182418265
1127,1003.3727748154281
974,1059.65735427644
858,955.4736566112512
714,702.5643441015831
497,483.2426053070781
242,251.40830469496856
100,106.74784136151237
81,107.66947672220677
98,98.5380364086252
114,132.82155660972253
172,162.55131006616998
228,229.90706938318334
315,279.749085596311
368,336.8062928282781
436,386.50695897311374
395,450.748385190116
476,405.20710582314746
507,504.0846174679502
506,517.3530735246142
496,513.5253449933333
471,472.9673120959277
451,456.89320823954085
410,447.887323021245
396,401.02168561128946
313,316.4490749689123
125,173.01419504126724
86,76.32231383146336
52,56.891450977314875
43,39.548763521123945
76,68.93583023146753
85,103.65248948531463
118,131.55230648254056
141,160.0230388629297
183,190.90033604775624
178,179.0871525372458
198,165.91085469948078
182,181.9788626572279
180,193.8205973066214
175,189.14345237581816
199,188.67554404823986
217,202.07941353560068
234,226.1935002288908
272,285.9247910725099
339,326.4985224053493
345,336.0895796261443
291,334.3383033499948
300,318.79163589697936
259,299.8753366254456
171,207.00887865315525
120,119.88292330974576
65,71.67867639234989
41,32.430006243698756
15,30.36609977618872
40,43.65831172776699
68,77.79473273568776
120,117.65687173548726
144,159.54512304097688
172,192.75002596514207
181,183.15474168191432
159,174.09647687205833
154,168.69490858699322
151,168.23931833486836
166,175.7245656693294
170,196.93930080164677
183,197.06513731971228
196,220.60287558102226
287,269.8353510549188
337,350.2041315457045
282,350.2244125976278
311,311.1953246932983
345,339.91007286025115
406,367.8567795466353
267,277.0805411362767
170,159.25344679915784
81,93.85984194037995
47,54.15000719867573
26,33.26820466668011
55,46.65020268286202
85,81.15637839063905
137,130.62646600377164
197,167.35606231434375
235,202.45514576587377
203,213.49575314308598
220,179.66199135141403
170,189.90575847120598
180,176.2279341913286
161,185.3965265197808
169,186.70782639747773
193,197.29226314346118
248,221.49941550710594
314,307.4230849110326
418,377.20121467339766
411,399.6422531767925
355,413.67860646640673
443,404.9940542809789
506,450.1262771282216
333,371.3061114786479
239,207.29494138817637
116,121.32771258812308
60,62.15806901292245
40,41.2706525420564
76,64.14582283504902
96,94.86803897855448
125,137.03721356958445
158,184.94794901681016
204,214.58754121435976
199,210.0540352380192
155,202.26929168342775
161,175.28737702232488
194,189.7033294896533
164,194.91165293371273
210,183.4635311386853
218,224.8579177744193
279,259.79544228509087
348,357.1573679938516
413,424.3155589343605
415,444.7995768878121
439,420.6849794767329
421,478.2101561010419
547,524.6890656912378
474,533.5126233663171
316,383.46224441377694
248,224.62306042768952
145,161.75607960356118
117,103.45240400621437
107,96.09209786979268
99,97.3975876074706
140,127.33919031749036
165,158.75497108158967
178,204.5021864092022
179,182.16331841748718
194,188.52435923081802
215,201.47707228246804
208,221.38392356430572
209,225.58044624902786
247,249.5433295261485
251,281.11422260586414
306,313.34395035277055
389,398.7277789965672
476,492.25330889893996
538,527.3376884087841
502,573.4947211917573
496,566.175212651624
847,708.3384304843412
889,991.3074504881754
896,898.9480511929723
815,776.8330033675674
592,750.7548993041423
436,408.74123170422007
219,238.15067494816077
129,119.3546692357326
125,114.6291444741332
141,122.8613495501431
165,158.86226348647676
185,209.1717203405338
247,237.48688808309012
283,302.3919824532257
330,322.24214667475405
345,376.8730246834399
391,397.50142557150537
439,443.1445164752722
507,508.04507515414275
570,588.6317690935801
633,673.1997392417111
684,697.8240135464414
633,706.6384659644666
595,693.6341880681067
856,776.3611868163281
955,961.9499424747352
971,979.8663071546653
949,882.6540609248416
690,672.8627301081804
493,480.77174522822713
214,261.002881254212
121,116.16701036599662
136,108.61293428783037
133,124.98694734928701
129,137.90729611374607
191,175.72619044395867
214,232.6069635136206
296,280.7403115686575
374,335.7457112876265
376,393.4614711002728
409,399.94125925853064
402,422.278039889578
405,437.0781184825661
439,451.0196473557179
421,472.43356005908635
380,418.8553918068308
422,377.6367558661384
378,427.02055877365734
365,367.47644729288487
262,255.1903258656591
177,153.55114205970864
132,91.25830141602651
110,67.20127535039215
59,61.55437744088391
66,78.73157686392786
93,99.47287460711807
124,141.88845292603665
147,163.85722986519116
185,192.80621901120028
152,179.68466314890085
158,156.44932686167243
164,166.78691453552273
157,181.7165481838492
190,177.94793350003792
179,207.42172948649295
193,198.1303329057736
222,212.61904061817103
281,274.8948518141138
327,327.1579340004529
281,323.32121336375263
265,292.9915707804087
248,292.1746721449332
246,262.70143928576937
188,200.49370166848732
88,127.70286520263713
72,65.30094600440484
36,41.90827634162293
26,28.000626216878306
71,48.197845943929856
112,80.43379130162967
138,131.02497032170635
146,167.1878616047001
173,194.06392507900665
153,178.83550808131127
170,155.9381048955189
169,169.73266014918573
187,167.26007282006765
225,196.32523596353596
234,219.81031519990964
261,231.6506381039274
294,267.1477688598152
338,345.13425409765273
399,378.10406365333165
466,366.07525374070065
357,425.9077616733209
390,357.35180167242885
381,374.82518595623503
254,274.30687440008455
133,148.69928095662556
81,81.03702511488937
71,49.62454090783845
71,39.055434433629785
72,63.586385319242304
80,90.60088863715207
121,135.80933596891842
155,175.85243816943031
135,187.4692723320405
172,172.2032383179571
180,172.21250746766543
205,176.17829405345492
203,198.0066843124074
228,202.51004354896955
231,226.2882608467606
272,238.38598048813927
241,299.56359795883554
287,316.807750271878
299,366.9959093288054
573,342.2407524395273
373,500.95618779441287
282,419.09072009851354
365,335.55048259400553
336,311.9403413981313
262,262.29379262809516
220,177.6435931677901
153,137.98968947824244
143,97.35503922177585
114,93.33705286338974
73,98.86413915761415
84,102.94425760693417
82,106.5251963802403
79,104.2159096440865
113,107.24226933087785
147,135.80452370982124
191,166.35096452361142
197,205.9877400002312
157,209.1007274498039
188,187.17201782617207
222,221.46133705542417
198,256.4945848351045
234,241.85531084619183
185,259.5778909638483
200,226.2294457918871
214,194.98212909520623
240,209.79099966172697
265,263.62450995042633
213,246.13587885552735
219,195.93813670013506
168,189.20417419184747
127,138.05820618173888
129,111.67654619622004
74,106.98563553983887
37,91.31430964732358
54,103.36792971569278
53,117.08043550375818
81,122.59240827125406
103,108.37717251566791
117,125.82472420099505
137,152.18320248527394
146,183.14367239043563
181,175.387304343936
213,218.95754357344947
198,249.971534211557
283,254.6350951962064
286,359.12024498400916
363,363.58430260336667
326,429.79554887520106
348,376.50517551292313
363,403.0708002152228
389,453.3129832482729
379,417.0728367861404
333,351.2100306138296
325,293.1530293192688
309,289.72114014535606
286,286.42390194080315
125,170.84945473181978
50,81.80580950720696
34,71.97563940758737
50,60.76132351771446
75,88.26677216037221
115,110.77742373532999
137,147.07386153462207
193,167.67977726071123
222,230.73925536543186
250,269.0041978057239
273,310.62780841203863
335,330.48786895187646
339,416.9139668930454
385,429.18003688664703
418,431.279897573505
432,476.54494915269527
432,481.2981215822507
442,476.4560991599363
525,547.8586519256796
594,630.5304367117895
596,617.778982332597
505,552.2016477630802
431,407.9603385150388
383,355.6682561354145
206,209.2912671680651
73,101.74377946187258
73,71.27312392459649
49,79.98834323673209
128,78.38300657404913
138,169.67722267524482
201,175.5856797743684
275,255.71407709782093
295,311.1953175171946
379,338.2347113058569
358,399.1268285603941
329,395.94761204215587
383,381.18506219675373
346,431.51937481422993
385,384.34237545304177
331,390.2452138694751
321,354.5845472772345
270,350.9057579725824
257,297.9197087505553
183,228.86024041376706
924,918.9784346524623
917,702.3811948712307
765,543.115589283544
600,336.34140172292234
389,214.17088606213338
220,165.93418267803372
197,172.41093633996454
153,169.37410009761285
175,181.56742244636064
196,223.54784824885886
244,249.0627278097465
280,275.2296314262777
309,292.6183408306319
302,319.33531868874184
265,321.9130599283414
307,307.1378514614613
391,365.97221270221746
409,456.3675837319915
543,478.9541692495828
635,599.1895144816743
638,629.7490234257093
701,665.2217384737951
755,738.8150110757958
731,699.2149227427069
870,684.0766540417882
1459,769.3949857254274
416,884.1520351950903
324,364.1897419730373
208,227.36283250144993
170,132.79375025989737
143,144.14008457480116
122,136.0486116426428
132,157.9500200894052
171,182.4862711339036
161,236.86412343888358
220,215.0203356540929
216,253.548106371153
228,259.4753814739364
176,256.5771500493298
198,211.72368368850766
268,252.3463763311759
331,314.595217464234
403,351.2530405880094
400,372.97435562229214
386,373.8166849967841
354,365.9691694155207
265,332.5306445758973
211,206.1640230351257
130,153.0446549531467
91,76.44499973896961
53,58.27056335590692
39,46.803932330906285
88,64.59481796931868
111,90.35185286178293
167,145.39535757494778
173,189.46608153447144
204,199.4859346627128
224,204.0895365707502
174,190.93122056428248
177,171.91334676871043
179,174.53667902531296
154,174.62317196083043
207,160.85105633455035
150,183.54233916429365
191,169.03100788077114
208,233.11501765645673
292,253.03845842536896
273,293.34803779112326
295,258.6212086354095
274,293.1560579591848
258,270.48810532875103
123,174.69660411620416
74,99.29489842246625
51,56.64819091086468
34,43.56179695236174
35,29.345854797254685
61,54.93455887788877
102,84.64258131874371
136,140.92795271297652
149,173.03159192719906
191,194.228480152346
217,216.64394267956897
195,188.48939828588698
159,178.65460736145772
180,157.9384741630181
155,170.32595208778454
170,169.77697605860308
167,167.99526515837
205,178.88040889581995
231,238.83393210589347
266,278.82425710684305
264,282.5713035691375
293,276.73421098127864
290,315.1847515734529
323,307.91146742804926
230,242.03904258343226
146,145.1348268373975
72,78.45333559312246
57,49.49578332974343
44,39.75926162133674
73,59.644374119594666
82,86.60782141818542
148,125.34823574340888
192,163.98411295938155
202,218.16604130089377
211,221.0920884045075
192,197.7372482387142
166,174.7119630597915
169,166.3316312762206
172,167.18808220232896
164,176.00780528230442
150,171.97885557026265
198,177.04433071843565
238,242.61737656181296
297,293.37779945623953
276,307.50132546128725
263,308.51836841193784
324,315.50097806089065
342,350.4859984516525
221,291.3498458636162
165,183.3297918195582
117,123.46634030990755
87,92.56521088777355
62,71.19339069270447
78,77.6000618041071
101,104.3029885800301
164,146.08246318695984
191,193.6697784459532
202,227.72521196100033
211,220.53004820961308
215,212.20921769365307
194,193.87321207479604
176,191.66757557169737
199,184.36827954542085
203,192.96037723380925
206,198.6829541602988
218,223.99517465730722
265,264.43773367122884
345,330.80098835416226
395,353.58747882500205
333,384.4587699358038
362,361.1452482693415
386,411.2972288129123
343,332.00091209368065
222,274.3345966756941
148,149.6682496687621
96,113.40335444133181
92,90.07466728774273
67,91.79091370827192
106,102.57533842179339
155,146.1438205866351
174,172.32671226639323
194,208.64928606305918
210,224.71970484274536
224,213.34801859244695
200,219.2631767423254
212,203.88138132824625
211,220.35565594616128
221,226.51700906835148
216,234.55315229070595
246,254.94749508443383
330,326.2814256797491
389,415.4323283330897
419,471.0099888755348
420,458.61391898199213
452,467.8011818191687
492,531.8475431362154
657,483.3354987270663
605,574.0561518791365
434,514.1999119109681
283,265.70264652480876
232,187.42348595435928
152,183.55811403865957
83,128.23973065447825
100,135.94128423366104
102,136.3530262288128
144,160.1009437889117
217,199.5699283297148
250,256.397477621951
287,277.6002650417784
283,299.81050967095416
325,298.6080165120665
307,317.8689697385504
333,326.83155219876346
393,382.90963204799533
440,444.0975221951799
459,517.7556125617979
560,525.9295740297783
550,571.4914358535602
505,579.8300709504549
679,624.022908706602
683,676.9690416736454
626,714.5612941545271
585,562.6702068590142
488,382.52521383012987
306,310.34441118053877
191,199.21515594334042
100,116.40827903045965
126,116.20285913376848
141,123.65259679352275
153,155.18192870641812
214,192.3476472163691
246,248.7314606699953
291,268.3263397092293
326,286.36950484037476
272,317.2751644852721
377,271.3666074535261
399,350.0309814553685
396,379.5653804609786
358,390.48536765205705
407,374.26391056228306
370,386.77239325113095
292,360.18599605116026
270,306.7991902772007
248,263.37488702234526
172,199.67869389953327
144,122.15681591470594
81,78.23773302790988
48,56.35167911536723
53,41.535452906872614
63,74.36606031493176
98,98.2909288234382
157,150.03602738087645
171,182.8237328419417
204,202.02370144654745
214,216.09544048501664
156,180.65158856795108
161,162.43883037726513
210,166.9196093711716
220,184.1322111366071
176,203.04525578480298
175,161.78436291689852
208,182.10616569893372
224,232.6792125398067
303,262.25155029860025
237,303.3801322273245
256,248.9596541317788
300,275.89192669057456
256,276.40695630470753
200,167.6414303495094
119,142.3524118400565
86,73.98298055360442
45,54.627864306378335
41,37.87727483843883
55,55.958893289422086
102,82.24482305825933
126,132.00876838060384
175,140.3994301645713
213,196.46298983924484
222,235.23927950933265
195,210.06884378603206
215,183.32608612080668
193,215.09885043300136
187,194.705667709561
195,188.67430019404665
176,191.4728969599034
256,195.7006883422073
273,276.0276719592284
342,313.5915761125376
321,327.67856370308374
293,303.3831642853491
309,311.3833079558022
346,320.55320001079946
220,252.5787762653547
143,147.01579783529405
89,80.03178296616353
47,55.843432133013074
39,40.22729395859596
58,59.900515714355706
92,81.54857537787703
143,132.19776794747017
182,172.76051546558097
194,212.37731178058283
217,214.75494082550227
197,199.98897083361166
174,183.88812065702058
153,174.83755152044554
164,162.91330126523482
181,174.89528871291063
162,179.04610339160442
197,197.88823424974285
242,255.0829559544988
312,309.3571923085013
289,319.5299583411511
276,301.0945810887225
323,330.5286643935677
307,359.11468865551745
251,255.0786666088013
212,182.434635438121
166,150.07915286680972
112,101.66313657618487
66,76.14906502648641
71,76.80712984838246
102,99.1572249350954
163,150.91785488385804
184,192.2369738858337
200,225.48359043721283
195,218.5859283558997
214,207.11284330150983
199,203.33770982847196
190,185.75325851021105
178,196.04857634677927
191,192.01074072217747
174,192.46874752615778
217,206.4963987049136
291,272.3277891761205
330,348.9805740718361
370,357.8924470359619
340,362.31484266401225
435,379.60578013974816
459,425.6797714452153
384,358.80487507453716
251,284.8872098402281
147,173.26874940726938
125,105.98474673819928
80,95.50727798016214
107,82.80728884441052
90,110.81063685294255
145,149.27926687042452
174,168.57804307049778
204,209.50723238899798
267,221.17494707852674
249,237.43154755154922
184,232.13452718425478
213,203.8087567386991
184,214.97748973833055
226,211.6813828694481
198,222.98440828091682
227,246.26948819714679
304,305.2979122814032
469,384.7192843143366
508,503.24470615288845
579,531.5010119208602
461,617.112413843368
608,595.6548244777125
636,665.7165583650306
647,599.3853962072226
500,559.557822039091
389,406.57048385208793
290,306.06848100404255
182,191.3035137792842
108,133.932140436731
104,134.58112017200375
130,130.65166455656598
151,171.35696702666053
185,211.05177682665595
225,240.211906005441
261,263.3969917242019
282,280.55822190321504
296,301.8848187599187
320,308.427376483988
342,344.5797923247208
371,388.02543321604645
444,426.77561091374594
565,506.7386899526205
633,604.7120430022746
695,639.4399370421852
572,680.3884296012288
679,670.2042535811609
701,702.5479405479465
697,713.9817341469915
556,692.0907843454652
484,446.3043177427354
354,344.75729445447257
189,217.57018997900553
124,126.08889548139054
133,124.50236086053145
128,131.80677088990018
143,153.28432193595418
178,186.45048282047753
232,214.78369813445946
267,266.2351775250035
299,277.64979061982257
362,291.49259100465537
302,354.45458651884275
341,303.0683977294467
342,358.32386220223697
387,365.5051842228478
387,403.23054069607576
333,369.25349149829253
347,334.9190805656701
329,337.882025402698
296,312.22177723997413
223,225.93192760914576
138,155.34449023189615
67,78.51143040017473
61,52.69704097933247
49,47.980349604622745
66,67.85781855116852
93,98.75336605722335
152,153.31009671056185
183,178.1313179451523
199,208.0652036826656
218,209.02606951238403
196,178.1824566059108
155,177.2763673185772
154,160.59524317962936
155,160.49773231739036
174,162.61304927865507
174,166.36614739022423
168,187.20397904377234
239,212.09448418954136
283,280.08220857258885
262,286.6174842344198
258,265.4216462395047
290,281.24910669917773
282,277.140933626812
236,195.51460547662114
128,134.1438059067986
63,73.86673983095444
37,41.64631576562644
25,36.987647715589965
57,57.47609726222774
89,95.53091532568895
150,137.9221791619858
182,177.65846630282158
197,210.28126857057575
212,220.59193060402552
175,197.65872944736114
173,170.31191075324028
166,171.06185554770332
140,167.38575260549928
174,158.9940607947044
167,176.5803191267574
178,190.6791119153701
243,230.89372670206268
288,300.20272389640047
246,295.06423729908124
272,274.7314563805105
312,303.6346615095072
388,327.66807939999865
212,278.7677821338219
119,150.2682975583867
74,73.46003034287838
56,51.47456316635045
49,40.644794216319845
56,61.408535445745066
68,84.56755560907308
159,136.959177682771
197,194.11659524952572
213,222.0981792600019
270,223.49853822493833
212,210.10719934215783
205,188.95449895959234
190,184.6032624950155
185,175.1707575513748
183,183.70522470670142
168,178.39956132963798
228,193.03186580288676
289,265.67307236988137
336,330.0179076230506
339,314.3959655064887
275,327.71717495886753
419,323.57486625273026
469,413.54507660032715
305,306.8771223710989
183,201.12511959026358
165,132.85665873123898
81,110.16797983391645
63,69.21044748891805
70,74.23657010560872
106,94.6666108252826
143,159.07864946970838
179,189.58171666963477
230,223.3249040218462
233,238.29150336069887
210,222.06086318215497
187,210.1638483044041
158,204.58912130428007
187,188.66487410194003
174,203.14541901746477
167,183.2795798319181
221,213.75886040909498
283,279.73944671524015
369,353.16583163195224
393,382.4028517919802
351,368.8011086589111
369,407.57889333751973
404,423.10940829739496
381,362.7778972382523
276,280.29349708090973
177,182.70883974354473
164,123.3535430635419
94,111.04186400933929
88,89.90032456145407
123,106.20112519453092
149,148.19332349934623
195,173.47742556940935
194,222.81205963194427
212,228.08855751460354
196,228.10391184398284
186,202.48343487959167
217,196.6205928469397
217,217.19597400430425
232,224.9598022916329
219,230.06663469377688
279,246.32745005553863
339,335.6686395103583
425,422.42603477991423
556,484.30354932596964
483,592.5474121088995
445,495.5986123705354
695,541.6936047194188
749,732.599030489
582,701.3478595919345
507,509.24703810773957
409,374.3471848323759
324,343.94570371567005
210,182.21571702166287
158,134.1424669521464
152,142.33117344114962
151,148.36177246336013
193,163.8366943557559
216,216.20063277812966
246,244.1194932654362
275,275.3841570809477
306,295.15573661695277
314,309.4463549332936
302,319.69083579223206
473,324.109093810777
393,471.7332258393777
471,441.34908251230206
519,524.9279989826368
539,603.7338684830601
559,571.8142623979041
503,571.7580088839975
658,620.7714842248023
602,691.1863583202887
595,632.7499242536675
535,515.6928411171624
408,400.70865843628263
345,317.7292413383546
210,211.91852821080036
151,139.66477737187634
151,142.1093092667288
132,141.1846742436436
151,151.30750941915582
206,195.46014066806276
226,230.60143729283894
266,257.9811633029344
286,294.8041241440611
312,296.97522327600507
296,312.3776102073827
304,319.6263207199603
299,324.37646815349615
312,336.6729843403941
372,353.6319357949982
308,359.15703782815496
298,313.75946462846616
272,307.1350033779643
254,265.32148757151424
215,206.29970717206461
93,141.3630746715335
73,66.53990316666922
59,48.08069568130824
54,45.74896908307905
90,67.82664408228456
90,107.04175139931966
166,158.75583195465956
176,195.8523039622006
175,209.12561770492923
232,205.1051192613245
198,195.3419192832404
159,173.31144204039128
167,168.96886256125146
171,173.59711797624763
168,179.79434327503225
180,168.9900047601943
183,189.9340570899048
212,223.31623725222002
276,259.22695022119797
273,264.7163920272886
235,268.0963600477014
217,263.72275483430786
233,231.32265030773493
165,183.8510387646033
77,104.9815580608697
64,56.08401397881757
50,40.92552829269375
45,35.67797335326886
89,59.708996972672644
117,98.74401265940192
152,151.95520157480158
182,183.6222357879659
194,205.69768946761374
187,215.8685575523116
185,181.14342214904337
170,174.0417109807835
190,172.5523650464923
195,177.8918950482987
178,188.7406474215127
185,182.2679029791071
239,205.17762324087954
288,270.50169621215196
306,320.908145171323
308,297.4746745137514
296,293.02550941403433
331,300.53976740447797
329,340.44930387544645
195,229.60196997808396
136,132.17145889103375
83,76.77968230874102
50,53.15150169158292
74,44.27780787926682
100,70.68279375325099
96,92.41777409236454
130,153.63373650731882
171,191.24614962212993
196,207.84953175396066
193,217.56574447335737
233,195.24837226037047
203,201.9637360540151
203,192.1927509890579
213,196.88956174122671
185,202.99953857102275
213,181.79887000638124
188,229.62844674914456
279,250.30675434218844
302,334.0503502159772
417,316.64086784905646
318,366.30002690494905
274,355.16241754855537
263,309.2001622633438
263,238.6647718675797
226,221.72070601223604
225,173.4249769683667
190,154.68976373020203
131,126.02886701962882
104,94.71960533586379
84,107.082488032836
132,105.7080151877392
84,150.55640485999172
102,123.97601279766957
140,139.27446415376556
137,170.81183955597703
166,156.6993805512696
195,177.86280003614914
213,207.49445600461453
229,222.6604558260358
259,231.91349824377497
269,266.04247341066645
297,309.1483833292935
279,342.2843606887893
240,313.76097659644734
254,257.66269084992604
289,260.114549520925
320,300.33935744514883
333,290.2343954697556
224,270.13180065766085
150,169.65689052098816
134,129.42893797825698
83,101.72420330296272
53,92.49296012520844
67,96.66123095543223
71,134.56786351513338
80,131.4249050940018
97,136.66242805695927
126,139.16112379378797
123,148.81095391346616
147,156.52408790919102
180,189.25602551899485
158,206.29124640389625
179,207.12521610040778
180,210.4507349628462
211,229.48604788185753
213,291.2448643636142
269,303.6442544301683
276,326.962839757707
265,315.46693730284727
238,334.4691017626577
292,348.5123420892634
267,368.932493829196
229,290.3471014393078
199,191.28676249267969
156,168.9882214932598
118,189.37560312914982
87,126.2518227017376
71,89.87281937295538
59,87.37850339507825
72,81.72692257899782
115,102.03798722743093
115,161.1096957159406
134,153.5149834379058
156,163.28068745420407
202,187.0082370057323
182,239.58613069863475
194,217.43438245215293
196,228.8119551102447
216,248.98443944303403
257,270.64307103453706
319,307.96086313671117
399,382.08284451797095
389,458.39197473650495
376,422.9613992835455
463,457.85266830205717
377,524.8311018122666
365,363.46054926391486
346,310.4707359362357
296,290.4438341400856
262,239.40181989440484
152,164.25008228995603
101,104.67546176944938
77,105.28508810217528
75,98.10656479466165
96,107.0017296576953
139,131.22211303522192
213,180.42053348795358
255,242.51322684546304
241,264.8021052299292
280,249.83534659348533
270,275.2438560291749
242,281.77661464471083
283,265.96189191639854
305,307.02714762664397
331,332.0827845999639
249,323.1226278967119
264,275.08745701055346
260,283.054055241943
234,262.620052227021
153,196.52833150709145
