y_true,y_pred
636,444.6581
697,395.80954
623,345.14157
563,322.9408
478,275.1977
260,244.48878
194,252.66301
265,246.44829
306,317.60574
326,342.2061
337,340.75082
346,352.1779
329,354.375
364,344.74472
364,381.36523
394,368.62448
434,411.30267
433,470.66895
464,478.1834
526,488.7527
503,519.0268
500,522.6968
529,501.76227
461,512.9619
498,505.4126
730,444.768
300,537.0203
287,310.0004
247,299.50348
165,176.31493
160,179.6361
148,181.7156
197,208.61478
272,266.68063
294,320.6045
287,312.633
286,302.38055
320,301.02585
338,324.07416
312,335.26242
318,325.26453
319,336.31628
369,333.7567
352,330.41882
295,331.17154
276,305.98575
244,262.02036
174,213.11967
175,136.31946
109,120.59168
88,89.7055
81,85.47413
117,128.47153
188,172.48428
262,260.93402
356,331.40552
329,366.0107
248,274.27185
239,226.71535
195,216.21622
205,202.52449
228,205.02016
211,235.28513
237,220.34726
242,238.13141
283,265.0872
255,299.14035
358,254.89694
210,318.09427
266,213.22566
219,242.0202
125,164.00984
107,108.98223
78,72.574745
73,62.304413
70,65.33532
110,97.19773
171,158.60527
239,263.4647
296,373.02603
303,355.95547
282,285.65216
196,231.95851
201,189.42485
213,201.26872
196,211.89291
202,216.13225
216,218.85413
241,231.82399
264,275.75507
306,290.52524
328,285.34067
298,276.51486
313,277.56967
298,268.1093
307,197.12581
265,175.72493
140,141.56888
77,88.11077
70,69.0331
105,97.22817
150,157.27478
242,245.56564
363,345.64352
357,358.28595
294,294.71664
220,224.08456
197,207.12471
176,206.07454
197,197.36188
216,214.76709
200,233.39359
262,235.80269
232,286.0175
282,291.2028
376,291.9726
263,332.90442
225,267.05496
264,253.32555
189,233.57289
141,162.22374
99,112.09327
72,80.65551
70,78.24513
114,113.20314
181,173.09312
277,273.93372
383,397.94788
371,388.09637
291,306.56396
217,234.87201
241,210.18785
202,219.352
188,214.10649
282,221.19835
237,264.225
301,266.76114
324,317.85342
338,336.29852
300,328.50272
276,293.00104
339,291.29752
319,317.90594
258,257.43933
183,192.1848
137,134.15814
114,114.674484
137,117.28802
159,148.0449
187,184.46866
288,276.41428
412,395.64996
336,393.72034
287,302.5891
244,249.20761
226,244.52629
236,235.24666
244,244.4386
289,273.12643
287,292.72363
311,331.53748
399,370.68588
405,436.64285
426,419.4183
409,417.3416
385,422.4692
423,426.92383
440,421.37787
482,402.62177
348,404.6452
259,269.263
251,230.30937
233,221.48155
144,180.4191
204,202.79228
222,269.45633
267,288.0346
315,318.2834
324,333.5181
348,342.92358
321,345.6876
343,334.2275
359,353.09525
357,371.2077
404,389.72305
424,445.07584
413,461.6803
439,450.8426
398,460.65253
412,426.51944
480,461.32236
492,473.02652
472,500.17416
409,420.23166
365,335.93167
300,302.42572
240,268.09293
146,158.85461
165,176.07373
159,180.69545
204,205.4559
285,267.29095
313,326.86047
304,320.55884
327,311.16754
321,324.11322
541,323.9457
432,450.25757
412,403.8141
363,409.30905
362,360.0058
314,330.2601
307,298.15036
287,302.00156
254,264.3704
189,209.572
188,142.9976
129,120.80235
77,93.232735
92,77.59731
136,130.88095
186,183.24222
290,269.2812
411,380.5881
382,381.92535
282,292.20847
214,239.94293
177,199.69562
278,190.89755
262,257.2762
224,262.65094
242,228.02124
293,245.23837
306,301.93155
297,304.40454
296,284.09097
299,260.10382
276,266.58017
266,252.60791
193,188.75182
144,154.60046
88,113.50706
62,84.72959
58,80.251755
98,96.05856
166,147.76608
225,222.05142
265,277.28958
320,318.27176
293,295.75644
252,255.99858
204,227.30707
217,219.08414
241,222.30276
241,245.99333
258,244.92744
271,273.93137
316,291.41202
326,335.74884
231,317.22678
272,237.007
265,270.49643
234,258.80283
178,197.80865
135,135.46957
108,100.15394
92,76.905945
62,72.623695
97,94.38391
171,154.64145
276,249.72784
391,352.2269
360,364.22208
276,299.0797
219,236.39081
215,204.86781
230,212.83743
200,229.53812
227,221.02182
256,247.87344
230,272.49615
268,272.2514
293,309.60635
269,281.8961
252,269.59012
242,257.82983
228,253.88492
158,200.36797
138,136.6337
83,105.84475
65,77.63315
94,77.16723
116,116.98384
186,177.54419
260,286.5096
397,397.0366
378,388.85214
281,300.11398
328,228.76675
242,282.10764
287,233.37396
233,262.71323
255,252.85129
254,261.91138
261,277.53952
351,302.22803
303,353.00558
279,295.22998
293,282.04483
283,301.37418
299,288.45355
219,248.89473
190,174.98654
126,137.03345
122,102.894936
117,121.88592
127,146.87415
182,183.88103
286,270.848
409,401.1354
363,386.13327
313,303.36975
250,283.10623
248,246.0919
264,254.33482
243,260.1009
301,269.84372
323,306.5111
335,347.42148
418,395.52618
438,441.81665
481,440.03406
486,444.45676
443,468.67798
546,461.1533
468,480.33163
446,456.5623
358,374.8499
255,282.31924
230,234.20592
212,217.75067
152,157.47621
204,199.40703
233,268.58182
309,295.7994
339,333.68936
370,346.45938
349,366.793
355,343.6753
374,356.87674
373,375.57407
409,387.5458
439,429.48184
451,466.25714
586,482.80634
527,555.59784
587,514.8836
502,547.1659
553,547.286
538,505.4493
513,506.4386
451,429.3938
409,353.76996
333,304.64987
289,257.69794
132,167.69252
150,162.31148
155,166.91846
215,206.6104
260,274.92905
338,312.26764
312,337.18576
339,324.69928
339,335.0376
316,336.89108
412,319.53113
369,392.13846
409,373.05853
382,404.2385
369,339.99832
343,331.1567
299,318.67422
288,278.10306
235,212.77074
182,170.18805
109,126.53827
88,79.693596
86,84.75286
129,128.60313
171,182.54683
324,273.73862
408,402.9016
411,398.6659
311,308.31104
258,247.58408
201,222.63167
238,205.52878
213,236.68155
259,221.75162
222,255.36804
254,237.61781
332,285.43668
300,328.71646
269,286.31033
287,243.7067
236,277.3643
280,229.60722
182,196.32767
106,133.36255
81,80.29912
84,63.62333
62,68.75591
104,99.936806
160,166.37044
273,259.15482
376,347.3086
372,365.4438
282,308.06693
225,237.08875
186,202.45398
199,204.54477
212,205.80305
232,235.73065
260,229.65108
244,265.1873
273,283.8068
295,304.7577
260,275.22345
216,264.8094
239,238.03305
283,242.73676
193,206.74852
160,134.87053
94,107.89434
97,76.40174
79,74.52455
104,101.8945
162,156.24638
277,264.93274
459,393.2883
492,426.78363
360,364.60602
209,258.75012
190,201.33846
194,198.1384
216,208.3768
221,227.57074
205,246.34175
256,233.69844
287,283.5253
337,307.07172
265,304.31873
307,251.03835
267,277.54214
263,275.06842
190,205.42941
133,146.09515
113,100.59159
82,83.072975
84,82.99301
111,115.38577
167,175.64114
302,274.60742
428,421.5618
388,427.73184
317,326.65393
239,265.64856
196,225.40765
205,221.96217
244,222.00801
230,259.53296
244,236.85371
287,279.1437
331,330.59937
358,356.27087
321,318.79984
319,307.57617
317,319.04257
338,313.17804
260,269.76736
190,195.79474
148,140.08556
114,118.27838
135,112.35068
163,144.0218
202,181.43071
279,296.25897
438,409.58218
360,412.06308
304,311.11337
276,259.65195
247,257.86285
241,246.41707
249,250.95985
310,270.76535
287,313.62357
352,321.0853
419,404.83057
459,446.9376
551,467.81714
437,507.4659
434,434.66998
456,490.92096
455,446.59305
452,446.41382
392,381.19513
264,299.78955
306,241.50362
240,243.55156
195,170.21245
216,209.3125
272,252.82364
318,321.25015
348,331.67682
364,348.83383
388,366.4499
388,366.3649
352,378.6402
363,359.93878
388,371.4924
423,414.13855
501,458.82336
547,511.0279
536,536.9386
459,513.426
480,479.7236
516,510.37982
549,500.55185
536,510.43558
430,457.40497
344,340.73984
337,310.84344
335,264.65027
171,187.09293
178,173.82367
194,179.58109
198,229.54736
273,266.44177
319,320.0337
296,330.18057
322,316.31876
372,325.13223
344,361.56882
337,355.73526
389,342.76016
411,391.68365
365,409.65427
344,338.10577
314,318.63007
354,299.86182
318,317.24063
234,235.74197
189,171.65356
118,124.6774
102,86.26816
99,87.48256
149,129.18643
213,182.47694
263,292.7584
380,379.31772
376,385.7755
286,298.93088
252,242.16689
197,218.77148
220,212.46127
224,225.96693
233,229.74454
244,237.04015
264,255.20317
252,303.21768
294,275.77612
253,283.66577
230,258.9091
255,245.25624
198,254.32796
182,170.34099
108,122.53774
96,78.25878
67,74.43812
74,66.47195
125,107.2415
167,175.9592
254,249.38461
406,341.43893
396,371.4234
284,307.00247
267,243.02383
213,224.08731
209,213.77925
232,216.56125
240,240.76709
295,253.06444
319,296.33478
398,322.58426
411,374.1866
407,346.72366
375,336.68423
339,329.84442
316,299.49048
234,220.69753
158,162.89267
101,109.14862
76,82.25442
82,73.115776
135,109.75429
180,170.10622
253,277.01886
376,392.5334
367,381.99896
283,301.60767
296,239.79329
293,250.99777
294,258.1061
276,269.03308
333,268.19345
367,307.93118
351,356.82153
365,363.4723
373,367.84998
546,338.70032
392,400.23175
342,359.90726
373,324.05234
366,252.88263
317,276.9577
275,233.65283
221,194.9402
253,169.11235
237,188.62491
188,197.54222
190,214.45169
179,223.8697
183,222.16621
182,220.6167
264,214.84297
307,273.0
359,301.09088
360,349.65494
378,355.6061
437,374.54227
433,434.46072
464,413.4344
398,456.324
392,380.84164
396,345.34836
360,375.34177
406,356.38895
363,327.53186
267,271.5162
203,187.03342
140,146.95033
115,149.24199
134,169.57655
126,184.39078
173,227.4541
205,251.4592
200,278.60834
210,221.36621
199,233.19621
210,233.78758
237,239.27147
258,256.6878
240,291.27133
283,276.48553
288,324.53806
336,364.6513
365,403.59186
339,422.6195
316,378.88492
348,366.5997
380,417.6512
293,403.50977
289,263.79327
221,268.43723
184,214.04736
166,200.23003
173,201.36354
110,148.1617
135,170.77577
176,198.57468
179,242.02383
236,251.04453
280,276.1673
275,312.5806
264,305.92218
280,292.8231
280,305.2015
358,311.57108
353,387.49084
399,401.05774
374,438.26126
410,403.71945
354,404.3795
381,386.71432
428,432.90204
383,441.6543
413,364.61533
297,351.00452
260,248.95117
294,255.73276
274,252.98045
152,150.41733
158,151.30382
173,163.4401
169,195.57536
227,232.55063
276,288.05084
313,294.50394
292,307.0017
354,292.64447
353,332.18848
333,358.66742
346,337.30472
325,369.3068
316,333.84326
317,309.88715
290,299.8047
264,292.5417
233,271.38696
170,212.80797
634,625.394
632,470.6579
573,413.05438
399,315.52396
286,177.12576
161,133.05856
140,132.7492
165,171.67432
194,197.94273
238,234.1198
230,272.26294
269,267.22464
258,282.79526
274,273.74472
285,293.54068
273,295.77835
310,313.08646
305,347.50977
387,375.4328
458,434.6489
512,490.76257
529,532.0929
564,539.04004
485,555.7126
549,476.05035
785,454.54553
196,514.5655
138,167.18571
128,131.32536
91,106.00425
105,114.3493
137,133.67967
139,176.33943
186,199.13144
228,237.64742
258,261.7309
215,274.0124
250,241.08708
235,274.12946
227,255.85045
267,257.07904
317,289.7708
338,329.58514
313,319.4364
286,311.10992
259,286.7574
279,275.6152
194,237.30054
95,139.18701
77,72.37081
52,50.586113
42,43.797806
59,61.561794
92,78.35192
154,126.137634
202,182.41354
219,251.36171
217,218.71912
233,220.82118
211,227.50552
205,212.23468
215,209.36201
233,216.30107
266,234.34425
248,258.28644
242,274.2908
313,264.37027
265,293.38663
251,240.0808
185,231.673
246,204.90604
154,182.31425
98,103.69977
52,56.44731
34,37.954613
31,35.89023
75,54.76162
103,93.354004
136,152.68503
178,199.48198
224,221.45457
231,230.13666
228,232.41676
238,217.29768
205,217.30872
250,208.66917
225,253.42574
247,226.30455
242,251.9586
313,273.66705
332,337.05765
334,292.94296
318,304.03625
287,267.86118
366,277.9258
248,233.86629
151,136.78069
93,78.16858
61,50.725693
45,42.709713
71,66.03479
103,87.360214
165,144.91278
193,201.20245
225,220.00362
250,242.97551
255,238.16747
233,237.38718
191,226.22911
226,212.07272
242,237.44432
220,235.12024
259,245.55678
291,294.74176
283,326.41003
302,291.69287
255,297.63492
288,275.17896
263,315.0382
225,234.43045
144,158.18697
67,84.47265
50,52.192047
42,48.388626
79,65.71727
100,106.02103
162,141.82498
212,209.64766
260,239.49455
258,258.79388
248,262.2022
247,241.87656
208,230.26143
243,224.46266
231,254.26422
240,237.68866
261,268.49124
281,306.54794
331,320.72748
457,338.1855
292,386.18558
271,307.31262
337,300.5431
282,280.2136
172,184.49016
110,110.95292
71,70.965034
47,58.94431
80,76.098434
96,102.2648
146,135.96432
205,203.73265
226,253.46654
266,250.09186
251,258.62555
264,256.30792
245,253.42245
261,257.27432
262,270.0594
254,268.18805
324,296.1981
358,370.2307
386,404.42282
368,439.07678
366,370.8167
321,359.54144
343,392.35983
417,389.4162
293,365.422
263,242.82098
148,192.24141
103,124.47657
90,108.08541
93,102.4123
104,112.0542
141,153.93184
191,182.69835
212,233.16078
260,248.81908
241,283.32297
275,260.61395
261,281.62378
292,280.74475
253,291.74554
302,290.92303
321,334.42255
402,379.06326
436,427.08075
400,458.9183
385,421.56665
476,451.47256
538,483.8725
517,448.18198
340,406.13843
162,249.0293
140,140.79997
122,113.311035
99,96.27559
95,109.10993
146,127.75246
162,165.2962
218,204.26198
257,254.44846
298,264.31277
271,292.05002
318,268.17633
372,303.66583
382,337.81705
334,355.35876
354,340.64392
347,355.0462
311,324.21393
245,293.39926
275,249.49117
278,276.18817
176,209.6601
117,120.07979
70,70.38775
36,48.124622
39,38.557133
64,58.848076
80,93.55907
160,123.85422
209,203.22478
218,235.53525
231,220.69092
229,229.72653
236,220.88914
266,220.58536
238,254.21942
258,234.13489
264,253.69115
254,261.34137
301,271.47186
360,315.29
254,316.37772
303,239.82182
233,265.83347
274,237.38269
222,191.67953
121,159.63724
60,76.78048
46,42.746323
55,37.89743
61,60.35851
98,81.72162
131,139.35048
195,167.37608
215,227.19946
249,237.27519
304,252.984
269,294.67496
284,259.92096
252,280.20923
248,265.8117
256,249.96783
313,276.02283
359,343.60132
375,381.92627
318,341.3885
273,314.34814
227,265.46732
292,247.06998
195,240.88707
132,129.37413
68,79.58051
52,46.92185
32,48.95257
64,61.115974
101,85.31448
163,142.686
219,208.30464
193,231.65913
243,236.1792
261,259.3518
241,247.67397
231,249.43292
229,239.37526
265,247.29073
225,258.28973
245,262.1593
324,300.58673
302,356.06506
316,306.13666
255,298.76566
238,266.41034
269,275.64914
193,222.50856
130,141.44907
69,76.53439
40,52.277523
56,40.073853
89,71.774994
84,106.69441
153,142.10184
200,213.7657
239,232.28943
249,251.16281
262,261.25998
284,250.8192
248,265.55347
216,247.23625
259,239.24336
242,252.2012
262,266.70206
312,311.5146
368,348.94922
328,360.0291
317,299.64883
259,306.2752
331,291.35782
259,277.8121
186,181.25537
115,116.20257
65,71.34682
55,62.917355
80,81.34944
108,93.954994
169,136.62248
214,206.77744
231,249.1126
234,250.62416
266,248.9842
243,272.44345
227,250.19649
236,240.68558
267,262.39117
272,270.5661
283,307.42435
356,343.96838
359,411.71973
412,411.5452
331,405.56323
371,345.9686
443,415.36713
424,438.95645
354,378.5275
310,282.2517
197,207.90227
123,142.04288
95,99.32753
75,94.29406
103,107.159805
132,155.49852
189,180.99487
236,230.33646
287,269.2444
244,288.19833
230,263.23428
249,249.5529
272,274.28644
301,283.29874
363,317.27362
358,378.44186
440,397.665
462,456.5949
554,473.23575
448,538.137
565,527.87384
594,547.49036
483,548.13684
344,409.5024
223,231.52296
139,152.91502
118,115.77904
88,91.77289
98,100.57963
134,129.46274
152,166.69977
230,205.48546
287,269.87943
298,280.7062
284,284.26486
320,273.8238
291,314.74683
277,297.07767
339,297.84753
391,350.36725
395,382.8452
303,358.2627
323,287.53577
290,302.90814
279,283.04352
210,202.19598
114,132.32753
87,66.71706
61,54.77609
37,44.938053
54,62.74207
95,90.47914
136,151.10715
168,201.00322
185,217.18251
231,210.76007
286,228.4394
254,267.88437
221,234.7728
234,220.9984
246,236.36107
256,255.60002
284,260.58713
302,296.54004
326,331.5831
272,289.9301
251,279.30817
266,232.83096
258,258.99158
151,205.56439
95,108.61071
48,57.888752
44,36.705605
35,32.131172
59,56.772366
105,96.31598
166,144.58452
197,201.93846
213,226.33012
239,235.72906
251,240.30536
225,245.63441
219,217.88536
247,234.64911
258,255.36649
235,260.9087
226,259.30322
301,285.5749
281,334.89252
295,289.69754
240,278.95273
250,244.44756
352,273.31775
207,240.39806
141,131.50584
63,72.96475
38,47.89619
38,41.937653
58,62.68878
99,99.44589
152,166.92657
176,209.25478
172,208.68057
301,224.54495
271,259.8496
241,250.44194
241,234.60861
230,241.9064
242,256.6993
234,243.198
260,249.38632
272,302.57043
338,300.24957
341,324.24084
293,296.11652
256,287.14285
370,284.1632
254,246.95105
142,165.29897
91,74.67535
57,53.40179
45,44.780327
67,72.69014
106,95.85614
184,157.61273
220,217.10674
247,240.67886
260,264.433
249,263.76373
235,258.50623
233,242.47606
223,241.96448
254,246.43427
253,254.25674
316,273.35394
334,335.10022
375,365.77014
387,378.62445
292,343.9621
311,287.7013
319,341.38895
305,285.16486
212,203.81398
112,128.26878
66,72.822075
66,55.202797
79,80.95879
95,98.2203
164,149.32224
204,211.07219
252,238.40031
244,261.33737
263,256.86328
249,259.9284
288,250.59145
244,274.67337
257,266.13025
290,270.42773
287,320.30276
346,344.60068
419,397.01572
433,436.78168
375,392.65997
368,375.74225
419,420.93738
430,432.2779
426,362.84134
282,315.64542
264,199.70502
231,160.4549
174,129.22078
119,107.48079
120,116.95713
182,143.96178
169,205.0659
245,225.26689
268,279.3675
247,272.88782
278,267.3415
304,274.40146
306,304.43933
558,304.32758
338,504.14856
339,361.12115
465,388.4529
459,475.2458
473,485.4541
471,472.4667
469,538.1218
479,490.97293
465,463.35126
293,349.33502
223,223.37352
155,166.56337
116,133.41537
99,97.56635
104,105.1682
136,139.41057
153,156.65741
225,214.70778
269,261.29083
316,282.1988
319,304.41357
325,315.4736
327,311.52902
319,315.14166
338,323.98438
317,349.06006
393,333.64972
325,358.00592
285,299.65088
295,284.91858
290,288.4993
201,221.77065
115,123.087364
75,70.18313
45,50.317238
48,36.947235
87,61.027203
105,98.80998
164,156.7891
219,213.48924
228,240.56831
247,230.57384
275,231.6494
251,261.3903
236,236.1104
230,234.7654
247,244.17316
237,258.06796
239,251.31621
293,282.8665
331,311.10156
263,294.7537
238,244.65222
198,232.75032
254,222.28879
181,186.61017
120,110.21331
62,64.03941
49,40.387844
62,37.419086
75,66.41946
92,101.80048
150,146.2498
207,211.0337
253,235.66469
270,246.50513
269,261.0721
261,256.47073
233,248.74052
263,241.66911
252,261.4158
278,254.03964
325,278.2316
349,349.9519
399,360.08585
412,351.07318
315,350.65268
321,277.01907
405,329.24225
219,247.38405
141,143.5361
94,73.96076
61,56.893505
69,45.42568
82,71.208954
94,100.31546
138,157.77472
223,201.91267
256,236.15446
307,259.5124
280,271.44226
268,273.3446
252,254.94101
269,252.07309
255,270.22372
247,253.0559
244,274.73917
301,298.30026
350,332.8084
409,346.81015
355,361.29852
263,334.56143
300,289.60284
246,236.66977
183,181.70348
128,119.431915
89,85.14907
78,69.58651
79,84.554695
82,94.741066
104,124.43876
115,148.19356
127,164.89322
175,190.72285
177,212.29085
210,213.42479
219,230.47746
260,234.88365
332,271.68622
356,329.8046
409,355.15518
469,386.20773
431,466.82788
442,447.489
440,399.71518
523,384.80792
559,424.79257
544,408.43625
377,362.59888
221,187.3493
152,114.18737
90,93.35507
77,87.05744
74,93.4206
109,135.24661
124,172.51477
147,177.17572
179,191.56688
246,207.27478
227,241.1008
235,236.60338
223,249.07239
236,256.8609
224,266.35422
245,269.51294
226,321.4529
248,306.88544
246,305.8333
194,292.69287
270,223.32349
285,352.19775
277,332.69946
204,232.24518
181,198.76414
121,163.45403
76,109.236916
70,87.125145
70,82.85214
89,95.02526
93,122.80144
130,139.42043
171,181.95334
172,229.22612
208,217.72295
198,241.48247
217,228.86824
202,247.038
185,234.61638
241,222.06403
290,280.52798
342,337.57715
373,373.34647
353,389.78925
357,381.18246
399,396.96933
363,431.05453
275,345.82346
199,226.712
117,159.28984
87,108.669426
93,92.76494
75,86.65591
89,92.194664
126,109.48529
148,142.51653
200,194.45288
276,227.09966
295,279.13885
290,280.62845
313,283.02527
309,297.92538
251,292.6608
308,265.6699
307,318.29355
321,332.56656
262,305.38602
253,262.75824
260,267.1319
234,266.6216
164,202.78876
1327,970.6932
1143,1026.3041
1054,698.92126
1120,859.3807
1029,683.6166
394,516.1394
267,257.99792
194,232.88359
163,191.68349
180,187.84398
198,197.08437
201,207.47583
213,212.57153
216,232.44348
229,236.66394
260,252.84827
257,285.29984
316,307.04248
359,371.91354
453,416.94534
546,481.3457
551,570.8785
696,695.2349
842,804.9615
1108,1013.44556
2092,1197.6598
730,1033.8048
658,627.89075
370,430.8299
190,238.22644
125,152.50226
122,137.36954
152,142.69484
157,175.71895
191,184.07898
162,199.91988
199,184.6617
168,203.67064
199,197.06815
220,215.88469
223,234.32187
248,251.08466
266,273.98178
268,290.98755
269,282.9793
286,279.59784
260,321.2131
258,251.8859
182,203.56145
127,133.65163
98,94.856636
92,79.27349
104,85.775764
92,88.93444
116,108.65707
131,126.78043
155,159.39523
147,149.12161
158,137.57355
113,141.56696
121,124.581696
132,138.22125
144,140.4951
166,157.49548
171,170.2752
182,195.45923
186,210.05667
244,202.15822
179,214.7718
204,188.74771
204,206.064
199,196.12996
145,144.04982
84,105.00593
44,65.66246
58,50.421227
70,70.248924
83,76.276535
82,103.05009
99,119.022354
159,145.01732
134,154.74127
122,122.05958
127,121.48071
130,123.27808
130,143.34451
127,144.20346
153,139.65794
171,161.89891
179,200.18967
207,205.91243
199,212.5055
231,202.70052
236,235.27563
336,254.1703
354,287.32718
273,231.42256
168,160.29947
104,104.86365
83,71.154976
94,80.824356
89,90.081024
120,93.961754
131,126.43692
137,168.44127
167,141.53377
128,140.94716
112,128.07503
139,125.0235
148,143.0654
124,151.57785
165,147.75835
172,176.6423
162,198.90195
207,203.00499
210,215.67552
180,226.52162
259,225.3007
264,323.8798
255,299.5091
173,238.05917
136,144.6521
86,104.509254
72,87.28346
84,91.053055
82,93.00496
84,107.225685
138,126.28331
141,163.39178
143,162.52263
136,138.5904
139,131.00002
117,140.92725
154,144.71014
171,155.33762
149,175.66191
208,177.12868
236,226.88292
245,254.49869
307,256.32153
248,287.287
283,291.4188
313,332.0146
340,334.1016
280,327.01453
215,228.21864
184,172.39044
107,169.25024
120,123.50944
104,100.45646
121,106.658844
160,142.9153
166,166.43042
168,162.12587
140,156.17403
166,149.42131
154,162.52696
161,175.45493
190,180.8093
186,198.58632
223,218.0341
275,265.31616
274,316.3628
317,344.926
340,360.1688
344,406.53497
484,459.94003
712,618.78864
762,739.0859
818,771.6441
634,700.4629
479,493.17218
288,309.6408
135,172.7305
109,129.04512
133,137.89381
140,156.20927
166,172.92744
184,187.6502
217,198.27252
209,219.99185
238,215.79529
234,240.2408
255,249.54024
296,273.20245
320,335.16135
377,365.03085
384,414.44022
386,429.10376
419,451.36694
578,554.1851
663,667.86005
823,755.3264
880,880.46185
778,717.70996
700,600.03986
370,418.95767
142,193.0985
125,121.225655
119,129.35602
155,138.6917
149,168.65465
179,184.67613
226,187.97722
185,220.63525
207,195.45845
309,216.47226
285,283.75427
267,282.09354
296,272.23825
269,307.39417
278,288.74335
238,286.89926
291,264.2058
269,291.06696
288,255.57892
211,209.74055
125,140.59624
91,95.22407
67,79.50081
86,78.76202
84,94.68724
112,116.01561
130,132.42754
163,161.02869
146,152.11174
122,135.68481
115,119.83276
131,125.181625
189,136.59164
141,179.62901
178,154.90619
179,178.95996
213,193.63533
212,213.388
203,211.90883
220,185.7847
236,215.11282
211,224.39212
259,197.37569
164,215.93625
104,124.94266
86,78.5657
65,76.10879
74,73.69821
67,73.795074
97,89.6887
119,110.86545
133,141.96536
140,149.59254
147,137.45961
149,139.64433
177,149.37708
148,169.8957
142,152.34958
160,152.89842
187,177.39302
203,208.92392
233,222.93039
235,242.02736
233,250.11679
259,265.419
291,274.89594
266,298.29834
178,198.85072
115,133.84071
87,89.57673
60,66.582375
84,77.31543
75,86.18185
114,91.50078
139,128.39459
158,158.41663
152,152.39284
121,137.10129
103,127.626045
146,125.68043
135,148.5405
163,150.07097
191,166.93913
180,193.74509
220,203.6763
217,235.14006
221,222.39476
203,223.28018
266,244.80829
279,314.26422
240,272.52924
178,203.1234
119,130.49188
93,93.64686
80,87.287766
94,88.85659
93,91.53448
117,101.0694
148,138.47855
159,164.36372
180,158.05988
191,146.99213
197,155.89157
184,172.10522
217,169.80684
164,205.25847
192,173.86629
204,205.60928
215,241.45468
226,247.26932
257,247.16167
274,251.10277
264,308.09293
327,318.73657
366,340.57364
385,312.913
299,276.34348
204,201.08301
173,146.3654
144,132.73741
96,109.94464
123,107.95407
152,152.19276
163,168.07874
249,170.55225
227,210.89096
187,204.46217
155,185.70741
179,173.32794
195,190.62193
193,209.10936
270,221.4517
287,294.90396
294,321.63953
381,353.92337
452,426.698
397,484.42105
519,500.96008
618,653.995
683,729.4693
741,688.67737
664,688.854
567,506.64713
374,329.44965
138,179.66766
114,130.1174
122,136.52965
146,153.62115
156,187.47453
218,196.83757
216,224.83163
199,216.70465
222,221.31645
257,236.14401
252,263.6847
261,279.48682
339,312.06696
366,377.689
434,424.8785
469,478.98245
430,542.9722
593,579.0521
694,674.41364
922,761.05756
760,886.3767
668,702.2702
535,569.2344
295,360.2377
204,173.46542
144,153.09846
138,130.887
133,146.87868
182,157.68456
167,204.56633
175,183.19914
213,189.7631
193,213.70271
207,215.89397
259,222.63138
264,259.58704
284,279.02032
308,296.45966
324,301.12878
300,310.71967
363,307.2502
345,365.5735
278,317.82733
191,205.52003
146,124.66928
91,104.39289
78,78.6008
97,83.278915
74,98.05911
128,115.820816
131,145.29997
149,160.05133
152,150.14471
143,129.39986
131,128.76799
151,132.70728
137,150.36652
160,149.1154
160,166.43663
166,174.62456
206,187.76709
219,215.7868
228,215.04549
210,206.4825
230,219.46078
239,232.01068
260,210.57877
175,181.64572
103,113.5045
66,64.98779
43,58.613476
62,68.46221
83,72.53776
108,104.031166
125,128.27025
147,154.53084
155,147.061
137,132.08727
119,132.05212
136,130.17038
130,144.97456
162,146.41228
181,162.16472
176,184.07913
189,204.50099
227,214.12672
220,238.65858
203,228.48795
244,235.33835
239,282.9296
226,269.5108
174,176.73944
144,121.62735
76,98.027824
80,56.72948
81,78.7102
84,86.33217
135,114.09214
123,145.74538
182,157.44621
177,168.53822
152,145.43213
138,132.55432
142,143.70718
139,143.0654
140,156.49011
188,163.14502
225,191.3836
229,225.43161
248,243.2134
271,241.84001
225,244.48386
263,262.33942
287,288.45752
299,273.57373
209,203.45978
145,146.0249
120,97.35961
91,88.281425
90,91.50975
101,91.88545
143,115.874504
142,150.95709
148,166.73663
147,167.4273
149,145.1057
129,153.77243
148,153.7447
153,171.57164
151,165.04842
159,177.89322
218,197.24478
243,253.76175
273,269.87
307,290.2999
400,296.565
362,381.8489
345,372.66943
366,346.9182
312,332.77756
259,269.9186
176,198.23347
159,155.93132
119,134.87982
115,106.31614
145,128.39154
148,156.36813
213,162.36075
166,188.68802
152,162.601
138,161.42384
152,152.9568
184,169.70387
202,189.7683
196,199.09737
228,235.70032
269,278.85233
337,311.46863
382,381.3356
407,451.7542
488,452.9218
792,571.421
711,888.6713
700,783.19745
779,729.16425
609,672.3271
486,518.3622
360,344.65524
145,170.72952
136,124.23497
155,136.74664
175,159.5559
173,183.94456
216,195.50552
197,219.53809
237,203.59
200,237.67789
254,225.87599
262,263.55347
290,282.87354
360,328.35934
362,393.5684
416,417.9224
432,467.58633
467,491.7568
530,625.3584
616,651.4161
684,737.7225
746,742.02814
681,693.76465
585,534.3444
384,370.35397
154,211.34483
171,135.11598
140,149.57654
143,153.5826
177,164.6274
179,195.36633
165,188.80258
212,188.47226
214,208.85779
252,220.61812
208,260.13834
267,236.52133
294,287.10785
306,300.7025
344,298.69412
348,328.61386
316,343.1464
329,312.44897
290,300.09494
198,197.53621
129,128.34514
111,89.16149
110,80.609886
122,97.57039
108,99.543594
129,126.92967
137,146.08978
172,162.31453
186,160.04056
144,156.73451
133,128.69016
118,133.8732
143,134.77606
168,152.124
177,170.9875
191,177.3476
213,211.01393
223,221.48692
221,224.41904
167,215.94456
172,191.36574
192,196.12341
177,201.05931
138,143.44893
82,99.311386
55,60.416725
71,55.339264
107,76.31158
101,91.56119
118,109.993904
125,132.18358
173,159.02472
167,163.96953
154,145.2798
140,138.327
171,133.38225
158,154.83221
185,158.43048
233,179.844
233,225.09691
250,238.63374
290,256.12903
314,265.81537
269,273.2776
270,263.97107
291,288.42697
251,264.30338
171,184.08685
128,125.99759
79,82.2922
88,73.607185
105,88.885864
92,92.65103
121,121.51379
159,140.72397
187,173.10661
175,178.61034
144,148.28792
159,131.76053
191,157.43613
191,175.2906
177,182.40564
191,194.47806
226,204.49907
241,251.34222
248,256.27023
348,251.35066
269,307.45166
232,295.40848
247,274.54312
283,259.671
271,237.92752
282,207.75705
226,212.10704
219,167.91542
163,157.14565
112,115.15502
128,120.33517
85,136.54968
109,128.75908
102,144.64418
143,133.17671
133,154.89075
164,158.9463
214,178.6037
236,213.67842
298,227.6746
319,310.1135
312,323.43594
320,326.5293
293,371.45975
284,305.09442
333,298.126
383,347.90308
387,397.5121
312,345.43906
246,271.35904
157,201.96939
144,156.11198
115,132.7943
71,106.61475
86,115.15503
113,123.65807
104,146.12173
102,134.92027
128,133.95094
121,146.83104
110,152.05513
146,152.02888
147,184.47491
149,184.25914
199,201.24612
194,258.97052
223,262.5792
230,274.35388
225,279.71124
268,303.0681
309,375.16293
361,405.3571
386,421.13022
340,403.0636
318,339.45
260,317.21307
189,257.2066
80,135.05223
73,93.58407
89,101.41717
100,113.30925
126,129.75845
132,168.30267
135,161.67896
142,149.03412
179,166.6973
168,204.44814
177,196.18275
186,216.51509
240,231.58145
268,302.47495
291,308.3387
290,308.91513
299,343.11227
423,389.92868
510,538.48474
535,531.7257
541,552.9045
467,462.86496
460,356.50235
284,298.96814
167,142.77222
102,132.68018
95,109.567215
83,112.558205
126,125.43883
147,153.39636
183,155.97601
169,189.81221
225,182.32655
213,223.7768
203,221.72409
204,218.82236
245,243.11037
260,270.4938
247,281.1479
262,264.52917
222,289.86224
264,266.57928
229,260.0562
1816,1173.1279
1640,1212.0415
1588,993.76776
1525,932.72595
1250,637.09973
721,847.0476
484,430.54028
421,404.07776
378,360.78714
372,352.91345
364,373.9509
389,375.76675
357,397.07837
382,357.2712
398,386.54703
370,395.15573
405,405.33
398,451.10297
518,480.40793
657,595.39825
705,584.5734
756,670.57697
913,846.14136
952,973.58246
1198,1045.6957
2459,1282.4716
961,1091.287
684,726.7921
455,512.48413
309,350.5564
293,311.33786
308,330.93774
304,321.50693
327,352.26086
349,361.48938
397,367.89987
339,395.0565
300,345.60294
344,320.99414
331,341.05423
355,342.00848
366,377.87445
351,384.33817
382,357.1214
355,388.21344
390,375.3299
399,392.95798
349,371.1795
290,248.04599
173,188.55164
104,134.32681
138,104.170616
124,139.40587
153,156.44516
215,201.42455
271,251.19583
288,298.3466
244,249.03003
230,219.11497
208,206.5305
200,201.92528
230,204.12503
205,229.67276
248,218.2038
237,258.72552
270,264.67825
304,290.92245
274,286.28604
241,252.54845
253,242.92319
239,264.19934
206,220.45197
163,161.77565
107,109.17096
104,80.45057
93,90.237366
120,104.66506
140,134.6698
167,195.97697
208,248.3699
238,284.9582
240,232.78679
228,211.03528
222,208.97408
182,204.11139
230,200.72995
192,225.66415
220,217.52956
236,238.06966
276,273.88992
321,304.45126
373,312.31845
307,336.99356
305,296.5832
407,313.58142
413,310.95898
323,270.6253
220,195.40059
129,141.42693
100,101.097435
129,112.1303
158,141.15894
190,191.9639
246,246.55779
267,292.77975
246,246.2593
193,221.0984
205,205.3044
187,197.99402
199,211.39871
240,212.82048
247,234.07828
255,264.17606
268,299.2493
334,312.13574
323,344.02667
292,325.88705
302,334.65082
317,362.346
297,318.14816
204,259.65024
141,167.90387
100,121.02306
102,105.20077
121,134.76083
155,149.41771
216,202.26682
284,269.76358
285,321.25946
259,265.50446
213,231.4056
235,212.63307
241,227.81825
238,232.4451
244,257.69757
231,261.56586
282,266.0599
354,318.80603
404,403.9698
400,381.08466
344,388.75482
357,395.34586
406,419.92065
439,416.5467
373,365.9323
330,280.694
189,221.56587
164,161.29431
164,167.1169
151,164.49606
209,210.51352
288,277.5487
298,318.8441
264,284.02332
268,243.14034
221,258.9325
281,243.35889
243,283.66473
249,269.55945
286,268.8513
320,318.21896
387,388.87756
479,473.04105
510,530.0671
459,542.94806
472,514.0273
547,616.86
720,671.242
694,736.6296
721,725.6788
670,592.27576
602,637.20447
406,408.14648
260,291.67902
231,279.65424
232,284.04422
287,302.4096
330,327.65167
319,350.5238
332,345.79333
338,348.3632
350,345.06216
349,358.07748
371,359.2364
345,398.12985
464,397.50595
537,521.0857
548,621.42255
517,594.9807
595,609.0491
657,721.37006
805,784.5583
872,853.3708
781,888.67267
794,704.54486
742,642.3399
474,547.4356
322,318.7942
262,296.50928
259,278.51273
250,294.15375
293,312.00424
339,340.98376
345,354.31998
365,348.6365
327,356.8342
440,331.09738
389,415.62582
370,380.17078
382,381.8906
426,396.08728
382,413.31735
343,369.60992
341,361.38684
314,364.48242
336,297.09955
259,268.86438
156,174.45854
97,117.17037
104,115.65337
107,128.9336
164,149.90546
230,208.46638
252,284.60602
278,288.25934
231,244.45515
237,212.81526
201,207.9862
230,198.42154
243,225.5607
229,236.35568
212,237.32558
226,239.96419
293,258.45108
317,311.4137
299,296.6007
267,269.0926
266,254.10669
312,263.81262
289,255.9516
213,250.09312
159,160.2932
137,119.35369
134,111.350204
194,116.98884
134,151.25699
188,179.28584
227,215.47191
278,269.51114
229,261.38177
255,226.61368
247,242.0134
205,246.72047
250,225.284
254,258.55374
208,253.22462
269,240.3374
292,296.80334
343,334.9666
349,372.02368
299,341.19345
262,314.84964
330,298.0796
338,323.137
220,238.46875
163,165.45459
109,129.05144
99,99.44043
127,128.08357
169,149.79073
205,205.37248
250,259.21268
277,285.90866
255,245.18147
210,226.1806
252,214.71172
228,228.27281
240,226.24567
225,247.78252
225,236.09415
256,255.39754
324,303.64444
327,357.6672
320,335.39102
277,324.16107
281,299.29068
284,328.41116
295,292.60022
242,244.57146
138,177.14445
85,117.954285
91,99.08123
116,126.65683
158,154.48975
197,207.41676
257,259.18463
305,298.28867
275,268.23444
267,233.68845
256,257.9245
274,249.33989
246,268.24814
279,253.20459
258,267.81915
284,281.822
321,345.00784
407,371.45184
363,401.06268
344,360.25336
341,387.19553
425,397.5947
469,420.49942
384,389.7679
284,304.62048
197,197.01688
176,157.95934
186,154.98244
173,165.4664
247,206.4504
295,296.09564
289,326.81897
344,275.91724
299,291.85312
242,283.0482
283,264.5167
260,278.21658
308,271.06442
305,309.4035
313,331.51068
409,376.9418
497,488.6749
580,536.5836
604,591.2314
493,612.30255
579,628.831
758,696.7727
758,793.6191
766,796.5654
747,681.8447
637,660.9694
437,393.8737
303,281.45688
310,277.4743
300,292.54214
269,307.17422
329,322.6197
347,342.94543
355,368.40228
336,352.18637
376,345.28815
340,380.57178
362,361.3463
442,386.65402
467,463.91827
555,529.34644
586,640.31683
679,630.4564
598,726.0461
728,716.5651
842,804.31683
934,910.05524
947,988.2861
868,825.33563
695,755.42017
513,490.67062
339,345.48602
323,310.2609
278,321.0183
273,297.8099
337,316.785
393,367.49698
323,401.3845
364,336.8246
354,357.38553
353,350.81354
370,348.71536
381,368.68997
412,391.8734
449,424.3451
442,426.1567
381,422.83023
334,390.0716
422,365.8453
494,383.33505
268,385.2072
149,188.47058
102,111.939926
89,116.57312
128,119.84896
155,151.72144
223,223.01216
249,272.88025
272,287.99493
257,241.80511
211,231.15787
194,198.89493
236,195.35011
197,234.68333
231,209.42711
239,239.76245
268,243.35263
313,290.64206
286,323.25156
307,279.09335
324,275.52313
255,299.78018
296,264.8442
248,266.1154
174,182.73694
99,112.31703
100,83.621956
125,105.23576
108,128.01488
149,135.41132
213,195.12567
275,251.56882
281,302.2852
246,252.57584
206,214.83492
170,200.49385
217,183.77856
213,220.51279
221,229.31563
234,226.55637
239,246.87932
291,281.4931
362,316.7787
335,351.82663
258,328.6363
240,273.54993
332,287.969
262,310.7961
218,194.95065
138,149.43347
98,112.005745
79,96.91631
102,116.03669
171,149.35837
202,211.56047
250,265.85965
304,289.48874
310,261.38504
236,236.2328
225,205.6309
225,225.65121
244,226.38867
280,244.21315
268,270.02014
280,271.40723
323,316.46555
382,355.90753
365,363.87308
290,326.74408
314,298.8392
349,338.9604
326,309.82773
244,240.01686
150,156.19322
96,108.85799
109,95.03647
124,120.21693
143,156.10365
205,204.29198
295,266.41748
299,324.01462
278,285.2908
276,251.72314
229,259.35934
244,244.5703
249,253.58218
221,275.47546
279,248.16496
283,295.3807
377,341.12173
440,418.58643
429,433.23813
472,389.5593
372,424.15546
424,419.69147
459,432.58932
388,389.4179
248,307.57996
205,184.3731
167,172.61174
176,167.27954
160,165.42186
230,206.62006
302,306.35287
303,318.4149
298,289.37912
294,289.40308
305,278.09552
316,298.02997
278,302.10577
305,290.02765
265,312.46545
351,303.41293
416,411.85623
500,489.98087
600,545.52313
526,621.3751
547,546.789
750,641.09735
694,862.88135
746,736.7164
770,779.29974
756,697.74036
620,622.85815
456,430.93954
254,300.946
272,282.2692
245,318.67996
291,287.1429
342,328.8663
351,357.05676
346,368.19345
378,353.20343
380,386.68216
354,377.76068
370,363.02567
458,399.55774
533,505.83194
573,596.2413
611,632.46423
602,657.3605
645,637.56647
816,758.49066
873,845.51276
897,860.7341
967,851.69635
938,847.2498
838,739.7423
618,614.7925
388,365.12155
347,337.55707
319,317.20444
292,301.53015
334,333.01413
346,366.0425
379,355.99835
383,381.29022
356,368.2159
377,351.86926
360,371.08258
355,366.0891
417,383.71115
455,429.99634
430,427.17902
405,402.865
428,392.0762
383,418.67557
352,344.56635
339,285.1573
177,239.03755
143,128.47366
135,126.88842
163,135.07591
177,171.8338
207,239.25314
250,279.17096
283,281.12695
294,249.63548
244,248.95354
217,221.32967
217,219.00366
242,223.72409
234,240.92065
276,238.52731
248,275.07455
270,282.0585
296,297.10892
289,293.72763
242,276.92316
225,249.25311
243,255.60501
227,225.32646
169,181.7676
134,111.56337
130,100.96408
74,117.56208
137,120.490074
181,147.11217
222,214.28333
280,255.61578
309,299.78848
268,268.585
228,233.07887
235,218.22047
239,220.30165
250,241.36351
262,242.77153
281,253.49625
319,281.87982
320,334.6406
403,345.91364
464,372.48825
361,398.0552
318,321.43
326,322.95947
290,301.5166
189,208.59682
161,140.72174
91,118.00167
114,89.56507
140,130.18379
141,167.54478
235,213.25438
271,284.44965
284,302.6301
277,259.96115
261,229.81044
250,248.49088
269,244.48082
278,263.58585
285,280.79764
284,285.34897
259,298.0628
342,314.72183
329,376.85382
451,343.0371
354,409.05298
326,348.8635
342,342.7765
331,315.5584
367,262.13742
346,278.18524
301,242.78499
279,219.15634
242,192.19846
181,174.07616
196,210.05875
178,233.72005
187,224.60799
186,222.1478
216,214.1846
205,244.85889
252,231.15117
303,263.9665
358,321.56665
429,366.6597
451,436.27188
535,470.5267
528,553.68677
478,579.8318
475,472.5998
524,469.56525
652,553.5431
600,622.5577
475,484.66412
353,379.1847
204,270.5091
153,182.54579
135,175.50981
131,159.46066
139,205.63089
162,217.4158
199,230.05641
199,227.42068
230,230.22075
227,233.40077
218,249.25717
225,248.09361
240,274.42346
255,278.1312
258,302.45142
317,344.20236
339,410.14557
355,416.95627
323,420.73703
336,397.5543
370,454.91647
452,495.99567
414,523.52356
383,417.9806
362,357.0685
367,360.5054
269,287.87634
238,217.9555
163,248.19052
186,204.77667
204,237.4113
229,265.33997
228,285.68604
260,285.07327
266,289.35455
263,297.5743
273,296.53928
312,311.34027
310,358.96136
356,373.2936
381,420.86414
402,426.0834
426,425.0628
397,468.84775
464,481.26404
549,517.69196
560,584.1568
593,481.40698
514,471.35254
429,444.6955
390,327.25885
302,285.6764
271,301.1707
244,274.6604
222,259.74353
260,275.6294
304,293.30023
331,318.44772
304,325.37177
362,306.59335
320,341.74744
347,325.5025
313,344.89743
355,343.76712
350,381.69507
322,362.4908
261,329.26205
279,295.96042
317,313.04416
310,299.947
167,156.0346
162,115.99628
123,102.257866
136,93.260666
146,103.310585
146,124.90652
155,174.6312
210,203.05952
256,256.03198
269,292.96216
283,289.63223
265,276.4752
248,264.4514
251,273.8861
268,281.65286
279,271.93723
277,282.1307
285,288.65195
286,294.86038
294,282.4772
261,283.6281
241,261.0908
246,242.56961
197,218.14781
172,166.67079
232,142.91273
69,153.52307
70,83.250374
96,92.45122
114,105.764015
141,139.27414
193,186.33644
188,207.62587
274,248.68666
277,299.1199
251,267.863
240,243.23776
260,244.10262
245,254.33174
240,236.23117
244,227.76093
225,235.0694
235,230.57654
231,222.33952
183,204.515
203,178.4741
149,187.37971
114,126.762535
82,83.57438
56,58.89509
38,47.22598
62,44.616734
86,75.63851
158,130.1916
252,208.8621
371,327.94678
332,355.56354
224,255.24757
196,192.14648
173,182.21863
194,182.797
204,212.93146
269,214.73166
241,249.92397
248,224.94772
245,239.28667
227,237.16353
173,196.5769
166,159.337
142,157.78166
136,142.19081
139,114.97968
80,85.70958
39,50.61978
56,36.160984
58,57.16708
108,78.30347
150,155.88155
215,255.8278
296,345.39404
299,348.33322
245,239.37395
207,197.36372
203,185.37532
184,196.00679
204,216.09425
198,244.87009
199,215.46973
234,211.35735
197,248.74718
194,217.61
199,184.48154
172,167.69641
152,159.3954
169,150.62032
127,142.05966
93,91.69094
56,52.355186
63,52.148827
58,55.510284
93,85.36003
138,145.59047
275,246.73537
408,359.9613
388,355.14832
284,287.742
207,215.45992
192,192.66766
179,194.76276
200,213.18144
284,228.88466
238,253.18082
248,234.40536
251,259.75238
233,230.26599
185,208.64137
154,177.53003
164,164.13756
149,168.9609
130,125.027504
86,93.85728
60,61.223038
47,51.117435
73,57.44013
77,96.233696
147,146.50145
287,269.21997
414,407.86206
389,409.4858
272,299.81863
252,214.74161
208,226.95699
222,206.80945
220,232.09238
254,259.75064
288,256.2926
264,275.3755
291,284.72736
285,270.53717
225,237.46352
184,189.70584
180,174.09161
173,172.69147
127,145.05199
122,100.50353
53,72.40599
50,53.99017
72,64.792915
90,94.70261
157,160.78375
294,264.48804
388,398.44983
373,399.87912
297,290.853
252,248.9835
235,237.33136
237,239.85582
286,256.0218
330,299.06
279,316.16852
273,290.9054
348,304.22513
335,344.6171
281,325.50644
251,263.1418
226,246.26025
232,225.87286
181,202.56221
135,154.81917
127,112.92573
75,101.15337
88,84.5394
94,96.113945
101,115.74856
164,157.884
193,214.86455
269,251.09496
275,297.28845
261,284.69513
230,270.68988
258,248.48932
278,276.19968
260,292.93237
255,271.64456
262,270.94122
297,287.0545
311,300.7459
298,300.07895
256,271.7796
205,248.23871
221,229.93268
209,199.44113
167,167.27856
118,138.18114
94,88.50723
79,83.96185
90,90.22345
108,99.92232
134,139.76418
182,181.9185
215,204.84474
275,261.5444
285,289.37497
274,257.9895
260,256.31244
273,253.39735
324,257.09723
270,277.5145
217,245.9092
221,223.73169
219,228.39865
201,211.74013
176,188.16704
169,174.05925
158,169.33061
141,130.3617
87,87.189415
76,58.05492
45,50.15509
56,46.221165
75,74.73714
144,138.43513
258,237.18898
402,339.62363
386,353.72458
287,280.79477
207,216.77184
192,185.3522
199,193.42894
268,215.63583
331,265.3972
269,292.02518
245,242.12051
314,243.66823
259,264.66058
211,210.0869
209,178.67146
154,173.3472
157,147.76854
128,123.48122
96,99.6712
50,65.343056
46,49.1853
52,62.20266
85,73.245766
130,130.95119
200,201.77481
249,267.1078
261,307.42328
242,263.5148
218,217.35826
180,213.74165
206,192.86952
243,225.64986
244,262.82745
230,244.95197
215,245.26103
227,242.89697
196,236.42741
182,206.02469
160,178.89363
148,160.37012
153,150.00484
138,130.06778
89,98.53497
64,57.540962
52,56.417
54,59.44566
75,90.54977
153,135.00713
292,250.64693
405,361.0891
414,364.13086
288,294.7864
217,217.56331
177,194.38235
177,185.91167
218,212.93764
301,247.9691
260,265.12088
244,246.96695
312,267.46033
233,262.39844
195,201.30049
187,169.95204
176,168.79085
157,165.00659
132,128.6905
97,93.47583
67,64.70119
62,51.56289
58,59.011337
71,79.91151
156,146.44298
287,278.5727
403,407.86206
403,402.54034
332,303.8755
244,238.83765
242,224.85507
235,221.53743
251,241.47212
314,280.48944
286,293.6092
252,270.6088
319,288.40454
239,286.13428
251,216.0247
201,210.57355
171,191.07501
165,172.734
158,143.7133
80,114.566864
60,57.97549
49,57.210827
67,67.16013
87,89.479294
154,155.94025
290,265.51343
405,395.65488
383,393.84048
278,310.4513
252,241.83357
228,245.65639
250,241.13576
287,269.4824
277,311.4761
298,289.5013
305,297.5631
355,337.66125
336,348.80405
293,327.66568
214,264.58704
242,219.66405
227,232.18939
196,204.08907
164,155.25945
127,125.52486
87,101.1456
73,87.63676
90,90.74453
100,112.18795
152,156.38895
186,212.26907
218,251.79408
331,262.4344
274,302.12704
273,265.78076
244,264.31348
252,269.409
271,271.85437
278,266.5107
272,281.1642
295,292.184
300,306.266
294,299.4098
225,258.87857
249,236.93361
245,251.1632
231,216.38896
185,187.09665
157,144.1974
125,105.8304
99,89.67034
90,93.19358
112,99.98917
150,135.84962
176,182.1337
185,207.62761
270,262.72006
285,294.34204
246,269.7987
246,241.60924
242,248.3214
243,249.82077
250,236.41983
235,235.05035
238,231.32402
244,234.67987
244,227.37242
224,211.9133
178,206.63094
192,165.08752
152,146.54375
106,91.064865
64,63.886368
59,45.64327
44,56.59288
78,73.0412
152,140.42262
264,244.54947
384,366.67627
379,385.0005
290,284.57422
225,224.2681
196,194.30437
196,198.54024
218,213.38957
291,242.77783
253,262.87906
271,246.35214
260,264.79602
254,245.00717
187,214.22581
157,169.1348
159,150.34607
147,150.61221
116,121.44066
67,86.72956
51,49.087368
43,44.972523
54,53.496574
72,85.290535
157,142.03764
274,238.03986
403,344.11096
339,349.73718
273,269.31067
202,215.06216
194,191.48772
189,194.61378
258,219.41217
277,264.3392
264,261.4282
236,253.95973
235,247.48598
194,222.45404
194,186.31017
168,172.88837
141,162.6559
162,152.59973
130,132.19727
94,89.24233
55,58.56941
55,53.401485
61,56.15993
75,82.018585
176,140.33112
303,292.54437
415,407.13693
459,383.09955
322,331.55408
224,223.07031
206,200.63728
209,198.15236
232,228.58385
305,267.46597
279,279.14536
237,263.48267
302,265.32004
222,255.62146
223,200.17085
183,190.87013
180,170.46617
170,169.00209
125,136.86555
97,93.73146
63,65.626175
48,51.281464
60,59.41093
68,80.1019
164,148.71448
307,292.91104
451,412.75937
431,436.52386
305,336.77158
258,237.41716
223,234.90164
246,226.35175
263,250.79553
304,297.05667
298,288.96817
289,278.07
306,301.4245
304,273.07404
285,252.63168
228,225.62459
186,204.94724
160,181.19841
164,145.658
111,118.53559
76,65.42889
47,55.236088
71,66.52905
94,89.620026
162,154.33849
270,282.799
423,395.8923
407,406.11215
335,309.40396
268,267.63455
245,245.91386
268,249.87474
270,278.42142
328,302.40753
296,312.95667
306,304.2186
372,338.74985
319,364.26706
324,307.69968
265,279.15765
252,249.09409
252,237.16223
199,213.20592
181,156.28491
131,131.03123
106,91.30294
81,88.56087
111,93.34322
122,112.031044
142,163.20064
209,195.10353
287,256.6754
330,295.21027
289,304.1897
290,276.4129
258,279.25916
282,264.3744
273,284.57947
281,276.32263
261,278.9498
331,291.28568
346,325.58633
307,323.7497
275,275.93964
260,264.56796
284,262.13153
261,236.81805
203,205.85966
138,154.9715
129,102.46783
113,94.36245
85,99.88407
123,110.175835
148,139.39793
184,177.69958
193,205.23012
288,265.58752
275,300.65857
271,267.0523
250,255.39838
266,250.51405
268,257.10733
250,250.3944
288,238.94592
270,266.10065
239,254.87859
215,223.7787
185,194.18398
195,179.78748
193,174.06065
161,150.5301
120,98.835686
71,70.96136
54,48.07033
48,56.06631
68,75.02236
150,140.529
261,246.5619
356,369.84473
394,375.14603
276,297.54858
232,220.73497
199,204.06693
216,199.65717
239,221.49063
279,264.57397
279,255.59735
262,262.32385
272,267.58316
261,252.25623
198,215.31113
179,174.61472
170,164.05348
179,157.99663
138,135.13194
78,89.61637
64,52.282093
57,46.68504
55,52.096004
79,82.44293
144,143.47813
258,234.89471
427,339.97485
385,370.369
296,282.67538
241,225.16338
222,207.68706
235,210.66914
274,243.02321
322,269.85483
312,282.34436
319,281.59
316,296.1166
312,263.97617
287,236.52534
253,222.91092
197,203.41245
216,180.09343
191,148.33107
101,109.99069
56,63.917686
63,53.672523
83,61.115692
67,83.99331
143,138.8794
268,270.04742
412,405.6987
398,404.62463
297,300.43713
298,228.00598
236,241.63838
253,219.89871
277,247.78069
385,299.30014
304,341.05618
283,288.29053
339,307.03973
308,314.62335
346,254.95226
277,264.83255
244,226.06166
237,202.3151
219,171.24031
166,162.02904
146,110.19623
92,101.29619
69,79.681366
84,83.27472
92,130.35362
132,157.93185
141,205.43549
154,191.07574
131,180.04578
143,168.14
153,187.81422
190,191.285
235,224.53163
264,275.14914
328,291.9104
365,333.4227
448,358.99786
488,399.7193
476,417.89578
466,360.8829
448,355.4323
435,385.7135
482,284.9739
351,286.22714
214,189.94026
154,116.64185
114,98.96743
113,99.225174
120,139.20268
187,212.06407
209,278.00446
247,276.1677
236,241.62646
207,224.5619
209,209.14108
258,224.69258
253,271.861
294,287.31076
241,294.93155
291,282.9904
333,336.25146
281,359.77005
265,292.72928
217,261.23508
249,238.84225
241,262.4874
227,218.14767
183,191.6376
120,144.75897
95,95.57626
124,86.448044
107,104.9417
117,106.634056
138,154.64272
164,181.84393
205,230.1764
241,269.4327
234,264.57452
256,256.94473
224,265.12772
259,251.93073
263,277.21313
280,266.7084
248,275.34265
309,281.4275
270,308.68408
302,278.10516
269,264.05814
243,259.48795
240,252.34834
250,230.09259
237,202.56572
136,163.0866
131,105.09289
130,107.5767
94,104.58588
113,109.94682
154,138.50037
175,169.92154
188,195.77466
243,244.69325
284,272.49307
301,272.5915
261,267.5548
263,260.05453
276,262.20084
255,255.84564
218,240.34964
251,231.48076
231,239.36508
208,216.9292
208,189.18504
166,190.51624
188,175.38126
151,157.308
301,209.01909
299,186.84985
225,157.51118
210,130.83981
128,107.68393
94,81.4724
99,104.979095
142,133.48383
208,183.44276
211,242.793
217,238.11336
262,238.98938
251,265.028
274,257.10757
248,280.40955
272,265.22247
301,291.19254
276,315.41562
329,313.89206
327,315.28366
299,308.95795
353,294.26437
338,333.62378
288,302.73724
300,246.07343
377,200.65977
122,199.62682
72,105.3874
93,79.8602
80,78.87421
79,92.8491
124,111.64349
124,153.6534
142,181.76402
180,197.46977
162,210.40977
209,201.602
181,221.05602
201,209.57088
173,219.43044
162,205.74475
161,199.2995
172,200.92348
203,188.98991
206,204.04736
193,211.25215
169,186.17242
141,147.05536
87,99.08942
37,53.280453
31,31.282965
31,32.370586
51,49.439842
81,71.849815
118,121.63742
232,183.76878
249,257.68896
192,212.4753
183,170.4609
159,168.3539
176,174.98325
182,176.35933
200,189.2454
183,197.26419
224,191.30885
229,233.62006
249,238.08804
233,222.15045
180,204.95222
128,165.47238
131,139.86984
102,110.1562
59,67.20362
37,35.07771
24,24.064936
27,25.5695
69,45.751747
62,84.652275
108,127.3945
213,225.87964
190,272.09744
188,199.05142
177,171.31808
172,165.6072
170,177.98152
177,184.00883
189,192.48877
204,198.20807
200,219.3948
243,243.81606
227,269.2027
216,218.18042
202,194.33974
177,177.1715
156,153.90778
133,127.26174
98,75.34749
44,46.64075
21,27.861998
30,24.048107
56,47.067554
74,76.51393
134,130.29863
255,218.80083
270,285.9125
216,222.41777
190,184.29031
149,180.4327
197,167.21436
177,199.43288
206,195.65515
206,214.74648
227,215.64659
269,265.3475
257,275.33853
213,238.4116
205,208.00322
214,209.81337
166,195.2622
132,140.96065
82,98.899345
51,49.29119
30,31.696606
30,29.950329
59,56.673695
82,82.299774
131,139.15103
232,239.0075
259,287.96143
215,228.9824
203,197.91039
207,183.27792
187,204.8968
230,201.94836
203,227.80396
226,215.34789
232,237.21626
322,271.2192
278,316.79187
291,252.87051
296,254.42786
235,257.7506
177,206.62225
161,151.06305
128,99.12062
65,74.88381
38,46.107967
36,42.356686
62,62.74966
74,78.52638
127,131.64665
241,225.9574
267,281.29266
203,227.96141
197,201.36089
203,204.3673
242,210.78522
213,238.25609
241,222.5965
234,241.39778
240,249.24962
317,283.68402
330,333.46774
312,311.22906
299,296.19763
311,284.7291
287,297.34253
270,271.9891
229,227.34695
152,159.58656
100,105.63536
79,81.64047
59,63.613113
63,66.90536
116,92.15654
130,142.06625
185,185.15077
216,221.05104
212,229.88708
227,238.69737
241,244.91452
223,251.9426
248,245.31657
303,258.45255
300,306.29587
289,307.22302
303,312.4488
271,294.39456
288,275.90607
261,291.87183
261,282.21417
283,250.78468
219,238.22296
193,164.46793
99,123.50928
82,83.56473
67,69.17664
66,69.5937
80,89.22637
88,110.54216
137,136.55612
169,183.39368
168,201.75108
229,202.0595
253,237.54286
251,237.2567
282,241.29546
323,268.69983
256,302.07974
284,248.54149
258,274.01367
265,233.148
204,239.32736
181,196.78308
159,168.8861
121,134.54129
95,85.18639
36,55.15068
25,30.407518
38,27.77202
45,54.90752
82,70.7693
146,121.393684
229,211.77715
253,262.583
202,212.20108
183,172.32468
185,165.93976
241,181.36536
232,221.3086
215,217.998
218,206.31291
212,221.44637
263,234.86775
291,267.55396
266,252.00934
262,222.34537
229,214.28296
196,184.47626
133,130.07077
83,94.87777
34,49.22748
28,28.453287
29,30.76815
46,46.773636
66,61.878513
101,113.579185
239,155.18657
213,269.02466
212,214.23283
183,199.82504
175,183.9992
208,190.36726
213,211.95139
215,217.55585
242,222.9231
222,245.43883
274,253.69725
275,287.6791
242,263.33255
219,229.84222
197,213.05669
187,185.04118
126,152.77805
54,84.04693
36,37.548195
28,24.387445
27,29.334703
39,45.02457
79,73.406296
152,127.75769
261,229.32861
294,291.45096
217,233.27754
174,185.7933
192,172.90117
205,197.9849
227,203.54092
230,223.34158
237,228.46039
235,239.31885
268,279.5347
251,277.72433
238,236.06563
217,224.87138
192,218.79086
175,183.67601
134,139.74895
83,91.55752
42,48.27562
26,29.97693
37,29.2036
48,54.24068
83,79.511215
153,140.26775
245,238.17622
264,288.30856
258,230.07593
182,201.52554
205,193.25339
252,203.12434
213,246.163
215,223.30212
231,228.95024
255,242.06479
308,283.61636
296,300.97165
289,269.4878
244,259.43512
219,231.15993
178,197.2016
162,154.07364
113,101.46234
69,68.76212
41,46.78489
46,42.9595
60,62.51341
99,78.42146
137,142.78995
252,229.23468
274,279.2519
240,235.80093
208,207.46408
210,209.78299
219,223.15602
221,222.78769
230,235.46707
238,238.27673
266,254.38815
327,303.63776
350,343.28094
319,323.01978
279,290.90067
296,280.62262
318,292.22025
330,283.44763
236,244.80945
172,160.95303
106,113.958145
63,78.88552
68,58.924488
68,68.36862
101,99.96846
150,134.88272
203,190.9821
235,229.0139
248,236.43277
275,254.43642
303,268.4134
272,284.59494
260,265.09775
331,265.45267
335,324.80246
331,338.06137
348,337.46182
380,324.6393
374,325.62796
316,335.4322
332,318.57422
293,310.44586
237,243.07254
175,185.51544
129,118.675354
68,87.73705
81,71.65682
64,69.2754
79,79.88552
91,112.063515
136,134.45174
176,182.44655
210,197.48373
233,228.10484
282,248.64641
286,267.18997
263,269.75223
275,258.42896
272,269.14505
294,266.66397
277,283.27982
261,253.87349
216,232.84735
214,199.585
152,187.85162
153,123.78235
83,96.35304
69,43.897507
27,37.229313
29,31.116695
45,52.891945
71,75.551445
136,131.54124
223,221.98117
282,261.11218
208,222.69853
156,182.56847
148,155.04015
171,164.6388
180,177.66125
187,190.4465
225,190.352
215,223.08186
252,237.85262
259,270.258
226,232.1769
168,205.12704
175,162.42728
156,162.64601
173,120.00257
84,96.32662
37,44.49895
18,23.84037
26,24.494255
43,49.42466
74,67.09371
141,119.23777
254,227.33218
255,255.9561
220,220.63672
187,176.81917
163,167.33932
195,174.79282
189,198.23062
186,196.53082
229,202.95567
218,221.73468
276,259.8673
246,281.0457
231,224.786
179,201.98044
198,179.26605
155,172.51425
142,137.57811
101,74.41877
43,46.48405
26,22.838781
26,26.446625
57,43.279434
86,79.24635
155,142.51202
222,253.31148
281,278.59558
264,232.36713
216,203.26535
196,187.81197
191,199.8306
220,194.76936
206,216.24611
231,213.90996
249,238.58633
299,282.79037
278,291.079
280,253.90114
232,238.09915
222,220.25719
214,188.34819
152,156.93965
104,92.16382
52,54.678467
27,30.512787
32,29.2036
55,57.674683
86,85.94407
127,142.26869
228,228.71834
312,276.06732
267,266.8815
199,213.29317
193,200.34656
206,207.76097
215,219.25465
218,222.83446
236,229.5135
269,245.28133
280,304.74234
291,290.3172
270,283.06244
223,245.92015
214,223.43526
230,203.20114
172,183.59242
115,117.65193
77,68.54171
47,44.722904
66,43.35462
65,67.34835
73,79.457825
148,128.27641
243,223.82175
318,282.25613
259,253.29396
205,218.5901
190,204.24626
232,207.50714
226,227.48236
255,236.91252
222,254.17285
261,256.4128
307,298.6785
315,331.05624
322,308.67615
323,289.1572
334,303.5497
292,317.61368
295,267.71426
227,230.17805
190,168.89812
113,123.08735
66,84.98478
83,66.47214
60,71.24158
93,92.1011
125,135.72176
220,192.86148
235,237.68544
211,238.387
251,240.65297
240,257.18176
273,252.95409
252,272.71555
290,263.10318
327,298.418
316,330.9059
348,333.0407
322,333.13275
309,304.5727
298,314.03705
314,312.83182
314,293.47403
235,247.05325
193,186.80606
135,129.13225
82,83.73117
93,80.374725
69,67.81262
90,82.37065
130,102.568344
119,152.63947
197,173.9808
213,207.21225
243,232.40765
258,246.88995
274,251.49664
278,262.7526
241,269.8274
259,250.59184
281,270.78375
252,273.3894
249,240.02553
193,223.44249
176,189.58069
193,162.61804
140,150.43639
96,87.866844
58,46.70792
33,33.202866
40,29.213654
59,52.016827
73,81.32828
121,129.04202
210,213.71284
240,255.04732
185,212.62495
187,172.65074
176,168.83266
186,174.88315
177,185.37653
222,187.1806
215,220.53409
221,218.21933
276,245.64934
221,271.43964
228,210.4789
176,195.68806
184,168.65428
164,165.2104
108,131.9972
85,77.20234
50,42.28544
40,26.067875
34,29.89932
44,48.157066
76,67.604965
129,118.15723
232,224.49074
267,243.44519
213,221.91344
196,186.931
189,179.49072
196,191.37227
232,192.8558
256,222.54901
248,240.85782
214,240.46811
243,263.72104
270,250.60072
288,241.33582
247,230.65518
237,218.51028
193,192.79288
169,142.66191
103,104.22949
62,52.521584
40,34.53642
42,30.490128
52,56.801277
75,81.07807
107,143.87758
201,226.98322
220,270.31744
197,216.42628
222,188.58632
197,200.05939
234,199.7421
219,233.05995
257,225.31453
252,252.35098
280,246.01431
275,286.24274
293,281.9488
379,273.9426
278,317.94806
284,254.5824
237,232.09894
165,172.5572
133,117.02491
97,84.51997
54,52.920025
44,44.55551
57,57.80419
82,73.18167
108,103.39491
100,132.21902
108,134.16
113,119.72776
140,146.807
181,167.74088
214,207.82523
218,226.60538
211,231.94489
261,233.162
323,281.02243
316,325.03012
324,331.81555
287,319.30643
361,278.08875
384,339.69794
455,321.75983
323,303.40305
236,172.04391
162,111.744896
109,89.48111
73,63.146313
50,68.365425
52,74.979965
68,116.26328
104,164.04027
114,171.90775
130,146.10538
143,165.46669
156,175.64578
197,193.84297
203,215.35387
193,225.6075
209,221.80067
233,249.7713
254,288.40015
278,302.04697
226,292.6336
247,249.8928
243,279.84555
245,280.44427
225,265.20163
179,210.69888
124,157.67198
84,99.80041
47,68.195816
51,58.737316
60,57.65451
66,81.542206
70,100.34073
111,125.03809
149,151.86053
144,190.34712
189,178.40277
209,214.12088
223,235.94566
203,234.91957
249,233.69395
286,276.135
264,303.95712
276,297.96655
285,281.55954
280,276.05838
226,281.2602
262,253.03012
220,261.3221
198,198.09052
145,162.68907
94,107.14096
68,70.93286
63,66.79704
61,62.12745
79,73.23811
87,87.266716
124,115.44452
169,161.32208
223,190.56395
238,225.95776
283,239.37247
269,265.96967
289,262.12277
258,269.5848
270,256.29202
270,271.2969
251,261.70264
223,237.66455
151,207.9455
169,163.41513
169,159.5168
129,136.94362
295,268.96414
278,219.14409
271,193.92778
247,175.75192
232,157.29106
135,141.78264
180,176.85245
210,219.12402
267,292.30026
296,318.38208
307,315.77515
276,318.42752
316,293.25748
295,317.51498
318,316.11548
324,318.38
315,334.65164
318,342.91046
381,349.2754
362,375.1057
368,351.1204
351,362.5098
329,364.905
331,328.4501
306,299.14233
433,250.74686
133,256.06866
126,143.13716
140,140.34686
112,116.84547
142,148.85046
143,186.80844
170,198.61412
241,251.95067
242,287.40115
233,265.23465
226,261.22446
206,244.70831
200,248.12236
218,231.40692
188,247.17061
189,224.90552
180,226.16313
222,199.67844
239,229.36366
237,241.47319
250,237.66978
191,221.34119
134,147.21576
101,91.82328
74,72.21217
84,65.070335
90,93.649025
143,113.51898
226,200.3142
421,360.29175
408,409.44632
314,317.25903
210,240.88226
188,194.67592
209,193.0154
224,213.81033
249,225.45932
262,236.41425
261,252.52814
237,266.20056
240,245.43459
268,226.69664
199,228.34668
208,189.46245
168,202.91235
201,163.32718
113,138.4539
66,75.02212
52,51.67705
59,58.295357
135,81.45716
127,140.57751
203,226.17215
332,396.0275
341,410.35715
285,314.02377
232,238.80002
213,205.04845
207,211.29681
215,218.10973
189,239.59225
244,229.90129
234,262.18903
268,271.97836
272,278.83694
218,255.15298
250,212.23668
208,225.76067
195,200.02222
183,190.06819
128,123.561035
82,81.75063
48,61.746483
66,60.8002
99,85.48465
132,125.5198
254,226.68839
428,402.84903
445,424.22546
323,347.36047
260,251.7988
200,229.64098
238,212.52048
225,235.7823
248,241.5998
249,255.66066
287,267.99597
307,307.93588
245,316.94876
259,249.74275
228,247.45497
218,223.31625
239,219.82283
174,214.40604
136,136.56015
91,95.29415
67,64.346504
76,71.34713
103,104.71988
136,142.23549
260,248.97734
387,439.98657
366,454.23495
337,325.01093
254,270.12354
247,231.7189
242,247.4604
253,251.59851
259,269.05725
267,268.28168
293,296.53162
314,311.6619
334,310.73898
319,296.5856
249,277.5776
242,247.03215
244,242.87074
230,215.5573
191,165.93556
116,120.604996
102,82.906624
95,93.52266
101,117.722534
135,140.07011
232,233.37637
444,413.3338
427,453.63165
329,363.1633
281,274.1552
255,261.92694
296,261.67215
282,291.36276
288,284.5089
264,284.36624
364,297.95425
322,368.74567
366,363.75586
360,368.31213
349,347.4976
361,341.4715
315,368.6181
324,316.279
331,288.69104
222,232.50456
177,186.51695
157,153.9504
153,133.95937
131,130.9285
175,176.85909
233,218.74821
282,297.7314
322,307.20392
295,315.30463
302,306.12823
311,312.59653
286,307.21246
304,302.12723
309,306.75534
305,325.26282
349,322.89398
344,365.25748
376,349.32028
340,354.01154
343,345.64426
335,352.43207
346,331.4907
290,313.52548
256,245.47057
221,183.52519
156,170.192
156,143.18956
102,123.47468
162,145.0724
157,193.24919
218,206.32927
306,278.13928
280,312.0488
249,285.02032
288,268.32742
279,273.28568
286,272.51743
299,269.97916
293,285.99173
270,282.87494
274,262.99686
264,260.09146
230,247.52354
224,238.58699
227,235.53787
220,211.35501
165,159.41937
86,104.31639
74,68.73626
61,76.63372
94,88.00778
134,126.925575
247,225.48914
417,397.84967
432,419.857
296,339.626
208,237.46509
215,195.75726
224,208.79816
256,227.23396
281,247.95584
242,267.83975
293,258.0409
317,291.88757
293,296.6367
261,266.90265
247,220.18849
224,222.76096
209,196.39919
204,182.16301
137,153.18718
94,93.64019
67,70.63216
68,67.62914
77,91.51195
112,115.68478
185,171.89485
274,245.70229
329,351.81802
296,309.90378
253,249.05417
239,236.99973
236,237.67104
258,236.76714
247,262.15756
295,258.91415
293,307.80847
261,303.5023
301,282.90472
264,286.09152
230,242.77975
184,228.84204
197,193.4169
171,191.29724
95,125.40751
76,78.671
57,59.032276
62,62.261322
84,88.3682
123,118.61352
258,223.5589
398,383.48923
446,410.0631
286,340.3311
294,248.38068
223,254.52698
223,229.3277
256,238.466
253,258.51126
266,263.14688
286,290.79492
256,305.77625
326,288.75607
243,291.5782
240,232.96098
221,224.47485
225,221.82797
207,206.23883
144,135.67287
101,91.65372
66,68.72734
77,72.77544
104,98.862366
142,136.82779
255,252.56308
453,409.8439
460,482.89636
323,354.04556
299,271.1927
270,264.9355
296,251.26181
264,284.71512
290,268.9841
267,286.4326
302,295.79865
328,315.2409
355,341.7702
309,309.45737
261,274.81064
256,249.9033
243,246.43826
222,221.20515
170,172.46465
108,115.74029
91,88.23545
107,90.924706
128,118.93547
141,142.69324
236,234.38785
476,427.85367
458,455.44995
318,368.40137
268,284.1002
243,257.99643
263,271.06436
322,276.4631
310,312.84454
304,297.84235
312,327.6695
349,341.32697
393,379.41095
395,373.06158
365,369.35938
327,347.51633
346,347.39066
365,327.42215
312,300.69427
219,226.8759
174,185.15187
158,153.46481
139,147.03821
120,132.64464
195,174.2221
229,239.061
321,288.53415
337,334.8779
316,316.31454
316,312.2183
333,312.09976
299,325.17267
332,310.56848
317,326.69946
390,326.97366
353,378.8063
347,372.6821
364,359.4174
398,349.08444
374,366.96924
392,368.11786
350,365.1741
326,311.46945
243,258.58624
199,178.28194
157,163.11234
157,148.0576
105,120.337944
162,156.18228
170,172.83347
237,216.957
322,286.23203
261,318.15396
302,271.46027
319,299.88486
284,298.34543
308,281.2891
338,287.82587
287,322.7638
284,279.4081
330,278.89163
268,289.01468
236,250.3373
232,236.246
216,238.4046
221,204.45554
145,159.10645
84,97.9735
78,66.306725
70,76.43722
90,91.42055
116,128.48526
228,215.90724
416,379.3785
448,425.34085
306,341.98676
261,230.89815
230,222.16554
205,224.455
209,216.57016
225,232.62091
262,239.57137
277,271.04526
278,293.69257
274,270.82785
241,252.50592
227,213.42442
197,216.02937
192,196.0105
186,183.75436
147,134.11906
77,82.75384
52,55.004887
49,56.78589
85,76.646255
120,122.50428
235,214.9005
445,370.31985
479,423.8273
338,353.12024
258,264.37268
211,231.6781
220,212.29677
238,222.61278
245,243.17259
294,265.5216
294,291.70312
283,299.53403
307,290.31332
248,262.36517
211,233.66527
228,209.0664
220,210.32332
195,195.17099
122,129.32483
73,79.78258
38,56.011345
68,56.875862
97,87.30175
137,124.656944
220,247.94075
394,422.99603
433,455.12473
392,349.5674
263,290.5787
227,225.26271
240,227.43036
235,245.35143
276,251.72484
259,274.15555
309,287.76202
335,323.43527
290,333.3166
322,266.47058
262,264.39084
223,243.37257
224,231.6696
200,208.89923
159,142.27501
98,94.110916
67,64.93048
79,73.21098
84,102.826584
128,138.40863
252,238.34274
453,408.36414
476,467.0615
393,390.65564
300,292.98972
230,266.40396
255,247.0246
254,257.80142
333,276.82977
290,311.4178
321,306.66165
362,340.48764
337,348.47528
357,320.47617
282,308.1108
278,260.4879
255,262.3999
246,225.12086
182,183.69028
140,117.03176
96,102.04659
114,95.68009
118,115.74648
152,138.17743
242,237.57927
454,437.3627
488,456.6128
394,384.0404
318,307.147
269,284.93027
337,274.11493
306,315.16324
296,304.4492
295,295.8123
346,325.9538
339,366.07043
426,374.78232
407,418.30573
372,368.40002
361,354.09253
345,355.30777
340,330.54147
285,297.47058
217,223.1469
187,172.6084
176,153.29219
179,145.59541
162,141.26729
182,185.99991
250,245.68018
310,299.52695
335,333.53226
325,334.54822
306,318.46887
324,317.40073
333,318.224
322,329.69424
327,321.96527
357,334.85284
373,366.75842
356,380.93875
412,363.58234
379,385.94058
392,366.40604
391,375.52548
398,371.58588
381,321.0415
309,279.2004
248,221.92441
190,180.29655
194,165.87347
123,128.19144
155,160.76535
170,171.92207
207,221.28389
274,286.4593
323,292.9848
296,308.74387
309,292.84964
326,294.13397
296,305.67493
314,287.77216
297,308.44827
269,291.23102
307,272.62558
275,281.93713
274,254.5648
233,259.7938
249,235.38516
210,223.12401
149,146.43565
101,89.3367
86,71.61738
87,73.70752
117,97.73956
146,135.77315
232,228.4706
366,380.60077
410,424.3769
356,309.41937
242,263.52246
226,221.67172
226,219.64505
246,229.4998
261,251.7129
249,259.69846
297,268.5507
297,296.01187
280,291.01715
232,255.91647
215,222.31918
206,211.29805
208,200.40738
193,190.68564
144,140.88576
73,84.94059
57,53.43873
59,58.845474
95,87.805275
155,124.871
214,222.47278
388,352.8513
453,394.08185
355,360.672
307,260.9778
256,257.4813
267,238.75311
297,255.0894
306,286.4119
300,291.86783
307,307.88184
301,315.06082
311,307.79224
333,268.27356
290,276.70038
258,247.66415
269,227.72592
230,208.63258
145,144.40096
114,83.38431
78,65.79221
91,67.18894
103,101.487274
138,138.01077
226,241.8592
384,403.85355
384,447.9326
370,336.00635
283,287.97095
300,257.93646
295,278.62726
311,285.33072
341,302.36462
336,325.39282
318,333.63205
304,333.94382
353,310.61963
433,317.2076
341,364.45343
335,305.242
344,307.19174
282,259.2558
227,212.03223
174,179.5625
123,124.77159
124,103.13376
110,114.340775
115,134.60501
140,175.25401
183,194.43007
174,242.46632
170,208.06395
222,183.36292
251,248.15366
300,263.29303
349,303.1102
386,341.52783
476,360.41998
529,432.43967
591,421.9594
569,476.1145
595,476.86758
607,426.49292
573,428.57553
669,412.6318
618,431.06793
501,366.0487
373,258.52792
227,180.94804
178,149.44713
122,131.0058
109,134.55902
164,196.71164
214,296.44067
215,328.19162
209,240.00003
235,231.11511
207,242.13359
227,257.94324
234,268.45883
241,276.53647
256,277.9609
301,311.31488
326,338.49695
322,382.98013
304,366.16046
332,333.9313
298,354.6506
337,344.0025
340,341.90494
256,322.0644
183,220.5384
165,170.30487
130,157.2738
136,139.39468
110,123.755135
132,161.40234
162,204.59477
200,239.95798
248,270.6071
240,288.3918
251,267.91364
266,280.6181
266,275.50027
286,285.00568
299,294.85385
306,323.84357
334,333.00323
348,348.53336
379,350.6638
343,367.72168
330,349.27176
321,359.514
348,331.35147
284,293.91415
218,239.27263
201,185.8773
159,158.08487
143,145.98065
102,110.1978
148,140.85905
162,161.68236
194,200.5589
233,253.43443
286,265.77588
297,283.13486
301,292.453
300,282.24225
275,285.9862
232,281.32538
294,257.88626
256,283.48486
256,274.20367
258,250.06616
245,241.14941
209,239.82156
231,221.13838
192,215.61656
615,543.15393
625,538.0547
630,469.8051
552,385.92548
473,308.27997
256,244.16716
185,210.52792
191,187.60997
221,235.05525
260,284.45456
312,302.76666
312,322.47455
321,314.91965
347,306.6785
291,330.99664
323,278.58664
397,362.70105
380,405.6477
428,431.70444
412,454.03217
445,424.26938
483,514.54004
644,600.8336
538,617.3264
541,544.14996
1007,515.0135
402,674.0831
274,357.69574
255,258.20667
231,193.04764
199,195.3193
166,179.41052
204,210.5896
212,257.54874
251,286.51053
261,293.08566
268,275.12473
229,273.89487
265,241.72705
295,262.82413
322,316.8242
376,339.54102
443,377.15775
456,404.19962
372,419.53018
408,384.719
359,404.58136
285,296.79297
196,223.75613
146,151.83765
101,107.2181
131,104.971146
112,128.01431
152,148.85059
204,192.54843
245,259.94672
288,316.1806
288,252.6932
257,240.13477
238,236.81387
223,223.78949
220,226.5657
241,220.69539
226,228.97739
241,229.87573
260,266.9252
295,303.1258
301,278.42422
194,272.6993
293,228.01009
217,273.70508
188,191.82373
154,151.24574
87,112.31404
81,77.33758
100,77.38089
100,103.50686
152,119.68385
207,195.82889
277,283.18054
356,360.57483
291,311.5145
222,253.39523
211,211.34984
192,208.97232
202,195.21892
227,212.80717
174,214.21162
218,202.26018
280,257.21442
319,312.12457
276,307.7104
328,274.65594
342,357.79172
268,315.20557
246,241.47107
178,181.59889
121,118.1556
112,81.656586
84,101.033005
118,101.23827
125,130.77243
181,187.38716
298,301.4208
385,393.5159
325,326.22
275,247.13446
226,244.66562
224,207.52164
232,213.9432
185,222.41222
205,183.11458
243,233.34206
291,292.93533
292,331.07272
313,316.27448
335,329.70657
359,387.14655
397,350.44977
271,308.62576
201,224.37625
142,150.01468
99,111.9128
118,92.200325
132,131.0806
134,137.94409
213,191.38387
320,320.15823
372,397.0905
288,337.1943
273,281.521
242,252.15096
227,227.34433
223,228.02664
215,216.04668
211,210.18213
239,226.53932
239,272.5327
354,286.59747
398,331.15842
412,375.81967
497,430.16415
452,485.33063
413,394.03888
322,340.5851
274,291.11267
176,197.19073
183,159.5573
161,162.50948
150,152.63443
192,195.26959
297,271.87415
306,335.5745
274,288.8916
273,269.64352
270,261.4753
239,251.61023
254,235.68863
235,245.83583
199,231.38013
270,237.61255
326,291.83655
391,377.25864
412,426.08643
427,430.8711
444,490.9029
574,553.5873
522,555.5737
533,510.1905
482,493.41724
331,401.50507
304,282.49356
222,232.3092
153,175.25525
149,167.90923
185,176.2316
215,231.56088
280,265.5455
357,309.66623
349,347.38647
325,334.6539
278,309.50296
255,276.8476
264,256.3989
405,325.31702
374,418.29742
394,420.43283
420,416.69727
350,437.61456
427,413.2481
603,559.5724
532,548.0384
523,526.9229
486,494.27234
352,395.39917
326,298.49792
252,243.0833
154,175.35948
165,160.47687
170,173.65317
222,206.9301
292,260.09122
319,322.65408
304,319.40344
328,299.99133
257,303.40854
350,259.41098
325,313.52563
396,343.28503
353,391.2497
371,358.01645
340,354.3193
279,324.19522
334,319.72284
335,332.58997
283,284.4866
223,209.07709
164,151.18944
108,115.47914
117,105.54629
124,121.24805
151,152.09302
172,191.04562
273,246.08522
321,316.0638
341,275.74228
265,279.40506
244,244.21379
273,230.07384
264,257.53812
234,253.56221
224,226.43932
246,230.79744
279,269.6344
336,300.96112
288,305.7326
302,249.13431
338,300.16052
290,307.4052
256,224.91707
194,214.92786
155,141.25461
120,116.80814
103,98.68077
135,109.78724
147,141.61478
197,171.94482
324,241.25539
374,350.7427
324,353.97186
268,277.26825
250,257.07742
236,242.47137
194,233.36996
223,214.71486
233,221.20966
236,246.05034
286,264.17648
326,323.26663
313,318.74252
262,313.43747
361,309.16006
346,331.60342
237,285.91678
186,185.135
118,131.12213
86,95.21346
79,85.4144
97,106.41098
120,127.47417
218,184.82129
330,324.8013
396,394.93356
311,338.8386
280,259.98633
224,258.3124
239,217.72008
177,219.5045
214,190.94398
211,211.74384
219,241.44061
276,278.65268
323,319.64722
295,325.02396
315,306.18228
354,375.63184
370,378.94376
295,297.32587
215,233.8213
162,156.73714
94,119.13897
95,90.62869
112,125.85078
166,134.44469
206,221.54749
345,326.839
400,394.83667
318,336.0474
240,278.25998
276,233.02559
237,256.87695
183,220.51254
228,204.96414
204,218.38602
270,221.76231
295,283.9452
338,323.7125
307,328.8448
384,331.43042
459,422.7747
437,467.8947
424,382.31805
325,350.4185
283,277.0583
162,201.74889
166,164.9043
163,151.10109
182,157.7928
222,208.19186
285,283.33398
347,333.77164
273,312.07144
272,255.80142
263,271.56793
213,249.04549
234,217.12108
234,238.93849
247,224.70157
257,279.58328
310,310.30768
417,376.08554
362,418.97412
370,398.16592
530,439.13474
560,589.81396
566,530.13513
538,540.3242
461,493.95963
343,386.96054
293,288.36667
193,232.07672
159,158.19688
167,173.54665
146,193.19395
227,214.16039
282,271.29376
323,319.2648
350,323.6721
354,335.4419
304,330.93942
279,292.61533
291,272.7916
412,349.75858
413,427.62445
441,456.6995
455,441.69952
520,457.07538
499,518.78674
634,610.043
596,563.35504
466,578.2972
479,464.4762
422,398.0706
353,330.3405
287,246.69463
162,177.22876
182,169.45265
171,171.47781
221,213.95856
290,269.53052
307,317.26114
331,313.60168
358,324.84885
310,325.92572
274,292.3447
246,272.58963
344,297.0731
366,361.77438
383,378.1832
351,361.42862
374,341.20813
395,380.22647
307,394.77853
268,267.05872
211,205.42139
152,150.88179
111,108.726524
100,106.107445
142,125.668915
138,153.86562
198,189.93771
265,262.7819
357,329.77368
319,302.35635
236,268.0214
202,227.9469
231,208.84023
209,233.3698
206,216.5048
222,207.37767
237,237.71349
280,267.07486
298,311.2782
262,285.33832
273,235.14978
301,292.14185
288,287.3275
265,222.69154
197,184.9455
125,131.00223
66,96.331154
87,85.52034
100,104.287094
129,139.89755
185,202.57016
294,280.70898
370,390.2377
291,328.90918
228,236.84431
234,203.51318
193,226.15155
211,196.14961
222,214.5251
210,208.63522
214,228.59207
308,266.24933
322,332.97684
287,295.3554
324,293.41727
328,354.68292
279,325.83472
277,250.2527
222,205.61205
139,141.40709
99,88.55453
106,85.2883
128,103.74197
149,132.96356
259,194.92659
409,346.9735
477,414.17654
471,389.38617
310,357.23468
253,269.09485
198,223.05345
232,200.75438
191,223.83723
191,201.29169
212,224.43329
303,279.1031
313,335.03677
290,314.6236
332,310.2688
376,361.978
387,363.02505
317,313.26337
247,238.65785
160,169.69868
123,111.21178
112,102.32264
139,133.19963
146,161.12346
220,225.81557
329,342.42798
429,435.06903
352,396.62756
278,304.48032
241,270.94818
228,224.23363
200,228.48299
249,209.35028
235,227.32886
209,242.93703
229,252.89336
309,295.03238
336,310.54297
338,352.95996
442,403.2668
388,456.5762
378,368.3251
321,325.43423
245,278.1094
216,179.88522
184,176.2055
177,160.42757
148,155.13824
194,200.93057
259,301.17517
291,329.63605
298,283.66025
233,273.7435
252,239.65704
241,241.14134
233,232.80978
232,241.91557
236,240.3528
259,259.35938
297,302.15405
387,366.2602
412,406.88214
422,418.5397
456,489.28186
533,546.1669
490,560.3001
500,504.39938
458,478.92477
408,373.4079
301,314.7298
224,221.3337
160,157.74048
161,171.29921
147,189.56061
233,209.45338
279,277.9605
314,302.38815
354,331.59213
316,340.42288
329,302.15652
286,310.87967
283,282.8372
330,342.84897
354,368.54608
432,406.47427
409,450.94562
357,428.35483
417,417.96295
572,538.2539
559,529.5444
538,542.37103
468,494.10855
413,408.80246
322,322.67993
234,242.89256
149,166.21521
157,163.54213
151,161.34782
217,208.69728
241,272.22092
333,298.36905
312,330.5397
281,311.4777
249,270.39865
257,253.96793
272,263.14767
339,310.84036
331,349.56683
313,355.67493
332,319.3503
276,326.84256
317,333.792
270,320.06958
240,248.65843
189,198.66406
125,142.03648
108,98.3536
107,105.031235
115,123.896
130,147.10223
171,197.256
195,263.35428
291,289.29562
240,280.36404
244,236.61043
184,232.3477
208,202.5814
195,209.38673
191,209.90456
151,204.60962
185,193.13713
212,240.8871
253,261.38046
189,264.20483
248,212.07442
309,280.79776
241,292.2896
168,216.18265
133,153.0767
92,104.21788
69,72.67505
77,87.26871
111,98.48456
98,140.23909
166,184.53914
188,260.2188
290,301.92694
275,265.2899
225,238.91899
206,208.94843
188,196.63861
182,194.81186
216,203.46938
200,196.93718
199,211.19666
215,248.7008
275,266.62653
280,266.84525
345,291.05228
415,359.05322
369,345.55307
266,254.63217
177,186.02084
131,118.19405
90,94.79532
114,84.55216
115,117.93695
148,120.28355
143,208.06863
151,242.26233
244,267.1922
237,271.77582
221,241.1873
206,209.3731
250,201.56851
259,228.75488
215,236.20743
226,210.45224
231,228.12526
259,268.40945
279,301.55997
437,288.82104
300,404.76886
324,358.93307
347,367.04385
258,300.64224
241,216.1073
225,182.52383
205,178.44688
181,159.93753
146,139.34196
165,146.06096
213,175.33563
171,218.83109
135,189.76427
138,139.84354
198,150.28601
257,209.92767
236,253.33507
224,236.36946
235,227.30598
215,235.63342
276,245.51042
257,286.8083
259,290.27878
273,301.1989
257,288.18073
273,241.76076
283,302.67105
235,279.8223
189,208.90337
175,182.00833
131,157.89981
121,154.86049
122,152.73433
100,150.71875
116,187.717
110,208.4276
134,180.80975
188,170.94334
197,212.40921
228,228.84741
221,233.60153
173,228.14977
200,209.06242
209,217.66872
315,251.89952
290,334.21255
335,355.05637
302,369.45712
307,339.31448
340,363.23114
426,441.39056
367,443.82217
387,392.33704
283,370.46246
223,248.77347
216,228.36635
146,188.8915
111,136.5076
116,139.63313
132,131.69243
146,172.997
204,196.58629
266,256.1339
254,303.07092
241,278.11316
228,245.26268
211,241.97101
227,234.37297
315,300.57416
322,355.78836
357,375.72644
350,381.10562
302,345.65393
389,368.00696
477,474.4877
396,487.176
418,379.57425
382,384.80862
285,319.52725
256,253.64113
173,215.43408
147,140.50867
141,144.02478
141,149.25412
196,177.93494
209,242.73633
303,268.98514
383,303.03616
328,344.7595
307,290.91257
273,281.07126
271,254.37282
292,308.44244
318,322.03622
368,336.53403
308,340.37698
293,285.24112
275,316.58835
223,290.34116
214,220.75371
963,783.5641
1022,691.5808
910,666.02716
709,428.71503
450,307.11176
281,219.84526
254,249.96924
258,296.14462
361,325.15723
391,421.08688
404,440.22827
457,438.23947
399,468.6543
446,435.51453
492,479.6257
524,524.0186
519,552.80145
549,588.56445
654,623.1022
715,674.82263
772,683.0275
799,701.6623
876,850.9176
944,883.5295
946,968.4029
1499,833.8591
561,768.9972
342,416.66895
275,257.58942
220,202.6016
211,199.79308
256,238.45665
293,314.53806
337,369.78967
425,405.86545
379,443.55554
407,410.6181
402,438.3253
451,448.9956
409,464.45096
438,437.15076
497,474.726
510,500.759
518,489.34186
485,477.6472
396,464.25717
425,400.2195
350,332.49826
222,248.03659
109,138.2169
72,86.48251
97,77.416046
115,127.2098
172,141.53181
293,229.11377
379,348.9437
396,405.4872
424,373.47238
311,358.03802
274,295.27554
292,286.29147
303,312.5237
348,315.2379
365,355.87448
384,377.65863
401,428.40738
423,444.41467
350,426.11978
344,337.30844
293,327.9912
284,300.0963
253,264.20557
205,186.11966
117,112.51798
72,74.55433
88,68.92764
118,108.66809
164,157.29533
249,270.75418
325,379.19952
369,407.2766
359,384.10608
314,303.87073
301,295.175
283,293.9454
313,296.3937
319,339.21588
353,338.50162
347,377.69748
432,422.73953
474,456.54437
498,428.49487
461,426.04547
348,405.40762
438,345.22092
394,323.82724
257,255.00081
146,140.78517
87,93.817986
86,82.85845
117,116.589775
179,156.31963
316,255.20024
399,375.47256
408,418.185
423,387.59796
330,348.5455
248,319.1956
283,259.76758
297,313.26825
360,332.00677
342,363.40256
379,368.5851
450,448.70468
444,489.73737
431,464.59186
371,414.87637
402,385.45526
508,428.32092
367,420.1571
257,258.74014
150,157.04222
97,98.7234
87,92.53723
135,129.27516
187,179.94205
291,292.6269
388,386.51196
457,451.034
416,446.8099
344,349.25287
364,310.68637
330,341.1557
331,336.97525
358,361.13937
378,372.53537
385,421.2788
536,459.3005
571,547.9556
517,532.11957
467,475.07086
455,457.75403
441,510.71262
433,414.29077
303,312.2706
189,194.44398
100,129.35733
116,104.63843
142,149.54523
180,175.57376
290,251.14969
416,398.12372
449,476.2353
440,435.30545
379,380.33832
327,388.164
401,347.31274
399,386.1765
435,410.25018
432,469.16714
509,490.92194
596,589.7959
623,678.4971
669,666.95465
566,656.6462
515,603.00415
649,609.1672
680,696.0457
607,599.6899
453,470.68832
312,332.1135
275,234.76498
161,195.88069
154,156.27074
220,212.298
298,273.55548
317,365.00092
428,404.24307
413,439.1068
418,430.95123
427,442.77325
445,452.54443
430,479.84717
523,471.60303
549,558.096
618,576.7698
684,664.56915
700,701.82434
617,710.5855
636,643.66
732,719.7829
789,740.21936
766,776.9338
540,634.2958
346,380.29895
285,268.00336
216,221.78783
193,175.04459
196,189.81158
245,253.85211
304,304.17773
377,376.65625
421,425.28143
457,442.15524
477,454.10883
430,472.42856
549,446.65198
547,531.1706
479,538.3098
499,498.72998
487,502.3054
462,477.03812
384,442.8495
392,392.18243
390,410.79337
292,313.01627
252,201.87544
133,146.61754
116,90.75184
76,91.11406
117,120.22808
170,161.65993
280,248.66579
396,369.38873
457,404.8303
394,417.909
296,329.4651
281,279.45053
292,279.72015
372,300.59576
374,384.78018
348,381.0423
376,367.86255
453,422.92722
473,474.93573
398,430.73483
349,360.38037
353,331.85443
340,338.84094
288,288.83286
184,223.0764
127,127.46765
67,99.0763
97,85.5668
117,117.62015
153,151.50201
266,216.61617
307,329.43253
404,366.60785
354,400.67816
344,313.00372
355,333.69373
345,342.3929
356,356.4483
345,377.63205
442,362.6266
391,471.25488
514,438.80377
485,537.4491
398,449.86673
407,381.24658
405,395.2887
418,390.33118
337,343.75842
227,229.02821
127,139.35634
85,86.09727
77,82.58391
122,114.01297
173,159.92688
293,272.3947
380,366.8382
406,418.72104
418,394.19702
331,352.9057
290,327.70676
307,300.21448
301,336.5499
351,341.0523
395,368.44693
416,420.87476
448,495.0932
477,491.42374
486,445.09836
378,430.40506
400,403.63922
391,425.7716
365,347.75128
231,256.78085
146,143.4287
96,99.49495
99,88.50424
139,130.1608
166,178.12616
309,277.4298
401,387.9463
445,448.0484
396,428.8915
348,344.81665
347,339.01144
369,338.53604
339,356.30515
395,360.4459
435,413.6939
422,447.85556
548,496.52426
590,555.6305
591,557.8008
536,510.0306
467,500.2238
459,485.671
401,425.07037
304,294.9338
202,194.44398
139,130.41704
129,119.54236
142,154.94601
175,170.6889
308,269.03174
380,403.01382
493,455.5972
421,444.18423
324,383.9534
354,345.2213
340,382.68866
390,358.80844
432,432.87903
461,476.7526
500,518.0512
634,574.9677
645,698.05194
707,698.09454
624,692.84143
597,644.05347
684,663.0406
647,709.89374
563,581.45593
460,453.40692
303,351.4439
206,242.40964
155,173.12477
147,157.6743
205,213.39963
268,281.7416
314,357.32108
393,403.11163
402,402.70377
438,430.0856
432,437.5538
445,451.45804
493,479.84717
470,520.84216
575,521.88293
677,637.86163
738,703.43
812,751.9163
765,797.5064
709,737.24884
693,787.02374
793,717.0689
732,776.6589
536,612.36865
397,374.60663
320,277.92584
278,215.98888
183,182.22356
200,195.13783
262,244.21892
297,309.35785
387,371.80145
446,427.58273
440,452.2169
468,452.89236
468,463.6569
477,486.0993
517,478.12338
521,516.6134
607,530.11884
572,577.0414
566,527.48114
494,515.4309
487,466.49506
478,460.20905
371,380.5346
244,248.24014
132,138.65668
92,89.23273
98,84.22869
122,119.306694
174,165.22467
308,275.95178
345,396.2463
434,414.2473
422,415.11993
409,348.8245
304,351.8932
329,296.9575
367,329.13522
358,368.58344
415,370.368
422,432.4687
467,464.41492
514,495.5502
428,499.18848
353,388.66403
346,341.1161
325,334.61523
269,277.15198
225,191.80017
111,129.05167
62,75.19947
75,80.190575
121,112.15945
157,156.83449
298,279.53592
377,358.4299
453,421.05408
427,399.96295
327,371.26028
240,313.7357
266,280.9264
310,298.53662
342,340.03644
379,364.95218
380,395.51096
486,449.51627
493,517.8254
448,462.8827
353,407.4439
349,358.69922
400,371.42868
296,330.09857
203,219.03062
118,121.346535
77,80.29667
77,74.793785
128,117.05508
166,166.84358
331,296.10397
366,398.84457
417,431.43005
489,421.81442
322,387.4738
294,293.87326
315,289.38327
298,321.36185
388,338.46405
394,392.48166
357,418.89813
513,444.7438
547,540.0886
480,509.896
421,413.73474
437,409.74472
428,439.63898
355,362.2159
289,246.63194
161,161.77097
96,104.654205
90,88.50424
127,134.50438
189,175.86726
299,309.95523
437,397.78162
490,459.4671
464,457.10544
356,373.9537
315,342.09058
340,335.42215
364,337.41083
394,403.25183
436,428.963
423,441.64725
568,514.05054
633,587.98694
618,584.61127
490,538.1285
483,477.332
488,477.3826
423,425.69675
382,317.30463
208,227.4092
141,134.08147
113,121.66805
148,138.74591
191,177.87666
327,295.37405
445,405.4251
458,489.14664
464,458.13824
404,399.89905
382,381.59213
395,391.96317
352,405.3755
432,408.8677
434,463.0667
490,494.57837
596,591.1615
692,666.23785
678,716.71326
627,634.6132
586,611.01184
726,655.00824
684,726.8338
684,590.7242
452,503.52203
356,327.3128
252,259.2386
230,178.59138
188,171.77483
243,232.98326
309,291.92255
397,350.88562
480,423.87543
455,434.86795
454,458.9955
443,457.09183
498,450.76923
531,509.0609
526,546.96655
578,566.8257
658,634.1465
722,692.5448
818,721.4979
718,794.92773
647,717.0711
716,735.7642
757,713.7169
696,751.3511
493,545.4177
374,380.89243
328,279.10587
251,248.13716
185,187.52019
200,201.72244
258,257.87302
296,310.99905
382,379.30972
466,437.5989
456,458.59677
482,460.47064
450,483.13983
505,463.3072
537,508.85
552,523.0919
523,544.00165
551,519.22754
494,495.0088
503,471.35162
428,474.84802
434,437.99646
372,364.14447
239,242.72159
126,137.54808
119,84.80615
128,95.174416
156,128.0194
180,171.65425
319,278.97144
379,391.95334
477,420.8729
416,424.47824
375,346.69116
290,332.4156
298,289.94513
341,323.15924
353,359.60724
393,370.23694
412,416.27182
418,478.06772
425,474.02884
409,402.77835
364,377.87573
312,355.73096
347,310.24127
307,287.81604
191,215.71379
118,114.622856
66,74.06167
84,81.5353
131,116.298134
172,161.51755
286,284.70197
421,361.60022
471,439.26678
433,401.70242
365,373.24496
329,336.2952
341,316.76447
347,339.62613
355,364.77573
439,382.66986
458,446.50662
542,510.70554
654,531.7306
636,581.04645
465,517.72363
431,412.37146
492,412.3299
393,367.9101
256,260.54004
152,143.27586
116,94.53245
107,87.06596
122,126.69864
164,169.12285
280,300.2208
391,404.52383
454,443.18887
485,434.2084
398,409.4832
391,365.0793
397,368.68958
383,375.27554
456,391.48495
452,465.55322
475,474.3456
552,528.35803
527,565.1377
624,539.50854
536,513.3794
455,500.98813
411,472.0171
426,376.0758
382,350.50754
227,275.3582
206,173.28387
149,146.72505
125,139.98705
159,148.55777
206,209.22504
207,263.45618
208,271.4118
244,263.42914
272,295.09372
294,318.26572
342,331.6626
465,371.57745
555,503.04584
665,569.9517
717,631.9801
819,660.3114
781,761.8898
703,748.9864
722,659.26184
826,647.08386
900,735.9066
842,736.55414
666,656.3039
442,337.58813
252,242.00667
176,166.62195
156,147.40176
140,172.18149
185,241.05031
278,276.15417
266,351.07492
291,317.46872
325,306.88913
296,330.90494
320,337.60718
356,370.05124
367,437.6227
362,419.87872
405,443.72073
476,544.1065
487,620.36084
496,589.8393
454,563.22925
463,566.5931
478,594.9407
511,558.03876
403,550.94165
306,374.65695
210,263.90045
187,205.58539
158,163.21881
130,151.70749
160,190.89552
228,255.93587
234,278.73297
309,306.23807
299,361.612
358,345.91824
375,384.48428
379,404.9175
414,427.75378
436,447.51358
450,478.50272
540,538.46985
591,603.1775
566,639.52277
561,569.29065
577,586.1875
593,630.23126
608,620.8489
482,598.6952
395,387.90833
263,296.0753
214,239.46782
171,206.2825
130,160.90617
171,170.5997
231,230.20503
235,268.2197
290,317.50348
434,340.03323
434,435.36914
437,443.33423
491,431.23938
487,479.52637
521,482.4655
477,505.25946
485,499.17615
485,484.55624
411,464.65393
374,424.98785
342,392.00735
377,371.23636
319,330.58163
474,425.99942
368,322.6265
420,259.32523
387,265.92853
311,186.87079
171,152.95056
118,154.38116
145,144.9911
199,203.54736
247,275.69092
260,308.5356
376,326.16116
411,390.8279
469,422.44067
399,431.6017
389,377.2491
408,408.9712
463,444.656
489,495.2749
491,505.65292
492,483.35657
539,508.503
694,547.6047
555,548.2841
507,443.47195
829,361.97714
328,439.40402
225,244.76576
165,184.21179
167,132.22324
138,131.48328
141,138.07909
185,180.84631
220,247.61157
268,274.47253
329,340.4409
314,351.92194
335,359.02353
314,336.7609
272,326.75195
333,322.8244
363,372.64813
398,385.53555
376,367.75772
488,375.14786
480,471.70673
347,441.5326
204,261.75937
158,205.06766
53,107.386246
53,43.238132
64,48.796574
76,76.75036
125,109.79486
160,160.95747
256,246.58813
311,340.09055
269,280.4939
281,259.89227
284,281.89053
239,288.52463
313,297.95773
284,308.1319
280,305.96097
332,315.21564
428,404.2126
415,449.24673
375,403.16006
383,410.3528
461,423.76834
395,415.155
198,245.56747
122,129.57281
64,66.93666
71,51.194817
49,50.41791
75,65.42066
94,103.00776
170,170.41602
232,288.21857
348,349.5577
266,293.49838
281,279.6065
258,293.91885
259,259.47498
298,301.973
293,300.75708
301,302.58127
374,350.92587
449,458.727
484,475.8761
448,467.3965
589,471.5805
545,553.8256
441,453.7237
271,271.6535
155,159.3005
92,76.34169
48,52.276028
55,38.370384
62,66.47178
106,98.80058
170,175.16368
313,273.23563
382,409.5214
303,307.79532
278,271.98007
245,284.39774
281,264.47528
356,314.3462
354,333.14954
351,343.45956
402,394.1621
518,482.92834
530,519.6817
512,503.1056
583,552.45703
548,573.1717
561,496.09714
338,375.79596
196,203.53474
87,110.993965
65,63.377144
51,56.96855
80,81.788734
116,122.70258
175,183.94646
317,315.00143
360,428.01917
327,327.57516
273,290.2532
313,275.7069
315,311.1037
361,361.33694
397,371.2625
380,393.2455
434,393.63544
466,463.97195
533,499.48444
583,519.98157
649,600.8667
681,591.92065
632,595.86224
450,473.81998
273,315.171
167,171.99251
110,131.85771
106,97.35391
133,110.22949
133,129.59508
191,185.89522
277,286.29315
324,335.35458
277,322.5505
310,284.9772
330,334.83487
320,337.62473
390,383.54132
396,373.99628
386,382.38782
379,393.01974
467,434.91742
545,519.4917
547,550.44464
510,544.557
532,536.0152
588,591.42755
533,522.64594
447,415.57288
269,312.0929
212,220.63087
184,202.32675
105,148.85173
101,104.738205
112,130.44269
134,151.67296
182,205.36333
258,253.93669
289,306.87012
332,341.0224
424,360.90857
354,419.8926
367,361.37518
380,358.5698
390,404.12265
439,439.055
510,491.40836
456,510.9122
401,473.42978
478,448.75116
532,552.60095
452,498.87894
458,430.9508
408,328.6462
277,285.25287
171,220.32227
147,140.94969
91,126.13115
86,110.45302
123,123.005196
204,173.42986
260,243.15846
318,310.8149
379,350.9161
338,377.56534
370,347.8885
485,345.58972
416,424.96225
404,401.821
482,403.58368
504,469.63254
417,442.09332
407,386.78766
334,407.40973
506,338.22696
248,305.21936
269,201.7094
73,127.552216
55,44.30403
63,49.17531
81,78.02213
132,103.2278
134,170.13617
216,242.48235
347,312.1557
266,287.71878
299,265.37512
325,293.95648
313,308.24344
477,333.87463
329,432.26755
335,326.955
328,358.53607
497,413.94006
488,514.26605
448,450.05048
524,439.54138
639,483.6288
441,492.3841
219,261.87064
186,166.26642
87,115.60166
68,66.64855
69,59.6004
78,77.29523
123,95.743546
147,150.33463
303,190.64633
446,368.4876
342,373.40628
271,321.83643
323,294.1341
252,332.10364
302,313.06738
294,313.90576
307,317.6974
372,351.50473
468,452.69714
560,480.6082
521,491.74707
540,522.53503
557,548.83405
463,448.74957
259,273.00543
150,172.246
55,88.91143
43,41.834335
33,37.543526
76,61.961025
106,105.62288
171,168.90782
302,307.996
446,422.85977
326,357.0686
297,273.9102
321,308.71548
279,303.75314
345,323.8725
305,325.13513
339,326.86264
369,388.2252
469,470.45322
572,514.7584
461,546.35144
578,506.98218
644,580.8617
451,512.5531
332,322.80444
227,198.45221
89,119.91429
67,61.884457
65,51.31206
71,83.264206
109,119.523346
194,181.68079
315,316.51813
422,425.82574
324,350.08835
294,297.3578
356,311.7917
320,333.76102
325,361.12213
364,345.44043
383,370.5362
374,400.69482
505,439.24585
578,520.00366
633,537.4059
712,637.19
594,652.9873
597,586.7755
393,460.8088
292,300.09943
173,177.38536
118,131.51828
131,104.28492
140,124.11831
125,133.3173
215,190.72282
297,299.90094
335,355.08963
352,317.39444
296,306.45102
331,322.0227
348,338.1454
409,385.95694
367,383.08218
354,367.6124
416,389.61545
495,466.13953
603,528.1801
533,624.7805
540,545.1918
572,536.82837
714,616.7482
550,561.5444
489,442.02768
324,333.95782
254,232.23161
250,200.37415
157,150.10626
99,114.72559
100,124.369286
112,140.4842
185,185.45918
263,258.67966
300,304.71863
371,345.03702
418,391.6157
417,422.12985
325,397.75943
342,347.90033
462,389.6142
461,494.15878
500,505.6734
553,499.19107
544,520.9932
480,540.564
530,508.3491
547,500.49255
461,464.92993
454,370.71976
285,317.84122
217,228.71204
159,168.63116
117,108.654785
109,110.474655
155,128.43132
172,186.57858
240,242.01076
294,309.83755
396,347.7324
388,383.22186
414,378.04355
367,369.7932
357,336.6925
355,368.63617
441,385.60684
434,436.15408
442,395.48975
354,412.79416
432,384.0472
377,422.48367
265,261.22546
132,208.95549
74,86.42291
96,45.764465
58,71.53904
69,79.83152
100,117.799576
165,159.8371
258,258.9788
345,341.6618
344,275.52826
281,289.4032
277,286.40384
287,281.73007
308,320.409
300,303.20486
276,306.18106
343,314.4051
454,431.48117
466,472.50488
360,441.51126
473,396.6084
496,470.7632
466,428.3668
281,265.66037
155,154.18445
63,84.54004
69,59.52411
56,51.01673
74,73.05072
93,97.00288
145,159.41301
291,268.718
408,397.71515
345,341.19342
293,291.10062
290,299.30466
279,286.95474
301,310.49066
281,303.1952
323,291.95264
349,369.78656
450,446.99435
508,487.1341
444,468.40414
611,487.1344
586,560.81506
429,481.33835
361,300.54077
159,192.08473
109,77.407555
43,63.533962
35,39.0925
79,63.699696
107,104.41112
217,169.15207
382,321.88745
547,435.44556
449,408.30643
349,343.54855
330,334.127
318,316.92438
292,344.8766
331,297.04892
365,340.5415
386,395.8374
469,480.07846
548,511.19943
510,507.2986
551,560.67096
544,585.58215
534,493.95926
324,392.6669
205,200.43227
83,106.37919
75,60.00106
56,53.9501
89,77.6882
118,116.15245
188,204.52106
336,332.038
432,465.1293
301,377.4169
308,300.70984
283,334.00653
282,309.4088
354,316.9596
368,367.2901
381,378.4747
399,402.81308
469,456.74564
572,502.5028
541,571.32007
613,587.8936
584,621.16833
542,602.5905
393,430.4466
280,291.0855
151,175.00035
138,112.661964
94,117.86846
117,120.12129
143,129.31323
195,194.36346
237,299.847
320,320.63272
285,304.02695
323,294.46378
306,326.6794
289,318.11774
352,353.04074
337,351.8305
328,353.1176
353,383.71362
443,434.13263
485,513.17755
486,512.73584
446,513.5928
519,484.90768
595,582.74585
498,536.65466
415,436.78235
224,308.11194
204,211.26859
214,205.92899
150,157.71696
112,115.453804
134,125.59414
175,150.61343
195,208.87038
241,257.8638
306,297.2702
350,347.3368
342,371.73944
352,383.6297
322,352.91443
311,344.71915
360,360.09344
408,421.41922
457,457.5432
452,473.4216
397,459.9877
459,454.58246
463,493.2228
585,457.40936
432,458.92374
285,333.9944
258,248.51756
175,214.93143
127,153.8988
103,116.80159
128,116.19677
128,148.5667
169,178.08574
214,229.58093
299,287.0628
342,344.7239
385,343.71594
330,375.88962
300,321.45212
332,313.38528
323,343.32037
332,371.2748
334,361.8326
285,348.24805
317,322.70367
293,354.39218
293,324.27362
181,241.30518
119,150.29817
82,63.406387
43,53.326817
60,55.449944
73,77.520775
79,116.73832
124,158.47997
228,238.57414
258,327.94397
226,251.5761
192,244.78506
230,235.02156
201,258.72675
248,262.93695
249,263.58063
254,266.5535
248,300.82544
266,332.2481
344,336.07086
343,336.8979
309,397.42438
400,348.6693
350,396.98337
229,238.83421
103,148.85591
68,60.328762
48,53.38596
64,52.693356
87,74.281654
114,94.789024
158,152.7658
213,265.44308
250,321.78345
226,269.31186
243,233.54732
230,258.20807
245,235.74988
245,279.70367
235,259.90527
293,265.31546
307,327.5391
323,367.81586
399,385.37473
322,404.17355
377,397.1375
366,436.95236
445,390.16214
287,289.96115
191,167.77946
116,95.93706
42,65.4744
47,41.908737
79,75.98703
112,108.173965
139,173.1076
159,257.057
171,262.46362
192,222.29912
213,230.97868
246,246.74115
247,261.8636
264,287.10455
252,275.99252
236,293.1416
253,289.1472
303,324.373
289,349.02884
425,303.9243
311,439.00613
303,358.87656
284,347.0067
239,274.22574
180,199.48035
132,118.40627
78,89.753784
82,69.0718
82,84.638916
104,104.978424
108,127.215645
99,105.925354
108,128.43857
130,107.45043
178,144.00388
229,199.08997
235,232.30309
214,249.3329
238,195.27899
222,234.45862
291,235.06114
293,293.92755
290,298.86588
245,291.35284
257,174.45738
257,211.99516
240,242.78786
185,205.63342
142,167.03088
63,108.44346
73,67.776085
76,88.65072
64,115.83442
66,115.80392
67,147.19702
108,174.80928
136,190.14151
170,177.2397
209,205.78407
275,251.65411
243,286.9201
309,279.92163
271,310.65314
339,295.93738
265,364.22006
327,331.21933
401,390.3327
350,409.10696
325,370.49854
314,350.76862
492,383.94632
392,439.34576
216,335.24725
153,175.52664
122,142.62389
121,162.59807
71,125.1917
71,84.1114
77,91.33488
100,110.14248
127,142.24388
183,191.38893
241,239.67609
294,296.70883
290,323.28644
395,330.9121
309,357.05984
257,330.24918
404,296.92102
381,427.8173
407,425.31686
469,411.14645
356,418.93732
447,374.1757
470,477.40027
409,442.75662
364,340.71564
231,288.85623
161,208.87326
149,148.60716
87,121.842094
74,85.9201
81,92.58336
109,107.21255
153,144.09346
230,207.95978
300,279.18304
413,332.10284
415,380.5751
443,397.45023
390,381.37375
433,347.0648
392,403.76367
406,407.72867
494,403.94806
527,450.41666
500,448.50827
439,438.93655
375,399.46432
239,241.96227
282,232.65308
285,175.13887
241,162.43742
210,141.03938
181,120.896484
145,112.38257
164,157.03821
186,183.86035
209,225.73431
256,239.12529
258,257.23264
247,257.64352
241,260.34854
286,253.40305
283,289.0609
274,284.48642
261,283.19208
319,294.83124
333,336.36813
369,335.8339
350,350.71655
298,335.82593
310,311.8535
286,297.23306
244,252.70876
332,203.35649
111,192.65352
102,110.69529
111,121.078804
115,104.16054
144,131.258
133,154.82375
154,160.99097
142,201.41098
181,195.75687
186,199.64844
215,208.45984
224,220.48808
220,234.89194
200,228.81718
142,224.2444
162,178.8356
141,205.03914
166,173.80305
210,190.32664
238,212.37442
251,227.68971
170,212.71782
110,116.79558
76,69.81128
45,45.246677
40,41.4171
52,57.027874
100,91.94274
198,170.3374
290,275.87067
270,298.9197
222,226.69171
172,177.32724
164,171.12065
154,167.06401
159,169.87126
219,181.61311
203,210.4675
194,196.604
211,211.31776
202,222.9845
231,192.9008
177,198.14214
161,168.35281
156,157.94055
149,139.1112
106,96.14128
54,56.63923
35,37.001144
37,36.108326
63,57.02677
92,98.57392
206,193.6295
226,305.31564
238,303.46164
193,226.71794
173,182.27368
180,172.63556
164,166.77162
178,171.47446
192,202.9874
193,197.71701
204,201.5599
210,225.73334
205,222.5863
226,202.41591
182,197.29439
165,175.41199
166,167.87047
149,146.24054
99,104.59138
66,59.787743
31,35.441994
39,35.61121
73,58.25245
106,95.84145
208,198.71465
320,285.293
300,331.69424
243,242.51031
198,190.57631
143,181.3946
158,161.97638
168,183.90033
229,197.10158
196,219.15025
204,215.83812
236,227.2684
216,247.62373
222,223.53741
207,207.5209
170,192.80652
174,178.3272
161,154.78241
118,106.33999
62,66.313324
48,40.28035
55,47.938347
79,71.7584
117,104.15493
192,204.15303
412,312.57333
411,434.50403
342,376.7223
201,242.96794
184,188.07025
196,186.84932
189,197.49138
229,219.15903
226,226.10493
240,232.35675
230,260.67102
259,244.17093
222,239.43623
237,219.80916
202,207.99258
206,195.71101
203,182.57954
143,137.65817
76,87.016304
59,50.80996
41,54.613766
65,80.90764
107,100.35611
209,191.144
347,327.89258
314,372.13516
233,275.6019
205,209.1345
213,199.51942
205,223.74246
204,218.5067
258,234.11464
216,250.34787
281,243.14304
329,291.75095
324,351.94617
278,329.32388
268,277.78436
274,279.1118
250,290.21548
237,261.28693
220,211.39066
153,150.51353
101,111.67186
95,83.838234
102,90.76449
113,100.92876
167,156.51372
180,191.89503
203,216.99396
233,235.83075
213,241.97212
240,241.32478
243,244.545
258,246.05104
273,272.53958
268,272.83163
311,281.32635
304,324.402
338,319.5119
282,335.6896
305,290.27737
288,303.30957
272,296.8574
262,271.33838
212,229.80917
174,176.2008
116,118.31886
95,96.02368
87,103.14702
81,98.09009
132,118.48703
122,148.64055
131,157.76933
174,186.30647
189,209.28618
224,200.23848
214,224.05945
217,221.97597
261,227.92966
281,247.83975
266,277.57675
234,261.30093
270,261.7981
233,256.44012
204,234.63495
164,215.84128
182,184.50081
175,165.03738
110,113.42956
62,71.02175
44,41.06917
42,41.4171
77,57.431423
99,98.89588
194,188.90474
318,279.31485
313,302.32837
228,244.90962
182,179.47957
152,167.3251
203,154.81488
217,196.49321
213,210.34415
195,211.2639
238,207.16882
245,234.8993
281,252.70267
187,240.80644
197,172.77612
159,176.383
153,154.55438
160,135.84024
88,121.39787
58,60.646416
51,44.158543
48,41.58279
66,59.852562
97,89.90185
174,159.7561
216,228.22484
237,270.03497
198,233.29312
184,195.85843
172,168.65854
187,183.74704
189,194.50253
204,204.69478
224,211.93796
228,238.47183
245,240.31439
242,248.68506
207,219.79237
196,192.43196
164,175.90442
166,158.31702
143,148.01022
94,98.71843
64,61.352398
37,37.7207
46,40.67401
61,59.581074
102,98.03173
186,187.69913
290,276.48315
298,321.74377
228,242.09131
217,192.87138
173,183.94746
183,175.10246
171,191.21257
221,201.77304
224,224.89311
229,227.80714
228,243.46555
247,254.30553
238,226.32826
207,210.72273
151,192.80652
149,163.22232
138,140.7487
101,101.89428
51,64.42852
47,42.94681
52,50.29477
74,71.66762
119,103.283394
201,197.8879
351,307.3517
330,345.32462
252,292.98877
197,211.4265
195,188.62749
214,198.16098
207,205.76205
263,224.62245
238,249.38113
259,245.80577
259,264.5802
235,269.15082
237,229.96237
237,220.10364
227,207.47923
191,204.40454
189,177.19673
122,129.81207
86,75.90869
37,52.549717
43,50.748646
70,76.13526
99,102.55779
193,190.9057
330,315.285
303,348.16895
240,253.09615
216,210.1402
203,210.12793
207,209.48157
214,222.19653
248,245.58786
222,245.14716
283,256.85483
299,309.68164
339,331.28833
389,336.95685
295,369.28897
267,283.8535
292,282.88016
321,276.91556
220,228.02086
175,153.58012
109,113.56202
102,85.63314
85,94.031364
102,102.16327
171,155.55531
166,194.88823
215,208.43123
227,242.12053
230,243.67422
258,244.41597
266,253.26546
265,261.88074
275,274.2279
291,270.33167
299,295.49817
320,312.48535
335,343.51248
355,336.3141
301,332.886
283,300.93597
334,306.9344
271,306.2316
255,236.2625
178,200.39342
135,119.163086
98,101.09457
100,96.10145
92,97.51813
106,128.78401
142,133.12709
123,155.80388
197,174.64871
209,209.4735
186,218.13911
212,207.87047
234,221.11124
236,237.83827
239,236.44635
263,252.59743
278,254.09244
298,279.57263
253,272.19818
210,228.1761
201,210.8932
186,203.09068
165,167.13608
136,109.04623
79,71.52581
51,46.747234
62,43.567154
87,65.530235
101,102.0306
205,190.29881
326,288.43768
332,326.47757
241,245.57004
200,187.71788
156,175.41205
158,158.96628
161,174.88141
224,188.4198
183,211.10852
230,199.24043
228,232.17903
229,242.76712
181,203.68988
170,173.69644
146,165.65407
169,147.58797
150,144.17767
87,97.25609
50,55.00488
27,39.03135
39,36.262222
73,64.16481
89,98.061485
186,179.441
338,266.05673
346,311.5477
225,254.44572
193,189.28566
179,173.77914
167,169.08427
194,174.01129
211,209.7776
209,200.65962
229,218.10535
230,243.27985
252,231.27122
186,215.30032
201,181.03494
181,174.53413
164,175.09966
130,145.27596
98,90.12922
51,60.58209
30,30.786077
49,37.19772
66,64.29438
105,97.939255
217,190.95407
298,323.125
320,324.8252
267,249.08704
222,204.40369
169,190.92258
172,172.5838
201,184.30232
235,217.86404
220,223.53024
232,226.04036
253,246.45647
245,264.70364
243,224.43663
230,212.29822
204,205.27782
179,188.66803
156,144.64746
116,109.123985
64,63.42996
44,43.28835
46,50.507126
60,70.76584
115,108.845955
206,206.7767
342,324.52637
333,351.56912
263,277.57495
207,212.67326
185,190.23445
187,191.68086
200,201.90637
220,233.4073
234,231.7327
260,248.10516
226,274.73587
276,254.52272
248,253.54736
251,233.4558
226,226.0822
218,211.19638
210,184.08113
157,138.44978
97,90.85646
65,56.118134
44,49.491615
70,68.81745
100,100.8365
201,193.12402
357,320.98282
327,337.82034
275,262.26672
220,222.66641
231,208.74748
236,217.45245
231,225.30879
251,245.37556
233,242.39284
269,261.31375
318,298.36554
340,336.29117
345,347.2703
278,307.99292
303,276.0425
268,301.87894
292,272.7098
241,225.60812
180,176.38063
110,118.64466
90,91.26343
100,91.72391
114,104.579666
157,161.56671
189,190.79143
246,224.07669
269,259.4951
236,256.70996
256,252.03392
281,259.53488
269,274.1203
261,277.6462
250,267.69965
294,275.90973
313,314.57205
352,338.27435
360,350.93973
290,318.32217
313,293.8716
315,312.81732
318,290.12717
268,255.70526
213,198.18216
141,134.81761
110,102.01586
106,100.80434
97,96.2618
112,128.4662
159,139.49506
161,161.75548
199,195.24103
215,211.2348
218,213.77823
210,222.48581
238,220.2779
253,237.16724
269,242.22789
278,267.09906
271,270.72452
272,277.21146
233,257.8224
231,216.14928
196,221.91301
185,190.88171
177,166.31172
134,111.33009
71,77.69928
44,45.260036
58,41.4171
75,76.74736
91,102.3574
186,186.11282
283,301.5083
309,318.77176
233,239.88005
176,185.66878
156,162.22673
165,158.16856
189,169.59003
215,208.26071
216,206.53442
227,226.61111
217,234.92006
257,227.66667
207,218.245
217,184.28084
163,184.14273
165,157.75867
139,143.83464
106,89.73735
81,58.449154
35,42.77726
57,38.1461
81,68.010994
100,94.34179
174,188.9361
305,248.51819
332,295.2046
261,244.32109
236,192.93163
195,190.98769
217,181.15735
236,205.60422
254,223.40706
225,230.38402
252,234.83824
270,250.7917
280,270.33978
307,235.56161
250,246.11845
240,207.56125
230,199.3042
198,166.83728
122,116.15784
97,71.14122
53,46.0834
57,49.24958
82,70.620155
105,104.80875
198,193.20053
299,310.17453
292,321.35178
245,254.45163
232,219.85529
209,195.20064
224,199.53465
245,211.50458
294,250.50249
248,266.08838
263,252.37202
274,272.6805
323,278.94916
378,289.5826
304,324.3585
242,246.04861
261,216.41362
226,201.57645
180,162.77203
130,111.492775
81,85.29252
70,66.477295
75,79.81421
89,102.89158
150,143.90662
146,187.13055
128,186.04079
150,166.48798
145,181.92982
161,176.18488
190,191.01678
222,209.93248
270,246.29137
333,269.7601
404,339.96973
468,394.19382
485,474.6027
504,484.96
498,480.09082
543,459.74814
542,429.91855
509,361.76508
362,278.11896
236,169.67519
128,110.92543
98,78.14405
100,81.65243
87,102.21981
124,167.92642
179,229.89102
173,239.51312
156,188.19806
178,178.7828
182,189.28351
212,197.68121
198,220.8975
242,236.6949
207,244.30264
270,253.5142
265,337.06805
249,335.2468
300,318.41754
266,312.87726
231,308.3243
258,295.63403
241,278.66104
188,220.83536
145,162.65004
92,116.78209
89,90.707146
90,98.780266
92,99.73336
132,137.67259
174,165.23997
154,196.50453
189,197.60596
185,216.38428
212,219.04016
199,239.4245
252,227.09796
278,266.23087
277,271.70874
291,293.16446
333,304.11877
316,339.51825
308,324.26953
283,293.1803
291,282.24103
258,303.63852
254,259.3631
207,221.28665
165,164.40135
121,116.12157
99,96.145615
82,93.44881
81,88.23545
140,109.71735
116,148.59016
125,133.2626
157,178.7595
223,195.60603
243,223.82086
263,222.92857
254,250.35814
302,251.61119
284,282.41998
292,278.788
261,287.25314
263,265.42798
228,238.28981
208,213.95186
250,203.74547
176,221.77762
161,160.60684
345,262.6134
240,212.41852
212,153.67836
228,153.7358
249,151.70456
247,191.84366
238,253.95564
300,294.2466
343,354.97946
352,368.50327
344,368.2485
375,377.7067
389,401.25308
397,418.46
461,441.40356
407,469.36777
408,449.6954
435,445.75897
500,468.54514
495,473.92133
440,468.19843
471,442.50946
455,451.11273
374,402.1891
303,323.70795
351,233.7878
122,221.31198
139,152.82784
154,166.59221
147,174.68375
217,194.86522
239,239.81703
244,274.47394
308,300.41684
312,336.0176
348,335.41568
314,350.63364
331,327.81406
351,350.65558
390,353.51605
382,381.70526
370,371.80246
335,367.62064
336,327.71127
324,325.5642
271,306.44553
226,272.17334
215,214.14186
175,162.88818
92,114.15474
73,67.99702
77,77.55337
134,112.11054
204,183.38867
394,294.0106
571,470.0585
525,493.23392
354,379.64072
303,293.0711
293,288.68106
281,289.37552
339,304.2262
398,360.04648
379,372.31366
347,376.90588
412,367.81165
331,363.76956
288,319.78082
270,266.64328
206,252.53764
215,209.94722
212,191.73471
162,147.86069
92,88.0852
63,61.564697
80,69.992805
165,107.120346
212,209.65596
286,366.9682
371,461.6418
417,510.71097
319,359.47498
281,288.5025
289,274.7327
300,287.83807
314,324.52423
314,369.46643
354,343.81604
371,368.86475
397,405.97592
355,352.2835
305,309.73425
293,279.39032
248,258.2412
274,242.83536
202,220.94942
143,152.27013
74,95.10187
61,65.32609
102,75.68975
141,124.68562
228,216.36852
378,344.9303
606,488.86505
492,526.356
358,363.24298
274,291.77704
261,285.09464
286,287.74176
299,313.74588
383,342.43976
392,385.4017
400,396.98828
463,408.98743
382,413.89938
313,334.80844
256,297.2279
234,262.576
279,266.5961
235,231.8666
172,160.9565
100,97.53222
68,68.801025
78,83.41904
118,118.47686
240,225.77621
398,399.26132
634,596.51855
548,583.5574
393,406.7091
343,300.6775
362,320.57233
372,343.21677
357,378.64203
393,415.96188
441,414.95285
449,450.6074
527,459.1337
419,468.70734
379,373.38016
334,326.26538
306,297.9632
311,293.42706
252,263.43677
179,179.57312
107,106.71566
68,83.486725
88,85.632164
124,121.92315
248,219.16583
428,401.45654
646,598.40594
538,588.42535
423,414.39062
381,357.62198
352,374.8442
368,366.6936
414,389.23993
473,469.7936
466,482.33655
512,488.66516
538,530.64044
490,534.6747
451,483.94666
433,429.34702
373,404.19397
385,405.8549
397,362.15088
246,290.04184
170,187.48837
110,140.25385
132,115.58991
137,135.77533
204,187.64745
225,247.83228
305,293.6103
359,361.31738
341,377.00027
358,366.76175
385,382.96448
372,401.53738
443,399.75192
489,458.07098
456,476.45288
453,463.95953
447,464.6105
442,462.28403
443,458.96808
432,429.36768
462,426.65625
412,450.56192
426,400.14908
320,323.21594
215,240.409
173,148.22324
180,157.70514
206,152.52248
206,166.52081
195,213.56525
258,241.77298
269,281.145
313,312.26538
358,340.79984
319,362.33112
348,324.94626
349,352.79636
509,367.1117
350,464.23514
348,360.8666
346,352.32654
330,336.20502
312,320.91568
338,310.05637
285,316.1871
274,283.51166
234,231.17194
184,165.53874
121,110.34885
48,78.73631
87,69.968834
107,119.493065
211,193.94519
354,346.40533
587,511.44437
508,526.27734
380,373.8109
301,308.58432
280,288.02972
302,280.67908
401,317.92883
409,411.72757
380,380.89896
417,372.6889
447,397.11475
360,379.43082
301,322.08276
297,276.6185
263,265.44498
285,238.10187
252,225.26147
153,187.79866
82,109.13677
62,68.98109
89,80.923935
123,105.573235
161,169.51472
264,243.49187
355,372.7723
377,497.28934
319,373.83185
287,306.2885
268,295.22034
353,291.4061
339,363.4833
349,362.26236
356,369.66638
404,389.08127
374,406.874
372,361.55338
339,336.27945
303,315.40717
248,287.2496
273,257.26465
231,236.06111
169,162.40398
87,97.50497
60,62.0068
63,77.92288
118,107.15605
215,196.88356
384,334.71048
634,490.97867
555,516.6352
355,386.94812
316,294.0355
294,297.57376
291,310.19324
362,312.3858
384,388.73093
392,385.4017
426,402.71677
427,426.03418
359,397.42004
339,343.3307
294,306.35104
272,266.70923
279,282.88202
226,236.4118
150,165.14255
90,95.39704
59,65.92699
95,78.09219
101,121.915146
211,219.94545
400,375.4562
613,604.39746
562,574.28436
431,409.69513
331,332.94235
385,329.73505
404,358.89178
362,396.2329
426,415.85318
450,437.65768
444,452.76218
523,449.08228
428,451.02866
334,383.13904
336,314.18625
317,312.73755
296,302.8838
267,256.27686
185,186.65453
106,118.79905
80,78.25375
101,89.18357
118,125.60573
263,212.7942
403,403.50766
657,591.9078
594,596.39996
422,468.0046
365,353.00528
347,370.96152
382,368.8187
419,403.1923
480,471.507
499,482.94736
566,500.18796
552,573.2186
496,536.7416
433,471.2031
456,411.2492
370,411.77362
370,376.4656
385,368.59802
279,285.3416
188,201.30385
128,144.30441
114,123.49925
125,131.92572
174,191.58766
237,237.46223
270,307.10312
322,349.84155
346,358.0109
361,366.70126
380,381.38388
348,400.13898
405,387.00735
448,448.32776
482,450.37198
466,487.31635
493,477.9251
477,483.40262
451,453.39877
483,434.98834
439,453.7425
438,434.6024
426,410.7586
333,333.79208
260,249.9773
262,179.28278
147,183.07451
120,161.81024
153,168.58017
215,203.45444
246,248.90166
237,278.12543
312,300.83493
320,343.98123
345,339.48526
350,344.16293
346,347.07123
396,359.16565
382,389.398
392,382.9497
414,383.43726
379,386.02417
351,353.15128
312,333.87256
274,304.43063
274,269.78104
255,230.76761
156,179.84717
95,95.55054
86,71.21098
88,81.56187
116,112.24955
203,193.64017
384,348.16602
632,522.26746
557,534.04944
402,393.58588
311,303.0599
287,300.02283
283,288.4282
331,312.84607
388,381.01877
381,390.6113
435,378.29187
435,433.86325
347,393.9381
325,306.14645
252,289.35056
237,244.07553
232,230.20734
205,199.40701
152,147.17065
75,86.36608
68,60.55939
76,77.71742
104,115.60875
197,200.99522
353,322.8185
592,453.23047
555,498.7388
380,395.5943
330,304.3882
278,309.32794
250,291.5498
369,298.92624
418,385.51233
404,404.01312
376,405.25482
422,412.11035
352,379.31836
327,313.7254
253,292.3876
203,251.70288
254,229.20268
231,210.28535
148,162.1886
76,88.027954
65,59.92841
76,76.30214
112,111.58098
249,204.10785
410,395.19293
678,571.21716
628,557.69635
422,442.58398
299,330.55292
297,289.92145
299,290.37512
355,328.77924
390,396.53415
412,403.6353
417,416.55008
473,439.0525
410,414.45145
318,349.1685
298,290.01556
275,269.4174
301,278.37048
239,242.42183
163,166.0875
84,97.25754
85,65.67859
90,85.01789
134,118.72919
255,228.89207
448,412.32797
647,603.54504
586,603.96954
463,449.62186
347,344.66956
340,344.30542
366,353.17227
394,378.6502
511,424.2297
457,486.55353
508,457.25415
524,517.1941
487,467.33545
430,395.32553
331,361.44586
322,310.7141
263,316.15247
270,252.6716
176,192.24939
100,110.69186
68,77.46257
104,90.601685
140,132.22353
255,232.3674
431,404.88644
680,604.95966
591,614.8932
489,459.63348
394,381.07315
393,377.08945
421,400.1938
464,435.7163
514,498.16672
498,514.88995
568,546.24414
590,582.3083
562,557.6761
479,520.68964
490,433.48315
429,421.5311
465,404.76807
385,419.15863
271,291.4038
200,194.44495
127,136.89532
155,123.49925
156,148.30241
208,194.4419
246,249.7038
266,321.34952
339,338.61282
376,371.8689
333,381.4797
367,367.48065
356,393.2935
397,398.86725
472,444.4504
430,471.52182
491,457.1213
497,485.3188
509,491.6917
502,478.96582
458,473.87906
434,448.61642
432,453.67307
429,421.61676
341,328.06815
236,260.51743
178,168.85738
195,152.60344
166,161.81549
170,162.43922
243,210.82855
237,258.29773
245,265.7542
327,308.9295
355,343.10876
397,358.71805
329,378.74008
355,339.46283
390,380.05188
390,380.79504
388,390.35236
416,382.3089
375,386.2216
372,355.12036
358,344.68814
317,331.4883
304,302.76584
239,248.0836
189,168.41063
106,111.18295
88,74.55009
93,88.28588
134,120.98109
216,197.96194
362,356.22916
623,543.1466
560,528.43774
379,401.08328
308,312.8396
306,299.9897
309,299.25027
336,329.70114
404,383.628
415,397.47482
438,421.05154
444,444.73093
419,394.09866
360,344.44696
291,312.6145
232,262.92242
303,229.87332
225,230.70633
172,160.71957
114,93.13903
72,73.41627
80,79.01683
113,122.463005
210,201.93234
384,323.53943
623,471.86298
569,516.22296
442,388.14758
329,325.652
343,313.23618
339,331.98065
368,350.01877
459,387.18542
518,433.36407
530,492.28845
567,507.82178
572,471.16806
445,448.5537
423,357.17084
359,346.59634
475,325.7147
300,282.87213
181,181.77045
106,101.398315
74,70.21693
101,78.80218
134,124.257576
254,216.28719
352,399.0573
607,577.5863
552,566.1894
488,417.2279
370,351.60825
374,343.78934
436,351.7859
464,412.49863
515,465.62915
472,504.13687
525,478.08252
529,540.6712
530,501.87943
532,441.04807
463,432.41888
373,379.72757
387,363.89453
370,283.33267
270,277.3096
185,182.21602
127,131.4182
112,113.95097
128,130.38928
173,185.44897
192,243.00244
205,352.03333
182,282.82547
232,237.91917
233,278.24734
268,277.63907
284,312.588
336,332.60303
414,397.8416
473,442.317
646,480.24878
685,593.4496
740,583.3306
678,674.0354
673,546.60236
654,514.0967
582,474.7818
655,374.5541
527,379.53024
379,283.65396
232,195.16203
181,147.68567
132,146.59282
179,211.91844
287,285.84396
303,433.3481
352,391.35992
327,376.77945
317,340.44543
315,320.0633
360,342.9443
382,398.12576
454,434.2773
452,482.66837
487,534.78394
482,534.5632
502,498.5246
435,495.9468
408,445.9023
372,410.97662
419,411.27704
387,410.15656
291,317.3422
218,222.58095
162,162.87679
195,147.02863
157,154.2553
186,184.58311
227,238.71634
232,274.3973
277,307.2289
335,327.41553
327,352.63474
351,357.66443
362,367.70493
376,389.95627
404,424.33728
407,428.6787
425,440.80182
466,461.85703
466,479.60092
460,451.6812
441,436.4005
390,434.19547
451,419.23212
372,427.3972
332,312.01758
234,242.09308
201,177.039
173,175.92511
188,162.17952
173,171.05305
217,209.24748
213,247.26926
244,244.25061
290,304.5216
353,333.87152
386,356.34177
334,372.1275
364,339.50327
398,378.88025
382,382.8391
374,377.53098
350,386.85703
353,349.21698
287,338.6102
318,294.79
290,300.9721
271,285.0703
233,239.09421
1317,1110.1643
1632,1131.7206
1927,963.2914
1519,790.75604
863,679.4683
282,417.38986
192,214.8823
157,182.13051
238,201.61673
236,274.1987
329,293.03043
396,353.4769
410,405.81897
468,427.70682
489,482.64752
475,487.25763
504,497.1537
601,592.85254
718,729.0018
829,852.2693
989,911.4489
1224,1062.6735
1235,1274.7577
1218,1169.3391
1479,1174.0687
3149,1182.1711
1108,1102.9869
617,903.3993
361,499.6288
246,209.07527
175,188.40309
145,160.36435
188,191.25325
259,231.6546
291,311.0984
282,330.3361
247,323.5773
285,293.31003
299,318.7226
305,319.62674
407,347.7343
444,441.62735
532,491.57083
592,500.29153
604,600.307
669,612.30237
501,649.58624
318,340.3698
222,226.37944
140,152.7947
106,90.204834
103,85.35372
105,125.91222
155,126.0715
179,171.3165
205,204.58813
253,275.99393
241,254.30394
221,211.24568
208,191.1317
233,189.32317
210,221.40443
222,208.56413
204,209.66023
217,215.34839
232,253.82803
313,300.36978
318,352.40714
334,350.77982
391,412.57422
353,387.60797
254,296.22623
168,194.44673
115,124.334496
100,87.54531
61,75.01592
79,87.25796
97,102.902885
157,160.36444
187,209.4008
263,240.08539
255,258.55997
182,209.31342
158,180.76341
195,176.30971
169,189.79013
166,180.72815
181,178.30768
205,198.11836
253,237.44571
298,345.54648
360,362.6089
483,430.1953
506,522.45715
445,452.86566
345,364.46417
274,252.80797
193,181.02666
134,136.7065
98,95.33345
92,91.84352
113,98.75016
164,154.13126
206,207.39896
278,271.35358
269,268.07965
219,203.97333
184,179.62035
163,185.83376
177,173.42482
213,175.20305
196,203.90375
181,214.04205
252,247.15382
323,348.83115
413,396.6061
506,492.66818
635,589.4728
577,567.3574
479,446.35883
287,370.7416
205,204.4188
123,133.3715
103,97.571075
125,100.971596
120,119.70301
174,169.98009
221,219.41931
285,271.24924
260,275.43896
206,228.00748
176,196.49309
197,180.631
197,195.57018
184,215.98936
225,208.8447
248,243.08255
317,293.90253
384,399.57806
536,451.43546
592,578.8666
687,709.3997
761,764.7113
633,679.1792
470,561.6169
351,401.94376
280,270.97086
206,223.58533
159,167.492
155,128.15471
214,168.74551
211,230.18007
260,260.67914
262,263.6622
184,224.33015
194,202.61464
243,212.98209
232,248.49011
246,239.40265
267,250.81436
269,299.79086
409,358.28912
550,519.6233
709,671.1008
628,797.62787
733,766.7442
937,899.8413
1080,988.06836
1252,1096.9683
1265,1203.244
997,952.7057
639,710.59485
293,347.63672
140,175.89073
131,160.62291
133,155.795
200,188.03961
233,254.02359
324,273.52448
340,346.00516
392,365.2027
360,408.15762
340,381.4902
387,382.1202
436,424.5656
546,535.8158
653,673.5703
759,804.77277
784,844.99023
905,925.175
1107,1042.3956
1120,1169.3391
1180,1174.0687
1258,1182.1711
1090,1046.7341
751,781.0553
325,331.78143
138,174.15657
124,133.12386
156,132.22194
181,191.2159
256,229.58432
300,307.53668
342,317.8827
361,343.52716
430,356.9523
481,409.917
437,443.304
443,434.13315
430,468.2025
437,472.43356
430,441.43713
405,457.4772
439,492.83652
333,382.4776
283,250.72908
252,198.67519
140,161.17941
92,89.248245
85,82.65905
122,101.45762
108,126.916824
162,172.81519
203,193.29602
248,255.94473
244,239.86035
187,213.26845
198,175.50128
216,188.89546
256,218.15044
192,251.53381
174,196.4907
176,195.7764
254,215.25148
320,307.23172
365,332.80432
375,370.6609
437,405.26474
424,390.20343
383,314.72052
275,318.73294
174,198.4612
123,125.45777
67,93.00682
75,89.768456
92,89.70875
161,136.12747
218,186.50626
273,250.57845
269,270.79602
240,228.25748
176,217.67863
173,195.95985
190,192.62587
201,194.66829
216,198.5518
225,215.53581
296,251.89421
360,362.54047
397,406.62106
421,454.70154
556,474.4388
498,460.0559
368,398.29028
252,284.04065
165,179.53883
121,129.54475
94,93.82454
93,89.991936
92,99.29093
161,151.88249
220,215.52428
274,281.28226
297,274.58633
229,235.5167
213,191.66113
175,193.28038
176,183.68282
161,185.83147
194,188.48854
202,210.2096
251,262.8457
353,347.54462
401,426.68585
465,465.72742
609,581.6009
490,564.232
426,437.39664
304,341.1864
237,196.77454
128,141.83258
106,102.12491
102,108.51718
105,108.98077
164,166.47798
219,221.0627
307,270.331
304,286.3584
234,241.56076
216,208.14369
214,204.16803
186,206.3058
204,196.38358
220,214.88794
235,237.11455
329,291.66342
428,407.36078
508,503.38336
616,577.8948
684,713.6082
683,730.08405
684,629.7241
566,594.17053
394,444.2035
330,289.73758
277,236.028
180,171.78346
156,144.14468
180,168.26862
213,209.01794
278,267.95114
300,279.54916
277,244.58885
243,248.39343
252,241.35721
230,243.46448
221,239.71863
277,240.4739
296,290.6385
400,393.55838
545,514.9236
699,664.484
811,802.8647
813,897.67694
1016,1020.2552
1213,1008.51965
1185,1175.1819
1299,1164.6346
1102,977.8492
784,836.385
363,406.3228
159,184.18266
128,145.43335
139,155.91829
173,192.2063
239,237.29839
322,299.10654
334,355.73877
391,367.18472
398,403.91177
364,411.00888
426,402.34637
515,470.61267
634,607.9695
697,737.79224
881,823.8857
1003,961.0522
1077,1044.7682
1236,1130.5802
1235,1169.3391
1112,1174.0687
1124,1182.1711
1083,1102.9869
838,780.91614
390,396.30237
163,196.4047
165,142.04468
155,152.58289
196,177.45929
264,246.60457
301,313.48956
368,337.12387
363,374.41632
352,365.8878
353,344.9336
382,349.5118
433,394.70578
439,464.09637
508,485.10687
455,516.3846
517,477.60806
532,511.9563
397,438.0117
305,299.13828
209,213.40161
132,140.54211
103,82.37436
80,97.686584
109,113.50287
110,123.16949
169,175.11707
202,213.37051
270,253.86765
240,244.06801
209,200.68994
162,196.24263
174,181.71776
181,192.88693
190,189.38426
196,191.14679
205,208.23813
237,232.34749
359,302.96506
330,369.17957
339,354.79086
451,391.19666
454,400.45963
311,326.12833
203,220.6917
139,140.29924
94,99.41934
63,70.908295
80,81.037476
96,96.50283
177,159.4226
218,213.9454
266,277.86844
289,258.84982
193,213.65701
151,172.99216
177,169.7942
178,176.88469
185,180.89664
208,189.80634
210,215.88832
244,257.39896
372,342.63727
396,411.5114
458,459.4414
518,527.50073
382,485.76385
358,341.52194
292,275.44714
212,192.14427
171,135.20657
132,105.3871
105,98.78484
121,103.2688
188,170.8993
205,230.41934
253,276.99283
361,284.25464
235,251.4118
204,195.16145
175,192.91429
165,182.28557
187,181.26848
191,199.06458
210,206.25754
249,263.01718
433,360.84384
409,474.02972
498,485.1269
628,574.2042
533,551.58887
465,447.4635
330,349.1653
233,227.59846
160,153.06781
124,118.87324
154,108.42076
115,125.81088
180,175.11655
196,221.47133
291,268.21854
271,305.02042
232,235.66629
219,217.7292
229,208.60283
169,209.07384
196,191.11646
227,210.0035
238,243.96892
273,301.15103
387,372.21185
566,467.71857
617,607.2407
778,685.5524
730,761.00745
599,685.92584
502,552.4532
387,422.59714
373,308.23108
255,275.9304
197,185.92009
163,149.4926
203,183.72879
220,226.02963
284,271.49005
301,276.72403
253,258.87714
232,247.34589
260,244.12025
275,247.95229
263,268.141
287,267.32654
266,306.7773
370,355.56393
517,491.4493
656,661.4103
696,765.65674
739,839.29645
1060,964.99994
1024,1084.088
1104,906.0477
1171,1193.2761
1026,1026.295
690,754.2529
356,366.4362
192,191.72093
187,160.7773
200,171.0916
258,218.40225
282,278.86407
312,318.893
370,349.4782
369,392.14508
375,391.1078
411,388.30435
436,436.80768
443,469.7634
542,552.2577
655,661.1233
766,818.87256
733,850.9938
895,838.3636
992,1041.0853
1051,933.3676
1138,1174.0687
1137,1182.1711
1050,1046.7341
777,801.63043
363,352.2954
197,191.56023
174,179.36714
199,170.6435
212,208.78537
282,265.22287
328,318.8015
347,355.43527
416,360.0085
411,407.51736
321,403.52313
357,331.47867
377,379.28278
389,424.09286
410,469.5337
417,434.90765
412,470.2352
415,495.30548
449,397.7112
296,325.6414
210,210.68144
160,140.96631
84,105.63614
100,80.01125
113,122.257675
115,117.4443
175,168.61531
220,215.08698
277,268.23486
215,252.18727
187,202.6736
188,182.96301
182,198.612
213,198.17767
195,206.31024
207,197.01361
234,209.35031
281,257.44873
296,333.54416
288,320.04776
300,321.1245
325,367.00244
295,351.5893
246,268.06253
233,194.30977
161,153.92302
95,102.84203
114,69.398506
163,92.0496
147,113.80493
187,177.97578
250,233.74835
312,292.63968
277,265.67654
211,210.67229
185,183.27698
251,181.01923
279,227.21014
259,254.08408
266,236.26466
285,253.51068
271,313.2225
359,362.684
422,401.5027
488,459.60388
514,510.84055
501,446.8628
430,375.45877
285,321.7389
234,192.53488
225,141.81693
162,136.91106
179,117.851524
170,133.13054
194,191.45815
227,234.40033
259,297.83548
251,281.33835
219,222.68651
237,202.70041
265,219.91856
250,247.54106
231,243.87068
223,227.57016
276,235.1835
287,307.1628
326,379.4589
541,408.49005
391,565.4455
398,508.0194
424,473.6422
506,436.0316
443,424.0458
451,356.75192
292,316.68945
203,214.61327
139,154.45947
117,127.1025
127,156.90396
117,161.65137
110,148.31874
109,143.3586
131,133.90945
164,156.33337
202,192.05368
176,216.35863
185,199.99625
238,211.20201
248,270.46027
244,296.45227
283,316.25095
267,328.2318
260,234.61496
294,222.40364
294,461.30267
262,279.8593
180,224.89151
164,163.229
94,154.28566
87,159.55803
65,147.72316
38,124.354996
61,154.89386
57,148.92148
78,142.89429
111,131.72575
108,135.19162
147,132.87558
156,182.15576
196,189.5959
160,219.33926
210,205.55222
221,251.47453
253,305.22797
347,343.69855
359,440.19403
353,451.37897
440,456.5731
443,810.2279
531,660.9154
560,520.06244
460,582.70996
452,594.3949
301,378.06287
139,256.83362
76,119.96053
62,98.874146
69,88.84048
74,114.640175
93,113.9131
154,143.0969
198,175.78452
209,214.59494
203,247.58873
221,233.40248
215,255.39677
274,256.3439
309,353.4216
400,376.90677
444,451.75812
503,533.5017
552,590.7425
568,717.0251
669,557.5332
716,751.29144
617,631.8838
558,642.5115
390,452.0414
199,248.01001
100,131.96878
85,113.864456
78,103.31861
118,112.387184
137,167.1811
207,170.08746
259,255.32855
259,277.94037
315,262.3051
290,308.90598
284,290.18408
310,305.34448
313,339.39853
372,370.91663
294,390.05838
314,333.94687
373,370.66528
268,388.18674
202,241.20874
1425,1059.6637
1087,1053.2194
1051,925.7369
1075,775.9398
710,659.86115
325,284.73032
226,214.70848
199,181.38853
184,194.50117
215,211.99933
235,250.84294
236,260.25977
260,249.10152
258,267.8187
285,271.68246
288,292.7513
318,315.25067
310,377.34888
416,392.0518
548,486.6801
575,574.593
593,751.97833
853,725.6674
940,1004.6136
979,991.4568
1679,967.91125
660,880.80054
532,613.40045
286,411.57175
165,229.01463
191,169.30121
183,174.5766
144,185.5048
204,186.47292
217,230.95699
222,237.3734
236,241.37698
197,240.86423
243,227.08707
240,250.7755
290,260.9029
328,302.6626
318,340.9477
353,299.69122
325,340.86203
336,322.22314
372,328.6951
204,282.87314
211,140.05486
121,148.76994
118,72.74711
106,73.67935
164,81.7579
102,123.36634
132,133.53018
170,160.84961
171,184.8785
147,160.76395
117,132.14693
125,119.78722
138,126.09118
145,141.83698
150,151.38525
141,149.08798
165,153.87047
195,195.43727
195,211.28653
242,197.41502
156,221.64227
164,166.24513
172,190.76576
148,143.65785
90,109.95648
47,60.455254
40,42.26095
47,47.558983
78,60.844746
75,86.5336
102,121.1075
130,146.37827
156,163.7591
142,153.57085
105,123.57235
140,114.172554
135,132.37032
121,133.65662
143,138.83786
116,140.28648
171,139.74826
188,202.86218
223,211.9965
245,216.66005
233,217.21902
244,230.20937
301,282.89114
326,262.73053
145,209.21909
104,85.436005
66,72.738045
58,48.166092
77,70.63862
90,76.68286
133,123.65236
143,148.38124
175,167.1814
143,161.08942
137,126.330124
113,130.97997
143,122.452095
123,140.19847
133,141.60974
144,135.071
147,157.56334
194,193.50293
223,240.77625
216,238.34
189,239.88663
251,230.23969
425,396.04343
255,359.21124
158,204.7128
81,112.22368
52,66.44104
64,63.93833
73,73.78016
108,90.862976
104,130.04965
156,144.42046
155,192.97565
175,170.44554
130,148.83762
172,133.47
150,157.83044
144,148.80576
168,152.70506
161,160.4044
200,175.6777
204,234.52861
264,251.60043
288,271.5402
276,274.20258
306,299.95444
474,404.91022
376,432.32123
244,334.5062
156,228.73811
129,103.840775
103,138.91138
130,111.234276
119,106.52877
149,129.22928
163,159.43532
167,178.5174
138,173.96103
152,142.85403
171,163.91399
163,172.62823
153,169.5876
171,177.14598
175,174.191
229,207.66696
280,278.10486
365,346.34192
388,413.88025
326,407.74448
359,387.99734
592,544.9703
740,746.04926
750,816.80914
701,802.6015
603,635.146
420,548.4117
254,266.1492
108,193.93596
121,129.31332
111,150.4855
139,155.06726
200,179.67383
212,227.90398
245,236.11758
239,252.75574
268,250.71834
287,276.2283
349,291.0578
290,345.08112
397,338.24692
424,457.85663
511,472.77997
444,502.47623
472,500.93503
674,591.33496
708,781.69257
739,705.66956
738,774.6434
574,598.2411
546,477.48453
317,334.8083
165,201.8587
130,166.80644
132,138.79507
113,151.57861
127,167.05322
212,184.44942
216,235.61095
236,234.3323
226,238.6808
333,242.11057
313,338.7824
309,315.10922
292,327.61505
265,311.06268
225,269.71024
236,234.12039
234,255.38069
211,266.6041
221,201.31175
122,168.2624
80,83.3571
59,56.438095
53,55.79942
74,70.46426
84,100.790405
110,121.677086
157,149.1412
188,179.72621
142,159.06621
113,127.537254
135,118.11368
163,129.25299
163,155.58684
155,167.839
138,152.26833
166,155.13184
223,192.96967
273,225.73694
215,249.14185
206,195.16016
189,193.40834
221,193.53064
171,174.10129
116,137.87958
56,79.01798
59,49.89452
57,53.28613
63,59.169952
68,71.676186
94,95.53438
149,116.6864
156,176.35678
154,157.1856
140,139.27461
137,145.90208
151,146.76984
164,155.69432
169,168.89615
154,155.57835
187,176.0436
258,216.69673
280,281.50092
253,275.62796
220,239.63025
246,225.65149
543,279.68884
256,348.23697
148,174.64664
86,88.67585
53,62.507114
62,52.34404
57,69.234
75,73.65818
105,119.789925
158,141.87741
182,172.11183
144,164.05896
117,136.11787
137,122.211685
123,136.5823
138,135.95813
143,148.13564
155,152.15517
171,167.62451
200,214.1155
223,257.91876
225,237.76498
223,221.11308
232,254.08713
389,392.14584
296,333.2878
187,203.30931
112,114.68159
106,68.66436
65,77.43716
60,69.69005
98,87.28824
115,121.21992
141,148.60681
178,182.80452
166,169.75426
166,140.43472
145,159.53539
155,145.8907
134,153.60332
144,153.97461
153,159.53961
178,186.79562
230,214.94318
264,265.0127
257,276.24103
207,263.91626
279,251.51295
466,393.14487
403,447.21307
311,325.62347
239,208.42012
196,157.27061
233,129.99147
176,175.30222
112,125.2973
143,128.21785
164,154.42816
208,176.06293
254,191.66028
189,213.61053
192,179.16068
175,182.56958
190,167.69476
195,183.73584
194,189.2386
219,222.53342
318,273.65622
364,370.55713
413,412.2535
571,398.8783
451,603.5891
534,625.3178
699,675.57764
681,766.97754
563,680.5926
485,531.4729
468,414.9432
356,289.12585
120,228.16809
125,131.20634
119,153.0505
129,166.41269
184,195.30147
196,225.3024
224,232.35663
229,240.76717
277,249.28958
272,293.22015
301,287.90112
312,317.97263
360,375.31006
420,427.69604
504,464.4038
551,565.84436
522,588.48175
604,612.1061
781,696.76764
855,796.5876
678,788.1499
531,638.9117
428,451.44473
266,294.04987
206,156.25923
154,169.53708
161,141.66019
153,150.78664
159,186.92398
213,204.17937
212,230.07219
252,228.47784
266,251.21999
263,264.8078
280,264.90332
286,292.61917
298,308.0961
321,319.7872
300,299.6857
323,291.08035
455,310.88516
355,446.09
205,299.5474
140,159.05203
94,82.42461
77,61.30503
82,60.705948
74,81.97538
82,100.377716
113,124.447525
139,155.00073
170,174.44577
179,157.50214
117,140.34888
130,119.401505
121,135.97119
132,137.84724
135,146.25444
138,139.7279
149,156.48201
202,184.82982
236,213.8192
217,226.0884
217,206.07756
199,203.06584
200,230.71436
153,162.61296
98,105.22728
66,61.263573
43,45.47384
40,53.643414
49,61.119278
84,71.08637
120,108.282974
144,148.04846
167,167.99023
155,163.8284
122,120.92127
121,126.62387
101,126.66325
113,120.82831
179,132.2085
145,153.6764
150,161.34735
191,191.94519
226,232.10703
208,233.77882
209,218.74884
243,233.8761
316,287.30945
195,262.84225
134,135.34024
91,82.72636
45,67.62358
44,54.793068
53,57.518097
87,73.71144
126,120.64973
162,153.36748
189,183.50082
181,167.8227
147,146.92802
160,134.33896
124,137.86847
149,127.06646
161,157.51785
127,158.02396
267,151.06445
250,263.30246
284,264.3834
262,261.32303
221,243.41075
272,251.40837
474,432.78198
263,307.551
176,192.32307
126,117.33096
94,94.610695
66,73.187515
79,69.611145
95,96.704544
121,122.25259
169,152.02629
218,193.63011
163,197.48814
154,152.26355
149,163.86443
131,149.97353
127,148.14627
149,158.59933
141,154.50247
198,186.97112
275,247.59438
308,305.19235
349,304.0158
343,303.58002
300,335.95627
390,415.6256
499,406.28754
277,360.60324
210,238.66718
151,173.71664
126,156.46606
130,133.58772
103,116.67684
144,134.21547
174,168.8868
203,204.61888
176,189.963
165,174.60994
169,169.57957
187,166.3448
182,179.73999
205,189.94942
197,204.40503
275,228.44052
314,334.97244
358,375.41364
397,419.8053
481,469.64264
399,489.7207
960,548.85504
739,1137.7048
612,797.5703
540,619.7201
528,509.74863
427,481.1545
270,281.40778
166,143.94905
166,141.25926
192,150.27058
216,181.60893
216,221.53322
246,232.98952
274,256.75992
240,279.0698
252,259.55164
277,274.41827
323,299.75937
332,346.9274
376,380.55542
447,432.4551
480,490.7692
459,513.97723
436,511.8522
497,525.84174
607,582.94836
744,629.03265
575,713.8178
614,557.2679
553,515.45435
422,334.7297
168,196.68611
180,161.07118
165,173.8506
138,171.92552
182,173.15091
264,222.08925
244,268.4086
288,248.28262
265,282.45364
275,268.58942
287,282.3118
309,300.569
315,324.67923
326,326.51862
309,309.40146
273,302.6332
256,295.46548
251,293.7198
180,217.34612
135,127.09168
73,87.02137
60,60.583496
52,67.56005
76,70.56958
108,88.64419
137,131.8599
170,167.61237
184,187.09227
165,161.49606
148,139.20203
122,139.11687
152,134.18196
153,150.13426
160,154.81297
152,155.54088
171,163.31488
210,202.02617
207,228.47202
183,201.07845
162,182.11841
127,175.9715
178,167.54997
148,146.12318
100,104.709496
89,59.799797
109,48.75433
57,61.826237
101,65.612236
116,84.98157
121,121.25965
167,154.50992
179,181.52402
147,165.31001
155,128.82208
155,137.05899
128,144.508
166,131.67595
170,171.99084
198,158.62973
215,195.64674
259,232.38179
291,263.06052
293,270.25327
263,251.71136
218,251.21999
238,254.0024
195,222.4846
135,135.63962
83,91.93024
82,60.395306
82,61.475883
78,71.80056
92,91.438644
137,126.50568
148,168.83687
151,185.4021
148,151.70967
170,140.08504
151,152.95847
191,141.8488
191,177.23456
181,180.46562
198,178.66927
211,204.2979
245,242.43216
262,268.86328
333,263.64102
266,308.32867
222,270.98563
210,296.50534
214,218.6217
188,173.2152
201,141.02948
223,140.11728
187,161.03503
139,127.71004
93,110.303406
96,112.31387
102,118.58808
86,123.6276
104,116.03428
116,139.51418
137,142.6194
157,166.4077
167,171.73132
187,180.95541
231,197.7017
264,253.21721
251,286.4938
202,295.61035
211,254.1111
229,240.49944
243,248.48457
274,246.78554
301,296.49802
225,281.75156
140,199.17744
91,136.713
79,108.16552
95,117.26718
77,108.10973
60,120.00076
81,112.75086
82,142.02333
102,124.61671
111,124.84488
91,137.04086
112,132.46518
125,151.95227
119,170.45618
160,164.01645
158,211.43716
200,227.63193
198,265.59375
214,255.22237
189,242.41142
234,234.65703
230,371.57504
252,297.1852
284,320.46362
229,283.36658
332,178.95857
501,286.70456
215,303.1509
84,132.99384
84,94.484665
71,99.981476
87,91.93033
120,128.05553
107,161.40457
144,128.11348
142,170.25082
138,158.62816
141,156.78828
162,157.40974
185,191.04515
220,231.07878
260,280.1372
272,288.41348
319,318.87393
318,351.87308
473,421.38034
472,520.3403
382,519.4228
392,348.29834
438,313.59412
387,390.82568
243,265.4304
136,144.11443
100,125.90513
90,111.06389
95,101.20785
146,129.91888
159,178.87917
209,180.12993
193,216.34041
212,201.80391
214,216.8755
196,218.52022
240,207.7683
226,249.50917
268,247.87419
219,271.3918
203,227.92755
184,227.37325
401,213.07532
237,322.74524
296,252.66553
269,196.66815
262,175.49612
236,179.60422
249,161.10863
210,144.61572
164,194.78252
182,187.24709
233,226.06921
253,260.58624
250,266.73038
223,249.79189
252,239.01253
215,274.02625
241,254.81624
305,272.7233
294,338.73077
325,337.86417
363,364.62122
343,387.5744
383,362.81323
329,398.47012
322,333.12744
306,309.87878
270,285.69232
363,231.53194
125,246.63483
153,150.6446
161,170.9208
119,138.74112
134,139.88033
147,163.39021
170,187.64758
200,225.2611
243,238.5403
204,235.92561
216,208.37784
268,223.57538
243,258.2409
276,255.22815
276,287.82178
318,295.99063
257,321.20554
266,271.84885
281,262.27774
240,275.46338
232,226.12802
195,201.74643
133,150.27866
94,91.51206
61,71.636284
85,77.71152
104,111.4446
114,126.2813
187,168.30348
233,236.52628
217,249.194
202,204.6981
185,187.5993
160,174.94568
177,168.48502
187,187.16168
204,207.08151
220,215.96516
214,230.18573
264,228.05606
267,261.462
242,255.46971
220,229.32631
214,210.90697
195,203.02673
132,159.04625
117,99.98919
71,77.46816
55,48.901707
64,65.00584
97,91.598236
109,109.217
160,167.12952
161,238.89645
161,211.02812
172,194.1602
185,179.10336
152,171.13335
159,160.82574
154,185.9182
164,194.00484
195,200.77087
204,216.56406
244,242.89148
244,267.0037
227,232.13072
230,215.78421
200,229.58012
215,197.69131
168,168.87305
118,124.86197
59,85.70998
50,54.36425
65,67.61293
82,93.990616
104,106.38187
156,166.19409
230,216.65111
234,239.6263
182,201.45183
198,184.35324
172,177.82928
163,173.20952
182,183.7186
208,205.25029
270,220.35266
270,259.571
234,274.11664
278,260.61203
618,255.40887
303,415.66458
224,260.49945
207,212.91399
180,175.47789
134,132.1247
79,81.556885
48,59.58825
70,65.280205
88,97.516075
115,107.393654
156,176.82332
243,232.00217
223,251.22481
203,210.01265
214,195.0427
189,198.871
180,186.42017
181,203.18457
218,216.61783
222,236.09729
244,252.67639
305,266.3411
312,308.99643
262,332.26016
281,262.47543
298,264.24414
209,258.05258
178,193.5632
145,146.52103
99,102.885956
72,69.158585
93,84.87615
115,116.84065
122,117.03685
167,166.02255
234,251.44572
225,252.0946
199,220.8267
207,206.69595
183,198.52959
201,190.65907
209,220.17871
263,234.54514
268,273.1474
303,296.5835
316,324.435
314,351.80872
309,334.7254
278,313.29166
283,307.10706
287,289.89117
311,286.31158
264,246.67717
159,199.67027
127,131.8674
163,132.62076
175,156.87152
135,142.67883
177,164.79648
186,189.46748
226,222.87634
254,242.60428
246,265.44293
239,242.31635
220,242.16183
245,245.73367
300,272.2562
279,304.18066
333,314.6765
328,362.17157
375,356.5928
387,381.857
310,374.61053
323,333.2535
286,320.09808
293,290.98984
244,272.398
218,208.45677
171,161.48274
143,160.83662
144,158.53358
135,127.68617
138,145.16516
143,164.78014
182,186.05457
204,231.12244
215,238.03001
193,226.3099
226,203.53998
219,238.9373
421,235.94617
352,400.3048
296,330.20654
284,304.60663
271,300.0481
246,276.17737
230,243.39296
237,233.70096
193,225.40343
188,184.2375
140,147.13269
96,98.24874
73,72.010445
63,80.725296
96,102.23964
115,116.29024
161,181.55576
269,232.21902
239,256.55432
203,211.50677
199,185.33418
166,173.35701
201,172.30577
291,198.29897
215,274.22708
242,226.23198
255,236.76039
260,252.07918
286,263.72958
228,256.8617
222,219.64029
228,213.36089
217,205.58797
194,165.4616
142,148.56801
80,102.90545
66,65.13981
69,74.64836
85,94.68605
97,99.432205
146,142.48427
145,197.67195
201,198.0158
202,211.72894
182,203.01933
191,179.4423
171,191.42628
198,197.45009
220,214.21712
213,230.07013
229,235.56004
307,247.38487
255,316.60016
260,252.8911
234,240.12938
244,227.49121
195,232.25157
175,178.09036
127,123.73044
61,91.63329
63,55.070568
65,64.47685
77,86.11466
124,103.15826
190,160.3963
249,233.49142
238,247.32176
207,212.3726
218,188.55566
192,198.56567
198,182.4473
204,206.97418
198,216.46304
241,222.36693
234,255.83629
263,262.81256
262,281.1002
213,260.45303
222,217.9307
214,229.72493
180,205.29022
158,170.10756
120,126.8855
67,78.94871
55,60.64026
75,66.910934
86,92.93654
114,115.36857
183,169.49655
243,252.98793
227,252.48653
211,212.03151
637,208.11015
238,371.81415
229,218.32407
198,221.8378
212,222.21266
257,230.06195
263,263.00052
303,289.75452
290,312.1005
267,277.65265
253,260.1955
243,246.32231
200,226.57841
177,183.76347
125,143.78723
113,92.20648
87,76.60758
98,88.710106
126,116.374596
124,123.36659
171,173.14043
259,249.20486
246,253.0504
210,229.45616
221,241.80095
200,209.85959
208,210.22379
208,214.30496
243,236.80405
290,269.69772
288,310.14615
335,315.9086
346,361.9177
375,353.74014
327,347.13785
309,329.35257
271,305.3813
282,275.2262
241,241.28586
151,175.64517
115,129.12871
155,135.26439
131,156.89722
126,129.57718
164,163.17705
169,186.82666
226,220.41261
243,248.54317
255,260.88998
252,254.40842
249,249.90784
274,252.10205
275,287.33878
315,295.43063
352,333.07727
385,361.06604
464,393.965
388,447.71683
453,377.5659
362,413.18005
282,331.30298
332,285.18985
261,278.0637
249,214.85023
203,167.4519
158,166.96457
176,151.00893
128,128.54439
158,142.5882
165,160.61595
171,189.01956
227,212.33473
224,252.27185
198,227.73552
213,212.91307
241,233.76437
264,247.68398
269,271.99097
306,280.76672
336,308.12802
342,326.7029
338,310.21857
306,311.853
246,276.23486
238,227.59053
189,204.9415
144,140.01778
99,97.18587
66,72.2947
71,73.69326
105,102.45428
111,119.47131
204,183.37466
291,269.69855
231,276.7678
204,213.99345
201,189.40788
210,177.61835
193,194.57451
211,203.53146
204,217.87566
253,215.73459
233,245.37505
252,256.70813
257,262.62988
236,239.09476
227,217.62447
208,215.17276
183,199.23593
173,152.57588
125,120.37224
95,80.65413
61,61.101246
78,64.24247
92,96.44751
103,107.71457
139,160.30548
242,194.28165
200,237.44994
217,202.08537
195,189.92413
135,185.9432
151,155.71823
190,184.08139
204,210.51126
264,215.21912
243,253.05792
250,260.5319
284,261.01508
257,254.79854
224,238.15733
201,226.1318
188,198.97339
251,172.62611
158,148.50128
99,88.004585
76,64.82843
77,69.04702
104,86.04718
97,114.22871
184,159.37689
311,255.99178
333,272.25952
229,258.56424
200,200.92569
205,176.72916
189,184.05083
185,202.52449
249,208.02383
241,254.83998
273,255.00972
278,278.51382
259,289.57892
267,247.76404
210,241.96925
232,213.82594
206,209.15665
188,190.03601
144,140.40573
95,89.32708
62,66.13439
57,70.11664
100,90.01928
101,113.20878
168,183.22043
270,261.15237
244,271.5267
197,226.58415
206,201.48537
173,208.21104
192,199.2812
244,200.67877
235,245.52219
265,247.9486
284,281.49814
327,306.86307
324,325.66302
301,294.9833
259,263.2799
245,252.59079
205,223.16113
201,187.24199
144,155.24718
105,106.11521
92,75.67517
86,85.89137
106,117.70893
112,118.20734
165,167.70906
274,255.51129
231,264.57108
227,213.94592
196,213.63055
219,190.8384
218,215.23882
244,223.79037
330,260.71945
277,319.30298
324,302.14285
319,351.60416
388,349.95026
355,385.48114
345,328.4234
307,322.87427
327,292.1553
282,308.37097
226,243.30139
169,163.52647
169,131.28532
151,153.17842
177,155.00089
192,133.20804
229,180.03369
268,217.62729
341,250.87984
366,306.5422
361,307.88187
328,343.87024
331,308.8665
323,318.1316
394,326.90408
386,371.31763
404,380.86295
444,393.20868
444,443.55197
419,430.81625
450,401.6887
413,407.47095
318,373.25955
321,300.583
280,268.3339
250,233.39655
159,182.02563
148,150.12454
181,162.38925
130,140.06567
203,149.19783
204,190.17867
230,210.91675
262,256.65576
321,275.965
281,292.22598
241,274.4707
307,247.37717
324,300.66916
323,311.30713
347,322.56726
376,362.78098
369,355.75772
361,329.2038
326,327.30676
276,293.7256
245,250.94011
221,207.04271
149,152.9085
116,98.96276
74,73.095116
108,70.82396
127,112.35341
105,123.72214
164,185.93242
279,247.96332
262,275.53528
215,226.6934
221,196.22786
182,189.66713
172,186.61957
189,196.86427
229,205.13431
243,235.85774
251,244.82478
246,266.24667
251,259.70395
255,232.74269
227,229.83469
228,216.62938
186,206.77048
182,167.47964
125,128.11617
83,81.406136
61,60.26591
60,67.41979
86,91.45273
121,102.79752
157,156.95587
234,198.59195
216,236.77376
225,210.12054
200,197.89069
201,173.7757
185,179.42133
227,194.63467
245,225.56049
254,235.85048
372,258.716
367,358.4206
434,341.72498
435,369.8183
347,357.38647
307,289.7812
306,244.61685
216,211.84445
140,142.57062
90,76.8151
79,64.32162
78,67.53802
99,85.97259
103,109.81348
157,173.53062
252,241.343
254,252.12206
226,227.95204
247,200.92323
206,215.24632
220,200.23152
240,214.47285
289,238.419
335,282.06775
301,345.35916
342,318.3463
360,356.51456
483,348.45703
412,392.5244
329,353.8174
286,280.09866
293,222.04124
233,219.46092
172,151.52917
147,115.118835
115,112.0016
145,102.95543
111,122.5429
157,145.54648
144,195.78598
127,193.04749
158,172.33362
182,193.5791
188,199.6944
209,205.71054
237,223.60092
266,247.63336
261,279.99246
316,287.8313
421,331.38626
413,419.82806
435,410.23047
359,401.61063
366,337.33398
358,322.19736
412,283.37787
296,254.76274
230,177.15605
181,151.82997
135,123.22848
147,130.12944
116,126.41052
157,161.73804
203,216.745
204,222.2527
196,194.90663
229,195.14938
235,211.5445
227,224.37518
245,227.65079
325,268.13196
348,313.743
360,351.77118
365,380.5461
407,393.8792
391,421.32986
403,363.29874
371,371.97382
398,349.82883
321,353.90375
285,277.85825
184,206.0129
113,148.74416
122,136.47932
147,152.25745
109,129.69696
170,153.99358
170,187.65872
179,207.28609
192,223.98969
239,234.08784
213,257.63437
212,237.58533
228,246.07538
261,266.07382
289,293.02194
287,329.11786
361,339.46198
362,403.10275
449,377.57593
366,452.64297
387,369.13242
353,358.3801
305,331.52435
266,272.4497
219,229.15585
160,160.37242
181,141.32425
187,162.52924
106,127.19073
150,149.58041
164,163.49821
146,179.09575
185,195.92484
271,226.03131
244,243.6821
230,232.13087
248,233.11967
296,267.85242
295,298.54874
296,295.15054
282,313.5361
297,300.28888
319,304.5824
286,301.12866
244,268.02948
225,236.29942
177,194.32909
334,288.24426
328,193.45178
205,161.14732
175,116.51809
144,102.27138
139,111.50172
160,163.56845
207,213.1663
248,257.5012
246,291.82312
299,290.00134
269,303.31454
260,279.76312
319,275.6166
335,318.10333
311,322.73282
346,320.31754
325,367.18686
389,352.7376
417,398.84247
344,457.0759
365,408.94553
449,419.5983
372,387.82718
321,295.74268
385,239.61206
98,204.73434
82,93.968735
95,102.53498
112,102.945206
130,127.4565
175,180.36844
228,223.4136
262,251.71083
293,295.91653
265,290.89148
271,268.83997
255,273.1346
257,261.07486
278,261.32175
277,278.65234
305,292.91046
301,302.46817
278,282.78323
237,257.63107
204,236.82608
237,210.89287
180,206.64722
103,120.37396
73,64.079155
41,44.107033
46,45.622772
82,81.41561
121,116.51505
242,198.72441
307,287.64917
311,317.12204
246,257.41187
194,214.18301
200,189.59578
200,200.35164
221,209.55508
224,229.59291
245,220.72308
262,241.03714
283,275.448
265,284.0472
223,236.2142
208,207.81741
176,191.0182
175,184.3527
153,147.73413
94,101.22854
48,57.180557
24,36.863796
43,34.80325
118,63.596043
136,119.64611
219,230.30704
225,319.98132
263,315.9025
266,249.86386
208,213.92535
192,201.97748
209,195.85664
242,214.8876
248,247.18883
256,237.4429
264,257.80722
282,280.46185
297,288.93427
293,259.52814
250,245.29617
233,217.416
221,203.54504
187,164.82777
119,113.3583
61,62.461338
37,35.176243
37,43.195007
62,65.95537
113,108.10586
242,221.51814
334,313.3365
292,332.70566
236,264.23413
248,213.08195
207,212.03566
211,212.4031
220,226.35068
272,247.94324
231,267.3659
231,256.5209
290,283.4349
273,308.24307
263,270.90506
213,248.52896
208,220.79184
228,216.0038
164,189.27788
112,117.99564
61,70.008514
48,45.690132
37,44.36041
70,72.25364
109,120.37871
237,228.15848
347,349.79453
304,338.4059
271,253.7224
250,253.36371
283,226.22711
221,258.53537
277,237.80386
246,288.78702
237,244.11024
275,254.4329
332,317.28995
349,331.2721
312,313.69022
267,277.67038
215,245.33228
239,235.88062
211,203.87648
150,136.65361
80,81.47943
50,53.86866
54,49.56652
82,75.83694
143,124.58952
231,227.46703
355,349.51117
311,339.29575
294,287.70325
223,253.03748
247,244.17056
237,246.7732
262,257.40588
297,281.07816
266,283.08713
279,293.41846
373,332.93234
370,402.14047
319,366.4531
295,308.58163
257,292.59134
315,299.45398
263,313.72742
196,230.79633
153,159.65276
86,108.7716
67,79.4186
90,82.39188
105,117.63118
137,160.12155
191,205.52673
230,248.79636
273,279.6135
299,288.2146
276,294.23416
259,275.47897
294,274.13266
272,300.27844
293,283.18274
347,309.04965
336,363.61548
328,366.25018
378,335.6026
332,342.00797
343,320.63943
536,376.45706
350,388.94824
235,277.03244
161,181.53697
125,105.54319
87,86.29535
80,92.20185
84,102.77341
135,120.50353
177,179.9578
214,219.16379
261,260.40714
306,298.9137
285,300.27173
239,278.45157
287,250.86496
445,271.6185
297,382.24335
286,291.77054
254,294.30722
265,271.58878
261,259.68094
223,245.49591
221,227.8268
262,271.8953
191,216.8723
114,119.57511
62,70.833336
40,40.637405
51,43.353928
73,76.95943
137,114.23496
224,211.57918
332,316.06946
322,326.97784
252,260.62384
247,213.38965
212,219.01094
252,205.00636
286,238.02724
282,274.67874
280,261.16864
274,271.40607
287,283.46375
320,283.00775
293,267.09793
236,246.19484
380,207.38467
225,294.91556
187,168.06432
124,134.27473
72,77.1654
44,46.336452
43,44.35061
70,61.984756
110,112.36986
200,168.14311
212,268.45477
261,250.35121
266,263.4781
259,246.78152
239,248.77846
239,239.32628
262,240.36182
246,267.49487
251,253.48466
266,267.05078
315,289.57135
313,336.75354
265,314.7537
229,245.588
263,242.47528
277,242.92487
175,218.55217
103,116.2729
61,63.15904
33,38.41105
47,42.206043
71,65.19509
112,111.60813
228,212.59607
359,304.06274
358,334.28467
262,284.8254
230,249.3971
235,222.40157
234,229.66968
244,236.58717
269,259.9722
250,260.8389
257,265.0345
289,300.87878
289,309.41614
261,275.4632
243,244.2725
212,233.309
197,229.37138
152,174.22122
91,109.39934
55,63.77598
48,42.616367
49,41.519867
76,72.40967
139,114.33394
240,231.61464
358,361.77206
347,367.0879
307,283.52594
257,249.18027
262,247.234
278,251.102
255,273.1647
278,276.23962
288,269.49252
265,291.69727
340,308.8303
343,344.0457
329,310.12256
279,280.70093
242,255.91805
352,239.78749
245,251.32819
136,155.20235
81,78.9816
50,53.27233
58,53.322746
91,83.19176
130,135.92049
249,224.93047
333,361.65298
367,343.81592
265,311.69403
253,260.7102
233,254.87584
265,250.36438
241,268.56735
300,272.59637
317,291.83734
299,319.762
337,350.63367
367,382.48218
314,370.97238
300,305.5294
266,301.67795
283,332.19748
289,299.0856
239,246.8161
137,189.07115
97,100.52375
80,74.17466
91,90.00499
135,117.327446
211,167.01768
270,238.77754
370,288.67822
421,314.1939
437,365.3955
398,390.3437
392,358.54883
394,357.88492
384,366.15497
397,357.8755
396,383.4165
488,393.75336
550,467.27408
470,480.73444
450,407.89404
576,402.70407
380,556.50574
389,350.28253
506,298.6574
218,305.57642
120,129.7683
130,87.67546
89,98.12793
104,102.20617
174,141.04625
232,190.3174
286,253.71713
346,307.79358
402,351.10364
373,377.44717
370,353.98026
379,340.36423
381,335.3496
340,346.9005
338,329.68503
402,355.6519
355,412.6637
326,331.275
449,296.02255
301,439.51273
272,276.79404
195,219.63347
98,147.00623
73,65.72589
52,42.879673
44,50.763676
102,76.128746
168,123.79378
240,239.18524
367,331.1336
376,348.4477
263,295.88943
232,220.50903
217,220.42749
234,209.46622
246,231.59198
290,244.84557
246,281.12946
269,260.8503
300,295.30176
301,296.67276
234,272.5424
188,217.52682
169,191.76332
170,184.13185
151,148.66798
116,100.06521
52,66.307175
33,35.41561
39,40.81434
77,72.04738
109,130.47034
226,213.36168
375,282.26917
349,335.6134
287,283.84433
242,233.93066
235,222.83977
205,224.816
218,227.61984
254,244.65128
252,252.88396
259,269.76404
301,296.96603
287,315.34317
254,262.96136
203,225.32486
198,210.81242
189,202.7913
183,164.29536
109,118.380974
63,62.500473
34,36.04535
58,42.587555
77,70.92032
130,112.25013
264,227.74911
421,374.68845
459,391.56256
299,345.79037
264,247.5927
227,249.05559
214,219.07204
226,225.67143
242,252.55328
249,247.549
248,264.56366
360,292.17447
310,347.22382
263,282.4326
245,236.02643
235,223.96667
235,223.51695
198,185.2917
137,122.66476
62,70.34319
50,43.196136
41,43.163338
67,72.341515
113,129.27116
247,235.54001
376,374.55746
359,405.73563
263,307.22098
242,252.05576
238,244.12408
219,244.04356
271,239.41954
280,273.10593
290,276.8689
277,289.87335
350,327.918
360,355.32513
367,318.31485
259,311.41693
302,253.17749
386,282.14636
217,265.73022
180,155.2833
88,95.96987
56,55.098244
58,55.45327
86,81.33844
142,122.84672
265,237.70692
402,364.7596
401,374.99652
270,312.0714
254,244.86288
239,250.73517
259,245.67358
268,268.6472
335,288.68314
279,323.0903
313,297.7125
348,363.94583
404,377.64832
380,369.04248
312,326.07455
384,305.18658
462,375.92346
315,355.43253
259,249.23914
205,170.47153
111,119.36351
95,84.96085
103,92.59863
154,130.20479
225,173.34065
302,243.65903
411,305.47406
365,332.0187
448,325.42218
421,397.63138
405,391.66962
383,372.17023
394,372.85086
358,363.04364
408,359.2238
451,403.23752
502,459.25107
450,473.80078
397,399.91754
564,386.20242
418,526.6424
368,382.29535
238,295.20996
174,199.86296
123,120.018196
96,95.25775
110,95.774796
125,111.78904
178,147.72128
246,195.97694
280,259.84442
361,301.25137
380,367.09854
368,368.31363
350,353.33304
347,328.8327
359,347.8842
371,336.8236
360,348.1139
385,368.39825
325,401.6379
347,303.81088
282,312.78366
255,313.66177
344,260.6079
205,256.28323
102,119.16083
62,66.25989
61,39.698753
55,48.06353
121,80.099
136,141.80144
223,232.89713
367,313.49597
347,345.9105
266,288.66116
273,234.10869
226,248.98076
231,227.12547
239,241.83276
257,263.45743
253,251.37895
262,269.2919
312,290.52264
264,319.6398
243,239.10191
237,216.17752
186,206.9232
193,183.27516
171,158.3395
100,109.710045
59,53.967045
37,36.844505
51,43.204792
81,78.46552
100,115.82943
249,211.74277
362,290.43463
354,328.2686
314,287.08658
260,262.56265
252,239.64923
237,236.36606
257,241.28531
285,260.73007
317,274.96262
341,309.39764
413,360.2502
395,376.00323
408,328.11658
315,347.77133
267,264.10706
305,238.32333
232,208.88884
119,132.9255
83,65.38233
62,43.00481
47,50.825798
76,73.3107
137,110.44477
221,245.19547
352,354.85657
318,366.7818
283,287.99258
301,254.21669
268,275.63876
290,251.35294
301,278.4422
312,299.196
290,311.24243
319,300.33167
346,351.1701
345,353.23126
436,324.16147
312,368.23
269,272.8664
259,262.53876
274,205.00673
212,190.82114
130,124.282135
71,85.8079
71,58.92804
110,80.74066
112,121.707535
128,169.22794
154,190.93298
149,184.42355
141,185.63142
196,186.95795
207,233.51436
217,228.55342
277,249.65276
364,293.65112
426,351.16522
453,426.2429
531,432.10626
525,479.97293
519,478.0501
533,408.63574
531,426.6168
539,417.08627
464,335.35123
367,264.27686
246,157.54308
123,117.94835
105,77.33423
97,99.704315
95,132.3222
149,187.77507
170,225.61098
207,230.28955
219,220.09163
219,224.10033
228,226.11089
199,240.06636
223,238.86398
253,266.99136
248,276.70166
288,291.88815
324,378.87457
317,409.95386
312,372.19516
326,371.38553
287,372.1888
309,388.89578
283,315.4736
195,244.2815
138,157.6107
79,104.29383
81,79.33505
85,93.34503
123,110.424034
190,178.61322
191,232.0883
249,255.24443
273,290.99725
328,309.79974
305,343.5315
306,323.79807
351,315.26712
333,350.58447
322,329.0188
335,344.1789
352,372.86118
368,386.33368
368,379.43576
358,362.17468
332,391.84866
353,354.4749
387,336.3013
246,268.19815
152,175.83063
116,106.586
79,91.45723
102,88.83079
115,105.513535
150,166.43414
217,199.84239
225,258.58694
270,276.59097
352,318.6238
366,343.20328
338,340.69025
330,329.54807
385,324.39136
295,350.39243
338,300.5395
344,345.52875
328,335.83585
279,304.94748
246,271.9603
258,244.39682
333,261.55682
224,251.43343
413,341.15265
475,320.7971
496,318.33374
413,263.89285
297,202.59496
123,140.23532
85,103.78045
108,113.530235
151,139.73915
164,193.52034
192,198.7024
276,218.83353
244,271.20538
254,233.65105
239,249.85785
275,235.20174
262,271.90146
328,287.27518
390,354.04117
397,378.66827
378,352.70926
453,378.0473
401,424.42847
363,389.83154
473,344.24454
710,370.96954
231,371.47675
172,195.32794
133,152.86249
110,106.65177
120,99.24162
109,115.45822
127,132.82703
148,162.0831
171,192.9982
213,216.5123
163,227.06648
163,193.41139
165,188.44215
191,183.54903
206,211.70334
240,230.08557
282,251.35887
239,249.08319
269,209.77145
211,245.40483
139,182.65636
122,108.24312
100,87.43623
71,71.66389
64,54.715656
56,42.918285
74,63.398808
96,92.60519
181,133.11685
194,212.37341
230,238.5419
180,202.22208
151,150.41916
151,151.28195
155,146.49416
148,162.58621
209,159.71927
196,193.19688
162,190.93318
271,196.5778
276,270.10617
212,237.95195
175,187.74818
169,167.0316
137,137.35878
112,102.81096
67,78.95933
39,54.935658
31,34.096836
18,32.728344
45,52.945465
83,79.085144
157,148.83255
177,225.54182
261,251.87706
218,224.2957
129,171.2671
176,142.97525
158,154.60767
161,152.37347
151,165.57053
162,162.6909
191,179.88316
263,225.30379
311,293.2439
248,278.2478
228,219.79858
191,210.78642
129,180.69516
120,122.61809
106,89.48593
43,60.62271
38,40.16877
21,28.6693
56,45.484795
93,76.81284
164,155.42334
225,209.70686
275,288.13934
204,229.77362
137,164.56845
145,156.49667
166,151.44316
152,167.68959
206,162.87431
164,184.0541
192,195.2746
294,246.44377
307,307.9532
289,283.84827
271,259.75214
253,259.23584
210,206.30038
141,168.14732
122,120.12
79,75.731766
50,54.15175
52,35.43815
70,64.86786
110,100.169205
159,163.2964
206,217.15958
272,275.07733
233,236.03362
160,183.30525
192,158.21515
173,177.21689
151,169.75604
176,173.24379
179,183.3251
220,200.47675
251,255.3387
313,286.92752
318,312.6252
259,301.20285
335,279.9559
281,290.05942
266,235.5097
168,201.67935
139,141.07225
143,118.54433
129,97.02311
110,100.899376
104,102.74628
143,142.5151
207,179.22801
220,238.20148
184,212.7984
191,176.04147
205,193.93387
179,196.59027
186,177.62843
175,185.43816
165,177.23744
209,201.5704
280,259.16885
359,329.33038
381,362.9769
331,352.80716
318,339.96402
350,344.9616
352,349.2788
352,314.18655
306,289.48145
292,251.48178
193,200.10818
109,136.7341
80,95.67964
58,94.41299
100,98.03618
125,145.25078
174,171.2051
206,198.82448
209,226.15994
228,225.12482
195,224.9665
220,215.07439
223,229.42993
270,245.38667
322,308.924
371,361.12064
399,391.23242
267,362.7901
302,296.4325
401,347.8251
344,370.88364
377,330.95602
299,316.87418
314,245.97812
190,226.12483
135,135.65819
90,101.031136
94,82.60078
71,103.86267
115,107.92956
153,156.67789
209,195.2947
230,217.30035
236,223.13805
214,222.75075
293,206.60637
264,257.52103
278,254.2877
280,279.05872
271,277.7733
206,241.33717
194,182.32571
162,185.68068
138,142.2593
108,110.2957
70,83.678215
58,54.14733
53,51.846287
59,45.813778
79,67.61057
93,95.30965
149,139.27487
192,197.02412
240,237.40802
185,200.57867
169,158.60117
157,158.05519
195,151.74214
183,178.64777
175,178.09651
168,184.99155
192,175.75592
227,211.74875
290,240.3945
216,241.60114
197,187.18214
176,176.30296
126,145.34085
124,108.559814
106,94.82687
52,77.20734
52,45.1326
27,43.685776
65,52.058052
70,79.29696
116,115.086426
200,142.84995
245,235.9993
195,226.5781
164,179.50595
163,165.17969
144,162.25632
128,163.14404
134,152.4497
159,157.69234
206,187.64896
233,226.55615
297,270.686
275,280.6667
234,235.04733
230,209.65295
212,196.25746
130,153.6659
83,103.3703
48,57.86127
44,40.865726
31,30.671572
57,50.432426
83,76.27437
155,146.35191
221,221.9952
312,279.75903
234,242.90134
152,180.67737
178,151.345
119,168.22752
149,141.33025
167,158.57936
149,166.64589
179,184.49207
234,236.31757
306,289.06375
251,291.61142
227,247.3827
277,241.43282
189,244.48557
222,162.64662
117,147.88762
56,74.976814
46,49.932304
59,43.44623
62,68.6949
93,100.456116
150,158.47603
233,213.93146
314,293.15164
246,255.23816
164,184.67822
170,176.09378
166,162.25613
139,165.84222
162,166.63535
158,169.08427
218,188.34178
272,255.10405
329,301.6493
320,308.1042
293,279.39432
266,302.18982
262,249.97908
233,245.48161
185,182.64449
188,139.94775
108,138.03668
93,105.23324
88,99.32257
99,102.628685
148,138.32368
183,184.28688
227,231.97632
225,213.24973
164,192.3732
171,182.27469
187,182.16982
180,176.78152
167,179.33458
170,170.68828
213,203.27507
288,267.13803
355,343.82086
373,369.33798
393,351.00403
342,368.46036
370,351.28033
361,365.25497
357,327.3974
353,304.37177
318,277.19836
218,215.45161
123,134.45319
87,95.29899
69,94.59227
103,103.55104
151,139.16824
183,190.00546
225,201.94217
240,224.68674
283,245.94876
260,267.2892
258,254.0098
248,250.46393
297,261.02792
364,325.41904
404,393.53824
435,411.76236
476,401.46683
395,424.20966
391,412.20813
454,367.30814
334,384.18332
266,308.06897
272,243.21497
210,208.8636
131,141.144
93,102.15877
70,85.37204
100,97.74988
127,129.32686
179,166.13225
217,212.14969
252,236.08798
214,251.0893
269,216.84384
226,251.82933
199,219.05792
266,217.21579
289,268.58844
288,280.81247
219,253.84401
179,202.55235
148,178.7192
132,136.97385
124,108.012955
82,84.871056
59,57.147324
45,51.623634
46,51.14897
79,71.154434
91,96.62164
153,144.85535
224,200.20692
252,252.29811
195,205.63803
161,166.49443
134,156.62117
147,147.14056
161,152.44005
142,170.34595
159,157.7323
207,169.50317
230,230.93996
257,257.16547
214,225.94945
179,184.87822
192,164.56766
203,152.07089
113,138.01056
74,78.24164
46,49.28017
34,33.45685
22,29.284153
51,54.829422
70,80.13448
154,142.7573
213,217.2326
319,260.61792
235,245.94983
169,177.48386
138,154.4051
121,145.58163
146,138.02902
161,151.02873
149,162.24582
183,182.84921
247,228.72078
289,280.52945
275,268.31284
275,241.2188
214,249.64812
199,211.91257
163,144.95583
102,100.90151
53,57.172947
55,40.67268
30,31.607437
59,54.536102
82,83.4378
189,159.27318
261,242.69133
359,316.02805
281,276.43045
173,202.37115
154,153.73965
140,141.04135
136,152.0877
157,162.61606
138,159.58125
225,173.96121
256,265.6705
332,299.55777
276,302.26456
270,272.85852
212,265.8126
202,207.97441
191,177.33992
141,132.35365
87,81.32412
47,56.71838
55,45.69426
83,69.6653
97,104.02051
146,167.80717
263,237.84299
286,313.41278
225,263.36957
170,182.25656
157,172.83824
163,162.6236
172,158.09961
191,177.45769
148,176.95126
217,194.78305
231,258.7016
333,290.26157
329,320.8249
283,300.3449
259,280.96347
279,252.28128
224,249.9381
192,180.81273
149,153.417
122,123.27266
84,110.22359
100,101.40053
112,104.94193
146,145.76117
182,202.04791
255,225.87311
234,225.25327
167,190.72241
169,180.2437
176,180.40851
159,182.7376
162,177.9768
174,166.08168
209,203.70097
286,255.31888
344,343.82626
338,363.98862
347,332.71115
313,341.25275
442,344.38034
354,397.27066
343,330.85
319,308.62854
260,271.17313
199,204.88641
136,130.34225
101,97.94923
101,84.71638
138,115.81755
177,164.45992
180,198.5757
178,201.84552
227,213.154
229,234.79633
258,235.21454
240,250.39272
203,242.94492
229,236.70352
286,277.7975
353,337.75815
347,380.36423
297,350.89297
301,335.53555
349,359.62
338,347.07455
353,325.05746
315,315.8716
274,272.85214
177,207.70375
131,139.3937
88,100.91361
97,94.67524
118,111.11885
134,137.90764
150,165.25323
225,188.36624
237,237.75784
242,227.9237
191,230.73804
217,207.27306
189,206.95883
227,214.21786
236,245.76599
211,256.86484
182,207.30345
166,181.73041
134,166.45438
117,130.792
90,105.23865
55,71.561584
53,49.86057
44,46.127884
24,50.511806
59,74.76995
81,91.7734
104,145.90303
157,183.2207
187,218.86761
157,176.49327
134,154.97227
124,142.93907
144,143.91377
139,155.87114
138,160.28325
150,154.65659
152,176.29518
193,199.75981
225,229.92496
172,208.01874
158,166.38882
133,156.69125
113,123.41218
104,100.06135
116,65.62867
92,60.1627
62,46.0877
29,32.07056
78,50.79144
79,79.91697
103,140.0391
162,182.27504
194,227.6869
182,195.53291
147,153.93182
162,147.64038
135,155.00465
138,144.27483
158,147.07465
183,157.91707
179,184.14563
179,221.51181
277,228.52184
235,259.25217
242,211.08528
216,209.39474
153,188.02472
140,126.5488
100,106.71372
58,60.637833
42,45.93987
31,32.170876
71,59.094887
88,87.29529
130,147.23323
131,204.67319
131,210.35948
171,175.58696
143,154.99907
163,152.33438
154,152.50407
136,153.44391
182,160.48674
136,176.45662
174,173.8045
178,217.49228
209,245.3373
272,229.08716
166,261.1653
175,196.7743
165,179.82507
149,163.72554
110,121.035934
112,87.38827
99,70.00948
71,71.581604
56,79.26067
75,83.596634
90,115.089294
72,100.42448
68,78.404205
96,79.44822
78,121.143486
94,114.839134
115,128.22504
121,134.58534
107,154.2934
142,133.21461
130,165.23521
143,127.61468
149,143.14136
127,160.50209
134,95.81639
119,123.00398
125,93.07077
108,107.83044
73,100.71259
73,71.12257
32,76.68972
38,70.84313
28,79.48581
25,82.939156
55,109.80952
59,132.22194
72,127.34789
89,108.64412
102,119.90574
119,123.43423
135,140.9626
112,154.30716
104,134.55367
117,135.32045
152,147.35521
179,186.89394
209,215.45016
203,216.8176
149,215.9062
155,167.6065
141,187.41174
175,167.61436
147,141.61003
139,127.226715
135,110.474625
110,148.37634
64,96.82408
53,66.200066
43,62.701023
58,72.80121
70,91.907814
94,114.936775
137,124.88049
147,165.09918
130,175.3785
147,145.29333
150,166.44884
154,168.25949
157,178.59581
203,188.75508
207,244.38342
249,231.58815
216,238.61125
198,219.10101
194,215.41437
198,197.5609
226,168.32178
187,199.55629
178,166.1096
102,154.27031
57,99.68338
64,66.70049
54,70.818214
65,74.788284
68,90.61374
125,97.13188
163,162.65912
228,187.69472
192,214.49039
203,183.87683
193,192.29774
172,179.38986
198,187.4992
168,220.33177
180,195.31544
161,181.54855
141,163.09065
133,147.1257
89,128.55751
69,95.9783
226,171.0084
191,137.45952
180,104.509964
131,94.87306
134,75.73851
87,79.1559
98,97.73075
177,162.99504
213,228.46524
239,250.0436
204,261.62894
247,243.36668
229,259.4699
268,251.98763
239,274.35126
248,262.33945
272,273.54797
267,288.26562
322,296.51993
337,333.17715
286,323.94736
265,372.51578
244,353.93164
203,221.71939
215,194.40257
228,152.4837
66,137.1359
58,74.42954
70,77.57995
93,70.262955
78,94.37351
139,119.985146
164,174.92838
204,195.5199
208,223.37195
245,231.00201
243,251.70305
230,244.28906
240,236.1281
257,240.7525
234,254.2592
249,242.95317
245,253.48404
223,227.50978
209,210.55652
152,190.83298
133,155.70517
108,115.42869
64,76.04451
36,48.083057
23,33.098877
42,32.79226
63,58.97807
84,94.00095
195,156.0538
313,248.57764
285,334.12057
251,242.66872
250,216.29839
238,236.00098
206,229.76988
252,216.65367
251,243.34496
264,250.59734
269,264.15884
286,286.48032
260,282.44614
230,226.05109
188,194.9715
142,166.19762
121,121.26072
102,89.832794
48,56.43864
28,28.26847
21,21.472368
32,27.506504
62,48.09935
93,94.5619
163,178.5914
240,308.16132
261,312.2746
257,258.77383
230,238.3132
232,212.4267
241,219.8623
245,244.61203
256,260.20157
253,273.74155
256,263.65173
295,292.15204
254,296.39783
228,234.30266
199,207.29747
162,166.19931
167,138.30359
121,114.49855
74,69.12217
45,46.24339
19,27.652515
24,30.955656
56,51.365715
94,98.74889
214,170.90948
331,299.9193
332,330.83685
266,268.67642
255,230.66884
226,236.76758
215,223.91774
247,230.64896
269,265.14145
268,267.22714
293,273.1508
322,313.03827
264,318.50754
635,248.07422
282,376.36963
180,242.50945
169,161.17361
117,131.88472
67,74.914825
35,42.568867
30,27.894394
26,32.531506
56,50.19902
111,99.32091
206,193.06186
301,332.09406
328,341.94647
269,287.84396
268,248.21545
258,249.86058
246,243.44382
231,254.43127
289,258.58746
296,284.4539
312,312.11697
337,336.3806
334,333.50162
275,376.16763
251,255.16362
222,224.48996
164,198.53624
153,131.89943
92,90.43226
49,55.35168
35,37.218193
35,37.605213
63,58.163284
110,100.27065
193,175.7859
347,313.05905
295,344.5546
261,265.11917
246,250.53072
259,249.0987
247,256.73627
231,256.32855
313,266.80878
305,308.20627
294,317.66586
345,333.44052
360,357.48694
284,329.3574
257,258.34695
265,271.1472
211,272.4601
224,215.38141
173,192.51596
91,121.19743
63,70.6416
36,55.518024
59,61.08384
75,78.8931
104,93.65553
140,170.75562
217,198.10547
357,248.94264
305,304.90445
237,302.1412
240,246.66362
255,252.44356
279,263.5857
278,283.85498
260,283.44055
322,281.02856
281,332.06827
270,278.83557
217,263.02643
228,223.25404
257,256.34372
214,218.43343
150,192.39201
102,116.58931
87,70.69497
64,65.989624
70,65.65697
58,68.16273
81,86.61581
104,119.32879
172,163.36012
212,225.13779
222,242.95673
229,239.35292
229,239.86267
241,235.22163
402,244.85945
284,329.97754
246,269.76743
242,253.62015
211,243.06866
199,204.04578
151,187.2301
162,159.79178
137,148.23682
103,116.938995
79,72.752365
42,41.33835
22,27.680716
31,33.10948
42,59.735935
97,76.83922
217,173.60765
316,316.29776
315,333.78128
243,255.64246
211,223.61281
215,211.95828
241,212.75075
313,238.88623
288,306.29868
292,277.4367
247,283.35355
299,273.45523
334,284.36267
272,276.993
217,225.55423
153,181.82626
159,125.25297
112,101.06017
63,69.552605
32,42.80904
19,27.368885
26,32.037086
47,41.50954
91,77.3668
135,157.13997
231,185.33743
277,283.90195
261,267.71982
222,239.36658
262,228.29301
255,261.86072
275,266.7547
267,283.1166
309,276.99667
285,312.2701
317,305.7362
299,329.76025
241,285.92154
210,218.06013
171,181.20789
162,150.75165
116,122.06308
73,71.61831
43,45.671936
32,27.445047
20,32.646423
43,53.904217
102,88.8137
165,163.09969
313,273.46924
342,328.7496
292,280.47104
227,235.887
247,224.28497
223,241.42792
237,236.70053
269,262.1268
280,274.60037
289,287.23834
339,318.84726
298,335.4513
224,269.4487
240,216.99974
218,212.61716
145,187.1859
96,118.6215
58,67.22927
39,40.819572
33,30.117018
32,31.655977
41,51.2437
108,98.134605
188,190.50606
357,321.83337
363,351.85373
296,292.95728
541,245.69502
319,422.9423
238,279.58862
257,248.27678
273,275.04483
272,282.8889
324,300.16016
301,352.4792
334,322.84476
270,272.1231
261,243.22432
224,233.94316
164,201.32828
148,130.92699
88,91.176956
47,55.24164
41,35.809727
44,36.959286
47,60.863136
109,95.834145
174,176.44858
331,321.38425
318,334.35782
283,281.49826
249,293.79968
239,256.25748
211,247.75688
277,232.07103
263,291.19495
329,279.46323
342,333.53592
341,359.2488
339,356.29178
315,306.26385
257,270.76035
238,271.09702
215,246.55208
171,218.5414
144,144.28908
106,110.36138
75,69.869774
58,56.676308
64,60.423714
61,73.05293
102,94.4926
165,167.28358
241,219.22403
221,264.47525
227,247.62067
243,250.8667
302,245.42427
234,293.673
276,255.93158
240,285.6501
289,268.11514
340,297.76392
310,338.5992
317,296.14355
345,275.29742
259,364.7958
249,256.55753
216,216.96046
169,187.68617
192,119.099915
89,102.598656
52,66.27143
62,66.24059
60,62.651024
89,79.89098
118,126.67288
153,168.9069
185,206.03185
200,219.9028
220,226.38014
276,243.8584
239,258.58066
237,244.15567
283,235.67992
259,273.06625
265,261.75412
258,258.07983
233,231.52982
196,224.95706
168,181.32658
138,149.49513
108,108.18179
77,72.82513
36,43.626724
33,24.243967
30,34.262623
59,57.17088
99,80.58823
207,184.02107
344,316.8209
338,335.1328
294,276.3711
242,231.31592
216,222.47714
234,215.25218
253,238.79526
258,254.0846
267,259.19806
283,269.26846
325,298.31305
282,309.25916
222,244.74666
197,192.90718
148,170.01997
129,125.77993
110,99.82385
64,59.373753
34,34.54836
25,20.540964
24,28.645842
53,47.1927
91,91.63876
179,174.05086
318,271.14505
310,318.62097
275,274.36545
226,236.36978
250,221.04135
214,243.53532
269,235.53712
216,273.44983
293,246.48369
284,297.00775
314,312.97
308,311.37036
242,250.07056
221,208.80585
196,191.82416
148,163.32869
112,116.44235
82,71.7895
52,45.572887
27,30.669897
30,24.9895
44,47.795532
109,88.897545
190,177.85388
377,327.8441
436,355.60513
310,336.99957
261,241.99861
258,250.27634
231,239.13857
274,247.67575
257,263.13382
287,270.3149
265,298.6433
324,310.91574
320,325.7619
276,278.14642
220,244.01598
196,206.99826
152,167.5574
140,118.5412
89,79.8769
55,48.64151
28,32.856
27,32.649338
62,46.79093
117,104.137054
199,199.58687
333,348.75296
345,370.93713
273,307.934
264,259.4062
278,264.50757
247,261.0761
245,260.46768
294,268.2979
282,296.8412
308,296.52786
336,335.12448
360,343.3967
289,301.8256
266,246.92026
238,241.22978
176,203.3336
128,150.79742
108,91.099495
79,60.244778
43,43.634426
37,37.591686
49,53.707603
107,101.35044
184,178.17664
317,332.53888
304,335.23474
280,268.3239
271,254.09663
253,267.17593
266,254.14972
271,268.01718
304,291.61084
359,301.50958
313,365.28708
328,347.6631
357,364.47653
319,321.41574
313,271.1836
244,301.5122
252,235.4798
208,214.57538
168,161.09006
96,112.7908
62,68.31048
53,53.426624
65,58.379757
65,73.72382
105,97.47329
161,166.4606
221,216.21877
272,253.83269
249,268.33408
292,263.18338
324,287.54636
294,308.967
295,294.44543
309,299.6311
315,308.38803
335,330.78165
333,342.8439
333,312.06506
281,291.5878
262,282.83926
248,271.467
228,214.61102
211,178.00374
157,158.31264
87,93.4537
66,62.44734
67,68.45947
57,63.219963
117,78.24539
145,128.34874
157,178.3305
212,212.4815
255,231.2995
252,258.38864
280,265.80032
275,274.31195
259,268.51624
306,262.0963
297,290.6934
282,294.73404
239,273.3211
243,223.0167
233,214.87077
168,219.02716
163,149.49513
110,120.50834
81,71.91753
46,43.08637
23,27.834785
33,29.086306
63,58.575443
89,88.790794
196,190.25627
327,312.0212
306,335.49542
260,250.96053
246,234.27615
217,226.07599
213,222.30757
262,229.04916
233,261.19073
267,248.94733
284,270.40616
291,305.68195
287,279.56995
223,243.71465
199,197.55829
152,169.68613
143,131.43073
97,108.02533
73,64.28246
48,36.836903
24,24.676186
23,26.503586
45,53.36569
98,87.32148
208,177.71674
285,285.6499
330,305.4642
263,269.0277
263,231.17253
241,240.66974
248,232.17542
257,260.81693
299,257.01123
325,291.40622
370,323.03592
411,370.04642
408,381.00153
376,351.61545
319,304.4173
246,279.16937
202,212.39919
141,129.88664
90,80.261925
65,50.627968
51,33.473537
24,28.77861
63,44.45085
101,99.97673
178,194.99937
313,310.10236
320,348.28116
251,278.6532
268,248.16374
249,252.36058
279,244.41267
285,273.78665
343,290.08365
324,335.91177
342,336.37347
371,378.0295
349,372.79297
429,320.25793
304,393.8056
271,267.96735
181,285.23813
196,134.56598
163,134.3305
114,93.47911
72,65.67917
63,46.382687
83,66.68594
92,103.210464
118,139.74095
130,150.12354
125,183.77486
128,154.27275
154,165.47285
199,165.89471
238,228.30144
267,256.0748
304,289.99435
297,313.44754
333,328.0391
318,353.81567
316,340.78772
318,320.77127
316,290.26315
285,299.69885
266,290.74936
197,239.80702
138,121.097565
100,77.50744
58,58.65143
39,46.917286
52,58.34747
94,98.44627
105,162.80135
138,210.86848
170,197.41743
195,192.83176
188,215.11514
204,211.19852
237,230.77357
222,256.23032
258,263.3501
267,284.74716
258,298.7061
291,308.8583
271,326.66232
278,285.57086
245,261.30957
200,263.04105
208,226.28995
197,201.54028
150,159.2659
102,102.476845
61,69.48073
45,50.350777
52,58.97726
65,63.62748
72,93.02095
117,116.85356
163,169.85472
182,217.11717
204,220.60751
215,231.9869
192,243.37273
225,223.09805
237,247.43927
249,255.7399
257,270.69162
259,295.16522
258,284.118
269,268.93286
215,255.58365
227,228.83931
213,237.34322
184,195.62776
166,153.9325
129,127.49192
70,81.51761
50,57.361755
44,60.732853
71,57.56065
88,82.13383
106,115.33475
146,148.66226
148,195.03543
210,198.47072
209,224.88936
244,227.84656
272,237.25902
218,255.79196
248,230.849
248,249.24973
251,249.97649
266,242.83008
188,234.26613
182,179.06554
162,169.95236
138,147.19159
108,107.43581
517,484.35175
435,281.56183
322,200.21814
200,175.38127
207,115.29934
172,111.29602
186,120.237816
112,150.85623
149,141.1974
197,203.94856
217,233.42528
221,251.11609
246,244.6657
273,279.82846
313,296.16077
288,319.49066
335,317.5243
365,360.26486
415,404.51605
443,432.57016
432,499.6797
393,491.69733
581,559.37006
672,601.19794
459,452.6045
392,329.64316
122,215.78018
125,107.67594
168,101.839
159,120.6684
163,116.62948
89,132.95673
104,118.01633
117,153.0684
155,168.8361
167,184.85461
174,200.12439
186,201.79121
178,219.69205
136,207.64682
167,174.64085
237,209.44244
284,268.50244
342,283.77386
420,301.7569
320,372.38806
295,291.5864
133,261.2323
76,78.43831
55,42.108463
24,28.681229
20,18.747149
46,36.538406
93,66.99232
115,122.11831
162,146.51617
198,191.2716
178,177.97952
177,152.96037
125,161.2365
150,151.72281
151,153.07452
157,164.73862
174,165.3279
193,178.98564
228,219.0672
271,247.77728
212,262.99075
236,203.03183
342,246.7493
271,359.08063
227,202.79283
76,110.62967
41,40.299194
22,18.7648
18,17.108566
49,40.333572
83,64.1703
101,117.70132
132,167.33676
191,195.63554
182,188.17503
156,161.40019
149,142.17712
166,151.16635
166,164.9675
176,166.10219
150,180.23499
161,179.25432
218,216.46259
223,255.05043
260,230.67108
251,251.43994
281,286.93234
422,328.30612
302,288.70547
257,129.87341
184,110.11989
63,99.0431
31,25.623798
39,41.567276
78,66.73123
122,120.2481
170,159.22491
189,217.63155
210,193.50322
151,173.78369
170,158.38387
124,169.84032
167,154.19034
166,182.1004
180,173.37337
217,194.61427
240,253.82112
258,270.62555
253,271.40125
174,254.28915
420,247.28673
383,440.05322
192,290.17322
92,121.92343
48,54.81933
29,33.369488
18,29.304913
45,43.36132
80,72.83023
90,124.383896
161,156.84438
228,203.63289
184,215.0082
151,164.02379
147,161.67757
171,155.79636
159,182.42361
173,178.24367
187,188.66095
220,211.9802
299,262.4967
328,323.1278
375,308.38318
311,315.04492
280,354.70425
334,345.32922
422,273.29733
179,196.23648
65,83.81203
43,41.826725
39,31.838015
56,49.93645
69,71.49525
123,109.44062
177,160.83253
193,203.55971
194,195.10065
180,180.47566
171,168.81458
206,184.24245
186,200.8626
194,207.69197
211,212.02798
251,241.23778
339,297.51892
340,380.40176
380,388.3498
341,385.03665
394,388.0396
525,493.03763
515,511.38586
333,382.9028
177,260.36844
72,121.63359
57,83.462875
45,59.31742
62,59.12783
65,95.26211
99,101.7734
153,138.4589
148,193.46376
231,200.05696
239,251.22372
281,257.72012
281,285.65356
300,296.467
321,308.72604
316,340.06793
351,356.0769
406,396.67154
398,426.19986
361,402.6415
408,392.49213
513,507.1185
504,508.9384
367,384.01248
233,260.9766
166,130.29648
174,97.729576
67,106.65139
49,69.83498
74,71.29773
70,95.47582
103,108.40132
137,144.59967
178,179.42262
241,194.6324
222,241.66435
236,231.9663
333,246.00934
339,315.54608
282,326.7237
256,283.64914
273,280.87558
273,276.3907
224,262.58218
270,234.8114
445,254.23778
306,317.43893
129,135.129
53,63.74271
32,28.34874
23,21.41308
35,39.12745
67,64.426674
104,102.28477
159,145.07246
199,193.56113
169,179.62126
168,153.02649
127,150.73476
143,144.06847
151,152.19446
179,161.36128
200,180.17026
203,199.69943
222,225.08672
304,245.67946
265,278.1034
232,248.9574
253,253.55418
206,283.53693
176,189.16898
96,113.393616
55,57.02367
31,32.081757
24,22.746218
39,39.17705
62,56.191628
92,94.371
151,132.51447
200,190.28609
208,197.69243
179,187.1938
195,161.0555
173,174.51736
183,170.44904
190,179.90675
212,200.22205
193,223.32948
263,217.69202
262,284.52377
265,274.9132
238,259.15186
414,278.49225
520,380.66876
317,271.5306
125,154.25447
50,60.84252
22,28.894476
15,19.623642
47,38.31669
70,72.820244
105,115.27732
195,160.11221
202,219.14565
200,207.57744
168,170.58928
186,175.04294
162,171.5519
167,175.47688
176,186.46814
220,188.42957
191,222.47673
254,242.21043
262,287.39453
245,276.03375
205,242.99632
239,272.14392
235,312.3213
240,220.72057
109,131.11475
47,54.580654
27,27.111046
13,17.225336
45,45.106457
80,71.59006
126,117.80394
167,173.29324
202,208.23206
210,202.77597
185,178.54031
209,174.79199
171,190.55804
164,182.42361
203,183.58064
203,208.61365
225,214.09
298,274.45706
305,318.60098
302,294.8699
294,291.91132
307,329.07776
368,357.2607
271,289.35474
139,152.57025
69,67.18543
34,41.409637
32,32.520546
54,49.593216
75,73.96511
121,120.69496
169,161.45717
205,195.01013
173,203.41345
172,184.09375
186,180.01952
200,190.07442
217,198.57217
215,229.5005
230,225.30609
232,256.00046
303,297.49338
369,353.898
418,381.64197
377,394.32904
365,405.69946
468,481.24893
394,505.3481
295,307.423
158,248.82852
90,115.21464
52,90.5698
51,58.691017
49,60.061516
72,81.99109
86,104.63153
139,133.67986
160,177.74243
201,205.69742
245,230.93672
287,264.16113
333,294.2462
287,326.67624
315,301.1395
358,330.35815
363,377.19452
414,392.15042
457,433.83157
438,445.25568
462,442.0723
543,598.71576
513,493.6096
421,366.25153
290,261.90036
137,168.73793
126,96.9034
151,85.79554
98,96.17333
59,87.35595
65,84.68717
108,101.021194
131,143.46283
202,177.1104
235,208.55405
265,238.55598
246,263.96945
265,253.04234
259,264.66708
296,263.1517
334,300.72885
312,331.65506
309,301.28207
278,279.81662
248,286.60284
237,282.5455
231,171.23979
98,122.346146
46,52.23769
23,26.999405
23,18.747149
50,38.0028
68,75.43526
124,103.44956
142,159.78326
190,190.56964
191,177.14651
155,170.18217
149,141.0277
157,148.4564
172,160.26656
182,171.4172
187,180.6957
195,194.54843
198,227.02797
251,239.48836
238,254.24501
231,233.4062
259,263.0323
219,284.60934
139,185.20584
66,83.455444
40,41.6635
30,20.988869
19,18.538689
30,44.802753
70,63.07145
93,111.316185
166,145.78969
246,207.29202
206,212.12566
133,167.47882
156,144.0446
140,162.50887
173,161.83311
167,184.80656
176,183.08025
205,190.527
231,226.71712
256,259.82755
244,261.96567
243,247.23315
394,293.64456
519,407.15323
237,310.11664
117,126.34931
33,57.48785
25,22.515453
16,18.210262
40,36.166626
74,70.253456
128,118.48367
189,177.91171
173,227.53117
243,199.19363
172,176.71304
160,168.84845
154,157.90755
176,172.6854
185,181.47633
214,193.39293
197,223.04704
276,244.71654
293,291.96872
340,279.8766
297,283.80386
356,344.22937
569,433.47314
327,314.2757
160,140.41219
48,74.72645
29,27.175755
23,18.547823
37,45.626175
73,75.94904
124,122.9274
150,176.39665
221,194.42662
193,218.28125
148,180.67723
165,168.28835
194,169.40523
174,188.15906
180,196.30675
218,200.35335
222,225.27977
274,277.71176
331,312.6795
324,332.76074
279,319.33868
330,337.0866
382,423.10318
616,314.06277
527,300.74213
94,195.63547
64,53.314617
36,38.572426
49,53.899094
87,70.76631
115,123.50891
184,158.60583
203,210.93434
221,198.93933
172,184.07977
193,180.15102
197,201.32544
197,205.14748
210,211.0422
246,223.57285
235,264.94336
294,287.64215
431,356.40692
402,434.68024
391,402.40552
339,417.3016
436,414.32953
549,542.4855
378,399.7796
302,214.94963
128,153.13449
111,88.37271
126,85.62775
115,87.813995
93,87.96279
126,108.73441
149,156.78438
204,180.07759
235,219.6609
251,249.10356
252,267.4048
289,266.97116
298,300.84732
298,309.8988
329,321.43127
367,362.39838
417,399.93472
410,433.5359
360,412.28625
374,385.14862
448,464.4599
546,497.11798
448,365.23657
221,335.09924
105,141.44106
88,98.40263
133,111.81291
199,106.01197
91,119.42659
89,90.938736
121,114.91294
149,153.03362
188,187.94041
202,224.05971
246,219.628
260,248.47545
259,265.4451
266,262.3443
275,281.03967
304,278.43707
259,316.76126
245,276.8747
242,254.98656
277,259.62537
404,287.23083
168,319.41656
113,90.65124
60,57.74413
28,29.9018
16,23.967342
47,46.24527
87,72.2481
118,121.66283
140,156.75555
208,191.37299
174,182.9206
165,160.1778
168,144.50505
154,162.4679
155,157.72482
151,171.35355
195,171.26381
185,201.99275
221,220.43411
219,250.51335
223,217.80006
189,221.57802
359,230.02707
459,363.8992
235,263.18582
90,115.36286
34,42.67334
35,25.439829
31,18.332441
47,39.610256
81,71.800514
113,106.57131
151,153.42398
200,203.56056
217,194.35641
169,173.9439
174,163.05962
161,167.9957
169,167.27298
204,172.55093
225,198.89973
219,212.86174
248,245.93735
314,265.11362
323,287.08896
262,276.2007
302,343.3638
266,364.20807
204,232.00186
104,112.84851
51,53.168133
32,28.471294
34,21.949724
53,45.03564
76,76.07452
132,122.35506
160,182.4571
214,199.90358
191,213.28714
184,173.69217
213,176.3712
168,187.16637
200,176.27734
223,200.54897
223,228.29947
227,224.57234
228,263.24606
270,272.49203
392,273.96637
303,322.87817
237,353.7968
283,293.97308
234,235.55193
135,159.31793
69,79.577805
54,43.9575
35,32.981262
51,49.215252
55,71.937584
72,101.808876
89,104.67386
94,131.586
106,133.89456
106,142.53304
142,144.518
159,161.22783
176,179.18417
170,194.50601
234,202.13326
256,254.2446
231,270.1069
249,256.42416
234,286.00656
257,253.74469
282,286.2104
268,303.06558
228,201.8328
176,146.50516
102,84.0588
47,59.37385
18,37.60564
36,52.647675
33,64.91943
64,96.29594
77,127.61937
87,139.90938
114,126.90205
137,138.23517
145,160.2822
152,173.48492
159,179.9252
172,186.9563
186,211.40234
230,228.51175
219,276.6816
272,281.89713
261,309.57254
255,303.7863
340,311.3871
443,412.39062
341,465.94525
264,285.55743
96,174.0149
62,72.54473
36,48.347046
38,47.219578
51,50.64317
53,65.61471
62,81.641304
94,96.3082
121,133.2259
145,165.45726
162,184.04774
189,186.36874
176,210.56136
212,205.85425
228,243.6585
259,263.59756
305,304.09033
321,342.02264
318,332.30606
306,328.1427
312,346.6683
284,369.45386
421,341.19177
299,330.0894
132,201.40108
92,91.934135
51,75.60929
57,73.944016
32,61.716297
59,56.521084
83,69.458374
99,101.50956
114,129.73471
202,148.4566
212,215.09126
216,228.21582
266,222.55974
219,259.34952
268,232.95891
273,272.20566
268,290.4679
254,280.4105
252,258.73767
207,241.26746
176,232.32855
399,165.64299
119,300.61655
529,398.6877
635,387.9302
668,369.08786
477,312.04858
294,218.81345
144,140.6909
112,117.318375
145,125.26509
146,179.44402
189,202.55383
248,222.75433
292,262.8846
287,281.0103
296,285.8634
292,288.55325
301,287.0882
322,307.43024
372,347.4811
447,411.04605
494,469.2655
489,486.32053
525,495.17908
554,545.14404
519,481.23773
584,443.53317
950,446.24774
283,504.3096
184,222.9647
115,135.18297
134,91.26873
135,108.223335
112,118.65946
129,132.18483
171,173.50737
187,215.8077
210,225.29408
173,237.59367
252,198.15047
195,241.15268
186,218.4892
254,214.57584
266,266.0057
305,273.27753
352,267.85406
328,318.07803
279,291.03143
204,249.97
112,153.59195
75,86.01261
48,56.739822
33,37.7268
45,30.478394
77,60.828594
104,94.46154
169,146.58931
191,205.90828
257,254.13438
202,214.27357
170,176.88663
177,162.0611
202,169.74707
160,183.42259
178,181.64442
196,194.11665
217,191.7591
215,242.70834
221,242.74202
282,218.20383
231,266.72144
246,225.00136
146,208.77731
135,116.090805
70,75.7139
52,40.080853
31,30.33555
30,21.979822
54,47.969376
78,82.84356
144,163.4668
212,214.93137
232,275.93326
215,228.41208
140,180.04587
152,154.87987
168,160.43507
177,168.31967
171,181.32376
191,189.72806
206,200.72293
245,232.5758
291,273.1912
270,289.72952
310,282.50632
294,311.0536
252,264.3081
184,176.42326
96,99.52695
46,59.98116
24,31.817007
16,24.014011
60,49.533157
89,83.47062
160,158.91196
213,232.92459
288,276.26453
261,249.28548
194,193.28325
162,173.086
172,173.74147
161,179.54916
202,176.59639
199,204.26799
220,215.28673
259,266.125
273,305.3877
294,292.25323
300,304.0603
334,321.7579
349,305.45605
253,253.73103
165,153.91637
91,84.65046
45,52.491413
29,29.091629
57,58.57615
102,83.53786
163,164.40019
263,223.31488
337,308.14255
298,287.94656
181,228.24568
199,182.33746
162,188.75487
191,183.76743
195,207.98433
217,207.18225
245,234.14662
295,271.43826
298,314.34476
381,319.193
383,364.72522
387,374.33545
384,388.44962
284,306.10684
200,195.25682
116,126.86367
89,71.64859
58,61.732864
91,68.73233
113,105.31044
166,154.3221
209,221.49669
266,251.3307
202,245.7731
195,193.26457
202,200.57086
209,195.61565
189,209.83862
215,205.00613
226,224.27881
236,243.71216
293,292.35156
404,336.19925
490,433.61435
433,467.69095
401,444.77527
473,468.85593
528,477.8093
447,419.37976
375,342.62094
203,270.409
171,161.69896
79,114.757355
68,95.66166
79,94.096016
120,110.65876
152,161.38098
211,192.23627
236,237.19884
259,257.7078
285,259.0882
275,283.59525
268,274.45474
291,275.82568
323,301.4457
383,347.4321
457,433.8129
494,481.45178
466,474.63467
438,467.94373
573,498.2572
462,503.10944
416,448.44342
339,381.40326
231,253.01065
153,181.3977
98,107.51168
56,76.39475
76,80.28863
97,104.319496
128,128.25981
204,177.16626
218,223.78494
257,236.96898
278,251.11758
239,260.25293
310,226.96918
292,278.5464
300,284.9219
286,301.28302
273,286.49094
233,256.41263
257,230.37245
215,253.89177
204,203.52267
154,141.14764
123,87.261024
46,61.750957
27,32.585407
31,30.20384
56,60.070545
80,82.56109
150,153.05475
212,195.92186
256,263.73813
221,221.09647
177,182.28815
156,165.72159
219,166.11229
267,193.87848
195,246.01999
208,204.26567
215,209.77895
219,243.46303
263,240.50899
288,238.73558
293,265.03656
302,266.00708
226,235.94035
248,157.3065
103,155.36818
60,63.09232
37,40.063343
35,26.662067
67,45.737267
58,79.24765
143,111.68814
192,182.2434
295,222.79648
249,263.28656
200,212.76935
197,181.15129
171,199.30159
173,193.29158
191,185.64694
220,205.11345
246,229.05002
252,257.46152
287,285.115
298,302.73026
305,308.70456
363,310.83972
337,313.85883
180,257.35898
109,105.9755
63,62.843494
35,34.71354
22,27.172651
53,52.053085
82,76.790436
168,150.62923
266,231.90724
305,310.61606
284,266.11765
187,218.53864
185,184.38927
165,181.25087
179,175.06744
185,190.32784
209,201.27084
218,228.23352
275,266.31284
309,311.21228
332,312.11392
337,320.17587
377,355.3422
276,350.0957
216,230.00012
149,141.34552
111,81.79781
54,58.44048
39,31.831577
76,58.553143
94,98.2402
167,165.72964
223,239.38907
304,293.9612
246,287.69992
202,210.80951
212,195.02684
215,193.72997
186,209.98296
203,203.25781
218,214.24313
225,237.25877
300,273.6901
341,321.98535
429,354.34784
427,400.95847
383,419.42783
348,371.8192
356,285.74643
219,242.05319
153,135.93643
88,95.56543
53,60.407303
99,72.97741
96,104.0897
168,159.92293
231,214.68288
254,260.39404
237,235.72668
220,208.08336
205,215.45692
226,209.72911
212,217.74486
258,221.20638
225,246.49274
251,241.41603
320,297.53198
438,378.2891
464,495.49625
475,462.304
401,470.34235
480,456.55768
530,477.4442
414,452.6766
368,356.37222
270,265.32126
167,185.42473
111,114.02301
91,85.97111
85,100.501976
112,120.76832
143,156.72363
197,195.1611
209,236.05026
258,245.61807
250,273.92825
265,263.23953
258,277.60986
275,273.9587
366,298.30304
423,392.59937
491,472.34378
516,506.86053
532,502.4037
486,507.3343
589,514.18494
587,498.12543
417,472.74527
349,379.4733
260,263.85693
164,188.27007
110,119.478065
81,79.264854
91,90.22955
104,108.778564
148,129.15472
178,188.16489
211,211.12749
229,239.1088
264,245.57405
258,250.72981
245,245.07332
230,243.01826
252,246.17453
253,269.66745
257,270.49353
263,240.47305
272,247.62334
260,266.54294
179,229.39925
133,128.33542
73,75.42012
40,42.73915
29,25.670177
31,29.308369
55,59.693233
101,87.76576
146,160.01408
234,195.2266
287,269.3021
197,230.62614
170,173.19035
165,162.66887
168,181.52219
155,168.27272
186,171.59512
207,197.28368
218,214.28227
253,234.7561
258,265.4028
225,262.8778
270,226.5802
242,255.28001
217,204.94092
159,146.29704
79,93.78473
51,45.26953
17,29.579126
27,26.314383
46,51.159714
81,77.36115
144,145.0919
243,221.35458
308,292.33105
232,243.86766
196,182.2135
169,177.59146
149,171.85246
180,162.86171
192,183.6117
205,197.85645
238,213.30124
308,271.41827
314,318.39935
323,289.63528
348,314.97122
339,340.80734
281,295.40546
173,200.15128
102,101.65247
54,59.25546
36,27.835945
25,26.207037
59,51.339584
90,83.23317
181,153.53613
278,252.13646
309,321.38947
334,261.80545
198,241.67894
207,182.81305
211,182.72388
198,196.78442
178,201.16405
221,196.36565
225,233.56905
293,277.48456
338,323.5202
322,341.23334
345,339.25583
344,364.31607
337,313.90448
291,244.8696
132,169.74712
92,81.4472
52,54.01213
38,34.184277
62,58.90676
98,97.12409
185,171.28076
223,246.63966
332,299.68384
248,312.26898
200,208.40202
201,204.14253
195,209.25366
174,200.68459
212,192.30952
200,220.55447
210,224.29059
279,277.42126
303,318.75037
389,333.80383
394,389.1213
413,393.49112
360,393.43445
311,310.6929
221,221.03291
151,149.04753
99,94.6788
73,64.46091
78,84.43553
103,101.4014
151,170.71036
208,208.66801
267,264.07977
226,236.2202
233,204.33846
202,218.43582
221,204.9945
236,213.87906
209,230.37196
213,217.92337
249,232.71072
276,294.89758
369,345.711
480,439.5667
427,480.357
393,426.03766
482,446.68817
450,476.98773
376,411.34387
361,334.256
249,270.51227
182,178.26782
128,118.83647
98,99.18237
134,96.944824
141,138.25363
174,160.37833
200,209.26224
236,233.22021
222,252.76515
278,247.95473
259,279.544
247,265.15823
292,263.46304
304,304.60947
331,349.944
461,390.84134
444,497.71652
418,462.19913
407,442.13477
527,467.4513
451,489.8582
399,417.55698
325,348.54468
234,248.68408
175,178.90662
112,123.522865
98,87.28694
103,100.64844
134,114.362434
151,142.56844
162,187.2133
239,208.07874
224,240.6206
244,243.35518
247,244.81262
231,242.08284
218,233.14009
246,234.72903
223,269.4942
219,244.04489
222,219.5828
212,229.33931
201,225.64186
158,194.57083
127,120.19555
79,74.32885
44,46.610134
37,29.740744
30,30.127851
47,55.567036
81,94.9514
141,143.79175
193,209.02065
234,250.61827
200,203.83212
169,175.20882
141,162.6948
157,165.98103
190,161.76204
189,192.93849
215,198.32828
223,219.5005
219,237.55737
220,243.8786
229,229.97452
213,236.19994
190,219.09679
220,189.47188
128,152.55383
98,78.62166
58,51.5695
31,33.20934
52,28.126154
75,54.49382
106,83.6223
173,152.63084
210,221.79637
254,275.53278
202,225.68082
188,180.61792
157,164.2298
178,162.57382
174,184.52243
194,188.95323
223,205.4208
219,236.563
245,252.59018
275,274.3632
297,278.50882
237,293.65338
303,256.3155
281,280.5491
248,192.2961
127,133.72891
71,66.7866
49,38.76148
52,33.211845
77,62.977905
92,95.7946
147,170.18694
185,237.85663
194,271.40692
196,222.29233
159,187.71558
195,166.96745
209,187.70337
206,195.7075
208,204.48007
225,214.80592
189,231.87396
224,247.02226
212,276.82846
324,258.8943
261,316.94254
212,296.678
183,253.09259
165,196.535
91,133.81665
84,78.23717
48,62.399933
61,49.217983
52,67.86618
79,82.07465
96,124.529686
102,123.70143
106,125.673676
92,118.83417
110,106.35999
97,132.11758
145,135.7181
150,176.37889
126,177.42302
166,149.53944
181,188.97417
172,206.83833
186,187.10341
196,191.02567
209,167.7155
208,174.66791
181,180.76477
121,150.33656
83,121.29816
49,73.511696
42,57.96442
34,57.216534
28,71.19758
35,83.29858
50,122.49907
50,142.19151
53,132.79324
61,100.338585
106,96.1807
110,127.821655
106,135.01614
156,137.1744
139,176.96442
132,170.87465
184,171.71375
190,230.5944
229,238.72266
219,278.42163
243,249.35008
226,280.22662
220,279.43405
208,249.04614
148,166.50514
131,118.82972
64,108.91462
58,85.513435
58,77.11305
46,68.86918
42,65.22217
59,77.466644
62,93.46314
70,102.87371
123,93.558975
152,150.32999
145,166.2686
164,165.17427
154,188.21918
204,173.5405
209,237.16429
206,250.0884
297,255.25354
303,334.0378
277,317.3087
259,310.17905
281,302.1364
290,296.72913
247,241.39368
177,196.59276
140,128.34952
108,118.95599
64,87.460075
67,63.43715
51,71.153435
67,74.74571
69,92.754875
96,106.12236
141,124.79539
198,169.50595
182,206.47142
196,194.20792
206,198.0506
165,206.51778
242,188.30048
171,241.97672
197,206.36253
178,202.12256
180,194.11964
151,189.48549
123,160.34555
70,115.7879
894,1210.5952
758,678.86566
587,482.2264
531,292.68262
443,296.32513
229,206.55379
203,199.24846
241,211.7047
270,283.58527
291,328.90424
412,341.0134
428,425.5754
368,442.81955
427,406.28387
417,440.68686
421,438.39227
494,490.32364
553,568.1264
722,659.2524
738,806.43634
704,756.18604
688,729.41376
716,827.32153
665,719.9129
711,624.691
1069,580.6267
347,552.00916
282,280.73532
200,216.62546
185,147.88824
159,163.94058
121,172.39816
133,185.52548
148,213.48947
182,244.01646
216,246.26868
230,279.01614
238,283.73523
245,284.51114
201,294.24332
268,263.173
299,325.53384
335,340.76096
368,372.44052
369,372.64554
348,373.91785
280,338.03247
168,223.99736
106,115.69179
62,70.09955
39,46.894
45,38.10942
80,75.283005
131,117.57539
254,198.06425
299,297.98843
330,377.2761
302,291.92026
204,231.39944
242,202.04799
195,223.0887
233,204.74823
219,228.59961
221,221.90567
239,242.00577
328,300.0205
316,365.64423
304,307.13318
250,274.26663
239,256.3519
204,229.16441
135,154.48611
80,80.33198
50,46.05219
33,37.07217
32,30.668385
83,63.056553
103,114.37918
205,221.76945
301,319.05838
387,375.76932
304,336.76248
242,225.85976
206,229.95845
187,199.93593
204,205.52992
188,216.17917
199,196.66795
224,227.82448
323,292.49713
345,374.21777
345,319.02344
298,299.33847
298,305.13333
264,314.72134
198,184.41263
120,119.30548
66,63.441685
39,38.795937
45,29.665668
72,68.221825
113,105.53274
210,203.64946
298,320.3986
427,388.53104
385,356.85593
236,280.30722
228,213.20724
181,211.22447
221,199.94185
200,227.29822
189,211.68988
227,226.83813
371,311.92493
368,420.87372
344,354.23807
288,319.33435
278,330.88882
310,314.13446
194,243.55621
110,138.58937
81,67.82293
44,47.06894
40,44.294735
74,70.829315
118,112.891495
229,218.2383
331,315.44272
384,421.06003
369,386.53244
258,271.71753
251,242.50755
217,233.69897
228,222.36208
242,237.56506
221,231.63419
298,254.27504
396,377.74237
438,451.12308
463,412.5713
383,409.50333
395,401.19904
530,400.08224
368,396.5126
241,231.22426
113,139.51805
53,72.9871
53,50.28798
105,85.27367
123,122.92196
228,204.3773
278,314.13135
343,349.2548
336,346.27963
253,280.51328
240,269.03903
233,248.57231
281,257.89355
274,292.0653
252,286.36383
334,324.99765
508,439.808
591,588.42804
545,618.07477
516,556.3927
536,556.2369
637,689.01276
723,693.0016
635,607.53424
442,498.66373
318,334.27713
181,227.37857
122,163.4338
96,133.15286
149,156.13853
175,202.91096
222,248.6855
297,294.29846
311,341.9491
404,352.8347
370,410.62424
366,402.73605
410,383.76273
402,423.6583
486,458.447
580,574.47815
637,676.2405
627,688.1163
624,666.0707
546,664.8642
729,672.56104
699,742.58203
647,638.934
438,516.07355
328,341.7131
243,229.13573
197,172.90822
197,130.64665
154,170.55644
125,162.32027
175,178.625
256,236.78113
276,304.03754
324,319.06546
385,339.76166
350,382.0267
567,351.4814
465,529.8366
501,475.7925
453,514.4701
362,481.8691
337,348.45117
280,324.5606
259,288.993
237,273.82092
183,178.96489
134,105.74293
92,75.77433
63,49.245106
40,47.094067
56,75.61377
117,111.4196
231,200.8975
290,315.11996
360,373.31998
313,299.66217
225,230.57086
221,214.60219
238,206.06363
262,230.31137
233,256.8095
224,232.63184
241,242.05092
358,302.51495
395,378.27463
359,351.27664
307,309.89505
253,276.31705
221,231.02641
161,151.43082
91,117.20234
56,66.04275
29,47.336475
37,34.74343
63,55.44863
89,94.57171
211,153.17607
282,252.15431
399,339.1509
368,362.1926
252,289.5917
267,242.40686
248,259.25702
244,247.9333
246,249.84415
274,248.28233
302,288.5676
382,345.06686
423,416.67438
370,414.31354
311,334.42917
279,315.11865
414,268.09363
191,266.7953
105,120.188515
44,63.085148
26,34.851265
30,36.316402
56,65.0362
123,99.14052
232,208.05174
351,320.78415
416,403.72366
419,387.01016
230,299.52295
233,224.00676
218,227.4968
218,220.82501
238,224.33185
206,232.82326
219,243.40294
343,322.28668
405,400.68622
331,377.71548
267,308.1657
273,312.4257
276,353.54315
211,220.0978
134,131.86163
82,70.01834
47,45.117172
46,40.19104
60,68.337585
119,111.82133
209,222.46716
346,314.01212
428,410.2581
378,411.9903
288,276.1144
255,262.4733
235,236.87839
239,232.0148
242,255.35114
227,233.2319
296,263.78467
407,378.2688
429,468.35492
420,416.06436
351,375.8899
328,378.40268
356,425.7443
310,300.73712
212,221.19667
166,132.39273
117,95.26451
68,71.759056
106,84.87498
124,123.360374
207,206.88594
318,301.21606
366,364.98557
321,352.9037
271,281.8285
264,264.25366
252,260.13425
276,268.23026
270,290.9173
295,285.57883
353,344.2026
481,454.6096
549,555.9953
608,585.264
522,579.6839
502,547.5622
644,654.5817
723,664.10815
648,607.7156
382,512.39813
358,305.55643
227,249.74023
180,174.32419
155,143.98734
139,173.36334
177,203.75645
216,249.87344
285,281.01297
347,338.02805
402,386.705
373,407.67285
419,395.79044
384,424.2829
449,402.2169
576,500.69818
586,624.04987
702,682.6448
748,753.03094
725,779.4261
694,718.79584
829,786.1698
824,770.0577
678,692.61584
466,511.78214
373,351.6722
199,250.19904
151,178.01576
119,159.97885
115,141.82925
143,133.2839
155,177.31732
232,224.35568
274,287.36624
363,317.5149
395,373.36157
378,388.01593
363,380.04022
392,366.84818
482,401.16467
466,506.67538
456,454.37415
408,386.73117
365,372.25674
388,350.9994
301,354.4775
173,195.9258
101,109.97578
73,65.78007
40,48.92828
44,42.035595
65,74.05412
116,110.9505
244,208.56778
292,320.81592
368,361.33734
318,302.3231
265,232.06442
227,242.3436
182,213.90855
189,204.72328
219,209.7098
224,220.8392
227,241.68527
347,290.72714
384,371.3959
266,351.68237
235,260.56583
216,251.36916
228,216.02203
124,163.82008
79,85.928566
55,50.478497
31,33.748566
21,31.88887
56,59.283546
116,99.61042
203,213.23955
321,307.57217
379,390.78015
393,344.0593
242,292.7982
208,226.2282
199,196.28189
186,202.80804
214,208.59117
194,214.93803
230,223.83078
327,311.04868
339,386.38724
338,320.1507
293,301.53873
283,295.69812
441,287.5657
297,260.5094
121,155.05486
65,63.69675
37,38.795937
38,29.488197
62,58.92098
135,108.46778
236,210.83328
338,334.56042
434,409.40305
429,412.52707
273,323.16394
240,242.2737
223,220.0881
224,217.97696
220,223.78053
228,216.48149
282,245.62251
382,349.54294
416,427.12122
368,379.96814
273,328.89114
314,296.49902
590,342.60126
295,331.60815
141,170.10051
85,79.69795
44,48.18571
46,42.005714
64,63.48141
119,113.1806
229,223.02315
312,340.23715
450,414.3451
371,418.69418
291,299.62012
233,269.16745
225,231.812
227,234.99724
258,240.16107
228,252.92688
290,281.58188
397,380.03516
492,457.80618
461,468.08865
400,416.12994
354,405.87073
370,459.86743
318,319.61423
221,227.65057
123,142.14078
101,75.15133
75,65.53969
97,94.1755
128,120.95196
187,206.51035
287,291.84845
384,360.3058
332,356.2693
270,285.369
299,264.3414
283,281.60275
270,282.28552
288,286.39316
273,289.55667
381,340.9168
479,473.08084
561,566.0071
641,601.94226
560,625.7537
481,573.0735
654,602.58093
652,712.6842
609,555.5679
454,470.9984
289,338.82687
189,214.79811
159,159.46309
129,146.95125
160,153.54259
203,185.10904
233,238.14812
310,290.5665
342,343.8734
410,382.80887
397,417.81708
406,417.45816
411,426.98065
663,427.4597
506,618.8438
584,581.78455
698,675.974
573,764.7363
624,635.8071
575,683.89764
842,698.7033
712,882.42065
606,640.56165
486,480.88116
328,353.88962
214,227.29332
166,172.3366
132,157.9943
136,150.84074
174,144.25117
208,182.113
234,251.03586
300,287.9377
376,332.14056
383,390.95407
402,376.97803
393,396.29443
356,395.9755
390,392.51117
412,425.99463
393,412.10562
393,360.79315
335,366.54758
294,325.19263
330,288.67316
195,242.02206
99,116.96946
57,62.86486
73,38.25588
42,49.01214
81,66.11633
131,117.114075
203,228.13644
314,291.55472
366,363.71628
316,310.29782
221,242.22176
222,214.77104
217,207.7838
209,222.70416
236,218.63264
222,232.9163
249,235.72076
300,328.9314
307,359.58643
292,293.0838
200,258.12125
203,215.85371
293,210.64268
168,182.21431
104,93.49678
62,56.8468
31,37.64469
38,31.394695
88,64.53995
137,109.96163
190,209.16032
329,315.8435
354,388.27164
327,335.5258
246,237.97864
226,223.14935
235,213.83768
249,222.9744
280,245.22163
272,255.77496
346,276.7142
400,383.9435
455,411.75806
442,405.62314
339,369.6522
287,310.40848
294,344.11615
213,203.2739
124,129.83159
64,68.48096
39,37.90933
42,38.66637
97,66.9661
140,126.57656
191,221.65523
248,327.25275
294,359.2495
280,339.2834
283,236.47144
259,255.77019
288,251.09746
278,272.27118
273,272.50287
271,258.05133
272,286.10516
342,364.46487
364,418.373
457,360.1197
350,397.763
259,337.43756
308,302.52472
248,230.23976
172,172.70685
144,119.44865
94,91.81909
64,65.2572
81,71.85265
104,116.02563
145,149.1012
140,172.59778
140,168.26268
166,186.39217
182,201.28214
210,215.9018
218,227.7119
277,234.72974
321,286.16257
347,318.60608
344,374.2132
316,401.08682
259,370.84113
282,266.05957
271,292.13254
301,289.64175
323,327.0453
304,284.60394
206,210.19147
152,139.59169
74,108.3091
43,69.570244
40,91.39866
60,102.85338
79,158.57776
111,186.40117
124,229.40408
143,179.66953
159,177.42694
186,199.6342
207,216.5329
192,247.76021
208,245.12473
214,255.07155
235,299.7305
244,320.62393
296,314.95096
297,371.12585
288,330.3135
254,346.76883
424,329.4833
261,509.73685
217,253.60698
188,193.64963
113,138.57161
100,132.80243
94,107.65565
71,103.84036
95,106.60011
110,136.78654
133,154.44942
152,182.7421
212,195.79488
271,255.80362
289,313.54456
237,322.83298
271,269.80328
274,310.42072
309,327.1307
373,317.62943
403,450.63626
411,422.65924
355,439.2667
343,385.18332
463,422.022
384,518.9601
364,326.9009
266,300.91766
215,200.344
187,171.20377
141,138.76619
92,110.257965
100,108.19072
107,121.229004
131,141.7065
171,176.57385
264,226.40723
344,298.7
318,340.2617
344,310.21924
354,322.86304
324,325.56247
340,346.9397
311,384.7255
316,338.0947
271,315.395
265,278.56473
223,285.61932
224,253.10344
158,185.38988
349,278.86407
366,254.83269
380,232.42387
413,278.85464
431,280.61206
308,253.44649
224,250.03836
208,248.68475
254,260.37143
283,278.6239
281,299.91745
279,283.25342
235,272.73962
276,260.16687
285,290.50858
291,284.98477
262,292.49374
260,288.54227
305,302.20792
310,329.92624
348,339.18292
367,351.7186
341,365.90088
329,318.69226
319,314.0439
513,293.71576
240,344.38187
302,279.0571
302,291.04105
182,198.36737
203,179.8066
162,180.11409
173,193.96025
216,225.82135
242,249.27806
240,254.32242
237,230.46379
249,241.81796
254,256.25186
246,249.17998
260,253.69879
281,266.4806
270,274.59647
238,259.65347
202,239.3862
227,222.81036
210,225.33623
154,183.70993
124,132.95625
82,93.95891
84,78.32607
124,99.74421
153,164.63911
164,168.3326
220,247.36572
338,284.20166
342,342.22626
261,270.21405
188,219.70027
182,179.10153
172,193.7837
221,199.89511
232,232.33559
215,222.43578
201,216.69427
217,215.93044
192,229.0726
246,185.06755
161,209.87834
172,165.78146
150,163.03285
128,124.93471
84,94.95325
68,67.255875
66,55.74285
72,70.72874
126,112.43719
173,146.18639
221,247.36128
245,350.12314
274,319.3266
219,249.23686
198,199.45798
212,180.72566
173,192.67613
198,198.62347
201,222.12624
224,209.63449
210,211.77003
225,224.79523
221,219.83716
164,203.63326
202,172.44586
168,190.8836
167,163.3854
149,139.08803
108,107.732834
73,85.71722
44,65.341194
82,79.431244
122,123.67505
153,160.05588
224,226.98364
369,313.1307
337,341.09515
258,268.41708
207,217.02292
166,197.99992
176,177.97107
243,199.15472
218,238.02342
206,212.58957
241,209.51959
203,248.30595
225,218.9176
224,202.19904
206,202.0204
182,189.97165
181,176.57077
140,153.69382
99,107.93282
82,79.994255
55,57.568474
95,85.051765
144,140.01056
169,168.78781
250,247.47614
340,372.56366
321,358.549
277,277.86536
197,219.8578
202,190.63416
193,193.72363
223,221.98602
228,240.8965
226,225.60014
252,238.51143
228,255.80698
235,246.75728
219,230.97746
217,208.28365
222,202.9294
168,205.84544
137,157.99432
102,118.45527
78,87.78174
63,70.7763
94,96.15369
162,154.12517
160,170.69548
256,246.20367
359,378.6812
343,348.3407
247,282.23132
239,232.18901
222,227.90749
219,213.79855
237,241.24817
279,250.73798
237,265.49374
253,254.25363
287,278.2079
283,306.6512
283,293.59244
280,280.57755
254,280.17075
277,268.42807
283,260.05508
272,250.91197
200,238.49629
176,187.65213
224,205.36308
206,232.06648
162,195.55121
179,203.21005
224,225.43538
259,261.3136
284,276.7894
249,282.98825
271,265.4279
238,266.38803
262,258.83832
262,278.77972
257,269.98605
245,267.2965
254,275.92773
312,295.91202
308,323.98718
325,321.94122
280,334.38318
295,310.00815
286,294.1754
271,286.98132
263,250.06416
229,235.43347
270,261.12274
278,275.80136
202,170.52528
173,190.84944
166,174.18521
185,195.3852
216,231.56212
236,243.20895
227,243.46
242,230.66061
246,248.00063
392,250.26736
286,334.98004
283,271.87875
259,273.74802
211,260.80026
245,215.9965
191,243.3584
204,201.83713
174,207.47884
142,157.445
116,121.07315
109,86.785934
78,85.15318
87,99.731415
146,148.94757
179,166.11168
233,232.63873
361,327.4215
346,355.54684
259,266.12817
250,209.84328
210,211.476
239,206.12173
259,233.44286
253,261.0728
226,233.60992
224,223.78009
235,226.87653
266,230.1792
222,223.02534
188,186.2978
168,174.51161
177,159.81198
144,132.21194
89,113.97367
73,86.2353
79,72.59327
95,91.44203
122,130.55333
131,147.29019
198,184.3521
234,255.86383
279,280.9748
267,266.0344
251,232.22166
224,229.47545
227,223.3545
246,231.12424
194,255.74635
204,208.79333
195,219.67969
250,221.69872
204,249.69817
204,205.24126
175,191.10927
169,171.2927
151,167.69778
131,138.51932
105,99.78766
72,80.81016
55,58.33262
85,79.69456
117,122.30588
159,146.8416
240,221.6775
378,325.39874
338,339.4247
309,277.86368
208,243.1175
198,194.9641
178,200.02223
231,206.84026
251,228.9712
213,226.96114
217,212.76613
224,240.44391
210,227.21379
180,199.90898
169,182.0865
161,174.09726
167,164.75063
122,143.6731
94,101.27296
82,76.996956
67,60.115288
94,90.34478
132,137.6305
149,168.33583
269,240.13983
345,380.46014
350,341.92764
279,302.15424
277,220.0801
233,241.69225
216,211.89352
237,230.46643
264,254.12251
240,248.32605
219,243.35387
246,248.63019
264,246.06381
248,235.77231
213,213.91553
201,204.90504
179,192.20717
142,155.41975
123,123.76158
102,92.58329
88,79.49504
104,105.85577
158,155.93587
183,166.40695
267,259.31302
404,371.04593
332,373.32764
265,268.58066
247,247.2515
207,239.46043
191,214.03789
239,229.59758
262,266.96713
260,260.40927
243,257.74957
315,275.4912
291,325.6494
296,298.9352
260,288.47513
268,267.30728
306,276.55768
257,282.453
248,243.1878
193,230.69724
161,178.49335
197,198.8885
251,219.25261
181,190.31685
185,185.92892
219,233.57721
242,258.57495
292,272.4372
263,270.04355
270,272.48788
258,257.626
282,268.54193
265,285.52933
299,271.51987
308,290.02634
289,311.0452
366,305.28406
354,338.98758
409,340.2327
322,370.30054
308,338.5713
323,297.61148
318,288.6772
324,273.51904
285,244.99634
270,271.49695
326,282.51755
184,203.61826
165,175.76714
141,169.28857
170,177.3091
255,217.51556
257,260.81625
255,252.41008
242,247.29056
262,249.65915
243,254.99152
225,243.75768
283,238.71915
282,274.71652
250,272.86032
267,239.42085
188,241.94649
231,202.0777
209,219.8865
173,166.59143
132,124.56856
84,96.29875
90,77.92352
108,101.91108
151,154.09787
177,171.86911
253,243.52904
394,347.33792
357,362.14954
270,268.851
241,214.97588
191,205.01732
204,196.67711
220,213.10414
253,230.71684
223,231.8138
238,221.54933
257,237.70435
210,248.08257
194,201.33395
175,171.25093
180,168.13104
151,165.62584
137,123.1561
90,96.145584
82,70.63641
53,65.28927
82,75.54463
112,125.67238
150,139.21338
249,231.47302
385,310.25797
346,338.89532
286,272.09824
226,237.31259
172,202.67114
184,181.79352
205,212.63818
234,216.75195
190,219.00604
210,202.68939
249,242.72589
281,232.8941
235,234.67572
181,202.28639
154,177.33388
144,161.86626
198,130.84695
169,126.79298
127,99.03145
93,77.90673
106,89.277596
141,124.11337
179,156.08069
272,242.29245
449,388.62137
460,395.96756
340,348.16586
255,249.37007
200,209.95522
199,188.55128
225,218.5586
229,244.01826
193,212.23187
217,210.52733
249,238.49731
229,246.6359
206,207.80469
186,192.32262
192,175.74237
161,170.66266
135,145.87552
106,107.20769
87,80.25488
59,66.639404
79,90.08749
151,138.28969
171,170.36694
230,264.3301
364,367.9569
365,395.64514
268,305.50952
248,244.41304
193,224.38657
196,198.65018
241,221.44835
237,254.95192
236,226.77977
245,240.2705
252,261.61932
276,255.7602
249,243.81523
229,217.92091
223,213.6695
180,194.40793
175,149.8475
137,129.04218
85,104.695915
70,74.19172
99,94.61653
158,156.41833
208,170.02849
259,260.21933
401,386.37955
379,374.30914
300,287.18204
244,252.27888
222,222.05016
224,216.14098
247,241.9329
264,264.47675
273,260.89008
294,271.5229
310,309.3735
330,315.24734
318,313.14966
287,291.4124
271,275.597
307,285.98215
249,287.35858
238,241.09741
206,210.56337
167,181.27103
212,199.97331
270,234.0356
220,186.645
232,202.67188
201,249.94203
295,250.14479
294,300.42902
295,272.98123
281,290.08142
302,271.533
287,292.45456
268,288.84714
285,279.93427
326,287.6233
314,323.6032
330,328.07574
351,324.14816
338,341.3148
345,327.86075
333,336.23904
312,316.8619
315,282.38803
289,267.1648
235,247.78773
285,256.37256
299,279.29312
203,197.90906
182,187.92018
175,175.6161
212,189.46718
252,235.01314
273,268.03293
250,268.57898
215,251.7015
258,234.47292
242,252.83374
241,241.27774
276,253.57095
298,277.14005
257,288.42014
275,242.39117
256,244.264
236,246.74948
227,223.83978
174,178.06738
149,123.96594
102,98.57493
100,81.11398
99,107.66326
158,150.07901
176,168.83752
250,242.65372
369,356.63718
364,358.85986
279,274.84412
261,235.72195
230,219.8789
166,212.48041
218,196.91356
234,233.10318
226,222.71619
248,223.18561
258,251.43907
231,240.7449
192,211.50868
197,178.3889
161,180.52834
149,155.34239
116,127.035416
73,87.81953
73,65.41379
60,63.322266
79,78.573105
137,120.33852
148,157.11981
242,230.98657
381,305.2494
350,338.82507
276,279.27972
247,236.02553
199,224.08922
231,183.85106
238,224.74644
286,231.87746
258,256.4929
287,245.84921
289,291.25345
291,267.68835
331,237.41162
282,254.97931
239,227.99452
239,190.77655
152,165.64262
109,104.34332
107,77.486626
52,69.40203
74,82.13966
135,121.42075
156,153.91605
253,237.74753
351,380.2582
345,356.68152
283,289.12088
277,229.17851
236,234.14857
227,217.51291
300,238.19331
294,294.96127
258,268.3484
279,255.26562
312,279.4783
304,296.16537
419,265.05814
345,353.80075
255,271.54172
238,226.31812
237,170.56374
199,192.6524
174,148.2576
175,119.382385
181,131.12299
220,159.14436
171,185.0571
193,209.65578
168,227.27182
147,206.88492
172,167.94908
166,203.85521
221,193.3954
257,227.5395
292,271.31516
271,301.90338
305,275.2131
385,313.60162
434,354.36716
518,398.1388
461,423.10672
458,389.13748
457,389.6202
460,353.72385
474,302.83258
378,259.0223
262,198.23149
183,156.00087
185,143.97205
187,185.59505
169,177.96777
192,234.79561
209,273.30075
211,271.00824
220,220.70439
199,215.17192
212,209.59752
232,220.89766
208,249.30916
233,246.92305
233,254.5851
271,257.8249
273,309.64227
274,304.49664
278,295.99918
246,288.8408
254,275.49783
287,296.69687
249,267.25076
192,257.19678
202,200.56395
155,187.64139
166,199.78664
194,220.38538
154,172.61324
184,175.36893
186,210.03139
214,227.7982
248,250.3086
251,258.09528
247,261.1608
239,254.51534
229,254.2601
258,249.34894
272,266.27582
298,291.59036
306,303.50436
303,320.02603
313,317.16345
314,311.886
285,313.88733
288,306.7831
294,283.0795
310,271.34158
255,275.6694
244,230.67969
265,255.0915
283,278.7633
179,182.98195
172,173.35492
132,169.80612
168,174.03683
237,225.86513
265,255.07854
289,256.56885
236,269.0418
276,238.0854
295,264.58463
258,272.23572
248,260.38568
247,258.14386
259,249.0261
259,252.40982
243,232.8602
233,234.31061
203,218.98865
177,172.84384
283,250.66374
291,222.5473
327,195.21327
330,170.02806
275,153.56468
126,141.33849
147,148.02756
166,158.89937
173,208.34293
209,202.45303
216,228.10071
202,228.1664
237,242.98027
248,257.30865
288,278.46164
293,297.9589
275,316.62585
295,322.11703
378,333.92432
338,360.0404
312,324.10983
323,307.6199
301,320.46326
325,297.939
285,269.97946
452,236.9414
158,270.0782
145,124.19895
123,125.45168
122,108.482635
131,134.06854
139,137.48033
152,151.11978
174,180.38216
203,195.53981
203,201.1136
210,213.6696
214,225.79774
238,232.60942
230,243.09108
287,242.94302
251,277.62305
270,265.4471
233,256.14957
242,232.50731
237,237.01614
225,229.85344
217,208.12033
202,162.9157
108,128.81514
59,80.9644
67,55.749004
69,66.71639
106,109.66032
171,162.5455
231,209.54597
248,263.80997
231,218.7117
205,204.29659
215,205.2322
213,214.86354
219,227.13718
282,232.99567
249,275.4002
277,272.95926
312,296.95782
312,304.02094
253,259.67383
182,224.9936
181,182.29134
207,191.80574
176,179.52097
155,146.34373
92,99.18515
47,60.069485
42,43.718636
71,60.13106
96,92.063896
146,174.04866
169,238.37814
188,243.2783
188,208.81218
179,197.328
181,194.49356
219,209.08215
245,227.65196
228,265.4026
242,255.4177
275,282.82358
276,319.9561
293,313.95758
239,271.73605
214,215.32964
195,207.96512
219,208.40825
212,197.987
145,157.08759
89,101.43696
65,56.027836
40,45.880356
63,60.02072
98,99.00334
163,155.9716
214,225.00356
250,247.17664
229,227.06581
215,208.4956
219,204.16116
249,225.02432
253,258.32977
245,261.8543
264,267.22626
325,303.72058
325,345.73575
327,330.58218
374,284.79837
280,299.8027
234,245.27235
269,243.32266
225,236.27702
161,166.2943
106,105.24826
52,73.75266
47,44.723335
81,63.968334
95,113.99309
184,176.905
200,251.01884
251,268.18326
250,241.32664
230,231.18193
217,231.10455
202,238.99344
236,242.25157
280,264.69147
302,291.56845
335,332.40173
392,355.74368
329,375.81744
304,310.19327
290,280.49088
221,269.8476
268,254.07689
255,261.6462
262,186.29822
132,168.4212
75,85.08468
52,63.02687
73,86.79178
118,110.956116
194,184.13753
243,251.76654
262,280.99484
238,258.00473
248,234.26768
224,242.10379
251,237.5864
264,271.9763
278,294.15146
349,318.33795
377,362.84827
390,406.1983
388,400.08234
345,360.10803
305,317.5225
274,295.24936
297,306.11887
342,307.0199
279,284.95416
208,218.3199
174,147.56393
105,118.06331
121,109.398705
130,114.30416
134,150.69199
156,156.87946
214,198.70322
302,220.68292
249,268.42947
229,243.2301
244,251.46156
258,262.3813
288,282.7476
322,301.1369
331,335.9145
361,357.69647
340,363.99963
343,333.34256
313,315.81366
305,300.84906
313,313.45343
330,320.24634
284,283.2807
231,228.93593
182,171.04596
127,132.24513
148,115.53993
116,121.870384
128,130.59361
150,144.03639
153,166.00536
189,193.7091
224,210.8397
198,218.14795
237,212.36206
267,232.36421
324,263.13834
316,298.95105
262,299.0772
265,265.23685
263,272.36838
233,242.42824
230,228.9004
236,232.12993
206,229.21191
220,201.7683
175,163.70291
114,114.80583
106,71.90606
58,69.80717
74,71.72499
119,108.41572
159,174.35823
249,234.58423
266,270.4169
264,232.78815
231,215.48819
230,215.10316
231,227.24039
312,240.99835
323,304.6869
305,310.19116
307,297.38864
333,316.983
368,313.9363
272,296.6309
236,235.91322
239,213.28484
227,218.298
213,188.65852
158,183.4033
112,114.85219
48,78.23409
51,50.794876
75,66.01293
87,90.73117
130,134.06195
142,179.50931
200,191.54907
178,219.11884
205,200.77902
197,214.36238
199,217.20145
246,227.93437
238,272.01544
258,270.07324
255,296.19254
280,296.03183
289,310.02563
250,290.4419
194,233.4152
198,205.47098
232,208.95737
214,212.56288
146,153.42293
71,103.599815
62,51.718063
34,46.707355
54,63.558685
103,95.46916
145,155.08138
259,208.80495
257,266.72958
266,225.65651
227,219.00365
229,212.02426
254,232.58014
233,260.5495
285,254.61548
270,290.53873
308,300.2403
313,338.4238
337,323.70813
257,298.45935
228,247.94617
230,226.77428
230,247.63472
197,216.9395
139,150.08183
89,95.35106
61,68.90287
50,46.18185
79,62.883648
86,113.59865
185,166.91884
250,253.7965
271,288.41348
271,257.10107
237,235.38452
255,228.54883
295,257.44086
247,277.8896
269,278.04218
316,291.0516
379,337.82446
399,380.74246
352,380.86285
288,302.38882
285,268.0874
249,265.55075
278,258.52454
249,254.87848
189,180.05475
140,135.93617
63,88.39977
72,61.565712
82,80.8809
109,107.448166
172,187.08197
244,256.4754
262,284.37766
292,266.99554
222,249.28267
226,240.60555
267,252.27213
264,282.13324
324,292.01868
320,341.85095
388,353.05203
366,405.8827
376,388.85056
307,351.3367
316,301.90524
289,304.57324
348,305.38956
278,327.6804
223,245.70425
175,194.03433
131,146.7377
102,101.85131
107,108.4844
100,114.20985
145,138.09961
149,164.36243
187,193.53477
220,216.51485
241,234.3446
200,238.44283
231,236.84976
266,256.76477
287,293.88382
313,300.18234
343,330.63397
333,364.20493
326,347.13025
312,323.6499
373,304.91
267,330.8434
349,302.85486
272,316.25037
277,241.29936
269,225.75047
196,187.4872
142,136.28857
123,118.433
107,108.5016
144,128.58002
122,147.01994
179,155.85454
167,198.15654
218,204.29977
176,211.3781
170,199.35681
214,202.50957
234,235.4102
237,243.31752
273,253.8029
275,274.08414
288,276.81677
263,253.1979
256,247.87846
221,243.03294
247,223.17401
203,222.21475
159,156.60844
115,113.23234
62,72.67229
47,56.094578
64,67.55024
110,105.197334
176,174.27379
264,252.26389
283,287.32703
254,236.82487
225,215.53896
219,206.93692
243,212.5749
253,241.25833
284,269.26453
254,282.83646
321,282.18048
374,330.87744
291,352.6916
266,258.37997
218,231.77197
231,207.26988
211,219.65031
216,184.75797
129,157.87357
90,90.390724
56,50.80073
42,44.180363
66,67.09684
91,90.54293
284,156.25256
261,260.90552
244,257.3169
255,222.12682
210,219.88957
202,204.0065
213,219.24753
259,239.13972
253,266.26822
239,265.2781
312,277.40082
318,331.65918
339,311.26645
277,289.87213
233,236.6513
199,224.90288
224,211.1646
201,211.64148
141,140.7924
87,92.777374
72,61.430458
51,46.859367
68,65.71033
106,98.30359
181,187.75928
268,247.17656
339,277.1323
272,273.30505
235,221.8254
185,218.72252
209,218.77982
206,242.85736
272,250.74333
277,274.68762
336,311.3769
348,354.28168
386,351.73682
332,320.99667
288,276.8423
216,254.20372
234,231.21896
292,215.22382
157,184.82492
114,104.18514
79,70.34138
54,55.4774
68,78.779106
102,98.14746
179,183.70045
253,260.37558
287,295.1507
241,272.1479
230,235.84152
214,227.67583
247,240.70348
262,247.21193
284,287.05054
323,303.29767
340,346.82492
381,373.95242
369,377.62888
342,328.01562
268,305.81573
269,254.69809
291,272.9798
286,272.5053
313,201.0575
138,181.81323
61,88.31653
66,67.015205
69,81.63258
122,107.87864
188,183.39946
276,252.77231
270,289.68713
278,256.72705
247,245.96689
263,237.15355
255,268.93042
287,273.25742
325,307.78955
377,339.7637
424,381.85727
424,422.03455
386,400.22095
392,365.21265
323,335.30594
309,300.7337
347,317.44547
351,321.46756
284,300.2171
248,216.6766
201,176.2379
101,126.65852
99,106.82274
131,115.74536
136,150.2825
176,162.77045
202,201.2944
239,229.18959
219,256.82672
221,228.09622
267,246.9708
283,276.73828
308,302.251
286,319.5935
308,318.21786
342,341.05264
365,358.2341
337,351.93826
378,314.04413
288,339.8091
307,313.43182
333,312.63522
332,284.9354
265,265.87424
154,200.55733
115,127.34593
129,110.36849
103,119.59001
160,127.93175
136,158.40259
148,161.96568
191,184.58838
205,220.2877
202,209.92386
227,214.89264
217,228.17763
214,238.87581
225,232.8114
271,246.28342
278,276.59412
279,280.08118
242,253.6706
250,237.05167
249,241.27203
234,237.85208
236,215.70511
167,173.72983
114,116.21885
69,69.50393
67,58.719112
60,75.31515
109,103.76786
146,176.37962
240,228.20296
283,278.87387
234,244.55669
245,214.35884
216,221.46793
222,224.46289
229,237.56082
260,250.55614
286,257.2203
309,303.5966
330,334.12677
339,316.75287
289,279.58463
207,243.76093
235,214.89604
238,220.68819
244,207.27936
159,169.93204
94,100.01112
62,55.26126
49,46.93133
48,66.512695
100,88.539116
149,151.01462
252,196.48048
272,250.0811
258,227.39903
213,223.77214
214,208.04391
243,219.65385
246,249.17082
285,257.7081
336,281.96252
384,328.02148
470,372.5359
442,422.41898
423,353.72736
334,317.9864
279,263.7071
311,258.47665
257,245.25589
162,170.76953
107,99.43873
70,69.64266
49,48.04988
68,62.193798
98,101.32057
148,160.86185
247,249.44049
272,280.14868
270,267.74805
269,227.87766
230,242.02269
250,245.87561
302,253.9753
331,302.4311
361,327.7173
355,372.84537
427,386.3487
352,415.7883
409,337.74432
387,347.4528
282,328.01877
267,273.50952
272,237.96216
211,221.09517
181,150.56963
130,123.67631
74,90.715096
81,85.19547
89,97.44483
138,117.364235
114,181.2705
123,157.99538
130,172.14423
145,164.62947
179,178.89066
204,209.9263
232,243.29854
277,268.55396
348,315.4709
378,371.08868
432,379.28552
422,417.4822
370,387.9506
336,323.9984
333,310.80408
298,306.5371
342,280.6309
243,259.163
177,166.07648
99,102.73507
83,74.07885
85,82.6397
108,108.74938
126,169.18199
137,195.98964
198,185.69116
203,214.21811
219,209.79051
205,215.61423
261,231.9598
255,268.1201
256,292.32257
304,307.8994
333,348.1925
345,375.62875
318,371.5673
313,334.63605
291,311.07834
307,299.04062
299,336.4139
315,326.45352
257,273.88953
183,209.70978
107,151.31895
99,95.6464
119,98.02941
85,118.75885
141,118.929344
132,145.48593
156,180.10437
190,204.2318
183,225.17445
196,213.1176
203,234.87373
239,244.1745
247,269.25458
259,283.77554
303,300.6905
301,334.92374
335,327.85263
298,329.91635
286,310.81006
281,295.9407
300,306.5214
334,306.6487
308,278.75284
192,248.37785
153,150.62108
160,119.84746
132,131.13733
109,101.11189
131,136.70795
135,135.80498
141,152.66705
153,180.24533
205,193.25043
227,205.72511
198,224.8386
225,214.59023
276,236.29295
256,265.52814
260,266.22214
291,269.35907
249,285.2328
253,234.99574
215,238.9422
220,220.90005
257,221.97955
214,231.00233
612,507.36697
384,270.2711
120,203.92668
41,103.533585
42,65.14221
102,181.17883
304,387.0775
466,399.59464
311,434.19556
308,344.8382
481,395.57126
320,443.1482
292,358.9685
300,352.2901
508,449.6244
591,596.5897
493,590.1201
565,512.71216
543,521.3596
414,551.7181
593,570.8481
569,586.80035
611,633.5903
479,622.675
478,438.97342
308,242.94173
35,156.63568
47,53.096397
76,57.673077
250,140.49307
297,378.73825
302,407.66718
321,344.37567
400,341.49933
364,500.92657
344,423.24518
304,368.63885
485,403.98087
524,698.74066
679,736.6317
825,734.8344
554,778.93567
700,718.5426
799,792.51746
874,902.08203
912,923.3177
1205,1013.8698
891,1214.4688
547,893.1312
147,323.80768
115,94.33294
63,71.75393
79,87.26297
294,288.73798
480,441.70343
402,452.47403
355,372.3604
355,369.47745
429,391.97577
352,414.04465
289,353.619
451,403.0756
479,577.8448
711,612.5543
695,698.1271
525,598.19635
595,610.7784
709,689.60834
663,789.5795
775,663.02344
714,834.13464
550,794.4762
406,664.87756
165,190.69867
57,79.32703
47,48.32651
105,82.20517
181,271.89056
334,333.47937
295,361.77783
260,272.9825
240,288.50717
277,298.605
276,308.03073
239,288.47137
357,290.1618
539,452.16748
497,605.5761
526,553.1037
423,540.51715
523,520.20966
620,596.8346
574,665.727
641,612.352
586,680.35693
452,586.5341
232,363.08603
123,138.60419
47,56.858734
37,40.76083
66,65.9733
218,178.02428
270,324.50122
156,328.43152
235,222.83858
229,246.91772
275,276.96225
214,286.74332
294,262.21924
321,333.1222
349,477.15546
530,477.8879
599,576.6007
435,520.36444
399,511.0439
522,557.43134
636,630.36597
797,688.5914
599,749.82574
566,581.26245
331,466.88562
146,146.8637
86,68.30366
36,49.650074
73,53.423225
195,207.87422
338,316.3594
340,344.34186
285,286.47433
198,254.5442
326,272.06448
262,293.60208
352,311.12466
436,337.76892
384,429.07196
629,519.91766
507,608.5719
451,506.51083
491,468.44836
653,556.24335
615,720.72784
695,755.40234
940,809.80316
599,713.60956
536,700.55853
158,297.84894
40,86.41028
39,43.411163
69,74.367935
220,232.14462
550,429.65588
453,450.46112
396,347.30286
279,330.19238
382,354.0397
366,377.94324
374,385.88327
410,413.41425
422,497.34906
596,566.83234
593,586.3803
386,558.2573
475,496.09787
730,598.3479
660,744.4013
632,666.4941
848,728.6712
663,761.80304
617,448.66492
194,243.65419
41,80.7565
71,47.26262
45,62.2704
146,169.58055
389,406.99692
448,458.59344
469,344.93546
325,336.7525
372,368.3868
265,359.3889
282,323.76474
359,321.4077
443,473.02454
524,557.2657
575,567.7729
360,487.46542
409,435.79013
513,483.34625
479,589.12714
507,548.17676
742,642.7353
674,654.6771
668,526.05457
368,234.9886
156,163.44235
158,96.517334
91,87.29339
178,201.80856
313,365.74207
416,381.21573
454,410.22952
344,373.63263
534,454.42175
406,416.0461
364,386.016
489,447.7759
489,565.5423
657,691.4294
750,804.57825
623,777.9026
524,702.9567
810,652.38513
845,952.743
858,926.2461
953,966.60693
1271,845.77264
867,1008.0609
836,399.42407
737,430.9549
124,268.75452
114,96.88015
152,282.39035
368,450.34402
447,461.49985
574,410.57156
468,383.99564
440,495.69424
404,404.16574
325,383.05267
370,408.41623
421,499.74158
582,565.7723
877,675.30994
642,700.32336
545,590.38306
631,648.86816
930,739.4482
647,849.2087
773,825.478
825,658.51984
689,845.0013
307,549.6492
94,276.265
138,73.64374
122,110.82575
205,162.4803
360,313.35095
433,401.7484
337,461.17255
384,366.27142
461,391.93454
397,465.57773
382,355.125
394,383.30704
479,500.40405
651,604.16614
727,708.1838
371,582.8088
512,487.3862
949,574.0099
563,971.8605
612,530.3149
747,729.0983
600,631.7407
499,478.63275
166,174.64555
60,76.38636
34,43.403114
68,69.49975
156,183.42734
374,342.0552
300,371.03622
271,267.56958
219,286.346
338,290.81534
277,326.14407
316,324.79483
325,333.92014
355,452.56934
593,496.9637
660,638.71515
396,531.0445
586,482.21548
693,637.7683
534,710.79144
633,637.1463
694,737.09033
523,644.42004
275,462.80685
127,152.32668
43,61.588802
31,36.50374
34,53.50332
252,177.56668
361,403.28394
330,348.83942
312,286.80576
198,243.79489
353,294.4628
290,310.27444
347,334.7943
400,338.92023
379,413.392
618,522.4616
557,621.2846
375,510.0522
523,478.87277
592,637.46814
681,652.55475
643,680.3678
726,782.6786
730,659.29285
313,488.92325
240,216.13994
42,102.52517
47,47.145824
75,57.394123
247,243.41513
554,458.18436
455,446.82523
434,366.44852
258,299.68997
437,359.8098
338,378.47284
399,374.88272
448,406.50238
374,516.0191
747,534.1465
546,649.9392
424,527.90753
517,500.72415
743,612.86584
669,718.7541
688,633.3447
770,717.0071
318,689.30164
315,287.53452
112,172.06499
39,59.675823
47,55.532253
74,54.623665
230,171.76436
416,418.92838
480,451.85162
387,391.7086
255,309.9691
380,355.0155
272,350.73138
340,308.5768
397,343.04956
308,440.47095
615,451.3958
544,582.3427
427,499.2958
408,504.28473
576,536.3574
546,620.9547
576,570.2542
699,629.13654
422,565.1898
213,319.187
119,140.74481
51,68.50758
40,60.181694
54,69.66767
253,203.25069
385,356.81342
324,433.6818
450,361.2858
400,341.7618
464,465.5196
346,408.37363
382,375.13364
517,458.0344
541,482.64944
849,751.63635
933,934.73596
651,651.6211
556,705.37695
929,749.5395
1062,1012.1886
988,1118.3198
1149,1069.0289
881,1007.00714
548,681.9946
240,259.4972
92,96.80225
54,64.592896
60,75.33526
252,201.9395
498,494.24982
423,457.806
398,430.27682
426,378.8356
438,440.76074
366,395.12912
363,352.17328
506,405.81177
472,563.8211
617,655.27423
778,747.0817
528,627.8262
577,552.86224
799,655.99347
749,864.7339
821,779.1998
721,958.884
599,621.66864
294,600.10675
211,163.86475
64,87.815
42,54.38793
96,68.616745
196,202.72014
418,341.97424
269,394.2512
243,286.29636
219,294.88583
253,277.6726
234,292.489
249,289.52585
299,346.14835
396,431.46573
433,506.80798
541,559.7196
335,495.4133
433,425.2312
583,576.4573
620,658.68097
578,620.4216
546,621.9848
445,541.25073
256,341.0763
126,163.59003
25,56.777596
45,30.413345
39,71.15166
162,170.16273
350,336.69528
259,286.7623
205,246.72087
217,211.99559
307,271.1341
254,270.9466
249,286.8926
391,302.72928
368,388.97638
545,463.61887
533,578.31024
345,456.40137
477,391.7288
649,547.3856
698,685.63605
548,698.639
571,650.1747
541,555.968
432,337.3983
162,142.37071
61,66.50617
38,39.901066
36,45.521652
200,183.0568
420,355.93576
301,341.0891
269,281.6283
234,229.88094
221,308.35544
298,259.31717
351,315.5039
301,380.84744
432,382.53262
531,546.92395
577,564.64575
369,464.63687
456,453.52106
607,581.17206
690,699.3709
713,685.6859
674,722.1792
630,734.55945
425,594.6618
308,231.0021
77,154.3727
41,52.636208
60,59.761475
256,225.88805
439,478.3795
359,420.41852
321,357.29544
366,284.93512
315,359.27975
288,340.0024
421,371.47266
368,421.74866
467,458.40503
527,576.41077
681,604.6623
335,586.42096
520,439.4674
504,640.8901
821,638.19885
578,715.3413
578,706.0881
574,633.93207
457,459.34775
245,218.34087
206,97.21146
93,90.06017
67,60.830605
188,167.80667
360,365.88263
376,420.61288
446,353.91095
336,354.23752
269,360.8793
340,285.18228
297,344.4265
328,340.8047
369,441.34622
553,507.72827
439,558.98737
351,423.5231
419,415.04434
419,559.57526
632,506.94046
530,603.6297
479,642.93207
592,549.2266
312,441.8812
233,219.76132
89,119.00162
63,69.81593
43,73.79896
210,186.18097
433,336.05106
344,382.71542
305,417.03815
343,391.56284
350,433.01196
268,377.85745
307,341.96942
440,445.1639
324,493.6761
537,543.069
643,709.80334
438,578.27356
499,511.47498
658,600.046
763,996.4953
679,834.395
694,982.37146
922,980.48694
670,650.665
264,340.7612
144,112.10907
109,88.294304
67,76.38625
317,253.82018
413,454.1995
348,417.49353
345,365.6196
252,382.7514
308,367.02948
263,317.4228
263,332.38782
267,382.03326
318,396.66882
504,488.19418
490,593.7228
330,495.4268
460,423.3666
473,621.0237
586,660.01044
465,655.3425
567,590.2182
452,714.0733
424,403.15683
242,193.29097
81,97.691315
86,57.622044
63,70.23648
231,234.04128
321,366.45416
273,325.13217
257,273.50253
299,241.55913
241,285.38077
223,253.32687
248,253.9334
334,277.7422
302,395.31598
365,426.44257
429,440.35745
341,403.18887
361,396.4637
422,447.6847
539,563.5176
458,556.98975
493,555.36975
492,472.93585
420,276.18597
189,139.65887
138,69.8195
65,66.5764
45,67.70735
169,188.60828
298,332.15875
220,274.2445
299,245.15437
305,255.52777
313,281.12805
234,255.992
294,285.2589
327,321.82477
285,361.01276
400,418.9975
486,480.1526
355,448.6546
334,384.71704
487,394.45474
508,585.7847
544,558.03284
470,565.3497
544,524.18134
442,490.7604
172,229.28865
76,104.755005
114,61.81283
96,74.114006
201,174.4212
343,296.51868
305,337.23828
243,318.07632
253,288.22906
250,326.7866
304,285.73502
255,342.5675
248,376.58896
332,357.9399
413,443.34738
429,525.1578
273,469.81412
327,343.4831
369,415.5026
370,498.54803
219,512.5429
221,328.03986
258,375.61288
153,223.3944
67,143.22876
25,43.42429
41,50.458374
38,76.912415
114,211.37651
244,456.24265
204,407.0076
160,322.05112
231,249.36699
340,315.25967
259,342.09064
238,344.56134
344,333.91357
373,419.0798
579,490.01053
464,562.50305
389,455.42422
431,441.4802
558,588.9265
597,670.6218
592,508.00412
716,566.62427
491,533.3273
416,300.51566
201,153.06311
46,82.99819
37,51.14125
55,50.44761
158,156.31435
335,330.34814
450,352.83865
292,343.2882
483,298.37134
545,388.7263
419,394.52283
264,342.17053
528,325.17398
531,488.66058
744,583.8935
769,622.74835
433,598.1226
532,452.00076
568,610.9776
902,580.702
760,742.49414
783,733.88196
824,657.5286
681,497.65524
441,306.41656
148,184.67903
152,86.08391
141,89.78801
311,207.27904
609,369.3825
572,466.9899
539,405.08148
637,468.45255
607,569.67865
454,489.24567
431,385.52808
495,532.8292
708,580.5806
828,823.62775
1088,863.3286
846,680.2638
677,807.2474
936,833.1237
1353,921.1713
1155,1110.2189
1370,1205.088
1041,1068.3617
934,498.54358
571,389.74722
204,231.5971
66,42.345993
16,27.311323
21,16.724972
38,30.684427
35,84.45682
176,253.71117
558,409.38602
720,696.3977
603,525.74426
446,591.7975
666,520.18353
544,647.3988
587,532.644
838,643.4065
574,676.3455
538,430.12164
402,309.11548
317,431.8646
415,447.44437
242,361.7207
441,414.03064
162,191.68712
16,52.76288
2,7.087391
6,21.801765
9,12.01564
11,13.566608
14,28.134857
138,142.75694
289,291.46936
699,685.5153
507,785.18713
598,635.8793
926,757.8938
729,1035.7448
1070,984.73346
1041,977.1763
1121,1095.8665
1108,1028.8547
1120,1164.2214
1013,1114.7747
1286,1141.4644
1269,1254.532
1195,1080.1532
1188,1348.3434
659,640.4435
128,117.25472
3,20.665207
4,1.0098385
15,8.521504
12,16.603329
19,22.499697
369,383.67896
482,558.93536
814,842.569
1064,1003.8355
868,783.1977
850,900.64703
754,786.0373
1165,1040.9283
1012,956.6929
799,1046.6398
907,872.3719
865,1012.14246
1015,948.066
1016,1083.7311
888,1223.5543
897,1000.13586
949,1074.4541
816,645.5945
5,188.16844
2,8.8579035
3,2.1973367
8,8.059015
9,9.264916
10,16.48305
345,311.55554
398,517.77045
737,753.6627
801,826.7701
652,691.54407
648,709.2291
589,746.5954
742,730.98395
520,801.7927
778,605.31854
925,757.2056
776,923.95294
944,844.8986
952,1034.864
1051,1032.5464
1051,939.604
1063,1076.2151
788,286.40494
86,351.64188
1,9.161266
1,2.1604025
2,7.111015
9,8.741855
11,14.68441
248,266.18552
412,389.87448
677,885.3199
838,858.9776
784,626.6049
725,666.4271
741,669.4147
847,895.9721
966,747.388
1084,890.09467
794,864.24524
999,903.28235
983,1058.7202
1084,1025.1998
1090,1083.5607
842,1085.9047
842,1102.3947
363,528.38715
4,22.726624
0,0.8931759
2,2.9138274
9,7.8644414
12,9.479438
16,20.473831
230,233.87389
360,410.9618
733,655.2292
713,898.16846
769,730.40186
706,752.8814
655,726.4211
694,814.4815
646,854.456
1070,763.13354
892,835.21576
1149,1016.2242
1325,1074.8822
684,1157.9922
1821,935.738
1288,1048.3527
1458,1228.3608
982,431.82715
174,719.1733
5,29.646376
3,3.2497623
10,8.329881
11,10.5794735
14,15.349366
244,218.93657
451,431.32004
625,699.982
1062,854.0685
845,753.4838
864,753.5925
678,752.2008
1063,964.24365
1125,879.21387
1050,941.5423
929,847.10675
948,1019.3859
1129,997.00635
689,1041.8138
1040,882.6001
736,1026.3168
960,837.7093
449,406.90848
95,84.30564
2,20.143648
1,2.8035028
9,5.776672
12,7.1956844
7,14.374255
42,56.88601
192,213.76366
505,362.93735
582,677.4526
324,452.64667
603,452.06656
588,617.1807
454,589.5181
349,523.66284
504,407.7332
659,594.6468
716,504.15323
652,468.02774
378,488.64804
328,392.85388
360,333.10306
326,451.1242
427,191.64279
236,34.047066
132,47.41059
63,32.821594
22,22.879534
15,15.871621
19,15.6654825
186,157.18217
352,332.20157
548,663.03076
907,779.89825
755,630.63165
650,941.4859
808,885.26984
1052,977.9423
470,1023.3543
622,750.0826
1013,920.5812
612,1181.5566
729,986.36127
835,985.87897
569,1115.0942
494,715.1928
501,837.40686
804,836.2965
1011,309.9144
526,322.25436
692,180.39912
66,212.06711
48,27.09647
41,40.04398
317,386.8854
525,577.8576
1116,927.12573
867,979.6484
692,773.65515
731,824.2356
526,820.2532
998,543.49084
928,840.6385
803,1010.44025
728,841.6319
958,871.3169
1079,957.55347
1000,1054.3208
741,1042.1921
920,876.4531
840,963.1425
925,929.9589
1359,528.70044
575,451.85553
35,173.26097
10,30.224884
8,11.964445
20,28.521725
139,235.02847
296,327.19037
701,744.281
867,798.3225
790,765.78656
661,776.93475
813,552.2319
788,931.7684
1026,844.7237
685,858.2826
1011,682.17816
789,913.8656
1039,853.8122
1056,996.06384
1111,969.9072
1097,1072.7283
924,1151.6649
1167,207.989
182,687.7308
65,13.015646
30,17.148903
6,17.152681
11,8.741855
11,16.405642
280,243.84569
446,391.71088
633,695.59955
967,776.6557
761,733.6796
696,757.2001
780,788.3627
1141,881.08606
684,937.6623
991,767.3703
727,876.7782
968,904.19165
1091,1056.7708
778,1091.1099
1017,946.1514
895,972.66864
838,926.9303
76,431.3333
5,11.892795
4,3.1217723
7,8.798692
14,7.8644414
8,14.802287
8,15.150981
247,239.36697
373,382.80548
685,665.76025
955,865.8731
682,728.9006
732,712.9657
550,742.34766
800,821.51874
708,747.39813
809,912.1364
675,771.7357
871,954.72156
906,976.0035
1343,945.6209
996,1187.2938
1094,1047.3319
1286,1263.9515
1133,468.22028
76,638.6477
4,11.295629
2,3.2497623
10,9.2406645
6,9.668693
15,14.438586
221,240.15533
435,422.0079
657,683.52783
984,889.56036
736,710.26105
830,781.8087
840,715.91003
926,965.6416
897,926.75116
1001,770.2796
1054,917.6156
912,1009.9857
917,973.3824
907,867.1907
981,882.43225
853,892.3389
697,972.6286
277,508.47287
57,91.66938
4,9.758389
2,2.8035028
5,5.776672
8,7.1956844
6,9.35739
59,51.47887
193,193.09949
463,411.58508
543,658.5996
348,424.3697
603,426.5909
508,651.2324
642,558.5332
519,586.5057
563,488.91748
416,603.77075
358,499.7827
250,433.9939
471,408.09332
363,348.5518
358,331.99478
431,352.5477
122,132.52582
8,27.805017
2,3.0496209
5,4.8942513
6,11.104851
12,8.268393
6,15.6654825
128,176.94447
237,308.55255
554,499.51047
723,782.9609
683,626.73846
814,934.9219
762,834.5186
875,1180.49
871,965.18616
959,972.2118
869,883.06226
1010,979.6705
1012,1105.7815
1034,1018.7385
1153,1075.1813
1082,1112.1621
1052,1258.5323
991,555.1365
1266,484.96353
560,306.87943
21,168.34863
10,16.879093
15,12.191248
26,29.30442
327,389.55768
493,570.2658
868,744.81964
845,1055.7856
893,732.68933
918,843.11993
614,786.70886
763,812.6449
749,862.4175
813,866.5284
854,816.5247
905,942.48627
800,973.6331
1090,977.3598
1060,1108.6595
928,1039.2104
1145,1000.6394
1365,880.2983
730,790.41174
69,256.95602
22,18.281298
6,15.612016
12,9.264916
17,24.408583
346,307.54065
453,466.3461
722,713.23285
875,782.40546
716,767.37476
811,751.18115
797,671.4279
914,805.1661
867,782.9353
868,815.3591
669,842.2896
910,780.5023
915,946.6231
853,945.606
872,948.5202
972,892.999
786,1140.4912
59,955.3434
19,59.598804
8,4.3596253
40,5.442565
5,19.379421
11,9.652636
23,13.641991
259,272.34357
325,420.149
654,612.28973
943,742.8715
774,714.00964
756,808.0754
729,783.42017
1016,771.15576
857,852.233
886,919.1619
871,773.988
927,1004.7464
1235,1013.59937
975,1135.9094
945,1067.0443
1013,913.98645
1053,1038.5664
39,308.53372
54,16.323277
2,10.734359
3,10.635111
8,7.8644414
12,9.479438
15,20.241858
223,237.6075
379,380.52396
665,643.7751
800,830.087
725,714.65533
689,743.87634
709,707.5382
932,960.4966
819,899.10406
920,821.0744
811,831.5376
965,936.56805
1341,1057.0566
1001,1114.1027
1200,1091.3274
895,1024.17
1264,1209.9901
305,398.23944
128,68.5493
46,24.686552
77,10.817612
12,22.629385
6,15.902323
19,15.349366
201,221.38898
451,407.4566
616,670.6217
1019,889.9718
571,736.3867
764,736.7042
657,750.7713
931,887.3692
885,839.8347
932,906.6404
854,828.83124
870,920.4734
990,917.61694
981,903.22595
809,996.6077
860,776.4667
872,972.6286
354,520.06836
19,80.886505
4,14.62564
5,14.944783
11,6.6874537
10,7.1956844
13,8.798307
59,54.728504
181,200.52832
546,394.68018
590,635.86237
407,371.31793
597,563.34283
434,600.8501
571,569.09174
374,533.6396
590,555.5051
572,575.0696
654,503.0988
433,473.19824
452,368.8865
260,359.81522
434,397.16992
546,502.99292
285,151.80142
28,35.291656
7,9.627213
2,4.8942513
10,8.96381
15,10.409435
9,16.576267
103,160.38753
241,247.8474
345,553.8293
701,596.2597
546,696.3679
664,809.707
605,781.9561
894,900.51624
877,930.7464
711,1031.2323
821,774.6971
828,956.1225
981,789.7532
927,910.4825
834,1031.0991
1009,926.9659
1096,1111.0238
292,842.58167
26,455.72403
88,180.0556
6,19.378798
14,8.521504
16,17.51411
14,29.30442
157,365.80023
309,433.6753
416,683.4704
650,806.546
564,727.97076
454,766.34827
563,597.7691
663,763.8642
641,799.7509
517,781.2671
568,665.5666
577,810.72327
665,630.9325
723,844.80975
730,905.8623
649,861.4518
876,889.8141
374,572.3434
43,173.67914
32,20.514736
3,12.238805
10,8.059015
15,9.264916
11,20.995451
130,317.08694
213,340.67554
419,382.5229
599,732.14465
404,577.2104
474,496.34174
473,578.7546
699,661.7393
530,713.006
570,551.34607
688,600.3871
574,721.61005
686,724.7713
533,865.94415
618,497.13092
560,752.4742
876,788.9977
393,519.61005
33,51.345436
2,11.521549
45,10.347436
10,16.126638
16,9.652636
10,18.05407
202,246.83798
231,340.92993
474,411.44113
573,740.58276
472,554.6849
587,613.12427
539,639.1412
671,709.9173
596,712.9281
710,649.8645
567,745.70447
484,704.6101
331,649.60785
596,437.89868
673,767.8565
738,738.28314
637,728.6501
538,317.22287
21,209.43634
5,21.329437
2,18.869358
10,9.644539
9,9.206408
11,11.718586
131,154.09619
187,263.93295
395,300.9209
545,582.8427
418,569.5419
382,519.1301
332,502.21173
512,510.69177
329,473.76877
387,378.58096
398,406.10168
123,423.5672
278,437.85144
99,322.16562
45,382.3742
211,528.7321
195,624.3028
6,221.35866
35,30.80001
7,11.053004
3,3.2497623
13,8.329881
7,14.991543
13,14.438586
98,211.0257
124,310.3294
403,390.30368
705,704.20984
543,632.97614
572,650.68396
546,662.97516
700,744.6846
745,752.1582
809,829.7084
684,845.0738
740,821.4268
731,905.79016
771,831.1889
856,778.17413
875,828.6532
769,804.1153
250,237.15048
120,33.28142
41,24.379263
5,12.475515
16,6.6874537
11,10.261157
10,7.9878707
192,60.647705
440,213.66946
965,522.3379
840,724.1661
733,487.58118
942,629.42377
740,717.28937
1087,743.1752
722,742.74603
841,657.5663
905,705.91565
1116,777.4448
983,1099.5289
1012,885.05865
1006,693.07684
1177,707.00104
1056,1157.9127
500,774.4063
158,136.6965
170,40.337955
105,37.14422
52,29.444826
19,21.191557
17,14.10628
341,156.22101
520,348.38287
851,622.63666
1260,859.27625
1054,801.35986
1125,875.04803
1283,872.8729
1258,1118.818
1261,933.6884
1091,946.69635
1554,987.6207
1190,1153.1731
1207,1209.2805
1549,1193.0983
1455,1209.907
1579,1350.0206
1965,1572.4628
328,213.5065
244,167.95853
208,138.04556
130,111.07091
108,79.386925
67,70.65448
91,95.192276
148,132.51738
203,183.9357
217,231.32275
256,242.82277
251,267.15887
273,253.54097
273,262.82242
233,262.0091
232,239.03416
270,258.9849
334,313.2379
398,381.8423
452,409.74213
411,402.87036
386,374.56604
365,353.47073
277,310.6124
312,241.92943
322,204.02101
116,186.89552
58,92.56459
87,75.298134
114,69.7869
103,93.2373
97,107.378975
94,149.21251
107,146.4966
113,159.47084
131,141.70816
156,162.24217
206,185.74986
217,205.8639
207,211.04935
218,227.0197
232,242.45015
241,255.70474
273,218.17265
245,233.69337
203,220.67883
168,178.22882
99,108.423836
55,61.208252
39,33.256413
16,21.444605
43,18.026958
61,63.53314
115,100.93792
191,158.19734
272,260.40112
290,321.4295
215,235.62857
171,175.01973
155,161.63515
176,165.59985
171,173.32068
159,180.58661
180,174.47093
179,188.42345
212,218.50433
233,231.44006
251,219.55614
207,204.04901
151,183.50899
133,133.40149
80,89.00714
41,49.995277
30,25.910713
12,15.870854
18,23.555906
53,47.99494
112,97.77334
172,185.62929
268,295.29797
341,321.98227
261,262.81958
200,194.29173
154,172.1168
188,169.87874
159,181.29155
174,169.7331
189,176.38005
182,191.59427
250,222.90137
265,269.6138
222,242.83954
175,201.76855
200,179.94583
171,173.9368
110,106.80433
64,56.352463
25,36.269463
30,22.708492
23,19.462276
46,51.450993
117,89.8668
186,177.41788
305,290.60742
309,358.8063
255,267.77914
201,204.97443
196,176.50595
163,186.05579
145,163.82635
168,166.9793
168,178.23897
169,186.25768
244,225.81818
305,287.29926
237,265.2245
216,205.95422
210,210.7931
165,179.62572
101,120.65469
47,62.39674
42,39.92334
32,30.23684
27,31.403826
74,56.09219
107,106.18053
173,187.06119
289,274.47632
344,340.61154
293,280.78714
171,230.48448
174,183.6817
176,174.09055
154,173.07083
180,170.6504
205,189.9035
207,202.43845
275,251.42714
331,299.6825
249,290.01837
255,223.86014
263,236.73285
209,220.69032
136,146.34837
96,84.6184
49,58.134823
36,38.47945
48,40.42628
77,70.07803
106,96.33932
171,151.6278
237,250.45538
274,276.796
221,256.21252
181,196.80684
188,180.66563
183,186.16106
195,185.20149
197,197.61116
205,204.92313
220,219.98006
307,278.98633
390,364.69534
400,387.43143
279,348.4013
286,287.6745
306,291.9638
315,273.56055
240,217.64645
151,155.1253
110,106.29363
62,77.33363
69,62.059753
54,65.38887
93,87.88769
98,133.56665
159,159.46677
187,212.13058
240,215.82225
244,248.92383
277,251.52765
225,267.71375
196,228.80803
231,220.81746
270,252.98523
321,310.36414
411,378.87424
431,436.29907
338,380.0199
306,321.1317
280,315.89917
241,269.5592
203,218.44235
154,161.87611
123,112.74761
69,81.492516
71,75.78222
49,64.76891
80,73.22046
90,96.4777
149,137.82242
185,188.77269
227,218.44835
243,234.45493
250,241.37311
232,237.03857
275,212.93384
332,247.61569
298,310.94302
291,294.1457
261,288.00568
201,235.65286
226,188.91148
159,202.11917
132,149.62048
78,95.04754
47,51.024788
25,29.01959
20,17.52539
30,19.218243
60,59.54335
104,97.08407
162,174.26323
279,257.39337
295,326.15152
229,238.26064
182,190.45438
168,167.5087
232,172.44487
222,209.69022
182,196.85382
201,184.83319
210,198.42337
283,236.83766
285,276.48962
218,243.09883
200,185.18988
185,175.4969
134,146.80417
82,80.27787
57,57.217857
34,35.13551
18,23.742043
32,22.37011
44,49.760593
81,81.28723
158,131.58018
301,188.32512
365,335.16083
281,305.07303
197,235.09619
204,183.16414
219,208.91605
206,207.17195
211,201.3213
211,208.46631
205,220.14604
275,239.23329
304,296.67215
235,271.736
185,202.16162
194,183.20457
155,160.82307
95,104.0694
44,57.756588
18,32.952957
23,21.716476
31,21.255186
54,47.409332
92,95.32551
182,173.99855
320,307.79333
383,364.4241
274,306.63525
220,209.64073
178,197.70258
182,179.05583
162,178.0752
189,178.54819
182,192.74226
203,190.16516
233,253.32072
283,289.79303
244,258.74182
239,209.31221
203,216.3425
145,176.02303
87,104.49495
56,52.658646
28,35.95086
33,26.036755
30,31.129269
69,65.36309
115,102.41447
187,180.27559
270,306.10425
343,357.71234
282,292.22134
208,222.40552
192,185.55055
194,187.29977
169,184.43442
179,184.98843
179,195.28343
209,201.3826
290,253.25908
337,305.1095
252,299.04816
246,229.9885
271,232.73325
221,222.79495
165,142.04393
92,95.60109
56,54.79258
41,38.783382
33,41.285706
53,71.78477
101,90.946236
148,154.70354
239,234.58939
237,279.54697
254,239.21019
186,215.001
185,186.85892
202,190.17963
210,195.0964
194,202.87207
212,196.5106
239,225.14352
314,296.8972
392,374.065
396,395.11282
281,348.21368
314,291.31717
354,306.6726
333,300.73132
262,238.08023
147,169.8269
95,107.292786
68,66.43469
71,65.67656
71,65.32201
95,92.38355
110,132.90169
181,165.70175
228,221.02779
266,240.49129
247,261.26407
261,257.4669
263,253.80525
264,252.45433
258,256.13574
283,272.12766
355,319.5357
401,396.66785
482,428.31317
391,413.59692
313,354.0537
385,327.865
349,321.81702
243,277.93146
176,182.47064
118,114.62164
80,77.47536
70,77.44145
62,69.268814
82,77.77674
91,97.917
147,139.04774
201,190.2539
249,225.84583
252,251.29735
268,252.38905
249,252.05333
232,237.74805
239,225.791
259,242.59364
284,275.72067
260,284.85626
229,220.24644
234,216.06242
168,208.13802
134,145.48586
89,88.03186
46,54.66965
27,27.514217
24,18.011038
28,28.14175
59,57.80593
116,99.30761
182,164.68874
290,279.82764
347,313.56726
255,259.90073
213,203.07088
186,184.8492
208,179.93744
177,192.89236
190,169.71252
182,188.34451
177,186.54149
272,218.67656
264,268.02322
227,232.4194
182,198.461
176,171.24861
140,140.9048
54,84.058426
44,41.19274
14,27.181147
17,15.816175
18,29.650465
53,48.321796
102,90.26209
185,179.87076
318,303.27213
342,356.79602
288,275.13974
216,219.3556
168,185.53728
159,178.27368
164,163.56264
167,180.9565
174,181.27133
197,184.3754
238,250.52837
282,274.201
222,250.86787
171,191.03612
177,181.25316
176,161.42827
100,106.16886
57,55.15585
26,27.838413
23,22.708492
28,21.665602
41,49.88633
76,87.37581
201,180.12123
349,320.57245
395,366.80188
310,315.06552
200,232.181
191,178.69388
162,178.14929
155,162.9289
161,170.0121
162,174.15617
211,181.13503
257,251.61389
283,296.108
243,254.57677
184,207.13527
191,189.64531
167,167.92273
111,111.64507
82,63.52898
39,43.256405
37,29.792034
24,32.24088
79,59.30469
102,107.35519
143,188.17307
283,277.6886
366,357.0933
272,315.15915
232,211.62077
208,202.05315
164,190.49135
162,168.51012
214,173.25597
156,201.52306
179,193.71974
267,240.2661
339,305.87332
295,296.94696
230,250.24146
223,231.3212
213,202.76933
136,149.25572
71,89.94899
51,49.818684
53,39.139626
40,43.100773
83,75.547295
104,104.078865
150,147.37247
265,240.32663
278,287.97104
259,252.27443
201,216.63411
205,195.28735
200,193.76945
203,193.56664
209,209.64175
210,198.18915
230,217.74474
306,284.9142
359,366.97238
442,375.84204
321,357.10385
297,304.182
300,299.40994
296,283.78897
217,237.9687
128,148.66359
79,96.715576
83,62.900948
74,75.34733
94,73.37487
110,99.639435
117,127.01597
196,171.22395
231,226.2049
259,248.70142
285,258.42114
285,280.00684
247,274.2049
233,242.72318
260,235.51436
261,271.07205
332,308.2372
424,380.4548
444,437.75497
324,404.72687
275,314.6171
308,308.361
288,284.5604
245,242.75278
139,177.99612
122,101.33857
95,80.02037
99,76.08559
73,74.67738
91,82.370186
103,100.92996
171,150.64816
220,200.3271
230,243.61273
264,249.66928
278,262.56232
251,259.83118
231,238.36768
227,232.69797
277,238.41849
258,287.97076
236,266.70804
248,211.67714
220,225.04602
168,190.2228
116,146.0804
77,86.12412
50,48.070633
29,27.981262
14,18.643337
26,26.402237
57,58.893185
90,102.606094
155,172.5454
275,260.18585
315,310.64273
250,247.39769
201,199.40047
183,180.01631
168,191.0779
177,174.75189
203,178.83957
167,195.1204
210,180.08743
241,251.05916
288,258.82205
232,249.39772
177,201.67708
191,166.12231
146,143.2561
82,84.352554
68,44.455326
42,32.765514
40,18.769953
30,23.755768
61,52.965256
105,96.60714
160,170.22917
280,283.31232
323,337.51477
244,272.9932
205,198.02873
187,179.74878
198,176.72958
197,185.17017
202,194.10841
252,187.61284
248,236.2821
280,270.3949
310,298.34442
298,260.08554
263,221.58675
238,223.87386
209,192.94827
189,116.97754
86,90.977264
41,38.826126
33,27.833754
45,28.875072
73,53.776573
98,96.90455
174,175.42639
224,304.7409
234,322.6651
228,247.53023
196,199.14464
204,186.42044
202,190.6515
176,188.02534
228,182.61131
210,213.7674
198,221.92366
237,250.8157
268,280.5855
347,260.75995
228,298.4935
201,219.1359
189,185.84647
120,131.86551
95,79.48008
96,56.138653
64,57.854668
62,46.561314
71,76.75284
77,93.08552
101,134.50922
109,130.57439
121,144.16457
122,137.12161
151,143.54425
159,172.02873
184,179.44681
209,182.2475
193,211.65042
212,204.24165
184,224.17729
202,209.13817
172,237.3917
189,211.28654
208,191.15184
185,204.2259
162,184.49483
109,130.81679
72,85.96776
42,54.068565
37,43.49801
16,45.336685
27,70.689
46,81.73441
55,117.276344
51,154.01337
93,138.19943
128,129.8356
132,154.61328
151,155.68274
123,174.16641
141,160.22609
128,172.33052
153,167.14426
166,190.64125
184,224.47708
245,217.02641
220,272.36575
206,224.44661
213,223.20587
154,228.46124
123,170.18288
116,104.49889
80,100.077545
43,69.13376
46,48.123207
40,54.80265
34,56.57972
45,63.21708
70,73.56321
82,116.30305
118,116.54618
136,152.30574
161,170.00697
161,176.29398
173,181.77858
120,185.81898
182,135.60565
166,207.71555
249,196.7168
257,297.7858
310,277.83282
224,294.76508
195,234.77615
216,195.26747
165,204.89706
122,139.0139
91,92.518936
61,67.11814
56,62.299637
65,59.90135
63,56.526947
62,69.382256
65,78.57444
84,93.4897
124,117.314415
189,158.50586
249,203.14775
242,240.1859
226,229.0519
249,199.65826
196,228.44745
220,203.6595
225,240.05415
233,238.7107
173,222.9761
139,178.14565
126,147.3574
88,125.59654
54,75.3626
203,193.12346
195,121.296455
126,99.17072
73,67.07712
57,45.906574
71,58.820507
84,75.975945
121,113.63551
155,156.87476
244,192.57811
256,253.50708
255,263.61002
268,256.0475
264,262.97076
283,261.50116
338,276.97943
301,331.91846
334,326.58783
353,361.93073
357,359.75507
336,323.5917
398,366.24332
337,366.04108
446,365.88077
250,212.99551
229,153.50754
40,115.86631
32,41.33348
89,47.943905
113,59.92989
111,83.37722
75,118.369484
65,118.70979
80,124.97345
91,124.1519
99,120.052826
137,116.88317
199,165.08688
266,216.5757
274,257.56506
279,266.742
274,294.68127
324,304.01224
283,289.12878
259,251.54698
231,259.09277
182,218.97067
132,149.68161
75,70.08031
44,43.547848
24,20.824587
32,21.663525
69,51.611603
84,88.70948
142,134.29607
231,200.9253
249,259.3968
212,209.11163
184,187.91739
192,174.16098
218,185.25299
183,207.3949
209,193.49881
223,203.75836
228,234.06064
239,261.6885
269,267.4132
302,251.41196
227,260.1615
300,256.76227
305,255.16171
201,217.4474
91,97.15132
48,41.532288
15,25.377487
21,22.328236
52,49.554935
76,68.88242
150,146.04698
249,228.53206
261,282.96918
211,232.70627
221,195.90562
190,204.64583
198,197.93835
198,196.46594
182,206.00208
185,202.49318
200,205.1253
298,252.36517
281,303.87723
220,279.76785
267,238.41878
334,320.13577
347,335.46057
161,233.65852
79,99.293785
52,45.28484
19,27.435625
23,16.278801
61,45.92285
87,81.49747
174,140.60942
227,252.79071
241,270.21304
214,229.68123
166,210.26556
226,180.46754
195,211.25114
169,199.9708
193,189.08203
236,208.87724
209,229.89603
277,280.59253
316,310.0372
274,287.47144
269,288.16162
356,339.40988
339,346.25577
224,251.46356
114,120.66962
51,61.895252
32,28.780422
34,27.11943
56,52.995045
81,86.52002
154,154.87941
247,226.64212
235,278.60596
227,232.79189
231,203.95148
212,226.06314
215,217.1322
207,208.57216
202,217.4639
215,216.19952
220,226.22643
285,260.356
305,309.01746
304,298.6697
271,290.54602
404,352.8463
323,340.0874
302,252.79964
110,155.55461
39,66.05407
25,32.67045
31,35.02713
56,56.384518
66,80.655014
132,115.12154
205,203.86504
219,225.40446
196,211.41106
194,197.00665
206,206.31653
229,210.42863
205,231.38873
200,213.61607
243,211.76881
233,237.83572
275,287.77847
322,327.38715
320,329.0286
251,292.15442
319,343.51413
383,349.1602
358,296.73196
254,222.1147
90,143.03447
57,53.67102
53,38.160282
47,43.98721
42,55.64738
74,76.14223
96,115.01572
134,145.04422
177,187.94987
193,214.55135
248,224.76767
238,255.90498
232,239.00916
222,240.79858
252,245.19963
333,285.41898
339,346.42496
330,356.20584
328,335.12927
270,307.04352
324,315.64316
417,354.04376
343,390.19302
224,244.97064
114,132.87999
74,61.68277
65,44.922485
63,53.80947
49,47.479633
67,72.10248
74,93.193924
102,116.07521
161,151.47672
195,194.59346
262,224.05762
262,253.833
249,244.64336
342,237.98277
283,313.85825
315,278.96796
304,314.40018
313,309.4426
273,284.91144
200,243.74593
236,213.34557
213,227.72734
138,163.39209
82,71.90358
38,45.361996
17,21.11121
26,22.020348
43,48.093147
70,73.06768
126,126.9223
241,208.19508
263,265.6961
208,222.09677
192,180.76474
184,188.21841
245,194.19586
221,230.20128
176,214.86876
200,198.22655
221,218.93207
281,248.18756
296,290.48578
247,274.55267
270,224.99864
323,296.41602
483,267.8293
204,233.63747
95,126.572975
31,53.119682
39,27.6336
21,30.796682
69,42.23917
59,76.008125
110,101.19984
261,167.7084
303,287.19934
246,265.73526
235,224.41632
209,217.20935
255,220.14383
198,253.80525
236,202.5306
215,231.22546
230,233.38794
323,265.27216
323,338.87787
300,302.9573
294,296.75656
307,319.10815
297,367.97174
265,218.81337
104,125.77513
26,52.107666
22,25.97014
16,18.219873
38,46.55945
83,70.85259
144,130.68721
222,238.87907
291,271.00565
257,249.093
243,219.34679
216,215.45175
190,217.65274
200,196.07172
203,208.80899
224,220.54678
238,228.43108
313,301.24802
287,339.55396
257,288.27133
278,267.14935
359,329.82443
421,325.48572
262,246.31042
80,131.01979
49,44.388264
24,30.546225
29,26.058739
51,48.759056
78,81.05258
152,148.3344
238,226.68535
264,283.2629
254,253.20992
235,235.61427
208,218.68822
259,215.09346
198,242.0882
208,217.3327
219,218.40778
222,235.22853
293,278.0471
327,309.99887
299,302.1897
358,286.62927
422,395.86008
338,376.96945
248,279.3864
134,139.07318
85,68.37515
36,40.134815
28,30.889105
46,54.804905
78,70.240875
127,119.01361
211,201.58812
219,234.06487
202,213.7292
207,202.43217
220,209.92361
227,224.79779
213,226.83665
209,218.75505
219,225.05348
290,236.29543
327,317.9429
348,359.71927
358,342.29474
328,321.84265
401,374.34277
478,346.42923
418,331.41293
238,196.4528
136,137.88898
51,72.72658
36,44.50218
30,44.859493
60,43.490654
75,81.32415
126,115.80636
127,162.30612
227,183.5093
235,235.15266
235,252.26569
247,245.86931
299,246.796
261,285.70532
262,267.9522
368,305.6128
328,355.60968
349,359.26022
416,357.04495
372,311.63336
318,373.5174
432,417.09164
391,438.97327
257,218.88817
143,157.19395
45,78.527275
44,39.340458
41,51.221
40,49.459908
78,61.37781
86,87.10293
115,110.96106
167,169.92018
230,200.65076
271,242.56055
241,260.72534
284,235.56987
246,272.4331
295,250.39177
307,291.687
271,308.0417
290,295.11578
240,270.29025
205,228.4395
206,217.69775
179,200.3735
109,144.89258
67,69.2509
26,38.250103
12,16.561138
11,24.0573
56,43.747078
81,74.22336
121,133.6072
245,213.79169
269,267.6666
248,221.82742
225,202.99646
203,202.45422
202,208.84644
197,199.9111
218,199.41975
209,221.90164
227,221.77547
303,249.5882
306,305.24948
269,271.10153
271,255.44176
292,297.70984
507,277.73373
277,215.55563
139,115.99538
50,60.125675
28,26.02021
36,21.10729
52,52.46631
89,68.88242
130,144.92691
257,243.71692
257,281.53595
240,244.40825
191,219.5358
188,195.34177
208,197.69545
198,206.98376
205,213.98648
194,206.71739
198,209.34805
331,273.76016
291,340.42117
267,281.45422
259,282.27246
345,313.24973
293,404.94742
319,219.54716
123,142.33508
34,61.306858
30,23.728464
18,22.13661
42,41.175407
76,81.65793
161,139.8267
257,240.69083
271,279.53406
278,248.03838
216,229.64409
246,205.79176
210,223.54742
193,204.26836
194,202.52661
227,211.17886
239,230.58351
314,304.0761
314,332.1538
259,295.19385
299,265.37314
354,350.01282
332,344.36563
285,279.75684
121,133.62955
85,59.81054
19,39.781662
27,24.983496
51,48.27044
72,78.74804
127,152.87418
245,233.34248
259,280.2632
256,254.80638
226,225.99039
240,221.95018
206,236.38512
167,204.68192
193,190.78154
211,212.65619
227,227.45859
258,279.39587
338,300.5758
304,309.55054
281,292.7542
366,358.2534
315,362.82147
230,280.74768
145,145.10963
83,78.071045
37,41.36364
73,31.44065
56,56.587376
78,73.06219
131,126.87233
191,206.38824
236,226.69574
217,220.35585
173,212.87013
186,198.7923
204,205.92944
220,201.22218
188,216.4939
212,213.51068
243,232.48854
291,290.2985
337,352.87952
317,341.80746
320,309.10748
374,376.1917
377,367.80338
407,313.66223
270,216.43015
153,156.59912
63,83.165535
49,54.89784
85,48.873806
74,67.45701
91,79.45406
121,121.977165
165,147.9926
198,214.90666
191,222.30984
245,222.26306
272,249.14447
267,266.52173
233,261.98798
272,243.32483
289,306.18094
418,320.50696
335,358.7649
366,338.20425
313,349.9409
333,349.20822
370,398.67114
461,375.04688
221,250.39073
153,150.44374
55,80.13363
48,42.97117
50,62.829857
47,52.036297
90,70.9999
124,90.30584
140,125.0457
195,177.13744
206,206.50272
242,234.95303
251,247.2993
248,246.95172
263,243.24718
205,263.27756
273,254.92989
270,288.08975
374,288.41745
243,325.5884
200,223.0303
206,221.12141
194,207.44594
103,162.39969
80,65.00794
58,45.35953
18,26.54432
14,24.047295
42,50.604378
58,71.218506
104,122.99221
240,212.63565
257,272.81216
203,223.49962
189,185.75558
181,185.69043
198,199.4137
209,201.78194
191,213.53018
191,198.13889
225,214.48578
239,261.1228
242,283.2168
267,242.92117
175,258.2591
235,228.99951
285,265.7417
130,192.54755
93,84.26332
51,49.833454
21,26.33821
32,20.34843
45,49.288162
78,71.39311
140,126.7033
233,239.63655
230,274.05972
243,222.9882
204,209.57825
194,189.69841
196,198.59018
213,204.53262
232,212.55508
248,216.51263
221,240.76837
276,269.88318
327,291.11972
347,294.54892
253,299.34824
310,297.572
360,308.97638
299,240.9707
134,132.48544
37,55.75853
26,22.635143
47,20.073093
64,48.651882
80,86.28621
117,152.13297
165,219.37682
186,231.84549
185,217.93758
183,196.46814
189,198.93047
201,194.81873
191,205.41423
191,204.4665
205,218.57988
199,226.54099
225,268.40222
263,285.59702
299,267.32776
221,284.49985
261,294.05368
217,318.56406
186,231.09702
86,135.66898
81,55.52638
40,43.114296
39,40.59171
35,56.893612
54,63.441456
62,93.31774
58,79.77314
47,79.99547
119,68.2618
287,126.83238
153,276.94287
151,166.59889
160,172.58173
174,179.80144
251,192.97946
232,245.94295
198,241.61966
229,224.36772
251,258.50647
252,236.54768
269,262.7721
200,268.7144
114,179.91017
76,96.135544
47,65.28413
28,36.10729
19,32.006664
21,49.353962
24,65.498375
50,100.67467
69,141.30907
78,119.75536
134,123.77102
140,177.78842
138,160.19771
172,164.34882
210,187.1899
224,203.7359
212,231.99121
215,236.27467
250,256.9127
242,299.41562
241,273.43896
230,263.01102
246,279.23923
434,295.84637
228,323.87964
161,179.28526
90,111.01585
36,53.12049
25,39.854298
38,38.295994
42,47.324688
61,59.994335
68,92.20293
88,98.569786
111,133.97476
141,151.3114
180,171.11552
192,208.39966
203,218.02261
181,225.41759
208,211.88063
389,259.45993
265,352.95804
270,300.58508
296,293.11652
220,285.1449
245,257.75366
349,358.6712
372,342.62833
188,201.33156
120,120.156555
55,63.143913
38,41.204754
43,45.187233
46,45.18368
52,66.18157
74,76.059135
101,100.74104
130,134.91237
187,164.62051
266,207.41882
256,250.71457
243,240.07141
244,232.91852
285,241.35753
237,301.68466
235,250.42322
334,259.1682
293,291.8822
167,242.92308
192,182.98964
95,201.43889
72,97.50974
398,426.54654
430,409.8272
531,384.4984
523,339.77994
306,236.71887
118,125.16177
57,71.2642
49,57.65751
66,78.0432
131,112.32953
140,163.05006
218,177.30014
258,229.10843
290,267.16534
328,314.44226
369,352.04214
399,388.8564
428,428.86447
489,449.91953
488,478.17258
519,470.42474
560,506.96225
575,525.94946
519,472.41217
516,462.01703
1092,471.04855
376,854.5779
237,315.17792
151,177.74068
95,87.935104
67,59.460934
85,54.016758
75,80.63404
128,114.07681
156,151.38673
162,189.93636
192,205.11163
211,220.90862
202,237.2335
223,231.96938
277,242.59964
286,285.55353
293,305.77377
296,277.55026
300,274.72437
277,269.73303
198,242.55672
163,134.68762
78,99.56447
65,77.905594
47,48.42427
45,33.999294
49,42.573273
61,60.046146
68,67.14474
90,82.84206
112,126.101974
127,127.25982
123,124.1551
156,129.3561
179,160.68367
182,182.52731
246,192.52649
229,237.18642
242,232.73637
257,270.3062
281,284.6976
305,275.4771
249,275.00415
230,247.18309
201,200.07321
130,135.38603
112,73.11421
58,52.09435
29,34.23
24,20.95355
34,28.904848
42,41.439716
57,64.159706
100,91.30767
134,133.30493
155,140.1513
116,136.00139
123,135.69002
147,143.49904
181,178.38911
205,193.25014
211,213.83713
232,227.30386
264,264.735
273,301.66684
306,305.40195
322,317.052
287,322.3542
245,276.15643
161,170.45314
112,116.00715
56,72.90696
34,38.48597
30,25.22494
33,33.606907
47,46.278202
73,72.06431
91,93.78233
143,142.71585
152,156.74185
118,133.14828
136,136.1336
158,157.43031
167,182.45644
224,192.79616
186,225.16077
230,225.3198
250,267.4607
300,298.5148
331,323.44714
334,349.7439
368,344.7108
315,322.26126
201,222.25975
154,137.99516
85,91.462456
59,52.73003
41,48.548603
58,42.129536
49,54.68126
76,74.451645
96,100.14451
161,138.65111
133,163.20901
108,136.16272
136,137.7304
168,163.88281
213,186.36055
235,222.9192
270,224.72226
269,267.39706
303,281.27844
342,325.3658
357,349.66965
408,366.85266
433,415.63257
400,388.00134
340,333.95538
244,290.57962
235,208.94667
162,179.70615
124,119.64842
69,88.46408
63,61.909096
80,66.63866
85,91.05222
118,130.4987
122,132.87418
133,128.43289
154,151.17245
183,178.20029
247,210.3966
224,263.03186
249,242.70375
284,272.49887
317,322.80502
368,358.1988
355,382.96234
387,384.91385
393,422.45358
484,442.8385
530,459.00427
483,426.0556
470,444.09122
384,383.289
303,283.2497
144,178.68622
72,72.121506
47,61.18318
57,54.66899
72,79.87793
111,113.27715
166,142.89671
206,187.61287
256,223.6815
276,271.58966
319,300.4773
409,340.77963
426,427.42365
431,449.9486
398,459.77542
438,419.2326
414,433.70877
427,445.3477
517,469.95837
434,471.41525
416,442.24246
450,435.61172
471,397.85635
299,330.6919
159,172.5406
84,81.849
59,56.662876
70,53.17998
79,78.10223
124,114.457054
169,152.4461
200,189.5654
249,221.60078
256,250.29381
394,251.47325
353,369.82974
346,340.4477
296,342.87405
267,302.95444
250,264.81534
237,246.56459
215,231.82823
162,190.27338
118,120.326935
69,66.60969
49,53.696423
28,45.29028
30,25.214724
38,40.30174
46,59.260693
50,61.974545
91,73.97437
112,125.92115
118,127.10384
106,119.78406
137,122.697876
172,152.27092
267,180.11978
164,251.91322
203,199.86267
189,220.53954
219,232.74496
294,254.21991
314,285.5315
295,284.45682
279,264.66522
236,223.42659
146,144.64966
110,106.29297
56,63.39605
35,36.747173
24,24.903357
29,25.769728
34,31.175539
56,44.93541
94,77.8932
143,116.527954
157,143.42169
122,137.8436
148,136.38573
176,165.67793
191,200.28761
204,186.45445
225,217.08488
214,226.32722
284,232.53474
336,320.23737
320,351.76508
262,328.37103
328,278.8701
254,290.19238
173,187.8997
96,118.26361
50,61.926353
43,35.302143
28,30.93828
28,32.730957
47,44.489166
57,70.339325
94,87.04397
137,145.22275
137,155.93463
133,128.9559
151,142.36536
148,166.49821
180,179.99301
212,207.3082
214,221.97304
199,237.25119
253,253.33913
289,311.61868
318,319.30847
367,320.2287
402,368.9057
355,344.1096
209,238.1961
169,150.26213
86,95.335556
87,55.372704
47,55.388714
43,45.383842
46,53.256603
72,70.13376
95,100.735535
171,144.14676
168,154.98398
126,139.37074
158,145.58423
190,170.03853
200,206.1625
220,225.31334
203,232.25096
236,218.36922
293,279.60855
364,326.97888
382,366.46564
405,397.37625
437,421.79227
397,402.73154
298,338.0268
289,259.3061
244,238.23305
184,175.47112
114,128.53143
79,84.68195
61,63.46133
66,65.33949
93,90.49336
126,131.17998
141,140.12083
132,142.55098
170,157.32286
184,189.9124
215,208.76683
258,239.72275
262,258.4801
302,271.9811
322,338.69052
392,373.66394
388,397.93237
415,400.71045
444,427.0375
486,484.84393
483,466.66135
449,427.1183
471,422.1026
461,387.0483
292,323.8261
136,175.87714
69,74.98984
50,57.086163
53,55.636486
58,76.43736
121,110.46654
136,151.38248
221,176.28053
261,242.81224
277,281.36414
344,304.93707
434,363.79138
426,437.66452
429,443.4344
456,462.63895
506,461.11966
506,484.49197
454,501.6874
516,497.0291
450,468.96945
402,450.68857
360,419.68884
398,350.44394
260,297.7331
169,161.70772
85,86.63076
52,61.60651
66,60.13089
69,72.26109
132,109.83885
166,153.21547
201,193.13368
246,230.59995
287,251.65254
257,284.83014
348,259.53036
307,332.81598
305,315.94516
311,311.28165
286,289.54102
286,269.77557
213,262.3385
162,174.48802
128,116.808556
70,71.55474
52,46.798195
43,42.23238
33,33.279976
33,41.231396
42,58.37522
73,58.74706
82,94.85784
131,114.44
123,133.7367
122,115.8939
114,134.23174
157,144.33678
171,175.66882
184,189.09418
201,206.16885
220,205.4927
277,245.43954
308,297.91452
280,308.552
279,270.461
253,260.45517
202,209.86488
134,136.00429
52,89.639336
34,45.946507
21,28.44401
18,22.037851
25,27.805664
36,37.714584
61,59.83454
102,96.70294
149,142.19423
129,152.45949
122,125.9225
139,131.58577
152,153.34453
191,177.88173
179,201.71695
187,199.88922
232,213.0205
286,274.59644
296,319.42725
341,310.48312
362,338.06482
348,337.5423
257,284.7606
197,177.41064
110,119.144844
60,58.819542
30,36.507404
24,25.337038
29,31.568527
42,44.489166
78,71.28182
87,105.66703
155,144.05829
167,147.22404
131,138.08687
156,140.79652
171,163.75793
176,190.64954
191,200.50652
215,206.54153
219,238.50935
249,263.82693
326,294.69376
339,341.7868
384,356.4691
408,398.9419
347,351.199
265,245.49721
149,183.88539
93,89.92005
59,59.405518
55,44.466072
42,46.179558
48,49.730686
60,75.47644
100,98.01334
133,157.82565
166,163.37666
131,143.36281
172,152.97443
186,186.30934
204,201.8258
213,222.00746
237,228.41058
246,245.26112
287,287.49023
322,329.8507
370,347.04434
394,395.34344
406,423.2395
405,405.12283
277,351.30948
247,244.27985
213,217.54633
152,172.07498
118,119.28707
88,81.6336
59,65.032135
69,66.194016
79,93.081505
122,123.67858
126,138.49532
135,136.86299
135,162.13737
160,172.20453
221,196.18428
194,244.03134
241,229.22989
263,275.2054
289,311.29706
334,347.63257
405,366.1904
405,419.8384
358,435.03885
374,434.0889
414,400.85217
408,395.71445
404,410.11163
421,362.56158
261,305.52472
167,155.71019
80,85.09511
62,57.458694
52,57.618584
87,71.26663
129,125.11326
139,150.02623
181,170.75957
196,219.27676
292,234.73003
312,309.75443
348,344.5765
406,381.74484
419,437.1854
401,439.25247
438,437.71774
421,460.89862
399,432.4043
462,441.67413
452,431.2163
429,431.9384
498,426.87482
406,419.37726
291,278.067
175,178.81169
55,91.893074
71,54.521206
76,66.368225
73,86.223015
117,115.21462
143,149.5212
170,175.43604
268,200.64005
250,266.86606
288,253.73178
300,310.2619
375,311.97153
337,378.8671
303,334.43216
287,289.19003
245,285.07407
195,233.95914
171,165.76955
111,122.81869
97,64.08914
36,60.316833
29,33.13824
35,26.098242
29,41.849415
60,46.76562
56,76.72086
61,92.11814
95,108.45989
114,120.78665
93,119.09915
111,125.490295
165,144.11101
187,180.05669
218,193.50163
223,216.18439
252,230.707
267,273.81717
263,288.64832
242,280.1027
221,251.69174
211,225.18205
144,191.46512
122,112.35866
80,88.72025
37,48.493156
32,27.998951
27,24.486956
49,29.31311
58,43.93022
64,67.66159
77,98.785065
109,127.29185
109,136.78754
114,112.12299
132,127.605484
129,153.98088
193,167.87639
218,210.59183
241,221.7193
235,253.91255
203,279.1088
213,257.55142
274,239.9296
272,285.17172
265,286.1141
245,237.3213
156,171.22527
121,106.58325
70,61.80644
37,38.7981
32,27.939194
49,34.53456
48,52.91036
53,72.705696
52,90.663445
90,115.443
110,126.00498
82,118.96865
130,124.52525
160,148.1794
174,185.19359
183,206.16457
179,211.90346
209,214.92905
211,242.75218
234,252.63618
393,266.1506
245,376.23132
206,285.69727
177,240.0214
195,165.33493
189,160.86935
214,129.21863
187,128.03192
123,117.192215
72,78.725716
36,52.198654
42,47.44973
28,51.664482
24,75.465576
51,63.980022
68,69.95763
76,101.486885
88,94.48876
101,104.66691
101,114.87419
127,114.512215
130,145.89029
157,130.14627
167,158.88992
147,196.61952
140,167.75983
166,146.28688
116,148.76657
112,91.01682
56,132.983
55,107.2521
22,82.73061
37,86.662766
41,72.49343
14,53.21086
33,54.974777
24,72.45269
25,85.92448
36,70.61622
56,72.90022
118,98.636444
153,147.31764
237,177.63257
248,220.66743
277,244.06403
355,281.07236
303,358.53906
369,339.51526
301,369.20862
301,324.14764
265,323.07886
239,323.3209
210,293.07117
160,198.65958
173,190.0731
151,149.26788
116,157.74643
65,105.9202
31,49.826267
25,36.180576
21,48.30922
44,56.914238
67,70.66935
82,89.95435
141,110.07538
179,175.3262
200,222.6483
251,245.65488
305,295.29184
364,360.5222
322,403.61682
354,370.3247
374,387.28207
280,384.6177
291,308.10974
303,330.1238
274,308.12302
269,257.8558
318,273.70212
239,266.70523
182,214.42526
98,131.993
50,65.661766
37,46.389244
25,54.823368
41,53.180878
57,73.51292
112,77.534874
177,138.95097
190,203.70143
214,208.23386
217,238.87512
218,249.94193
251,266.85327
228,277.84045
250,256.78363
204,255.07822
186,211.45813
211,194.53252
129,184.35883
84,108.283424
560,424.8381
577,400.36884
535,347.04178
450,304.0324
343,238.98958
194,170.98648
165,195.88666
189,217.92729
269,269.73007
296,324.91223
292,344.81683
347,329.9578
370,379.64392
355,395.604
334,380.362
369,362.27698
400,409.72406
387,460.66727
505,455.74136
488,547.1897
480,500.4661
501,503.96524
496,571.81506
541,549.6814
510,529.4105
727,421.74414
231,379.92548
224,207.71378
177,184.7553
120,137.48251
151,151.06564
172,161.91447
154,208.59026
168,228.80583
220,244.7436
223,281.4837
246,271.0518
264,281.25983
305,296.73868
263,326.26035
293,290.9899
295,329.6505
319,330.37408
316,323.36618
310,310.92017
296,309.6151
269,292.29633
177,225.47845
118,129.17276
67,102.18437
55,50.998135
47,51.90421
84,76.11407
140,124.86279
182,203.51366
240,242.74086
295,278.64044
259,260.48843
197,215.03188
186,195.21483
175,185.33354
211,198.85347
208,220.4114
199,223.68985
258,222.4984
336,317.62793
328,343.82507
282,294.11896
248,255.76398
230,229.75104
163,210.668
162,128.08669
111,99.940765
46,62.457085
34,38.20427
48,43.457726
80,76.92842
120,108.3173
164,193.67915
221,243.68088
238,301.4123
242,248.75562
168,202.63896
165,177.39444
182,173.60474
206,200.41298
223,222.3989
212,220.13263
250,242.62064
333,324.49344
315,366.55582
298,302.39838
299,275.59274
262,280.54968
255,230.3271
173,192.93755
128,130.991
83,76.26892
46,51.020584
43,40.96441
83,78.39105
116,114.98424
216,176.34988
247,250.82108
282,297.2373
294,264.9482
210,215.62627
181,189.9931
178,188.76335
213,198.40556
254,232.46167
217,240.01337
257,253.62794
305,331.99814
313,344.75748
563,308.16858
366,447.5615
332,336.97195
281,314.13608
221,219.22696
129,147.12506
87,78.30583
49,52.71011
55,48.627018
80,81.77275
124,118.63288
177,208.18861
237,250.3665
312,307.08774
284,313.3547
211,226.58011
213,201.534
176,202.05862
228,203.72394
224,253.1745
248,242.62949
272,282.52975
366,339.13763
387,389.4552
386,386.18668
351,364.41827
455,354.9264
314,390.26938
265,267.48468
178,193.47264
102,123.53718
46,81.25745
73,66.93722
110,111.4836
115,127.35533
187,186.79062
252,247.49947
270,297.39685
335,268.39185
208,269.35602
231,221.4094
221,230.62263
219,241.0071
269,247.52272
271,289.63348
299,303.58044
412,373.75784
438,463.57114
420,465.569
318,413.57886
340,368.56018
477,427.62473
443,496.2686
476,397.90573
314,372.1426
230,237.86455
239,194.85046
154,189.03584
128,151.3157
140,165.94234
154,207.42255
240,233.41138
326,319.08447
305,355.80795
373,337.67886
368,384.6168
366,377.7436
330,370.59305
399,354.3039
395,427.8756
466,441.12927
439,515.44037
441,471.27798
381,444.73486
370,410.27228
458,443.4451
463,503.07944
451,455.9163
340,367.45602
253,269.04752
202,210.9556
140,165.03632
96,125.672295
157,135.88176
166,164.81186
197,205.35437
219,269.1811
266,291.44012
358,315.37286
358,368.6177
319,352.43207
436,321.3636
335,404.91138
392,349.56366
355,400.17508
322,370.30875
295,310.91006
204,292.98563
231,242.64888
206,253.2739
182,176.66852
131,121.18807
62,69.58601
55,47.207275
36,46.973434
83,77.69394
122,128.1999
179,184.23405
256,245.4738
287,301.02908
238,258.09354
202,212.69768
198,193.32512
231,196.86835
248,229.60596
242,241.84476
209,240.33914
246,229.84691
308,310.01962
326,324.4857
283,291.49667
264,251.90819
264,240.55322
186,225.86267
151,138.21504
87,118.05101
60,66.39723
32,49.590538
48,44.248795
75,71.28182
107,105.62607
165,161.57755
229,212.04129
295,270.921
248,275.63446
229,222.21623
217,219.39699
237,215.37967
226,236.85956
233,241.73752
224,231.32185
267,257.1353
342,314.29248
367,374.33575
335,330.9954
274,312.78665
285,282.81616
271,247.50935
188,201.91843
154,131.30098
57,86.04131
44,44.21548
47,45.838318
75,76.5309
128,112.098366
168,186.1948
248,234.83246
303,310.17758
313,277.54614
230,242.96095
193,209.4726
207,200.93321
196,217.2278
216,227.0817
220,227.31927
245,258.66327
327,329.50284
369,371.98453
297,338.55957
244,293.6535
264,279.8881
275,282.4443
171,222.20398
119,128.37088
76,78.53001
49,51.18649
46,53.07032
76,76.86914
113,121.30374
172,189.17967
251,246.147
287,315.21152
291,288.0441
257,234.36876
242,225.96349
224,224.63521
200,223.38821
235,221.37177
228,244.54898
259,268.20447
365,324.63263
386,403.0607
343,364.89322
319,318.8899
309,322.41885
304,309.88812
219,253.19543
180,167.57141
116,123.1027
78,86.01785
65,70.58307
89,100.57959
103,117.63156
181,184.47217
220,246.75487
275,272.55826
283,278.25732
228,245.04434
214,235.00429
221,230.58618
239,225.36635
284,261.52835
280,293.70245
303,309.44418
483,378.02716
505,503.34103
471,497.89493
396,436.2465
392,405.44385
449,472.43094
438,468.02997
358,396.0095
300,292.7011
255,237.23495
202,209.17712
159,155.47014
117,127.09077
175,160.83502
191,196.92488
234,246.53894
332,297.67004
304,342.81622
356,336.55707
364,367.1677
392,369.98123
343,385.39523
375,369.52463
420,398.98236
476,462.59784
506,521.29126
475,500.97818
499,457.3075
425,478.99725
525,473.63672
553,529.81934
488,435.01782
394,376.91046
286,289.0149
213,222.12596
138,168.5178
109,120.35705
161,151.69046
187,173.87122
195,209.9965
239,243.60587
299,282.18762
338,334.45303
319,347.99683
325,322.3126
334,327.8027
358,330.78354
382,368.42917
366,386.4942
370,364.7114
315,330.53168
279,300.01358
253,285.22006
239,253.76404
207,194.49704
130,132.96898
81,67.3516
39,53.672012
59,42.706295
84,82.33501
125,130.43242
224,185.68523
320,292.9786
345,317.08612
286,284.2271
219,230.4481
188,198.49426
184,188.10004
196,206.13345
219,214.55634
217,222.19044
279,238.32922
352,332.1617
334,354.94757
290,302.5024
235,266.5965
262,230.38977
188,225.46217
162,153.59566
90,105.5389
55,57.941063
45,34.422127
44,46.939804
66,72.65015
119,109.94007
189,185.75636
280,270.36673
308,325.27335
261,271.98636
201,206.50496
189,189.82642
195,187.92996
206,207.22337
231,221.81107
218,226.80962
258,252.4736
327,331.77203
342,362.53122
289,318.88806
244,273.04147
304,270.58505
299,272.30222
267,210.46736
135,165.13986
67,79.84135
50,46.03587
43,44.910725
71,71.119865
121,112.9699
205,188.23418
271,276.62378
347,322.85367
338,303.93787
235,249.84631
172,206.66425
183,189.994
186,205.18823
210,220.83705
189,223.62247
276,238.52003
372,330.41718
393,392.8751
288,349.15222
269,281.36145
319,298.26312
387,310.55637
231,287.45596
127,150.03537
71,82.31738
45,50.58395
51,50.869812
83,75.19802
113,120.80647
198,185.97217
275,268.7528
320,330.14706
301,304.79773
203,251.32964
190,201.78091
221,203.53914
215,221.10011
237,234.86958
204,239.51447
292,252.78499
359,358.46918
491,397.9838
379,425.24658
309,345.26834
314,329.74323
340,331.34824
228,285.57748
195,170.89021
121,121.889854
103,77.8582
81,78.14865
107,104.144684
126,119.9175
179,191.87892
258,245.74811
284,297.1553
273,284.42154
252,231.95029
240,235.00584
237,236.8279
242,242.35263
297,272.12363
270,296.11032
348,308.8476
495,420.52625
483,523.7905
473,483.96616
386,435.24466
346,394.1414
411,417.1453
398,424.5633
409,366.78796
317,322.92776
221,247.88332
242,202.64372
178,161.24948
154,136.04109
179,170.1429
213,200.40276
257,248.10388
301,308.40146
337,324.0165
362,361.58542
384,369.8109
374,380.26276
417,373.8439
561,416.80057
417,531.2359
463,473.83884
523,505.96915
475,503.55542
424,454.90634
413,430.0564
472,466.01422
534,493.27692
438,457.22736
397,372.2275
229,281.319
210,203.1509
165,157.57755
150,126.022804
138,159.6078
196,171.14693
213,211.93454
257,246.0548
280,298.06232
361,320.45947
360,361.48874
343,353.7326
332,347.8304
314,343.71277
350,338.43387
362,362.336
394,358.5436
282,352.0335
255,274.46884
251,254.45271
241,244.07271
198,194.84258
115,127.2118
90,62.044945
45,56.04547
48,43.61202
101,78.5372
98,128.84872
171,175.84293
243,251.29707
288,299.48627
215,257.25232
180,201.57127
176,179.98077
187,182.2647
216,203.7783
178,223.82336
246,195.3854
226,263.3851
323,296.77438
320,335.83563
240,288.8077
210,228.04376
268,229.34131
183,228.9054
137,152.38844
98,90.96397
70,58.810658
48,38.150066
46,45.17112
76,73.68916
115,111.36311
171,172.46545
242,242.03935
308,303.2182
259,251.80734
209,204.04124
199,187.54564
181,196.97142
215,199.96806
278,221.7373
269,267.11728
362,275.6844
411,392.27582
438,403.13474
394,361.36487
340,341.09335
325,324.9735
283,287.35968
215,197.84016
170,136.54324
93,88.18761
71,55.326477
75,49.4868
118,80.94111
134,124.9519
178,197.80818
217,250.51607
270,304.07626
255,276.23767
207,222.47151
227,194.56026
258,206.79854
266,238.57858
285,265.73187
313,273.54984
297,330.14984
305,351.63434
356,356.14252
458,335.11472
313,404.084
265,325.02774
247,284.14786
270,212.02792
202,198.97604
133,136.57181
159,90.71441
123,111.60433
159,98.921616
171,131.82837
181,191.92477
159,198.28723
142,178.70732
157,161.39955
172,183.63393
229,204.26553
225,238.76115
223,235.50908
257,250.565
300,271.9954
313,329.38074
299,354.37216
320,341.2334
283,347.20007
281,288.0859
314,279.2029
293,302.7165
273,261.75107
214,200.28929
143,140.08217
98,97.48359
78,84.15541
54,112.265076
61,111.65098
122,164.06422
150,195.82126
149,196.72397
155,181.71611
154,186.22337
185,193.22864
204,212.68439
203,226.53767
235,251.92567
229,265.8878
243,283.49786
292,322.72107
299,349.87613
299,336.49707
274,326.76843
297,314.59628
289,358.24564
301,337.17636
270,273.6485
196,247.98471
215,168.13191
143,199.54935
142,136.62305
83,117.891174
116,136.17601
108,159.51434
157,149.14307
191,210.33105
212,235.13701
248,261.42816
252,288.1435
281,290.23474
244,308.24515
294,283.51593
275,333.97034
330,332.17938
355,376.82
400,371.42746
336,392.91434
314,357.49426
328,356.49405
365,373.1294
317,333.57724
223,268.65393
188,204.95076
154,174.96758
150,141.83331
105,107.038635
130,133.29216
127,153.34299
139,166.25214
173,190.37735
251,222.7777
316,290.44077
306,313.409
317,305.28186
313,304.67792
276,311.40625
326,293.02054
347,339.59607
330,352.56992
238,301.61566
237,234.028
192,236.33963
179,217.13902
171,173.26881
882,1038.2926
1158,1010.9968
1299,956.5723
1322,720.0595
901,597.11835
296,453.51944
174,180.49858
123,140.01118
130,147.33258
188,181.25537
247,221.59927
245,259.0774
307,276.2695
311,313.48834
316,341.8207
357,334.89975
368,385.52853
467,413.60544
590,521.262
635,629.5892
773,656.6191
797,761.7314
934,904.6917
1087,959.2837
1222,1209.6317
2820,1209.1394
965,1075.7699
685,855.2564
374,500.20285
186,228.01628
141,148.44524
142,121.96808
159,141.2883
183,192.55722
209,225.69456
232,241.30244
207,255.40974
244,236.39919
202,259.2461
246,244.8386
259,277.15826
332,293.4343
397,348.94885
453,382.1399
461,429.14908
423,455.1977
357,406.9399
312,291.13016
192,217.61916
138,145.60254
99,98.30797
86,79.82273
73,71.74121
93,80.16431
112,101.3054
112,129.08565
177,168.95068
185,179.2804
155,170.75157
188,150.34645
211,183.59052
187,206.93266
196,192.29964
214,197.9079
169,202.78297
240,199.82092
248,273.78488
285,273.4691
253,299.75546
291,281.03134
274,284.96613
221,236.11722
151,150.70549
103,87.765884
48,61.42583
49,40.606113
51,51.50411
75,68.25741
106,93.230034
156,135.57765
193,196.32631
192,195.43703
156,164.15877
148,159.79034
152,154.99486
152,159.96649
179,164.05702
164,176.58392
195,180.29062
212,237.06175
282,284.4851
308,326.6312
326,359.64807
360,416.34656
370,404.35437
303,328.55768
171,215.6209
123,120.3427
59,79.194496
47,42.785496
55,53.570473
53,65.285385
119,100.843376
163,155.98131
214,207.83429
205,223.86757
150,178.0655
174,160.77075
152,167.01215
173,159.07169
178,177.85843
165,177.6022
172,184.82199
189,223.52313
295,268.37555
361,357.7107
426,432.60724
495,488.48367
485,488.71756
342,423.0898
309,278.47842
193,211.71805
129,128.51303
104,95.750786
90,92.40435
78,83.55385
119,110.5065
149,159.26137
226,206.4783
235,231.50867
212,191.71588
191,199.79291
170,175.42319
160,181.53651
192,177.90607
196,189.90524
217,194.65646
252,235.80588
306,302.7279
451,370.7023
492,503.24942
800,578.36395
835,734.1418
763,734.1386
562,739.6828
415,441.0334
252,297.78983
172,207.08124
114,135.4969
86,101.00528
95,106.30774
141,115.0993
174,177.59341
214,191.5101
189,202.23949
204,197.46762
193,207.79776
211,194.4566
247,218.61981
212,237.86382
239,237.1672
335,291.8043
404,395.44006
430,489.8707
512,516.87415
574,660.1701
747,781.3144
987,875.98444
1112,1129.7319
1208,1206.3032
975,975.3923
708,638.49713
297,349.61264
143,129.08325
104,110.2206
88,121.6927
140,133.36256
208,191.06721
215,231.07686
262,247.2827
340,281.97534
295,340.06107
341,319.7564
373,360.10242
413,397.12863
442,472.00317
496,527.87195
564,547.4254
618,644.5567
723,709.1291
900,840.7109
921,973.4471
1027,1033.9573
1125,1031.9164
1014,1021.0221
711,692.40924
407,397.08493
184,195.09186
114,137.64668
129,108.73882
137,140.05167
229,189.56126
249,237.56854
290,261.14743
299,296.7423
362,289.5506
400,335.60263
382,377.10904
366,356.5895
344,360.05133
318,361.7972
322,319.05548
287,324.87915
303,317.6687
305,299.31204
229,254.49757
202,171.07947
126,147.70155
93,92.941246
74,81.31197
80,65.243965
81,88.949104
107,101.82029
130,129.55675
150,176.35033
176,170.67488
175,163.7881
185,164.46031
222,182.7004
212,216.84523
199,212.62999
173,203.3901
201,181.07237
230,221.80435
253,255.17809
278,269.5155
305,290.21933
357,321.00507
365,326.57214
250,274.50027
239,212.91666
125,185.65384
85,85.568825
56,61.7476
54,57.083916
75,61.937477
86,93.3153
156,108.70424
177,170.04814
204,185.08841
158,190.6421
134,167.24754
187,163.95444
176,191.79355
166,185.12927
157,172.47392
202,187.96521
237,238.4796
296,276.37152
298,340.77438
375,334.17242
421,426.28003
409,426.7199
300,337.34018
217,227.56627
147,141.59123
76,89.115425
51,52.768764
56,55.941856
70,62.236053
79,100.64469
149,144.47427
188,199.28522
204,209.97395
187,176.10838
148,166.77528
142,159.12135
162,163.74268
149,176.29977
162,160.64745
177,183.71399
219,231.52673
286,296.40936
346,347.67487
404,436.6563
602,479.18823
618,538.36945
444,488.6738
367,327.3214
210,225.65575
160,131.85855
107,105.317055
110,86.327644
96,85.502655
112,106.71558
139,154.48532
217,193.88216
231,235.04857
194,214.13026
197,180.94246
175,177.47575
172,178.66089
153,178.78362
166,172.37451
197,183.46806
241,239.7914
330,310.1522
448,387.54654
594,502.47833
767,693.8169
777,797.0561
759,765.9236
678,736.4351
488,549.8792
307,336.06586
190,199.83524
161,141.6486
94,111.139656
90,103.604004
119,113.06954
173,170.80913
211,190.3514
184,204.00516
198,198.08272
202,198.10788
220,202.36076
214,209.49828
215,217.09027
245,232.08952
315,290.18216
438,383.76932
529,510.93582
533,616.8899
585,660.65234
848,756.8771
1100,953.78357
1172,1124.2628
1388,1181.0201
1027,915.8367
689,638.6538
349,373.47116
128,140.43045
92,106.11497
98,113.619415
119,134.85017
157,178.75153
220,205.07022
303,249.39378
322,319.07925
281,325.55423
313,304.752
382,339.92126
426,408.09927
489,472.9266
539,552.53107
633,643.1958
741,671.13696
765,788.91113
975,893.8034
1093,1007.2843
934,1181.9016
1088,1031.9164
1026,1021.0221
760,693.66034
407,390.66275
178,192.9849
140,124.645996
146,123.22471
146,142.40813
186,176.0626
218,231.06146
279,250.043
262,293.28854
262,259.21454
279,266.76288
343,295.32983
313,336.58005
363,330.64392
359,367.02478
403,340.62802
313,397.0928
343,342.57788
346,328.19855
237,291.6075
227,176.64983
137,166.33722
88,96.247856
84,76.2962
66,76.27435
105,81.144646
93,123.44948
127,123.2681
152,163.0074
168,168.93083
144,161.73662
168,156.29468
162,184.59195
155,174.17458
180,170.87405
173,181.93872
191,178.95079
248,229.03781
243,266.7624
255,267.1536
294,264.93564
408,328.23898
326,364.91534
240,249.78883
181,168.01163
103,120.29397
57,66.40031
41,48.6021
47,53.111485
56,71.641426
87,96.23004
125,140.7607
190,176.92534
212,186.65685
156,163.8893
152,154.75699
150,162.4437
134,155.28618
146,161.31667
152,159.68791
168,179.24043
198,221.86078
321,272.82126
305,350.53043
358,362.63477
519,435.66302
482,470.83594
328,360.76825
175,227.24757
125,121.94503
80,77.27805
57,52.285007
75,55.494106
85,67.26301
115,106.033966
156,147.95285
187,208.02345
288,203.33948
197,207.38393
172,171.98357
170,164.90973
167,163.61935
185,171.26747
128,175.14032
189,160.16183
198,224.57661
302,285.3209
362,356.67462
436,433.6551
603,539.28107
539,570.1233
497,458.23346
301,348.82053
205,193.20084
148,141.0678
129,104.58261
89,106.52029
111,93.02654
125,125.09808
160,159.07957
228,206.6349
235,248.38928
178,217.83337
181,182.37727
167,181.90218
182,176.1032
168,195.18845
197,170.77316
183,206.90862
209,223.33467
328,291.34338
397,411.0731
433,466.82382
626,596.7167
660,703.8493
681,702.7653
522,657.6889
474,455.23676
296,341.29968
179,211.39073
164,145.7721
103,109.81887
124,107.48258
126,136.73912
177,178.75763
171,209.32141
178,179.05864
184,187.51553
187,190.2482
206,204.91058
174,210.62038
196,200.67401
198,221.19261
251,268.9231
364,345.55063
462,463.7099
486,521.36755
567,604.1679
696,741.33984
990,841.0855
1107,1027.2439
1156,1154.8948
986,923.9892
649,642.35803
324,358.09433
144,146.85646
103,115.42203
112,107.862175
150,136.95056
176,184.14104
223,212.34375
255,253.8193
254,282.71384
335,278.73743
321,336.19052
362,349.95203
389,379.32678
442,436.77396
491,520.77826
591,564.1923
607,661.1931
659,695.4285
805,780.9993
925,937.149
963,1048.6649
1211,1031.9164
1010,1021.0221
735,679.4664
379,383.77365
134,189.80449
128,123.63781
115,130.39708
155,142.2365
176,186.15135
230,219.3353
270,261.78967
259,274.09653
320,266.2537
288,313.92422
268,304.20346
309,295.6981
297,324.0919
332,327.12213
328,330.39005
283,322.2439
332,303.03125
311,323.82074
285,243.17879
187,202.63239
151,132.44894
93,103.66601
74,80.91262
85,74.2581
75,95.64074
98,114.69636
118,130.97173
144,158.46733
134,164.48817
151,144.12027
129,159.26576
164,157.04068
177,176.5238
179,186.60155
178,178.40211
169,187.96669
193,213.42413
257,233.38815
226,265.75803
202,257.7191
268,260.90222
251,285.0924
221,216.80853
153,167.00542
78,100.01636
56,54.158405
51,47.983463
78,55.256348
74,75.96485
102,95.09426
114,144.18248
143,165.71863
180,171.72964
150,157.82509
131,143.03214
154,149.18475
174,162.84624
187,179.8665
181,178.82706
169,188.89
189,207.62762
235,262.7021
317,279.18646
314,362.32535
365,389.97293
408,384.82617
303,325.0109
206,196.26581
159,125.33386
99,89.86226
53,62.12295
74,59.942287
77,75.729866
77,112.50379
106,132.10127
115,162.34915
151,158.07927
146,161.21675
169,152.53572
151,164.38425
196,168.60623
179,199.11292
177,180.49086
196,184.07788
187,218.63135
252,256.91507
379,312.27023
322,435.07245
276,407.92975
352,347.0439
394,369.6928
446,382.7684
437,336.8053
377,293.96445
253,248.09944
148,161.49951
103,104.45134
69,109.7752
79,76.07318
86,91.09734
105,90.582214
98,112.73238
154,124.82592
174,163.25668
130,190.8281
131,157.85306
172,154.02972
198,201.49902
229,213.43793
274,267.00943
199,310.81458
180,183.29672
182,201.41542
223,262.778
195,272.79465
160,241.63318
116,205.92145
94,157.81581
60,142.62334
46,126.840805
28,85.63847
43,74.37316
43,97.803665
53,113.54678
89,106.8154
118,123.23277
130,148.05542
170,161.88889
183,181.73325
183,189.75684
193,199.2351
233,223.22394
250,290.29056
307,333.9023
311,366.0236
306,359.40546
338,363.99896
405,459.00662
500,434.0366
477,624.2251
545,686.68567
503,480.93683
408,389.45413
238,243.92903
59,126.35615
59,73.34391
66,72.21451
76,88.31373
118,124.555626
168,154.33583
166,202.82733
188,198.38878
183,218.0474
204,217.5722
271,242.79617
263,324.55386
315,325.9226
383,375.33978
337,425.6587
379,388.52957
442,477.87497
568,558.80554
591,671.0746
667,665.80237
698,759.00867
643,716.8615
489,533.427
267,304.53818
114,148.85901
112,105.284935
114,108.173546
115,121.286354
139,147.9572
160,184.44102
220,189.92532
218,235.14946
262,229.17043
249,262.7638
238,266.2556
274,260.07123
267,298.03076
298,304.11462
259,294.48166
270,270.4086
348,301.25833
243,333.26553
187,212.69606
298,212.42845
162,180.70512
125,95.08419
99,75.48187
69,57.574287
56,43.228603
61,58.609318
53,70.81054
89,103.90448
106,155.65106
212,160.82993
272,281.7381
292,301.8907
351,312.52643
356,364.74118
359,366.98508
486,405.47452
493,492.8508
516,485.30045
428,482.8579
396,385.9324
415,380.0436
397,414.9047
358,359.4244
313,273.66428
449,242.19221
69,232.46953
65,71.19199
83,62.25213
134,62.30784
104,86.14721
96,95.54827
98,113.4404
132,132.1515
177,194.97314
232,232.07663
234,269.5202
270,263.82193
259,292.15747
263,277.58023
319,303.06342
370,344.60397
401,366.56497
386,354.77475
337,324.8183
311,311.10788
231,267.42587
175,189.11055
106,100.20522
44,53.146122
23,26.33288
30,23.955248
37,38.125664
79,45.019848
102,94.2563
144,129.6083
191,177.25948
235,203.81735
307,246.73328
290,329.51157
320,307.43118
382,348.81317
386,406.5087
413,418.47675
473,473.1589
640,638.11145
652,699.4115
765,717.03674
1063,945.4981
991,1093.001
730,605.9533
471,491.84503
357,309.35687
188,210.9547
105,118.896515
66,63.881557
72,50.463108
68,59.551296
83,89.67906
136,148.5086
185,211.9506
239,230.77533
253,283.11404
319,316.65
371,348.7334
424,402.79105
437,457.92865
467,469.23044
533,547.05273
720,680.42474
721,724.1601
819,827.3102
1122,1033.2065
1054,1148.8959
731,810.0419
545,557.62054
368,395.42212
238,237.28073
179,142.73192
75,102.29547
65,68.364296
74,64.570114
79,97.61005
158,144.65738
195,220.75006
223,247.56787
279,272.4999
349,337.1253
447,396.19604
473,482.93246
495,502.93527
539,529.3105
590,604.82935
726,706.5389
755,753.0732
953,869.1409
1092,1199.5183
1169,1155.8065
942,812.802
647,663.25714
435,457.34634
240,262.41428
154,168.1511
79,90.16808
79,74.71711
79,77.524895
115,115.50379
168,187.0594
228,229.92693
231,261.84222
282,289.25974
412,353.5028
463,455.20517
499,501.01184
494,539.7303
539,534.2549
652,622.39624
754,716.8951
784,730.4557
873,895.8806
1142,1025.6608
1187,1051.7733
894,821.5979
705,641.2701
463,505.08972
261,295.81213
166,175.13002
124,107.54652
94,89.41897
104,81.80789
100,116.48801
136,141.19032
179,190.62885
230,215.76385
261,267.79703
332,324.0146
356,363.21622
412,401.95422
396,442.4799
463,430.0658
531,497.65515
584,549.3715
588,585.15717
563,576.4325
599,566.83997
577,583.5054
587,573.7071
469,509.05444
357,343.56165
159,211.78995
103,95.84082
61,69.95452
33,49.88711
42,35.98466
52,56.814594
67,68.16851
104,111.52503
174,161.98537
249,230.56506
345,295.794
336,352.09808
345,343.55695
378,362.3884
414,385.2946
452,456.52203
575,483.9906
505,566.87683
475,485.74838
389,432.9922
458,411.17252
596,472.17255
427,476.35388
326,328.45612
338,245.181
161,159.48404
145,89.415695
125,87.72941
68,80.7168
66,65.639366
93,83.586334
138,117.71664
175,173.40791
261,230.4455
349,298.36853
394,340.25418
340,368.78384
607,335.37512
489,475.162
481,465.0734
501,457.54025
385,457.59464
320,347.07764
306,288.6145
324,293.79733
280,264.63635
196,216.5143
111,109.33945
89,50.664486
52,40.75207
36,32.986996
39,38.916405
51,52.134636
69,83.56892
124,119.65015
155,185.42929
198,191.98419
210,235.13742
319,278.71597
431,334.434
526,450.63055
407,585.7144
433,457.49185
512,508.87717
644,668.90076
701,678.8297
777,757.3888
1057,951.7931
1075,1045.2357
682,771.13153
510,496.67648
310,370.16196
171,221.01556
132,115.099236
49,85.87044
49,48.90278
49,47.955933
67,70.51287
163,95.684044
166,204.78104
199,213.77678
205,234.6045
212,281.17963
204,279.5595
244,248.60664
316,294.09424
284,350.96185
342,334.0165
549,363.5593
740,580.242
781,803.56885
1011,822.5655
1061,1048.6985
710,833.5557
529,552.9694
352,384.5183
220,216.04318
125,155.56143
67,76.08071
80,61.06096
48,64.18789
87,82.52858
164,161.76619
222,217.34381
210,240.56271
288,252.46198
312,319.03976
343,343.686
432,372.27982
475,449.65143
478,486.40353
566,530.48584
680,690.72675
711,751.23083
887,846.78955
1254,1086.838
1375,1155.8065
919,836.9825
727,634.07043
444,484.36145
224,260.63513
159,151.03734
86,92.9248
73,79.551994
84,71.78673
112,117.68524
147,174.889
234,218.77975
257,258.0475
322,298.23996
413,378.43112
483,426.60532
458,500.41077
554,501.64996
552,553.9325
643,613.5674
753,694.22314
798,735.2691
851,873.70874
1110,1025.6608
1155,1051.7733
1029,827.70483
689,701.9096
475,472.53952
263,304.34665
152,176.27011
89,104.59383
100,76.06908
103,92.91665
105,116.1136
146,142.46199
193,194.36777
238,222.54315
258,274.18384
320,318.76178
371,362.22864
427,409.14273
477,448.69095
478,491.34082
567,510.92322
580,587.4113
625,585.15717
589,625.665
528,586.37146
620,529.80835
610,595.0196
533,521.0695
340,375.55505
172,206.18723
119,109.58712
58,71.27147
56,41.829758
33,46.876926
60,52.06544
72,71.263054
97,107.8413
164,155.72993
227,226.65819
285,278.46484
355,310.73428
424,376.1379
347,427.83896
420,367.20682
500,458.50134
546,518.069
516,540.6578
558,491.37802
539,509.72183
451,502.63055
535,474.8865
493,450.58102
349,330.492
322,262.98846
160,166.77202
91,88.97481
87,69.791176
61,64.68499
83,65.305374
104,90.66518
119,121.1325
177,171.99423
266,228.83594
309,301.8158
325,317.91965
318,322.60742
343,312.91205
397,344.88577
413,396.661
404,420.92822
410,386.10004
359,361.1417
334,317.239
334,311.39056
223,285.81482
188,189.77167
98,106.06564
44,51.256077
30,27.37853
28,25.676615
44,38.09741
44,55.56588
62,82.005875
114,122.678955
182,176.55322
193,209.73447
223,231.99821
322,285.24542
343,345.31668
384,376.73184
415,413.65735
411,453.24072
486,482.3146
654,608.9584
673,731.1027
783,745.09546
1150,1069.3186
1083,1034.6088
722,741.1747
571,497.31558
391,366.0678
247,232.0282
131,135.7217
90,70.73965
48,57.189373
55,51.326275
62,78.46905
134,127.852745
158,201.91087
216,208.78781
250,248.52864
348,322.0035
403,379.64294
409,424.34668
429,453.96506
539,468.36685
617,585.23444
703,732.1224
834,720.1478
878,867.37006
1181,1081.015
1079,1110.6461
772,761.4066
581,565.58105
447,399.33017
249,284.4274
148,163.75
92,90.61017
71,66.33434
68,56.86856
119,91.333206
266,164.66563
369,268.4402
295,301.8737
336,299.62793
367,376.53195
402,407.9454
455,449.62494
472,491.7684
491,530.0973
641,595.45215
714,769.1569
768,761.3916
852,883.1749
1216,1092.0479
1319,1155.8065
877,889.2241
612,691.47394
456,429.42746
280,276.18884
185,166.9158
109,106.60863
72,82.24363
72,80.451195
90,121.779785
153,178.46536
207,245.5856
182,260.07098
278,263.89963
377,355.7584
390,423.07834
497,441.81512
516,536.01404
531,552.6874
642,625.09845
705,738.3235
711,734.0254
854,833.8258
1054,1025.6608
1228,1051.7733
864,832.7479
654,655.5063
405,512.5937
258,263.62778
148,168.54222
98,106.00554
92,85.10791
80,90.971405
106,101.99688
133,146.60991
173,185.60101
192,207.77061
249,245.42433
309,311.67123
355,346.49426
402,403.1737
437,431.04272
412,452.0966
543,475.7735
626,575.12225
531,628.5542
542,520.9072
563,548.9371
635,585.625
537,622.5667
435,447.0259
301,341.79575
161,185.01657
77,112.475464
64,58.47547
54,56.758484
47,45.47041
70,59.679546
63,77.57087
89,97.82257
157,153.78502
224,222.79279
287,283.7862
320,325.4398
347,350.7235
353,367.18097
418,390.91046
421,465.19913
486,481.74652
476,501.5989
527,474.97333
440,481.59537
379,426.1867
443,406.91794
490,381.6435
282,331.05255
179,222.84929
74,125.34194
47,65.45976
42,54.896362
28,55.716717
55,65.206894
84,79.901794
104,106.862144
194,158.68903
237,247.2853
292,290.75092
338,308.67285
329,335.8059
327,334.6896
356,342.25275
392,375.8655
365,403.68835
431,361.65268
361,377.43204
313,326.01233
271,304.46365
264,244.53435
175,205.22412
107,100.81888
51,50.997345
23,29.751766
34,25.428116
27,37.37436
36,43.69894
60,67.06074
89,120.78422
147,167.65506
194,198.27084
226,228.4004
281,296.1453
278,326.55914
340,335.74347
369,382.96
399,410.59467
481,463.5329
534,612.78644
500,603.2065
610,563.0153
800,882.15845
795,912.7945
531,675.9569
406,405.67828
220,284.461
129,151.87938
87,87.93731
65,56.865524
45,48.129013
38,51.420246
71,68.1004
107,123.64665
167,171.35033
167,212.24593
229,221.64784
279,301.74695
318,326.11533
376,377.3099
410,422.02118
523,449.22488
635,579.2332
671,726.2543
656,671.6915
752,722.98285
806,933.9058
802,922.7938
601,660.3613
338,480.17972
216,240.31203
103,141.03925
65,83.28605
63,58.706753
40,61.47766
42,59.02897
49,81.66948
76,121.35264
94,159.16449
149,147.5197
188,204.77463
250,259.6566
263,314.16763
294,337.44934
325,361.9847
329,398.087
356,404.75787
375,459.32767
376,405.98563
687,443.81436
438,879.81744
331,582.603
313,365.55655
214,283.30292
146,104.596054
69,54.0026
57,32.72057
30,63.99695
24,43.997402
27,40.54087
30,55.853264
38,68.40897
30,70.69687
40,73.83018
62,77.23549
121,127.23059
101,84.21349
124,108.574524
172,62.06054
262,147.32535
308,232.69792
349,315.9876
360,267.32803
306,303.96823
327,484.33286
330,492.35016
313,289.4371
192,219.91104
72,122.30827
37,50.283123
29,44.39
37,52.108387
32,59.546448
31,63.81364
55,68.98547
60,98.86791
116,120.74944
176,139.66515
229,203.95845
354,274.24307
330,344.7362
360,348.37848
348,382.44318
396,378.0068
459,439.15277
463,519.5645
530,478.4977
456,523.6084
468,435.26254
444,452.41205
339,457.32327
368,339.62335
215,260.6559
86,140.32065
47,54.4007
37,46.74625
54,40.96307
45,37.066372
48,56.97481
80,63.655483
100,104.17442
187,155.8357
242,237.49524
338,296.1343
319,354.49402
349,343.60217
304,364.3427
339,350.40964
446,387.91058
479,506.3888
478,489.61652
482,472.24063
445,448.90857
384,424.12534
436,396.68216
392,376.82568
231,271.53882
102,156.28041
56,58.07044
41,52.70415
44,54.155025
45,52.654663
63,61.206993
71,87.44733
99,104.51716
143,164.43953
260,208.46658
392,306.92468
438,372.5367
419,415.37823
426,378.5405
366,411.9559
382,377.99072
372,397.21375
336,367.1875
347,316.24088
275,311.2456
264,283.41574
195,254.60612
144,170.1525
201,187.82356
183,145.69191
176,125.22998
130,100.22131
90,82.92206
55,65.211624
78,71.39136
97,98.19741
118,135.18315
139,162.67413
230,190.47508
255,250.99469
266,260.44067
242,253.66145
197,232.20314
230,207.64677
279,254.89418
279,306.3212
290,302.2521
307,297.02756
279,285.57214
260,258.92484
267,249.50253
236,236.2024
218,191.40292
345,155.11687
82,176.87633
82,75.735565
77,80.036964
104,60.958782
92,88.20364
105,98.26576
107,124.14367
159,149.14616
176,213.36812
228,215.17278
223,239.69946
196,218.23882
230,198.8027
170,218.59654
216,197.23029
206,220.3532
224,214.2739
234,219.53188
226,218.9263
184,208.60294
139,165.23647
113,118.50157
76,75.573746
52,50.798817
27,35.476135
42,28.216385
55,48.515377
79,67.222404
106,96.71764
138,141.06718
185,178.04768
184,183.80232
205,186.96068
210,224.27692
239,221.70065
247,249.86497
255,258.48257
280,263.51013
292,310.77182
452,385.96527
410,465.44934
544,419.84137
684,708.2845
545,549.3766
349,398.748
263,246.08037
178,165.49593
93,102.78124
61,60.63463
42,39.17927
39,46.60326
56,52.648228
84,86.32464
140,137.22675
194,201.43034
171,196.43475
153,187.14395
203,189.4151
217,223.55783
230,241.5333
276,259.5331
311,291.5556
311,340.56665
474,437.36636
467,485.0262
532,512.7248
724,765.3824
569,618.21155
456,415.96188
300,316.05197
212,202.96962
118,128.76582
83,74.56221
39,51.822815
47,47.754833
62,62.58951
107,98.799576
168,159.758
196,216.37946
184,196.22879
181,177.30028
226,214.32014
253,244.34837
267,266.5963
270,294.014
321,308.70547
353,370.0428
478,473.51752
488,499.4193
616,505.63596
771,848.7394
765,625.52234
480,528.88086
348,345.72
242,224.01079
134,140.145
79,82.80398
42,51.794456
62,58.51619
56,66.61243
99,106.73997
282,172.00642
272,274.6983
234,245.35103
199,214.1634
239,231.69055
308,264.6591
305,306.04245
319,311.2027
334,332.0738
379,377.62567
497,464.3942
500,497.34277
557,525.9384
759,723.2364
712,682.3166
528,532.352
417,402.96082
245,282.26178
151,160.70572
108,103.8551
94,73.56638
111,83.97291
105,86.55411
129,124.973976
162,180.22821
158,205.96306
204,194.91916
207,202.01796
226,224.19691
250,245.9537
238,256.2444
283,250.1116
253,286.35352
396,296.86337
363,418.5726
427,382.42697
346,407.89813
392,353.92746
350,365.52713
366,324.0673
289,302.21124
198,226.9753
130,148.98169
64,99.95235
64,67.62619
35,59.32562
38,53.55675
94,66.42281
93,105.43924
112,127.218994
180,169.19212
224,217.66714
241,247.41022
232,254.70769
223,232.06354
203,218.78738
188,212.8755
237,224.29501
268,272.16766
330,294.70267
299,319.83337
233,286.19675
203,238.14893
293,226.98576
243,260.38306
208,193.93552
174,144.41006
106,97.73516
85,79.41345
78,64.986305
59,57.750805
77,74.39412
103,95.59402
123,124.10391
193,171.48618
253,212.77771
236,253.77162
220,232.91447
200,212.92853
265,208.72348
235,229.38864
270,228.0001
242,251.62994
267,238.35916
241,243.28073
180,221.65889
163,173.20871
147,148.71399
104,114.09065
89,73.74185
36,48.383976
22,25.705217
26,27.93731
45,44.3819
66,60.82746
73,92.687996
129,130.66536
151,176.55753
185,177.26753
183,198.92923
212,204.16916
257,222.45782
284,260.72882
270,291.17044
254,282.40622
287,289.22095
430,382.39346
433,436.37872
437,455.71225
677,685.77155
588,548.40906
450,404.8829
306,264.1611
159,214.45587
105,99.36202
52,73.09711
31,44.45838
58,39.24278
49,50.46832
82,67.31198
154,111.164215
176,180.05951
155,199.47186
164,175.29042
205,199.12639
212,227.54803
234,242.32411
205,260.05963
241,233.27086
306,280.1731
413,369.75494
441,441.7796
480,459.47296
767,686.53546
647,612.5204
528,454.81308
321,326.852
199,202.05309
108,121.56521
65,74.660095
38,41.020332
38,51.52617
85,60.74366
84,105.44633
164,160.06383
209,206.43439
218,195.86324
165,193.10703
247,203.38138
237,251.7765
248,256.23236
263,267.58133
302,284.45016
323,355.60117
455,434.8986
479,488.73306
532,492.053
792,778.11633
708,735.5925
500,513.33563
318,358.72485
192,222.68086
121,119.626816
88,77.77515
47,53.015366
43,58.665306
59,64.436325
102,101.614204
168,190.52095
193,234.47266
228,223.63257
220,206.85002
265,240.62704
266,277.6226
285,283.72772
321,298.98352
362,335.75787
410,384.18625
492,492.95615
544,499.8643
666,537.9457
792,762.0781
631,694.2625
516,504.0064
363,389.54
265,250.74406
120,168.29291
104,92.42056
83,83.952995
78,89.832054
80,90.09458
126,118.84777
152,158.13676
197,183.56778
196,202.94173
181,202.79413
217,213.27547
233,237.63374
270,245.9467
262,272.09134
264,266.28613
332,306.8557
396,381.41083
408,411.04193
411,390.51355
357,406.43076
343,336.88013
354,328.78455
286,293.68793
197,220.79173
107,141.64746
93,84.033134
52,70.4593
41,55.6316
59,53.46726
75,76.62734
77,97.51444
111,114.2185
215,171.36084
237,227.456
242,250.97551
233,253.01924
236,238.49857
186,230.41475
206,204.17012
215,240.44672
279,252.91856
349,301.5827
320,331.77188
285,301.7231
231,265.85834
264,255.74811
261,232.31723
196,202.25493
159,142.6065
107,99.19512
95,75.59571
92,69.111786
69,64.12064
101,75.283035
111,103.44013
119,125.68756
190,177.1218
226,230.08685
226,240.67845
220,228.57599
197,213.95276
196,202.57098
200,199.3692
198,209.46936
229,209.19334
255,230.68051
216,235.61838
175,203.63545
175,172.54391
148,152.71263
109,113.966484
49,74.46822
37,33.37326
25,26.133545
25,28.364368
38,48.378426
47,66.07253
75,79.82055
165,137.20041
180,192.51424
184,185.9072
180,198.19972
217,202.0046
220,231.35393
288,240.58485
260,286.97064
280,275.9287
302,301.67697
426,401.01932
423,441.06726
469,434.7758
797,695.99036
585,660.5004
384,420.82352
284,256.90643
157,187.0523
101,91.704956
72,59.808945
31,43.40069
30,40.751053
45,50.35453
81,80.429886
144,148.25603
183,198.15915
162,185.81448
210,171.12166
221,220.53188
233,230.41469
265,251.76218
322,281.2881
317,316.31485
402,346.8876
506,504.71408
549,492.7262
500,549.4929
862,768.656
746,703.2137
459,498.12128
328,324.14233
228,204.0307
123,130.58499
74,82.42207
37,44.042797
49,45.677803
78,61.638443
131,103.214455
233,169.98373
332,241.23648
284,248.38693
235,234.0911
305,247.50398
282,287.32272
314,290.1427
320,327.49304
397,338.96347
391,425.72775
568,510.77313
488,560.9745
538,500.18967
890,758.0698
827,805.3134
565,561.0156
330,387.89404
223,230.78328
121,136.25806
68,80.55031
52,47.96908
70,61.90838
86,70.50595
102,116.70494
167,211.31648
263,258.69638
215,252.98889
194,224.01895
265,240.08751
245,289.7753
282,286.26245
319,308.11716
313,351.6305
346,380.54297
527,455.4688
519,524.8318
563,540.21124
857,786.5722
632,778.2227
494,516.0858
419,378.2533
236,278.09558
159,151.8567
123,106.396614
91,90.54265
77,101.97256
118,96.92435
119,130.90434
140,157.26903
169,187.76395
194,192.55086
198,194.79597
214,218.0319
225,230.26128
248,242.01596
235,265.64157
288,255.16447
318,321.49893
397,367.80743
377,417.93118
395,365.5511
333,405.6592
289,315.4703
277,300.45273
243,264.40234
203,203.72813
148,142.66476
72,106.15487
63,64.409546
58,51.124126
49,59.035225
57,73.626755
82,88.4128
119,112.432594
166,174.83978
210,211.59325
212,238.3588
227,229.94263
199,239.99063
170,210.39943
177,193.27153
215,217.98131
284,252.91856
285,313.00552
307,296.34274
249,294.27444
250,235.01102
272,252.84383
226,240.81158
182,189.13681
156,146.24193
86,101.22547
51,75.45582
47,63.897213
42,57.16071
50,63.15939
92,81.49189
118,119.71222
170,160.57272
213,211.05994
224,224.8666
224,226.27937
192,212.19673
178,198.22414
180,180.078
188,195.71925
223,214.30075
203,234.10204
201,203.27077
167,184.93173
140,167.37071
135,140.90115
101,106.32105
83,71.66603
29,44.036385
21,24.290686
20,24.886137
32,43.63623
32,58.078983
73,70.706406
104,129.81102
133,168.45528
157,167.0222
189,176.0544
196,208.95056
201,219.10777
212,231.59778
221,242.74792
226,242.75739
280,258.33228
326,380.68582
386,380.9965
394,438.20367
565,629.3764
423,536.72687
281,351.0026
241,227.29318
146,153.7434
90,88.616615
57,51.200443
38,32.37325
53,38.96613
37,51.34217
66,77.81519
127,124.02621
134,175.85313
154,163.91122
184,170.68565
192,201.83765
186,209.06909
195,221.93185
229,235.15634
271,254.82242
390,312.37634
446,476.63208
429,460.90417
456,465.06384
551,676.0216
481,568.90076
336,395.84885
209,272.58267
130,158.42914
54,92.52741
47,56.833553
28,39.44818
41,49.163017
49,65.9321
59,99.35198
94,132.67818
109,163.07736
157,151.74988
166,179.04416
172,204.11293
181,203.37332
196,220.09856
170,235.05888
185,219.88518
200,257.93866
189,290.8001
211,265.4438
273,239.33981
232,416.0284
182,272.42957
165,210.46008
147,153.16183
101,92.49673
55,74.845245
49,64.98819
48,47.172565
53,53.05987
54,54.64582
67,74.32429
76,80.63778
70,87.516464
59,77.50432
89,74.99997
119,100.58826
128,121.85852
127,113.37711
118,105.09901
158,107.76323
176,166.62138
196,194.96384
183,187.07204
222,167.14688
245,214.96268
239,171.87111
201,174.15808
134,129.11606
83,109.46733
33,66.14187
20,53.878487
22,63.21237
39,64.68063
31,75.69379
45,98.30479
48,110.627754
99,110.53424
143,133.90736
186,167.80443
181,191.2919
196,194.54787
178,203.80104
187,199.56502
155,206.3221
198,181.1401
208,256.815
271,251.14246
246,300.5542
202,286.1728
207,216.73611
176,239.71559
149,168.83545
92,129.16168
79,64.1859
49,56.887325
45,49.292164
48,40.96425
60,43.05666
62,65.45993
75,69.86513
98,102.4744
150,146.88463
194,199.67448
231,220.34877
212,235.40918
194,215.16843
182,198.8276
213,182.81796
197,221.2772
260,230.47867
246,288.7115
278,264.9939
230,253.98308
201,218.73444
174,213.61206
180,168.44345
126,146.03087
71,90.19976
53,53.850334
66,60.02347
59,63.349304
47,57.208202
58,66.410675
80,81.29992
101,104.08009
122,146.6037
225,171.28401
277,236.37637
273,256.9084
270,242.16368
299,237.59462
231,262.4738
264,219.18402
264,258.64914
237,252.01013
219,215.81279
167,191.80621
240,162.69852
119,188.91086
74,101.69825
226,221.44939
224,162.0194
177,140.5647
142,98.3242
92,83.75919
64,69.52804
59,69.56227
91,94.30736
117,144.46832
139,183.91144
214,195.22435
293,251.86377
302,295.28983
375,311.6884
345,353.98264
321,327.70786
393,346.32318
384,417.53015
409,411.01312
379,396.98135
270,331.48184
329,283.49948
401,323.48184
276,306.41418
258,237.86769
338,177.44386
75,194.2131
62,81.83577
103,74.92948
158,80.24883
102,98.29323
97,110.51706
79,129.44893
96,109.62839
146,142.25243
147,195.9391
196,182.42047
215,229.44162
202,240.84647
238,234.9871
271,264.61932
275,291.87354
323,294.18396
329,277.12378
295,261.88504
308,263.35336
238,280.58347
164,196.09515
108,110.592064
55,66.44269
35,37.292294
38,28.793331
55,58.09998
103,70.82797
129,113.71507
166,159.48532
222,202.9211
206,195.36533
255,201.36577
308,227.90851
281,282.51538
265,271.4958
271,264.18906
280,266.97183
290,297.12125
359,362.89273
398,404.52896
490,376.21533
583,529.2775
472,487.49283
335,371.98907
232,225.88954
160,165.35318
75,86.17905
45,46.284496
35,32.824234
52,51.40999
79,69.13402
125,113.45059
197,191.47514
250,256.1175
209,237.3733
225,225.25603
244,250.23161
255,250.00008
288,259.56653
264,292.20786
276,278.9798
320,310.5884
411,393.49854
440,448.0363
448,428.26013
630,646.3665
500,569.7984
455,383.00204
276,285.92587
231,201.18047
99,121.803345
56,64.209724
48,39.296864
61,51.137688
85,78.97318
125,117.56683
186,212.24037
299,262.79694
252,251.18947
204,240.20164
231,237.01775
229,249.5874
290,258.63223
268,296.80157
273,281.8487
317,317.39163
393,403.81958
455,440.05396
445,454.0861
678,621.7305
552,575.96643
454,457.31363
292,305.09393
194,221.6831
128,120.60833
51,78.46257
34,40.50104
64,56.626545
71,92.70629
130,125.73205
185,211.8466
285,286.34723
271,273.592
232,255.99327
284,245.47983
306,285.43524
282,310.3959
329,296.13675
328,325.2372
386,352.29453
450,432.5374
518,479.76822
434,479.13516
625,594.3689
686,577.9124
447,554.1568
312,331.0729
221,238.7409
127,142.49796
72,85.11118
44,53.889343
86,65.837776
100,96.81769
126,127.30155
174,188.97713
197,214.54933
265,223.68604
216,241.31038
259,243.07301
286,275.11212
280,290.83618
276,285.45685
267,287.27997
293,300.36353
348,353.16855
376,402.54593
342,375.13272
332,339.5316
426,363.62045
565,408.37476
380,382.70514
310,282.0725
233,195.87193
135,143.9753
81,79.27007
64,63.773705
50,63.597656
71,62.357845
83,98.94263
115,124.94174
204,176.13756
271,238.61798
274,286.54175
292,281.56912
309,304.71597
311,306.30246
300,307.0585
367,336.30453
440,395.86694
439,441.17923
393,407.63602
311,335.93994
424,308.1182
356,417.9038
321,300.74936
268,269.29202
169,193.22736
104,118.33666
73,75.29956
78,72.189705
64,69.31658
104,75.88221
124,109.197754
117,134.14377
244,171.72084
281,270.34125
300,287.7625
316,292.58676
278,302.47943
430,275.88828
396,389.48245
364,374.83313
348,365.11377
315,352.26462
248,276.06042
231,218.22647
234,226.60214
217,225.05069
290,168.79414
234,172.42783
115,104.391
43,61.5911
19,30.543066
49,53.865864
74,67.16504
93,104.10539
144,147.87894
187,191.11057
240,202.08496
200,229.18141
287,213.45955
307,282.19205
333,297.47882
254,334.96826
251,258.43182
282,279.40887
401,351.41156
489,429.48462
427,432.80762
634,561.4296
554,514.7577
375,398.48248
307,264.41275
154,252.69884
84,109.76291
73,58.00163
38,49.27691
59,51.072968
81,61.360367
90,100.96889
179,111.744484
249,204.2408
271,263.96274
227,244.02048
223,251.525
245,246.33794
294,271.44647
288,298.06494
258,288.5843
283,284.22076
375,335.15106
453,425.90677
418,437.8123
658,573.52057
586,580.58826
401,398.78195
314,295.0998
146,213.38853
94,94.39485
58,62.705982
38,43.84829
74,60.186157
78,90.61715
120,117.08898
208,200.28061
271,281.3002
247,262.79108
214,240.4389
280,229.3772
238,269.85455
247,270.35776
265,277.9666
283,278.07254
290,312.30066
455,370.3484
438,486.29803
391,439.09882
749,540.3737
643,655.70984
555,466.73264
339,353.6865
230,213.85905
129,131.88026
59,77.078445
50,41.25527
80,61.689236
92,87.717545
120,134.80202
260,196.46748
232,316.15384
227,249.27672
236,225.0378
265,261.36496
288,272.98404
265,288.15778
248,288.13605
283,278.73376
336,317.84055
421,415.33557
526,467.35236
499,474.06943
713,643.4267
595,659.1787
557,530.6845
401,369.525
264,290.5113
116,160.26427
97,74.719086
54,65.82854
85,83.58644
105,100.77394
143,131.4234
172,208.84514
201,212.98526
202,223.28094
220,221.569
298,245.91635
243,297.49512
278,263.23062
270,279.16275
290,277.4898
337,311.6985
364,381.8337
449,415.51413
348,409.4722
347,361.5337
394,357.20837
471,408.1958
382,357.11325
272,294.7748
183,207.67145
119,132.64255
71,83.86913
47,68.09014
50,55.48092
65,71.29987
101,95.05686
119,133.6381
195,176.59451
224,233.86436
263,266.75583
287,276.63672
341,300.6346
301,333.31293
326,307.863
371,359.04562
409,403.49036
370,437.5365
463,368.6487
395,372.57803
365,357.43417
446,366.1468
384,339.85788
300,296.51868
169,197.05016
104,116.84499
82,76.254585
91,66.353874
60,67.66917
93,79.150604
101,105.87819
172,125.20247
220,213.06805
266,248.43597
316,271.68787
309,309.687
308,301.079
311,295.81683
286,300.1103
334,290.5112
320,338.1793
331,326.95786
292,285.74634
221,254.3314
233,215.57053
193,223.845
135,164.0903
97,101.99741
49,59.78492
41,39.685867
46,29.841963
54,59.226883
71,71.74908
103,103.627304
134,154.32906
184,193.0199
188,203.28975
226,205.73688
255,250.92488
230,264.1596
231,249.74443
278,249.95583
255,277.62256
251,279.9924
385,327.50845
408,418.71683
366,405.9105
643,552.4735
511,566.791
389,360.46573
253,237.34283
184,167.4901
91,93.755516
55,57.794075
37,40.827293
48,53.534218
65,76.99293
105,104.499374
205,168.79137
257,252.22627
217,238.09042
226,223.64255
224,243.44118
255,235.58916
255,265.05453
276,275.41504
284,283.74915
274,305.99423
433,365.87616
533,459.1204
439,470.62866
707,664.5173
537,611.2517
452,422.27612
301,294.7206
194,214.61877
93,107.44512
67,60.966373
43,43.60833
72,61.01529
89,85.64795
138,126.94507
293,216.37788
395,312.21695
294,299.21585
244,259.383
227,249.95476
270,243.79214
302,279.62427
270,300.05032
283,282.69504
307,309.02676
398,396.23264
469,456.1943
463,463.6836
678,655.84015
628,591.76685
548,511.32843
275,349.1054
213,208.01108
101,128.31735
64,65.20946
47,47.531628
77,65.90938
95,95.639244
146,138.8318
213,263.59323
261,303.6712
263,269.8343
239,244.2377
237,250.39154
254,260.8011
275,277.73022
309,296.093
252,314.66733
339,300.95453
422,409.79993
415,490.5625
428,424.1732
612,594.4436
673,614.2244
520,575.51965
354,342.39642
196,260.03073
126,126.8109
68,87.351685
39,54.077427
90,78.460976
86,104.225914
128,140.68579
187,187.62654
198,224.94737
217,223.776
215,227.89706
260,238.2781
253,259.73175
274,271.57382
267,284.68756
283,270.19058
302,308.8455
362,359.15942
397,415.79086
361,376.77203
333,356.2248
407,367.56274
408,433.02243
291,349.82236
256,250.28288
142,200.953
102,115.10733
85,76.489555
55,71.02454
47,53.94697
75,66.737564
71,103.64982
114,114.98609
187,175.8245
234,228.48125
269,268.1302
240,283.0547
261,275.69644
269,281.7827
281,292.9219
349,320.255
358,392.15942
423,395.62997
398,396.73532
291,335.60852
353,301.9442
337,365.0682
310,295.29788
304,268.74017
172,190.55905
106,113.12355
80,80.85489
52,72.13157
57,56.04321
78,80.95921
115,90.97167
119,127.21364
153,171.01884
251,207.3422
268,273.9224
314,273.97644
297,296.29953
285,290.62625
268,280.14478
285,294.21695
302,304.75858
333,317.5066
282,296.59427
186,250.57791
205,195.77576
176,203.97743
149,152.53085
98,108.62097
46,57.394287
44,38.081745
26,38.11784
40,51.329082
37,68.74819
70,93.11381
129,136.73947
152,185.9734
183,186.74023
200,201.41035
223,229.71465
229,241.08188
231,246.51189
268,251.80983
238,264.96216
259,266.535
294,339.87698
375,350.86414
300,383.0614
472,481.50412
428,436.1694
341,339.02707
199,235.80177
152,142.36308
67,79.318344
50,48.549095
29,36.06272
33,48.451885
48,66.171524
79,97.28421
138,161.18861
177,206.06322
200,203.67001
207,206.97403
246,220.25253
210,246.84796
242,235.76994
273,266.92993
310,275.05316
363,315.00928
334,416.55374
392,392.3499
397,391.29947
435,564.54474
417,462.16403
330,361.40558
205,248.46672
115,158.093
56,76.907074
42,50.401352
26,40.33985
42,58.73471
35,72.84349
56,106.72582
88,156.57394
119,180.5936
159,171.86974
159,194.10681
203,205.40324
208,219.90671
227,237.17268
180,258.7912
234,229.56721
239,290.04462
225,326.92026
283,288.659
439,315.37955
254,544.61743
187,261.52133
218,202.37663
184,195.71765
119,140.09433
83,91.97754
52,63.799877
32,47.88068
30,53.286945
34,55.737617
27,67.8106
17,85.279335
15,91.28745
19,80.74854
40,60.909298
60,59.861015
64,60.93111
100,69.20282
165,96.331604
198,177.98544
268,224.1344
256,256.6439
284,233.71524
245,296.4595
211,197.84993
217,172.27719
180,162.84319
122,120.66918
119,118.321686
51,93.71693
41,57.531757
42,39.704376
37,66.63279
41,74.423355
54,88.60745
74,94.50036
123,94.2092
177,154.20514
202,172.922
266,209.4716
211,238.05334
278,220.84398
236,268.67126
265,248.3257
270,291.84186
320,322.0468
397,366.51984
321,362.30722
265,297.2625
281,259.93497
282,301.80222
213,262.62534
160,187.61333
85,132.09964
58,73.179
39,64.082504
49,47.936974
48,46.165623
73,60.350197
71,82.54107
104,108.22478
178,159.86235
238,220.81676
257,271.4101
283,268.98615
290,296.5266
226,292.33167
309,252.75003
311,335.7391
311,355.4617
341,364.31683
377,351.0123
304,317.8681
276,302.07394
300,298.41913
216,267.4667
202,187.26936
103,131.59488
95,72.989494
49,71.37413
58,58.192204
63,55.66261
68,79.891014
85,90.86104
108,112.082306
150,154.77966
252,207.48816
341,271.8705
284,330.45148
305,284.9543
348,289.76846
256,330.64026
305,280.86996
253,312.57254
250,285.79187
244,243.90668
224,221.03523
216,218.08264
188,199.25626
128,152.31168
468,481.32126
572,446.7926
630,428.3541
519,392.38513
403,286.34592
222,205.04091
153,160.07121
122,162.36583
170,181.42197
214,236.6023
279,262.82678
305,320.90164
377,301.06204
385,343.15915
321,350.44434
327,309.2372
385,346.28665
429,430.7419
502,463.7125
498,510.35333
520,472.81876
537,504.9487
632,540.7101
566,553.022
624,501.18106
1083,523.36896
435,797.2973
323,373.89746
271,265.36508
177,197.86996
138,162.17433
167,139.76247
169,195.7298
220,227.1904
251,278.1158
272,298.08057
302,301.14816
271,290.0759
258,274.72647
265,260.45737
297,294.53754
344,322.01755
409,361.1125
411,382.0073
413,383.77908
421,393.81473
304,403.20746
196,244.70737
158,145.39937
130,114.6799
82,86.05372
87,72.02417
97,82.42824
122,105.19005
139,151.20093
214,193.13202
225,273.85947
251,237.22725
256,236.36557
272,260.94864
308,261.55234
270,289.5702
256,262.9724
266,258.59222
292,295.38348
360,363.55835
404,404.84708
363,412.50137
412,365.53802
391,410.29602
359,338.5164
260,249.1718
203,169.44305
116,110.565125
68,74.12371
56,56.465134
67,67.27171
91,86.212105
142,135.0076
246,234.29584
339,315.75928
302,282.19577
222,259.27863
247,243.66667
223,257.44928
271,249.2102
280,275.04907
255,280.51117
310,301.76193
422,394.1974
423,461.69647
422,422.46786
456,465.78754
458,452.3736
370,421.03958
296,295.82532
189,219.612
137,128.01953
77,87.14904
69,63.723366
87,80.3137
108,90.94902
165,147.86026
246,262.01083
395,362.58115
308,335.48392
247,258.33026
268,264.38544
277,252.99344
278,282.2022
288,287.33853
278,292.0793
381,318.2886
424,449.37567
514,473.34235
500,501.2058
491,508.07224
532,498.15094
499,464.2696
358,385.2705
271,274.10098
168,183.20656
96,109.94404
82,86.45912
108,99.100494
111,113.461105
156,161.5863
322,257.81973
403,405.75836
347,338.8834
260,294.2813
274,281.25098
310,282.3574
303,307.42087
346,314.11273
332,328.16016
367,365.59747
443,405.91376
498,459.06744
501,495.7331
603,517.6091
569,558.99536
547,546.3063
507,454.0521
419,416.58047
248,339.22775
188,193.89955
149,143.86531
145,137.49258
170,147.73206
177,183.05424
228,254.287
297,301.5876
302,297.92477
291,274.7353
307,295.73312
279,312.0052
288,287.7503
313,293.07526
290,312.10776
337,317.82315
395,388.92227
477,448.24097
490,472.03296
453,481.07648
513,479.08453
551,554.747
588,530.7941
531,499.72778
473,471.5745
379,400.16492
290,324.20203
217,227.52252
134,151.2753
107,133.71855
124,147.00014
200,177.69055
233,255.27573
346,279.12463
349,353.44183
318,329.1693
295,306.74756
293,294.23932
329,294.25986
410,364.11295
462,447.3095
507,493.39514
525,522.7583
466,506.98468
494,510.20306
583,526.98193
619,575.8906
531,559.56305
540,490.27908
419,410.4192
373,324.07587
268,264.13144
141,173.07294
117,134.14331
142,137.80003
204,186.0719
272,241.67535
385,328.65063
383,373.0211
412,349.588
308,364.68854
444,287.22043
388,396.39603
333,370.306
344,352.88626
369,361.1125
373,352.19418
339,349.78958
292,335.97028
274,282.33148
211,212.17122
191,153.41594
99,133.32146
73,73.7744
66,68.37237
86,72.84073
97,102.359566
120,143.01648
179,179.37302
279,243.68701
278,261.38373
269,254.36386
301,272.46243
351,284.05832
354,327.29846
308,346.68903
277,301.37787
325,299.70218
398,387.70038
494,424.29022
416,448.4275
490,424.01343
444,445.25812
376,370.0115
241,254.59808
189,193.01917
132,135.74814
87,96.14854
67,73.1274
86,69.63217
75,85.34128
117,109.86448
252,150.29929
237,298.24963
174,266.0353
121,213.14578
80,167.41145
70,109.97471
100,101.17074
74,131.84586
80,100.04167
71,137.43419
310,136.16367
475,364.8718
471,447.72546
502,477.8816
518,470.0337
380,434.89664
305,287.11505
188,218.26738
140,137.95776
75,89.45493
71,65.55542
72,83.138565
80,87.06356
142,128.19923
252,253.80057
361,337.00717
321,285.52002
235,242.80785
283,224.17397
248,247.68848
273,231.61125
297,270.58063
251,281.9114
354,270.4272
420,421.0923
474,475.64737
484,483.9019
592,526.35046
522,572.71674
487,480.1219
367,368.971
262,277.0388
178,179.48949
107,108.53852
94,84.83344
107,101.511345
120,110.496864
169,162.84415
285,285.64825
411,394.86786
335,347.4765
256,274.8397
294,276.86197
310,289.68536
333,303.3408
328,337.6583
285,319.1314
385,337.52136
429,428.6107
468,451.96277
519,478.50592
582,542.7814
605,556.76794
533,543.2344
434,459.81958
406,379.44867
298,335.6061
181,222.03156
169,144.67447
161,140.9674
160,154.59549
206,184.60023
266,258.27304
311,327.31036
322,303.29547
294,280.1015
294,298.6893
251,297.86832
286,272.0717
290,292.30112
289,289.1006
309,315.69543
465,370.8205
459,492.78412
448,461.7251
455,457.9906
524,486.56564
605,553.3931
563,540.70795
537,490.5012
609,469.52563
539,443.1842
406,356.58768
266,259.6455
127,162.56657
126,124.33774
149,140.76852
178,189.27205
262,241.56584
329,300.06696
344,345.55273
334,325.23642
357,315.56802
317,333.26578
349,316.17352
383,376.4836
473,440.5337
526,509.47388
592,533.2459
583,536.57947
527,562.134
573,588.20276
627,577.7593
543,561.65717
610,524.3526
533,454.4745
341,366.47433
299,263.0598
167,170.88403
152,145.97873
173,152.3596
196,192.6886
281,249.8732
367,327.03177
375,369.7294
359,360.81702
367,331.5706
346,333.3736
337,321.59735
318,343.22614
316,345.94888
380,342.89136
355,367.02365
310,341.6827
362,315.4807
294,329.67133
208,224.21725
173,165.85378
124,117.7301
68,87.827255
53,61.143597
85,78.590164
101,104.354004
162,154.67224
214,208.00668
293,265.5299
260,268.01846
236,251.0817
235,254.49307
254,263.07135
260,264.89532
282,260.29715
257,282.4028
303,284.41254
423,366.67084
418,445.93973
389,409.323
440,410.9489
448,422.9831
342,380.36197
281,247.60553
144,196.0751
107,105.85836
59,71.587265
45,56.843647
79,66.546394
71,82.369
136,131.28508
280,240.24588
362,332.49448
317,293.4576
225,256.8494
244,237.50735
260,245.48267
258,269.86038
273,274.03607
261,274.35687
329,304.71545
421,425.18237
474,461.34866
513,462.96954
540,528.41425
476,526.5281
380,414.32114
368,307.304
244,225.80678
132,149.02148
116,81.23793
93,76.722466
95,87.61182
111,89.33675
213,155.24913
367,287.13437
541,404.66745
413,404.70422
267,308.85272
347,270.21057
283,325.29364
273,285.5665
282,285.64105
307,285.2913
356,349.50772
450,441.61298
466,491.5422
508,495.79276
579,554.6615
503,552.4063
532,471.56955
404,406.88577
302,307.4877
196,191.33124
101,123.50388
68,93.75951
104,101.475685
119,121.35854
200,187.20044
310,341.69727
410,419.6276
350,368.52945
270,290.70108
314,294.84244
316,309.89484
289,314.85928
355,310.9584
322,347.0209
343,360.0823
345,418.63467
409,405.53824
517,451.0127
609,554.76685
524,578.75665
544,542.3812
491,462.3694
410,418.9918
273,320.18295
191,191.40747
141,155.31311
151,148.32733
127,153.67188
194,185.59479
251,265.2667
314,314.47202
268,305.4149
267,280.56134
324,290.75003
270,314.95938
255,278.9704
273,277.84128
255,285.726
318,297.69763
327,378.94623
407,402.15872
453,446.71085
472,466.04138
469,503.88193
440,519.0681
561,495.76
504,532.5131
496,484.11606
390,437.43542
291,348.64862
208,241.37343
118,140.17056
125,133.298
115,141.4039
180,179.0317
230,236.07704
296,278.2424
326,332.16763
286,321.97824
316,302.92282
278,311.7921
294,289.75952
323,338.22037
423,381.41318
500,473.40378
524,510.95123
476,522.907
501,499.2914
601,535.96686
564,595.7986
463,521.012
497,465.33023
414,409.98724
317,322.70453
231,248.80711
143,150.3599
136,136.05124
129,147.84944
181,181.38008
245,242.12164
271,306.10284
328,310.7887
349,316.2843
318,317.66068
311,301.26743
324,296.95026
346,327.58893
297,362.6483
322,336.20483
298,328.0101
315,304.5469
314,324.39493
241,294.6465
183,204.1443
144,147.85397
67,106.39103
76,63.537746
83,64.63151
60,92.044136
68,98.61118
113,142.14235
158,202.87439
209,243.98431
249,238.16537
231,243.23634
232,252.63672
231,261.13623
221,249.27693
260,242.84137
211,267.28403
263,260.1378
324,337.02554
356,376.22562
308,353.88803
332,351.17715
359,378.42627
292,330.41632
224,233.70937
165,165.48734
76,104.130745
66,60.753143
75,57.6671
70,74.757835
77,76.068756
113,130.38843
148,208.8213
224,250.82484
216,248.6864
180,225.05026
231,214.31972
210,237.26328
237,228.98466
215,259.21463
259,230.4135
297,295.6618
300,371.81613
357,358.47104
416,379.84256
448,449.94293
430,443.06903
425,384.43338
296,301.66232
198,201.72292
123,132.48146
90,80.08618
70,74.45539
59,83.5488
80,95.79123
102,147.21333
119,203.84834
156,235.3082
173,196.99191
187,200.67415
198,220.26723
237,225.29251
241,253.08472
225,249.87108
211,253.9962
223,273.85742
263,292.45807
350,312.95316
533,388.15546
363,533.8486
303,419.182
308,343.23694
280,296.3388
284,252.01945
203,212.01904
128,140.57797
111,103.14785
72,100.14946
77,93.047005
71,114.37742
73,80.33945
58,104.25953
64,98.52991
81,68.78981
115,81.2073
134,107.130974
154,132.67091
161,143.44612
194,159.34132
213,193.96034
268,181.88475
325,275.49713
321,348.53787
355,306.15213
265,347.1159
272,244.53172
207,243.58682
165,165.09097
166,170.50774
124,142.76442
116,127.48638
93,130.77596
63,135.20966
83,144.65768
86,160.65569
131,159.34607
177,152.0662
250,196.21191
226,255.97476
246,223.04128
254,242.03171
261,250.14517
264,262.12836
293,294.52313
328,349.00867
427,391.61356
430,435.3431
368,424.74237
359,405.7355
434,420.37762
389,461.30774
355,368.94623
322,348.83618
295,269.54642
277,250.96143
196,202.16954
109,126.039925
90,115.62399
94,108.04467
129,141.60878
192,186.54646
252,248.2226
298,293.0469
303,297.11896
278,299.16086
289,281.18713
294,294.02765
303,335.17343
373,364.8216
422,434.70123
429,461.29276
406,434.063
398,427.2528
417,454.5787
464,443.40445
407,440.05005
366,373.38342
300,327.538
227,283.55185
157,224.76373
122,130.06007
113,120.08521
113,124.97961
154,155.69295
189,214.63167
284,240.38713
363,318.63574
335,334.78513
335,310.08813
315,315.07913
274,299.76132
279,290.4711
268,310.0543
307,306.063
270,311.8151
307,287.8399
249,310.90814
187,254.96646
150,173.7846
283,203.57812
317,183.08522
252,176.50487
194,145.36015
171,111.38566
150,107.94661
138,148.61371
173,177.94118
196,199.35677
226,220.75084
203,240.54236
212,229.26036
201,224.83763
205,220.11113
192,230.4174
204,225.946
200,224.93517
217,238.97404
250,253.64207
269,270.2917
237,273.27005
247,259.9173
270,276.21518
272,268.0026
233,252.73758
357,195.46033
117,217.50436
85,119.16772
97,108.46208
103,109.3618
114,127.326775
120,142.77261
92,139.56512
136,149.2701
154,170.57782
151,177.30649
139,171.86813
143,165.15408
157,165.2842
157,174.9978
182,171.8955
171,192.32758
174,198.60254
170,178.84183
197,181.94669
198,195.5346
173,194.78532
141,157.65614
114,105.35434
74,76.711975
51,50.988567
52,44.261436
76,71.70038
116,94.39366
201,160.86555
327,305.28738
298,287.29138
192,216.05893
158,157.52672
138,147.5235
134,143.63329
168,147.32455
161,162.06723
194,165.95561
215,192.20901
217,204.84201
205,198.26794
177,173.7026
133,160.62471
110,129.39436
116,123.54181
114,108.48661
97,83.970726
51,55.69676
50,39.51505
38,43.065544
70,71.32409
91,97.94356
160,175.92506
263,317.42667
208,312.44467
181,200.64217
154,162.29439
133,146.3094
145,142.85257
152,152.14761
160,174.98929
176,183.10326
177,196.59712
241,216.92038
207,222.2338
164,181.62915
166,153.50674
134,149.46356
144,132.08266
109,128.07318
91,92.42996
71,59.723915
46,43.367764
48,45.3698
58,66.80794
101,98.174545
182,176.8082
352,306.76987
284,317.79285
221,228.63222
160,174.8755
164,152.90732
172,162.268
180,173.8487
196,191.02203
169,198.3929
232,197.41313
250,251.48204
168,247.18417
175,182.2261
151,171.8563
163,154.94383
132,158.95088
134,133.57198
95,99.868996
53,70.58077
50,46.057293
57,53.695797
73,78.16135
106,102.83209
205,196.40703
607,373.24945
432,464.4016
286,325.45032
202,203.89937
180,187.21175
191,185.06665
181,194.01636
250,206.81392
206,221.6909
240,229.22371
289,257.27118
235,258.1775
217,206.39339
173,199.24419
180,174.64497
165,163.04787
165,153.8919
137,117.99577
89,78.105606
64,58.295517
65,62.005527
78,85.179016
149,102.75635
201,201.75298
359,376.3038
343,355.28436
230,273.84454
184,210.37192
186,192.06918
162,196.22348
169,198.03717
231,213.06474
237,232.73265
289,257.8472
305,307.67673
287,300.7895
255,285.8131
246,248.59546
272,241.83748
263,264.82715
208,249.76642
209,189.05794
146,147.8593
107,112.79192
74,89.26341
88,84.30619
89,95.40218
145,128.54688
185,179.67607
183,207.66502
204,212.71593
186,214.9085
184,208.35988
178,194.80334
213,191.01942
214,231.42696
212,226.44331
218,221.51753
261,247.68611
223,265.10516
257,238.0794
250,255.70886
238,268.347
280,266.048
252,263.25046
244,223.85216
159,196.45613
158,124.24528
112,109.10527
99,97.026596
110,94.18392
112,126.74061
141,142.4622
98,145.6061
142,151.2025
160,163.98538
162,176.83229
164,173.36821
175,172.7359
187,185.1235
241,190.5564
199,219.61249
206,192.704
202,207.11984
167,186.75877
170,179.94748
150,184.34915
188,168.47136
157,164.91368
103,110.44355
65,68.840614
50,47.379128
53,43.425797
65,71.962204
107,108.38709
158,171.41301
315,278.96988
292,306.4962
239,213.07875
143,168.99226
139,140.79854
173,140.25276
185,166.94598
214,179.55292
202,201.48595
223,201.55414
247,221.73407
253,218.29175
176,201.2445
155,155.89676
117,135.94122
137,123.75886
139,114.87385
95,107.24217
65,67.18115
34,52.39823
41,47.644012
71,64.49395
85,92.4354
153,138.06122
234,207.72316
173,262.18262
176,199.6819
160,150.42233
143,149.03185
137,155.09964
140,156.56499
150,171.02573
168,172.70918
175,196.47638
208,212.21584
183,222.56276
167,178.97597
152,156.82834
145,138.63141
141,137.62721
130,128.77032
85,93.2863
62,64.419205
39,43.423775
45,44.533146
56,66.80794
97,96.930756
172,173.20276
371,297.03348
284,311.11218
217,220.91176
152,171.73264
139,152.53453
163,153.78485
171,169.35748
168,181.96126
243,180.3864
213,226.0157
264,240.42596
206,248.57845
202,192.8473
148,172.88933
124,157.74046
154,143.53334
137,144.77568
91,99.77068
62,67.94294
40,47.3314
53,52.689224
72,74.345375
107,105.00167
180,190.21971
373,328.40375
309,334.342
242,256.6806
172,192.52344
186,174.55688
202,185.45653
204,194.797
217,218.00053
248,219.07005
254,239.80476
270,275.71335
267,249.5294
243,229.82855
182,200.43288
145,165.91016
178,157.32994
175,157.75526
126,119.566414
74,75.609245
57,54.261787
65,62.219875
81,79.86362
107,106.79413
214,185.77686
371,376.5592
324,334.72827
251,251.14319
209,205.9267
189,202.32205
195,198.48878
206,216.98444
270,222.64285
250,261.8999
279,267.8152
289,299.16504
274,298.31558
264,283.6663
278,258.66757
245,262.76834
266,257.88907
284,252.0358
216,227.60591
158,151.92921
125,113.32207
87,90.040565
82,87.20965
110,92.412285
169,144.16914
175,192.03389
222,196.73735
256,231.4496
229,235.62701
229,223.04448
227,220.46312
238,221.52425
271,235.51901
241,253.55202
240,237.35098
241,258.40128
282,253.75414
299,275.70337
286,280.08475
284,274.50137
288,296.48016
295,277.6449
251,251.66536
213,198.10275
161,155.93015
135,114.68687
104,98.49651
117,104.5288
127,124.30611
165,145.07597
148,143.33614
196,170.06752
187,193.82848
165,190.93747
210,177.62566
220,200.73401
196,212.4946
208,198.54741
201,200.64572
208,192.31947
215,210.02998
218,192.6186
179,204.20619
167,188.34103
213,179.89325
170,173.56902
116,109.60949
67,68.0241
53,47.476562
64,50.60469
81,70.017395
108,110.67765
201,173.24258
364,326.81445
293,323.13293
211,222.92943
184,167.75136
150,159.31578
164,154.05042
162,170.14967
188,176.17221
214,191.26945
254,214.29271
254,241.41151
189,226.92625
172,175.67326
133,154.94783
137,128.42624
168,134.84363
148,128.52219
84,100.36399
54,53.678658
47,41.01906
50,44.13854
71,71.79181
92,95.71454
186,168.45534
371,316.4876
302,283.71753
250,219.75758
148,183.1441
167,147.08084
171,161.11627
194,162.82245
217,186.62434
178,203.8991
271,191.25853
252,274.13797
220,222.3027
175,184.84213
144,155.8482
138,147.23227
144,143.68079
151,129.81407
112,96.718025
62,69.67318
41,46.770103
40,46.956047
66,62.376133
107,96.320755
214,182.82079
377,377.65332
358,321.46985
265,249.91592
181,189.97386
167,169.03468
201,174.51581
196,196.60374
205,199.2687
207,197.72687
254,229.5454
247,267.29178
239,231.29533
200,204.7467
202,164.81381
146,170.97443
136,149.6767
168,136.63643
129,108.10903
67,71.10706
57,48.209885
53,52.599316
83,73.309
111,110.27081
198,203.82693
388,357.3152
322,368.80353
252,257.91028
190,198.67226
203,181.73459
198,203.3656
213,206.31749
230,230.1679
225,230.53108
274,247.30469
283,277.40872
249,270.5469
250,218.57051
215,212.3676
186,182.32584
201,166.3801
194,178.55705
168,141.96964
86,94.24698
55,60.81038
62,61.669754
64,81.31246
109,104.016106
197,192.05678
399,374.6203
335,343.69574
267,258.20306
199,210.68695
194,198.08267
204,200.76216
230,211.67564
281,239.72572
229,265.1237
270,258.81244
330,296.9877
300,319.19208
293,281.61505
265,272.22125
264,261.93008
278,272.8968
248,258.93405
231,211.10362
184,166.97183
118,129.39415
96,89.9214
117,83.760124
104,109.37516
158,145.77582
195,185.79102
246,212.78941
254,250.55342
244,233.65884
240,233.37
235,230.00157
265,229.24438
256,257.62897
262,243.5866
240,257.18704
292,257.31073
336,290.65985
329,311.75827
304,290.03995
287,288.971
304,298.69537
265,281.56415
258,235.18517
226,211.02998
173,156.02156
131,121.05351
90,107.04479
113,101.69851
136,123.47917
165,150.79259
166,143.60048
199,179.76015
199,196.5074
207,197.7531
198,203.89305
237,195.55144
193,221.7125
227,202.17276
221,216.5346
240,218.4215
229,231.86111
239,206.22223
209,213.00523
196,191.10938
168,193.47774
189,153.1189
109,124.77764
74,68.16912
59,50.524532
59,52.761444
74,76.68645
107,108.241035
175,193.44196
288,309.2296
307,302.87546
224,227.75084
162,169.9197
158,151.6301
132,161.87846
169,153.43896
206,182.13705
188,203.12823
215,208.4268
217,237.05258
203,211.17587
181,183.00826
173,156.43085
149,145.89462
157,139.68143
125,139.25713
119,92.44138
67,66.52762
55,46.245934
53,44.20559
76,70.909615
98,96.766685
158,166.39801
287,274.73712
303,271.12393
234,224.73175
170,171.28738
164,155.44888
167,152.13055
192,166.96432
222,189.01279
241,203.24538
238,220.65285
243,244.21286
221,223.44308
257,186.81361
218,204.28557
184,182.5669
202,166.92316
158,150.25441
143,102.591965
70,77.48377
55,47.052036
65,50.057884
72,68.34696
100,102.67956
156,173.42056
319,291.23132
288,305.21368
260,230.74622
208,189.62132
203,181.5839
209,189.43993
207,200.92972
240,212.02548
216,230.36978
215,235.47144
267,248.92456
230,239.25902
300,216.00505
214,223.5168
239,187.547
220,199.29947
192,177.89586
159,135.62506
140,106.422844
87,93.806435
89,71.91703
66,84.61965
82,91.90736
120,112.23633
142,152.48041
115,153.5669
121,152.19345
121,150.80186
160,149.39912
173,187.09521
200,194.48677
221,224.40492
299,229.51097
330,287.06656
433,316.46112
477,384.9426
451,439.42352
464,369.91028
467,386.39026
478,381.99588
472,323.3401
420,308.6391
285,201.74068
198,142.30084
125,109.74999
87,89.50756
78,104.91153
148,159.96317
172,246.0513
181,252.08644
152,200.23572
163,168.7105
162,174.95226
170,181.87128
161,193.63829
171,203.703
181,214.88637
194,236.72725
220,258.964
227,268.78784
217,248.36392
225,237.92195
214,253.86024
243,259.8757
232,246.9342
198,219.81625
160,166.51991
122,129.37723
84,97.96488
66,88.073784
105,86.89382
154,142.4605
165,176.14807
162,193.61707
185,205.5687
159,212.89027
193,195.94035
214,208.60896
226,220.79431
217,230.81052
225,223.24614
207,230.25626
236,238.49673
261,251.86365
286,265.43704
286,273.36658
262,278.6277
267,279.2488
272,259.6733
231,239.96379
182,196.14723
143,144.25368
129,118.26902
96,92.68336
112,105.54256
134,131.24945
144,155.18497
126,151.74774
162,171.77089
196,173.38045
214,191.55777
196,209.6342
200,206.97855
211,200.2147
195,212.77647
191,198.50943
219,202.03505
212,217.64778
169,204.98122
172,174.74794
168,171.35019
177,180.63763
144,160.2825
339,313.40353
372,227.73727
323,196.17213
259,158.00055
207,135.52122
117,105.704445
109,116.324875
127,147.10254
180,181.44836
227,232.14641
313,271.165
360,325.88263
350,345.65057
347,331.9855
331,330.38446
385,333.4681
402,367.4803
420,428.2273
473,446.0074
510,477.8087
499,491.1767
494,476.50894
512,476.64648
464,413.25995
432,348.81158
589,302.3787
184,258.72433
144,138.6432
103,113.856674
154,87.403275
130,111.28606
131,132.64235
159,159.63591
176,219.0433
268,242.32155
271,295.00137
286,300.09213
258,290.35632
234,264.7827
212,248.97069
244,251.84251
301,278.7229
316,316.02112
334,293.6509
323,298.06366
249,281.4243
184,214.35234
133,148.52933
60,76.72899
42,42.434967
26,26.890862
28,27.261204
69,53.697277
98,92.0489
164,157.0254
250,244.35927
328,316.62286
306,275.8806
258,258.3617
233,252.20995
228,258.57745
257,236.88695
259,261.9289
288,263.9639
297,306.9114
364,330.50363
364,371.72388
357,338.04678
306,324.77808
295,262.918
223,230.54149
161,143.9912
122,85.68703
40,55.492924
25,29.952215
25,23.842194
58,49.463524
82,82.35436
159,172.37628
228,256.3321
343,346.89618
293,311.91888
241,261.96307
257,243.18495
259,257.00418
265,269.81613
284,280.54453
300,293.92896
338,322.6616
394,405.48233
414,424.15677
357,401.62057
352,363.26593
293,325.05908
272,265.96118
195,198.85764
115,126.894844
50,61.011784
28,34.260822
29,27.740385
55,50.640137
95,81.77588
171,165.83583
261,267.78278
348,373.06152
359,313.69818
273,280.23077
287,278.6979
289,281.84253
300,292.49362
299,306.51227
294,311.2268
353,338.79584
440,416.38373
456,462.3362
428,441.82404
451,417.32068
411,407.30206
317,349.95255
218,236.3505
119,139.44734
75,71.392395
37,47.696983
32,40.120716
76,61.26506
108,104.93431
168,186.14384
386,271.7517
420,393.11728
326,369.90988
291,291.02768
286,296.77362
286,296.92072
314,302.57214
323,327.81046
340,329.6222
381,355.73636
414,418.54535
443,439.76355
459,435.15506
464,449.99295
421,446.52988
377,370.7874
276,284.43555
204,196.8796
125,126.11958
60,77.928444
70,54.93135
83,85.30787
123,103.68978
206,172.5361
228,284.07355
284,303.84872
262,281.8783
267,276.46805
267,274.1201
307,281.85477
285,309.44943
300,307.4726
280,302.80432
348,309.47617
397,393.01596
503,440.7886
493,508.42105
455,474.49503
429,444.4114
410,443.2197
402,383.72742
338,316.12775
210,224.20285
140,162.67404
133,93.28395
81,93.42705
70,97.8526
104,105.80845
128,145.5472
176,180.22855
230,230.03137
331,273.8795
337,336.3348
364,335.6003
304,344.652
322,308.73987
313,321.49158
380,342.4847
421,419.16565
457,466.99915
452,467.59628
439,448.68594
425,428.23865
419,439.85095
392,407.42432
353,338.53366
265,260.7562
143,186.67346
81,132.33507
81,88.238625
65,81.93053
83,93.76483
103,119.7812
156,151.20415
224,216.50908
281,277.98248
339,298.60657
327,337.12
289,310.62946
342,276.99738
329,315.2159
330,316.4034
331,335.20734
305,335.48395
238,283.05054
226,238.28763
187,223.59218
169,172.14444
96,126.720566
69,64.75716
45,42.128643
30,27.133398
41,27.010014
57,61.235577
74,82.619835
169,145.1013
221,248.08022
293,301.87195
296,270.46844
260,259.016
287,249.08128
335,273.95526
331,321.22095
299,321.3676
256,300.11304
288,282.55093
339,331.4558
341,354.97668
339,309.57028
340,297.98914
324,289.3376
262,249.03662
168,169.90042
115,119.4287
66,67.75702
38,39.38844
38,32.30909
45,49.936897
88,62.939
139,146.2361
227,188.07072
309,265.80496
329,303.7453
287,286.65125
263,296.37546
248,279.81158
235,273.71286
238,261.14023
245,254.25517
289,281.177
304,333.38284
414,335.10474
364,391.39774
410,355.6897
329,354.0092
306,292.98428
181,213.11043
106,120.264435
61,61.822487
21,36.059883
30,31.01444
37,48.08422
98,77.217545
160,167.68362
260,250.16978
370,357.58286
333,331.55542
287,286.23688
275,288.05447
292,276.20493
261,285.19128
317,277.4306
305,303.8814
378,333.14362
384,421.95557
438,419.327
421,427.45645
468,430.33765
381,414.9097
299,335.47864
219,225.11333
152,133.47112
99,80.60163
53,56.482006
35,36.348305
55,64.13525
114,100.76977
174,173.47772
277,286.4152
400,387.36624
345,347.03244
270,300.65417
335,280.38092
325,323.4237
325,313.7566
340,339.44785
390,340.66537
379,396.17627
451,413.45386
425,462.73236
435,427.29028
453,445.30432
465,438.65704
372,388.8889
283,280.96765
203,202.34918
117,129.51892
64,72.304726
52,56.42464
81,75.71778
102,104.784546
201,169.0551
267,256.09793
318,312.2396
279,294.4908
233,268.063
279,261.46542
280,292.72974
304,290.42618
351,309.82343
302,338.66135
355,334.8591
469,405.1202
465,480.84674
486,483.4976
465,468.4699
429,459.28427
447,435.85117
442,408.96823
335,345.3803
220,224.87186
179,167.65808
107,131.3345
82,88.93788
103,85.949196
104,122.388145
123,138.50914
157,180.52203
234,222.47064
281,273.73767
326,317.5711
362,336.0188
307,344.44293
284,322.24673
327,301.51572
380,355.87134
381,431.19107
477,431.62625
518,476.8066
547,496.9092
456,476.7133
485,466.84268
441,444.71616
337,357.1101
261,259.25348
170,192.274
100,129.78625
92,91.82534
63,93.62425
106,84.99909
122,126.219025
147,152.6653
226,213.24336
290,269.5632
312,314.22345
269,322.42645
280,273.47488
270,268.35983
261,260.8416
247,267.71805
309,274.83582
267,317.96103
268,245.43462
228,249.9991
219,225.89745
152,186.03156
124,111.28284
68,73.18993
50,44.661167
29,29.960907
20,29.004847
63,55.826313
96,83.77074
169,163.50276
239,248.84251
298,303.07397
256,273.2095
247,243.11415
255,248.0512
258,245.4367
282,257.92444
269,276.92783
301,274.31238
313,306.75668
360,350.67087
380,357.25378
347,349.44656
343,303.4585
258,297.45203
227,218.49489
136,156.56375
109,92.289276
51,55.661602
22,28.767357
42,24.78747
53,52.341896
79,82.290726
174,163.85277
278,246.37973
380,348.6041
319,303.7886
271,260.20355
259,264.82675
253,265.81015
268,268.2702
281,282.83508
305,296.80054
351,329.62183
375,404.40817
442,407.9304
427,404.71484
417,415.01273
387,345.58313
287,316.38504
233,197.30688
120,137.58383
78,63.46703
33,35.90468
32,32.614506
45,51.56222
93,87.73037
220,176.89076
357,296.10736
483,402.97488
420,385.98242
309,323.6882
299,297.01935
311,289.489
290,301.02954
296,307.68192
331,309.8672
365,360.69672
410,432.34106
383,447.75906
478,399.8486
487,456.88168
430,443.93903
344,364.4123
284,258.41547
149,165.0361
100,85.48984
40,57.385677
36,35.652782
59,56.424423
109,104.74914
187,189.1656
281,328.23816
438,410.96945
354,398.23676
278,302.58734
317,300.5408
308,323.18112
322,312.40973
346,329.69156
366,349.30243
343,385.23367
385,404.2877
438,414.78625
475,447.08902
505,472.92853
429,464.22156
387,386.6139
305,308.6525
200,207.76096
121,128.42758
75,69.65854
72,59.702477
96,78.318
101,107.15656
181,188.3748
249,249.88925
309,303.8237
255,291.61755
282,263.03958
302,285.6328
307,305.35776
267,308.87405
284,290.52908
321,302.31915
322,349.71707
356,378.9151
443,420.64914
503,479.24442
453,497.7418
378,441.1953
426,411.7977
357,397.3597
308,304.48288
219,218.35004
131,167.86723
99,116.165215
136,85.190285
105,107.03884
111,116.163925
145,140.70917
173,186.41716
233,230.26526
264,287.98923
306,312.4525
304,328.0824
349,303.4919
296,337.01917
310,310.93192
339,339.74988
362,381.88477
425,409.92493
442,475.21362
432,460.80972
385,424.2503
378,409.36374
404,376.1024
366,329.3473
289,266.79462
181,184.15141
121,117.008286
93,103.87949
88,76.686226
107,105.6959
131,127.102455
159,158.75089
222,219.81287
284,263.81137
288,306.26935
281,291.8362
252,279.25146
248,255.22015
253,252.00806
259,258.28214
257,286.06848
268,283.1332
246,258.8511
183,231.41162
188,193.79
152,171.22987
139,113.202065
75,78.699486
41,45.371975
36,28.59571
26,27.099726
55,60.605022
73,92.589035
125,152.03485
198,225.4664
298,290.7191
266,272.49307
225,247.50418
250,235.24835
258,252.3523
226,266.67673
258,243.97084
271,270.42175
277,287.01083
307,334.7913
358,329.50208
288,333.8636
218,300.443
239,228.88281
197,207.76396
128,150.30048
87,88.69935
55,47.58622
40,29.872932
33,35.855614
74,54.051464
87,84.96297
167,151.93607
237,233.16008
282,329.49835
272,280.67044
222,249.04872
250,242.23117
250,258.39603
257,254.66426
289,274.67435
334,295.8975
339,344.166
345,378.99408
365,386.2221
366,343.3843
367,361.6613
312,316.72516
266,273.3097
233,188.48262
143,132.51132
76,72.52392
51,38.07855
44,33.68023
83,55.465458
96,97.89987
158,176.25356
192,252.8681
194,305.7195
207,243.81766
235,231.10251
248,257.1672
267,265.19022
252,278.9895
246,282.82797
260,287.65173
271,319.00317
255,351.69693
268,324.40924
378,310.8157
267,400.33472
209,294.01105
169,235.58138
165,186.20084
115,139.7481
76,95.68495
58,57.820217
67,48.705074
60,69.35922
94,92.02292
122,136.80914
119,130.36443
104,134.19312
113,133.84914
157,134.50607
205,156.9961
222,216.71443
198,225.59863
159,214.76285
211,156.25174
206,218.66394
172,197.32893
241,158.7511
214,240.04948
227,158.79634
201,166.33871
198,144.0386
171,170.40584
105,134.86319
54,86.31505
47,56.33101
33,64.0852
46,73.00696
33,94.0654
66,165.24915
85,169.37613
84,170.52965
142,130.15454
171,172.30946
217,208.25926
193,244.14003
180,224.32182
203,205.24133
184,239.938
203,230.90924
266,247.27063
297,326.12943
303,329.42477
223,316.22638
252,244.37985
231,281.00772
238,240.26906
139,190.53482
88,124.191154
71,67.307274
71,76.49661
56,69.27529
53,71.71642
52,82.25481
74,92.74395
88,120.98202
147,134.45564
204,187.11536
221,260.05026
229,259.3967
249,245.07831
223,263.07675
254,239.53403
306,289.70294
304,331.9852
338,337.77863
372,354.22256
283,362.65817
274,291.70874
257,287.47208
234,273.5788
212,196.59564
136,168.38235
95,95.03451
70,82.523254
56,70.69006
67,59.63897
60,79.05014
72,90.06506
102,100.303314
149,144.67192
250,194.96407
312,267.74786
267,294.63
260,262.52417
291,251.5593
267,272.6997
286,265.05548
329,295.00797
252,314.33417
203,237.84521
213,204.13239
189,196.56076
126,162.50818
93,110.21699
722,642.8786
513,374.79895
387,231.82597
257,190.67741
146,134.09384
138,92.173195
113,132.07022
145,165.99455
220,221.72682
288,293.55872
356,349.15256
372,390.19226
411,397.9522
443,424.9496
436,449.49594
428,448.44788
440,460.88913
487,484.61676
584,539.9053
680,587.2694
608,585.23676
603,598.8507
649,657.03876
879,656.6915
697,765.95593
710,460.10596
151,377.0442
97,128.70676
88,108.20921
118,96.81607
111,105.701065
122,127.83326
137,168.4841
148,223.94466
200,239.84364
226,275.69315
247,283.17993
259,291.31516
297,298.57437
274,320.92975
335,308.49023
390,368.06412
440,399.99124
416,398.3805
496,387.15588
365,425.2743
246,322.62964
144,208.38976
92,111.78452
56,65.54831
35,40.169075
43,29.98002
80,66.198105
104,124.19995
215,156.25258
261,247.39108
277,322.842
270,261.68402
234,238.39021
245,233.57857
240,244.87335
263,240.23143
278,269.83655
304,289.15744
335,316.44574
342,361.12604
404,370.82214
300,376.02408
347,288.69217
508,339.66544
291,403.04913
189,221.00584
120,112.064835
50,55.143055
34,32.224457
37,36.100365
60,69.843994
109,106.99549
229,194.17766
218,296.95032
346,298.60406
279,284.3829
266,237.41022
227,247.3342
227,234.08397
254,241.02832
271,267.81436
290,284.2686
290,309.72687
394,337.14777
395,423.34885
358,358.1876
374,344.53162
398,369.91345
583,365.316
343,313.34894
225,156.62749
101,105.13304
47,56.133034
39,41.656013
89,63.282845
138,110.70605
206,203.7906
268,278.9593
315,337.67422
275,287.5181
231,249.76382
233,233.80785
222,235.60669
221,230.8786
278,257.34314
263,296.17447
301,295.70258
368,367.8347
371,421.4408
357,361.10526
327,353.2458
342,380.75098
306,346.39847
220,246.64494
98,149.45808
64,62.204395
28,43.217934
44,31.872047
74,65.881035
115,112.4724
203,193.26794
313,291.98224
311,355.3272
268,286.50766
244,237.99698
244,247.77402
228,251.57639
219,240.5476
306,256.2121
320,307.61737
344,341.9806
408,404.86282
456,443.93182
421,433.44598
407,390.94498
454,438.05765
443,407.61084
654,359.8686
285,292.82706
139,134.67014
71,72.01153
50,45.511814
91,70.49672
121,108.47804
171,170.08792
261,263.2696
279,318.2007
242,274.4796
247,249.95811
269,260.39096
257,267.33633
277,266.32465
300,307.90567
339,318.97583
361,364.61035
502,443.10443
542,566.6005
516,539.3456
464,526.50476
635,505.36838
669,608.2818
593,681.3988
406,487.46155
266,276.52936
147,165.56033
107,116.43693
54,93.07827
81,89.32613
110,112.42967
150,158.43663
233,219.17561
295,289.1083
353,336.91568
381,381.2352
367,405.33072
423,389.86032
414,428.93713
418,431.3224
445,438.48874
520,504.79626
550,578.8705
520,578.8231
494,521.2654
588,535.31964
764,617.88245
712,694.11816
551,551.83777
336,348.58716
202,188.83621
120,123.4278
88,85.41608
68,88.5431
88,99.68465
112,122.77534
170,166.81956
248,243.13857
296,317.50516
365,337.25934
412,374.03003
428,407.25314
664,420.97705
478,523.53534
454,464.23215
437,456.9228
393,426.98666
336,376.05563
290,324.63177
385,288.97534
465,348.41327
402,359.9523
173,206.58005
70,83.92969
52,40.285442
35,35.07236
82,73.32757
126,118.64956
177,171.27415
251,255.59009
312,317.01328
232,267.90842
239,224.7932
230,241.22095
308,237.36287
286,293.04443
302,298.71835
290,309.65778
316,308.6684
402,343.48495
434,417.81616
385,382.2475
381,350.1566
318,357.4642
229,298.283
257,182.91129
110,180.84573
77,65.31611
57,51.450474
38,42.982014
66,57.470463
100,101.46718
146,148.96817
232,198.46082
356,282.0202
329,301.89798
288,277.1842
314,285.6511
288,316.84387
297,293.38425
314,313.81842
359,330.14542
388,375.03842
479,408.5507
436,478.4384
420,406.67026
389,395.1687
462,370.37427
484,390.4996
293,361.07077
124,181.71376
79,73.20928
45,51.96739
21,39.392235
71,61.784035
134,104.3273
187,177.28424
310,267.58478
357,350.47632
275,317.56204
238,252.7372
222,250.56438
224,236.37857
230,238.95288
263,268.60983
303,292.47748
322,331.23505
379,387.45227
437,423.52496
378,408.95673
342,360.68234
339,376.54208
289,329.30457
215,240.64491
128,132.51482
71,68.9757
56,40.601585
37,33.400326
68,63.20298
103,114.6403
171,193.8143
296,305.5114
315,338.2667
297,286.65823
246,249.19884
260,240.91966
315,250.55801
237,286.62302
263,269.92444
319,295.5293
320,343.7343
455,389.5073
442,482.4535
425,426.79697
356,396.15155
380,404.99643
331,367.96436
269,288.12033
174,164.03648
86,99.77319
62,61.634632
49,47.923317
47,70.1391
96,97.12445
189,156.87973
275,271.33292
298,315.6325
296,274.11884
235,260.44443
278,256.7512
265,283.63284
244,272.1176
321,277.76328
327,338.19263
347,358.13107
536,433.419
578,561.74567
587,573.71747
467,562.23096
452,498.6036
517,549.5721
520,530.64197
446,443.86377
256,280.46982
171,161.61836
126,122.47609
81,88.31429
80,95.16308
91,111.159
153,143.77858
228,219.6325
309,290.32266
362,344.30173
372,379.97263
404,393.9007
446,420.12253
438,453.59967
437,443.05383
507,450.0746
603,564.38916
648,632.37994
629,667.02423
656,587.7259
570,634.502
643,606.8792
581,625.9828
653,498.99792
405,387.18417
213,241.63646
131,139.70987
89,92.252975
83,88.01297
96,98.86221
134,124.97938
193,176.0258
242,256.55637
339,305.19684
357,360.8086
365,365.76044
400,368.57663
440,399.0112
421,415.86566
460,428.329
486,463.04025
466,470.46356
407,419.13107
367,386.14578
326,361.20154
202,281.53226
210,188.01671
128,126.6877
57,61.763252
41,37.05778
25,34.059757
82,70.62428
130,116.761024
200,182.03069
283,268.95258
354,326.05252
276,283.64038
245,242.60408
261,239.42395
256,253.30891
259,263.70764
255,275.07135
308,278.15546
322,326.82486
416,367.86246
392,444.04797
351,365.72702
318,341.50427
271,328.09247
223,263.69525
172,192.0468
95,114.404495
63,56.984802
29,42.759815
37,33.61788
44,62.605213
89,102.79805
167,179.84932
294,252.67558
335,358.41974
286,295.72827
244,253.06822
219,241.00896
201,232.5554
242,232.89224
264,265.42468
307,290.0261
325,325.63535
394,394.91177
395,427.41806
351,369.75485
282,348.92514
517,321.95078
551,458.85587
281,359.46747
148,175.54779
73,78.25709
47,43.011063
37,39.616585
58,62.95917
110,115.7665
192,181.696
345,289.72464
454,356.6177
345,360.94547
262,273.99042
230,242.58797
225,223.17528
216,238.55101
259,254.45724
287,286.23468
330,315.3766
390,396.23203
450,433.37778
359,408.98624
372,334.43332
454,389.42715
690,416.34442
332,427.13962
194,177.50612
63,90.30326
42,40.47384
47,38.159966
63,67.36855
95,109.52439
175,189.57135
314,308.1272
349,358.5496
265,319.44656
239,250.2021
237,246.31476
252,257.56396
235,243.30014
283,268.9243
333,306.16476
341,355.72046
458,407.70956
478,486.43045
476,439.65994
367,430.53867
391,394.75632
375,416.2887
546,330.0751
588,301.9729
167,175.43457
93,85.396904
66,61.909454
81,72.66822
111,101.86049
180,171.00145
253,270.63443
313,309.54977
257,287.68417
297,247.21936
281,286.4164
292,278.27402
276,285.94043
319,304.03796
318,335.10492
361,353.70105
486,441.36212
637,535.4421
554,606.68866
480,502.76944
478,498.14136
505,562.8345
499,550.61066
380,458.17047
233,263.1545
171,156.09612
122,124.53026
112,87.92668
132,90.524254
145,128.37692
188,166.05374
253,235.73427
313,297.0464
376,351.10175
424,394.62296
381,432.94955
356,400.0752
415,376.97733
415,427.46838
447,439.34308
526,506.18628
673,601.2749
602,661.40186
522,579.9911
579,545.4487
620,598.20276
769,590.2219
698,565.1256
411,441.10757
231,252.9593
145,149.7979
115,100.86706
78,97.89169
103,100.24843
137,133.23445
178,179.42017
255,244.67505
344,312.77942
382,364.64627
401,386.54605
378,399.6549
357,393.13364
369,371.39468
387,388.7604
403,415.86548
391,419.43567
393,372.13217
365,363.84506
379,360.21677
252,323.45572
209,218.57774
125,150.8327
59,63.527637
49,40.21129
32,37.03206
74,74.8945
103,116.168655
159,189.92462
258,249.73523
255,315.37463
241,253.19865
220,231.74837
232,229.25117
260,241.89526
228,265.06393
274,254.89145
277,290.7271
285,301.8776
395,360.3209
328,425.83603
313,325.0556
315,316.44867
485,328.1456
452,407.87302
231,321.62027
137,130.60056
70,65.165985
46,36.289127
47,35.56906
65,63.048298
112,100.63629
151,171.28809
261,242.56203
294,323.71484
266,265.2747
260,241.32521
253,246.97269
291,247.67091
282,275.87442
336,288.27097
347,328.68176
389,348.6834
451,445.1314
426,453.88693
487,384.1317
446,425.38834
358,453.07654
356,389.62955
265,286.80872
141,157.29437
76,74.75986
37,47.911015
45,38.600037
98,69.75778
101,127.20773
187,178.52003
245,290.5875
244,322.5065
258,263.4792
257,245.24039
311,252.13968
282,292.70938
274,272.76474
323,290.04037
293,336.20435
274,330.35953
329,357.19827
342,392.22913
466,345.8402
400,425.6762
281,397.96893
290,307.84695
327,237.94719
204,215.92741
129,124.82808
98,80.967575
58,66.0995
75,71.64919
86,96.20009
118,145.01796
129,146.24474
142,152.53728
144,185.79805
193,185.9837
196,233.6325
231,227.39705
258,251.58798
280,287.8647
337,301.86865
320,357.97043
318,332.93826
316,322.2914
364,336.77536
462,359.23013
449,438.10275
421,420.24744
304,408.312
189,240.81247
107,129.77882
56,74.89207
45,52.98304
48,76.57543
58,97.72008
72,144.02684
84,171.95604
122,166.52263
163,164.42184
163,202.06314
217,201.18172
234,241.97215
191,260.5442
242,249.49417
226,287.18027
283,289.7017
311,346.12448
309,374.2004
307,336.2958
304,335.38818
498,355.29272
535,535.71014
353,547.471
214,331.35925
134,150.01521
88,90.30396
74,88.66649
55,71.602615
65,68.963646
68,90.2907
90,103.58945
124,139.29665
162,181.44662
214,204.03978
244,261.3945
253,287.4035
262,290.14334
279,298.90445
295,314.39374
353,338.59558
361,396.44574
462,414.18707
423,494.63098
406,417.7539
369,448.25726
382,418.49228
341,406.51733
311,291.88748
205,221.2876
137,144.71712
72,106.007706
51,71.40793
81,68.330444
88,85.74328
97,109.81325
125,137.30527
150,182.52486
254,194.42982
303,292.6085
314,311.69232
326,309.3047
344,339.41794
339,348.9288
365,352.43854
351,390.00485
359,364.1356
324,346.28397
289,314.0087
251,318.48492
523,241.82191
157,359.63174
389,283.28833
338,243.38196
289,175.18042
168,149.31778
136,95.091446
129,97.61919
136,138.50877
205,175.5295
216,237.82468
227,256.89365
240,254.58673
256,260.51202
258,261.2281
278,263.50638
278,279.79578
284,284.88138
239,293.04663
325,281.6146
309,339.2704
387,337.1327
347,378.2118
331,349.33136
383,356.39758
363,366.84274
350,309.94528
400,276.5422
108,243.1208
86,99.62808
113,85.77923
103,102.79267
133,119.697716
163,159.02654
182,199.0899
251,225.6586
236,274.00555
258,257.8965
179,256.49896
201,207.43568
219,226.47255
242,234.53854
229,249.93144
263,247.57658
261,273.0093
247,253.76329
208,236.78455
202,216.46593
199,209.33186
150,193.00298
142,114.53888
66,76.06793
48,48.76561
41,45.157516
64,64.26602
124,91.212814
177,174.87134
272,231.54155
280,301.83362
249,240.8914
202,212.47304
194,196.7201
189,193.86047
197,199.434
209,211.02869
227,219.23386
241,242.07202
266,257.08942
269,254.93758
254,231.59131
185,216.7907
175,175.28714
155,167.3481
117,148.16827
99,88.500854
45,53.045387
25,34.022343
44,37.611485
86,63.19197
99,106.81336
144,175.17014
203,250.90625
268,280.9654
244,254.6609
192,206.84952
179,184.9476
184,185.59964
222,196.92465
186,225.60814
223,214.54482
230,241.63693
311,256.61526
265,294.3712
243,242.1138
256,210.8965
198,212.44835
227,174.5699
185,169.36598
110,120.51637
63,55.664436
43,39.827625
40,43.98494
63,63.980984
117,100.25388
177,163.77332
290,242.07913
330,314.7646
247,267.79758
214,212.35431
200,199.76768
173,203.09236
204,194.33235
226,217.19432
228,233.45866
282,245.67545
292,297.07135
248,292.37424
238,248.38219
192,227.09717
160,199.70139
209,186.97273
181,192.59302
122,130.07864
55,72.351685
32,42.93189
52,43.03317
71,72.56357
122,111.27697
201,186.4104
279,281.58463
265,324.3996
258,262.37854
244,219.23988
246,224.92511
245,227.73723
204,241.24022
245,234.95384
275,258.89838
295,297.7725
351,308.93784
302,321.63965
255,283.03198
224,228.0404
199,217.8188
224,213.76897
200,212.99083
146,142.75192
87,86.5876
44,51.276997
40,51.678566
80,77.043816
118,109.79922
186,186.95354
273,267.1523
283,308.17114
260,269.94113
237,240.53802
228,235.92932
252,246.87215
232,251.5199
293,254.2528
302,295.8906
343,321.0299
360,366.01755
366,364.86874
304,354.59415
271,296.31198
270,278.4197
291,291.6758
317,309.1609
241,247.58833
189,185.23352
111,129.96179
74,86.858604
80,78.39325
89,93.73439
155,129.442
175,184.59984
191,221.3802
231,234.024
228,253.69937
246,253.95775
240,254.3886
261,250.98857
236,270.2641
240,263.00742
292,266.72888
336,314.6202
332,345.91812
344,339.78864
352,331.43658
301,331.75323
349,332.13794
318,349.16452
286,261.94623
232,239.28024
138,156.45654
115,98.55541
92,82.40852
104,91.58322
138,130.0942
156,161.2709
209,191.33574
242,236.80914
294,268.482
260,283.12805
236,253.64131
263,235.40724
385,250.63545
291,333.9049
250,281.97244
245,259.3471
246,257.32935
229,237.66283
218,221.89194
198,213.71283
229,204.30855
194,197.88048
114,135.2365
52,65.98784
46,41.613846
43,44.50758
62,63.4015
91,106.35599
170,167.68652
276,239.79808
291,303.2713
270,247.65683
221,222.71973
203,206.35992
218,200.9024
255,209.67015
253,250.47649
261,243.9109
292,257.09222
295,288.3808
262,278.52237
267,231.07323
203,223.06749
203,187.98097
164,182.59961
153,154.53978
126,121.00162
59,74.6934
35,47.09606
52,44.42822
51,64.76482
111,81.180916
149,159.72505
177,201.85233
246,223.44539
235,264.54266
205,224.2634
215,207.31091
198,220.1664
206,214.6946
206,226.12912
246,227.84299
265,271.67786
246,281.67603
274,262.73883
236,267.086
214,211.28336
179,205.31898
213,169.04745
168,183.52565
96,116.687904
59,63.67035
35,40.415054
40,43.253983
73,59.45311
105,111.924164
185,164.6017
265,247.51794
316,308.59875
270,263.9599
199,218.83728
208,203.31668
210,210.4781
211,213.82596
267,223.3902
244,259.56073
271,270.47034
326,284.23016
257,317.28308
257,248.24731
207,227.2992
225,200.40019
219,218.87589
205,189.48447
126,135.28447
81,68.39793
50,47.522156
43,47.227654
68,70.32375
137,109.45535
190,199.67981
290,278.76855
322,321.15076
267,272.19757
271,228.1437
262,246.95312
245,245.87456
216,242.81401
247,252.01007
277,263.35605
299,293.78586
318,313.88
319,308.4813
337,288.6191
281,278.8887
245,259.31015
244,239.8006
226,222.11536
158,155.41583
88,95.26931
58,55.1608
52,45.256847
85,77.90205
116,112.98884
190,185.3789
300,269.95
330,319.07376
273,284.15112
217,253.43774
235,229.12566
254,244.18204
275,245.01399
277,275.57404
329,289.9417
303,343.66544
329,338.29913
341,355.3493
336,354.6695
277,316.21295
272,287.18817
286,296.8753
367,308.44617
341,273.081
272,224.57155
149,158.91289
100,98.91034
87,85.29156
91,92.622025
144,129.8777
201,180.49399
253,233.32408
293,263.29312
250,266.2437
268,263.30188
288,268.48523
310,288.5115
275,304.95734
329,290.97992
383,328.99622
404,379.2257
466,386.1433
435,448.60745
449,390.2808
409,404.80222
429,391.95407
485,405.50745
367,407.08356
274,278.8964
168,175.79158
117,118.16041
83,94.45074
102,90.81082
114,128.56592
197,159.60712
243,218.00157
257,269.48935
310,281.3316
261,300.50995
274,258.7999
271,267.39627
260,261.76276
309,259.67456
334,297.09146
366,324.79898
400,353.9472
333,340.10217
256,295.23944
277,240.13345
274,259.77673
234,224.62581
152,151.2365
75,80.41424
56,46.42678
48,44.841225
93,63.73741
145,112.86434
181,179.80008
264,271.80502
275,306.22076
274,256.79883
228,224.16074
205,210.65047
233,202.12218
194,224.73059
240,213.34663
295,237.57681
285,292.7462
303,295.40094
286,293.35532
224,260.95288
210,205.29803
175,191.88687
177,168.88187
146,156.85033
97,99.895836
40,54.084732
44,32.187653
38,42.19873
73,61.356953
104,105.45827
176,162.25352
287,230.29005
310,297.35373
274,265.40396
217,221.76224
175,196.63275
166,192.50381
212,188.37006
218,221.05179
273,233.4178
275,285.12585
278,290.58548
258,281.48953
233,233.933
208,215.70737
193,189.96638
171,197.52054
180,166.5238
116,112.67754
64,59.42599
38,43.445736
52,40.93282
66,67.19401
116,108.05807
230,177.97812
293,295.58066
374,332.56784
317,301.9562
235,238.75473
234,205.18025
212,209.86949
210,217.6346
249,237.35477
263,253.71875
325,282.13898
326,329.9317
322,309.1966
272,277.50607
219,233.81093
214,213.99512
220,205.71182
165,195.36064
144,118.58918
45,75.14299
51,41.61647
34,49.10333
84,65.981995
112,118.54751
207,204.91875
291,293.45117
341,336.0305
290,302.62466
254,248.08893
236,245.15257
222,233.15746
221,223.00186
275,244.19469
281,282.77417
309,303.64963
345,328.02408
343,338.55652
355,308.23007
233,300.44217
243,234.76347
241,243.94864
230,214.6845
175,157.99971
97,94.53297
49,63.36862
61,46.459812
73,82.332985
129,109.72473
202,190.66495
303,276.6143
326,332.1162
282,283.9582
259,250.61623
254,249.61856
265,250.12512
253,260.7181
306,275.37274
298,311.77286
324,325.47903
360,357.59558
348,375.0341
347,349.0422
304,304.43497
290,287.797
313,298.35144
365,330.46368
384,315.4532
305,284.64023
186,183.58043
101,119.02725
96,86.09279
130,99.29982
148,151.21661
177,198.01936
278,221.53467
286,276.14487
283,278.39816
310,288.1409
280,302.5877
329,282.0509
294,325.45578
297,299.65146
327,308.12253
400,350.14056
477,385.9088
479,461.26285
434,440.3172
339,391.96017
448,361.71402
423,415.9998
371,377.3623
267,300.53397
171,180.9461
104,120.269295
112,94.222435
119,107.13981
157,134.21121
174,168.24118
230,211.11145
271,266.319
289,303.37512
296,291.12186
311,283.04214
286,298.2571
273,276.3668
303,275.55008
301,292.57666
304,298.55222
320,303.44244
353,290.89035
302,318.57742
225,266.75125
247,225.28613
262,213.70717
164,169.83607
81,83.38495
52,49.293316
61,44.241863
89,67.66945
134,121.76683
176,184.13986
283,265.3838
294,305.57172
258,261.59076
250,223.84283
241,224.72723
226,230.19
215,215.85277
247,229.6699
256,255.61957
295,274.84305
256,307.91913
279,262.43625
222,255.45059
207,205.84987
158,186.96086
150,161.4349
158,144.31929
105,103.64343
63,55.490063
67,39.41893
58,46.740837
75,75.713
108,106.13229
204,162.42615
297,242.06001
300,301.5317
268,258.79095
248,222.17783
237,218.3683
235,220.48439
200,223.39014
283,214.35237
342,280.1954
339,340.39212
387,335.1387
320,345.72617
339,260.60788
298,276.96863
237,234.9476
223,210.44336
203,183.6792
125,121.37662
74,68.60685
47,45.787872
64,45.26216
78,70.70953
116,111.21758
187,192.59706
284,300.45297
298,325.68744
293,270.35547
269,238.85313
253,242.48741
264,240.9865
264,242.05283
273,273.75385
303,283.19653
295,317.64874
286,324.6987
284,289.3416
391,276.1097
321,330.1387
258,271.20786
251,240.92508
245,212.91707
180,163.60146
123,108.71608
99,80.64391
78,73.83688
85,83.259766
93,111.07334
132,149.95657
158,176.12796
164,178.63084
178,209.40897
197,211.35037
188,226.86575
228,213.53249
255,233.80615
302,268.79776
351,317.3819
461,361.94342
503,447.02606
456,456.99426
483,443.44678
441,416.98154
410,388.40366
455,363.27545
469,356.85434
297,289.90973
182,153.83156
107,99.94769
77,70.27357
70,85.482635
117,106.704834
132,171.75981
153,213.01222
183,207.76744
168,210.38055
217,196.38802
192,220.81268
200,220.83458
190,230.5727
245,243.64801
285,278.9727
289,318.82693
263,339.20557
266,322.22186
246,311.81183
252,262.66916
207,273.53845
267,265.7136
328,296.5045
258,300.9407
137,226.35507
112,116.954445
75,96.45607
65,81.21656
99,86.10569
121,132.22191
155,155.5187
200,197.12181
193,231.8532
240,232.23137
206,257.30453
236,231.14314
230,249.36885
225,253.936
299,256.093
294,312.14572
363,330.8278
346,383.67737
366,361.7245
322,363.4771
299,320.83826
345,327.12036
373,364.08194
301,308.99078
216,242.69934
149,150.72755
98,108.854645
83,83.6978
94,94.68469
116,122.84485
157,149.64616
192,197.75119
234,229.28445
277,269.2887
286,268.68365
271,275.32687
316,257.91086
298,291.03784
277,290.6693
304,283.05402
312,304.90518
275,312.56985
244,283.25958
258,237.09761
221,244.4883
234,225.42915
196,213.69179
203,204.43532
240,155.50725
210,170.50479
233,158.74019
255,176.79681
147,175.13289
148,153.79701
150,170.00577
194,190.73055
203,207.91913
171,211.7508
172,200.67732
212,201.48572
196,236.40031
215,229.30597
223,224.56264
215,245.09216
253,249.3754
279,280.03107
297,290.44516
275,269.891
244,261.98337
241,253.28299
246,228.40903
230,218.4083
367,211.51454
137,259.83212
188,164.7151
160,184.72382
128,144.3968
136,122.80756
136,140.07594
146,151.06863
186,179.09377
173,186.32541
192,177.89534
157,196.85469
187,176.71486
170,199.86208
190,171.30067
183,192.51117
216,191.79985
172,215.82542
182,183.58827
159,172.1941
124,155.65451
120,137.84212
119,114.134796
80,91.320465
77,62.951004
46,64.5974
80,67.3612
89,99.379234
161,137.35265
226,207.14938
315,269.7559
281,295.70377
214,223.56168
163,168.40181
142,151.05312
141,154.6517
171,167.86125
210,192.56892
160,180.6694
164,160.91753
180,193.60574
165,179.5803
160,161.1494
138,146.91573
97,113.903244
100,103.35781
89,90.2118
88,64.59697
55,53.0823
43,42.867466
61,67.67168
104,81.27002
130,145.62784
186,212.26335
241,313.71805
249,286.53165
195,220.66194
147,166.72682
146,144.46014
159,150.38066
172,182.09508
191,203.67096
172,171.57704
163,166.39423
187,183.48306
166,178.73499
166,160.55621
137,143.51445
129,121.50505
105,113.51062
84,91.02147
87,62.119755
37,57.274586
37,42.271122
61,62.43395
77,86.09308
153,130.66786
208,207.15683
339,293.82104
278,305.8051
221,224.63318
186,165.92564
148,162.97746
160,164.07054
205,182.84702
201,218.90923
169,179.67392
183,174.88629
214,203.20978
143,194.16954
156,161.0459
139,140.7493
124,131.56438
137,118.212036
103,103.498665
79,79.05874
52,52.344063
45,41.79904
81,66.507095
88,100.6784
155,150.63646
238,227.33618
349,357.34082
297,327.4748
249,238.17604
184,199.56001
183,168.7797
188,181.28929
197,211.23271
217,217.6397
194,196.3832
201,193.50195
207,216.62476
199,195.5296
181,192.88008
147,157.95021
118,135.7007
144,132.47867
105,108.909966
80,78.724464
51,60.023064
52,48.160275
84,73.65159
108,120.31217
153,166.55568
227,223.25092
333,343.40396
285,307.63266
239,237.59946
194,201.0328
159,191.7295
184,182.56491
213,214.6919
251,247.06163
213,232.41591
253,217.52596
265,261.41534
242,275.00198
262,243.74092
205,215.2366
178,182.46405
200,196.96835
184,192.63818
196,164.48717
145,154.05144
133,132.87947
167,137.64763
148,155.35184
137,136.42012
140,151.84102
159,166.45665
184,192.53873
171,202.74596
155,186.12703
210,179.30339
193,214.99117
217,218.93793
229,241.17816
233,224.93192
231,250.18771
254,258.1415
254,267.9105
276,269.54312
245,258.679
242,236.89285
223,239.54654
218,215.9952
224,205.83687
181,195.48116
188,158.80765
180,183.0721
180,162.54553
151,143.54445
125,134.53633
120,139.47871
157,144.77917
169,179.97568
187,174.20966
148,191.18193
187,175.05614
186,191.298
213,190.00803
180,195.49982
175,181.30656
199,186.47699
177,188.74411
194,174.45631
168,176.60019
135,159.86086
139,134.6817
134,119.03905
81,95.42152
60,64.625854
65,56.61583
92,73.237144
124,100.35627
177,156.49757
239,233.90349
310,335.3161
331,297.5216
215,234.69252
192,171.156
142,158.9805
188,141.75082
196,190.95613
250,211.61642
180,204.57841
170,167.61774
180,194.3254
144,180.49628
157,153.16013
129,139.7209
142,111.84616
144,110.82605
80,98.080956
60,80.14312
49,63.762398
52,62.884388
67,80.721344
84,101.069405
127,133.25278
173,172.90775
223,212.47351
224,261.31384
205,220.63829
196,188.97926
151,169.10986
158,161.3936
182,183.20978
179,208.23326
153,174.34154
197,163.67471
196,192.80592
171,169.86281
157,171.79364
134,136.10185
104,132.99022
112,108.713875
74,83.58709
64,66.22739
49,50.735363
39,46.77033
70,60.88172
80,84.64584
153,136.60321
199,200.66637
344,281.7492
292,298.83353
239,226.20117
169,196.1723
170,158.73119
187,169.08046
188,195.60501
185,208.9727
183,167.09842
193,188.95912
172,209.24731
187,175.87096
173,169.8508
130,146.48445
124,123.322235
107,119.89574
87,95.12785
60,72.79371
53,51.169033
50,47.10494
71,66.91583
95,96.482376
150,153.30598
220,222.13844
369,349.24445
323,318.22333
230,252.17467
201,187.45612
167,181.78342
198,184.50934
165,210.51497
206,201.86029
194,192.92549
192,199.83493
225,201.6419
175,212.11407
175,178.29796
157,150.63757
126,135.73985
137,127.23494
102,106.02837
91,74.74625
56,60.819504
57,51.162514
82,77.08395
111,115.45315
156,166.33205
215,218.30925
359,356.44586
296,321.029
251,239.28665
206,206.36388
185,190.67181
179,193.2472
282,200.45636
225,268.91412
219,214.73544
270,231.64417
284,271.787
242,269.88098
268,244.96657
214,217.88773
185,188.54617
194,198.44287
168,189.973
155,160.28577
123,138.93614
141,123.07431
132,144.85764
158,142.79039
114,143.05522
146,145.5787
161,167.0757
179,193.877
186,202.06305
201,191.42545
180,210.37656
219,202.00664
227,232.68178
209,240.52376
225,218.30374
269,240.61333
269,271.2784
258,265.12427
270,267.7406
265,242.82042
217,247.41966
223,223.22368
215,212.68613
219,206.52164
216,193.708
215,182.34846
225,193.44923
207,190.07298
131,140.27646
117,126.86646
112,131.64558
131,140.30365
164,171.47255
164,185.46175
160,177.57692
166,181.6252
195,186.43773
180,204.16713
205,174.87926
198,199.70003
223,202.34264
202,204.24043
167,186.86703
194,161.78725
155,159.42041
136,139.54976
129,118.05577
85,89.02869
73,67.90643
82,61.700333
73,81.09532
101,94.58445
141,157.93922
234,221.28253
346,328.59763
310,314.42963
216,229.69095
194,171.15024
161,161.63391
145,151.47865
195,171.32994
209,206.20557
184,183.2702
185,174.21358
196,190.79916
174,182.37079
148,157.9913
135,133.05573
103,113.54426
102,103.94562
74,85.9276
62,58.87313
50,49.580692
43,45.845505
77,62.77701
78,90.83082
134,127.34091
205,202.15358
360,281.26346
270,302.1425
234,216.42168
181,185.4546
140,160.01996
146,148.4566
204,179.57141
213,212.45578
178,187.9608
166,174.84708
192,189.98288
173,183.28548
146,159.1663
125,136.2319
99,116.6497
112,106.395164
99,81.01326
81,68.331924
49,53.7533
35,40.79624
57,61.59796
87,84.02925
150,144.64417
259,210.86765
426,369.00366
362,347.05865
244,264.58325
186,193.61066
159,166.93188
181,161.49673
193,201.12175
209,212.64241
183,184.84378
214,180.92252
212,209.39816
185,199.51198
145,165.62576
137,134.60999
119,124.73231
115,115.6516
86,100.55252
64,74.41111
68,51.92128
64,48.800514
59,68.928375
107,94.85735
146,154.64723
223,236.33757
378,371.54434
337,347.06833
236,262.13123
182,195.39091
145,172.35838
184,176.64905
192,204.37296
236,217.75398
212,208.00769
234,213.24608
199,229.8499
222,199.6379
178,188.84557
150,150.75371
138,134.38094
135,132.79338
92,103.863
69,74.536964
77,56.03109
62,60.71769
77,76.61786
121,111.03397
181,153.85904
234,228.72992
360,360.56906
312,318.9444
258,250.32915
190,204.97295
173,179.06523
186,187.80133
232,222.53313
255,254.54205
214,229.57553
238,241.52629
259,264.23743
263,261.33734
258,256.2391
193,215.10829
203,175.39053
198,196.60188
155,180.07764
159,149.48833
158,140.00195
126,140.81001
162,139.36815
153,156.31828
166,144.27727
152,159.55724
167,170.11975
208,191.21861
203,212.0259
191,199.66103
203,195.62367
199,213.12321
223,223.07953
243,234.15596
231,232.91237
286,242.11598
277,280.80023
271,274.05182
284,273.3902
240,255.62619
234,234.29619
249,230.09784
230,217.86935
223,216.9651
210,203.80913
171,185.28256
193,172.99706
172,178.44258
143,139.90779
125,131.80206
141,130.80576
161,151.73338
200,180.97585
165,196.7947
190,176.88652
180,192.25453
229,190.60811
220,219.20294
215,202.54532
227,206.36179
218,223.61496
203,201.12471
195,190.07483
157,172.49416
148,143.78224
151,135.11891
147,125.44607
86,95.40804
81,67.80886
45,63.543743
69,70.50605
104,101.445015
160,157.10019
257,232.71785
324,337.59653
279,308.79047
251,220.95856
177,190.46877
161,154.27155
172,154.26508
204,190.48642
208,212.88536
176,186.6189
167,172.73991
208,180.86185
202,188.57903
161,169.71236
161,139.04861
109,120.886375
125,105.70973
86,87.231285
61,63.79998
54,50.047115
44,42.366177
67,62.452137
99,89.58499
137,135.22694
206,205.16925
355,280.2493
290,293.7665
257,230.46666
177,189.47739
157,157.15034
167,160.82773
222,189.19241
238,219.1154
211,196.95847
209,189.00877
224,212.58588
223,203.82463
204,182.95598
159,159.30527
126,122.02426
162,115.98327
91,101.495605
71,71.67939
57,52.329277
59,42.37044
93,62.894363
84,94.76736
153,143.50053
210,211.77254
319,345.7531
313,303.00272
251,252.07417
225,192.53879
188,181.64249
190,183.89268
237,208.73714
274,236.17728
232,231.02759
227,215.81567
247,232.45833
220,229.74332
265,190.06271
226,210.2104
190,164.47194
188,148.58934
174,115.765015
132,129.72734
113,97.679634
146,90.320206
136,123.24164
147,117.53976
140,151.75348
129,164.44565
123,174.1015
120,149.40257
98,154.78139
136,133.37686
137,162.522
156,166.51779
199,192.55968
200,225.77545
222,209.48447
275,234.53545
339,258.1698
364,298.0918
325,323.98007
301,282.5062
276,246.50233
295,232.74637
247,229.41133
191,148.58899
160,109.87005
127,105.139885
122,101.71089
120,127.50815
153,151.8099
178,199.60918
168,266.4387
177,215.51616
172,189.37509
168,168.7571
168,163.1454
169,178.73734
201,207.88664
212,230.07492
201,213.38348
208,236.60597
239,259.61832
184,268.35217
242,226.64365
225,221.95941
203,213.91707
186,217.34335
198,190.9759
159,180.55652
129,152.47424
113,133.38995
162,143.61188
185,152.617
127,149.35378
143,141.17976
138,157.27248
188,166.83298
150,190.96404
171,178.90752
179,194.19536
168,195.04877
208,204.12099
180,231.41151
203,199.34232
226,226.45793
251,248.18773
247,249.54561
251,258.32333
205,235.98723
222,211.75394
215,221.74677
251,207.90604
207,224.45941
187,190.1061
165,172.82678
188,171.93285
206,183.94907
129,145.19681
126,126.93152
114,127.7129
132,150.60869
168,160.42085
166,176.5914
161,175.14633
186,169.99304
193,196.33676
197,197.18842
198,192.16696
158,199.89185
176,185.2926
174,185.14906
154,181.81328
143,152.31308
147,145.33397
134,136.14824
113,123.091194
750,775.58264
614,555.4256
622,431.57068
558,390.60007
348,261.9256
247,163.70164
162,197.85178
191,192.89503
210,233.92091
244,258.9097
259,285.18427
293,293.25827
308,298.2485
254,297.0466
305,280.13263
318,312.6401
287,328.61847
322,336.0839
401,394.85037
451,451.95914
537,455.18686
489,562.70215
585,521.83356
628,563.10803
698,568.59906
1204,582.1221
413,870.6718
302,318.28235
227,203.66751
136,157.57632
151,134.92137
169,163.8634
195,193.79666
230,231.18094
290,267.15228
260,296.06195
225,271.5734
219,243.20834
233,245.39357
269,256.8563
258,271.23117
281,272.33246
281,304.49698
261,281.44223
243,258.32297
280,247.64482
249,280.8966
180,210.14665
126,137.60468
97,97.49592
74,71.46829
71,62.620304
82,83.442
107,108.03083
173,140.17488
237,215.7688
239,270.73642
239,222.56276
189,193.84926
156,176.87029
184,172.55101
169,189.39037
193,172.57507
188,195.77437
215,203.00357
236,230.42735
278,246.60236
206,241.3282
195,189.143
173,183.49371
165,183.97342
166,152.19995
103,110.52349
66,67.93697
43,44.719254
50,44.470158
89,69.61421
121,112.13066
192,164.0106
226,255.73169
227,264.09964
233,224.39423
176,185.58641
171,163.34195
151,173.61307
183,165.88448
176,190.14114
192,189.17848
209,201.48434
245,246.19572
243,273.04016
296,217.65013
284,243.10004
179,228.78886
202,185.78531
196,168.32652
146,124.36277
80,77.94482
44,50.972412
60,53.912792
93,82.13526
122,117.60972
182,180.3935
242,241.85826
248,263.5946
238,241.86798
199,193.487
181,182.90427
172,176.79376
160,183.74033
188,182.20503
196,205.76079
207,209.80844
234,251.82224
267,269.3763
268,270.0837
192,252.02519
201,196.1239
228,209.84087
196,204.88602
124,147.74199
82,87.69759
67,57.146946
58,63.935364
68,88.106804
128,112.325066
176,178.55827
272,248.98056
284,304.84918
251,253.09923
205,222.21083
208,193.28278
181,201.37643
182,186.79562
170,198.18896
224,196.14325
213,237.29521
334,261.43948
342,335.40137
322,320.32944
237,277.68307
263,234.96178
254,272.37103
242,229.37231
163,177.19429
101,115.03596
81,73.6006
84,79.446
75,94.99124
90,121.972595
185,161.23973
266,263.12634
295,292.98746
250,261.3191
215,230.39319
226,217.99211
222,227.90663
220,220.00792
236,230.59392
240,251.27626
299,265.43884
379,357.5687
405,425.08383
402,439.02997
379,406.15518
366,397.68823
381,423.00653
460,426.34055
365,419.1548
344,294.7903
260,261.0533
221,206.91289
159,151.77371
130,133.42418
130,156.39896
199,182.03955
221,230.00264
248,259.82352
268,272.73322
333,290.4053
291,325.04056
301,283.30887
297,303.91632
282,305.82043
341,302.97223
364,377.61362
412,418.91122
459,440.16968
408,453.33994
417,432.89447
417,457.6354
460,453.56958
444,422.2838
359,400.04184
301,284.51474
219,244.40544
159,180.51796
110,132.77245
154,133.20474
126,170.16487
200,178.64655
246,233.93971
239,284.20816
260,274.64493
294,264.7296
298,290.6188
320,285.81595
332,297.87845
280,318.02213
317,288.34555
267,318.2526
315,264.5998
257,289.8446
220,266.981
226,231.87575
178,195.73422
149,127.5283
103,92.55677
77,71.63486
53,64.32774
68,77.30185
117,104.74215
163,145.83188
256,236.37294
265,273.44922
249,235.79836
187,199.51999
164,172.52232
192,174.0812
185,185.361
203,184.28256
199,205.76921
230,211.18697
271,239.89128
285,273.70023
222,244.1455
217,199.05853
178,194.25162
200,184.55247
174,167.62254
129,128.0532
76,91.59935
46,58.474495
50,52.44697
44,66.59433
101,86.647804
156,143.75975
197,202.54486
256,236.66719
238,253.5323
197,212.64989
211,187.82005
185,201.9851
202,192.63622
183,207.469
212,198.42822
210,231.88377
256,243.08366
286,280.18204
259,272.1036
233,236.22502
200,210.43384
227,198.54645
173,194.40855
144,121.24633
71,86.23971
52,45.95797
39,56.85273
74,66.59263
107,108.93343
168,165.03125
252,227.47539
274,274.95898
241,242.32747
216,203.22078
149,200.62196
161,174.36784
205,174.66187
187,202.7134
199,209.83725
214,212.98407
221,255.62054
263,271.95734
219,263.82397
232,213.66246
196,218.4714
207,217.23634
171,187.47235
115,135.4218
64,74.68889
49,56.867733
65,52.812572
71,81.22587
135,116.55948
171,175.22229
276,253.7937
266,306.59116
263,244.36378
226,223.8539
208,201.17033
211,198.18065
218,211.15173
210,212.19652
216,218.72058
269,233.95638
283,297.49637
304,310.7512
309,292.034
265,276.79065
245,258.67426
284,258.88306
231,247.24915
187,173.61765
125,119.97655
86,80.238144
80,82.03161
84,91.31788
109,126.150795
176,176.7202
269,264.33502
274,297.08432
237,264.2188
206,234.05663
209,213.99008
230,218.08562
200,231.3852
265,224.92276
239,266.10605
294,275.97318
361,350.3808
436,402.41754
438,458.32083
387,430.17212
369,404.2507
415,426.93677
489,440.5901
434,432.56488
297,352.56204
244,245.971
238,198.50937
162,157.08865
122,128.5403
153,153.07217
184,191.49539
224,222.03535
270,253.91406
288,276.30154
280,307.27667
305,289.93488
322,296.16684
298,319.84262
322,306.26855
364,341.82092
397,395.6051
419,438.89737
455,448.11456
481,447.09726
415,469.93506
485,459.61737
504,486.18524
453,468.07336
341,391.30548
260,274.9206
214,232.56117
145,178.81424
122,126.669334
146,144.64049
128,166.1675
177,180.84807
228,228.20836
264,258.3152
299,274.5683
333,295.39163
277,320.01352
292,278.4619
313,287.19556
273,313.84103
336,285.9482
325,328.8459
330,306.39444
287,294.45557
304,284.76044
257,288.38535
224,206.36821
147,157.82643
89,94.40697
67,66.255646
66,62.176044
77,80.47132
123,108.03841
169,170.76265
222,242.2678
250,266.21884
212,235.60005
189,188.50255
194,175.99036
154,192.16168
186,163.54793
200,191.9259
211,201.50021
219,222.85628
255,242.2662
227,269.092
223,212.23701
237,201.72337
183,207.0023
186,189.20683
174,162.5992
99,112.80378
58,65.68974
37,43.051617
46,47.216515
68,68.58702
101,106.81174
178,163.76654
236,235.57089
275,267.3377
268,233.53297
199,202.47464
175,185.83267
151,170.04543
180,175.03763
176,187.98087
212,197.0072
205,218.87088
259,248.07
251,268.74457
223,244.25706
192,224.6004
195,192.0811
202,198.04445
154,177.38254
124,121.55578
68,70.90293
65,43.581985
54,55.522114
84,73.58051
104,107.070244
188,173.60652
263,255.9562
227,280.48224
279,237.69846
211,218.06448
172,185.30809
174,170.70381
179,183.6209
210,188.85135
213,212.99359
220,221.96147
294,253.42284
318,293.482
278,282.4835
205,238.8562
231,204.28497
256,227.18045
212,199.97739
150,136.16696
109,86.54313
71,70.42716
68,63.016926
85,78.02935
126,120.893425
187,182.53017
254,272.63562
297,283.73257
302,271.53165
196,239.45612
192,193.7751
196,197.22334
226,206.39223
231,225.46498
220,231.12851
245,244.62279
336,300.4845
363,355.17715
392,334.80307
323,328.79236
250,291.77637
282,271.7577
265,248.64217
165,192.90918
140,119.57695
75,92.61104
91,78.35378
99,90.650406
103,113.76255
198,176.76077
316,269.78903
294,306.37158
283,272.34097
223,229.9371
242,214.26707
225,235.96147
205,230.34752
238,239.06325
273,243.71948
311,293.5668
383,372.43555
444,434.81705
500,464.2876
428,462.19064
395,402.08374
431,432.50943
507,458.3805
447,439.68518
347,353.88412
284,257.86398
216,226.66199
173,154.75098
143,129.45596
150,158.73361
189,195.075
259,225.48215
279,276.69107
304,278.9086
293,310.6558
269,295.28937
313,281.73563
297,311.34213
309,306.98172
335,337.0949
413,376.2319
458,451.95624
451,483.91443
452,457.59048
420,448.41098
475,462.9666
537,492.82
439,472.73883
408,364.05887
301,304.80453
193,230.22606
193,159.27571
148,133.18364
148,148.43568
140,150.62526
205,186.92609
228,241.5559
298,268.06415
311,297.25525
294,302.38284
290,288.00723
287,284.71008
286,289.85004
306,285.04636
340,323.0655
322,339.67105
341,312.5937
282,310.61154
246,282.3424
286,249.99371
197,229.09413
173,139.01189
115,102.873024
79,75.69335
71,65.099304
100,81.837685
132,121.2162
179,177.67613
253,246.17372
290,269.0784
231,241.45927
212,195.5673
175,187.49632
172,177.34502
212,179.1583
202,208.93596
193,200.11661
212,209.30843
250,244.09239
263,264.82718
214,234.91066
207,203.74806
139,191.07626
176,162.1376
171,158.24313
105,109.75798
65,65.93046
54,45.437607
81,49.249275
94,78.65709
118,109.501495
189,180.72449
280,248.04567
282,290.0786
277,241.02454
211,220.57317
174,186.74591
193,167.04248
197,197.71089
248,197.85733
243,225.4683
242,230.36235
281,267.87277
344,281.72028
351,292.8696
276,298.0212
215,227.74854
250,206.13449
188,191.92302
141,133.99083
83,76.713295
55,55.326344
103,55.438183
86,94.0034
134,110.0449
176,192.49591
239,268.27716
281,273.44586
286,257.38083
246,225.92781
237,202.32762
221,212.79181
233,209.38412
260,227.35916
223,243.72714
246,232.84189
256,266.58917
279,287.05515
353,282.2893
281,303.8027
251,250.15553
247,247.89854
265,206.23697
206,190.01785
151,137.38225
114,108.39399
111,91.51773
97,89.67485
104,125.58458
124,151.10587
110,156.45692
123,154.11629
147,176.63695
170,188.71819
213,203.21716
220,226.17458
274,236.38988
311,276.55844
390,303.01184
471,381.79755
538,421.16772
504,517.25214
444,496.5316
460,396.45367
535,397.26245
606,429.20618
570,436.2922
415,341.605
274,232.67157
170,156.58342
152,112.56526
114,105.54903
109,109.785194
105,166.19699
136,198.52808
172,196.33737
161,197.1058
224,183.853
191,225.255
174,213.33476
193,200.57591
190,232.51407
207,232.11119
216,268.073
243,299.45407
283,329.27002
293,346.44214
321,337.66147
266,365.7979
307,353.33572
325,366.29596
266,312.45355
181,244.7607
151,172.97191
142,180.58704
128,143.5853
95,121.75935
113,121.021355
127,155.30794
176,177.39944
199,218.53218
214,247.38014
229,251.49057
211,245.56792
185,241.66757
205,216.94078
246,240.85858
240,279.7223
267,300.63757
337,318.38672
298,365.63138
317,319.72012
325,341.66766
352,373.13354
366,379.43134
268,342.33826
256,231.0807
160,206.58041
164,173.46964
115,144.9193
115,107.31367
121,130.67828
129,131.54355
155,171.25189
207,200.28778
252,245.79173
293,267.60312
271,280.6002
289,259.84308
247,273.0865
258,262.53656
262,260.7333
249,279.92322
285,282.6383
287,279.8192
216,273.52106
198,224.73798
207,220.60255
212,191.81776
393,366.55185
442,338.47244
444,300.1427
417,272.8681
404,216.79417
260,208.78178
194,214.33163
195,195.344
188,251.15765
215,266.3825
323,294.58096
329,359.41544
332,305.64243
296,301.74832
288,289.875
316,298.2919
522,454.7646
432,462.13928
458,417.41348
399,437.0932
380,383.07257
395,439.8744
669,578.04
518,480.06546
493,420.94745
884,396.05536
326,536.4021
275,295.85178
230,269.17328
268,184.47948
233,252.7391
182,246.82059
193,256.40512
208,275.59488
302,279.35513
280,366.48297
257,294.47464
227,264.68726
219,246.16089
290,260.0042
304,348.22382
349,385.69183
411,359.73392
379,374.30548
430,360.32602
525,464.45554
394,472.46378
332,297.48746
187,244.04785
133,130.79205
96,99.74695
91,83.6233
123,106.99712
138,113.43774
195,178.787
255,245.42091
255,305.7151
341,253.2569
326,313.32867
346,318.3919
346,318.78696
334,312.71536
330,303.01416
316,319.2182
329,342.3652
383,414.3524
439,421.45645
554,470.89774
657,631.7496
772,760.2132
557,585.58746
393,456.6865
325,293.98596
189,196.66624
141,127.48521
107,110.47843
121,101.10111
106,110.43718
156,148.76794
261,267.62967
353,371.828
335,330.63123
338,327.8361
329,338.71887
279,316.19965
300,294.2668
297,306.1404
326,307.92743
323,373.94107
471,422.19644
473,491.50958
527,530.18115
692,748.011
841,897.8826
632,676.1556
541,491.06506
375,388.92264
214,248.19963
126,148.58751
129,106.905594
105,128.95207
132,119.0404
189,184.39622
274,322.85867
432,383.63617
307,382.26163
287,328.2664
305,327.46756
341,305.86008
306,335.81885
314,312.374
346,335.2851
378,423.2055
503,459.94962
531,519.65063
672,572.8379
672,762.25415
874,889.6861
785,759.91315
561,556.55963
397,419.0721
258,274.0324
173,159.48557
120,137.82913
176,135.55212
164,160.64275
230,228.58089
380,347.14337
456,497.86035
390,395.0708
365,370.51254
362,377.79706
364,345.47528
364,347.83798
371,349.3177
384,371.76715
433,428.0494
465,462.96472
522,469.1095
579,550.1455
730,688.7192
982,941.9875
863,799.52057
659,587.143
469,481.35916
250,335.7369
195,184.53252
139,154.89896
180,164.86151
214,174.74767
248,246.96207
277,315.8425
352,354.1395
337,323.9171
428,351.68466
484,424.01688
389,422.71335
323,350.7692
335,311.1422
336,321.46518
367,355.12473
379,391.28583
431,415.29666
413,437.2953
488,450.31546
702,754.3279
651,729.1933
611,550.8714
517,479.73465
393,387.35095
281,278.14462
217,200.32587
121,185.22226
116,141.63446
121,153.69566
171,174.54305
225,239.96283
287,287.12552
367,346.26608
395,388.17828
316,356.02484
255,301.53113
263,265.42288
315,289.33337
484,437.72552
402,446.1296
386,419.83575
378,394.62015
348,397.46387
485,470.44183
724,656.96515
567,544.65533
430,452.85693
375,357.11987
298,293.26746
283,254.97693
245,228.71896
161,186.47517
169,167.70801
197,198.69188
292,271.64807
443,333.0638
418,425.40598
465,429.45123
390,388.23923
305,331.34116
378,285.48322
459,353.62302
494,464.24435
494,465.4378
361,439.03204
310,341.51617
323,316.64764
595,424.8769
465,554.3685
325,348.6321
268,232.97562
124,167.70471
92,94.21142
79,83.46857
119,102.615005
114,108.49127
177,147.97517
177,228.11746
306,264.5718
399,292.8989
330,361.59766
376,336.64902
409,345.78372
374,372.04077
301,355.2694
266,307.937
365,308.8664
435,433.0019
489,450.64316
528,497.475
697,684.2739
909,847.47266
720,655.9552
510,509.5067
343,369.2852
201,236.16277
158,138.08136
111,127.02005
144,113.8458
130,125.98121
200,164.89407
313,244.87524
357,366.7847
321,363.06485
289,340.54126
306,323.7819
280,304.6414
270,296.95587
294,291.1321
273,301.14676
293,336.00342
417,346.72003
484,438.3106
527,488.31067
621,593.6715
923,777.49536
635,789.22156
464,445.94107
339,366.25772
189,223.21329
123,143.19862
110,106.20264
115,125.59391
112,135.96881
185,189.53804
308,336.92627
419,406.5637
320,364.803
280,318.03714
332,305.52005
277,320.4411
269,291.825
268,296.0644
331,300.3116
412,392.82446
495,475.9734
457,502.351
576,539.4265
756,721.6608
974,942.7504
810,801.1271
616,545.4128
349,445.4589
272,247.39746
160,166.55225
137,126.77058
158,147.6301
165,154.43945
224,234.99825
367,361.05692
431,473.4234
381,376.76016
393,342.96484
384,396.4947
401,352.77167
341,369.39288
335,334.94934
369,351.9413
434,425.84723
537,466.82617
505,505.30902
512,536.9652
778,671.1727
949,939.4165
870,799.52057
655,624.3562
447,489.97894
317,319.4017
221,216.94824
146,165.66049
189,162.14459
208,185.02316
244,248.6192
348,320.82767
339,375.12244
365,317.90753
367,371.92908
421,376.04413
387,393.28146
373,344.02258
366,341.3813
327,347.48282
355,347.7669
408,389.7823
438,433.09128
415,440.06067
516,448.77518
782,770.2686
648,744.2666
546,550.8714
494,468.41348
375,386.1189
279,285.25455
206,215.80737
162,165.64488
125,156.26126
166,140.91716
193,199.72543
254,258.9645
355,306.1201
445,390.75427
423,438.35434
337,382.21024
313,316.8195
336,306.1748
278,339.02246
547,412.25995
429,496.84964
415,430.64453
447,409.6522
505,434.9482
501,544.4247
786,662.1366
621,555.5007
422,466.0447
370,363.4271
389,284.34924
369,284.80255
298,245.84158
241,176.19624
232,230.07501
250,246.0228
295,301.93045
381,346.34937
461,427.92505
525,456.15424
397,427.16125
364,341.94177
330,331.8098
393,325.02155
456,417.93192
518,441.8651
422,463.0648
427,380.03482
394,416.59302
633,500.0214
446,563.08154
274,327.38004
213,216.81303
114,133.08405
92,87.41675
110,84.21459
129,123.9771
124,134.1481
198,189.70251
303,255.73477
295,327.1908
369,320.41187
336,361.17557
344,364.30087
300,334.55563
326,313.60376
284,322.3753
302,290.40347
319,339.62457
437,396.38312
480,455.4668
545,519.51135
672,690.1044
840,875.3113
613,649.10815
437,464.5046
369,326.78122
205,217.58214
132,132.75786
100,108.63596
101,118.07347
122,110.295944
150,174.4506
283,298.74146
337,372.98535
337,342.17468
330,330.58438
313,333.82153
303,305.36966
334,308.54102
340,320.46323
313,337.73416
444,353.79443
601,491.47974
490,578.17975
545,531.3479
737,721.85486
885,1013.1851
657,697.2956
480,505.95502
384,374.47717
268,243.21223
150,158.02795
120,117.569115
158,118.09613
181,142.3819
241,221.42844
486,350.81348
558,526.2211
458,455.97266
353,400.60638
371,356.3032
353,345.06302
316,343.74985
383,327.3806
409,371.26242
484,461.1672
469,552.09314
510,494.27197
573,574.1991
721,736.31995
843,907.94806
793,769.9582
633,558.9737
443,433.59528
289,300.64444
212,177.39055
146,150.58965
200,156.17287
179,189.62875
247,253.82126
374,405.07648
456,513.781
370,432.86957
382,378.48013
373,402.34543
343,365.44147
361,331.68863
377,368.15628
352,398.36923
404,423.75186
458,459.0308
476,497.2365
556,511.6875
696,740.9821
841,929.0994
718,822.83746
648,611.2705
436,518.4157
314,320.07303
198,227.52272
162,157.98532
177,175.30779
169,191.59534
224,256.2013
284,319.08588
310,374.24863
338,331.0821
320,357.1044
365,367.3469
367,351.70016
331,343.70328
288,325.71472
292,301.22363
314,339.0462
348,368.8744
387,403.03564
375,423.56412
391,454.40686
671,611.08685
649,675.2627
521,550.8714
464,450.66025
343,371.83118
248,270.287
199,204.39053
159,174.11676
87,138.36716
111,138.68501
139,184.57214
280,214.86162
319,317.0793
371,365.0257
353,398.12268
287,331.8953
308,283.12057
284,297.0689
332,301.4727
529,450.27722
431,474.7475
390,417.06906
391,390.6117
386,384.8892
461,488.7163
682,691.92944
560,516.37555
431,435.60306
348,350.54172
296,276.19644
277,252.92296
211,233.60506
127,203.8849
153,185.06319
204,188.28658
257,298.07852
397,343.14447
424,431.99857
452,430.0557
375,386.75488
312,323.61148
330,298.89276
333,349.5458
416,417.8394
436,446.27304
417,398.5243
331,369.08688
327,338.00122
427,484.64005
404,433.62967
280,315.48456
191,207.97845
148,119.08072
66,101.59516
83,76.39114
102,114.28932
113,120.022316
129,187.75679
158,245.58127
242,261.84222
312,312.32193
326,321.72702
298,347.96365
292,309.6824
301,307.9085
243,305.5933
234,269.35895
268,282.94702
315,363.24295
381,379.06348
394,466.9453
526,543.07855
665,755.7773
589,558.2497
413,463.99054
313,304.4184
175,192.7028
126,119.98937
89,100.93228
84,108.18579
79,110.68313
121,132.14044
172,224.73236
210,288.23932
243,283.89697
271,290.514
304,301.07938
273,292.085
263,294.15134
237,272.34464
286,258.27896
309,317.8936
328,392.3383
405,396.79016
488,456.93237
524,673.7346
870,762.7736
695,689.8432
420,504.52728
254,322.75357
163,181.33296
118,120.0183
107,105.31488
77,108.933426
65,107.65719
108,145.4139
122,215.63069
171,197.52885
237,234.77835
250,275.60675
278,292.74567
252,290.1459
221,271.25397
224,248.45361
274,270.2748
362,356.38547
278,424.5812
286,326.6688
469,365.03183
372,623.4359
434,572.08655
529,634.3324
369,493.67026
261,313.19037
196,210.49304
139,149.99103
116,122.09041
99,125.14276
97,106.78207
93,120.10715
63,137.24399
49,106.4715
45,166.9203
79,119.627464
100,109.62999
90,80.222404
118,83.39578
180,94.41269
286,167.77112
275,331.94067
381,270.91855
371,365.9554
357,400.54056
353,417.25507
359,399.9359
286,426.83698
278,197.042
202,221.23418
125,155.98889
71,114.737564
81,89.66828
122,130.63475
119,169.95798
163,189.00177
143,231.77335
212,197.33934
325,250.16837
353,316.64944
353,352.8945
288,345.6985
291,272.68527
284,288.10156
341,294.50095
497,366.26517
461,454.40335
424,456.82162
394,411.58435
364,418.1474
481,539.353
728,581.53625
513,548.74603
428,441.86908
259,329.44418
185,197.10567
170,173.86752
146,148.76648
120,121.23673
147,128.65874
160,165.65654
219,230.6141
332,298.9499
391,382.35486
426,408.522
383,365.12454
285,338.08295
297,282.07315
322,309.34198
498,458.52914
436,484.54486
383,418.5242
398,387.6585
340,385.846
434,449.47885
545,676.98016
395,503.37796
368,368.26944
276,295.5443
236,234.17903
242,229.14313
174,228.7788
131,156.69957
130,159.29645
194,183.18268
247,266.46817
342,342.53653
413,426.23108
455,440.14157
378,411.02817
306,327.82684
326,295.3919
274,343.88535
369,385.87646
495,430.5457
410,449.35013
320,362.20966
298,315.28937
289,408.54208
262,347.47357
204,262.92236
592,552.0491
560,393.91238
394,330.6762
277,239.68187
225,167.63037
92,124.02608
120,114.492836
148,142.11906
184,224.6916
254,262.13403
366,314.69083
396,395.95544
459,410.64078
446,456.94296
431,450.5931
448,427.87476
388,457.3684
517,437.7216
649,591.43097
690,681.1739
657,650.0517
707,682.35004
764,712.5137
665,671.8578
657,535.3572
889,495.79
176,465.65076
117,171.54752
147,136.84663
120,96.07774
110,102.52478
141,135.68677
202,176.27785
268,252.81126
285,337.66022
293,332.16125
260,327.86584
263,282.7687
299,289.4581
330,306.64728
392,336.72742
417,403.453
475,429.84726
398,460.99783
402,365.57294
362,379.47858
262,315.53986
149,175.73573
86,88.79665
40,59.818096
34,26.994474
24,38.08477
78,55.1255
114,108.979706
230,182.67244
336,317.0863
387,385.80353
311,318.358
343,281.4814
287,332.06934
286,282.2399
335,301.30975
304,332.7773
326,315.15558
378,359.36664
425,447.1216
494,477.3659
478,485.61526
461,472.1319
453,474.95966
417,395.59122
219,223.11845
134,118.02882
65,65.089584
50,37.898254
33,37.861336
65,57.39562
125,97.042786
223,214.02348
354,349.38538
376,432.85214
352,328.107
302,321.1805
321,306.49576
317,317.6947
310,325.80307
344,322.60794
351,348.31607
367,381.201
475,473.87622
502,545.05786
518,546.70715
547,559.9667
554,576.5469
513,510.64664
306,317.59683
169,175.75166
80,94.936226
55,57.687313
29,42.638042
54,68.5845
107,106.672935
220,202.41528
348,367.72934
428,434.86966
354,373.68576
266,313.4962
318,299.74185
291,330.04755
296,314.11896
344,320.50885
364,358.84308
392,414.63303
501,486.3951
577,561.48505
564,604.20215
638,599.52734
692,674.83704
576,598.83813
413,379.5063
226,256.96628
108,130.3747
54,73.011635
66,52.36744
81,76.53318
112,102.2908
222,211.39348
359,359.27185
444,451.80087
318,390.4774
345,291.29617
339,345.33008
356,333.2326
383,350.442
353,385.40997
409,382.1463
498,439.6359
561,538.4592
624,591.79175
718,643.0498
667,685.4307
771,698.5383
797,707.6016
549,600.89435
285,376.62103
140,198.11272
85,106.62798
77,84.94465
122,101.2439
141,128.65639
194,189.04114
293,327.09766
390,367.16083
319,338.0167
291,314.9882
366,317.2414
359,366.68866
370,364.6169
339,366.07907
350,345.5866
391,377.9861
470,455.2542
616,541.3344
734,705.95386
585,692.43286
563,647.76855
695,657.716
700,658.6766
528,551.46765
351,370.6752
167,253.36948
132,158.95624
98,138.53033
58,97.50056
93,102.2607
131,145.17827
171,212.0726
291,247.44667
297,335.32086
356,353.93164
412,385.5828
440,425.3647
399,440.54617
469,412.9886
490,478.0705
581,523.1212
624,647.7995
677,696.6551
583,648.57104
598,594.6901
697,650.136
640,645.48004
464,548.8762
303,375.52173
206,206.86278
153,152.83063
130,125.46033
80,89.72139
97,93.671364
103,126.89569
154,159.44283
246,234.04591
337,311.71237
382,357.5346
406,382.59073
388,391.83804
501,369.06906
457,463.55002
378,449.31454
379,397.99368
350,397.668
271,354.19894
286,279.9452
274,286.2029
222,256.4603
156,150.80989
86,91.145935
43,47.299984
27,27.84772
31,26.944477
57,62.511536
108,104.15669
185,186.83678
308,306.37488
382,379.17194
287,315.6349
272,284.18506
293,282.32886
365,292.1715
407,362.78134
361,399.9325
307,360.24036
376,346.77002
493,444.49466
514,514.0846
434,500.7193
433,423.4792
469,442.26697
423,400.265
277,233.18091
145,186.70813
68,84.844025
45,45.075195
40,40.861095
74,54.967064
86,95.32884
163,141.59132
340,233.10204
401,403.39355
351,344.33817
330,312.3348
357,329.36243
338,352.6441
328,351.6146
356,356.483
351,358.6415
420,386.62454
557,478.17218
592,549.627
562,543.08527
506,512.79376
487,477.45148
415,460.2627
273,264.6124
133,168.0092
70,83.96508
49,50.601933
42,43.881035
67,63.036457
98,101.60639
218,187.14317
358,362.89706
471,435.92725
379,382.79016
337,329.02646
351,351.09848
307,344.26746
342,324.91373
344,358.55377
328,358.84308
362,397.68936
480,470.61655
571,570.4929
600,588.6912
696,616.0133
700,664.21075
637,575.87256
356,413.05057
220,212.7222
104,120.985374
57,61.77627
56,57.12185
109,80.50889
127,115.98329
215,222.3844
382,359.86517
405,465.9028
352,360.07614
336,341.79602
381,345.10876
404,369.23157
375,399.99182
365,380.80838
386,378.94193
443,415.62885
528,517.4705
606,590.26385
741,646.94507
719,702.64874
824,755.74725
798,740.9709
522,609.2535
380,360.72366
241,202.52092
115,133.43057
92,83.90684
109,116.31268
123,132.25777
220,184.18333
295,322.43878
370,367.5284
347,339.41306
314,322.8845
346,334.48682
376,354.1708
357,376.30472
381,358.95343
405,382.79184
346,427.58258
519,425.28812
637,583.17096
705,711.70996
734,698.5384
640,771.2714
739,730.1405
669,687.14746
508,565.4034
347,380.9543
223,226.66238
165,152.53134
135,126.00115
61,83.356895
93,94.75334
133,146.08687
200,193.10284
307,266.4649
362,352.7011
426,396.96494
445,433.32922
457,449.80392
437,462.95813
456,451.4852
546,472.67798
594,575.24
689,670.2022
730,718.6973
680,702.3107
669,654.3679
759,711.1402
682,667.3708
436,551.64667
337,353.93314
253,229.68845
135,171.50662
113,131.6083
70,86.50983
80,90.88357
99,119.68149
193,157.4911
265,256.17966
359,336.15582
414,379.17532
444,424.17184
450,419.21115
379,408.03976
402,364.36682
387,411.4827
384,405.7327
361,398.7163
338,360.34354
348,307.7586
336,332.00348
290,299.98795
176,199.0609
81,98.73161
40,44.255875
28,61.87209
27,28.851812
71,62.34549
112,99.97601
205,186.68303
315,313.74246
392,385.32742
310,317.18262
322,284.0332
313,319.38177
318,312.84085
301,333.86783
364,311.58005
373,366.06668
398,403.31924
490,457.52576
528,513.09375
472,523.30884
543,464.75388
481,534.8352
431,424.90674
217,238.6028
110,130.03508
63,59.651707
40,41.55531
32,36.58455
60,63.756977
96,95.83408
211,188.88084
364,344.3604
447,423.0553
341,363.436
284,319.67496
311,306.9779
332,323.81808
339,330.65137
371,363.15027
361,383.29095
462,388.84146
551,552.7501
617,589.65735
556,598.73126
594,597.6258
681,588.0546
548,546.265
310,314.40033
161,172.88243
96,86.48588
51,56.71586
40,42.044476
72,60.872623
110,105.0979
239,215.16714
436,378.0103
543,473.5561
413,421.99326
341,328.42892
331,345.68982
344,331.96378
331,349.60205
346,355.49905
345,361.33502
449,404.34238
534,538.2211
623,596.62244
619,621.3705
682,651.77893
710,711.4508
662,628.19257
435,445.70526
187,259.59564
90,115.31492
75,57.615322
48,60.62113
73,83.16041
129,118.86866
194,227.36932
415,371.67926
446,474.4022
366,389.61444
315,346.7361
358,339.29837
351,377.37906
347,359.33588
379,363.01855
412,393.3668
454,454.2312
529,534.59674
578,618.2467
674,646.36334
716,679.76666
772,755.74725
800,746.8546
535,600.8554
376,388.2687
200,245.59268
125,127.05395
83,91.10825
128,108.81592
129,137.31024
175,194.13997
315,305.13486
374,382.58322
324,344.39484
326,306.12402
350,344.10965
322,357.808
367,342.34985
374,381.72714
364,379.5624
405,384.91772
472,473.57623
589,579.9028
649,666.5462
594,681.4954
552,659.5852
674,640.3444
633,653.0944
486,541.3747
345,358.01843
255,227.80577
183,175.50494
151,145.33533
100,92.59017
111,105.29303
169,151.15306
253,220.76587
278,301.05322
397,334.02792
377,419.48923
392,400.89188
414,415.2163
374,433.8879
402,402.7669
403,444.5856
542,467.69742
553,627.6253
683,620.3352
616,651.8464
591,628.7629
634,657.5659
597,610.903
402,469.70544
338,322.73553
199,239.16457
170,151.15778
120,138.61569
99,90.03167
115,103.222694
133,120.304756
161,183.4299
228,238.93535
359,314.591
351,386.64902
394,370.971
389,384.6268
388,376.44427
353,379.1036
380,356.945
353,397.67035
367,362.10007
321,341.31998
249,317.2401
253,275.7295
223,246.24533
154,151.87216
86,89.36301
50,45.193405
21,31.079163
28,26.33523
59,67.63135
86,105.561745
135,183.49278
275,260.80093
295,366.67728
238,275.6529
240,266.6811
251,260.10797
273,275.28275
296,302.4889
294,330.50943
308,311.9684
373,358.0717
387,456.654
395,453.88638
352,415.7246
339,391.403
322,381.6452
313,334.2538
218,201.51312
92,130.08522
57,55.036423
32,38.67331
38,32.247406
81,62.170647
98,96.957436
155,185.64098
293,301.40002
352,377.19675
277,309.02295
268,267.30368
308,281.6193
314,311.4953
298,321.3904
362,323.85718
378,361.51508
406,426.34454
332,506.02496
360,409.6055
429,400.985
394,480.15244
459,432.28445
433,449.3196
324,273.84155
170,178.97757
103,86.89852
63,58.806328
80,45.588627
78,78.658676
93,105.99529
150,188.93773
195,300.57892
237,312.93796
263,277.85455
239,277.57422
248,281.79626
291,282.5177
290,309.09286
298,327.8635
249,336.2409
238,316.92648
270,310.05
304,324.72058
418,316.9353
353,451.08243
278,413.19366
282,303.5675
257,261.4827
186,182.80984
138,131.56262
109,93.32194
82,80.77807
78,85.226036
51,103.874565
87,90.21212
80,132.47798
127,139.04718
133,167.29138
152,141.3383
150,152.22751
182,157.10521
178,198.73045
149,207.58945
179,171.91846
219,186.09799
228,214.26332
230,219.19122
274,183.28845
294,207.77562
316,280.77435
263,339.35797
180,160.33679
103,112.74963
60,100.52141
41,70.121826
29,72.79371
26,98.42397
39,93.362274
42,149.86438
62,178.22476
97,225.6161
118,148.72598
156,154.07281
211,172.28445
224,240.12027
205,251.29208
210,225.59189
230,240.52568
281,270.79105
289,335.40564
323,345.51617
299,365.92203
314,299.71176
303,331.2923
288,353.2672
289,280.3249
204,231.11867
135,149.81154
85,109.103645
65,99.9202
71,84.23887
53,57.336884
64,75.16118
63,98.08656
93,116.740364
145,152.59898
188,192.15372
252,236.00752
265,281.6981
257,287.82538
250,282.89478
315,263.91797
312,350.10922
343,360.17325
366,403.9557
374,418.085
353,358.98923
331,349.4678
332,380.5291
331,291.48676
227,261.22253
173,164.88885
136,119.978134
83,113.01991
69,92.37315
80,68.89705
66,84.84706
69,82.682846
101,103.14097
157,146.63464
247,209.11563
296,278.15927
303,301.04828
342,299.995
287,325.5928
307,296.8864
283,311.0857
294,305.1086
262,311.12082
221,271.39246
231,230.12419
228,244.25354
193,227.11328
112,151.30002
550,515.60236
648,452.59152
676,454.7454
578,366.41348
310,236.12924
118,124.00123
109,88.23584
111,116.10852
133,140.7894
203,186.37059
256,249.75357
326,287.1002
342,334.00256
397,350.3311
356,399.82025
407,367.14014
411,415.21347
406,435.5411
500,440.40393
544,510.0551
567,520.7116
587,560.573
650,612.08636
616,586.02405
610,564.25134
1007,524.038
382,628.66766
226,304.9647
114,164.77785
95,88.02396
88,85.510025
100,94.35656
86,118.84036
158,146.93362
192,217.55954
227,244.87122
217,264.36072
227,254.19835
244,263.05948
221,273.35764
264,249.51279
290,295.77783
330,309.8699
321,326.40125
354,318.71997
408,360.6387
322,375.59372
223,215.49588
159,151.3471
114,88.91411
78,61.551014
52,45.45569
52,46.568977
61,61.021915
154,112.76464
200,203.41368
226,245.5224
201,221.41365
204,191.30592
226,215.57806
246,238.78117
313,261.6849
303,316.2318
345,308.5905
342,363.45673
488,428.8725
486,508.68802
520,474.46796
495,533.2943
607,559.1458
402,460.23227
244,264.16492
176,170.63683
89,91.24634
49,56.45225
27,29.97547
52,37.49943
79,63.989735
136,146.38416
208,224.2703
243,279.45032
221,247.42122
218,223.20793
239,237.20589
254,264.52017
299,296.9253
317,324.46228
340,346.37888
417,403.48935
539,529.2655
588,576.7407
566,598.42535
653,637.9829
688,711.22626
448,537.7098
314,326.20938
192,210.08516
133,102.60629
46,68.43142
28,30.420786
43,39.498287
81,62.723007
134,141.47676
199,222.41364
302,283.4562
258,262.9588
263,245.51222
301,274.3109
308,310.71094
331,331.842
338,356.19888
396,377.81146
440,449.18173
548,550.936
585,600.47894
599,600.72516
725,697.9513
752,698.19855
586,586.488
462,399.3445
271,304.08054
141,148.52956
48,71.14744
39,37.57403
40,44.004604
70,74.47752
138,136.34805
240,220.56807
301,299.87363
286,281.02985
246,275.34146
271,287.01437
373,296.9782
364,388.86276
407,388.59183
445,422.38376
509,473.90906
521,561.0383
638,546.9101
666,663.59015
740,712.5032
808,742.13055
681,687.62537
512,547.7405
336,387.61176
251,253.76628
171,155.67589
122,98.97899
85,81.458916
78,77.83321
150,117.5165
210,214.23083
206,246.77243
220,233.09688
243,239.67213
278,270.79803
317,303.6273
352,335.01227
385,369.7949
336,390.2743
466,367.9009
463,486.3636
556,498.8324
560,576.60364
546,571.8326
601,571.61896
748,663.47253
684,697.8426
568,575.96747
454,461.02322
340,385.1121
222,255.09859
132,134.02496
73,76.909294
62,77.62403
98,104.095894
129,134.81181
169,183.6939
238,229.73308
312,280.57486
301,328.3092
360,327.10458
384,377.0747
380,385.55206
447,417.42014
440,465.18234
479,492.85275
560,517.9135
529,561.9187
641,557.77423
691,683.63525
683,626.4841
498,593.912
454,444.12738
327,357.72003
215,238.00085
148,142.33951
60,85.225525
69,70.36613
78,94.40032
108,103.91345
163,157.22237
231,206.9338
270,254.47183
346,277.3616
308,337.80768
496,306.41446
466,454.59576
394,436.62137
388,391.622
357,381.6412
303,340.34366
318,304.8333
338,330.9455
302,318.81085
202,216.78267
160,136.79239
114,92.936646
48,63.626873
43,33.989162
47,48.654324
55,60.750027
124,116.97945
187,189.77112
237,241.17458
216,214.03249
221,201.46275
252,227.14333
312,257.52902
358,319.1936
314,372.97403
309,331.02127
362,350.40472
496,446.5798
530,515.63043
502,521.5927
591,542.7268
621,648.1719
532,473.88855
371,296.73254
176,279.60873
109,116.124794
54,69.424644
30,34.68772
45,42.697754
58,52.300037
104,102.80392
181,145.67557
186,228.44113
174,218.01105
166,206.47002
215,215.86
197,253.2547
247,251.50882
243,285.87662
276,284.6409
321,330.3122
549,398.5895
604,539.5813
580,573.4489
682,555.97974
735,701.0339
526,581.17676
359,354.77713
214,223.75873
97,128.04602
41,56.666225
26,29.387287
32,37.079594
63,58.070778
125,124.97108
247,209.77916
314,286.591
313,264.9822
254,256.4593
303,262.6914
288,298.14484
318,306.11102
367,329.42365
361,387.04852
479,408.60205
596,560.6924
581,640.68414
605,610.5091
759,709.3413
771,758.06946
588,586.9062
402,417.67392
256,283.18332
150,148.4681
100,74.65782
43,52.587376
63,41.346153
65,71.88188
140,132.85251
230,242.95749
295,306.32635
260,298.36905
286,266.3324
370,304.86713
362,367.5718
353,376.57318
411,388.81216
418,425.6941
479,467.7206
606,538.4185
640,632.2147
725,663.59015
808,737.28656
797,746.4705
653,687.62537
476,517.35425
341,363.85394
270,255.06035
150,172.4171
102,101.079865
86,83.58181
85,76.08555
134,127.1226
194,205.14651
258,234.45642
212,246.62143
239,240.26608
299,275.5454
302,314.67825
367,325.50244
396,384.85562
375,396.01608
464,403.12143
484,500.6509
588,527.83295
615,607.1052
565,647.73413
649,611.34625
693,682.94666
670,656.6697
534,576.6161
504,453.4682
357,409.8078
237,237.7189
145,136.51295
74,80.16732
59,77.27314
87,94.11669
118,133.35574
185,173.76152
252,234.50145
273,298.16736
336,301.94186
342,358.24863
412,365.37827
410,419.1139
439,444.59787
473,468.47107
528,515.84344
592,564.2711
636,593.6461
580,636.23737
694,637.574
708,621.3308
536,588.89655
450,470.29926
376,359.5922
295,258.4676
139,166.73479
72,73.99864
67,72.125786
76,90.55791
107,100.11382
141,161.01941
238,208.77393
272,268.5573
308,298.35495
341,307.2234
338,340.32733
389,334.06628
356,373.2971
327,365.18503
339,336.07437
380,321.71265
355,360.34338
377,360.6387
327,354.0885
228,208.16376
129,154.83025
74,88.07046
38,44.293964
39,35.87609
42,49.351425
82,62.80914
145,127.18112
211,200.30168
262,250.85454
236,230.85014
200,221.41707
220,222.57089
265,241.67235
287,297.21436
299,310.9935
323,315.98837
385,362.51688
536,469.6961
544,545.5683
591,542.7125
650,591.27026
665,668.03394
457,503.11105
332,307.23917
266,191.1417
89,123.88293
50,47.910427
19,30.667028
20,41.741474
55,58.446964
156,136.87505
229,226.28578
289,274.42358
267,255.2593
210,229.08047
275,232.25648
264,285.33286
278,298.91772
331,312.03247
369,351.47775
449,410.80347
610,551.64343
627,627.73096
653,646.7379
761,709.7292
786,765.94855
525,613.579
358,384.78238
210,248.43329
119,105.40076
71,62.3499
26,34.96265
37,31.628729
90,60.49414
143,147.09392
251,238.00206
360,320.3153
332,303.0738
295,266.96777
319,309.0309
307,319.5283
321,326.5475
387,355.6355
415,413.02072
485,463.00342
564,591.55615
644,611.5798
648,684.75775
771,738.6346
881,756.2181
611,626.035
465,421.44675
301,306.55182
172,167.39656
79,87.7323
38,43.17554
55,43.812428
73,71.69785
119,139.51476
243,235.08418
297,315.54196
256,297.96732
239,273.83856
291,287.4801
327,325.68332
386,346.9175
363,413.6133
386,406.29443
482,447.779
540,546.14514
594,595.9304
546,641.0089
731,635.53827
778,743.54004
731,669.26624
520,557.6345
390,400.04398
273,281.45447
142,172.96753
123,95.21814
82,83.65191
87,77.42212
121,130.68651
199,202.20029
225,236.79594
238,233.757
221,244.44423
272,256.78214
299,298.04184
322,333.25034
307,352.9328
346,333.76318
341,412.2095
440,419.58432
493,517.67346
542,535.2366
534,568.56726
545,599.8278
744,628.7562
580,697.8426
554,540.6027
473,476.29892
351,365.6437
243,238.632
118,143.7438
84,76.821785
71,75.01866
110,100.859276
145,142.35524
175,199.24858
237,229.5488
294,283.0105
317,322.7771
358,337.62326
337,371.6744
354,363.86346
422,389.46625
420,462.10144
498,471.32455
508,532.3734
493,541.93884
513,536.7335
620,580.68066
573,614.39856
493,548.38275
445,443.15643
386,353.6365
270,264.22025
143,147.17459
89,79.288345
80,74.36903
90,87.55472
105,117.964966
147,157.18266
202,213.72543
226,245.36961
269,264.25568
328,291.55438
342,329.3824
295,343.60928
323,313.01492
310,334.77518
310,324.42593
345,305.4929
327,343.3267
307,338.16443
304,295.99203
190,210.06883
130,133.95471
73,86.65069
43,42.914715
38,37.626877
29,49.351425
48,60.30712
84,129.60495
167,174.80052
205,230.46774
168,208.2901
171,189.15102
192,205.31477
220,234.04063
237,268.50647
255,278.48135
314,295.50845
332,359.3877
375,438.86166
388,445.22083
382,438.6745
381,479.19455
419,491.35175
337,395.09573
262,261.57584
167,170.88264
73,87.53691
53,43.0261
15,31.76883
55,40.28491
60,59.198235
126,124.87572
166,200.54472
210,231.45172
192,212.10402
187,195.5294
251,212.46806
239,257.22845
248,266.227
321,284.4723
376,346.86798
414,415.71872
406,501.97858
426,455.56046
535,475.52847
554,593.96594
537,625.72314
530,473.4689
315,372.143
205,205.59619
101,114.56772
60,55.17737
40,31.498316
48,42.683598
88,71.00329
97,138.33913
135,202.07742
148,231.58733
179,192.00098
192,210.54796
255,242.09213
250,279.30298
269,285.50696
223,317.01352
302,294.9003
316,381.15445
290,397.4448
293,328.6144
581,368.053
385,655.9617
319,448.1459
362,367.5716
285,326.4492
233,256.29718
172,153.29399
126,107.38555
76,69.27174
47,61.11466
58,63.370983
49,90.03715
69,74.67403
64,71.09071
78,87.86586
101,80.75175
138,126.1876
133,133.14682
140,136.9909
152,140.34494
174,164.90906
176,185.55075
192,146.61723
217,136.43439
278,196.15869
277,273.1104
329,240.29532
264,350.28696
197,160.33995
112,159.60226
82,122.432335
66,74.48492
46,83.33754
30,67.82685
26,68.62079
34,99.16031
42,150.16183
58,123.90138
91,108.2164
115,118.04687
160,143.8615
200,182.4068
246,226.18198
226,267.94934
266,254.3764
249,317.12927
300,303.26822
332,353.82227
338,387.69736
407,379.91733
365,442.8227
379,478.62308
384,475.7297
309,343.3901
258,246.24515
171,199.10771
143,162.8491
80,108.42464
37,59.37051
33,53.175343
39,61.705242
56,81.4979
93,103.403366
137,125.46726
193,172.52045
243,228.16074
255,282.10806
258,287.06073
253,287.29715
312,299.59644
311,361.4592
366,359.0619
381,413.4775
382,406.6021
413,419.02356
446,471.7055
439,454.82236
379,403.79855
366,329.13422
241,293.16983
183,211.8139
93,123.06841
43,62.92529
36,52.90813
57,56.69989
64,78.87483
94,97.13095
180,126.973724
216,216.06047
239,245.63087
293,257.78134
333,290.2952
278,321.1585
322,295.55542
264,325.48172
287,293.51636
266,296.69287
259,283.22046
270,293.14368
266,275.42557
152,207.07681
212,154.03691
120,104.45729
78,65.254135
68,33.685936
54,45.644093
61,55.702076
83,77.215
117,115.34788
189,169.5174
236,230.40044
295,255.97029
317,303.18713
347,313.79153
313,332.83044
306,306.84213
310,316.29694
350,325.83072
433,388.45776
465,457.12924
455,433.66388
399,391.41922
328,355.82153
331,318.30096
260,275.95706
230,181.98549
193,134.02617
37,100.109215
28,34.29999
65,32.505054
104,52.503513
86,85.598274
88,101.07566
109,132.41212
140,170.69745
146,205.32182
174,197.01097
234,220.38599
287,253.43239
319,281.35315
335,307.2381
313,329.40808
282,330.7018
293,285.85153
233,248.8095
231,225.36063
204,220.8656
125,166.5146
86,90.96719
48,53.35614
32,29.105675
20,17.695026
18,17.477337
45,37.712265
109,87.67659
167,145.52054
281,283.21558
316,335.6097
246,286.82092
208,227.08502
224,218.45683
261,235.66219
267,271.86868
243,285.80225
306,280.25525
304,319.41605
369,332.83618
377,356.04077
309,302.40256
213,256.1654
188,184.91405
117,135.86537
70,79.594376
41,39.17604
16,19.210531
11,11.575783
16,11.8921795
39,36.996685
87,85.482346
162,156.68124
349,315.90207
335,356.4797
306,287.02725
256,247.01707
233,239.62321
273,241.5623
220,273.14758
269,237.58789
312,307.39047
327,321.7166
326,375.52792
382,362.70822
278,324.25323
246,243.42728
233,217.35535
130,173.49287
72,78.58714
43,41.37959
23,21.760433
11,12.150238
13,11.93141
40,38.24144
85,76.97503
157,158.18869
348,321.41287
335,365.5904
306,309.0087
272,260.3612
259,253.66539
250,261.39978
210,238.45949
230,233.20427
308,284.9486
319,325.3901
370,361.7912
406,403.57825
307,330.1848
309,267.72327
244,273.7305
168,196.28189
80,98.23001
45,47.431957
36,28.398214
9,17.532671
17,12.370499
25,37.106743
100,80.48618
153,158.07098
511,328.60223
544,418.52814
498,404.3758
256,375.88287
275,255.15234
240,265.52057
247,238.4987
246,251.83832
337,296.13904
380,348.4896
399,414.1983
421,406.6431
342,358.5333
326,297.91467
227,282.52145
178,188.69427
106,118.73954
59,61.426117
42,36.853825
15,27.09028
19,15.609313
39,35.280983
86,74.32841
139,132.83727
299,291.9249
290,325.8973
275,289.8031
241,251.68076
249,251.4975
268,255.80925
258,265.2854
261,262.4437
336,286.60364
425,344.09006
378,439.78937
434,422.90146
430,404.76315
281,360.6507
345,262.29456
317,293.72144
210,246.03699
138,135.50398
74,74.519196
37,50.46105
17,28.771936
26,41.008373
46,50.64648
85,74.9228
143,124.67612
147,186.84106
243,214.16827
246,262.46658
298,271.95627
343,312.1524
337,327.40085
332,327.31772
345,338.9211
375,355.2779
419,413.42136
483,441.44296
466,442.47397
336,374.55573
271,310.7892
320,276.02673
228,276.6658
140,172.82
81,88.33561
41,46.464554
31,26.547546
23,28.922142
34,42.272873
76,68.50162
95,98.63416
136,131.74936
202,194.08456
221,236.9543
252,246.797
294,270.67148
310,287.5596
467,301.92972
456,416.95996
420,413.0603
362,406.75494
297,345.14838
224,245.32518
203,217.97984
164,198.15392
81,135.88524
71,74.656906
35,47.330677
19,25.150541
10,14.053526
9,14.969216
38,32.438198
76,74.580475
155,143.97224
322,287.32495
334,347.27628
266,286.1852
258,234.35161
247,250.77487
315,251.03252
289,313.23358
287,283.6473
330,303.0129
371,340.3249
438,395.28043
405,422.2811
305,316.64594
271,249.44292
209,222.2321
137,134.88126
123,75.68592
41,62.2911
22,24.132559
10,21.420628
11,16.373306
45,33.66634
78,69.54282
160,131.00081
363,231.00238
428,360.20483
305,360.75125
301,286.2419
298,297.25345
279,310.8612
275,283.36374
309,286.42978
384,337.41272
377,397.11523
406,409.99384
457,424.29718
322,388.08057
279,287.55167
274,242.25218
164,211.42819
92,110.42929
31,46.09157
11,20.58231
11,9.85974
9,11.083479
36,38.988674
88,75.669914
174,159.16524
369,343.90964
385,387.97058
316,325.15646
274,286.727
278,275.24106
250,279.09985
234,246.22983
264,252.7416
351,307.75436
306,364.725
374,371.06512
416,415.77908
289,348.05756
252,267.9901
211,250.48515
160,174.18681
103,100.809006
29,52.38699
23,26.816628
19,13.078181
12,14.163925
48,29.702269
86,88.445335
154,157.68109
349,350.22455
360,391.5851
329,367.35178
285,293.4606
280,284.24857
314,268.66013
296,289.7153
315,293.3984
346,344.8921
365,360.07166
465,409.6822
461,462.72757
351,367.66226
276,291.72876
251,248.12401
173,199.70758
109,118.313
74,59.58026
41,41.07674
27,20.009422
24,17.658041
42,39.887955
77,78.796486
114,134.01564
296,267.9213
317,313.97485
268,293.35373
271,254.62886
253,270.55438
280,270.8589
286,279.3025
309,288.70776
350,316.24942
351,360.0886
400,395.69208
444,439.24683
485,427.47455
331,381.00995
289,300.08102
248,259.54315
225,200.5918
106,147.19167
84,65.7685
43,54.978424
18,27.459558
17,27.404655
40,43.51383
78,71.32968
115,124.64034
163,172.0969
250,223.21948
260,272.6873
283,285.2265
285,305.12704
328,294.4925
299,326.14905
328,325.6671
411,349.18167
454,450.24338
452,478.73987
400,446.4835
308,335.7529
259,286.44983
297,250.88487
280,267.71268
160,183.03345
97,94.03536
54,50.672718
34,29.274973
32,26.936964
40,42.994217
57,67.564224
88,88.75945
131,126.9503
174,191.48517
241,220.54099
277,258.36893
322,282.05743
331,308.68588
277,319.4605
306,294.42896
320,311.56833
350,335.92136
302,335.25534
234,255.67531
214,211.44531
176,188.20047
128,138.53204
72,82.977356
39,45.540443
15,24.292316
4,14.929647
4,13.4960985
36,35.873943
86,74.7498
174,147.20836
319,309.4507
337,344.39017
325,268.974
245,261.49518
262,241.30257
275,259.66876
229,279.74564
285,237.75464
328,303.57947
318,334.6796
383,367.0702
363,383.1451
227,290.64587
196,208.72296
145,180.36888
134,123.653946
86,100.458466
34,44.932636
20,16.513174
9,11.857296
9,11.044249
34,37.12786
90,83.04027
151,164.88622
358,334.0211
378,382.50577
319,326.70493
263,261.83582
257,258.65167
243,268.30914
205,242.0176
274,243.29945
320,313.74152
319,338.51648
397,380.02042
411,412.12747
275,322.45804
274,240.58603
257,234.43405
186,191.79488
94,102.44545
32,47.063984
16,21.253696
12,10.223369
12,11.447108
36,35.330315
87,83.06381
174,157.78978
391,353.64328
398,404.957
368,336.72528
269,303.43225
265,267.72617
230,255.20973
213,222.24814
246,246.06044
319,294.60745
302,332.20105
362,368.6555
392,400.39795
313,317.1151
249,284.9365
229,246.97192
159,185.11183
111,102.75781
50,53.581738
23,29.787228
24,12.6579275
6,16.952942
41,29.702269
75,83.75577
161,156.18385
342,353.1967
368,394.29498
302,388.9049
254,272.82855
266,265.3255
227,262.16125
228,237.37259
242,250.35417
321,295.9037
339,346.6796
411,384.06598
427,436.37057
394,357.4234
268,319.18622
245,249.14963
194,194.52855
135,125.79089
76,73.24148
30,41.45866
23,19.613419
21,16.879135
35,39.884712
77,75.012566
122,120.44897
314,269.7657
347,318.30045
312,302.117
248,263.2446
215,254.16493
261,230.59402
237,261.64896
260,250.06853
341,298.463
328,357.7633
374,382.81992
417,421.2954
432,418.10132
330,347.71573
291,299.1201
276,264.07
205,228.17603
132,138.20471
93,78.785805
47,52.03243
32,22.625715
35,29.056694
58,46.946606
78,80.97346
117,123.738335
210,171.97305
246,250.48878
256,271.8968
290,273.1669
280,301.5453
325,282.25296
318,314.94742
322,330.1708
349,348.491
410,383.2444
442,436.31604
418,426.35043
294,349.8577
338,277.18896
311,305.61255
238,273.0521
188,168.55818
85,110.39858
51,46.617844
40,31.11363
32,35.120834
45,41.490223
81,70.61219
107,96.25221
123,139.22658
194,180.04135
227,230.92542
269,249.29378
295,278.75198
294,292.03677
300,296.17682
313,307.46378
318,313.46445
325,333.39212
298,311.21185
245,252.3163
202,217.71873
181,193.02524
115,143.16957
73,78.79246
56,41.666496
25,24.62834
15,14.919259
12,14.814691
27,35.873943
81,70.70078
115,159.79768
312,259.7063
345,343.47314
258,274.39438
248,233.3278
242,240.67258
269,251.83084
239,269.82263
247,261.42957
320,284.33145
349,332.3724
351,387.37897
334,358.80295
278,273.6498
216,234.69778
199,190.51657
160,141.76285
86,88.65959
45,47.231586
37,19.906515
20,15.074916
18,14.065229
38,36.11634
98,82.448784
153,149.86176
327,338.1259
333,371.20737
278,287.66553
259,251.2666
260,250.85056
292,270.08017
288,276.63156
269,284.09314
398,305.82553
414,391.4214
361,442.9557
442,380.89508
350,355.24017
264,280.19263
257,240.94206
212,198.44302
149,118.613205
78,60.979446
38,30.580019
24,16.626612
28,16.513851
56,38.78752
84,89.61085
147,163.58134
184,322.73184
201,308.7452
232,242.08084
221,245.99738
248,243.36374
282,258.19922
251,277.90945
226,261.78955
259,283.4227
260,302.8226
251,323.7258
280,316.74704
358,274.07773
240,301.44235
215,235.41145
196,181.69249
135,124.213806
63,85.75548
59,39.80832
49,32.745052
42,30.226965
37,50.65287
47,69.91029
95,104.47306
105,122.26115
134,148.98114
133,137.77487
113,161.24855
143,126.56447
166,183.65884
145,196.13705
181,167.38452
233,203.9989
200,231.77568
178,170.30368
216,151.89157
212,243.08136
298,191.25786
257,265.17444
207,218.69394
114,141.305
77,71.63044
45,46.870155
23,29.738209
8,26.785368
24,39.031807
30,64.166306
60,98.99137
74,184.83646
83,171.86298
132,131.25429
114,156.71082
167,126.42888
203,193.06912
216,207.93237
224,225.23543
238,250.04712
249,260.0812
271,275.41327
300,293.9707
279,289.3213
229,265.2008
222,240.42403
148,223.55951
115,149.4108
84,95.95657
42,63.91151
35,36.85693
24,18.649454
24,26.547308
31,37.420086
48,59.63393
77,80.600365
98,114.925865
121,137.24156
134,151.54022
182,162.96999
214,209.93398
226,234.75696
221,240.61282
221,239.86356
252,244.88269
305,288.5272
349,323.864
279,342.5769
259,242.64642
207,240.35802
182,194.74048
123,157.49423
94,89.02498
55,65.98443
37,41.832275
32,31.317823
35,32.111115
36,37.785862
49,59.84016
76,76.46549
83,106.26059
147,119.980316
180,177.41844
250,199.1984
310,250.30573
318,284.8429
304,290.2393
287,282.71194
285,272.85968
289,294.79544
239,283.3214
221,210.02272
147,198.22192
138,151.40773
89,117.13818
68,72.261765
244,246.00711
149,155.76016
117,87.06695
60,68.93736
60,44.17376
46,41.997543
78,66.04712
96,111.341
174,146.0958
212,211.28488
287,242.6201
334,300.606
317,339.94873
418,337.1289
320,402.9063
370,341.4443
407,382.68344
484,460.72733
500,499.77316
507,470.56363
418,419.137
404,378.9462
402,398.21277
373,349.14124
328,286.73215
294,196.62617
53,162.71703
41,49.87479
51,43.31507
92,39.487503
111,71.7779
92,125.01964
132,127.16129
158,190.25912
187,229.57208
222,239.47736
279,250.35701
339,294.2773
353,325.9381
388,345.36865
313,364.44473
354,337.20172
328,362.80234
279,280.2352
237,256.68958
194,225.36572
167,172.73622
98,111.26421
65,68.326836
14,39.644302
15,14.83936
19,15.540004
31,31.85486
99,64.3281
129,139.22943
289,231.2102
298,315.91565
247,263.1879
251,245.38686
244,255.64453
267,260.13892
316,288.44165
315,328.0116
353,343.69012
344,369.0334
470,417.36588
464,469.51788
431,406.30215
369,384.74323
388,343.16788
229,295.94138
140,131.27069
106,67.115845
42,38.890377
18,17.585672
10,15.28446
28,34.442173
76,73.405655
119,131.081
281,290.5597
324,325.54736
277,285.85342
242,259.8655
305,254.99828
253,302.43564
289,287.03293
323,311.61588
355,345.5863
336,370.88675
416,442.6148
457,474.02496
378,424.03387
428,396.98868
424,459.33722
290,334.01633
165,186.00102
98,105.95822
54,50.29648
23,24.126087
19,19.567446
37,34.74162
74,67.01639
135,128.81332
311,288.1989
313,338.3278
308,293.00034
253,265.5837
273,284.35205
287,274.27396
286,302.74594
303,311.79028
302,324.2372
310,333.40305
461,391.73343
448,506.82092
446,408.96234
510,433.3125
473,495.3748
407,376.45184
261,226.8856
140,155.18419
60,74.55265
26,27.441936
28,22.153093
54,39.898083
69,73.648186
142,138.3443
435,290.45493
502,385.43475
413,402.53912
298,342.03094
315,297.66003
296,319.5422
305,304.89084
422,331.81906
402,404.64664
416,399.36923
562,468.42255
529,535.7379
519,497.84683
574,511.06958
518,550.888
495,466.52847
313,321.3411
166,200.60095
108,106.81915
51,62.011066
37,40.05867
51,45.158276
78,64.6188
136,118.51386
259,265.66687
240,305.45447
252,260.31415
267,261.29984
320,279.6171
334,320.46454
278,328.3498
347,301.60446
366,362.12653
448,381.6642
476,461.71844
493,502.83804
472,471.49554
397,435.22614
447,393.0392
643,450.14835
472,448.93307
346,322.41714
147,194.38553
56,83.75977
36,40.581524
50,43.911343
29,43.07241
78,64.115715
119,108.25394
153,162.91943
207,215.3549
253,246.7625
282,296.32095
330,306.51373
397,344.48657
354,386.45444
448,370.72742
491,448.3278
480,493.15002
502,494.06473
461,493.13757
357,409.15604
322,366.15134
403,352.97745
454,368.10217
337,354.72397
194,199.43787
126,97.97787
55,74.39694
39,48.378757
45,33.42095
73,57.838028
91,95.16389
124,128.55841
181,184.57564
238,233.1138
248,260.6378
369,272.73587
323,358.3484
554,323.5286
517,460.59424
427,448.54956
456,428.31287
365,431.8695
308,313.2256
219,272.24005
190,204.47356
159,172.66142
102,107.2176
71,69.30296
25,29.68772
16,16.71267
15,16.416124
36,31.436792
67,59.693665
112,120.81052
279,249.82387
309,314.03226
265,269.77957
250,246.02187
302,251.76117
401,305.1551
379,383.08957
368,395.25165
394,390.55615
361,409.62125
492,442.69208
485,484.14212
393,407.24918
421,380.95395
395,380.9946
256,303.58377
158,147.43968
69,104.80343
45,42.963707
20,24.962166
21,18.41221
31,31.713676
54,59.016605
93,96.87333
369,152.78604
358,361.7621
299,326.4395
324,287.08636
347,343.98715
341,358.445
330,357.43207
394,355.3369
370,406.6286
438,394.265
511,484.53186
537,499.50272
431,459.1448
509,438.0942
519,450.937
331,370.68024
183,196.58937
101,105.06915
33,53.97015
26,21.370754
18,18.060486
31,34.74162
67,61.303844
127,119.65611
321,306.63275
352,346.11716
312,315.50107
282,293.79233
270,303.40976
295,298.7746
298,314.10413
337,324.8428
347,350.44266
350,377.39172
424,446.49405
497,489.5076
454,450.35455
473,472.28717
528,509.47873
466,407.1152
244,251.25342
146,140.72139
66,74.44489
36,32.014153
27,26.186546
35,39.237125
83,67.95015
118,142.0793
309,273.3381
330,356.45944
283,332.60504
316,285.8654
289,308.7776
398,296.70682
284,376.7695
319,330.31918
351,341.53082
375,375.16043
483,430.33273
559,503.58847
463,524.35913
507,480.44232
545,531.4052
421,509.30804
300,293.11548
167,193.29976
98,106.52928
50,54.87773
51,35.115265
50,47.5917
63,65.4768
120,116.205864
285,255.9613
274,303.2338
264,267.73776
286,265.55295
291,288.78668
300,305.93814
352,302.155
345,346.00912
360,353.1116
403,373.0743
495,458.2713
491,503.3323
514,475.99796
485,477.1472
473,466.27374
442,449.63577
464,347.32614
289,334.77795
150,179.83304
78,85.00878
42,49.148895
36,48.692413
43,39.49868
47,72.08223
87,98.58386
136,145.64519
212,203.99144
232,255.5897
293,281.60904
354,311.57318
367,368.99356
376,372.51147
401,385.48083
472,416.07355
454,498.1696
451,483.90305
491,466.22488
434,435.9588
385,414.46527
460,403.17514
470,404.86954
284,351.7422
166,196.22034
71,94.51602
39,48.312275
30,35.967064
39,40.640224
47,59.157112
79,79.9358
142,116.48732
189,190.12386
236,229.71657
282,260.1198
312,304.5591
363,315.31793
320,350.07156
411,326.32285
363,396.33173
364,367.9761
361,366.4743
323,314.3239
243,274.51877
216,226.04964
153,189.16551
103,100.432976
70,63.25105
39,33.216084
18,19.172802
13,15.540004
45,34.502205
85,66.9474
112,121.30092
292,249.82387
321,319.07507
243,278.40982
289,238.43437
323,294.80487
317,320.9422
301,329.0868
334,316.72226
352,359.82736
393,373.22412
421,468.10547
501,452.5862
398,413.05557
438,393.92422
411,412.38565
222,310.52603
133,135.12555
70,68.20905
32,37.94176
9,15.499315
11,16.23504
35,32.402077
68,69.530136
126,121.06109
314,294.36584
342,343.10242
307,294.08258
293,285.37607
269,310.4629
278,280.07816
306,301.8315
318,330.97107
380,349.1618
378,399.81705
469,454.44775
505,524.2907
394,443.84732
477,439.7677
561,505.34726
427,387.16296
241,226.68408
129,123.69447
47,59.90136
40,22.353874
17,19.353268
29,35.528576
79,66.520386
159,131.21808
358,309.10754
404,352.86118
372,342.14417
292,318.63773
346,292.7227
326,334.1718
324,330.9304
318,339.6198
332,338.2912
369,364.648
493,459.69415
525,519.146
424,481.7406
454,465.53836
513,513.08813
455,443.9624
212,277.31537
113,140.17188
74,65.09434
33,36.234116
30,25.685738
34,36.328014
73,69.41155
128,144.20216
311,287.7002
318,366.75253
322,339.03806
289,303.25412
277,304.89432
274,298.23346
291,298.9165
324,317.9333
369,340.62476
378,389.12308
479,439.8669
526,510.72824
489,487.7727
504,491.39975
600,533.9862
568,526.07965
327,344.34286
164,201.76018
104,104.43268
52,56.082012
25,40.652237
33,45.42076
76,63.810875
104,120.62585
272,248.53612
282,296.15912
240,274.55624
249,258.16943
302,270.89645
324,303.42026
311,319.84067
354,328.8619
362,363.18054
355,381.3927
400,426.28824
472,441.05814
485,474.50864
426,451.1877
347,437.23282
414,395.59927
342,384.86386
228,265.99408
165,154.01984
83,94.40261
48,46.78947
38,43.36455
54,44.78789
64,73.2515
102,100.9866
154,160.92963
207,214.25333
255,247.52086
304,292.58466
327,320.37354
335,338.3673
359,352.9636
327,371.15964
392,365.77725
441,429.8776
467,474.3436
458,471.79648
352,427.95517
332,356.4752
389,351.3296
366,367.94772
246,282.77463
172,181.7279
91,94.46096
41,51.321003
40,38.096573
42,46.228348
55,64.17489
121,86.56945
140,144.87294
227,188.589
263,257.45062
266,277.79437
310,287.19177
290,312.3365
300,304.40027
288,296.68393
309,302.47888
357,327.33566
328,362.95758
266,296.7468
264,247.69693
225,242.3333
157,193.1392
105,104.371506
61,66.621376
36,30.858143
13,18.707487
12,15.540004
32,35.95877
59,72.84608
95,112.229004
278,226.59236
256,318.61224
237,253.23515
265,238.37715
245,275.87073
268,270.72928
296,291.1696
295,317.70526
305,322.58014
360,335.50208
398,443.20996
399,428.68265
305,367.62704
330,326.57303
283,341.4415
253,234.19914
135,149.7134
74,68.84398
32,39.504284
25,15.499315
15,13.577986
26,30.486452
78,63.914154
113,122.39116
264,281.90027
299,318.316
263,279.06396
277,273.91718
255,283.5833
276,273.90796
316,299.90155
335,325.70145
447,354.19284
444,446.14737
440,490.7699
446,479.30356
490,381.30054
349,460.61957
366,403.2172
335,308.8782
192,199.40932
122,106.86628
46,56.924313
19,27.255394
23,14.534322
35,31.78627
68,72.84936
102,126.5484
135,255.47499
175,261.72174
205,229.30751
249,244.91612
250,265.41187
286,273.78665
306,309.16415
287,325.34207
264,320.1723
281,318.6547
350,361.4872
318,403.6752
424,353.86963
294,422.84674
226,338.959
240,239.20071
188,192.31456
144,137.5889
93,87.848816
38,52.08376
26,29.883932
32,33.735012
39,59.857346
65,77.64984
69,74.58156
100,93.69077
114,112.556915
170,126.25034
191,192.53018
208,218.50081
172,248.4379
183,171.29239
251,185.80042
252,263.32538
260,256.79892
259,231.28807
253,230.07477
334,176.26942
264,275.23703
252,185.27632
142,188.31546
91,111.26447
24,79.52105
19,39.981583
13,31.165699
15,43.92493
34,61.507336
48,94.694885
78,156.96008
99,152.94052
145,143.4727
144,178.22939
222,169.1624
228,243.00351
281,235.2791
257,290.33212
269,281.74564
313,299.70193
339,348.07523
354,358.71082
314,344.66293
239,325.24332
234,249.04068
200,245.29799
165,179.98991
103,139.67047
68,76.34598
43,51.9854
27,35.44588
33,30.861652
29,37.51137
32,52.33378
79,69.334114
104,114.25958
111,157.62846
192,148.64435
216,231.49922
240,245.23253
285,274.65494
259,304.63116
296,280.65628
317,323.1769
375,359.42725
397,396.9703
344,392.92752
287,320.42575
246,282.46313
234,252.41165
203,198.5382
149,164.42715
102,101.045906
49,64.956566
38,36.517395
45,35.180107
41,39.78839
61,45.86893
63,84.44876
100,101.24123
136,139.80939
231,185.79189
265,245.97983
287,272.77466
331,289.2172
332,312.86264
314,310.3915
308,314.19705
276,324.41928
230,295.1492
212,231.77477
172,208.69046
160,180.62708
149,153.21768
86,100.42215
298,235.26804
266,192.76318
221,156.0754
150,131.79222
187,97.75782
162,118.11394
168,161.14627
251,216.934
240,250.9455
273,265.18292
240,256.75833
244,255.72191
254,249.12854
289,256.0519
250,290.55072
280,267.77274
273,277.85507
264,280.23788
302,287.2879
350,331.42905
336,330.18927
308,318.51297
296,313.01895
368,336.2079
323,290.06027
361,213.39651
99,206.76424
99,100.23192
128,116.706314
99,113.42875
143,131.4112
170,183.98682
166,194.11325
218,211.21515
208,223.67282
215,218.49356
191,221.3543
226,207.75116
203,235.35185
204,222.59982
206,219.33101
224,214.9883
219,236.84738
229,225.33946
212,229.9442
220,217.9384
190,219.56662
185,189.8572
138,133.6587
54,77.18889
49,47.37697
46,50.294434
65,67.67768
102,106.93829
202,166.17064
295,280.46912
277,305.18866
239,251.20946
190,210.52106
221,201.8641
251,203.44058
198,238.61969
228,218.28876
277,242.42953
270,278.78683
252,259.39398
240,242.99533
285,242.98291
228,238.20918
151,203.7061
154,164.30919
172,152.37927
136,108.827286
90,70.56712
51,50.00095
43,40.03166
69,63.880947
100,98.637085
193,194.2543
252,317.6739
282,318.93176
265,258.32117
229,225.04216
218,221.33337
216,217.2946
228,218.94484
269,239.32724
262,277.7037
272,277.9826
242,283.37692
272,250.26457
282,276.07056
210,243.51465
185,184.59572
151,174.95854
193,159.2893
146,118.321
85,79.44874
74,54.60205
47,57.522957
76,60.25878
105,109.80703
207,195.00423
326,300.05914
314,343.47504
269,275.99448
218,231.262
224,223.42929
212,222.94939
234,226.83408
251,261.8159
250,269.22778
323,278.14197
259,308.75983
260,273.43057
300,272.79938
207,252.67946
154,202.08095
213,166.13977
221,191.30777
132,146.40154
86,80.8275
57,58.78116
53,52.90464
75,69.334045
100,111.58406
193,201.23796
306,324.55563
322,353.1765
254,282.1539
227,234.566
244,228.90694
250,241.38072
245,250.11948
280,267.56436
295,280.48547
316,303.37546
301,311.05106
278,287.47168
307,285.37894
214,265.19666
207,205.08376
218,211.7311
245,208.24309
163,153.53592
90,95.06909
64,65.47129
52,61.389854
89,73.648834
173,116.6352
260,203.42621
332,323.0033
336,361.4247
263,288.38138
248,247.87534
259,253.9223
252,256.34634
245,255.88515
273,271.207
294,271.08295
303,304.81427
266,310.13312
271,296.1545
337,303.7606
272,300.4245
259,276.70276
321,283.813
331,309.99576
243,246.15016
145,174.77066
103,113.414406
80,84.88464
79,91.05583
101,100.1934
128,149.67418
202,210.25679
237,231.8832
228,263.2475
224,243.89474
235,245.52922
258,244.57059
212,257.44284
251,244.83842
239,268.01624
260,263.73624
263,267.96146
284,277.2077
306,318.17294
295,305.31027
262,296.16245
252,293.07364
286,301.41812
227,255.3569
172,183.11429
124,121.2433
98,97.0371
97,100.51478
99,98.5417
137,129.7554
167,173.24551
168,192.53487
196,206.93243
198,212.75038
206,215.82695
183,206.63701
182,199.86758
236,203.66156
233,231.65355
198,224.18988
233,210.62486
247,235.26651
230,237.5436
235,222.21333
228,226.53264
202,221.25763
183,186.31328
109,128.72815
72,64.66214
55,48.84793
55,50.114365
64,67.36939
103,106.93829
189,186.96535
341,291.61575
309,308.0324
244,252.36168
216,206.61455
219,211.52168
252,206.84544
255,232.01709
279,250.62576
266,272.4111
262,266.55627
307,256.5312
282,275.68243
238,258.25388
177,212.9482
183,167.72464
157,166.3332
177,154.41281
124,126.94874
70,88.27595
53,57.367123
46,52.5983
50,61.14298
83,83.51312
153,136.6328
272,211.18271
307,319.45895
276,277.65277
242,246.42238
256,236.55472
256,251.9718
292,258.18594
280,291.04388
324,284.53
310,324.7172
304,314.5057
289,296.41553
275,276.88013
227,229.8762
195,207.96497
175,171.57443
165,168.75958
91,116.23425
60,63.17782
37,52.879513
46,53.52882
55,65.35566
107,96.757484
199,182.16812
347,303.89
365,332.8636
284,293.7461
236,238.73605
243,241.4413
199,235.8672
211,229.11241
265,253.19717
267,272.19168
300,299.7251
275,306.38504
258,278.79437
316,275.06802
216,261.52423
183,207.36868
192,186.6455
158,176.97139
99,114.61969
65,71.57044
39,48.360565
48,50.5565
60,68.18388
118,108.037445
212,202.94443
357,332.938
333,379.0145
281,291.40463
240,241.65263
252,239.09634
238,239.89342
257,239.90256
280,276.07394
292,283.2561
305,299.9568
285,306.52396
272,278.00494
294,284.816
254,257.28906
209,226.0906
220,211.91585
166,199.89203
115,127.35575
74,78.8745
54,58.773277
67,57.734364
69,73.88853
107,114.11801
201,191.73405
338,315.64105
349,363.8851
304,289.8112
268,256.89648
256,261.5203
275,253.90305
253,268.8326
321,273.60315
290,305.18747
308,301.7318
308,309.54788
365,315.7404
359,347.8724
326,313.36438
283,298.1959
288,296.18625
288,282.86945
252,230.26471
144,174.65005
108,109.28133
77,88.67296
89,82.00944
104,99.27198
139,146.68446
238,213.68642
213,255.35234
242,253.68764
256,252.34756
225,260.76804
252,245.12212
254,244.40018
260,266.15402
270,265.5555
282,279.06927
265,279.04077
304,287.77258
383,324.27408
371,353.54382
324,330.17047
361,321.38696
449,355.64886
332,318.5756
180,218.8667
154,120.9897
104,106.01449
89,101.95559
106,97.58842
133,134.65411
177,170.49219
174,180.03314
228,210.82784
214,233.04163
225,220.09131
233,215.90923
235,230.75925
232,235.87752
219,233.50519
239,217.65468
279,233.02246
248,263.19385
269,239.38998
257,248.34999
194,243.13927
239,199.02382
186,211.69102
128,135.32233
68,74.04255
39,48.845257
57,46.772587
80,66.882645
102,106.505905
218,185.3097
333,310.622
326,324.5495
268,255.351
222,218.19409
238,214.57458
245,238.2808
230,233.84096
271,241.26404
298,260.42715
298,282.99338
299,286.49728
252,273.43924
256,248.82288
217,218.25966
160,194.1003
158,159.41502
184,157.04816
87,131.85103
59,65.33239
45,44.28425
38,45.227364
63,65.142914
93,95.2632
210,193.95193
345,305.04184
373,332.93796
278,292.12265
255,231.50531
207,237.58034
212,215.3287
238,225.84413
270,265.0646
293,280.35986
294,295.53717
304,302.80963
263,283.4837
287,267.11087
214,240.91443
190,191.08641
168,170.64
165,173.34995
119,111.30128
67,68.42833
64,48.746166
48,48.123093
70,69.76943
113,102.539505
204,203.88382
309,334.6455
400,346.91873
276,292.57703
254,242.49075
238,231.67477
229,224.1276
227,239.1244
299,257.81964
296,292.89267
330,307.63422
287,325.69833
260,276.18668
289,280.39664
230,243.31259
172,210.81036
180,180.28946
188,169.62726
133,131.16531
74,81.199684
45,55.52746
40,51.715054
72,63.6632
113,114.42236
200,203.83836
332,322.75797
364,365.6879
292,292.9546
272,248.79834
262,255.56332
288,250.29529
270,268.85657
296,285.28314
298,299.60605
306,310.29837
291,304.33218
284,280.01047
297,288.35544
254,263.7402
236,221.53163
226,222.33101
211,209.08324
129,151.8547
84,86.076904
64,58.437424
66,57.0188
69,75.37078
125,114.11801
220,196.71742
344,329.24454
402,354.8677
327,309.57602
303,270.14224
279,285.79013
254,272.32428
281,260.68274
267,295.88715
302,284.20438
286,309.51154
290,301.48975
297,324.44696
356,324.46603
320,322.44876
245,296.4475
253,273.27142
297,281.3064
223,240.5381
160,149.00932
125,111.513855
100,89.23264
110,88.09778
88,106.099655
142,133.92615
213,221.79044
264,243.15117
269,272.5151
227,266.84354
250,245.49014
242,256.38782
233,255.91882
271,252.82149
298,278.69247
263,295.26868
297,269.51807
344,305.13324
359,344.9002
334,339.2009
250,314.2574
305,277.96317
431,330.96277
306,312.98917
190,203.94557
124,134.49837
108,99.45112
108,99.54154
115,94.90956
133,133.89633
178,170.9462
182,185.40118
203,218.90045
202,215.52165
218,217.66025
232,212.24525
234,228.4638
210,235.92668
236,221.34871
229,224.4598
250,231.52318
239,254.40529
255,234.71529
245,240.66333
217,230.9205
223,210.41663
212,197.08038
134,137.80772
67,72.56607
58,46.550724
49,53.28974
78,65.75301
133,105.55142
180,200.0019
321,303.24838
350,324.4059
267,265.15912
220,215.07988
229,213.40678
235,231.79285
225,233.75671
290,243.91785
288,279.31082
290,274.55536
289,291.97144
242,263.4632
259,239.6381
208,226.7456
176,180.47552
183,163.87714
172,166.8606
120,118.41162
71,70.56341
64,48.761665
54,45.415916
71,68.048645
104,98.88789
167,190.183
395,282.0025
424,342.92892
321,305.30124
246,244.82106
221,231.28857
262,221.77342
243,249.86191
281,267.43027
314,288.71393
311,314.80048
238,316.8607
290,255.0692
321,275.51505
293,252.69313
249,233.2581
260,209.48306
194,200.4756
117,127.038445
66,70.97687
68,58.156845
64,52.4327
86,74.51386
118,108.8963
178,193.31482
333,324.88242
339,384.08218
305,293.28174
287,249.94714
271,258.61063
267,254.68597
261,254.53387
310,275.21066
320,309.65707
285,333.5991
278,278.281
340,272.47955
390,318.4965
315,312.8422
247,267.39114
271,232.30623
232,216.89175
181,155.71654
120,121.14327
109,81.59026
91,76.080894
75,85.86097
97,105.90161
168,148.10597
171,222.77983
137,222.03072
136,174.21637
168,180.02222
211,199.87154
244,230.84665
276,261.21323
313,291.69635
375,323.1806
393,359.19125
479,341.72458
510,388.82486
540,418.77792
499,394.4437
471,379.2949
535,366.65762
575,353.0336
456,277.9256
303,206.00201
195,152.82536
135,108.96101
112,87.2113
95,120.623184
115,187.5338
174,230.43701
182,248.16696
170,202.13785
161,198.20947
169,198.5245
175,208.45361
223,217.91821
206,259.3806
231,259.78702
235,279.07733
246,286.13562
243,305.8175
277,314.09586
263,320.8657
361,276.4244
263,383.03378
260,296.19995
184,233.12975
120,150.27353
71,101.93186
72,78.83053
73,89.74466
76,93.43442
119,115.609985
154,175.63307
166,191.35393
187,200.02345
160,203.33008
193,194.91913
177,214.52373
206,207.06296
213,236.97359
201,239.17912
248,232.73228
238,259.31943
277,263.18674
284,306.8424
303,292.83508
260,293.46365
301,288.6296
330,323.3153
225,269.4034
185,169.88193
160,116.42265
115,106.377235
110,90.96958
99,95.72618
135,125.34782
162,160.21175
151,167.6965
162,184.2546
211,180.65242
210,211.94272
213,208.48398
245,214.71161
250,234.37827
242,232.6776
254,234.89763
231,242.6004
212,238.08253
222,219.5754
231,224.4704
200,224.71455
175,207.57417
163,174.51901
462,390.0753
582,362.06592
496,409.66074
366,298.75967
316,170.92227
264,136.82462
139,157.3798
118,140.83664
153,159.25601
227,209.37743
390,276.358
506,415.5947
616,495.52383
638,594.51294
628,639.7824
658,609.4691
647,651.09143
558,653.3699
513,564.5372
493,518.7381
445,473.05334
505,441.1981
475,478.54434
468,441.10498
607,407.4434
1108,442.7704
408,823.6044
346,317.78094
225,198.36275
155,126.6097
116,99.35916
101,93.63602
125,124.03073
150,171.1697
223,228.02118
250,281.4861
255,319.08685
252,324.86325
263,298.55136
284,313.6636
270,313.8975
335,307.04532
316,346.78687
277,315.4583
262,262.68353
245,269.9144
176,219.39803
130,153.31485
88,96.06678
37,85.58563
35,42.723072
45,38.403725
51,62.410645
71,71.0091
152,125.32863
249,232.48279
291,312.66794
244,243.83022
192,219.56676
228,223.929
240,235.66988
244,266.02588
274,275.18237
382,324.13235
396,417.4504
545,529.5464
500,565.356
487,459.82556
449,487.7293
723,496.99588
468,474.49918
259,263.9373
174,159.75395
49,83.49212
45,33.073483
39,29.79478
56,40.14984
79,69.83105
144,149.25401
247,253.94247
335,331.12415
258,286.79428
216,227.54163
291,245.30875
289,301.01816
322,315.6804
379,350.0008
427,432.80408
467,504.7091
620,657.7781
659,630.0699
570,608.3806
637,606.6271
595,684.3585
488,473.2183
269,305.0007
166,175.85336
102,81.6627
54,53.394573
43,41.369125
39,42.369804
75,68.69996
169,139.80727
258,265.84665
331,353.06815
275,291.91412
251,241.67978
269,287.52936
299,301.90048
311,339.11447
376,375.40634
425,439.0244
487,506.3192
693,657.0921
632,707.7899
666,622.3615
658,724.079
691,684.57086
520,573.3182
304,346.07822
212,221.91376
108,140.99052
89,93.92562
55,70.56077
61,48.996037
74,66.72368
126,155.36798
274,254.70462
326,348.56876
315,296.25134
264,272.5768
303,293.85532
329,330.4271
390,371.9198
443,436.4648
532,484.3529
632,575.6408
804,691.1324
839,732.59814
890,750.7617
967,794.5726
889,831.2163
693,618.9601
415,482.15445
271,278.23227
182,196.58237
86,146.32278
67,97.30238
68,67.045746
64,74.91244
113,119.029976
203,218.20953
266,275.53308
240,265.7639
238,248.68727
270,274.99338
290,306.40918
364,330.17947
404,387.84103
451,442.14487
508,496.16855
589,587.5747
560,605.1774
537,550.0621
464,500.3625
484,465.75137
444,482.51962
427,404.2715
323,358.74362
262,291.9298
237,223.00273
265,224.78004
83,191.46509
48,109.13741
70,68.41516
84,109.263054
130,136.79654
189,192.54555
246,244.41626
336,309.91293
351,355.88812
373,383.7996
396,409.49597
447,437.73224
446,500.2664
562,509.34122
499,565.44385
436,484.67102
396,417.0705
466,411.44653
678,451.37347
445,529.1309
284,390.9083
265,256.7598
224,224.48541
201,261.2533
101,179.8036
53,111.068245
69,64.32398
60,79.66801
102,106.34623
157,152.58942
196,220.27257
324,256.0619
311,335.71008
359,333.4626
628,358.92477
647,533.2929
714,547.58875
677,713.0725
383,587.49835
306,321.48962
250,275.77475
240,258.96515
183,221.32784
144,136.0419
98,83.3344
51,56.266403
24,39.3799
25,36.19476
41,53.167267
56,65.98984
133,118.71327
218,224.70169
311,296.99863
255,252.63396
206,217.17198
325,234.87383
458,324.04086
493,499.07523
528,562.2083
584,616.8163
614,655.2345
836,732.34973
636,749.6796
489,548.82806
593,495.44244
583,590.6811
402,413.03903
334,240.0125
192,237.75023
69,117.478264
55,55.506363
38,43.56165
44,36.750614
49,54.059006
117,104.40885
221,171.75679
366,281.55582
299,316.0544
232,264.52505
301,274.10312
328,340.66577
340,386.84802
371,390.1555
437,440.4886
506,546.6087
685,642.5813
722,635.0564
621,597.8346
649,579.7097
751,575.2159
570,539.8827
277,350.4457
174,178.23663
81,92.20068
43,54.96134
34,42.553642
35,41.364426
63,65.01355
144,133.25488
258,241.3814
405,358.01602
307,326.59088
273,260.60495
289,302.93658
270,317.71716
330,324.1029
422,371.55707
456,477.34372
510,555.03595
815,680.5399
766,769.74036
735,712.65314
789,738.0837
867,768.2829
642,607.64154
321,401.184
203,215.23163
111,123.13496
79,91.10643
70,59.7609
45,58.53719
64,71.44347
138,141.49896
286,258.60623
364,373.9587
298,325.1126
293,278.04004
337,317.09628
376,342.97992
403,390.93527
434,449.19244
520,496.2124
567,582.0623
842,687.6798
797,769.28485
714,763.2489
755,768.04663
885,777.7062
688,680.17804
484,478.4347
318,331.00143
181,212.04414
156,126.0492
119,121.64299
66,74.20656
72,67.43156
127,115.59338
235,223.35742
278,291.45004
238,271.27548
238,250.08234
329,276.11246
340,346.61902
333,364.37268
421,380.648
472,470.7521
430,534.5176
606,539.4392
623,633.43494
565,616.8953
506,526.6591
553,498.2943
497,493.91977
482,451.9027
284,399.12466
255,264.9718
209,228.6152
196,221.90546
104,168.48149
54,120.359055
64,72.6923
101,106.91988
134,154.05934
183,194.80426
275,234.02719
306,335.28848
364,343.06158
352,391.5101
342,393.58163
424,403.21936
462,465.63412
511,540.67816
480,523.70764
500,477.38803
439,469.4475
459,440.62897
481,461.66763
388,450.08875
302,346.16537
287,268.18076
244,243.69333
220,261.3219
120,185.89095
43,118.8385
63,61.65253
76,71.424446
107,114.0942
157,156.20586
240,221.29654
292,279.86044
365,321.77588
331,373.0025
321,332.68103
342,333.7669
382,357.4012
409,401.48083
359,401.4678
303,306.53967
264,274.3987
263,257.6349
207,227.59288
303,149.7038
250,154.69135
141,118.92797
55,78.2446
45,43.82793
47,56.139698
77,64.47635
144,133.19818
267,232.91913
337,317.97308
257,264.6372
222,223.19823
256,245.16992
283,276.76593
278,308.60858
302,306.10666
338,356.83035
433,401.48788
659,564.1201
560,611.1127
471,519.3532
613,516.8742
656,577.02185
449,509.63297
269,296.07477
180,192.07678
69,91.66611
35,50.395916
29,37.053123
29,43.11633
71,63.487747
133,142.28311
274,235.46587
373,360.274
294,305.9875
250,244.86122
258,277.4441
296,294.7622
322,328.3401
349,357.80035
451,402.66196
570,531.3376
720,718.3012
699,706.5143
638,641.55164
794,681.04596
733,735.5472
609,525.68976
376,372.2765
228,204.50082
105,116.02301
62,55.69723
43,42.884174
44,39.66887
60,69.056366
143,139.50212
320,265.44156
468,380.59604
365,391.95328
269,294.08234
316,289.17578
301,330.32498
359,335.99173
392,388.13757
452,445.36478
551,550.41125
736,722.49176
627,747.7549
606,650.1618
775,701.22546
795,741.84314
555,640.3829
385,374.39615
247,251.62306
147,146.05411
102,93.55095
68,71.87274
54,60.212807
77,71.69522
122,142.41283
269,273.6374
372,387.14932
313,346.7361
260,288.87167
309,302.1458
335,332.5677
392,374.7458
447,432.4979
520,504.17963
517,588.0505
638,663.5898
645,670.5848
662,677.1946
753,707.45984
851,816.73096
630,649.898
461,442.95383
289,358.9979
163,205.38225
87,145.31909
63,97.07677
63,64.31769
120,76.56669
137,127.1106
223,225.75276
290,284.88306
235,272.31622
246,242.93744
238,293.01328
299,297.33682
336,336.2277
357,397.11865
372,425.9267
446,455.66443
499,540.9606
532,540.05994
539,558.8484
497,527.1799
607,501.28638
465,537.487
402,420.90146
286,334.80328
234,253.00087
231,208.95547
148,220.21745
100,105.49518
66,68.120094
76,74.006645
125,104.316246
180,154.83688
211,208.80643
280,262.30814
309,328.6576
318,336.9398
315,350.89624
335,352.50967
379,376.87134
365,429.74017
389,441.49167
434,437.0079
418,451.1229
412,416.37854
414,429.2359
393,425.60004
387,369.91324
333,310.4125
257,286.71375
220,240.1757
169,191.83986
99,119.29898
56,61.267162
48,67.40463
92,75.43139
100,120.51449
138,157.68097
208,205.13173
281,270.04178
300,304.07095
304,314.82263
292,312.65598
319,315.89923
300,331.19803
344,329.3085
282,342.0632
272,268.84665
284,258.03522
228,268.80603
132,195.49396
144,117.91651
82,94.82786
32,50.78345
37,33.283787
28,40.748604
41,50.71666
55,66.06874
128,128.11339
195,234.93375
232,285.13034
204,234.46634
191,195.7588
205,226.85107
203,249.77719
239,250.5874
255,282.9855
252,312.41812
312,322.08908
434,487.69708
438,472.55493
340,437.12585
302,453.09775
315,401.73752
288,300.13837
172,215.67181
130,125.71846
43,65.273384
39,39.19025
22,35.86573
42,41.05514
66,66.128815
109,135.77296
204,217.99774
239,301.2313
226,245.31184
190,216.47469
220,230.2931
216,246.46976
263,258.82465
278,306.26114
369,336.00348
425,436.9815
373,590.11487
394,451.28436
373,420.7553
416,441.5681
442,467.86676
355,393.01727
205,243.41681
135,141.29433
68,86.40514
39,48.48832
45,38.077274
52,42.705074
85,67.678604
97,139.71799
155,210.88202
176,251.95496
184,223.40921
197,204.60594
221,235.59648
227,247.89967
235,270.03394
262,272.5303
285,319.37585
270,350.4321
300,373.00372
317,320.23413
401,363.78946
236,483.08536
201,243.25241
218,201.80743
149,206.17134
172,113.05731
144,124.33975
125,100.37243
134,95.18436
88,86.57481
50,81.33165
82,82.53454
96,94.29019
82,134.63405
84,83.11241
125,92.44937
160,127.992615
142,158.17545
158,127.78806
147,166.89732
225,128.22375
277,207.16583
269,279.88382
263,246.95593
219,175.84499
203,190.1778
188,77.396996
210,155.61174
154,152.17426
103,137.96188
59,94.38921
47,71.888
43,66.30366
26,65.8264
30,61.33065
45,103.79361
87,154.58022
88,160.16815
101,121.97786
139,131.84415
201,173.88472
228,224.93242
261,262.58807
251,285.89166
315,290.88147
352,362.83557
408,402.4909
382,424.15756
321,395.1969
258,345.45364
336,262.30023
230,339.4074
191,239.02599
132,156.50627
138,120.80866
119,130.17657
144,143.08798
49,94.43822
35,42.55633
35,56.192184
46,69.70386
90,91.17643
113,132.31644
163,158.34373
233,217.1498
305,273.24072
299,325.83917
265,319.96494
352,296.78568
394,390.12695
399,447.18643
340,429.6364
358,352.39136
284,342.78082
349,321.42764
277,342.07382
260,273.61743
244,207.23788
183,213.91246
138,165.6129
129,158.24913
83,83.44413
37,51.3327
44,52.215336
46,60.9786
86,80.65081
121,123.59012
185,161.74768
276,233.54631
330,301.85596
404,332.5941
436,378.77957
393,425.71576
420,399.56433
488,418.9219
289,426.90283
320,270.62598
209,282.00403
214,216.67952
158,180.46252
120,130.60365
532,517.544
707,529.4989
846,566.38513
667,493.0012
346,226.4506
127,136.07402
96,91.31226
94,101.875534
138,122.064354
145,171.15102
203,198.71573
237,221.85849
293,256.80435
344,311.8703
327,364.86615
427,341.41205
468,436.65634
582,497.00867
694,599.0656
792,667.7661
768,773.5412
828,750.5473
835,838.33575
830,781.9856
966,680.5636
1481,815.2737
448,737.3555
308,357.02512
184,177.90913
129,101.54489
93,84.42685
99,88.30015
125,110.40323
185,142.63391
217,195.83034
205,227.09521
187,234.99492
233,228.956
254,249.64764
227,266.90237
338,260.32175
350,341.88364
419,362.2526
464,387.78992
406,455.83292
419,398.63208
386,382.26263
271,280.04657
145,178.63994
108,94.807785
78,73.95362
50,50.97443
69,62.513508
116,86.386604
151,135.80804
178,164.72165
192,218.28685
176,185.3436
167,153.54163
133,142.89685
175,139.46472
173,172.97505
175,171.68259
232,170.8967
171,217.99689
208,202.6084
258,271.72525
294,289.76868
298,328.00784
400,348.50528
261,344.6523
183,204.3533
123,119.16499
91,77.323555
55,60.366676
30,34.171143
53,53.092934
72,84.75294
166,143.15334
186,193.50847
238,218.69615
186,208.66122
126,155.38446
129,128.25632
128,135.46313
159,142.63065
164,165.0358
183,170.96408
155,174.84085
185,194.7344
268,256.8325
339,329.27
440,407.12808
416,465.5754
429,396.63046
293,300.2219
190,191.02895
128,120.99321
79,74.44603
50,50.463005
69,48.782413
89,79.37111
148,141.2181
184,189.28693
209,236.11003
194,196.43271
155,149.88152
138,135.78278
136,139.50758
154,155.19786
165,170.0857
145,181.9947
188,161.93188
202,215.54716
315,283.34537
360,384.9413
448,439.8547
450,516.13916
441,457.31958
349,367.2344
252,249.4047
145,162.85266
76,93.18866
64,60.190914
69,67.54911
86,86.86158
150,144.20998
158,173.03203
216,206.50555
229,222.06245
165,179.83455
134,151.36049
157,141.88347
173,163.06396
178,182.8612
186,175.52797
215,193.19246
231,232.16664
343,304.21454
430,393.04355
521,487.93732
600,557.7579
671,612.5854
548,598.7374
365,431.5515
294,297.14417
176,205.6124
139,134.27426
91,96.34192
99,93.6522
140,123.79654
152,159.93472
171,185.77487
165,187.55669
161,169.53723
152,158.07198
152,161.02539
191,176.65375
214,196.11479
212,213.80402
222,224.92783
275,260.73828
461,369.24304
481,525.6593
450,542.6829
551,561.4188
733,686.91534
842,768.9902
756,712.1498
679,670.7579
516,522.6866
354,377.1785
121,161.30074
57,84.375656
75,74.616
94,95.33095
130,124.7518
178,168.11269
185,204.31587
224,209.98996
256,242.05568
275,292.0791
289,306.5134
342,324.85095
427,380.68185
473,472.1589
516,566.3219
585,618.6182
607,619.8946
676,687.88715
858,796.1083
816,822.822
655,754.01215
654,584.8876
543,491.7999
402,349.4503
173,188.3515
87,88.061676
64,76.31016
94,81.69996
109,111.56042
144,156.85329
183,183.41563
240,206.39316
289,245.40804
264,283.67023
450,260.72745
394,395.69247
352,380.65015
302,351.05554
320,328.22342
318,331.70126
292,338.77567
341,325.6677
305,298.53183
211,244.28577
153,144.1847
131,102.08778
77,82.17079
51,48.53312
75,63.6499
105,91.23919
136,136.45296
176,164.58286
201,199.26952
177,176.75233
143,150.12256
137,132.51685
212,142.12494
193,197.83159
156,185.69405
176,167.78133
192,181.6381
253,210.33061
295,283.38293
303,307.61954
383,326.8737
415,392.11917
322,350.7304
287,222.89473
175,203.7513
110,123.39839
73,79.50206
62,48.649506
64,61.71455
81,73.89905
109,118.46969
170,139.76295
222,206.10898
240,209.42378
177,185.72838
154,155.9512
155,159.81664
166,166.51323
166,168.95032
186,173.55971
196,194.21828
224,224.428
320,276.68594
334,363.37946
441,392.62613
512,467.07382
424,425.22864
303,335.70905
179,198.46748
109,118.069145
82,73.75819
51,54.81055
44,57.81298
87,75.09346
134,131.52887
208,186.07568
236,235.89473
196,219.04733
178,159.57146
114,144.55304
130,135.2654
144,154.4171
148,164.59518
179,170.89415
176,185.95268
225,217.68156
266,313.443
365,350.2135
429,449.28873
484,527.511
450,467.7177
418,369.84348
259,274.79535
160,167.68645
107,97.18493
53,68.47619
79,58.86323
97,90.70702
157,146.10092
212,181.31035
234,237.20035
215,224.9012
163,179.38658
177,141.31207
196,160.67476
158,179.06412
176,171.12532
165,186.04883
161,181.56583
246,212.8467
310,304.52652
388,392.723
517,457.96732
567,566.4195
627,574.03296
494,578.1313
401,402.90512
335,311.0863
186,224.05305
135,137.67068
104,98.11353
92,104.062355
129,123.906395
159,166.42712
209,186.92596
192,195.1061
144,177.35585
159,162.7945
186,170.5404
188,185.60828
207,193.57327
174,201.1544
219,188.65663
254,271.4251
419,349.03705
506,497.16544
573,544.8744
668,632.9106
833,763.0543
810,805.2948
736,690.62463
747,679.30994
556,585.1569
391,390.70645
171,172.6529
72,92.79689
75,75.020386
73,95.633995
112,114.93549
165,169.26582
235,193.5262
227,243.03099
305,248.04729
304,322.8089
338,325.2255
393,355.19772
439,433.9827
525,485.4195
575,599.14557
757,676.2603
773,744.1557
700,775.60114
913,822.90753
856,834.31647
665,794.74164
590,607.81494
488,491.88327
353,357.86743
135,201.1243
73,86.57621
80,73.06961
74,85.94111
97,104.66504
151,144.83545
205,193.254
235,218.8292
268,252.96834
286,270.60562
326,282.22842
310,315.94058
339,320.89944
368,351.849
344,377.82608
347,343.7333
391,363.00937
397,402.27737
335,345.1434
211,230.1505
160,144.1847
94,105.22521
75,69.36028
36,51.475494
70,62.330997
107,94.77512
148,139.86119
193,181.81844
219,208.51474
200,184.17026
129,161.7431
132,132.83002
154,151.53545
164,164.15623
162,167.54935
176,171.25446
194,179.79163
228,226.56245
224,267.91367
246,275.11514
320,290.41547
341,391.32236
339,315.2547
221,234.13573
150,139.7252
88,93.32458
68,59.187332
40,38.561234
58,55.593082
91,81.432365
127,146.49255
179,188.3367
215,223.66049
195,208.72826
148,150.8743
127,139.09372
129,134.0713
128,151.90773
149,154.3594
200,170.9529
177,188.7906
199,207.76704
274,265.24005
326,324.74738
440,414.26993
431,454.65237
375,417.79266
320,289.0004
225,200.05551
127,127.17713
75,80.46117
41,50.284485
68,47.72035
85,89.12368
168,134.69351
199,210.14745
241,231.77022
247,213.66403
178,180.55675
132,141.41226
153,139.07712
152,152.66985
163,162.03554
159,183.38399
139,178.92659
204,186.5617
351,292.32208
391,388.0161
483,460.93982
572,510.42352
467,469.30606
379,389.28073
228,272.78836
163,153.20123
90,98.99157
55,60.74016
64,69.46355
83,93.34833
143,155.6783
206,187.13086
231,244.80148
192,236.783
178,172.46179
148,163.49104
153,168.21419
159,165.75296
172,175.1549
197,179.86713
181,180.3978
206,225.43715
301,299.07123
379,381.64053
484,471.09784
555,568.40424
596,586.8996
459,565.62646
390,380.9976
314,315.24234
217,203.88544
112,144.99353
83,97.80504
106,95.399475
151,134.33997
161,173.16408
199,186.58574
199,187.28781
174,177.00908
187,164.1314
154,181.7838
186,176.18144
182,196.9721
195,195.92561
224,209.07748
270,260.97073
381,372.1573
471,470.1906
486,513.7142
504,561.74207
725,636.8437
782,757.8572
711,727.86194
650,684.4443
478,536.4778
339,353.0457
189,175.84569
120,96.77467
115,88.585556
137,109.00904
141,146.72629
198,175.82353
220,211.83249
220,239.22423
296,241.64886
260,306.09122
289,284.69348
317,330.44034
346,376.0067
426,437.4856
509,520.49176
579,584.32227
575,653.2603
675,664.9211
785,797.4398
758,836.7776
650,679.3118
659,603.46454
534,471.6971
342,351.43884
167,195.08075
113,99.72912
89,91.78998
112,102.46838
119,121.14298
173,160.8624
176,207.25473
215,210.09789
271,246.0945
294,267.86255
256,302.47983
245,279.6939
293,281.2035
261,320.69696
282,308.34366
299,299.1675
321,318.2057
325,364.49002
273,302.18423
208,204.56883
147,143.95737
107,99.190254
49,76.44022
48,42.03413
80,67.63693
88,106.97017
128,141.49915
157,179.06247
201,201.14702
170,180.69295
133,145.70668
113,132.68575
115,142.64339
139,143.70831
159,156.20639
186,169.19241
190,194.07426
200,222.3795
235,253.0236
250,284.5008
266,310.82486
322,334.0939
273,311.99954
208,210.80624
149,143.1159
102,93.49323
73,60.782402
61,42.94047
92,62.300293
95,86.105865
160,133.01097
168,189.3568
219,212.19905
175,195.07875
140,145.91531
127,129.09439
160,128.1878
169,156.52168
201,170.57777
216,197.05627
173,206.9017
175,204.36333
236,242.67714
289,293.9713
369,366.67947
422,427.48877
434,397.10934
292,302.77817
211,193.02798
139,128.45729
74,85.03566
62,53.092712
94,70.69186
106,94.199684
148,156.5919
128,195.97559
146,200.78462
158,176.57266
141,156.9961
148,136.83934
160,149.82796
153,167.47694
176,173.03185
171,179.51477
173,182.84088
169,202.36076
197,242.22124
406,268.7941
302,458.125
362,391.3189
327,407.08978
334,312.2443
267,286.03592
234,208.13322
157,158.00763
93,104.38733
79,80.92044
65,88.35238
69,108.96429
39,82.41296
51,66.979195
69,69.35911
81,85.97549
93,123.77015
120,136.1358
125,144.34927
125,155.17679
165,149.27087
161,184.78387
147,174.1834
166,166.154
203,216.15468
219,193.16234
242,222.5211
227,207.3208
170,228.88481
144,141.52336
95,152.15234
58,100.67247
59,90.26781
42,85.57509
17,85.376564
27,110.23035
23,97.935074
46,131.5492
51,97.45407
81,82.80164
87,113.47913
131,130.13818
169,155.60092
152,180.986
214,174.59904
213,215.57597
200,240.63728
241,252.76979
262,309.54407
324,316.42575
362,398.16577
407,460.03394
387,471.06723
325,375.6843
315,328.05374
234,232.40231
142,265.78754
59,122.167656
29,49.784714
25,42.096954
33,60.52418
40,73.43272
67,87.436745
96,94.359146
115,111.050964
150,145.59357
174,176.29318
157,198.5165
207,190.90031
228,259.00635
251,303.86996
296,319.5183
345,381.07727
326,403.57547
419,422.785
524,481.6341
506,528.8304
472,464.3038
396,421.95355
329,321.8594
210,258.9811
116,128.3634
52,71.09653
48,59.42048
30,69.06223
54,56.726265
75,82.642784
130,105.119995
183,148.96603
196,197.94498
225,210.16864
240,235.19142
200,257.97913
201,224.89333
216,240.62563
208,269.03308
252,253.79686
271,287.26627
260,315.10095
209,271.20923
172,187.23059
1119,976.58435
1132,844.43854
1044,819.8765
817,486.44028
484,348.1977
167,181.35756
131,123.33894
145,130.34978
186,175.3207
218,225.04926
307,272.74487
314,337.3036
324,334.21545
419,366.33142
406,456.30612
483,459.63828
504,554.74286
557,587.34247
755,675.35834
765,789.21344
701,786.5966
791,813.3011
821,962.3984
935,921.41174
997,978.66394
1850,986.58215
575,905.8283
356,453.85358
221,281.51077
146,136.57967
143,118.979515
75,122.0192
85,139.44075
112,148.8964
178,177.45792
217,257.58905
254,283.7929
283,316.6162
252,332.94748
278,311.52698
281,331.48724
366,327.01663
461,429.93848
495,456.67892
505,469.83
468,489.699
401,461.35568
264,302.38647
162,174.84084
104,90.871056
62,63.56439
49,49.53891
88,64.10326
122,105.43076
157,146.5057
178,170.5813
218,213.19382
176,184.61093
165,159.71014
192,162.21722
213,190.81978
193,211.94997
213,201.79173
223,224.9703
221,248.71826
311,263.31448
317,342.65717
376,313.80215
295,356.98407
336,302.2731
325,316.14944
215,240.02884
131,136.18924
70,68.80037
29,36.54363
24,24.344187
47,55.120102
100,71.28934
137,148.89977
181,167.85783
178,212.25395
181,177.89183
158,165.68889
159,162.4234
168,166.04735
193,184.71404
187,209.61732
173,205.81606
249,207.29002
304,304.81058
321,351.1298
344,337.6438
331,358.00067
385,348.5966
372,374.2443
256,283.94336
174,156.12915
116,93.19208
74,60.406765
45,41.337208
63,49.98381
94,81.609795
142,132.18097
186,176.58981
175,213.6344
188,183.18805
178,165.08414
185,167.9018
173,182.5343
186,194.1367
194,204.8806
205,197.2458
276,236.45175
264,319.54984
340,336.95383
353,388.67023
374,388.28134
373,428.4815
414,416.75
306,355.11542
172,210.48695
90,110.437874
34,59.322292
40,45.802998
67,65.58348
95,91.06921
131,142.42302
159,180.91083
205,194.97116
189,214.84196
169,184.29257
184,183.36073
194,189.61772
207,205.38596
208,220.90416
222,231.09998
263,267.4436
361,334.824
399,417.4311
470,428.5271
420,456.3496
414,470.9277
531,494.1482
497,524.8034
355,395.3262
212,252.80455
123,150.20694
91,108.88777
98,90.04521
85,98.34255
133,118.825645
142,158.26587
195,190.35269
194,199.77844
192,197.98839
205,199.71925
207,220.8859
252,235.78407
265,278.72345
270,296.5789
272,335.35577
409,370.10382
491,516.4127
527,542.00385
489,559.86707
516,539.3068
700,676.08966
1021,852.988
910,934.0328
750,789.26263
579,564.5975
379,398.75574
166,181.54399
78,90.890335
94,103.32819
87,117.87435
136,148.59659
210,194.58522
247,264.2885
341,300.9109
361,362.09222
394,390.0858
464,442.92426
484,492.60513
605,526.97815
709,648.64935
719,758.74475
752,735.21875
660,755.91846
665,703.0309
908,791.6197
990,931.315
1051,978.04645
983,967.98016
754,710.61383
520,512.82806
254,261.7136
84,123.11536
88,103.761826
99,96.830826
141,139.24042
187,192.7548
262,226.76183
323,318.98596
336,357.78058
366,368.2348
551,389.4337
570,540.7318
550,565.16266
464,544.0307
488,483.39093
406,469.80496
386,414.20557
380,405.55478
344,366.15945
253,267.02103
153,145.99342
82,86.116264
56,58.448887
44,49.269806
77,61.320965
101,96.16904
118,135.5975
147,152.94824
175,199.8371
160,177.14876
161,157.27394
165,160.3244
231,177.45378
282,221.21983
211,269.94403
185,228.58955
204,214.61493
306,256.7146
373,337.00388
363,351.17245
380,336.70273
351,368.65842
301,321.32623
281,228.5997
145,196.81934
80,105.00015
39,51.50987
34,32.30767
50,47.78737
69,64.842094
114,100.76704
153,137.4112
213,184.65033
210,203.88757
202,189.07346
221,193.33072
190,220.16876
221,212.14383
232,227.98462
255,231.59747
253,258.89084
345,305.69562
396,391.50012
346,405.65903
385,359.1407
356,388.26126
422,350.57037
250,325.93448
121,155.82324
70,84.94432
44,55.377304
27,36.474796
57,45.61395
88,77.415764
127,126.808044
177,167.31393
173,203.88951
191,191.75832
168,183.79977
170,174.90636
186,181.89276
159,203.82893
195,194.85371
206,220.12288
206,236.87769
270,280.15662
314,349.2549
331,350.13492
410,370.7827
369,430.4823
411,428.53195
279,331.31323
177,185.60103
95,103.315735
60,58.757725
34,42.347336
67,60.85925
101,91.59692
119,139.32722
178,162.86108
192,198.92868
192,198.09267
189,177.70158
190,187.97397
204,197.9456
154,201.65239
191,190.15103
197,214.8977
229,237.8247
346,307.2182
392,401.6209
395,418.55875
417,430.3601
484,459.66837
598,534.0318
539,538.75964
385,400.65375
304,238.65822
186,162.99837
130,114.668564
100,96.12909
95,98.94548
115,124.87152
161,147.67917
212,193.18062
403,205.6068
307,292.95633
238,269.91595
223,237.14627
239,234.57903
251,264.51437
275,278.61884
315,329.6481
386,400.5409
502,497.78192
554,557.26215
521,562.29614
546,574.5746
842,723.5185
904,880.4167
958,857.11066
760,871.0627
670,584.6184
437,446.3553
191,186.10657
86,97.574875
67,104.59084
81,106.00228
128,147.59258
201,206.6936
228,281.20767
282,299.2291
305,323.68896
396,350.49915
365,448.46536
446,417.59937
527,544.2341
607,603.6527
712,682.77136
687,741.7428
796,685.4337
692,811.6012
952,833.76306
1127,1015.1238
974,1084.8282
858,946.476
714,672.2706
497,495.13287
242,254.2265
100,118.556595
81,109.08247
98,93.19872
114,127.84093
172,175.05539
228,236.28331
315,302.26624
368,348.18918
436,399.48004
395,434.96835
476,408.67316
507,488.257
506,509.7707
496,505.7473
471,478.84076
451,454.10938
410,455.1634
396,394.68887
313,305.41382
125,187.94075
86,73.27578
52,56.34564
43,45.00205
76,70.43591
85,99.52609
118,130.01445
141,152.91185
183,196.05101
178,174.60818
198,160.56667
182,183.97548
180,195.39767
175,186.09375
199,191.96521
217,204.26976
234,227.24544
272,296.11142
339,317.06177
345,347.06198
291,326.46194
300,312.60092
259,294.76587
171,210.13846
120,116.350746
65,69.73154
41,34.128334
15,28.171762
40,47.033554
68,69.70885
120,117.84369
144,154.71182
172,192.27847
181,179.51982
159,173.7116
154,160.25833
151,168.32668
166,173.29776
170,193.14148
183,193.05261
196,227.98973
287,276.5515
337,342.73724
282,353.99683
311,310.70285
345,340.7637
406,374.01865
267,270.80826
170,154.57584
81,89.768074
47,57.208233
26,32.105488
55,49.975834
85,82.71407
137,129.76129
197,173.72958
235,213.40764
203,207.2335
220,178.10893
170,191.93706
180,171.00084
161,185.04439
169,183.53366
193,190.98871
248,218.35742
314,303.3621
418,374.4551
411,397.5413
355,415.47424
443,391.1157
506,448.92334
333,354.24078
239,197.53809
116,118.25603
60,65.0317
40,40.34966
76,62.720192
96,93.57135
125,137.0024
158,185.13535
204,210.01198
199,203.63756
155,197.13742
161,173.40025
194,183.57927
164,197.83806
210,189.81038
218,221.53546
279,263.17627
348,355.14844
413,418.66238
415,449.7149
439,428.14102
421,486.43585
547,519.5982
474,548.34064
316,385.7299
248,243.35168
145,170.0606
117,114.84875
107,99.78435
99,99.42632
140,122.28201
165,154.37561
178,199.98538
179,192.12466
194,188.95946
215,199.414
208,225.3975
209,226.28606
247,248.01683
251,275.9599
306,322.485
389,390.58878
476,473.60474
538,536.81165
502,553.643
496,558.3457
847,691.5303
889,1015.7283
896,848.5535
815,783.02637
592,630.2557
436,402.55524
219,214.39601
129,114.87263
125,108.38548
141,111.99062
165,150.8433
185,203.77652
247,234.07764
283,312.33487
330,323.5509
345,376.04288
391,397.75452
439,437.69217
507,521.0298
570,580.5086
633,649.40356
684,672.9134
633,689.2928
595,681.34143
856,786.0367
955,987.0715
971,991.79785
949,938.19977
690,707.20746
493,489.5195
214,262.51373
121,115.880646
136,101.90637
133,123.09733
129,137.05365
191,181.36432
214,239.74277
296,296.02527
374,345.92786
376,401.6811
409,402.29813
402,431.87668
405,450.46213
439,439.06128
421,465.07532
380,431.07596
422,389.94724
378,422.72098
365,364.19052
262,259.36407
177,153.9222
132,89.66729
110,83.31511
59,66.202736
66,76.64209
93,97.461
124,127.25478
147,158.94849
185,184.6848
152,177.39923
158,153.40749
164,164.83948
157,182.238
190,172.31674
179,203.34431
193,194.91138
222,210.18913
281,277.60675
327,315.7074
281,332.39737
265,281.01245
248,296.76187
246,263.0488
188,201.94295
88,127.154655
72,61.738068
36,41.889355
26,26.20509
71,46.385914
112,76.32965
138,133.69287
146,163.78484
173,189.19128
153,174.04047
170,148.33884
169,162.97678
187,167.65112
225,193.3318
234,215.6257
261,222.86124
294,271.873
338,338.40442
399,373.64462
466,378.83746
357,416.0726
390,353.33237
381,388.22314
254,271.79916
133,159.70364
81,76.46843
71,45.861626
71,34.808865
72,64.753586
80,90.631584
121,135.47498
155,173.84935
135,183.8499
172,166.89905
180,170.72478
205,174.89825
203,202.30624
228,206.7869
231,236.56784
272,246.92206
241,304.4839
287,305.1242
299,361.9404
573,342.10385
373,496.99722
282,409.34314
365,345.3191
336,303.5022
262,253.40157
220,173.58426
153,131.89635
143,105.57236
114,93.933754
73,94.562744
84,100.80529
82,116.016235
79,104.815094
113,108.7274
147,149.08571
191,184.2131
197,210.77406
157,212.63307
188,196.21416
222,217.66846
198,262.1892
234,251.14763
185,274.7204
200,225.97775
214,215.25764
240,201.38878
265,273.0881
213,253.10982
219,174.30432
168,195.24998
127,132.36105
129,113.15145
74,108.33695
37,89.64302
54,104.956535
53,110.71538
81,124.5464
103,126.83756
117,142.10458
137,156.78804
146,172.8304
181,187.04402
213,220.06467
198,251.86827
283,252.50325
286,345.2172
363,362.93814
326,433.83984
348,378.35867
363,413.4711
389,476.9316
379,404.8229
333,323.13687
325,376.415
309,276.1886
286,277.26987
125,180.01424
50,78.89155
34,69.27401
50,60.301876
75,90.57857
115,119.566475
137,150.09094
193,171.37637
222,231.98222
250,265.55457
273,302.87134
335,337.23972
339,418.84265
385,437.94824
418,471.89212
432,475.98178
432,474.02826
442,486.6516
525,516.3029
594,645.1027
596,591.83246
505,576.7177
431,423.241
383,330.58655
206,209.5183
73,90.0753
73,70.70387
49,76.376
128,85.1244
138,162.49803
201,175.82431
275,258.73416
295,308.17865
379,327.08685
358,369.30295
329,387.0684
383,363.45297
346,419.70532
385,381.72308
331,380.92862
321,349.92047
270,347.05304
257,299.51373
183,227.56001
924,1007.27
917,702.2136
765,536.1697
600,378.85593
389,279.6047
220,179.42097
197,171.26689
153,171.9056
175,184.15112
196,223.63889
244,246.14256
280,284.89886
309,296.6518
302,326.09836
265,327.5882
307,308.79828
391,355.66757
409,447.99713
543,480.99786
635,588.6549
638,653.2776
701,686.5988
755,756.64246
731,721.35925
870,720.83276
1459,748.4521
416,807.7713
324,343.42554
208,222.3514
170,139.44096
143,148.38986
122,137.87062
132,157.08173
171,182.27872
161,233.71762
220,211.47229
216,251.26208
228,254.12785
176,256.33548
198,214.59001
268,246.48756
331,306.9788
403,349.65945
400,377.78668
386,376.36765
354,372.00726
265,331.6951
211,213.65388
130,144.80936
91,87.45325
53,58.75732
39,44.741905
88,62.499447
111,100.616615
167,144.00218
173,183.8026
204,211.2309
224,198.706
174,180.05695
177,165.73036
179,175.11688
154,170.68422
207,157.98463
150,187.02513
191,164.07495
208,228.44803
292,247.37814
273,299.18314
295,259.8711
274,292.15564
258,276.1651
123,188.36159
74,92.80105
51,53.35629
34,44.348076
35,28.77743
61,56.389614
102,82.753525
136,143.44557
149,178.98502
191,195.98032
217,211.72818
195,184.15038
159,177.06581
180,158.63138
155,168.65955
170,171.12749
167,166.81027
205,184.40039
231,235.59303
266,286.95206
264,290.35553
293,278.55856
290,322.06934
323,310.8918
230,220.2851
146,148.1618
72,76.593216
57,47.171616
44,39.899242
73,58.85785
82,81.95055
148,131.53462
192,167.41917
202,219.14394
211,215.46976
192,195.26266
166,173.17015
169,170.17427
172,168.47694
164,176.1567
150,174.8065
198,180.2144
238,245.25389
297,289.67294
276,310.7288
263,306.90692
324,313.40866
342,349.80167
221,277.35367
165,191.62418
117,129.59875
87,94.63765
62,78.43497
78,74.51509
101,102.39249
164,147.211
191,188.45624
202,234.46915
211,225.28331
215,203.65096
194,196.68687
176,186.08432
199,184.54123
203,191.34148
206,186.686
218,217.50537
265,268.1593
345,322.1161
395,356.0713
333,388.55023
362,363.5783
386,420.25058
343,323.6534
222,274.4245
148,142.37053
96,110.03689
92,83.37545
67,93.359314
106,104.08441
155,145.9071
174,181.0232
194,207.51146
210,219.61179
224,210.91101
200,217.49579
212,206.38957
211,220.49829
221,224.71924
216,237.95985
246,258.65152
330,322.11682
389,417.8027
419,465.59677
420,448.62424
452,466.56345
492,549.15485
657,559.2463
605,577.4384
434,510.80798
283,332.7122
232,244.3751
152,157.56242
83,115.63367
100,126.109825
102,134.66493
144,156.09975
217,195.39194
250,256.7904
287,281.42337
283,299.9399
325,303.73877
307,326.39078
333,325.34647
393,371.8915
440,443.55133
459,518.4166
560,541.23145
550,575.2175
505,587.72845
679,590.1152
683,678.07336
626,656.5665
585,550.4715
488,400.71167
306,331.99463
191,203.5247
100,117.11139
126,108.35807
141,121.88374
153,151.35153
214,191.19795
246,255.73392
291,272.30643
326,291.85074
272,317.28183
377,275.38068
399,352.77783
396,383.85522
358,395.3784
407,368.12497
370,378.41238
292,354.5662
270,306.74582
248,264.9724
172,190.90268
144,122.99532
81,86.2321
48,57.8932
53,38.1275
63,76.66668
98,91.930466
157,138.85379
171,177.37233
204,209.46523
214,206.61697
156,183.92859
161,158.94826
210,169.09123
220,191.02603
176,200.21002
175,169.17578
208,183.25018
224,232.34036
303,254.53749
237,293.65714
256,248.30423
300,274.91153
256,277.1691
200,174.61794
119,147.29669
86,80.6922
45,61.38746
41,46.91162
55,56.142853
102,81.531784
126,130.96559
175,151.8736
213,213.33528
222,232.51212
195,196.76955
215,180.48872
193,215.30206
187,199.8351
195,187.70615
176,194.10936
256,203.2858
273,279.73865
342,315.30927
321,342.9328
293,309.2912
309,314.94443
346,323.29773
220,251.30547
143,146.90555
89,81.70875
47,55.720253
39,39.334435
58,56.705517
92,78.54777
143,131.62502
182,170.58992
194,219.09935
217,213.45334
197,197.46184
174,188.34807
153,179.31546
164,169.1692
181,180.6075
162,185.18803
197,199.21997
242,254.18657
312,302.7684
289,330.61703
276,304.6499
323,331.2113
307,354.58795
251,260.95197
212,194.2613
166,154.91888
112,98.03689
66,71.06663
71,74.46085
102,102.29627
163,146.34918
184,185.0639
200,218.43192
195,210.65776
214,200.09938
199,196.99898
190,181.2012
178,192.25363
191,196.43805
174,197.40764
217,210.34218
291,274.57022
330,346.71417
370,348.3081
340,362.2408
435,367.7747
459,419.1366
384,366.45975
251,284.10715
147,169.65244
125,103.26239
80,92.37603
107,82.36371
90,106.23242
145,145.48169
174,175.15372
204,197.89923
267,208.54996
249,232.0715
184,230.84682
213,204.10524
184,217.23965
226,213.82175
198,223.7927
227,247.85133
304,300.27618
469,389.13043
508,508.30725
579,508.49857
461,589.5354
608,570.3962
636,648.0087
647,579.7114
500,541.2765
389,380.09653
290,264.38007
182,173.66034
108,117.546
104,133.93486
130,138.7538
151,168.8987
185,213.40907
225,239.78592
261,257.8959
282,283.2263
296,303.51913
320,314.7138
342,339.70007
371,381.2447
444,425.0907
565,524.9924
633,613.1274
695,635.0503
572,665.8316
679,650.86487
701,683.2199
697,684.58594
556,592.057
484,454.89264
354,346.6117
189,219.88385
124,122.77103
133,118.333015
128,132.4845
143,148.25127
178,188.65659
232,230.22311
267,267.98358
299,283.12506
362,292.92728
302,347.41168
341,300.8461
342,347.7516
387,361.1405
387,404.17386
333,369.70303
347,331.45508
329,337.8446
296,301.48062
223,220.33206
138,148.13684
67,84.21753
61,49.73446
49,49.81583
66,65.09609
93,97.16227
152,153.7881
183,180.64372
199,214.38786
218,204.04202
196,177.00456
155,180.85004
154,163.71574
155,159.17538
174,167.575
174,170.47655
168,189.51926
239,208.65143
283,277.92126
262,283.12817
258,267.70395
290,284.13678
282,281.2505
236,180.85431
128,143.65446
63,66.86314
37,41.459633
25,35.196865
57,55.825096
89,94.56637
150,139.04819
182,188.90056
197,211.76189
212,213.546
175,195.08763
173,162.10356
166,170.38905
140,165.02826
174,163.65392
167,179.28416
178,186.61844
243,231.81194
288,296.78043
246,297.0053
272,275.6893
312,304.92874
388,327.06863
212,276.41168
119,143.63348
74,72.01224
56,51.104652
49,38.93366
56,60.36944
68,82.46853
159,137.87373
197,195.77763
213,222.81686
270,218.12776
212,209.5818
205,187.73738
190,187.54375
185,173.37943
183,185.68513
168,178.88826
228,190.7408
289,272.28043
336,330.1152
339,315.6791
275,325.44714
419,322.8693
469,415.6655
305,302.36765
183,215.00464
165,135.04352
81,108.87187
63,63.075916
70,70.53906
106,95.08509
143,162.94705
179,194.29112
230,215.36824
233,232.12518
210,219.13046
187,206.21333
158,193.30655
187,185.0746
174,200.29141
167,189.93521
221,213.10638
283,282.0885
369,346.84286
393,384.2248
351,376.23984
369,411.03836
404,433.14362
381,354.42352
276,280.6079
177,180.75879
164,121.69364
94,106.46599
88,91.73452
123,105.57257
149,147.32831
195,176.05238
194,222.5681
212,232.13202
196,218.5118
186,200.51254
217,195.80101
217,221.23727
232,225.31958
219,227.36095
279,252.80264
339,337.22076
425,421.70407
556,506.1543
483,574.5627
445,492.73633
695,557.5682
749,699.3205
582,677.00385
507,512.02136
409,403.33334
324,284.10834
210,188.09697
158,127.29506
152,125.311195
151,150.45686
193,163.86911
216,214.47511
246,246.85062
275,275.2881
306,292.70987
314,316.06897
302,323.88986
473,327.69458
393,478.98386
471,444.77356
519,536.79297
539,586.9266
559,582.19025
503,575.9393
658,602.8907
602,677.26715
595,603.4494
535,553.1762
408,441.96616
345,303.388
210,215.66605
151,140.0363
151,140.76968
132,143.86143
151,151.48352
206,190.69861
226,243.12628
266,260.7024
286,288.6873
312,287.27103
296,308.21475
304,314.33917
299,320.7515
312,327.81683
372,348.34467
308,362.8634
298,314.92557
272,311.28113
254,259.91925
215,198.49191
93,142.43756
73,65.03378
59,45.920803
54,46.3196
90,67.132614
90,106.28264
166,156.0575
176,192.60335
175,211.51463
232,201.35054
198,191.08879
159,179.30429
167,167.48969
171,167.62706
168,178.17593
180,172.60632
183,191.17056
212,221.78471
276,257.98227
273,272.50342
235,265.57098
217,261.64856
233,224.57233
165,189.29367
77,109.45539
64,54.34275
50,38.92919
45,37.631546
89,60.397705
117,98.61172
152,147.447
182,184.79234
194,211.00565
187,214.12915
185,183.84549
170,169.52577
190,172.0928
195,179.08261
178,187.21431
185,178.9238
239,200.12154
288,268.78308
306,318.4384
308,300.89978
296,300.90213
331,306.79425
329,328.4559
195,229.4571
136,133.02213
83,75.58567
50,55.463223
74,43.38532
100,69.00496
96,91.75955
130,151.59296
171,194.22025
196,211.51917
193,205.55774
233,187.13745
203,200.75325
203,194.01512
213,201.63579
185,204.53262
213,184.95795
188,227.12872
279,246.35342
302,330.412
417,313.56012
318,379.87604
274,345.56226
263,324.05765
263,233.48769
226,220.3548
225,170.17644
190,155.81235
131,126.207306
104,93.302505
84,102.94905
132,123.08966
84,154.06981
102,133.3651
140,138.57222
137,181.0756
166,171.9396
195,190.97874
213,216.93405
229,221.9463
259,234.16782
269,289.00543
297,310.80432
279,346.1359
240,317.94095
254,273.93475
289,275.6143
320,306.7145
333,296.4426
224,269.4519
150,163.9079
134,123.17699
83,101.26105
53,93.22293
67,93.036606
71,129.37961
80,126.61153
97,133.53853
126,142.34427
123,164.30936
147,154.76279
180,181.54663
158,206.2061
179,204.60028
180,211.44089
211,229.57198
213,292.2552
269,279.52768
276,323.58676
265,325.1673
238,313.40176
292,335.3975
267,373.43747
229,327.3515
199,241.688
156,168.54695
118,194.9313
87,130.80673
71,90.85589
59,84.94474
72,93.21839
115,98.94693
115,158.43465
134,146.49411
156,168.33237
202,187.25931
182,232.8734
194,217.74232
196,223.29103
216,246.54088
257,276.7008
319,311.4397
399,369.89166
389,413.83743
376,428.29
463,476.73047
377,494.3441
365,358.18478
346,309.84064
296,291.00827
262,258.72766
152,169.68016
101,107.476395
77,105.95668
75,99.42658
96,110.71664
139,133.7362
213,175.74449
255,232.89908
241,265.40833
280,248.3062
270,276.32962
242,274.2309
283,257.99805
305,304.18668
331,319.20508
249,320.2357
264,267.7392
260,280.63742
234,258.69162
153,204.88997
