y_true,y_pred
152,123.18674204354265
81,92.08624179462475
80,68.56026321347318
67,64.42296397853826
90,97.60025436456681
169,171.48341125098005
236,248.06985794481255
267,340.767738401704
313,367.90301000091046
293,287.4644192050328
255,240.79729046891453
213,240.83863773458958
236,219.48232974111878
242,238.69486713063017
241,256.5199905114284
254,256.6397777774263
280,257.52928171009984
388,309.49674231952656
384,371.57061595783904
343,330.911339308922
378,278.0463836144013
293,325.9925313340652
267,266.667953087832
155,199.37991837331055
143,127.84406156021232
98,94.81299565560553
68,73.44745866342458
86,73.35957435301404
92,109.2641646064342
166,170.1149794252641
231,245.8172404088156
302,329.45695327726884
370,367.1063825736942
298,305.6827016698602
231,257.71822819469384
225,231.49855520776376
247,234.043204565046
235,248.69189270012146
218,256.6667975444851
261,247.4231237248201
252,294.27871094710855
289,323.4830233752621
359,322.9921213191296
280,331.9687938567731
266,262.99932391025317
211,279.96625541104737
268,237.5230227186931
204,212.96804693937602
197,151.55367772036425
115,127.7303543642884
102,87.25509565809136
95,101.92010164348532
141,114.7339220025742
162,174.4269575439543
229,241.88370681722566
287,338.5562452718733
328,341.4508752820161
291,302.01771767289847
239,257.18042885414235
261,234.9859394602622
277,256.24355667745624
331,281.62763848174507
318,294.2067404384344
318,297.9667911894843
321,321.84196056971086
432,358.5556427201817
438,415.45383024654876
340,376.19604535662006
271,314.88160076933207
298,283.103539180615
324,297.3268119164294
301,251.64711700145557
292,257.39712886598255
239,223.03929024117784
200,183.57959228839414
162,157.01722343098226
185,152.04765162451508
186,186.71381028420726
191,211.73688302214225
169,239.84184582880854
209,199.35990608262563
248,238.66145379167193
263,249.01259685452376
281,284.0479683271429
277,284.93357101184455
303,298.21431317925015
347,312.0670703523691
319,342.842777116203
318,354.96149784230346
334,340.88059754470623
398,364.219848962416
347,431.24551595767576
352,323.20147219465554
308,328.6113955227676
294,329.5025451076056
360,268.0535761726451
317,356.1355782755897
291,304.35361752283865
218,258.57829418396744
217,213.37194060178265
183,188.9124519853589
142,163.79385182890124
176,182.27115177562612
186,208.0710484123963
198,241.79450489229419
296,260.65683996741427
289,325.550393670757
284,324.43794962557047
338,321.65565864317944
321,356.72353313698284
343,360.5534473202439
349,367.61093238644946
317,386.995152657749
349,364.42746650780657
314,410.297766081568
322,363.32955627063745
298,347.4762327864063
342,335.70603776846997
361,379.84892014895456
315,362.84569379975215
294,320.87610512095097
244,280.35061568750086
230,232.09973672108336
203,247.08890050161986
231,199.99926998593216
134,167.65015147729696
141,150.08438072731207
152,162.01954816545333
194,195.838149409871
251,259.52883795161864
274,308.5659140395529
317,295.59154407123054
278,334.23749255613507
338,294.1985570961302
325,331.39394803256704
292,315.8298608048327
281,301.82756564561566
328,310.6398094505602
323,323.35860471368676
249,287.09364612419586
275,260.01506877220663
266,287.2454333504546
280,271.831138084708
206,235.02514888161758
181,158.696069186823
127,118.4623731766625
87,103.36691489420593
89,90.1668411700183
139,135.15174936524463
164,185.47098131783488
236,238.3004502810142
267,340.74176886819447
345,356.14416260264477
281,292.505922048426
207,230.75093143853468
184,212.2271573058632
220,197.21544814816065
206,226.59070377848653
216,239.25938990973944
220,241.01398268648518
218,245.3100288363943
243,260.36450480883184
246,271.94293237991064
233,230.91759130212372
207,217.52858021561983
219,214.2065378052388
228,221.34713104111583
145,175.96508791127883
119,116.4041490058521
71,80.40199858779738
60,65.76195130098323
59,61.504443109581324
99,94.64632534543867
143,165.03132290958192
213,235.41300742629738
283,316.2082561820807
352,356.81233742728665
282,294.63161282456736
215,231.190818826215
216,208.4953577123016
247,223.55302433131183
223,240.78747136305134
235,243.90439425229468
209,245.69877202820484
265,234.92749750942707
261,298.5060580913417
300,284.89146319537616
292,287.2080827028729
383,277.2865878078261
245,322.6726790282789
257,247.59759906628335
171,181.44343437364495
104,137.75766241922364
97,82.84428818031391
68,72.46822972022692
85,75.68674307603557
97,108.56233522090766
131,166.29147931920238
201,232.14015667749595
311,333.39372024219637
349,371.26590377637353
301,301.6985328872386
262,244.18675681754567
208,238.75160287177724
220,223.8860582880026
221,234.70061232029138
227,245.7238021381166
255,247.21666680603116
284,284.2938667945011
312,317.9301021902444
299,345.8113427029304
271,302.11155166300944
262,270.5926656344498
321,262.4208075897459
269,296.16137099742366
241,209.74370826841368
185,169.476430527146
108,127.42637705626828
73,89.11783883105916
72,93.10019704969577
102,122.98657406622367
141,162.54414901347377
219,221.74442871382414
315,323.8560054080903
360,338.6635715786112
287,304.45345488303263
213,256.3082751475405
207,230.70986165921997
263,234.29198859088592
226,270.501221010255
215,259.36233307071797
249,256.7189935920136
257,279.98378705186155
308,341.042649134094
313,337.6467323625873
281,323.29997205825543
274,283.11643581677515
281,295.5504714792796
295,296.5853548881461
233,264.268176322428
200,187.7352867984976
158,162.84967905040358
126,123.0798461351437
102,124.07516150210907
145,144.5157677633564
163,182.1600436513479
230,217.0470100077625
319,337.06698793358305
338,329.1647798246631
288,292.4669034273089
250,249.89147137156797
230,258.4116086887822
269,259.6845687469115
267,281.88031562510935
281,285.8110290775406
284,285.7008155103301
310,311.56101746669646
386,356.8989135351405
458,414.15234659278417
424,421.13933787459655
343,372.75958751294894
330,340.67496690668844
390,362.672169615915
391,385.75714867121553
411,358.9446466760379
289,331.72778226571444
255,252.93982561312436
225,228.9959393175401
192,196.29623454771087
168,155.04171488871486
204,189.0980246649555
203,218.993120745873
300,243.10138026694764
397,317.47338120744854
359,337.02683785555615
380,350.22730100891084
391,380.8286291168409
427,387.667253027124
423,402.5217609763491
413,408.3271418438024
445,425.25742097885876
446,445.1557493638437
464,447.9871322718373
484,438.6826843290006
390,412.25696502285615
406,384.15363796759283
403,413.1470413555049
408,416.79775825815636
425,395.982976297029
375,364.1200318579895
323,292.4901375934429
275,257.07709999336566
260,234.09312302823125
151,177.8807930534668
152,155.0379294512671
171,166.46414521047154
212,207.5577701282585
273,275.94777377369456
339,323.6754336799458
332,349.5786907557349
333,334.17104967815345
330,337.2315062960738
387,331.4652412802786
356,364.5149174160291
344,344.79435084728004
364,352.60994996684775
330,357.31012413021017
310,290.1319978851428
312,288.8466735849972
341,309.0137739350894
301,320.05727793802936
335,239.58737149577735
230,239.26335208870185
148,148.95157903513123
148,106.16083334852831
106,111.52608001092217
178,140.77789608690222
209,183.2263921595662
241,260.7705435972887
312,322.46899277763697
376,365.5041919733467
289,295.4848808813393
254,241.62543261803944
220,224.90472340455963
200,220.74521297768086
207,221.02026147352797
223,237.73058546364163
242,241.93846720606498
239,250.67577957367035
332,267.95912160284246
328,325.99516796547664
453,284.44754278449994
350,364.33809140471226
309,313.48594523413186
216,271.32684312431974
182,168.43069022329104
104,131.90081458851716
71,74.58726722082977
60,63.82255833176533
39,64.88648077449669
82,88.36701095811588
150,158.65808974839874
227,233.7317241360213
331,310.48828307837493
354,352.50883782381277
322,289.98128154036493
229,258.2720812380703
187,222.39971414819573
206,207.23899855544917
212,227.9817218114405
216,236.5207980077143
236,238.07745689420912
227,263.2898065127161
286,288.8783688291854
361,328.88819924445437
234,339.9158043696711
236,276.9884866845809
279,266.80614231742936
352,264.2044365047583
356,222.4395684365697
164,185.85187153213232
90,105.36848167314365
81,70.19445226099096
72,77.30909995416889
110,96.11967827983669
161,153.706630587222
219,234.15317499621926
319,321.9445666508563
358,371.71332637846217
324,305.5430830839763
223,259.94022769296055
219,216.0606472001561
246,225.7029036534443
243,242.43945407019186
258,243.46249448268622
231,262.1275023468197
288,268.82573977847505
299,320.27918904582435
309,333.0557014835108
265,284.39811624676423
252,256.9042165118373
299,267.7972011305781
271,294.6188473962774
194,238.4813776802253
185,161.3422594300166
130,116.29871497977325
97,89.3912915666311
81,88.90580661899408
116,113.27311309692983
169,162.21134532543147
236,238.34062788527564
337,325.1305221542072
377,359.0120210492407
326,307.88640581221756
247,238.14506033254978
221,226.48144351816697
229,239.1863638736593
243,239.8118175736136
244,252.47128168174686
268,249.97680522279373
285,281.50491572465796
302,335.03482787879835
343,341.7870893020127
318,308.8505015861256
270,288.3273645045097
287,289.0656184974402
272,297.2708457750597
245,241.2041525285645
227,213.4694135319042
166,170.54966084522576
127,126.84770361170492
130,120.87923964484274
120,146.3214929819849
199,171.6881895576983
258,238.3933632642018
293,339.5066606092191
389,321.7419094989355
291,321.2409065654025
218,254.96808228052097
242,237.1378245864053
238,253.86708567894968
265,263.25981044275346
292,280.2679247432393
283,291.50368726993673
317,310.5680246207307
377,353.8319746760844
463,412.7899617951162
412,429.9454737873922
357,367.54021698522536
361,341.3604723351378
358,359.8365817381498
387,358.57647437394047
382,349.0109537694376
327,306.2285641422536
265,257.784978159316
238,230.3495228767834
208,192.73293440677165
162,167.90770917047712
164,191.99157680872514
178,197.16648676216738
244,241.86750210797754
327,295.82488075857464
376,331.3123972893457
398,372.52584422001115
371,393.3697809448309
376,371.35031218806694
400,390.09918398537934
376,400.95805716225044
435,396.11107784468385
476,456.03316687580536
426,476.73892856770357
407,441.6450486411738
365,371.44240647770744
435,376.34417609344735
425,429.003782034402
431,409.2861812752773
433,403.230878211632
433,355.9204494855326
296,318.9073745652444
290,250.05354263907367
251,237.4295885202797
149,167.23361016554935
162,149.73102499094475
145,168.46486205652866
219,195.17873937615656
245,272.90300129099853
311,296.843308899112
322,339.61095395724954
370,329.18097528938335
322,360.4201954897792
384,330.2696697873111
306,376.3624606309574
354,313.2788812627831
363,369.72498160724746
361,358.10334087632265
265,317.52278025339336
262,275.6984559557761
280,276.259689680213
257,283.57628127819055
222,222.90261673411138
174,173.93175510305716
137,129.22191350320048
95,108.28682936831414
88,96.36230267342641
132,146.4853305636857
189,187.30312077515168
226,249.73485527844264
338,301.9945121903266
346,374.16706540982165
247,279.6618289464911
229,221.6047465752228
186,212.59384173971296
200,201.23132653511877
199,211.03247555495125
206,225.57221410492164
210,223.19547756550952
205,225.6446713481106
257,249.411740339875
282,268.2047534998424
235,269.533093248414
185,228.02067765963457
214,209.92985158998172
220,218.63261149825115
152,173.13163181780843
140,112.01756136252928
69,82.96728414091753
61,63.48337035984562
72,56.086698989099936
80,92.21258458936524
159,157.079062800546
229,229.87036587462686
328,320.3869318580674
358,346.0169923594334
294,283.10900049785874
224,234.6555172985062
195,199.54507091607664
203,207.52274089036106
218,215.23249021341772
216,227.58428671384922
204,224.38301880821805
208,236.22445106653015
279,270.381618202689
283,322.9455988433176
236,266.5922557168836
200,251.49354364412636
228,231.19172431011478
233,243.91637569529885
175,173.38038884351437
141,129.0821872938172
113,90.52007957010714
80,73.53848149538082
65,81.73669092345395
98,97.86981052485663
154,157.07577970054578
223,220.95000414673368
312,328.56722288728673
374,359.2953153382274
298,310.40866333167315
236,240.35314804083768
196,213.03727259528065
221,215.48053216923375
206,232.38935204372854
193,232.54823280284836
204,225.51921483105747
231,240.51878142776744
281,284.16903968737
263,310.91916437129726
217,258.05119738646584
236,230.8582263014552
254,249.2404738579814
249,263.1055672379007
218,203.3102009040135
154,174.119500161885
120,117.4106524628663
87,90.38293191819797
79,81.34917749756464
111,111.73591563580172
185,160.14075450438568
235,234.5460822242867
300,325.42627456021495
350,361.7550935481993
260,298.71557839351607
261,233.8874127446974
203,228.45933831491
264,231.82031355097664
251,252.93544889329314
219,243.2284453089354
247,245.06783513803617
258,271.418529074806
282,304.21841957244015
334,313.93831445729916
281,296.5049586012157
247,265.77498531223114
290,271.405917652054
277,290.9924541403882
236,247.68791750731754
225,207.32689834975383
152,174.88561919477573
125,123.59938359661909
116,116.70689522531181
153,139.27371937724834
175,183.08105523360604
267,233.97623067125886
289,334.24668045074367
334,357.8275341941194
311,286.22967178282073
285,268.9566239135353
264,266.5742464241349
273,271.0569749366247
278,278.83000537831987
318,286.461690017761
379,305.8934838316606
393,373.4043323267295
403,406.93142629469116
460,428.2628146672145
429,430.43496302439735
347,384.9710509964571
351,341.89406060562874
431,361.871647279561
358,398.60046863849755
337,352.89065971662444
299,278.1631780950693
240,251.12739973423535
215,214.99348503655224
195,183.503581506534
185,162.87016869225465
165,195.66177353110513
199,193.26856304874968
267,253.31638040041778
325,323.77401975337636
333,346.6157609561814
352,349.4978275703209
373,360.18141176504935
398,374.8283082962321
388,393.52451663712964
436,397.07073928765294
418,461.51321264282
417,442.62421472825906
453,450.7017068085452
397,463.90164706336344
361,369.86104005001215
399,378.01387028176595
404,426.8692250074567
356,388.425383414997
402,340.68643560885727
355,359.63694630729105
320,279.79402023791386
279,258.66247573850814
228,238.3693832230507
201,159.00726257620008
190,178.2671830039225
159,174.2020314825874
199,200.67864782864268
271,259.708896823838
307,315.44351486665636
291,328.491453561737
310,311.9653203229837
340,322.7760357659306
328,343.3895153362386
398,323.6273648494381
379,381.0411815874334
333,383.44578271696076
347,339.1629276267531
295,299.5423813964235
306,281.089898732682
281,302.9310908509712
263,277.847761275947
223,221.75055130453674
159,170.67878766519868
120,122.67570797549575
86,91.51049028020246
88,88.32247611303681
144,141.52161302221543
163,192.29138761827548
277,237.5170587506256
326,342.658331061648
352,367.27049972298624
301,281.82013950948954
264,250.2702731814657
213,231.49070589572577
231,208.28107190850966
214,223.93378389159872
231,225.5177736890818
260,227.95835320713363
259,256.01974499382163
320,278.80638146844854
276,317.6490499551072
262,277.25124762787414
247,234.39797425644284
210,240.4106765040322
216,206.96353270074655
172,166.82376739311962
115,127.01471969077875
93,75.39251615543945
62,63.42870473375085
62,60.985269624326
93,86.17697371728853
160,153.6423971557992
230,237.5430215699243
330,327.20654056835247
386,356.8877531059606
336,312.6305363007755
227,269.5385713237783
258,205.01197759007837
244,237.94262811737627
285,234.19499847631565
248,271.8437930723142
276,239.69715444529336
300,267.7955127284613
324,317.2932340241234
318,322.97330070454785
264,281.51849007720165
229,257.0466073095465
254,237.00214387421022
278,251.98208484153898
179,207.1427080881804
154,126.95684881706373
110,105.18332129436754
75,75.50947230668665
70,74.75347323228034
97,99.3040031293251
139,154.04927246144737
255,223.77301840622297
330,342.7329303788178
374,359.20876226726074
310,324.95415570817005
240,244.34931823683357
230,221.93462125929742
222,235.54656552716614
254,234.32810098069626
262,249.65301177646637
264,253.66746789914336
292,285.32531112886693
342,319.61411697534606
471,342.0671664262726
455,375.4881242989604
273,342.6749934825814
244,280.11965251224797
274,261.7077660971819
218,217.4764778471855
152,172.64650657811964
90,114.70646914158044
84,79.96540113941634
65,79.6642235952229
111,106.6900247023639
179,165.207525561276
259,243.526242211681
328,345.5247048900232
383,363.4338229025883
279,313.14465295055453
252,242.19918988001226
279,226.02856669872077
239,258.5178702501287
301,248.86232291251497
303,279.7172182538854
434,285.4010363072318
362,380.5397735025844
389,371.78432908333457
341,394.2025278925943
326,319.4363062585321
257,287.40331955571384
267,272.1336292666537
269,281.0199080900434
238,236.2335510050177
126,118.42897196084235
76,72.18674202747405
42,49.44450243184557
57,38.25415671511194
53,64.40883669239649
82,88.85267033799038
104,121.88601101667895
148,152.47863117428403
207,193.30111989369425
195,222.18085114070442
234,234.80693517346856
225,239.70193910875923
180,247.2452226593788
184,194.1702172299513
241,228.70685425261124
247,240.57177178391592
235,249.60681521201988
315,282.42594083604354
341,325.09317835478157
300,336.27286668586754
250,270.2212092202962
213,238.92046979732945
206,233.49252813722342
193,190.22948808793703
104,132.07159503334657
52,77.48358349378178
43,45.257268709833
54,49.71392231592664
78,63.72846078628324
76,86.67299844634657
107,119.16955353271788
170,152.11648055146014
204,192.49210712870823
217,217.20769208345826
209,245.44887364054082
193,226.15131338008723
213,216.0092978583666
182,225.54343824340583
203,218.4274979544504
213,235.96257167622215
232,245.70246709423014
248,298.73048155626185
272,314.49255121444617
271,300.91381857551164
200,283.37556324200415
225,234.8029515389934
207,236.85255509396097
179,218.03945065902133
171,135.67745937897317
93,109.30404417045075
70,56.87294884615824
56,62.04930978954448
81,75.40956085180835
82,88.77110566402
110,116.97008065780192
154,155.43981535397816
228,186.4711234480976
230,227.03972842724733
255,238.97124107887157
222,246.16145023437903
228,241.45878594774888
196,237.69381836027713
262,232.24144751168024
276,253.95561554445754
278,281.97146158318714
322,306.07680658354263
394,353.98956315879553
289,407.8729114163116
284,280.48736628651517
244,284.3736877179405
246,262.85688743155225
276,233.68031805675074
223,239.7393823763557
164,155.79234128085213
102,123.99150125490262
70,80.52874111673418
75,85.78000251959145
69,94.88780572368093
100,89.58848436835675
99,126.10721000770035
111,141.57520165511337
178,142.80564053882154
157,207.9835878610746
197,185.64835829581938
163,213.26149097146475
196,174.60759651338023
224,229.01399075656036
269,246.9007235814027
296,286.2100634139446
369,313.22844140437775
353,401.1775478194377
376,407.40069997923507
388,359.92044297001763
402,364.0574810298313
357,394.448517673039
423,373.9160794516491
469,376.191180716148
372,331.57795259318664
250,226.77860090130923
168,158.26759722856067
118,113.10468345962859
90,88.42018244227997
74,105.72663559621888
88,114.70788790622689
121,130.53631470403346
142,184.68342807206764
141,202.65395512427267
172,192.52316970541682
205,220.79485369946192
214,231.5309327064532
217,246.4636206590289
236,265.9862200141551
251,280.0140905579026
265,306.13423105878866
252,328.4663886757092
259,316.25732902723723
268,302.2261275150047
286,315.82093161076835
308,367.22947987862955
348,320.74000991939903
261,368.5935760327578
174,226.66290531724488
124,155.89729977129306
99,133.84175312675168
86,103.30638352886493
79,91.63743508963309
84,91.80383530832896
85,105.89546351607007
104,118.61489807468531
151,150.90748649876292
185,194.03079316958429
202,224.50903390983962
236,241.73508545866153
215,252.56815111952343
245,238.8141764060706
250,265.48904102308717
230,282.1236842756558
234,266.56533920003295
263,259.27332312504325
229,277.7432832270781
202,240.76495224616687
217,231.12035370407156
227,239.00038305264948
196,204.36564360822302
139,139.77838172214302
77,90.19771910452558
46,67.05665142606186
51,53.405167266580385
65,65.64320602430082
92,89.2435864225543
113,125.26254761944193
208,158.866844511171
284,219.54784881746536
220,233.53533615837483
217,230.82237236244885
201,228.71359441001593
192,221.57058902337215
187,217.2572885685024
185,210.08623971602682
198,206.89365047745852
209,225.68170601262474
217,240.55411379284132
230,251.58303850468508
194,218.17485359075053
162,192.65269052980082
162,179.60976618524452
188,185.91212196952344
159,165.40894843674988
99,116.7881121227954
63,66.86814231336473
41,44.58491606249044
34,43.81367717556936
58,60.329988600036344
80,86.51795667297831
96,115.54479974054226
164,153.0474597618496
213,201.42169387121507
229,225.78827508273037
200,236.1244582371749
198,219.20926292394662
223,209.9294522023774
180,216.0044766173883
219,213.8678109361266
204,231.6407226806965
237,230.49320497070087
302,276.70006964518086
300,307.33896699309514
325,296.71617073774013
276,305.5388688503928
205,274.7347315895004
237,233.99430637388036
197,194.103625259215
108,123.31495457473657
74,68.1625271826055
47,46.71308571282303
50,51.39103632926566
63,67.67459046126011
77,85.07765334975778
105,115.30142020236195
160,149.92773382361358
159,201.27625279672722
219,214.1798221130499
202,231.0797706151822
200,210.7198407954557
208,225.66110837588494
196,212.40273453995414
205,226.7304988110637
205,223.17047087388596
191,244.72247101904165
251,251.37890653778504
247,295.90474981521527
225,282.3008185566873
259,239.66487069891988
269,253.89521575677546
281,267.97676082056137
239,231.8657918378417
178,162.2918386660765
84,111.61553144069357
40,64.68073449899974
49,53.187216129759534
61,75.09178499463341
68,83.34408228277337
115,112.37281470090727
181,150.6195218603455
218,187.56391910638172
231,220.05451092589453
205,238.30708333288538
187,228.21195477946037
188,218.02309154635012
180,211.87761309218956
204,229.51857654068348
192,237.4152518142913
221,224.53789789204035
230,272.98463067536414
265,285.91764979787416
276,293.99470567133466
241,274.7142581373878
250,261.49945716001264
293,271.48744328473657
265,266.51860513294946
203,213.00449611378258
109,138.72772089844315
75,84.37896379195105
44,70.38722957828169
59,73.84531892434728
78,84.88441312311286
104,111.25309236335949
159,149.5125837839226
218,199.28250090310164
210,226.92073946435107
203,210.16506039792878
192,208.23428915288207
223,190.1939818406871
210,219.3525819083303
237,223.61923308172177
213,233.77324441927965
216,247.85071499020896
339,275.9344103051623
324,348.93786070402126
387,354.6092975113541
407,343.8804484387438
368,382.6406632796401
335,380.1913724121049
327,373.87340927080504
359,291.9538162174958
273,265.7970124050223
179,196.39655922588148
143,132.56884236732094
107,106.86385006442856
84,86.12627535639739
102,95.9303788556081
126,118.61679593624639
169,154.38512463174308
174,198.51882326213124
209,205.09345215508716
219,241.4892956583456
254,237.5663327822682
255,245.43420321154923
303,262.497194603392
274,289.59114990119156
326,284.09339714818964
323,333.5040656107095
393,348.6459308363513
387,385.55949548498427
450,364.6824426467732
456,437.82471409306544
446,458.0169755461563
481,428.0371916197786
411,396.23787176157344
251,300.0571990540391
180,183.91109613491034
115,129.68558944237137
85,100.68499656842282
91,87.49483941841358
74,93.5522895851339
112,103.05290151874918
155,135.09755335541934
157,183.64681280865003
225,211.862391347059
255,246.41435322289433
257,260.3320466307043
220,258.8200175551087
273,243.98863628763806
254,270.68466623646776
267,273.55620243735575
296,292.78688800157425
304,299.6238212492215
243,297.8000118678044
251,242.72920929060405
255,264.46798119156716
289,271.05056053675105
269,228.30978894098467
161,167.96895139928813
107,95.40387350784859
54,66.68961513379828
51,49.08585579039732
66,65.15177200965793
77,94.25831270001855
110,120.20580265556514
128,166.35803859415535
171,191.1667611894132
205,201.72601770093158
194,226.15184579752923
197,214.24553778730387
141,212.45910978899522
191,178.01706300031302
185,209.48178957920078
189,200.34206642662605
221,206.62584174284842
272,243.2757899954053
303,275.01063069969643
294,255.00915773501407
254,244.12663251943152
209,219.61498212200854
220,210.5044975137657
135,174.26968129289568
98,99.0867723715867
55,70.26240079613983
34,43.434474340891114
48,41.05527378372858
56,61.10743726451403
74,82.06706184989532
111,109.61953297342693
155,150.91657766096822
150,190.17981501246075
217,201.03332659188916
187,214.41244638306094
185,197.34416572753491
169,187.44537286605305
222,184.73287223813742
224,228.15493979129684
185,222.1641392024701
203,216.90193439469215
217,277.47581006101404
247,284.251660886573
245,298.85104697816735
202,248.96757971280343
218,207.99385831055795
248,223.08397110076865
193,192.1634298884671
133,120.44257569853049
82,77.86202749705596
47,49.44478596831723
47,53.21615915858997
56,63.225279776947346
80,80.52449616119776
116,112.06945476945808
158,156.76473840374848
169,182.0318037056849
205,211.8837467797108
198,203.95565779263347
188,202.69797212781677
195,199.83908663706902
202,209.03842078090923
218,225.00607739215025
204,215.78001534947305
196,221.731273478595
278,241.67774662715485
306,281.7041249350659
244,276.76764795249227
237,237.2036960625716
266,241.99004347083064
256,269.6315419362121
226,225.9501260221593
146,161.79399005420507
83,96.17593347821366
58,54.046763687102846
43,53.45050942551547
69,64.41088770638322
93,85.25032630958026
103,121.04423464490313
162,156.37416892208668
176,194.96136281296108
219,206.7283506902855
191,219.08315798806188
186,202.3079051253896
216,202.45946091804188
218,216.5000620180789
227,237.65278465190406
224,228.40573668488696
239,237.57515877544023
308,272.8525231503858
292,352.64875097980223
294,266.88683722072255
267,270.10803568038284
256,267.18165050799763
338,272.3733495218084
240,286.36189137495325
165,180.9311886863113
116,117.7937071049169
78,83.80098858197051
61,62.38330063204973
85,72.31210309118123
75,84.7621624057331
108,105.51782094105687
173,144.16400151572992
212,187.59393629169253
208,212.46687092234285
227,202.93734573911775
218,206.38761182783102
202,213.1493369489973
206,212.11195509729495
207,225.2304057424797
243,226.58166944908095
233,261.4239611645905
309,303.54767252356015
318,332.9963999441014
356,348.7299218456632
321,353.7115040163447
314,337.546720151266
331,357.6019795713723
391,362.8411848955543
338,368.92302095441255
271,273.7192169381127
160,199.9381117535734
117,131.42343587869544
99,107.51265941147079
85,88.85506138260396
126,93.13341017011228
114,125.13656517062414
158,152.77238822735526
211,182.9106852390157
220,219.4769355443227
216,222.3408200666293
237,233.2390264188345
254,237.5655390101694
258,256.99741582509796
335,264.2509964724968
293,333.7727112909303
342,309.25449066172206
370,365.3647868591768
382,354.9978413594614
346,344.276039527205
367,355.4311668434142
332,380.24786377103055
413,360.6347374431975
426,364.4284632601232
395,310.3669636725254
221,228.71471474276458
139,145.01543279266167
111,96.91099704421266
77,87.9404797545774
108,88.76184694672274
112,116.10074502501666
134,131.0424365490738
149,174.7414382097362
203,195.35228693976646
236,228.4601068671117
264,245.9536397839632
254,257.66313448104546
249,263.41642436021124
293,260.19186336992743
283,286.3206086147903
272,285.3700113857006
291,279.92026593720277
258,268.1353376330068
225,242.74793947824912
231,237.72782024620471
224,253.60944503720089
182,197.69550119257067
138,133.4052191439887
80,92.4527634727893
67,57.745535323291264
62,51.50354859736804
54,69.28442764718213
76,83.81469618255545
102,119.2655215020388
142,159.693048829333
146,207.64573859215258
213,187.1144131491194
195,211.88580611456112
184,195.54161872339475
190,184.99654980890753
166,195.87784273827722
193,186.11779167232828
193,195.60217363329693
206,208.93917657145568
225,231.14509503559904
229,247.58717902455365
215,214.49556844694703
167,198.27982094857387
160,169.97650370740982
179,180.40005558772884
147,149.57154021023248
116,101.16275312529115
58,65.66287636115314
41,40.98768193286687
36,43.556394720356174
57,55.54261982657908
91,80.17141455824881
90,117.51701293068137
143,148.28642561512595
182,179.8064110633416
208,209.22250380250384
192,196.877572593729
166,190.37203118380134
150,179.639493864118
166,171.2026848663106
185,201.4019019171132
180,198.85472619261196
213,210.61976993482043
253,251.2418235546692
231,262.5394573370391
227,241.04820152652425
208,213.63773727971056
173,199.6209613820127
241,198.22280655203133
166,189.2957063846564
130,109.54643463041779
85,71.83070279177333
47,48.09080557880725
55,46.48090270193972
66,63.853405920382414
80,82.80996156225953
108,113.27201175238109
147,159.366503802409
179,177.33836029273115
233,207.10604804495162
197,205.87014981404818
206,184.44249454108257
163,196.30572620200917
168,181.58586203711735
213,196.71937487044352
167,207.2874614191178
219,198.24075305844423
235,256.79766895939304
239,265.18062900413685
228,239.43495914712938
210,220.89326818831796
238,223.34041411122965
211,245.26144517938172
195,186.04643216655512
109,149.0604773495619
95,79.80443146980633
58,60.21970599460113
48,51.79004128365002
63,71.62269380597668
83,84.49882826749763
98,113.76986903164722
167,154.6107423328497
156,201.93481862876104
222,211.14662482062565
200,213.42244053410872
184,199.2638320698897
179,192.17422364595794
191,187.89049902821287
231,215.87281293116354
221,224.33825583756692
252,242.3277265835611
253,275.6977369568343
307,281.44945627301
278,284.0772557437223
243,256.0418840824246
255,247.3409967740847
288,253.6972366939553
254,262.3275964252349
164,179.46305287174908
130,116.52608259606004
71,84.70845578848282
51,58.719806635506046
63,71.66374959497524
84,77.89529861340215
133,107.42761190445468
175,168.5940852042397
203,202.381373323002
224,206.66670411737897
236,211.1089261036094
236,213.03010046174123
239,219.50487481570445
248,224.53150158730946
244,244.85313791250962
314,244.82841861190002
306,303.82743226532546
325,333.41880652052686
407,342.9364029335186
360,385.2545381517427
335,345.53835440633287
337,341.00160374685834
420,349.7315472443221
460,398.17904862265686
369,366.56249778811326
255,275.47060514372276
168,181.48879768887414
95,124.15435919350917
83,95.65330733207503
82,86.42734405211738
107,97.82524320052349
154,124.89305348284947
189,168.86247520380934
229,209.4038159617394
286,238.50129432906735
286,275.9254775785534
303,275.6739098350317
281,286.0349118038843
326,277.09731344127925
312,325.92769478276955
338,317.4735473749129
351,351.35812934610834
414,383.1240540735342
385,398.32265433901546
386,375.5077259952154
430,392.70537677970555
390,434.5027076665213
432,414.9041988146296
410,402.7638094575198
276,331.42876684500266
182,188.0312381697695
117,116.59057039136226
97,93.80579904589524
101,83.67459584065492
108,98.36401670399547
129,119.31491609873818
164,145.2029574131341
202,180.10827016090454
242,233.55031584831096
284,246.7348800357666
284,284.8779617353974
289,273.6263167782574
342,280.30097701526495
336,326.71329177403055
304,325.33329046729136
310,300.42655809564684
290,308.7716671825019
277,262.55932890880325
250,252.25339215808472
222,243.96820670353677
215,235.73230755391927
203,192.9571711476401
158,142.44026432921538
90,95.00650912072669
46,57.348488513069
44,51.35954858180281
63,63.45740745647984
77,84.76398294624767
111,114.96898902572208
134,155.4476599753991
173,190.81276505589994
200,204.02627455407566
224,195.23162215833307
200,201.1697533627983
219,192.72810855714158
219,204.69628840427754
214,216.47135250229243
221,208.99037425607443
227,223.19945651023733
248,243.8829663863528
245,253.20012427271644
214,220.76983594678447
191,195.02163498086168
174,181.6608473849327
160,184.63417667421442
176,141.20539624947045
103,111.97955264268946
87,62.58842487275295
41,46.27394996824439
53,37.1376739134336
52,60.253732803811026
92,80.12713791013765
125,109.7866657843898
164,157.22017498145794
156,184.68322952316504
203,197.3360410712759
286,195.23228315692137
239,231.59773109647062
208,208.43159783841415
224,204.71847021758057
233,224.8191987203091
224,213.65093734813786
272,229.1294570922434
280,284.96865976675105
315,276.1289321555327
284,265.9037365849346
249,249.6427852751537
181,216.84530996727258
257,204.4579363467872
197,195.10706978690345
127,121.37086455442935
70,79.85876807804446
60,46.089909130196745
48,52.394993561818644
60,62.84915045108835
78,81.84620886766591
124,119.73423163510705
151,161.33500509178188
157,172.45621125130023
203,202.12231370609922
221,209.45150786835865
219,209.12272181959
244,204.45119047549417
214,224.08680234361438
265,230.3591959106552
246,229.67997546212013
255,240.49196709427082
303,274.0527730250561
415,305.266739297225
269,333.93357936232246
258,248.32419928393043
241,251.71197183456823
240,250.63790037475493
222,208.6893181296818
155,144.49651305780685
82,92.62292122989122
61,55.80331830889972
53,50.05663154633545
61,66.42622581754046
86,81.3997886159046
123,112.48384908044758
158,165.20325670403255
179,178.037549182014
227,208.89987716051698
299,209.98327390825088
250,238.2150869672468
230,229.59978621859926
272,221.4870810042461
306,262.94035772769365
311,273.6992582831231
403,299.20288064225775
328,382.24288936385005
324,338.0210905290922
293,298.51670746990914
259,269.211652906353
275,257.2979253815075
268,292.19246657142384
252,246.0007710636747
178,166.87592729111014
129,129.54731081717628
80,88.7982209968773
65,65.8528898581067
83,71.85241648351928
67,86.48344699604846
107,97.72651666867043
117,122.42828001972359
137,149.18328534667063
158,148.33016872763096
141,143.41277232446063
117,137.97973617807466
144,139.84008501094212
172,147.68964710053277
146,163.8950973520954
177,165.62266739159114
184,191.43450768768435
262,209.57491093505155
277,254.34633389995085
264,244.66796713670217
282,219.94627071713072
246,252.5199986390163
258,252.93439464343
247,229.09313071491428
198,190.0200503522908
139,139.3934861755979
98,90.64681887587078
74,76.75893139767037
81,82.13069224100697
89,76.93552743314528
107,107.01663560570688
116,124.15724498540445
168,145.20916407049248
155,161.48200469688612
144,141.50257506600977
137,137.04219367634457
150,143.12784787360116
153,146.0716250120637
144,161.61476386986044
168,165.25283567856408
163,191.586575540192
209,207.07683377951219
231,240.8029189486515
190,240.0998618579442
173,216.79533036866928
219,225.97180055709907
252,278.65778460782633
258,265.57624045175316
268,228.11372566574786
196,172.72904888737696
133,123.31963459940022
100,112.07910757060766
115,107.7313334288023
90,99.94972075419166
93,116.80478466688099
127,119.27804521575743
157,141.01103142409147
155,155.11036764498536
143,146.87956404550914
157,146.26980418781358
172,166.51306422402348
191,170.1352592370232
190,180.22633202344733
226,188.53948797265474
222,219.56090753213505
263,242.10528259963198
305,274.53357517951883
230,301.98989877617487
247,245.54467860221604
276,281.6404289275886
341,342.99512130823337
349,373.5372458901838
409,391.5893811891236
347,417.77909552643985
376,305.3722048035392
320,297.7731223806942
182,213.86299427841922
110,132.88429996549777
103,115.48927656584037
115,102.93235971538232
99,147.2742434415486
115,128.68218029126334
150,133.13323617124678
145,152.77376942478435
120,158.77667038510157
154,150.51758615715784
177,170.47736976644742
254,197.99948562294549
257,270.29829586694166
271,284.45475904593366
298,311.54239634823483
284,326.6884661310116
328,305.1351053377395
348,340.2606156484624
457,419.5918654068054
613,544.299249911733
783,744.4853194826107
786,848.7677419388483
638,690.7413091757121
507,557.4503605438248
348,372.0292203964873
187,221.02005880287402
148,163.9965292187902
178,155.414367421098
194,181.8370224094006
211,199.16727028335973
214,217.52189611693666
230,233.38305517920296
248,236.18929305389025
273,252.80013355863318
281,267.5046606799852
296,313.9888224873779
287,327.78240622382776
347,334.4472854288948
329,389.06097604300106
385,384.13820366894487
337,418.84315087442394
428,402.7819804209014
525,580.0311853014889
496,663.8221369206595
515,669.566370998011
575,617.0835839927859
547,497.8412345401516
430,461.5674524889525
245,350.6783025043605
141,201.83813112685996
133,157.00721640467376
147,166.5669365432269
135,183.3980986137656
201,190.7660288463508
228,224.42540448066867
243,239.0117471664369
243,240.94763779585097
195,248.13615051302023
251,218.39863248224702
272,263.98470028572194
270,291.3449097065103
282,292.46928429553515
329,319.9609662178049
272,334.3554890314937
306,301.45108515577203
328,334.05781458409484
338,379.69387524429334
311,339.73637648751105
209,227.16725587597745
138,140.22632228926366
105,106.18410148032304
84,85.78091447195797
73,100.87318835973548
78,99.34734318539039
98,120.31344000093038
124,132.54955819947824
127,159.18053481634843
134,147.5999848873143
122,143.1956328080158
126,133.7173441941092
117,143.89116404395136
124,135.58604892463342
151,145.74972333622486
124,153.7893759985791
160,163.88825224815375
140,193.9510351667381
169,171.70952370810267
181,172.52413166243633
152,181.56570576512487
191,176.6413090746715
189,207.6714611479222
163,196.1045730644089
141,140.50101672499795
100,106.018683992857
66,79.92572427327495
61,58.66784683513071
62,72.5139932710692
60,78.88686733438459
77,95.546536389828
129,109.25533677603542
149,147.84603064308325
132,148.419629083171
112,130.46873577948645
113,123.0028400469579
129,132.45670229087904
115,137.92134738323227
135,143.73320845153367
136,151.99179912850906
151,170.03106862203703
197,189.31396626231202
218,225.42915413330394
279,218.75122732799318
304,258.69958975550736
224,266.8328767875013
227,235.38160646644207
242,227.14981231616932
188,186.35367252393462
129,131.99827895027906
99,92.5371331053219
62,78.07451849023954
80,78.15357771412077
71,80.68839671902239
71,101.00218727830303
120,112.1404263442354
135,150.45871012910396
141,144.66630008049808
121,134.04919194958114
116,127.10850755520485
125,134.9245711190555
149,136.94827604220293
138,158.77635976242294
127,156.48008963620197
174,162.935934071465
194,208.39084792469245
210,233.90292074083726
204,228.41704819892362
185,221.63893662062273
220,225.87703254956656
269,256.9389032839046
319,290.7648613012615
334,265.70583214706227
167,229.69117683326525
102,129.62087461661298
91,101.63696754219696
92,109.28680427457977
80,93.29365890860942
113,106.43422339708258
126,126.53295910247688
130,147.50617380794878
160,148.3912084234629
153,138.54438472799612
161,143.60357741873284
153,159.95372266427103
167,162.92000665910737
212,173.05152704208413
193,191.03156583078936
189,208.3265354514931
203,227.6912173380246
220,242.6488369576334
218,233.08046473466575
176,229.64333316366222
354,223.75315643860242
328,391.4596254533297
404,362.64097760491296
366,403.26000918273775
270,328.2919349996714
197,241.40663468245575
144,210.02083502953903
142,146.56342924934228
103,114.53302314018272
90,119.60322303958493
127,120.83573910241401
174,148.509893011835
155,166.37587782973523
159,152.78745163839847
149,160.29219011118983
138,151.98070989677177
168,161.73090662838504
183,181.15865168820457
184,199.63555441913198
200,216.90636764481167
211,239.9561246176383
285,257.3371470180013
270,300.8691114554417
323,287.6985132994996
367,382.6022571283921
424,475.91072346072525
596,565.0958846790404
750,708.2204223917971
754,793.1974133620871
845,687.3533654648306
593,620.5812862250697
357,397.665016389219
180,220.42193325682587
169,154.6624990011468
185,166.11773360499743
257,189.41341292030458
274,248.79818630900328
277,270.427427834701
314,283.3545557882963
350,301.79430046568115
361,335.8418038967568
340,357.1284351215752
370,335.2803517722019
373,381.48922445951746
434,413.08823768670845
480,431.36334821101127
522,480.64956226075986
430,488.7877337763158
572,495.2680001651128
589,639.5676792508385
681,687.5401759577251
820,769.9857742280827
769,819.8504725192906
668,695.6332424297534
561,557.2351412437351
336,357.0934934913653
160,209.8241354200762
127,176.76115740136083
160,160.45617171131195
178,181.12719886887905
217,219.6183702598137
253,245.11173071489802
246,272.91721809602393
285,261.65324404602615
281,284.22816439818183
279,280.79923969512834
276,284.38865107787325
349,290.4361778170124
350,360.06510726294914
376,369.99097661477924
410,363.36279391073253
384,399.3202831354609
376,412.4400944030792
384,411.5377222887946
454,383.4960090614107
291,350.51463688735896
132,149.19833249326516
137,97.72098457800206
86,101.23708047153045
97,98.82540434588228
88,102.84017558021021
100,115.62506699653632
122,132.38069274689383
163,155.86844593524089
132,160.94905401529195
123,138.4323001104895
116,132.13991399281213
105,133.85569505702944
130,132.61774849486017
149,145.1057448947227
135,149.05883324312603
141,162.44787890875182
195,170.96309736389057
275,203.55027552771162
352,242.06468596366537
292,291.2230397149016
255,275.72851566280036
245,238.89773858610727
202,204.55094488297647
144,171.583000304035
89,104.60732551469077
67,70.99580363837852
47,59.3448440966983
59,67.83746141633178
79,72.9946386432205
91,95.86119264083284
118,119.80412890916922
144,148.02995194766783
136,145.93463869861165
118,133.63376777145567
135,121.31171067025285
113,135.60435788088057
125,137.60783285391776
145,147.2042577713808
119,147.26307557110778
150,150.84969967544097
189,193.80542882215605
190,234.42720180928694
177,237.61032057844176
174,223.88506937461955
252,215.9504845194003
242,268.92804177936813
221,233.39839341869074
213,171.2836545816596
110,136.07747713715204
104,85.4603256536802
85,72.00179719239301
92,77.83300050415626
80,88.21819398373266
101,97.17453017658114
125,123.40385405534975
125,149.7101999421086
122,142.48457985035571
129,133.48236025061223
125,136.04281933858258
122,136.9832533022269
144,137.70762569603173
150,157.2962131309019
161,150.06941399065025
174,171.83526569181393
174,204.6414483150551
235,213.33466941136857
246,214.0717451748698
197,218.4825031181507
263,232.02426571949192
308,286.6216311618929
286,302.76141700122486
222,247.20468079957598
160,163.82064054271615
111,116.01078511750394
81,94.97160928845328
79,97.15972515301029
82,84.56633475079089
94,102.83394161023406
145,126.27866441030274
130,148.06670559283936
161,145.77749928429452
122,145.2299953865856
121,137.21915578478655
144,139.13421095381716
160,155.5576626436604
182,175.26630810028226
186,186.49960781023378
170,200.08676676544283
243,204.8011276800904
246,269.86986318856356
257,247.1961282147051
224,236.8385752363331
290,267.87875768051094
357,340.3562211440057
354,381.6926132145095
302,356.01107290087117
253,270.8251400476808
208,197.9555480717659
127,180.26695432249676
141,134.31298177037462
95,109.42724110949302
111,109.25741307656037
140,126.33394975260923
151,146.27337870507543
153,154.64855536888462
138,147.27453033810812
139,143.92216929930836
154,143.9972378891468
149,159.4640135272224
166,170.99396981870132
206,190.4146966254616
190,220.49156296468135
247,231.73184416893247
318,286.3001797884016
284,327.9356821596933
319,310.9024012539567
332,364.2360903945806
462,442.01400966636
560,590.4001321520192
620,665.8515018115515
650,650.8882880901651
659,614.4865448283306
543,520.5982568395403
304,348.273816416329
173,185.1559001155345
129,155.53034001662073
150,156.78332250269568
145,186.02828486423866
176,197.1266532812453
194,209.55083728442364
186,219.6097221503994
173,222.87655788169826
216,200.0668965345539
215,238.39710803468554
252,251.43758162348823
248,276.9789815985385
609,298.36539102361655
312,530.4228390761668
429,358.65493219397155
379,440.2114523960462
417,444.9294123085622
509,528.341377343778
657,633.092139575277
717,706.9649900401379
786,721.0341432547561
644,668.7435767807916
479,551.3143098685581
318,340.84107214379685
200,200.01852727738716
159,162.32599620415866
146,158.20260148700854
164,157.89934906568976
144,197.4099560997966
172,194.45610939686927
205,204.96770105658075
230,214.2356100589092
200,236.14949833802063
223,223.0970020437299
221,238.7984290255826
242,249.96528742606074
269,284.9626841711328
318,314.453414963014
258,328.4710515926054
288,294.633891673769
319,329.60861016070413
334,357.7281245934133
301,325.6038159476736
270,233.30181590967644
135,154.81880820770687
99,99.49912315523996
110,105.4194939187383
76,100.35111518272754
112,96.10078619839022
91,122.92000171090298
118,125.1882405091579
156,150.9124113275277
157,152.00396494269592
130,142.04735902035154
119,127.02260090545036
156,123.77528815698575
132,151.36299276314668
147,149.42074963201637
134,145.7963717528273
147,152.0557193510431
174,172.1399362054335
192,193.41764588114478
160,208.53000638821834
174,165.91780179557512
191,191.05658011066603
205,205.99797303303447
179,193.5784616880736
150,148.9907674240579
81,105.44720076306315
77,67.93743851197428
49,62.29140706897093
68,66.81428417246842
66,75.03237013427838
89,92.7602271343719
127,117.04049667792295
124,152.8670834776858
144,141.94408662037014
119,131.9076615290536
118,117.48148524468965
116,132.0276714694528
131,130.10450437341365
126,146.74016346778293
138,140.91752886654714
172,157.42402623367212
185,205.07458581939207
197,211.48574020103996
163,206.70094275749554
173,186.6941316110334
204,211.3805424723987
221,227.74756344729363
218,220.20939553396408
165,174.73468552954435
126,115.57755182429844
101,97.41602950577303
73,75.2576137911416
83,82.84179691555256
82,81.1193206188048
95,100.46086347295359
123,123.9213925778861
138,143.54608724036314
151,144.15039967057578
107,137.73304881660184
127,120.17079794819787
136,132.8236456627901
133,145.57582772227622
138,146.25385391782405
137,149.56765412451142
164,162.77548857321804
217,191.73720739722842
204,232.90497784969747
190,207.87930734862184
202,186.6691650169922
221,228.94262212396694
331,250.44281019305768
291,298.03501494458527
223,243.4533547864997
157,163.50931645920227
77,118.03503571578733
89,79.3967498671932
87,93.22603207130051
86,86.22916639682636
93,105.01097895125437
123,126.80555401697495
136,143.79005650294582
148,153.02374971268154
117,138.4406305796367
134,132.30933690587963
152,148.1107914869502
151,160.31699905361103
160,174.0495803247702
151,178.71976938409077
200,176.870680628369
204,234.65263998635288
221,232.82349067537925
225,227.76441987329372
203,224.35888606484966
271,249.90702099544765
374,345.30214299543127
354,389.05384552362176
287,344.6103598085458
254,261.5793838549428
182,188.09248190176126
184,153.7574612524581
144,145.09599608593837
86,106.3108211050387
106,103.24879613038485
129,127.86673155120842
244,147.7239346560117
213,187.91772237376583
166,169.06124126796175
158,156.20213679551006
165,156.7953422472706
172,162.74172997554476
182,178.20289625904485
247,192.46398815553854
255,244.43575823184108
247,264.28323152739506
249,291.07088095252226
325,274.2538517966966
283,332.39667666486486
341,331.02783538548283
459,447.07737655656746
570,585.0347810229878
617,638.87036441476
675,646.8454873137823
549,648.8325759019968
467,480.97022399391017
295,333.8403402560601
145,179.52471477865532
104,141.21879203592226
117,144.60561707335
155,169.60676772492195
177,206.30832738420492
210,205.1410166925289
243,224.665346579814
226,244.29891985282043
242,246.34435826811045
251,256.5115734447702
231,286.54858879485255
286,271.38239476894546
289,371.22639389188987
348,332.2654384657253
349,401.1646191686257
338,385.9446191992332
408,404.678041730265
525,518.9847039035543
756,593.9659403695946
763,774.9242846127393
824,809.4948259951312
696,656.5100563950369
591,521.9436130914322
368,332.86036617576013
219,195.57538373088627
164,162.76812437953535
148,150.27507493248436
135,158.76486101326853
157,176.0608196134621
174,207.17743773710092
189,210.0592790650105
201,223.28415475971536
232,217.48315946320042
242,245.41317482800477
244,252.31930992918618
239,269.5572029955567
266,268.69696553448125
294,306.7818927044765
279,306.3336806923162
296,301.0799273851801
373,327.7116672552193
385,385.1438677673966
289,355.01909044654565
242,211.1910548989764
142,157.16392592189484
118,98.36471741716508
100,96.6731258014885
85,85.51488410896813
80,96.94033964481387
102,102.77043601914079
124,126.15705412758122
130,156.40816102854305
162,144.62391815256282
137,137.80426864223094
146,126.66770284307387
128,144.47297232422954
148,131.9644876118836
146,151.1832037565865
152,139.96657840356607
151,154.49799078914083
189,162.4922763249065
188,205.60052136840451
169,176.6999596312055
150,170.54828542694824
166,173.7300763162378
204,191.2453382515085
221,179.82572882572407
139,165.50354969361317
105,91.85021173620677
69,72.81021128348937
49,56.93820768520263
67,68.58670622839
66,70.78878271139963
85,88.79094689252635
116,119.0339427443303
124,141.5851918943529
144,142.578114087607
124,126.25142649354441
122,127.63768970273928
135,121.70770171275376
136,132.2414344964185
167,142.62216371723
179,150.3934684452622
192,169.53612237286856
186,206.1686774582718
249,204.04141060054027
218,211.10193397834212
187,194.7192884888679
213,200.44387165046356
289,226.0114818390937
236,253.15656703816043
171,173.03087584673082
138,118.54420493817595
77,97.40342700456746
67,68.4667698976338
72,79.23402670938412
94,77.16278332235957
84,100.23288114896714
127,118.37035216344358
136,142.61204719710807
173,145.09234132479406
116,138.11836964645673
165,119.50797017037947
150,147.29382346032153
137,149.92922817887606
169,151.71215600681344
191,161.18476992531248
177,194.32302673666499
206,202.52211182376087
319,233.2487832662721
247,271.4516338116613
226,221.20769181352713
243,238.95331084653867
269,299.2751021352697
286,294.4727289152729
225,232.9021387406646
159,166.28792102505415
182,103.35253131904432
108,108.45969502660346
89,90.49372312593779
76,87.52008181805263
96,100.03104022271212
121,128.87652926550066
162,139.26546806456574
165,160.9748920395282
156,143.14898708972146
150,149.6267439972965
158,153.33657522506655
146,161.58793579154704
215,170.34864465896922
283,197.8919150849562
349,252.28377353769474
237,326.0393338941868
248,255.88900795365544
273,250.8832967924192
244,248.12473675534386
325,282.4252002206554
358,366.4052327370342
302,365.80545805433064
213,187.1136929924619
123,152.78023580466703
152,113.49244876869446
154,123.52600033809837
104,138.0162479192523
123,134.17053317060578
151,173.14635949638367
188,219.118219197733
248,252.01370250204863
239,237.04811455078982
194,222.3057835676416
207,205.4120185726637
205,216.83783573765768
240,217.3305189131548
232,260.90294511941624
245,247.54906643602888
265,258.17912698492677
340,304.4807115296075
370,348.184221284411
378,323.93187347372435
365,326.75594031298294
312,334.5784715901836
308,318.52532239427825
308,289.69505147047073
204,230.84901375726633
144,148.16672996189465
97,107.7077718742858
107,99.44614016358095
98,121.06476998260051
142,125.17448790533678
159,165.8935698050309
215,204.10997330287714
284,259.3306272475638
258,249.33470486044803
256,228.41367062454788
204,233.7153742373053
229,221.55127770921473
219,233.0733714147202
231,240.57222232052678
246,243.25447334259692
245,269.57184925332876
328,297.474288206701
298,355.24659713365565
292,319.0331762802465
260,310.61697145850786
288,305.32809508847424
295,335.07392627881876
338,334.02317688795307
248,281.84537249316224
176,192.24100635402718
129,139.52740085924643
132,124.95247251444512
149,126.56964506088451
151,143.3762483326174
171,174.97161632672388
251,199.9780392711776
264,269.9401127767605
259,252.91243997049204
256,247.07490177982027
274,234.95997680449642
280,260.602661502182
245,263.4821582715454
257,258.4489024554581
306,266.07674758236146
280,308.3093377375783
333,319.72680432214935
472,378.4863804702466
360,458.5426111921933
328,369.00528558817246
336,353.3843904686642
415,402.6542029007861
462,431.364183715452
441,460.2226345600269
427,435.22340528735083
385,373.0513285129067
258,326.8468535005319
226,217.17016937480545
153,184.23313885161738
155,166.21057666469235
172,185.02629783063753
199,209.20277852331552
225,223.73606456163898
258,242.84501922213144
247,277.7801822795617
248,257.2384342771917
248,263.6654331626143
323,260.6071675161441
370,335.55942609549214
428,379.4557308076568
423,447.37150662632405
458,457.86562453947437
455,521.7379332342534
564,442.7041296461017
564,544.9677668267667
651,630.819727843852
859,679.6621971874227
951,905.9720046230137
937,954.1669173386881
727,804.464100420473
563,587.4063692872744
357,366.7113559849522
262,239.32774611325854
178,239.69390771960758
199,216.73999278237588
233,246.1951457634039
268,271.5288769398701
318,307.5157318090974
335,344.683227533545
283,353.9184409593156
333,310.2597469211115
312,365.7364793210651
331,369.44295527731106
338,417.4225140011778
357,435.2440079085313
393,432.8228255398128
384,460.1000769019546
383,479.2063871788698
467,479.57805905791446
538,665.718103532706
637,644.8824017364265
608,846.5590249515647
583,707.5021379105651
452,523.0007585636849
431,423.8923061907943
257,347.6959903102438
165,242.3756929682783
121,200.34787993694505
160,177.09873454892374
191,221.0503575587979
257,258.756439490502
293,309.13164245488923
333,323.9402258801251
307,333.19973455471495
315,317.708138922479
294,320.82282000233863
319,320.8801486158598
342,345.4435169222625
344,361.7822848009833
347,367.968711138429
374,349.74050111730645
350,382.2735463697397
360,371.997080413563
416,416.04809583948816
377,446.2844503602924
294,266.0662176531646
194,213.09501956532745
133,151.20103943311491
111,165.00250656603762
141,139.0852948031511
131,155.03819660849982
152,180.0181389472088
222,210.6649008775685
233,262.7652309521905
252,242.90223290693925
195,236.59940537771155
176,219.88314338267617
207,206.76622649306302
162,223.9944995862373
229,190.36122952115102
213,233.28865465163977
215,237.90966623138425
253,249.4023051052609
256,266.1898045191211
213,240.04698315370635
207,210.17453144795533
192,223.52131045278168
239,230.40084425665114
227,230.69213378081395
169,183.62362907799823
112,126.8901543845997
110,104.5971826359468
66,119.44161774412366
97,114.16055212689162
128,123.74951377175806
142,170.87956556141262
199,208.30059045210876
247,242.42140335355714
240,233.1069296599654
194,207.223172301083
214,195.03635038749115
170,213.74408095926498
225,198.86037697901608
219,242.20981862867137
197,242.27770799961533
231,240.25647744022945
270,278.5609386605658
313,302.24588074740143
327,303.07732024330437
399,302.1539938575248
303,339.99873329518164
375,310.56025907057597
256,338.96893385219016
191,202.89703498147853
126,141.17616593142708
85,102.54636692703127
87,91.08236577832
97,107.0936863899478
131,132.4673545492105
130,158.20683785724685
216,202.75557945471868
238,264.29388618434535
218,243.25656971459495
204,225.4952625206296
221,215.50941373284311
225,219.96876317683353
227,230.52043581929695
207,238.64849455098079
212,218.79165470996168
230,241.24344048563833
275,285.7377066486453
293,315.6782324117746
298,308.25291792304967
273,308.1153371593964
313,307.70484747620947
324,356.9893530145359
324,328.1705572803616
262,249.73250174401704
146,199.61041446399219
119,122.96570495655581
89,120.44665111654855
136,124.01628253538829
132,139.69671451302855
166,158.82071476385397
195,216.25057477436675
256,248.63315636672075
271,239.13447124533943
229,234.01710855014272
253,232.9484080328363
228,252.74416510215963
211,241.98510035750655
235,237.01828150691955
270,256.59011389227317
254,291.24219963302966
272,304.7792610715879
372,329.05048915357844
327,346.851528939567
287,339.44776920961937
424,333.77603189795684
378,431.5898021017825
392,398.15090925448027
351,393.7054424135043
236,331.87557612126653
195,185.3141340559477
192,206.37211845939402
121,180.04543196444087
149,148.872976534806
155,175.2101132180125
217,199.50466583947303
289,257.7872515224208
266,266.6469613377754
255,251.172256250352
245,255.8974744512583
267,244.84702641608104
258,253.83221449091997
270,276.32947153586423
256,286.5190030465337
308,302.5500572113348
351,349.1009749695234
437,419.7358666521567
459,465.9609034714097
441,460.81980597056645
440,508.9362497877946
612,559.6351465452785
649,741.5964288957124
787,780.9589944757934
743,833.0676883417817
654,733.0221910259276
509,517.7203140953628
306,322.3439352274899
196,230.56500505233333
213,200.47934810262248
206,228.95520456965963
273,253.18993026533335
318,294.7460565197854
374,325.00198310377436
404,385.783455621992
393,388.316945018727
360,382.05320504495063
424,361.96250247811923
440,404.82906277552144
454,454.1348576592938
524,482.88096647707306
613,548.3667313714691
583,576.4557402510178
592,611.2364914831034
652,618.2146036936649
667,769.6703316056175
795,776.1840595220661
859,791.5933824306022
930,848.7242104969546
778,763.6518944024054
552,581.2309754208769
339,315.9963710579703
237,219.26502707332753
220,219.70907144501737
206,209.9575240227349
254,232.1042642214911
320,292.02525396249337
361,349.5519195376731
361,372.7384195271396
324,365.15126972036285
325,327.7116556497237
353,326.9015894274047
392,352.0437463466055
415,388.9261086463774
403,419.70001118190675
413,400.5065241616577
402,396.3919676091275
391,392.6747324418936
377,398.75315410703405
432,410.51616768508757
528,430.0854340422559
355,503.4519387891893
227,257.8016237323333
127,143.2301173225938
120,139.07103770633844
137,143.40032931207162
145,156.51607006853797
148,187.48630630512844
202,217.4917497449826
241,253.45740739201491
263,245.2412475904912
196,235.84472264336196
208,206.1496224775257
196,219.51633197996333
199,207.2415172211024
199,226.8133265892056
206,217.67938884775108
233,227.63064770376226
292,263.79799376858597
365,300.36410805701394
395,299.2186306691328
383,324.1072638987463
293,340.41748790300437
272,285.052831199663
234,247.09328791686818
161,182.05564815002896
114,117.66584790284453
103,104.59413806202184
63,97.22952785291625
95,107.84072611042821
137,122.84028421439976
159,159.76670257214369
212,198.3955972378149
231,244.26972201822633
235,237.2356272934635
217,211.1929070669693
193,210.32743290440845
166,192.83666966870393
220,203.48364475299007
207,232.79063985809213
206,224.28205477828868
202,242.0384319938763
319,269.0506353769394
272,353.46055256096474
275,308.3129019936622
286,320.3400859123358
314,311.45674807101454
328,330.1667645703679
293,296.3827419512568
219,213.3335290041523
164,143.51471891205773
133,110.28516128857834
79,104.75858993711871
111,102.3315718389413
135,133.50423373852172
162,157.67626681126356
217,214.23378118057232
235,261.33517396432273
277,237.01310270632706
245,229.21594401880085
185,224.37542542990255
222,200.10970088555982
203,228.85448633331404
221,226.26536536273343
257,223.9143978864689
246,256.52954705687097
283,295.1367186571557
341,302.8578542566986
308,311.46795404737
286,294.72054172737046
331,315.7719776845314
354,349.341835335907
314,334.6287348340057
235,257.8811777303403
150,173.01807655346056
126,122.05261343175685
102,109.33253776786667
120,128.6779583865587
143,137.74341558337832
172,168.02407881659232
212,221.26015827153248
286,259.2490349821228
230,265.5155850231452
237,232.21909191587827
234,227.0210996327257
225,236.19696202801802
273,223.70684965037478
263,257.0576035484039
268,268.3795154136351
323,278.73451459675016
346,333.45100120703665
398,389.51423668341295
389,366.5792367268821
310,346.32751225043245
346,350.5027157416552
436,402.80429083639257
428,446.30041708809017
338,374.7097677602196
308,314.7979353157955
216,251.41319603110912
192,214.51032447377673
171,161.41333943453537
135,154.29382192845972
167,165.81441540379058
242,201.56467631772477
285,267.0499525484033
268,253.76579316864164
254,253.54492494379966
241,248.20070906930638
264,249.27370426877602
245,266.42395169970877
286,271.1707139925253
290,292.4821020169764
328,324.5033935200874
374,385.68554677260124
465,440.86808822636954
466,494.21241913302987
392,488.7752251153998
466,452.47753810105337
515,596.0496364885199
691,645.1997187751856
710,781.3979936191621
727,749.9693128632692
628,669.1702281566639
473,543.0691346750635
322,318.42749589121337
215,220.7820631411237
204,207.65286890870414
210,222.27728283552045
244,257.10214882069346
294,289.1029861888248
248,331.126981503498
310,300.69073716937885
333,332.00372393683347
360,340.78916284217377
366,365.05087302444923
392,371.6860054134017
413,408.15922846959046
581,453.0036342300475
516,584.145682157962
544,539.6968701427168
595,561.9510111524806
683,621.1362209473488
743,763.0888182189051
764,811.41851119179
869,836.5714836927058
794,818.5303560417121
707,740.8249882916309
656,610.6897208519597
422,350.40774485535485
285,258.27024391158875
212,241.2165099249526
226,203.86293513186038
252,236.9278314314984
273,287.48461403395163
270,301.17513403062105
346,306.37825864883706
326,347.69168392535755
308,326.0864134549996
343,318.28568405682563
338,348.90755897334725
362,361.64736501043825
400,386.33829703059183
367,416.6526852793135
373,374.56699666814546
352,366.5334747483774
438,368.7651495876439
448,485.9164620869367
427,483.19407247657773
295,346.99233759869077
259,192.2546013837912
313,180.4445654378035
189,212.6999453878215
164,162.69799844422545
153,167.9866839204194
159,182.7644066699243
230,223.40988295632545
262,268.8902503442113
242,250.47368516893096
202,212.1031872477128
200,203.57252265159366
199,206.35601880061705
198,207.05304805605496
221,222.3385141443837
221,220.7379976671314
224,234.5173626159556
283,261.93778002954065
267,297.43491436128005
231,258.0340418377117
207,239.56578017294026
225,219.23086283396404
274,238.3390203250336
239,244.19965498094265
212,175.52268679962984
174,136.73587838519896
139,129.34851661207844
90,103.17136675045509
114,104.06552989756212
136,132.40582502380002
162,159.53165368618005
191,211.30009692620993
288,245.05527992789752
220,249.23454326305819
185,204.16825653238604
182,191.95472129933222
181,180.7356217681307
197,204.9860921297225
184,216.561262494725
195,201.59365592972017
200,220.9319279735064
246,271.78863550027893
280,282.50318450900613
256,274.8751364373649
218,283.94114624286374
248,254.37535412416293
320,297.3323731644009
358,293.2799832699041
309,230.24633044489406
150,189.6542889260198
92,109.68736939088737
80,88.12298417765267
103,103.72392892579923
147,134.5800196364844
178,161.71701230161196
215,219.0665821350029
227,259.9097114829273
239,234.48553974700562
218,219.59722858354502
206,199.71496611420218
186,210.00786132803918
200,204.87709661996
207,209.2041825964388
223,223.69598580492251
215,236.8288386413668
292,262.79621225578694
305,318.9009619036822
295,299.28783056427477
253,272.8360246573092
302,283.5180961427117
298,331.06940299736243
275,330.53116739567236
270,245.3393073339223
190,169.71141105994525
134,130.35688992954846
110,106.69826127264514
124,129.05208712713602
134,143.78503684454478
172,176.63686715997028
252,223.39712105601484
240,268.59757667644624
262,241.1815790964268
227,229.8451816068922
228,233.13384302207427
225,222.74452862487797
223,230.99050949067598
232,240.12463573101184
249,251.85566689793333
256,266.545722336852
330,306.14675837278384
317,381.8492150187832
376,331.8982382600143
304,336.55427677879567
365,339.97896569743415
393,401.3216877586878
440,411.54007339755424
386,356.9094144547656
275,310.49900054038847
205,220.63637807569242
187,193.7503084617353
178,163.38972061591167
144,150.08512811927707
192,168.14729226957624
243,230.16404673926655
369,267.56079226833344
308,287.91225273904246
269,258.32251444772186
265,253.2485691594986
267,262.43612536365407
244,255.98086905806014
327,269.14201323770857
368,317.8678152223606
373,372.4324615970278
388,403.04718746281924
418,444.0462281166694
490,453.846870655592
473,484.8232200452006
474,499.51196549371684
580,560.3262356877922
603,705.8619055235828
705,672.5117322597076
753,696.9682976614989
681,682.4834363552823
477,535.4900143790575
350,321.73867049101807
224,215.48148096222872
208,221.32995260589897
232,216.2744472599389
269,272.5122241391665
262,305.65047318604366
303,290.1063052407015
385,326.440739637361
377,377.48158529547624
314,381.46789928386687
348,337.9534081833732
434,392.2980582111957
412,453.0291310601676
440,477.47084985261694
478,485.7600511539481
502,542.397815895443
475,560.1320202174272
566,559.0984583877613
653,695.191674681831
742,725.6839525515719
732,826.2461349934683
790,787.3745852930192
755,732.4180768459996
568,625.3179226698272
402,349.886765035537
234,240.3252901640513
194,230.86432498387003
198,196.60700924702482
250,233.0456649595488
292,283.66032922579825
306,317.6180704529488
335,335.84773543657167
319,344.59784094303683
363,316.2354115363338
317,342.5044765710545
347,324.42594284860064
391,361.4146790994998
369,403.6423223034823
388,380.1036555725455
293,375.2931799063362
336,311.9784894838776
450,363.6325858273487
399,485.5423448972712
391,402.5329245208293
356,298.10091569010785
236,225.51383831727156
122,135.58734460145993
132,115.01072754563505
100,142.53917823109694
117,143.64054454440816
155,158.474600986367
213,217.93701226474755
248,246.91423246671755
214,244.61541160603085
222,197.7506175148319
196,203.66602590532065
215,200.40278313666008
200,207.44936355580154
227,212.0444834222186
249,221.43321102147377
213,251.78484615150782
262,246.85581551992033
274,272.30258390224304
257,267.8821586413512
236,248.73384727790923
226,234.7218736454911
258,235.1823042452459
222,237.38389521042782
169,168.04010674638994
124,119.4925046129552
104,107.21229978837233
97,79.5262523277654
109,102.67679540102111
126,129.0167333096579
181,159.97923747383186
210,211.44867436481394
225,257.0805215752424
238,223.93196093509908
203,205.63097198622552
217,195.42631818565508
223,199.59443962558527
241,219.49278183788115
267,231.91391518183855
282,244.1798681378004
270,250.9174949173962
308,288.2121210007873
329,308.7168313956734
305,298.78291073172915
272,293.29466392533857
272,278.89570162813555
329,308.30932696818877
281,295.24325333986553
208,202.24516387627358
139,147.7759036970373
102,103.90119253395812
88,87.49145669746152
117,103.50744904084893
131,140.15026747531297
157,172.37179525776048
194,220.70178651220465
222,233.35411557885104
223,232.70932909820917
210,213.43312469752567
239,203.62963748585582
225,227.07225518063206
232,225.821710586904
238,238.5993129187581
265,246.7710061425897
273,261.52566842585753
328,311.6390937487423
422,342.49869655056534
391,358.1457251771193
318,326.3945998344177
313,320.27202705340324
336,334.94131388729954
256,321.6509783193242
224,211.87513287964856
157,153.28478825393867
115,121.68368920513683
114,103.81763271266895
148,125.47762220667396
142,144.36721405526941
198,173.5021634455974
249,225.21786372196067
252,257.7127820559232
274,238.0169857682761
230,226.97738573548818
213,234.59048874240182
262,225.7222617093935
235,255.50648222202963
320,247.79438729450968
351,301.3458882154905
419,333.54324121537735
390,414.1839636021265
385,401.6583043620432
376,392.3391777181852
341,339.60115506843715
379,365.13486190080584
420,418.2775620465374
409,428.71171271217395
98,100.94246359932518
71,68.22960708561757
70,58.24168686875869
63,63.54755053680793
88,82.82357047565448
143,132.5918834659612
199,226.7306414292684
301,320.25164959179875
308,338.51292376256623
267,269.5181828369404
219,222.96407730534946
207,203.71746925323154
169,214.96898445168438
221,211.69699134301794
264,254.19893814282483
256,262.8970976320565
248,266.8565747213014
350,275.8705889450408
325,303.67768473613756
199,238.1088057941624
203,175.0250379329245
175,178.90768050582605
162,185.13828253463262
142,135.26367999502463
101,102.11112222294959
54,69.99181077659307
60,55.63358367069373
52,59.670257221678206
66,78.13673866499877
132,140.17262686383526
210,225.5012638785931
350,323.1006798613827
378,337.892271489833
302,291.8682092856031
233,230.06003457837286
213,222.05470631504346
212,210.7767295536622
238,231.2016244192277
234,286.58015630143717
215,248.68943782873362
243,259.900339783244
283,286.95295008233205
246,278.09606953422303
234,215.15861759490687
198,210.98288920446
213,189.9158637299564
202,195.87146551145014
151,159.30120897143868
125,117.28535359738534
75,81.93154572967055
73,68.23677945653199
68,68.36862462624228
97,85.82093141337049
163,137.51413956506147
208,227.978061535533
345,348.5790410467224
365,358.5550655013452
312,288.65135565872305
256,240.75838587767768
258,238.53258076972259
276,234.33561509818549
273,262.7848705057487
291,289.64306479485884
308,261.7483627409717
291,286.65701192696673
310,297.44542849386954
362,286.1964657686886
316,275.46774146888407
227,243.7980288875108
229,226.47284283241882
235,223.19359919412375
191,185.48421493016576
168,162.6085743336303
129,124.13467942480885
109,100.9167523224501
78,88.35985689089343
90,97.7936384804209
100,141.3104369490772
141,153.38802447746218
142,209.69234188465805
161,196.47068909399783
171,205.67752197075401
191,212.59556028181296
208,222.6476812129412
224,238.14355519997562
230,239.34787775653967
277,264.2203529602221
314,291.8067297283902
345,329.8988696380828
353,325.788674890168
399,346.50658304428276
363,384.0008281707292
354,307.329454617845
379,301.2788037655617
379,334.75147321249716
375,298.2145431636844
351,233.47280296561794
295,184.83413190210047
252,164.77846896247368
167,138.80979377087584
120,116.3786328966566
122,116.91190565194958
121,143.84124520022968
150,165.58060015010471
175,212.47917822128503
211,228.67653483606964
212,249.29784562970158
247,252.65195716907434
216,258.3125091047966
259,248.21515193444563
257,284.7375540843744
246,282.8123179951283
282,279.7817336323101
289,299.0339144569421
306,300.1580140410746
305,311.2418150182323
303,291.08834682314915
297,303.65331928442527
321,304.78782239698853
300,292.2197836518119
228,253.1772913781494
175,188.62633693828496
140,146.09951634357537
95,123.0187965946281
102,103.28468377066729
109,104.06662005384037
117,127.43032736830972
148,152.2861840620653
155,179.48108247066926
263,230.73802941884952
264,267.93928211463964
266,261.80947258234465
253,247.80214959704065
235,246.459510253225
254,254.6940387401906
255,246.0492995335518
206,243.46651734760687
223,215.79620158173037
212,228.15455790556334
184,212.77993571577326
207,194.51905515291432
191,207.83336552124283
212,202.44046256643256
156,185.99490791276338
119,120.82789825346248
95,80.89412062238006
52,66.29279266731996
51,55.41205568777736
69,79.77106847823815
133,120.11173217589018
208,230.30343687450477
294,302.1309261664404
324,320.6656972349147
254,264.3344081622291
182,216.07838374394044
210,201.8096808758335
203,211.69450027437387
179,220.78847769555975
214,232.48189622620646
210,234.7898555382754
199,232.68956690327306
238,236.85925243056795
212,235.68889761843621
154,177.67473249637038
172,157.77628584388492
148,171.6162481979057
156,161.65650679716535
120,132.52262247047543
71,96.09143695889286
71,65.15544111816787
58,56.14566326858545
51,63.55912079239416
60,79.92206055996422
137,130.11051635420475
209,230.52545319855787
343,312.08131228684147
331,331.44397991442196
261,270.26221001564267
198,211.3259859455967
233,202.25604986930577
185,211.78486999531262
221,208.870564879988
244,251.8442486381267
200,251.7676000805829
238,227.71962005997412
273,274.7909506146068
227,262.68239559843204
261,190.62062765112762
245,212.0166518223887
142,194.83723337326467
173,168.5302446620181
150,137.81680518992619
88,104.54977319375865
61,63.53597745266415
64,58.08906082258828
67,57.81821079265743
73,74.06543051528317
143,137.46278915274812
207,230.8716606545938
334,342.58874104503894
351,339.5450727715129
260,278.0199062731274
220,215.1772217883014
232,223.82854120566392
216,217.7240969821209
211,243.1978767315286
213,256.6845719427189
220,221.73338644457652
242,252.9716575976713
248,279.5446941804466
231,250.52356551751808
189,230.97341560086764
189,202.2621584866375
212,189.1682019692268
172,204.87149955581222
179,154.0070628258725
109,126.85465303660608
83,82.48742571182406
53,69.82180391070871
69,68.90198584280735
81,88.49078672209843
137,140.94805666724668
228,214.636130096746
341,362.58463497711296
330,367.57029662619766
282,274.930140123806
263,227.70438146446173
233,246.9227483646169
235,237.3101884003586
225,248.46274713730486
253,263.9688745279526
245,255.84383273163982
239,265.19283885003085
287,267.66481411062034
249,284.793608469024
195,239.43895107484147
177,202.98006101581083
234,210.6964749990952
189,218.1993437298569
167,170.5345475240209
136,133.42312517028876
71,102.7589958691661
75,66.53186410638627
83,77.37015280023665
73,95.99465893581954
159,133.383578975355
234,210.8568608426817
298,302.4091641680603
372,339.2654904499744
282,266.2583508827367
269,242.54373088042377
220,244.62748477679514
231,231.37552107430778
221,238.96865055990645
235,258.2601128624323
265,256.97058944504994
276,288.2803862519201
350,298.51180818038546
289,342.0213921546005
284,280.7450171313141
241,263.39059570808814
264,253.60306205642235
229,260.01819471427075
189,202.67433649231785
175,178.75788671690285
137,143.91515856017787
93,119.67187790847441
96,102.19694655883784
95,99.36934798688289
94,121.66492333728948
128,134.3576919753461
179,173.4804940384813
231,224.2962212650955
235,251.7970389775998
255,254.62897309262343
277,260.7497784222856
279,269.64859546255985
258,272.5303427474371
303,270.40026336911586
312,281.1845114067696
305,300.47071156731965
359,310.85217499426295
344,338.513942169277
365,312.5431544170493
309,308.7677972167742
305,296.7737025015925
289,298.58784641750185
270,266.55199790617763
260,241.48048507864354
200,197.3566885453222
157,130.79004081273845
122,119.00759680672222
79,104.01764058963803
109,96.82292223199636
133,128.1544556391657
159,153.97159238943823
182,180.192245638618
255,236.4327364870665
271,268.5103918068025
253,266.2737774190851
223,253.34377441929064
236,228.29733897138524
240,253.05031916674247
230,246.0415109806665
216,233.52416140062556
217,225.3949722932957
228,218.83921520913364
232,210.9051782010257
214,216.12693609828185
182,211.63452658390116
203,192.78148663692775
162,172.98474114757087
122,118.36177113770424
91,85.21257526784487
64,62.66998703306479
62,58.47719742066449
70,81.15111413641702
117,125.74623220334637
226,203.81890839502353
343,299.4721100242011
321,327.2642632059957
255,261.2327377680823
192,204.5934059234183
194,195.09882662809383
186,201.99354224961883
225,200.46077672849407
210,241.08833491752043
210,217.55939020584916
223,228.4971540548546
271,242.0990818405966
263,240.85482470921
290,201.8555725332464
211,222.21872061233773
214,179.1043284949991
178,182.64096291833098
129,142.0813308410935
86,96.73089793226046
60,73.4805971347956
47,59.106487600210436
48,57.869863271441886
74,74.25526875566086
136,132.49302710350975
209,219.7742882039481
331,323.8840650759004
326,328.1845324564472
275,261.7095770909558
248,211.88408989818936
207,218.8910793094802
168,199.20143061247035
210,215.4578443486224
247,240.86995461697478
218,236.12351817296314
229,244.00209628696243
258,266.9209436681076
228,262.05590668450435
196,232.41859235958492
178,208.127744971344
153,170.83908485027558
175,169.9256388889247
142,140.6189216989534
102,102.9932866997971
80,66.25086032885457
58,58.094728988119016
61,56.54465024861573
82,76.22614489250088
136,136.63570691038507
224,218.144324231068
364,343.7351814548588
343,347.3015837838436
282,276.8172421030105
219,238.37405168208784
198,218.860372560812
208,201.67949924663097
241,225.59938123943374
265,258.3952098203523
260,232.54292574067918
254,258.5108981346441
308,268.31097795183695
242,263.1556543846207
223,212.70394680066207
184,197.50202784334826
190,188.82443471397235
215,185.5373761685796
132,164.47302949247788
101,107.18536373300138
76,79.6053984592337
75,62.67959453907454
73,70.23254261684026
81,89.21704333320223
126,141.24709530775354
232,225.7652639086626
344,362.71068989283225
354,347.91876526156057
276,284.93264107023225
237,236.0180302435926
224,224.90045931264015
216,230.0683918338279
250,244.4699711669956
280,282.33586756190317
235,265.2482039419202
279,260.8506860074517
301,298.1554490025497
279,278.18423508387934
220,237.45680165023737
209,198.65377077197226
212,209.53381461878067
213,213.2919819518654
192,166.87391212042436
124,144.1476123111772
100,88.14368671408363
77,83.3473893202429
56,77.88026256135441
83,82.91944852804637
132,131.40405820210012
216,198.6045935987974
286,288.53607672453506
361,340.7581072867427
313,286.14098330478396
228,250.7107234837637
217,227.36501068308604
228,227.58472143887306
267,234.89331047732793
248,274.83474727285227
256,254.28572033791278
326,288.8740888148533
331,342.53360678933905
325,324.4055224814182
291,297.5080114182096
241,262.1449972798148
272,254.85911370117003
270,275.5766179789436
258,226.0079215431195
216,193.94007600378197
153,153.03381470784092
109,109.65108870765147
122,103.03377697413237
102,106.38072232119892
124,112.13429227985871
131,137.83645500545788
197,170.48405931936276
227,225.75989894052063
257,253.1282684076386
266,251.70985997673534
286,268.4103773859897
249,274.6672619934506
300,267.4260658940945
298,295.6673258617324
317,286.55562653283147
302,311.45627315817876
313,316.5090758183028
305,322.30422511811105
333,310.1859338208458
284,293.1983394080813
330,290.2243713240296
322,314.1393239755588
287,291.738317249757
269,241.92774467006393
221,204.38409642461096
149,154.5445229878563
112,122.06783172518203
115,99.72135816301608
104,109.61941855559363
138,126.96552777771514
158,159.98107880497741
185,179.68336866120893
244,243.75178038750275
275,268.75092188957916
265,271.1355828143307
244,255.0805222603313
260,241.35270867475938
249,261.7597970253088
252,242.62271097535177
250,237.51018385567212
275,241.1717683993819
278,248.20487536234077
249,241.87668281004548
250,227.79292857142536
245,219.57713437566824
233,227.650380214058
216,185.4161062881281
161,140.47531676933662
89,100.46988368495555
68,65.26143506092629
70,61.99290566457602
68,81.18233832956948
122,120.34088471619107
211,205.61860997148784
298,304.71986485069027
313,314.2873914174869
265,255.27321067115437
208,220.5628216130812
209,196.92056487678272
190,201.40648146599403
205,202.77449515377177
215,219.59643582817367
218,209.42600640697347
230,229.50034172118743
231,249.43697910168254
212,234.62925510998613
191,186.74983380629314
151,178.29808244510218
154,157.40102387641346
151,163.27338287391524
141,121.06658378796239
111,92.70234910609281
76,69.5386867274854
55,57.23526205623362
56,54.97447592015956
73,73.2679130574365
143,133.42589911638674
208,213.5443408705998
301,321.67221549034207
307,326.2705598590995
260,260.09986276040377
213,218.598030990373
189,210.9727020787992
188,183.04031125390875
229,206.62246772324883
202,252.91415161169127
207,215.71384763665986
227,232.76262343095541
222,254.7870795533224
219,225.87159018848095
171,201.31911949943236
188,179.55144481409326
183,168.58119019467537
199,168.10043086930372
139,148.65484611900757
105,102.46061532858795
94,67.81166077958525
57,61.84067366416328
68,58.972741183962846
64,78.07226234978855
129,136.51991086135618
210,214.89790220477065
328,314.1626329306902
340,339.0778395044348
288,270.7940205682662
198,222.89621262904774
216,199.00255671801045
209,211.70754828772894
216,223.86919261136015
250,239.81808429255912
225,237.5873917615466
230,244.15072783504058
238,264.42351193850476
236,240.47519199952043
190,210.41357339204617
173,188.1457391357387
174,192.23919240288464
192,189.2730133229727
151,153.60915687524997
104,109.98131107231339
78,76.88289164981393
64,62.31951010815942
63,68.92410686163574
96,83.68312693091953
134,136.24230473734266
206,224.43637029434592
326,325.6917366271355
353,346.42784168479926
302,277.8239981652779
241,232.72404217533867
231,233.88177078248157
236,236.46053623148717
234,242.97849030346916
254,267.8158661838612
243,249.17688768252378
287,258.91769082548655
271,285.6381870684147
242,276.4773749320679
230,227.43106270643844
222,204.15780778968397
197,213.9018798403208
212,205.16134009795616
156,179.2628865627917
125,125.0948080552113
93,95.29553088480493
77,76.0623239854871
75,69.4818135632947
88,86.55176149213311
150,131.35392155827034
242,215.67376682554942
287,331.3980720115479
347,370.1239088838303
319,283.0377745259832
241,248.61956247186816
227,228.8324856090497
258,234.9294321269365
271,249.17503452264657
305,270.8970263532186
325,280.42776412652523
344,315.8738765948295
288,345.2826828272219
307,290.516833892262
275,292.49020213499364
248,248.17304620649372
242,257.86536919026173
282,253.28985621547517
224,246.63258575322027
187,198.06515994187015
144,151.76279972217367
119,120.92115331293883
114,114.70233245996735
99,102.85064056538975
125,112.79683796730878
150,139.0287024628067
176,183.64189873445392
238,222.24514354595152
263,261.7483209693003
234,259.2127354160008
285,259.0449366370768
305,270.1226453369968
287,289.13501575301535
309,294.9992882372825
292,303.046609717684
314,294.1409053098426
312,315.1234543390386
309,316.6541094942793
337,310.233131215597
303,292.305192458897
318,298.78947267999456
346,311.63101770281236
272,296.95853418288544
263,242.07020094162593
229,197.20960517894412
174,152.46384643861487
148,125.42953570733975
103,109.65651046991252
117,106.44687507491712
143,134.09999232808659
166,158.08809897606045
200,186.92463871018572
207,254.52514428877922
242,257.0967127073347
226,258.90735320011
218,241.37238747849094
240,232.3158652352924
255,248.41779690218584
243,241.00563554849307
231,234.32659847267118
249,239.49571348622052
247,245.97283001360438
228,226.26566872472287
251,219.51155286232455
242,232.63661872280062
240,230.05079440579846
188,197.53406785818663
145,140.84731370385583
91,92.91900312342261
67,64.6254746101487
52,62.96785546282128
75,74.16862714003773
152,124.70072332757454
198,220.77247381791375
297,303.46779102913206
270,332.1082025527826
248,238.48072753247448
202,206.47150217506442
226,200.78169292211584
212,209.47653266104385
213,212.44218022659106
233,225.4313013797884
230,219.85711530768057
229,228.50776868222755
261,240.1186530430878
212,238.8543610825969
170,197.73326537496504
164,172.35118289919728
175,168.4071485232552
145,166.67111392299168
136,123.0966179560717
106,96.9691889051474
74,71.33891142894653
50,54.19995261615263
51,51.26039103200603
78,70.4666561412273
137,138.82204967531885
216,211.08914404902617
303,320.365598317035
301,312.1131734212352
257,251.0991627265809
227,209.96180673635595
189,216.63463878028415
183,186.97903257039175
218,209.94842789349335
250,239.31008036405842
217,230.56594297960027
251,232.25390925175495
264,260.1760250004057
255,231.8507837591828
196,213.0549115468439
185,193.26778396878527
159,171.683027083968
144,169.0623013658404
144,134.77901597790995
96,101.84978755280578
63,74.91196792432655
61,57.087948189834584
49,64.65999252896212
76,73.58111882025425
147,134.8593882492684
210,220.48359815966256
343,319.9505793442116
298,340.589481402904
277,260.3711393734502
213,218.9372304829993
215,206.95868669525643
212,210.6901227999137
217,226.30445626026795
257,248.7631430487615
270,237.21279647254306
262,260.52875816365184
254,268.89210986077325
246,245.51328312922556
202,213.937623611
205,188.851981981053
157,189.4690015910103
191,174.79034833016198
181,157.23200857404495
127,113.3783770624274
77,82.65059966402333
62,61.88667872294169
82,65.69289331687379
85,89.23693652165791
148,135.67143793740368
218,224.53456814595475
318,343.8719009580243
356,333.1099691208247
311,276.6281912380769
217,240.35939906573415
221,221.07188229350876
237,225.09540213179687
256,238.75607477586166
265,273.5135104959836
330,254.36416568826752
450,306.84951255808943
302,386.97954900866296
277,269.62095580169813
194,234.80895736028913
201,198.0936417450096
190,200.15264648552204
198,200.6264573187439
169,173.8555877057156
96,89.68897795537384
54,57.40524111088601
36,33.77371214328135
49,32.88271521124882
45,52.97867142880662
74,71.27533274181725
123,128.91477447727416
170,199.9886062711996
197,241.35743740433261
210,206.14281715607706
178,190.83289883365103
182,181.82151177666273
176,191.12443510110566
202,188.8025841223413
201,212.02874455161415
185,204.8989066707389
250,206.57870682660302
264,249.57895909498473
255,257.200122665556
313,218.1223212146846
244,240.71617486087897
188,210.50098647233497
142,167.05508779857843
149,136.09321124594214
73,99.50509448036236
72,49.806536828118524
46,37.29826403886465
38,34.41288771227162
58,49.660459528258
56,72.06636876686659
121,117.78143891851995
159,183.60284283238855
205,218.683244888985
202,226.28489214351757
184,192.96215368758277
157,191.35727121009072
185,177.9126598537246
175,204.13014512322155
180,201.53951014398024
202,195.08806345385577
197,224.3104627199473
256,244.27327060415266
243,261.36695363998757
227,232.95200571778798
195,216.45386666616326
208,216.99208540624983
165,186.71898718047865
158,161.1213019547549
103,107.08700828476451
49,67.20728031009222
52,41.757562966604155
40,41.408425178065954
56,59.614579108800804
90,67.84322898342086
97,126.90927138109114
158,167.41364507671324
225,205.35652579285843
201,209.39972552257996
215,189.87092754403156
200,188.1687892078708
221,200.71140858487345
208,214.78554004158613
246,214.23036956967925
237,227.31502830929426
253,234.28532712230196
291,258.8030716616035
299,278.7812983363119
241,282.37907062401257
234,242.64812087793257
201,223.39867198181344
245,202.06951417891108
184,183.46128709894114
146,138.47969621845243
99,105.91354128062241
61,75.57480104491226
54,59.592107590299975
58,64.17861744089421
81,69.59311619116488
75,94.53189415475605
71,100.18139980952837
98,89.83916412803211
139,114.75281899105191
137,188.22192287704362
150,162.8814519819434
142,179.31091494020404
170,163.51817441704978
172,202.78823545636786
219,201.7498382238391
200,250.9817016022719
201,233.5794397603091
215,226.65238407640294
204,232.78624177216614
213,217.66497821736655
206,203.82409061964
243,220.77909114451668
240,235.95196713293612
227,200.00619757141163
203,159.86911277349682
143,131.69449366715037
100,90.57507015419523
95,72.44383266185469
67,80.48166970101855
65,80.95479423045089
67,90.38539185087917
87,118.40433962511212
127,141.35151523474113
136,184.11405264307106
180,194.05617348318484
189,209.45787314098047
204,219.06280488913896
213,228.3807425757353
219,241.72856813705
213,245.77745970029454
226,242.9480286495278
246,252.00165829629827
242,250.87874067581674
216,244.30049628321632
224,231.65876532833587
238,242.45811878254992
214,240.73539159186657
189,205.27888719883285
150,162.10533118010926
91,118.17715881891112
83,91.43695185038341
64,77.02034271984375
57,71.63434409495137
66,71.63789311356678
112,82.74984425316427
102,117.10846587984977
132,146.35275251792172
151,176.62050586793717
153,189.73163369757984
194,191.79155401269227
220,209.38364604272078
226,224.24121262975333
195,225.72425281050928
231,212.79864889708188
202,231.529319342971
238,218.7478787650634
220,220.41406264923054
206,214.8141896610679
183,206.2506938885245
212,189.9971714742394
157,185.26038252732354
126,107.90027028678819
63,78.05823217423782
47,43.206364005119326
36,42.65566473677762
54,63.828380025230054
62,71.98197961412914
102,111.60998254719313
181,174.17737777180164
274,222.1022653848641
196,221.23248703620087
157,174.70658949571452
135,164.70711073917826
174,160.8269840115175
174,190.14178813870618
179,181.27764462605023
195,193.2021599236645
174,208.4575768165333
196,205.8177372865644
216,217.97007673979766
183,195.22270985916015
179,166.90017535528
142,174.54236427868528
138,158.48358928116772
134,131.61069331879574
80,90.71272166565548
39,51.48179867953856
40,32.15901974874938
27,37.95238409878477
46,47.54811176498838
56,71.63259085754034
106,122.95237302986297
214,182.9308477952078
281,253.45662611086667
273,224.27873870225548
177,195.9009406693514
182,172.49735922039335
190,185.83980848338155
202,190.59312593848287
193,204.42270948231442
187,193.94620596896632
214,207.7946501803042
220,235.81939443767732
253,235.2295735641821
249,226.38162237680066
239,219.16831952990822
166,205.68188927233174
143,149.46149868848082
107,137.6875495964647
74,79.64447754903675
44,51.106427675345984
42,34.19860427150144
28,29.601283097695397
58,52.017908924161866
78,67.30093142352794
120,122.24615885467291
190,184.10103895864708
273,227.49780578202058
206,244.94133957948796
197,187.88459524417357
176,188.4011576276373
211,189.59050650827933
195,205.63412099959342
188,200.20426310688413
187,200.60052931519428
226,206.7464725549295
234,253.72520808070874
239,252.6011240880665
202,234.1830656249561
182,204.3790553754536
239,196.32280702655004
174,198.99963478615808
171,153.2768514651516
125,109.97442711639947
54,65.64759298230099
39,43.730873701886814
34,38.783354001525375
64,58.027001889256546
61,79.648701763697
118,107.98323462033113
190,170.65492736641156
267,244.08532854957807
219,217.89553737694055
189,197.91561863849577
162,184.146248786948
199,196.06248118750503
166,208.90335448493704
190,203.75629749996364
188,208.20091281632992
225,227.8333061844866
234,253.05589859152508
244,259.5826195344857
196,231.9229178823428
210,205.35992355505576
197,208.07070679461296
208,208.5080237964835
162,189.0906077138974
121,133.62646911051783
79,87.24431538020013
64,57.490789988914635
41,55.73963170028785
57,67.13895673531385
79,74.27873758652632
103,101.64666136339193
172,153.14714443083673
251,229.53475036763732
229,224.12091802378626
171,201.76203117454355
175,177.3686621961805
210,182.22047863206546
216,197.47935960977568
235,210.52444052639763
243,218.444956452593
279,249.77458432969183
280,278.3757015483335
292,280.3310814891794
279,261.4722133354888
259,241.14786044301394
273,240.4726619527731
254,263.0333220526496
247,254.4122944645891
195,208.29064015149405
157,148.02501120802413
119,116.27574318788098
94,89.85421948808006
60,74.11067728143375
72,68.96994749956538
74,80.6756888916383
137,90.36423867692054
138,164.98394777284125
195,180.46122502203335
208,194.61423120583817
210,217.33383078743947
246,218.55277724292654
258,239.6010232538949
271,253.35312115583602
259,261.18104351987944
277,266.02281270952113
267,282.9427189801897
287,277.7316028957244
278,276.0328761287988
279,256.33035149185184
316,270.6266108954145
323,310.88670189007036
301,294.55975566420256
272,237.296907540891
218,186.5957255870992
118,134.88270458768588
89,91.54720475811746
69,71.41933861646491
65,70.17173206889923
72,72.7259202993539
87,100.4092261107445
105,118.34889524133038
172,164.5780980864132
197,194.29381841632016
214,200.7600437751836
218,220.42547940214143
222,221.19786728563363
232,231.6884469885855
229,227.10301458025717
217,231.76512834079918
237,223.55719992333715
207,237.0078122680155
195,202.96049581136003
204,199.54568872781292
205,206.02809891169795
191,206.189772797608
205,170.76951725479057
149,137.2553172330032
71,83.74934796466931
41,45.91342015974149
38,39.8838906769168
52,60.540079555434275
55,69.04601332378815
97,104.2993316143304
178,169.01815743950175
210,224.86879157569535
196,200.60440090560562
146,179.59988116562198
132,152.00993208253547
172,162.0024628645325
172,192.91837518756205
173,185.72437886898913
155,191.04437155368754
221,181.794710261465
268,223.96571144897197
386,242.5564480508363
290,286.2486098714003
211,223.60600088984035
208,176.32927428549172
180,172.9744933303516
117,144.12886943539934
81,84.26640427273337
45,46.33213015894522
30,33.54468914887542
25,36.3487558362316
51,48.68754131156179
67,65.92183463016437
120,115.14231711364506
182,190.28548096578209
229,232.333275478859
231,225.71475672732205
172,181.4187541937012
165,172.66893508527545
173,183.44780935535118
182,193.14214893506892
191,191.34663707944128
221,189.74489123466861
216,229.25003544779918
221,243.22914011335993
242,257.13094937340253
207,242.34455037533948
183,213.45621173034831
179,187.84090424301252
172,162.98860511531385
138,134.15217359855637
108,85.38909261281968
45,59.86279758905613
30,37.146268993275406
36,31.136519127158753
49,57.569759803897036
72,69.84303122465099
127,123.57083797430113
191,186.18553952043612
219,227.06709425231577
213,216.8308291017429
179,189.31740183865816
181,178.2232625508483
188,194.15373584831966
203,198.5205672436402
175,209.26333874654213
202,195.10314508949526
213,218.7715690243779
251,240.77192692791098
294,253.2439092201236
223,237.02096859773155
220,198.74747875314145
265,219.42666386193687
189,216.31418312833125
149,163.892663610014
105,106.32435376167088
67,59.3069797522752
38,41.65837270197771
37,34.96784299661816
52,59.83077671576233
80,75.87196584359452
127,119.43462889524326
201,190.89836322311166
245,240.56386833234612
259,221.33757359035326
173,204.65493510242007
165,179.69651185565033
201,189.9455502670419
220,201.20173876069626
216,210.63935715183226
223,211.99518238220796
245,239.12500575835253
258,259.21168285572855
273,266.60316883594686
265,230.73677857913142
220,229.14234002026942
254,209.26183005061196
231,219.3059470472597
171,185.18144669904794
126,125.27996802382012
84,81.1374500479317
53,57.36716238151713
51,46.42574292185381
55,62.54632830975091
64,77.79861629474132
112,95.69946472311946
186,157.35548062914836
261,213.08035471055175
194,238.58284566773068
199,177.4979105090755
177,184.54813919068528
202,184.80189642501938
209,207.39754978958146
230,208.92443517192
242,232.40916139790616
260,251.16950017521754
273,269.8001377834365
318,287.80671860931454
267,291.3332348261343
263,244.94622614206847
288,258.7183411976775
259,277.77129724334856
268,251.1265953935113
228,214.64705917679518
167,165.58883976197873
122,121.42977232770207
64,90.93930706967937
66,64.56366402453318
65,69.9083166918238
82,73.95082706967497
113,106.41183815683337
139,150.62704597333837
201,178.11594692734357
212,204.8831042412496
222,215.82058663962587
238,229.26458023616814
237,239.98410367049266
265,246.47828458941652
270,258.82905987154527
261,274.08054401202526
302,268.23996826396876
299,305.9383713031351
293,277.8957352581263
280,276.8257526903932
284,277.044565536358
323,292.22675226237357
298,297.05368464020296
295,239.68461787090976
218,206.9223571033365
180,132.10215252906866
111,105.56718010201885
73,74.26287439042626
74,66.86539220197682
83,79.94583106879726
94,98.64592017663055
114,114.12878164560117
164,161.46914122410357
204,187.00923990926367
215,206.67933789054337
254,218.09443037798746
222,239.17201544535993
213,229.38699428963628
256,218.97696779641913
278,247.5252262453366
227,264.5391333997715
248,224.7879666828014
196,224.63185950875518
193,203.49023145375435
206,197.30373468219014
174,210.05043164463484
166,167.96203747555884
116,125.48211856152106
76,69.5937330154665
37,48.13785467268977
41,36.59863184531667
49,60.269844480351274
58,66.18451915177577
100,104.10330091733715
187,162.09908220831326
220,232.0639600202356
184,197.31811283745864
146,161.25233608414246
154,145.22831252034635
166,168.69283791056148
157,182.2088819056305
190,178.0344186430577
189,184.31389184147335
212,200.6275811792632
209,226.656329996873
218,227.34404301311093
197,194.65943158405523
164,188.39357871609906
151,170.00207163725338
146,152.16111054576916
142,129.87966350107806
78,86.04279785622434
53,48.953054598661836
32,36.72973337661662
31,30.617926884835228
41,48.79595262579604
66,64.74059008176083
115,116.04661691974172
180,189.23029620328128
240,228.87413742881955
209,217.43603050423775
168,168.90596600944986
183,169.6789215691147
175,178.76222778487093
160,184.77366334236345
168,190.4205943633399
181,186.7043147843305
190,208.89454284889433
236,223.22610294898087
230,245.09284207422604
199,219.17227192195162
175,200.0986825054537
174,172.12678677831494
156,154.88727021512858
161,138.92113011263987
99,96.30740258967592
55,58.888649646364556
34,40.707659161397515
31,33.01531694519054
58,54.84761270128386
80,72.04773567848177
105,123.99918635723576
199,174.2685718885186
258,241.9197568180222
204,217.41209403415635
173,183.7517937309596
193,174.32841164590224
157,189.14146866029736
154,178.4929473877767
167,176.74042498140523
184,190.15714653397086
202,208.7447097085877
239,240.55498613385242
236,255.60801885191916
196,218.47855685300505
176,190.96565062969034
190,202.96707757946263
172,176.40773256290464
159,159.86595888232748
102,107.35485120567972
52,57.81189352839445
26,39.88814844809246
34,33.77812000324438
57,57.96529064936283
64,76.48524941113067
114,109.3733124391929
187,184.5372420372456
251,243.9523222405081
209,226.14050386192577
201,187.63994660961154
191,190.661612481389
178,192.38864843569974
177,185.0826821273593
198,195.99227903743017
187,207.3954902005903
228,218.08515836545953
242,260.68015314325373
272,265.37263492729545
255,236.1003408066436
235,220.19470130263426
243,222.60652516469514
232,227.52846921562158
178,191.95516798237122
121,127.76906507137386
71,80.45171695099212
45,52.439129857035454
59,45.815716372495075
55,62.20538708482369
63,73.8915565255545
106,98.52352891287065
178,199.65950148464754
240,262.4767682350252
219,216.22398374112
206,196.45301036834258
214,190.11891219049465
209,209.45387570709724
210,198.70615400354373
254,211.61583402094195
277,240.5526948627567
215,277.79478387002973
307,248.0379571859205
310,316.0416909719127
292,286.02929551581616
256,263.1229776499933
241,258.00059219353113
274,252.86034030630128
261,259.65853340787305
210,206.91277484759127
151,161.67651791132525
109,109.62459343409455
83,84.74555381523935
68,67.71371984518619
84,68.43109845975783
91,80.81468943955835
96,118.07363363630512
139,132.699248522633
198,196.12711328131695
195,217.4221753801125
216,212.49650156213008
234,230.29657981239106
231,235.50957877213057
249,250.50650990217397
263,263.0101409318836
244,263.6157183870831
247,273.9780691844718
277,280.46217993254106
269,274.4076700258431
260,265.9631708670957
308,261.2300178955719
328,309.7411797639393
318,303.06381169701035
300,259.6793811176819
202,206.1291174588876
130,127.83352098637822
104,94.82584972147966
56,74.01023089098224
64,62.75790381502266
90,74.041259223791
82,103.23995134505752
95,108.29716677722473
160,150.7625050669555
192,192.26368159091012
211,202.86220218086086
212,221.31582425361373
226,219.17689104709987
214,226.92899760349945
218,221.94394912606683
204,223.98510827697245
215,216.1238567116034
252,221.26917850890393
218,222.47371003091678
174,204.25941467812487
218,189.31642692107798
217,201.6863153081388
178,183.2684298867163
106,122.25773396027225
55,67.33911716397739
55,39.4620181233878
40,40.42502835118886
41,51.665847877694716
71,63.39675431841364
98,109.3933626993195
174,172.20510572713593
229,227.95231826235644
209,199.51652004744957
185,172.74741229118973
201,164.45681869976727
186,189.548142707401
221,181.81992654407338
200,207.50621375561886
209,192.58408306927953
195,210.71500475695137
241,218.82409169069535
246,244.35382483757374
191,213.75561538411384
170,178.1148122281907
169,166.93767326642921
153,158.42113013815592
128,127.77889393853776
88,80.05409778412546
57,49.88211371740794
36,36.323373034777504
41,29.498742105152836
73,47.244630851311754
59,69.52879711911224
123,114.09120440030186
206,188.31609342469437
250,244.04586058807627
295,225.91935351962707
212,212.71207608881573
218,191.64801705260183
200,196.55175754353246
215,195.2420417108035
209,204.7555252562278
225,204.39846433512957
217,219.20537641604673
237,238.35128588889955
273,244.85625705999527
210,224.4965773430064
180,190.61657637403638
190,173.80441443709935
135,167.62517642835596
140,128.96073366319493
93,94.34929169443373
58,53.13333388119873
25,36.168268305941936
41,29.994000648991264
40,59.28935739353441
59,73.01829873883061
124,114.0330666216289
197,197.85526962502936
257,245.55614048120054
236,236.94339937762558
184,202.0139229530231
188,187.7423421821965
191,187.92883193384645
199,193.24499867183
189,198.86352378306714
219,198.55299578750984
227,226.62023125007659
266,250.17129644634062
299,274.44473323605195
270,236.67327127232767
206,217.78281979269224
209,213.5185783916761
181,178.87942985402992
153,156.81870787657016
100,104.52907709261213
59,61.12873756712761
42,36.58072823023364
43,35.03571427981568
61,56.835045094931246
76,71.0737206500928
129,122.47487669001212
190,198.45360371634925
254,249.59393300282431
277,230.19069680133822
266,217.10461513370385
249,214.48598832396652
230,218.7641090514731
229,213.45955780822902
325,213.58388148134918
248,262.149666894267
209,250.6840653765909
202,243.74957680688783
208,249.87266225341048
223,223.40650385065177
193,215.6406662358605
172,213.77114760168772
192,199.56635567900378
162,167.60906716475097
142,138.51109703157016
97,94.3930385920026
90,65.52031490477896
90,69.8996826303353
103,103.81507931785124
127,126.4498727006953
180,218.96189567124327
273,309.643219862784
375,372.9023469867885
340,333.840525648547
269,270.3914820047609
233,243.12731857830607
227,243.06593866829357
232,237.18015322544375
251,248.6918842159351
233,268.57265745431965
308,255.58954299211473
323,308.77667048847803
329,297.2405293936675
292,260.99212903266033
263,238.57986782011545
243,226.6355044393912
232,231.4973736200068
215,208.08925804531157
156,155.16894889010456
92,106.29347840598405
74,71.08946333967111
83,77.0259711784993
96,95.96706551075177
140,125.66532783403642
211,196.5023378181299
357,313.6179184003329
412,371.1273301951706
330,348.8664106395195
295,281.64019370941577
236,261.48433130148857
238,245.63698801019808
217,244.57754956935088
247,253.1373431438528
234,257.3351600846816
253,269.49941079569106
292,291.6100332037925
293,301.3987517267224
262,271.5792801753388
237,251.26184599341585
263,252.49481708766334
231,254.10076161517682
232,234.0555746277105
169,175.54407870477837
123,113.38952716807415
83,89.08838494301465
90,85.47804102927857
114,111.73854065518158
130,131.1455620985072
197,202.9341623148831
314,319.81817807306146
399,368.64853195499376
324,340.8790161834621
301,273.31636244955126
268,271.9994536722875
269,252.62124242746367
289,267.4671402395785
281,277.1395159873445
299,264.7375657104326
295,295.2826651706878
367,301.09165126331
332,348.87035383710054
278,299.17869777048486
269,269.11464368044903
301,283.8499990936895
320,283.41675790411875
306,277.0208271568449
242,250.24752031484107
202,198.43108380492544
156,156.26480462138548
149,133.90309330897668
118,136.3265797607523
122,132.75277891928286
145,159.0509690081241
157,210.18241866127198
146,212.70632612165193
188,187.3969630689985
187,217.66799130992788
219,221.05244477320633
210,233.04497502481325
204,235.73355032634498
249,235.0751304823269
291,275.1854803700921
287,309.6282980361579
310,300.60050433199797
304,339.75823581874494
312,334.5397355258215
295,302.62501803005387
282,295.21720127653185
301,303.96773031301683
335,301.9617452055025
337,299.0846365567434
305,257.5601463664372
259,226.7369707461857
210,194.20847322031315
160,161.84630807840801
116,123.39716815178473
126,145.24937002272685
161,184.50414852870054
187,221.36892384311332
207,236.14319979327132
184,240.79713506283454
242,233.21488343858186
210,263.30352911382175
284,247.29396949077977
255,294.8948850489091
282,291.83998818196653
252,300.2511465610997
300,298.9477430264415
294,326.10818619077924
258,314.5459390617761
283,278.38738010758277
285,303.285868633299
302,321.75295430088704
313,323.16042649563315
287,279.5619723733267
248,247.5100363149788
242,208.32097054591196
186,189.73834910679528
147,151.8703202760976
120,125.35150769951467
146,136.4773451257246
149,161.32346873313344
170,191.0549958573971
244,233.31802594864314
232,257.0233260642012
257,251.79449952513417
239,254.40077534558083
233,246.03304202704527
241,241.73453178146912
239,241.5491147848111
230,244.7506934393485
240,232.19813464909257
246,254.75576148534478
217,238.42389969118315
239,223.5361893470952
255,245.63182977086495
257,257.76807156476644
219,254.41787829259613
182,159.7630521686698
99,120.79806211208509
89,80.77776062142955
77,88.36016385859318
105,102.53677170436623
122,124.29992533078267
201,197.34001395646476
341,311.4849700413952
433,396.9951613860109
320,328.9925294145084
207,256.3615335363602
222,218.51757212151816
179,225.28465280994212
184,211.37881869967237
207,213.41061183939559
235,218.41541320401484
236,242.33342720314548
231,243.9099828783431
222,246.3658379293052
195,211.22140947998545
193,187.4751524764756
205,187.94330117894032
173,203.33471728356162
215,173.0898656752951
139,149.89614888010775
94,93.84321182597199
69,64.63463374002637
57,64.1127845815124
91,95.87372967162578
95,123.93271882189369
170,190.85074479734803
304,321.44446124552826
385,393.27451402774733
333,332.3857716967962
269,248.14307192949272
237,239.85549129241977
232,227.30098536212398
224,225.14995956159555
240,242.39667928377722
247,248.33883516424834
253,271.15986581218584
324,272.4982127253765
278,299.58690406337024
260,250.5278065829009
234,234.71736483677464
189,227.6815742633322
199,202.9565988132371
187,209.84614409545674
141,146.68497980980257
86,96.82771538520498
63,69.93813098598537
69,69.05134541169258
78,93.67313773345754
113,123.59188939457145
176,188.23232018316696
331,304.9249067937219
423,373.71084462597173
338,348.9529958451357
262,290.400443792352
216,246.86938274238366
229,239.7378697874052
227,242.2781426112694
223,251.77627648063464
249,245.93695066755456
269,268.95105570585224
292,300.7659969244957
301,293.71442792949017
264,280.0793510250637
250,254.31859550502625
280,247.40707385467658
228,255.35394951091993
274,224.10131653747138
184,182.13711141611157
119,128.17620490945095
77,83.36634104823527
78,82.71539748423972
111,108.5255422356129
120,128.1408880838773
196,180.50703711414803
360,325.30007662512566
409,425.5587593668016
359,332.9951888338784
277,278.1403792223956
229,255.20752257428072
211,241.5323529305475
264,245.93890974346485
243,269.7455435894598
280,266.3673377023172
291,291.780524054338
292,316.027238814875
299,311.08138644384115
266,280.81772823570924
222,258.9670786877476
259,266.16372224524923
296,275.076300588442
246,274.7414726169428
200,214.49551452669445
139,161.218579080078
107,126.05603759436089
102,115.9101405437542
109,124.90305948717993
129,135.31257460378933
201,182.9989516213124
295,320.37914784493086
440,381.46705912227145
357,369.21471767575935
257,285.82756317960343
228,247.65357964674945
288,239.20854409365197
258,275.3542996752115
262,262.9915667738925
284,280.1933905039626
304,296.40079528958336
293,320.86987728625803
383,307.9010621434168
353,349.65450241358144
343,311.7403912176206
304,316.7932120579287
322,320.5483130363601
331,342.3262725669669
268,287.09271673964264
249,228.50401424580167
184,215.14163522900074
189,163.55807475372148
155,153.92350802873176
114,127.11232762071012
185,144.36674292847965
202,204.19701001688216
258,247.8442721852149
305,284.79932878112226
283,286.9243378878245
326,285.5850753524447
309,306.4823056392388
302,298.1786841252612
314,294.5451853665654
322,308.6087429722213
301,317.1691924431884
338,308.94633439715443
345,339.4310156669109
344,324.0802411201759
287,314.4119438981559
309,297.6982467653345
336,325.9335303633986
374,336.19287314525366
335,320.29011241931175
276,269.6295175768121
252,214.90161656513246
177,193.42302981848303
138,160.30869604756936
132,126.52596230487875
137,152.2978697973645
160,161.66232358256573
185,196.5220234778142
233,255.1655620340866
284,263.1806753415597
260,282.3068120650835
270,268.0774367355965
275,255.84820384993586
267,259.74773133080214
269,254.04750812206316
243,258.9859370794454
238,243.8687854204393
265,246.4992265616341
253,253.1686098288417
224,233.5709705034928
257,234.1890998460976
277,259.67152909990375
276,260.7389353379166
208,202.04326441212714
157,138.84774791597195
102,107.3799963696201
70,89.51988403184588
85,101.5948289245872
122,124.66923833701983
181,198.20622729699687
288,289.8194883038286
373,379.4109187678069
329,306.76101977727643
226,256.8194360775608
213,225.19813187919607
229,213.90341236569105
196,222.7710236932247
207,215.91109204005292
226,230.50998054546898
271,238.29277202718725
299,268.94737684135947
335,277.93756475920753
302,277.6227658012675
216,241.2576031242697
216,200.49518795656715
216,202.0611477692439
196,195.10485715442272
106,147.76796362869453
63,90.45408658998855
59,67.37888710629072
49,63.94633347897376
74,90.78378103860709
100,111.60198772709306
209,183.4751910954767
323,310.5196103107549
369,371.8080136939214
337,333.3781085962994
222,248.14322369038294
229,228.3128277770801
234,235.36870093596468
224,230.81987395858403
236,245.2519930286219
258,240.35924481969488
256,274.8138914010401
283,304.61669629760036
276,291.5581715789042
227,267.9612788379589
215,222.42863373275122
225,220.81047746288817
256,231.4981793813361
215,220.57835828653
181,143.51148319251428
99,103.04329938708452
64,80.24599016270435
70,68.01114802556869
87,88.45069765492674
111,119.82942521626993
198,197.60187461007055
339,332.38994643341806
383,384.3943472735971
356,336.09003091024846
267,270.16671064725614
218,245.61158361002788
232,235.07501326387728
232,236.1951339260176
256,251.3761287475718
262,258.57283586048476
276,270.7820284857199
287,300.41111317988356
336,291.8307434663366
299,277.1993311071705
223,252.1380095552102
226,245.45816584927886
247,238.08806552700807
229,235.22282447786904
195,173.022231458644
104,121.58854548138693
84,78.24934008557231
75,81.50133865565067
98,107.7624752121978
136,124.60584946207167
244,202.2633303460302
363,358.049227243207
381,394.4081205594191
347,346.880742485936
263,278.7763942838781
253,246.26281575201764
247,242.89306332209935
220,260.88987542996153
300,252.6765254297935
295,285.69215405338184
309,294.31632127026677
311,316.666843286522
300,319.3270491693241
277,278.019197557626
265,244.16201986371925
262,262.09960958461113
288,280.9273714470396
273,266.2040962127816
186,215.65708754875405
146,144.31673543200876
117,116.46922100510245
117,111.41016509486401
127,116.3486342116663
118,135.0828601170249
207,184.56161954032558
347,302.6605728270839
434,369.50923356467706
341,359.9587159902062
267,281.4352727999564
250,253.64536248667648
250,254.54229220420962
275,241.05307603411268
272,275.55838851333823
301,285.1244886433142
276,305.91943713968186
319,304.427492063873
338,332.7652563260038
355,331.05928790509154
298,323.3452119786224
299,295.3894549175166
351,316.01628349288916
311,332.7507675066135
314,268.6672746922783
270,258.0559651227639
188,216.895551454773
175,167.03645470805378
153,155.55228463174652
119,121.24921777236226
178,153.243580215294
202,200.73378325670546
261,244.4342786904068
260,283.92904604945244
291,260.4918213352406
310,297.86958382540405
316,301.873585264865
294,306.82402318614965
317,293.0845172729176
349,317.9293246441732
323,335.333878889097
352,335.3889337411512
373,355.97959899803044
326,344.25526431349476
332,307.9297835162487
341,323.08798627735865
376,342.1299004476178
399,355.1406899085886
310,335.2370695418539
278,271.25807700330284
241,214.63330697151608
187,187.79473057557993
143,150.59398914723818
112,128.57458939962154
140,149.56793882209047
186,161.83186432386617
156,199.4436530045094
282,225.4665361699326
301,288.74507084752884
286,290.7958820613895
311,280.5623673248232
249,288.01193871415035
313,249.78367831746772
315,285.6792542695024
307,292.4532486827198
252,285.39379054950064
261,257.4399148075099
274,242.66040396523928
242,245.79887234557305
290,247.72242878535957
264,278.9619104159167
269,247.66736585266915
230,199.72115435077032
159,163.80843406685221
106,116.81692435679233
85,92.81497424767593
107,104.13002899295971
134,130.40170487103606
183,195.74785454533395
317,295.36080520422087
398,378.02006603779375
315,311.7792785392176
217,255.50904562817414
207,210.84253897659573
198,213.98787217687
194,206.31270612850585
222,208.69732873678433
216,234.08105689253867
246,239.7595928803501
272,257.6727520449832
238,268.8217479950066
210,222.41359985084395
198,202.92158223715586
210,200.9708117236381
224,201.30673468176886
183,198.79525379866067
135,131.1064114038048
118,81.79653406250347
105,76.80925540128433
71,74.34050779206699
87,89.80400289238584
118,105.06121934337581
175,190.4038869102732
325,306.406517325172
378,375.54671244030806
302,322.20561417933305
218,237.75411329360367
213,219.91224401256312
222,220.05328250706012
205,224.7527012636908
252,230.7348319882337
247,245.1167681067504
256,266.476996890392
281,294.326748380873
228,278.151251151453
224,230.60427916548414
189,221.4415627078351
209,205.9496493069577
263,214.7728082578675
223,212.10922066787109
167,154.57095275234394
107,106.12221266883182
79,72.42960300169698
71,75.407812485472
96,89.09023264824062
121,122.06573631834914
173,191.35813557560448
357,320.7271893759254
425,395.5091356212036
340,344.4778990284678
253,250.8085420745234
238,229.18377604366339
219,233.65978474565424
228,226.62706993532922
236,248.25062458239825
228,247.912991583614
243,259.1195817161576
278,285.3111800733692
241,288.7933253923419
268,253.7140687746033
237,234.41105168295078
237,242.03682496799465
257,240.80753194941423
202,239.75111435644624
181,162.24087598558648
123,117.14792047234144
77,85.96594777946653
76,78.80908380718274
94,105.56425021316493
129,130.03723848661437
188,205.80232224208424
353,347.43749766503623
395,403.85081507405437
355,347.61588452697515
288,277.14222088907115
251,263.8125294402642
223,241.55493343950926
260,243.00642619821565
275,265.6274553114927
245,277.0481666825935
317,274.00056448193783
333,321.5904099751705
298,310.09450396816953
271,275.6886140832053
269,251.6118122232518
275,267.5585916240274
268,288.3127676596959
254,260.6714752548101
200,204.37482765540082
122,153.33757073559417
115,112.75335946747681
83,116.19032283323475
96,108.89905349317534
135,123.49461245116223
182,195.83176272399575
342,322.6342571236928
438,437.04922018234276
382,353.5804143908691
294,282.39761457425897
257,268.29030006432754
244,251.2133580037409
273,256.9820977648091
296,275.3181598384448
309,286.52462442839544
358,314.0080853704017
349,363.4416525554913
343,348.89024777781884
317,334.09494959315793
321,302.7842521076405
311,305.5262179870344
302,325.6423836190484
329,313.8471897120875
270,284.7635812459169
239,239.07113481356427
245,203.43994067331278
141,180.40169777690093
137,140.0647563550351
112,122.2522685389797
164,163.86542086768
180,199.6474796632167
239,239.2894675733881
265,274.62886967436634
284,285.40590722361975
283,293.50353906614276
290,286.64261275440344
320,292.25721609450693
307,314.2457683601733
348,318.8946870661759
337,341.1581975265606
309,346.98480502151057
335,328.45745182344683
319,325.36350797555747
329,308.3355371940553
310,318.1315344989205
348,328.60686084352045
371,342.652864745264
320,304.86292238160985
299,263.23892176493234
245,227.11388067351882
230,182.05696395005356
132,154.83111998917266
116,120.33036101071488
144,140.54768850228604
175,167.1364259833936
175,188.25599986709946
258,232.77925609570786
279,286.4264210749849
268,279.2195411377871
305,273.3147679389207
263,286.3861258436415
294,267.0311781426063
288,277.24474126832723
260,279.5588694481365
263,254.29206408699457
242,258.5113395183078
227,242.00557565990076
210,225.4359705627962
246,232.60099256397777
242,254.33154325528565
224,225.969452291077
214,165.23127954312497
144,149.52307323997286
103,105.62220296372597
83,81.71743868771576
90,105.85179013667569
113,128.27532133456282
174,188.2411588525327
325,286.2441386738461
343,393.33111129216195
312,304.58168812176723
216,244.85698293689967
221,208.5225441328024
219,211.99663467043476
177,210.72014493520382
205,197.60343678963144
244,216.8227014185211
280,252.99184768470255
261,282.6593881767489
235,260.2597725784833
221,215.57008759758602
190,202.89860423127536
218,197.7354769946124
216,207.87981299784227
209,197.32680472243658
151,142.373708756531
100,93.05940475252211
72,75.5563044931621
77,62.097339437874474
92,87.12856554187536
103,108.16914173075153
198,180.80627763468036
323,324.4409589531717
388,364.5504744907829
324,323.582384652888
246,236.0708039212188
265,223.80233554794816
280,241.74695710565092
229,236.4012204860692
261,237.40688770591868
297,254.94942331341775
307,288.834787053584
313,308.658758113884
283,285.51708887109135
281,244.12698621199988
233,233.5104313072228
251,222.29832233429164
240,243.97392863451114
218,216.60441300658366
178,160.7349848406484
86,113.01552273895355
73,66.8171811209658
77,72.8476835731453
100,91.42657646447687
126,117.89075486870735
190,192.29760388686373
340,330.81512225137016
425,389.21535545074215
366,342.29110649208747
276,276.05060579134107
275,252.44764449092494
211,260.78427675674584
247,229.40451899162602
277,252.72606674291518
292,269.4223781646565
304,291.80034102996785
321,316.34241987999786
313,310.8696689961571
309,286.1437482196101
268,260.70132427438676
255,259.4146116608329
287,250.4609377216834
274,244.46459878096368
176,196.60858624425936
108,114.01966938506733
70,79.38857368974371
87,75.50662748474949
108,105.74321351285272
128,133.15364817093342
206,208.3493580116041
366,356.579999145697
412,406.2922712864173
372,355.51571634923715
328,281.0719965340186
269,294.5190659095058
297,240.42589829574786
298,272.22928788967704
310,289.08962963009566
266,299.80705569593795
308,297.9098152520104
274,331.8939828763933
281,295.5058805819911
276,271.7866574171993
262,256.38093949122924
233,263.4125576751052
256,267.03487662244146
238,256.1284518764939
161,187.90570100572472
138,123.57698695767003
113,91.88007865777563
106,83.38059104087199
123,94.89969405768994
118,120.89980337017002
144,168.84876947222781
223,239.15694267718357
349,356.50043851806765
358,366.06498518644025
239,311.8178716230408
242,261.98303360346176
214,225.8254625109572
229,225.16754989169382
193,215.58960082709132
217,201.28256995419164
226,229.47066898311155
275,277.65126064343406
346,307.6498226550517
327,320.5967407519332
267,292.90473539477335
318,321.49712252003775
319,327.3212368507739
232,280.8242065988071
193,181.50369757699897
135,137.94404066360846
106,99.44420753838997
87,93.36838181054621
119,102.01927787863565
123,123.27219900884883
208,173.63342038449073
272,266.9163250951282
390,375.3820947384041
318,384.10314309601847
246,272.9708763240874
205,255.27761659805958
225,221.6852551739054
214,227.78938006983472
197,212.08356460288195
179,201.65640752333002
239,217.92521744347337
254,257.7646946665604
286,293.0717427831338
274,296.8175180810582
213,289.7280099674194
245,287.9552021523759
360,324.26354249202114
274,319.66675938076946
266,231.33709979029842
136,208.98764785484255
106,119.07934179475278
113,118.4660076302845
121,133.17796183940519
107,137.12080284816528
151,192.24642226808555
174,272.79910192546555
263,312.64263662060375
274,306.5669678837871
243,265.84062638775384
230,252.87179908302315
246,237.16034511646137
214,242.36817565535807
214,218.5794967124551
194,205.99356034196575
242,214.8549329674132
261,256.4294932843664
328,291.08004161909855
253,321.49443029214217
264,272.20127739700894
305,316.4524663352497
363,359.34312073042537
382,308.34002425038466
349,377.11908536096485
288,329.92307869955687
211,231.18510873950086
169,186.04487253605296
145,150.25283668429518
109,141.73254323475518
113,147.54432897504196
132,123.37890381988356
180,147.7531201097769
214,214.6747998461221
228,229.05430172590488
225,231.60676885889166
184,241.8201513697437
199,205.26042610362694
180,209.24209428103256
212,194.35486039314364
234,240.34231948536902
231,251.60546856017834
257,304.70352038297017
254,294.77395815087505
255,267.38541535781974
183,248.72255760765003
222,249.38065888350087
294,213.814164508823
298,316.23131541572843
288,309.09883054655546
222,281.95482920983517
223,255.89799479005086
154,195.74311822098477
107,144.03104501918605
98,142.31468471889204
129,131.44148065691206
152,178.41136741927204
184,217.19355672913525
266,253.8580979201372
257,315.15035622114135
260,273.6124988486824
269,277.3910375260475
296,275.406375020655
264,290.72125809410045
264,319.8345774898777
301,316.18094981283866
293,338.2527272773656
315,321.71299109981726
269,324.62990159141
286,295.6209817248568
442,353.522778555517
414,453.88718124347497
378,383.1497344542107
336,329.90857168302745
280,274.66726207235104
236,281.7384108087648
167,203.5701236381476
137,142.08258108889754
114,125.57739550167842
133,138.0236817889841
137,186.00657211694013
175,187.34982308282153
265,237.02635868809367
269,289.2042264464607
250,286.76979867582713
264,251.76647798498203
260,265.38832647470616
257,254.89799287610222
311,272.69190043137394
297,326.1567341819294
316,323.5836868605161
253,328.6898483703462
295,281.51423567743296
263,309.62834706466305
338,293.15853707146425
240,303.5207887345961
201,201.20709512415917
150,160.46939296763776
134,140.05023444315586
122,126.39945986024478
80,144.20510708684134
98,131.89634658420098
138,161.39752405753512
210,214.10003340610893
287,307.67609725567763
265,301.89403724521213
233,262.47191538919157
220,234.96990927847074
201,217.6053836458285
200,221.06069635023087
191,202.2000681437998
169,201.3422699475954
183,199.4511539735739
207,223.9506090856367
250,265.95048542221934
269,248.47588492640827
224,252.63301582619073
246,249.81412986069355
217,246.1558346881803
176,198.18202559118967
125,151.30579083632057
98,109.1549240478715
76,87.04045411031066
78,82.95301480924233
81,92.91493111312953
91,109.86792555667128
138,154.69642486451107
228,231.7751681286856
381,343.2799873615084
306,340.658470806839
253,270.45594318167525
236,243.6795740306939
241,219.2852132323237
267,234.72798622395047
270,232.36071552974073
213,233.75759336713728
217,220.46389952637256
250,254.61492975191885
528,287.7448264474141
423,414.2544060408361
322,340.6144171959707
324,324.98178129886867
295,327.43051671914196
213,255.85982519874693
163,178.2656724153864
117,123.51257250671858
67,92.28233313543508
87,80.43476941557647
78,99.4260053716008
108,114.3501057586323
134,173.40045935266852
249,217.3160441426247
347,369.454765214638
309,340.59071621912085
261,272.79890269725445
209,246.28873947160506
254,225.18157231658475
265,243.4565737558524
215,248.88039864431755
185,207.3498299299365
259,221.47886458019164
234,270.0471777465139
298,284.01682626261294
281,303.53645930752197
279,287.723096622364
309,303.4859867263041
348,347.72164564643685
334,304.9224000808419
225,259.15627975766756
159,168.4863625848887
120,116.6623575641518
105,118.59153233827917
86,123.24859508817585
93,117.09647109210563
148,163.2909162522094
256,225.93321053673571
343,321.4681795126154
332,315.0701081157567
282,279.59130097445836
210,258.9967463063674
220,227.05403838823864
199,239.83410042812554
188,220.34473461538474
191,200.25659813158464
198,226.28674539407268
254,234.41494221361106
319,300.30842177201754
264,306.17105758763336
255,276.49644058409126
376,313.23239167907144
363,390.7884334329682
311,326.733465987101
271,276.8349058248342
190,234.99552522907982
139,155.96882496130783
153,151.01026690490156
153,140.51767164666887
111,124.94294292800946
154,152.68085085751883
183,198.22900577655201
280,255.4368221424863
246,266.82973238478536
245,248.24480890342664
266,234.81161263118454
237,237.5138732905211
217,227.32626516725244
217,204.917794683716
207,213.81237507926315
260,225.33824542728203
267,282.3230134375212
352,314.41529585123976
376,320.27007925432827
321,337.3264984297834
405,435.72089870357934
483,501.33080407254295
461,456.2529567615791
471,424.5511416325269
388,443.72064714581734
336,323.5582175201991
272,269.9599602316326
203,204.9951360893439
138,132.42548788078636
137,146.793468699596
139,152.37470079501307
208,185.7297956156512
242,254.5862876455441
326,280.4942384826647
344,333.1512839997835
327,322.1164426143887
299,296.69251086606454
270,294.4441857792014
262,267.6044632343104
371,302.11706285672835
358,368.1743281189226
386,378.3740712234833
384,385.46083664761994
356,351.2641871880907
431,380.37444832820574
512,509.6376159584365
535,495.60087102357244
492,506.18057061200966
438,399.1292493197911
347,340.7971358420855
300,271.4099078327969
232,216.37043344652497
143,150.34309729150127
100,138.58607866874365
134,135.87802123446622
172,192.56705293564798
236,230.6927385887805
281,295.18337231734273
338,295.4624980780538
318,317.19239268261254
293,290.6120989097654
287,275.6782063467952
203,268.98216064480664
257,243.6018794349013
298,292.92430657635845
309,330.05930898241775
316,310.25867153664313
317,327.9480473450286
310,323.58653329769004
298,341.69878437925985
250,271.71928506208945
183,213.76026407210313
156,142.33774668338697
106,125.73847156621571
111,122.10593514209037
129,127.34748925025141
117,131.16483641839991
150,162.3539331996787
257,213.76386027586295
317,329.8433482729442
290,292.07448778079953
262,261.1764835865374
246,250.30177082849698
252,229.41973587840596
210,238.99225334436744
205,206.89761436408241
179,200.91723372209083
224,194.54490116247476
262,243.98260668375596
388,288.63952277992036
386,320.35605288008384
265,331.46092115983845
242,270.18015183776583
225,235.70621985294156
188,197.03362230659562
145,146.19841706339767
120,107.50851251675202
81,83.9157727787152
84,79.55311674020882
91,94.35680332623492
113,111.80751404717296
179,159.57000124726918
285,255.9545451641875
398,371.20097948750487
324,346.3838877207002
249,276.00328679361024
255,243.03548769919826
222,242.3664112112642
200,236.55830383197718
212,218.71361278584774
213,210.44366653243642
239,234.28651440846275
299,269.89691879133204
318,362.2167956336413
323,347.84022493208096
297,307.632036442304
339,314.5259318563182
314,316.4081989839012
253,252.6566451139968
184,182.10225924432856
149,127.60581715841094
105,94.7219646123049
103,89.75339105310124
97,102.23297649368386
114,118.78582598029219
174,177.3056905238672
361,280.50041977065405
422,396.42730590302773
404,346.4043328396664
325,314.1426094798511
239,280.07559192781275
231,244.52593891369276
266,236.4517302223569
227,237.0413121407383
219,212.57654680905176
234,243.87873218584596
241,260.62299136255746
320,287.56741375930403
345,303.6560304035334
352,316.1639650205949
340,346.1138965662477
408,363.3448116068954
296,327.2282440719465
251,253.01047436279407
155,170.46356102622613
129,124.30243898875032
114,112.50094552753707
136,116.98927213185827
155,117.39288497048234
194,177.01073015533277
338,277.497999723279
435,362.6148423081899
430,378.40012272579634
335,337.571227258707
309,286.87804592132807
270,266.24405189336
236,253.17655984755638
237,232.11073026887047
233,215.6725038881624
264,236.56596489756595
264,270.34386295103434
360,301.63112961912685
374,325.5396003065137
307,329.494491821249
379,348.5113193630025
373,400.6741185724773
336,342.43325524053535
305,309.43075546015825
235,275.410329774201
161,176.21408424418493
158,156.3363049947801
155,157.8718416850654
111,137.66395945441306
160,158.95288747978182
243,201.49761709119207
289,285.1665348159439
331,277.6280169659983
270,294.01364071481976
280,261.65304101551277
247,259.49020091801964
249,236.1183496495025
225,234.48450996048447
193,222.72080854493487
262,236.3044401739064
277,279.9779537377673
388,334.4203430113645
328,383.8775474714291
366,317.1941398905846
446,377.38885203939475
485,457.6209827165787
476,438.5120506610821
439,451.51751458727455
388,404.651730018876
372,329.6714942362276
304,274.4202384984924
222,214.45734147634337
157,140.46860034806141
136,149.9366099933223
125,152.46558314468066
186,179.8173950663256
265,236.1835874614888
311,299.4456997246552
291,338.21444000152707
312,297.7773405757763
303,304.9941932129333
287,292.13270413067113
237,275.9887278556004
369,290.5479532437975
385,382.5597944448502
430,408.03917348138947
403,405.66524917891616
322,385.88724382754447
401,369.40036092530045
525,460.335432700632
524,499.7989876903088
513,517.7993227825856
457,445.5590766149536
326,395.56618442746714
272,283.2656225532104
171,218.52191403563958
145,150.90601347881548
137,129.20038253780925
145,140.62701635495364
162,170.6159020101662
238,221.84428420542042
294,285.66531188839826
310,301.2103410951083
309,306.6876245351427
264,294.3211277749619
277,269.35712525460934
280,256.5241676750543
323,288.014535404808
320,325.2141145238704
337,330.0801852084891
328,320.21319618939924
317,316.9917372736581
316,318.91976147694766
286,327.9231168125327
227,253.75175392020643
213,182.6261680267157
151,147.40824896077305
129,103.27254449663532
114,124.71696987095461
93,126.22874754703591
115,127.52569793979568
155,157.5056761181604
220,225.3999883710491
319,289.4244693896975
331,293.42488505329646
237,274.1223720004431
203,228.3709889082138
204,208.082867281448
212,207.10344485464066
198,207.92860306762384
193,194.4491687657367
183,211.3322615582618
232,226.25784115391411
253,304.0355298154998
260,258.52650026027266
235,242.31843995584416
267,245.3117302943985
228,255.12704738408306
189,197.95297156296905
167,147.04139158380391
123,119.76929798080988
83,92.08270669105815
63,83.5593988593324
95,92.34435573829954
91,111.01817447154498
156,158.41072330992873
246,244.30169319334837
361,361.66893777077695
290,331.7304079977517
235,243.61724649720608
211,225.04005817374662
198,216.09512289793497
206,218.24383303315497
192,212.37996255231823
178,203.29729888680225
192,209.5815371714716
200,246.42818530958843
285,258.00090367187823
258,303.13854831240786
262,272.06103013699703
325,310.4691856255869
310,316.6416496596565
245,241.4586855638219
223,181.03142774458362
136,145.4225198253598
109,97.76434516050135
81,93.01627840611103
91,97.8793188162009
91,111.06580833801362
162,166.30802252141618
299,274.1677236816317
393,385.7587345043285
336,338.62609088736247
249,277.12752417260606
278,222.57431280075235
187,246.9011714816118
197,218.77399601782608
183,207.1378626618833
186,188.3770603583049
217,215.3561268729556
253,240.71972938076112
275,295.4085010750752
279,282.5180693459067
270,288.8712850304785
314,303.3128517861608
355,355.78464689020643
326,294.68956167603375
260,253.43413251347243
173,175.1650805579676
128,119.99219840743156
112,109.95666512911369
121,115.46317970836421
126,113.05691518510292
180,168.98757676383852
269,299.02906554345196
357,365.32032759396697
359,353.0274932180985
249,289.2687882871151
229,248.81195017855907
211,230.66383960746433
213,212.48632874837634
206,212.22970412188886
204,204.44325886731608
198,228.57719244424973
223,254.0150545235076
268,286.40032991586503
308,277.70841564118
276,288.2153285373576
416,327.0474004858515
397,406.7986565458825
338,347.055819113251
290,302.4044282799274
227,234.29578011858428
186,168.98923297150057
152,158.0718455374004
151,147.17158433338224
164,122.38779396513408
158,171.977962461358
222,219.92859037515385
286,285.60725417263444
273,283.004136210986
271,253.2581118573605
278,264.1338103589145
248,248.3523318242352
249,237.6632552852984
240,231.39839212900418
259,219.35646380942018
245,263.02408141683105
318,267.4651090009483
373,345.19656778297036
386,353.30163623919697
374,354.2853689340667
429,429.1961311018025
506,524.5516736372572
473,482.8458895638169
456,453.53478886617376
395,405.91873609359374
337,341.8060405653439
337,259.906109786084
241,213.67736791350032
144,158.03566468679773
136,129.5754947934854
141,143.7435590409838
199,189.27254745529675
254,240.46380700162544
277,295.48609630066056
277,299.06109971879215
275,291.9176432664635
309,284.4745751408704
271,296.80289664519955
279,266.3999179321284
328,315.9933398469032
315,357.18429340046316
329,359.0434340741111
378,354.14530463856755
298,357.03686549626616
389,349.71154157294944
513,478.61158521661554
437,486.328095560762
470,458.5318148247715
491,415.2443367770063
413,390.54797000323975
345,310.45263509013637
225,225.42138947169516
146,143.8621214957057
146,129.91342917650246
119,143.88821910468212
159,157.12936500469877
245,217.41458491190323
270,288.0242147549289
353,291.6968332497301
279,334.4148224456985
334,272.93833234682864
285,309.4280386562081
264,272.16548040294776
283,286.51056400781033
327,297.53368448041397
356,332.3247686121566
316,325.31538975941896
303,305.85952355423694
274,306.4987422492174
260,289.26227047694425
249,233.79619859085082
198,184.77985201069922
175,155.32457658610917
113,130.5485787881199
98,106.42420548834326
112,104.78101598065658
114,118.96605612550073
152,157.81119191033105
243,231.6859934754315
306,303.6283786149478
290,282.7287722182261
243,249.63911601181312
266,225.1762705111538
224,246.49059449348132
229,219.5838245415091
232,214.80904467901848
219,216.15184578377114
231,217.36602919720187
256,246.5041846632222
316,286.9581091782786
270,297.14289449901486
259,252.23399982420412
303,255.53387511930796
263,268.2281249589774
192,202.14729107300388
151,144.20300614072545
139,106.87360889751787
93,88.77343524641597
98,77.59944251320064
96,95.01654575257817
103,102.28337019608803
161,159.62089436990718
285,252.02789609397036
394,378.30972156320377
392,324.08707251860676
260,297.46140756672986
267,243.0969327692275
241,236.78419168808875
235,233.02033763145485
198,232.9759272974903
230,203.14995110862858
244,236.26665033651915
302,263.363698399489
306,331.8230209337471
292,307.0807073742985
304,291.0267149572447
339,329.11221356651384
363,320.9070566620298
288,264.7205767403621
187,199.90019482435994
148,138.80215351672956
103,107.37829761030504
83,89.56796154756576
91,91.92632884327365
100,108.50259531546898
156,158.3772794131189
276,293.64465023014077
376,390.28152179703443
337,361.5304162240534
261,285.8841737243216
266,257.9508372584692
254,246.98749880221908
231,250.52710424768463
203,219.25586524735246
234,208.75353142240738
273,251.89373166664492
286,287.84041235573403
391,308.87892554064143
357,348.93151554659335
339,325.6777413739411
370,347.3544407293127
358,385.74103138108063
298,309.55354144309536
226,237.2660971265743
154,161.40004494529532
125,117.33155171859579
119,110.21821929495715
128,111.83705256633581
112,122.59022990938941
168,176.8423884974751
266,275.5472629626777
367,375.237412550039
388,378.305053119152
324,304.9832117981412
286,290.1305215311431
238,266.3928531920255
257,238.53680276340054
202,233.44230061911418
168,215.8241663776218
168,200.39637104837468
234,224.75354036043888
272,289.47899097427967
271,302.71235977261114
283,278.7889994454664
362,357.6661579148057
368,388.54123286500015
304,323.0689727386339
208,223.64072375072766
144,129.38658716369875
89,95.6307183968395
80,77.32069943148588
101,108.88786045894454
155,152.11706895783925
209,238.83891687603176
312,304.37693288351824
371,366.5357534449622
355,378.0375071057741
318,324.04201811286526
313,316.9362050535795
297,316.54502530273595
298,319.8519491365982
341,338.08659711650176
382,355.8405243182458
435,408.7928237831869
500,481.87217701245135
619,546.1942078939502
581,522.4433085625952
512,487.8146824165575
450,437.42839017590285
410,420.43761061421907
349,368.4434752399331
243,252.2144055928141
125,149.32663935014125
86,87.21654215937482
87,83.46201945947084
104,109.75137961009847
154,155.64580723671426
221,236.17018503933943
346,313.2566831422676
421,382.05836570551344
381,374.53257168627164
342,340.52560823779856
308,347.07186350126824
313,321.5591008127744
331,328.095389407519
328,364.42250708246934
364,357.0573011305482
395,425.741840388183
461,490.11080446114823
480,525.1071397080705
434,507.04541581296735
377,457.1556092385186
391,418.8857570384437
381,447.4855160569818
371,380.9061278946439
281,290.3679693962587
182,179.86128025864107
123,122.47847168033867
99,125.37431683154935
125,134.67588047992825
150,162.99099847878944
229,226.97337487791907
345,324.01446359762
450,369.8625390995713
444,389.4991232174068
369,373.5461653494056
369,356.50449147214204
405,379.1869126149664
363,401.6509378088711
407,368.441643589284
449,432.00661255234303
492,454.6748508917638
546,524.6062548987644
660,586.4999782700552
559,615.3212006030619
437,528.2180064119894
475,475.77547913497625
527,532.7966457348057
500,493.83132810735833
381,412.4998835993095
293,306.3321760251764
179,201.2118136125676
175,148.91425368531145
161,155.18400008732814
174,171.88842175311402
165,201.10014803979308
223,204.27780740984988
215,272.8689270043374
262,258.6185228029222
300,291.80051809871657
308,313.16586026266276
305,338.21745964604355
305,331.6239734037676
412,324.5751067181463
468,409.684745214662
540,481.7212497764586
620,530.955990576027
655,661.8282748142581
592,676.270726865554
623,534.1525637009345
656,550.7232373401622
754,681.778884120783
782,766.3425811604769
722,623.3784513459343
543,550.6248150317248
370,405.81981790040373
242,252.789370296866
178,197.93376354245436
172,170.68504580008567
145,195.74086644069035
176,217.40877113149014
206,252.31635425908433
295,290.6131525060414
312,358.06781919690974
351,370.683442823094
363,396.8710619148788
371,391.1846312804488
405,450.8902780706553
427,473.0946588783528
460,518.7880077409658
485,557.0931277908575
512,556.3245324897349
517,575.4356482859479
479,561.285851723579
502,590.7572904189875
572,627.1974157749365
564,636.8342691178495
565,530.0127701064226
386,490.5661147210528
294,294.9381728007736
209,240.02904459872124
175,176.36436437364384
172,162.00195554299557
154,171.35453689452405
201,189.68088378600746
237,252.25483098018503
296,301.4637791262372
358,346.5032465644506
415,389.8942097381218
444,421.2315115157686
379,438.77259083617884
392,405.3944125112844
410,407.3456385030129
425,441.73339196808513
426,467.98957333382
444,472.1807357534136
382,461.4265520618209
386,402.35625264717163
517,421.1574560728716
501,534.4298073981917
392,440.91221698399477
246,276.60559873716494
157,159.38518467485187
113,112.39278174561873
113,97.97706658687221
106,113.78242849901109
152,169.4155061911464
190,218.1041757854074
290,284.0372326207005
306,359.00389855485184
372,321.627177610061
294,343.313866804365
272,294.57030069644657
323,282.3801509966269
294,322.4925730197783
306,328.7475387020583
290,326.00867038043964
297,343.24179805070895
361,375.7477998411864
364,406.02160766938573
344,341.75686505328883
269,327.82511315178317
277,310.2412707040358
291,309.8780974808556
256,270.57287899768846
221,212.64857614265745
129,136.75374366874829
68,92.76989851257352
80,73.99726423017708
111,103.86520175957457
147,150.59697433562073
208,218.15257282458586
312,306.26640861574106
360,346.39764734960727
380,358.94655871007706
310,311.84175412621676
301,300.46613505537556
292,305.0578387396573
324,303.49302246079947
353,339.15209266610236
350,357.51884855815325
343,378.4878872272009
476,427.1187693183692
467,516.8270072356629
583,481.7238781027422
444,468.4240885453234
360,411.19369026479643
324,371.12004273723375
311,303.75126709450444
229,229.81084269724786
134,140.29672250097852
74,93.76872596879883
83,81.11458334061385
106,106.25773671078416
154,154.8852264734403
205,229.27757995848648
327,315.93466940220037
394,382.86408423661766
307,378.7648279640878
313,317.50620620677444
283,322.30218537501656
319,301.5997465287185
298,334.59415514907613
361,336.94189327034184
360,372.236381130344
374,406.7655800501363
429,463.468079845918
441,474.653310896202
453,473.8455168808089
371,430.8573594528892
498,403.83217508381904
432,450.52294280863316
436,381.0408681409579
338,303.09576987643084
152,193.23921792360622
90,111.02199183785275
84,106.36284047868054
115,126.97136554657122
141,151.60748611714018
238,219.46074475688155
333,336.0177801235408
447,377.0762033996711
381,378.0990577414766
353,347.0527003900007
309,350.1041152149412
320,349.69926449487
304,352.1837378605236
309,375.867831643026
362,364.38833542663747
362,412.97633957875655
468,461.3647405870368
460,519.5256653756151
449,506.9952018532174
393,440.25631696575925
382,452.1859887016401
471,458.760551073368
417,464.66925708158794
328,326.3082140140166
207,241.42222047936923
133,155.8094874506257
108,130.0147221840865
136,141.47723934182005
152,163.35608407982406
203,222.72112194837942
326,284.0745944466638
396,426.6595734911234
389,372.38414974620076
363,353.46956280705285
320,354.6558819794879
344,337.28453478433863
339,333.6790685721724
381,364.3574169946077
442,405.8697902096107
483,486.8175749609296
567,547.898765372924
628,627.4462569876061
597,622.5290584831503
505,582.9410366117237
552,544.0976623314194
566,636.1747171664365
595,587.1546956765748
605,564.0331165069365
427,469.0691480543576
291,318.45671849283326
200,226.87725591378296
163,173.45469981764674
134,165.3289062065345
172,180.04554648007056
249,225.21993184528742
268,272.47622598909845
343,333.4350320560103
388,366.72235534516153
399,390.51075336819963
439,411.60864467905435
439,443.55871972923427
433,477.1509602226799
493,460.20407643090294
511,522.2174864429558
619,555.8313896069573
664,675.0492484329058
625,651.2582037959754
582,590.599152431255
620,621.3360025014847
762,660.8740337979768
721,745.7230909588073
634,623.6886514260999
486,511.5760085828829
336,344.19087557091825
219,250.95030313092727
205,198.50661973653013
157,162.35643174070643
186,174.7815953776272
233,205.1671965786243
250,260.67406324647374
287,328.73157753198007
388,352.31846170093814
416,412.66182138146024
411,430.81233597159354
379,412.8553476081001
440,401.8464065661021
433,460.1069050266759
458,458.5625764067244
462,478.23602459006827
467,466.1268850517815
477,456.21068475556194
456,461.40860927555127
420,475.4618543709066
516,437.62375606260764
437,437.8498018965425
297,297.66501844912096
175,168.968732133631
119,119.29189243160761
97,108.6258810270183
109,119.34775966867602
145,161.78898193154922
216,215.32500447489448
284,293.3315876027759
355,344.3604206966511
367,343.7235654901811
306,327.50833010324226
288,300.72388916680575
295,297.2654487043132
253,304.4556227422196
307,291.98289824675095
307,318.0480218190031
358,335.102797818044
494,408.2258761926289
551,469.98441892254306
587,482.71031766676725
408,452.0784597642636
425,372.02020758077475
387,386.3558747245767
278,310.2741667354594
193,209.50802156318554
107,133.71633686191024
78,81.07377100108498
62,76.837992353256
95,104.24578965068572
128,149.62490269952704
189,217.61580529572845
259,303.08209438118826
307,345.556027052874
343,348.18405864436016
286,307.0852828806437
305,291.8144663043956
291,305.5112828876658
287,301.0343888865415
296,321.75104284461736
371,336.3493731565943
359,402.95368285961877
404,457.1116827741228
439,479.1247357990376
396,534.2312914706025
382,431.85673119143104
355,406.0486850156592
349,388.0942349340528
334,317.8969057853249
285,244.51290697394526
161,151.06979290088722
98,103.21834544463498
84,86.11025557249376
104,107.23416835030802
132,151.17186085868042
229,210.8246692126392
310,297.57639661374577
371,365.54167615696514
344,345.35444564972164
334,319.6442932167738
321,325.2086300812975
311,321.20207258921846
296,313.02783799788176
352,332.79264161395116
364,372.31423500671843
370,401.0493547677544
475,444.46206644377185
509,497.29972020861516
414,472.4942504727696
372,390.172869361877
401,391.90657341902477
413,410.8624220081609
402,384.164765047775
295,297.28623347646806
181,182.32238932753714
93,116.43546443713096
105,91.0942159220212
123,120.7834160045342
143,147.57111332720356
226,235.1343914025533
328,331.7049903029825
408,395.9068746677207
365,375.1595142562045
347,347.858677886284
321,332.31037884824036
356,346.04089490213494
338,353.7769277623247
370,358.8674020246224
418,397.8315477809189
452,426.61267679362646
491,499.1609047558235
542,502.5856533794387
527,517.8411630609554
474,484.189555274006
423,465.8469670470079
501,455.03080037663256
401,476.4714486144087
317,319.01533794257415
219,235.60751379486095
131,150.2283236499026
149,123.50654659314174
141,141.40586699012286
174,160.7600374573934
233,207.1048680228491
346,305.0834416952123
447,381.08953615702325
392,388.04761787360906
351,349.61521970481965
354,334.1404259504926
371,356.39239711767556
359,365.03441209004995
411,381.2177180226712
438,447.8394033418007
486,494.99732823233876
540,553.254582435287
582,620.360642305058
621,617.6608094146866
557,593.4551225658748
540,578.9716268074185
615,631.8509338348276
687,651.7665406957707
531,661.3319876928306
389,455.86977576075316
334,305.14816911926084
261,241.74223295424432
161,179.64322230484387
140,164.05830110490146
187,172.220682260328
242,217.8257504954848
294,275.7254083626655
366,340.3644610498276
397,370.2541484227529
427,414.04343517950224
437,443.7451728896826
415,445.2381200295548
539,449.09128963911644
547,531.1309272955887
535,569.5006499193688
577,577.9149578727915
658,608.3998362564615
620,623.562924802206
589,584.5494185604877
665,611.6913685750316
667,698.6502512842576
721,687.5570102920744
632,626.5075640875195
491,508.75612341965973
328,360.5451947757873
240,250.32071438216175
191,198.356430543649
164,162.24529719807805
181,176.61300218256562
210,203.29082081663861
337,243.58659338227645
355,362.6699854488802
391,398.0990632665828
472,410.63162955871286
423,457.3477875655273
391,412.86621324509315
442,416.384220510784
477,459.2782210250292
514,484.46381774109295
570,513.8033362986687
511,554.034664490074
448,477.7742634010982
413,431.0173058995952
443,442.98112727164124
492,468.2730599370699
391,445.55732497085825
282,296.2286875705036
188,179.03481531930092
116,129.5365705514086
94,104.8375538852331
116,121.75580414014027
152,162.83264687230132
205,218.79343340449458
275,285.14563354392965
325,346.65943264985486
372,338.32888583829003
288,316.67570168732703
299,281.71166913570715
288,299.37228454116854
263,289.963817764241
305,291.13971493863994
309,315.40433834820254
375,336.2521581811767
373,435.9472253703834
401,429.3755736842631
356,386.3679668970326
297,334.9253129783211
305,319.1435459124096
337,320.4399807757299
265,275.61592891513976
197,199.27417538016317
103,126.0195746906627
83,73.71017724840578
83,73.93181780987399
87,102.63829498718938
141,139.59480043645047
188,207.39035382623686
311,293.5318696559239
338,350.87926748861935
354,341.7035051442964
284,294.0802461870425
271,286.57623068492677
273,284.8867022903251
248,287.50459784669215
291,298.5711668311987
317,327.37298402087794
367,366.6708948681279
380,439.8327462185533
428,428.2792792238154
368,465.365525457826
347,380.4847237790692
343,350.6846852654685
406,353.0853351926197
351,326.4724775659589
233,248.4774557621177
129,140.82979950088713
85,87.52519463330225
86,84.35515391654876
109,103.72676419636767
152,147.26328458269785
209,216.73430062496507
287,323.66255850382635
359,372.50879080526136
398,339.38127766949754
309,313.2683746776964
292,300.5128707551632
303,299.42103008541795
289,296.9988773194739
343,321.30612965636226
357,353.4961524622371
335,387.24162300059913
388,418.9801899983285
410,429.81476989990216
408,410.1592766567125
337,374.2154978695188
377,378.45584870687145
395,411.31399739494225
368,375.64851118034
301,272.1732615946037
159,174.01356994054925
95,103.62723720092717
101,95.51757996978961
132,119.40728897229289
157,148.45150455871664
212,231.91381820267964
321,313.1535734888317
405,395.59153412100443
369,388.5689223126429
339,334.2074999413612
330,322.04090012784275
299,340.55163219870286
367,315.11932956827
364,373.34752217848006
382,382.95640156883076
393,399.49723602822587
459,461.31365689133236
489,489.58669552237865
447,489.39812420991046
424,418.0521285242748
454,428.03568029775033
472,482.8466850368567
419,437.7900938527143
278,320.749216969666
199,218.86422147407535
149,135.61349258797298
128,136.30343264072607
164,144.84138968101306
154,168.99796065879895
229,211.1327425231776
367,326.46395765366367
391,435.7984201392786
423,370.72523968288397
408,366.40871982983947
411,376.03138625483297
391,390.2521783143217
404,384.31990034190693
393,422.35186691673647
484,424.1695595964497
540,520.218575687322
598,588.8569494813017
666,638.9055950929401
599,628.9168900236291
580,550.6893496348542
493,569.5028579831768
578,563.379707191866
618,625.6738119905874
586,549.1991686272856
439,444.6556014478827
297,321.7604035285208
205,222.1580788378875
187,176.57496179057077
171,152.79869758532155
159,185.7837227742894
242,226.3699130270368
241,282.49342789164916
385,315.652639497134
364,403.91278183712245
406,401.26263677482365
364,427.7821680681688
418,397.51066042592134
471,444.0455761967443
505,499.68320871120994
535,533.3120679976513
557,593.1764781265374
636,645.5070479366868
621,637.4921451732899
600,588.8866811793501
641,584.6881247678311
720,684.1708357061191
707,696.7605147026547
652,660.5698124043257
480,511.60706434080623
350,352.75003648180734
250,229.08408380932534
201,194.08892931621995
195,169.01898737719435
181,182.01985878588334
228,212.88261026147256
253,256.10202269900304
335,314.3899153132559
379,385.9681179784273
402,409.7083998986099
448,413.830480975782
400,422.6701199151135
458,415.0429959130561
455,469.33584795339436
467,473.0510358603504
447,482.8912390960394
486,459.9718948474001
448,456.5489209168188
400,420.79150012003004
479,417.89418540406166
464,493.7105414836821
394,399.62716311690014
251,264.62848170090075
175,165.784757465765
80,119.07411565597242
105,89.94495304991415
114,114.58066211766759
168,151.87299009337465
198,225.62477034215988
261,289.6508616060637
359,328.7232941622303
349,346.5710831415063
289,300.11536121547647
308,275.7044827951801
275,305.70430764892893
306,275.7723339006902
341,314.8962931958404
323,327.1484596009587
386,339.48440835794884
428,415.2851344785726
465,447.0531600278289
365,433.2635407202062
317,338.1742731515344
320,319.1774808526305
300,324.27980816779746
286,253.69513955958084
231,205.60755482836163
151,128.6368938126071
72,87.19565593419507
78,72.11092028963694
109,100.68407039802408
134,144.25885054980944
220,200.54483812467322
285,293.2652477280397
323,337.643117033365
294,342.5004778371149
345,270.9289778173927
343,314.56506302409593
338,311.7219656528637
341,320.3743744170233
374,337.47713829251177
365,359.2019531690272
399,382.53413769417676
501,443.2221457086425
501,502.73507266989253
429,452.68636472791997
361,387.37966095300493
400,353.85936823954677
388,377.34237071486865
318,326.40342299086484
241,235.73950450175417
128,146.55336631398876
93,84.49157714754068
108,87.24250174359724
109,113.36896223218695
138,146.15247209380212
188,220.4950675138186
268,306.7411185249335
311,354.207527025963
355,323.70684530060976
328,320.184688807938
333,316.79749172508855
373,327.9728128300611
343,358.2788326455899
371,361.66622980819795
392,382.61286373535125
416,401.83726899019763
481,468.12683299390125
674,496.37718999496116
532,588.9956168341369
442,439.31990114667025
492,434.20559523928745
629,441.1299856426451
394,447.91721683276404
311,288.91062494782375
178,182.49539285710748
121,104.79043166981103
112,106.70197243440386
130,125.92149819428187
167,148.0850184345274
231,220.07630839343062
299,310.91324484281523
352,376.2144238518131
397,356.9404079491583
368,339.72540081519753
363,346.55256398648106
385,345.541905976138
390,376.3117483850306
493,392.35148354820404
544,463.41821218354244
649,528.0085689230253
570,623.1373968364164
512,584.9745778850667
503,490.54378350796554
432,477.81541636315427
462,455.5935751091355
449,492.09364503750965
431,418.9598847383392
149,145.0963012858219
101,85.8469492707848
64,70.57770791887614
51,48.621583705326785
66,65.01413895379665
91,81.57216935882158
134,148.2232409489501
236,251.78136426269654
324,386.0161669649127
329,332.5316678300228
264,298.0081036449605
248,287.88450529538557
247,282.9420013056453
252,296.6771206829925
283,288.958977325504
296,305.73424480874587
389,350.1226667593661
416,472.95799306107693
409,476.52318591626397
475,420.26553461291877
444,460.45049846204375
372,404.74875596060053
348,380.8177664081047
210,234.66516373203527
123,158.7815379776618
87,78.37119976943691
39,51.710628086623416
55,39.08116426504277
69,69.68275949643923
87,103.06352832431469
163,149.07226906201413
247,270.6099415275996
347,386.5579706577409
284,339.21106198207536
249,283.0338847799287
263,269.9439136102644
243,282.1741483635992
215,296.05876069178146
256,270.92612736819086
246,302.35757855549036
303,343.36206491607896
314,398.9309007337159
343,398.5546054190481
324,402.5090409788602
288,396.46653009690897
329,361.911272992956
300,383.2813427701646
223,248.99224920768086
178,173.90247544528305
88,124.90401131541006
81,71.4496276691066
71,67.07447753528928
75,84.68131590823165
100,111.94573646853428
122,160.74050140714485
175,254.09607417796659
220,318.4493717245403
230,271.3921131498877
211,255.84435363981598
231,269.6085063581289
248,256.14059060403304
260,296.1267625369537
241,292.30406506929234
253,278.6916020209963
262,325.62387872529854
342,353.6563522367534
404,397.6037330785087
281,404.26977599656476
256,344.8269123899125
255,344.59808132391674
316,330.3081554591579
285,272.5522479241523
216,252.44315649956607
202,167.1022370348802
135,158.0082953744805
156,111.4981543286594
117,126.46350577051257
67,118.48895157009834
67,117.51241794972495
80,85.94304182312254
112,133.28084794471675
141,156.01752940415122
182,176.44420168034202
217,203.06459668789086
227,225.81315509331006
231,252.01475582917294
199,237.21286551697972
186,227.53556511587786
242,219.59892876953444
256,299.82614218956365
271,294.62026811355054
264,302.97244108491645
250,257.1945660550367
169,262.01782947425795
199,214.04209075800975
223,179.64876704784086
207,206.1775796293612
171,204.49092161141627
180,162.249875648929
130,159.962671392998
79,111.38793953370434
50,73.62191512430786
66,80.78997123001157
71,94.26466637624249
87,125.55136625908024
143,167.97993601334352
206,207.1117656439517
228,281.3622615551115
270,285.0833644809027
285,319.67048773919146
289,308.50899293242844
262,306.9874177001488
239,302.1344296927211
283,287.6347658305018
336,340.61292362096015
322,358.94351451157513
276,316.8834916061769
294,308.7298283408932
288,311.73953158430345
295,302.17201640361156
272,241.48701352028473
135,218.65933701427818
170,145.8366758965591
117,145.4056069520027
82,102.58139040636618
61,76.45197677290707
67,75.09517402691117
80,88.746062060813
99,109.93635436827194
161,161.52522927419284
233,216.14050045880583
309,277.3571281404547
329,308.240784990634
391,323.6425347287777
299,339.1220727677359
324,291.5475268931663
356,302.530146451639
382,349.4385481317957
340,367.1469186681158
389,330.83062792370254
359,334.156358123022
350,354.14188692285
353,330.81684743261513
228,264.9475319546408
242,170.3884096991423
68,141.30266515131746
65,67.23960014574251
54,55.057515835357414
82,69.81265145746472
84,92.10699047279951
123,138.62609094640078
182,215.77070741133375
336,287.7414726418662
263,300.144430891074
226,264.3662640648709
201,256.05701031463536
241,240.42418583061118
288,278.25728763458307
273,295.8084067317159
267,284.83054525151505
278,304.00095236782465
297,373.9226767298174
333,360.8488711243998
316,341.24574201502617
348,344.48086102675944
372,369.1606290556574
404,349.5970733726748
189,241.69955587754427
168,144.0834925042527
71,96.86604019522306
57,61.69265242839075
47,47.91643642771394
47,65.6883034625876
63,80.9538335333242
137,136.44618446329108
237,246.80694725509525
373,363.35104103011884
285,317.86706175150726
268,259.6387513797469
264,261.58413189466177
248,264.5591711438759
306,284.5854286867517
281,299.6360927569171
300,298.5030570782651
348,342.29572899309477
429,415.8511823335771
444,430.49969695644023
468,424.5058711532494
506,453.2007302200032
411,454.8622923516949
355,396.592560568237
256,231.45056471277996
158,172.83777429262412
76,92.83207850391753
42,47.22476974309003
35,46.69974784733337
62,65.98569338444521
76,94.03815057157159
151,150.63987990616647
266,260.4072151783667
378,390.4436454474203
311,322.5357123623668
306,288.9370158311932
271,298.7315755195229
323,277.9541583699829
299,378.11509998727837
262,293.1217619054051
303,293.4203867653928
322,345.41500471486165
453,396.3245897545857
501,441.6488155257363
400,453.7836647625932
466,434.152746560646
419,455.6743919902036
343,378.17540970196444
315,276.2503452029236
200,210.2549292305922
110,125.12082947143418
64,78.48748222710597
74,62.238495767759005
69,83.35211039289248
89,104.69884757035142
150,141.5795655646074
258,233.05860566729237
381,319.9314952742416
351,314.2388785961582
273,298.0027469445345
299,286.61933198304393
283,302.1393053380639
276,316.1501940038925
272,277.03409771924817
330,296.1685733443282
367,342.5008978924013
415,406.32229839843535
472,437.74390581986404
433,424.56718730424734
402,429.4333893691992
424,395.27286084069806
382,398.98919776099336
413,317.52046412755374
219,277.3933929974713
176,165.86203393864423
112,119.94481277963982
124,106.50451030479111
80,110.99921395640966
106,95.88859737868815
126,128.7962428081707
186,202.18340952895193
278,262.35683690006863
286,251.24309544519235
247,262.6098873399069
267,277.8063209566517
264,279.44769637147976
355,301.1095075627366
351,312.13479418808987
336,326.9693414220252
355,337.32494485969147
359,362.66423489820284
444,404.39730911534417
388,406.49225649405156
430,368.07889478870663
427,412.292053846414
433,528.0242883655216
450,394.3902052655633
434,304.1430054565166
293,257.1820342461942
252,209.58552907983236
209,172.79640416791892
142,130.56585466408427
91,79.62417758666744
100,90.83514443218475
118,108.4164104376183
143,158.67718998944272
231,203.87158598817643
236,263.92540462054313
340,274.1446199396039
344,322.6411979914361
331,348.21460498685036
296,322.4775317801873
355,308.3984424847612
318,353.62187529517433
361,350.7705802517961
358,398.4625096444596
436,368.0695587658298
339,381.3576356359614
370,356.4387321088752
435,419.8390742437262
432,399.9656388472229
361,363.29731422927284
250,230.41189700273077
229,198.9315385716435
195,181.140219885634
129,122.6904157821366
96,86.20678661952594
97,85.5624663551962
96,111.01491800727882
118,146.35802131750708
206,175.47695956701887
262,249.92283612989596
351,313.827788336771
343,349.65634407165
352,346.39899416806276
351,319.2279619724321
333,332.786285537082
328,334.0641164547406
385,346.3293590160502
351,379.32037639921987
405,352.89803262575134
376,363.27846133953864
341,367.74742026904966
338,338.10280798337305
228,267.9775968100851
183,182.53662792956777
94,111.85012838316888
57,77.99049989745039
59,58.502054680419704
66,74.27545485897281
73,92.28482693051194
155,132.2700085047806
243,224.87862558659793
348,335.4093360919358
320,290.4526553920529
272,266.857413091563
238,261.64768945173245
263,251.66921755250954
250,294.6418940172499
295,274.6728824888503
264,294.03282520201805
385,297.13654436574603
458,429.10549531284187
571,464.8047247992813
567,481.90189796057746
483,507.0251477048988
418,419.7080625157894
444,373.7120183481549
283,261.0219162858948
125,197.38755308030707
108,78.82526694650998
61,65.05147884578336
76,48.29170103922575
77,67.44215244550794
90,83.80016235147626
160,152.31537724852157
278,255.82262771570973
405,390.49950099228255
379,341.08437769431805
267,289.8835990982881
268,267.4092891112389
267,267.04943676380924
329,290.83667115655686
333,314.8863473736181
347,320.90832045365096
422,392.0876094406762
554,483.63539737821395
504,552.4796413435389
456,511.6441368770065
453,487.00596186241575
479,449.2539628709232
413,443.12186676089397
333,275.7950115956027
177,183.64427215018455
74,92.7220583198704
77,48.25892831069686
46,54.41845454645082
61,69.36795430152155
76,86.77700583096805
153,161.45422686612437
329,277.601566837558
474,400.86950689169504
375,393.6325307337798
298,300.5723909831087
374,291.19198561962025
347,347.24472629387463
382,352.5825217661785
370,344.2551788408325
407,358.7948600783075
420,416.7363590707682
538,470.24730267884377
576,519.465601822927
474,505.63362803834065
596,443.3525056497792
503,514.101533475945
447,412.8362433797981
464,330.7367532366394
234,273.1976030399999
117,122.71097053919465
65,78.49843615311251
83,66.2706560650373
99,78.90991053047676
134,105.81037721503455
193,157.55095568808062
354,285.5408760947904
504,395.80719696483686
371,386.7521764966315
297,301.5200934005903
339,307.6005016792412
336,325.4774599231244
436,343.8457227633339
386,374.8119046676039
391,372.2364862185332
447,392.38911599766175
530,467.71318172740854
526,516.8207158486107
579,451.87982019015186
490,492.843305812762
513,446.02249350736287
420,449.579679511034
494,368.11784622624083
285,314.86967838715725
150,198.25451074179298
116,114.16326244102389
86,121.71688923577057
109,98.82095461518465
109,106.99285211971032
151,133.70678687827842
215,217.36183310818996
323,291.99233749208713
279,308.80596106255234
291,268.8762629341167
318,296.5074267649087
302,311.10610648239583
376,339.37794737574785
330,355.7838819213639
318,315.84102137777376
389,338.91199068607915
360,412.80959756056035
507,399.0646937771838
439,436.1723605122745
354,417.8119570494119
483,370.5531078317623
496,469.11647267561534
421,396.77598852119235
353,342.64089756041017
245,253.71962833890416
182,205.86037208669606
156,152.16221138165167
97,119.49573832963895
87,79.10515513792444
65,99.56860684343468
114,98.6884256565089
177,155.901108949502
198,219.16223180152042
283,250.45788400510133
340,317.7213550917634
324,341.6391395966078
364,342.3865702701645
353,340.11653139859186
319,346.0077269988318
370,336.5085208237515
398,377.6233620792398
454,411.2472753491054
432,440.0047920639144
398,370.0444995307532
378,386.3225522090154
499,391.5627919667796
411,428.80207177490746
390,341.3690595300912
218,254.93768559317957
201,196.40683288511815
150,159.5800365951828
109,107.05830141095548
93,83.66798033976812
90,84.30178872836436
103,103.18350324682895
128,140.38053126472403
220,194.41649384855754
282,269.53947225135437
366,324.4956195769524
354,354.2225776800154
347,347.4490449348515
360,326.4254341531844
440,336.6343566529485
383,399.6746210367213
389,385.67730949188484
375,379.2795097208292
369,362.22725957140415
309,348.19607798190316
375,334.78399388310595
312,365.57645436653763
215,244.5320261656307
242,158.59189841478403
97,129.29234780927342
67,65.270689400532
62,58.709445372739026
73,71.40433169505165
89,88.46263785116494
140,137.6032107059625
226,207.05162408322366
334,330.6694705254752
299,299.9170106364436
260,258.20244658888134
201,250.11004152288297
239,230.65496008474213
305,269.2590540166606
283,295.7982468554338
303,280.7945220054864
287,320.6744770871747
369,373.7364972670943
379,420.8308012853189
324,375.5610727494855
342,341.96197074861755
338,366.97115471572914
367,341.67531465390266
227,236.25308067970417
124,159.15081750996845
71,84.09635682294966
66,56.64358207886626
59,58.69266753588237
58,67.13080937437883
79,79.3482930959295
143,142.18109367185164
253,244.522030306759
343,370.91622240302985
249,325.10181443368555
240,254.1381645877696
258,248.16909511894298
231,261.38151011823066
262,288.1392660755457
237,290.4900593499336
296,293.65122276197536
325,350.7302540091455
408,409.16371842700477
430,437.19379794689377
394,432.20769964148883
410,421.8437731960967
396,409.45332796507955
424,397.7001022586423
251,258.2158970772226
172,164.1256927695147
96,89.39455104565226
59,62.29805103360765
36,48.38602048281965
56,61.76860519298182
82,80.93214650088572
128,150.02005243751898
298,259.248201879661
416,392.1086867349652
274,326.8227800798187
250,270.2127584552132
251,271.7697260633317
221,272.36688863634834
321,268.2226465024395
294,303.0879373554028
310,312.29105217171036
313,346.44527239998064
463,396.39881641008935
475,479.27801325794155
393,456.67982257339594
474,420.16059676723177
428,469.73021151090876
460,421.45434518916
353,342.9234951611649
185,220.1898239046976
133,110.31239431015
88,76.63172940763015
75,70.8235468713703
78,78.81243106847579
115,103.8738943353279
164,153.787294857771
283,313.1137068489387
414,406.0459397194352
289,334.45094004932065
310,259.92880972351367
297,294.281365462004
307,282.92782235082143
319,331.0581983709628
347,311.54664218425563
339,342.14732835594185
371,360.6536916089684
427,443.6054718410407
388,462.2906425573972
444,401.7572371354111
516,441.90681836558207
483,496.9713414036019
425,458.3166937955925
344,381.90620312559554
283,245.45244583558383
175,180.74271388992278
142,121.80109669312812
132,121.66511645125568
86,110.44215444158553
109,103.52841507171522
161,148.4981047354385
204,228.88854906156368
331,319.44387811805103
281,297.00173193044355
307,272.3262063013332
328,304.4484044851365
328,324.50588154906796
440,348.8696971731825
360,373.19110203935173
371,339.804662504003
412,388.0209302240714
441,427.2664551823359
525,460.01725713817495
504,467.571725755997
480,446.493952142923
477,482.2388005422578
487,497.5156238758464
519,436.63709882422125
358,389.87153768665405
276,245.78560944469038
210,217.44289781265388
176,163.45011880680508
126,119.85260568942704
90,90.66984927702198
79,86.10757923329268
97,107.150539366415
158,173.04261417663932
236,219.92475678195245
266,271.72345453121665
342,308.70619349276296
292,343.44973741424417
335,332.4489170302218
380,334.6482108854304
340,359.1266323755663
337,365.46595414960836
387,380.2734393644962
377,411.1085240620792
388,408.3363515705077
319,370.11919432932035
366,352.4503960471874
428,422.98151386806387
549,389.9687572719011
366,407.5291869377738
240,256.72339283120925
218,191.922264774692
173,161.72985271295073
119,120.75828387181407
99,88.51650022227216
93,90.45786514238262
90,98.7237325637131
165,119.75963593018894
183,212.13858949517166
299,247.17348611809592
378,335.17024236332753
337,356.4427425126113
392,351.5663220459017
340,363.0243360093697
343,335.75632789519756
321,347.723680321053
402,353.2478176451207
418,391.7693677036669
351,379.7522293715023
307,333.0793198512462
371,333.5731504952868
305,354.65017095486314
260,223.43788568862132
214,207.33390642725212
106,112.04405453754858
69,65.89561732856453
66,59.67468688799072
71,78.72237853851482
102,87.52884966130661
135,145.9525062112425
239,214.07210582217698
341,333.4957355369086
320,287.52724759811093
289,272.24912524003423
283,270.6056236660777
269,273.56178375482386
317,284.77807321977764
341,300.2741414981543
274,328.2500061926018
365,303.16586930823314
336,415.1800599961172
469,357.3108169343648
377,446.4157598199321
444,377.93216289571865
454,405.6771213140903
439,367.46353140208464
251,252.80995735345374
168,157.89579130435942
82,93.26250658815
73,57.15708416715057
53,63.0737854532995
56,64.60232662193704
90,77.87577600517666
170,147.39096115598542
262,263.8386272405659
406,380.983119682385
453,325.0044873893381
332,329.35853609501453
333,311.68739512705224
298,309.8905158103498
380,323.7242459676574
366,351.8136719352234
363,334.9720857361611
416,388.1145177672104
511,452.7620237029602
570,499.5448354824086
501,482.30871197917514
485,484.04732835971646
424,476.56673013587084
417,417.1158425188296
252,271.7877014859685
149,176.56249023632992
72,85.21397483349917
42,58.50922673407819
39,39.717452821295275
60,60.19273980832739
84,79.72913242225532
168,146.74642572041913
290,291.7083967490585
464,415.27243708209977
363,384.7919241836258
305,314.7066509694085
298,305.9238604931354
319,307.22945489650476
377,344.11209538802905
347,352.2209443812844
301,350.2012119253648
428,346.7521871165202
495,498.8656057906655
516,505.5630937600454
495,472.292748098143
505,507.3120343094868
478,478.7988213720593
446,436.25570673862165
364,336.2819910112645
241,224.92572353711887
114,134.58462753936647
106,71.0721255828195
68,76.56021334918036
76,81.92296085919166
111,109.83217532939891
181,170.1633040590196
281,302.0585376476389
410,427.6460759605174
415,343.1692492321787
333,317.0875614282978
315,319.2375536838324
342,325.6573443402563
403,353.4503129976637
394,374.35991864413995
395,362.0909871230037
398,405.48376387640417
423,458.9202536226532
470,451.10544664641725
477,477.30082756609414
439,483.2218443671399
435,462.0685085174407
484,433.741078442634
360,399.3098278761932
108,101.34803769816942
65,61.45565692892906
60,44.820426061864076
49,44.54240436304247
63,64.32024438043409
101,96.00021271590401
135,167.7758158208987
213,235.80709811057366
269,287.5597216179989
236,242.89049229920704
173,195.71727619174825
179,183.49881184356457
165,183.64478856502205
179,177.68112536529605
182,196.3575114303407
195,189.46128938087688
166,204.42749553082055
210,203.31426163597664
223,209.6233792678422
245,191.32150431553725
199,198.82497216698457
196,191.45318788840635
172,180.18304392316938
153,154.55985797643305
129,101.65952744180478
72,71.69175602851858
49,47.95066995560303
55,43.71626716266045
73,61.20727559273436
83,97.4087776329079
142,154.13331900440963
244,231.36231862227572
278,277.52297343913847
216,248.72798402776817
191,197.4647728259448
167,190.46511864575888
168,182.72586769852072
197,189.09224621553759
195,210.6525174057627
202,197.72651307853678
202,205.01490429315902
229,228.8829349633752
244,233.31801195340014
224,222.79298002251878
194,208.47097450260938
169,203.56355530515597
194,185.75026205089867
163,168.0083377403502
141,131.74267660183264
92,83.02676882981332
63,58.804840057183256
59,57.85335801313931
71,75.85265595571312
102,90.22836759564005
172,153.66162112700687
247,244.98910083444036
319,282.0013378077395
232,256.2299633712382
230,203.7465853821624
211,194.61305601600475
206,190.71284620567928
216,211.87554153868706
268,214.70749427675577
261,238.42153076064878
246,241.49932536440508
280,252.95623298285687
293,278.0661351644014
239,247.97363538676532
232,217.86793863339733
215,201.09227320424557
262,203.6240795293475
247,198.10395880441598
182,187.77944659675654
142,129.20112827288057
105,98.33993249414173
71,77.24974259627226
88,85.1266388691271
96,90.60082474337332
127,128.51527376101922
118,159.05447604337476
122,155.12457839700522
173,145.69706943888505
174,195.24986015574757
172,196.0172555578377
202,197.08315796919973
166,221.40688814297422
225,206.418371464972
209,242.29405097312753
255,235.44211305047912
212,260.9384893427405
225,237.33660545324796
238,239.1590410249254
246,236.84724701099083
281,242.72425630026382
305,285.2180657899525
347,271.0336416148468
321,243.25934222703154
225,201.81775359157226
185,135.04676681829605
121,124.53244844583269
130,103.37219235174119
114,116.70691448420274
115,133.1259969618774
115,144.6757838973657
127,154.16603694832324
157,185.5113550730792
158,208.69919890266962
160,199.942730601204
204,203.70889787022438
235,224.6151052596052
249,253.74243221123555
207,250.98933834778185
262,240.64502262939683
259,267.4941027356626
244,271.37693986435806
237,254.30672183765495
256,243.0751699938508
279,267.22430935544054
291,287.23165033516597
275,283.7464695222406
217,236.8559051336641
168,180.11395513903486
108,138.58913132078513
98,104.1705790079529
108,102.38076414308021
85,101.61887792750699
100,110.31667732526743
99,118.78814274312549
124,135.81846697923982
144,168.04974022660224
171,178.26640171471098
186,190.17832160669812
238,205.2753139601549
192,226.44402189368066
234,211.66629026408725
244,223.59718026120095
226,233.96476719023346
259,227.91298876659934
266,248.83071911935613
235,240.1370722941268
240,229.43713195098476
221,237.70906320580798
237,227.3790039532671
173,204.79013107868803
114,124.91168451243371
83,86.84769599298473
55,55.3240807221486
42,58.601310100662545
68,67.8735315660245
97,102.11063277455835
142,167.79036916484668
234,239.77672183749752
297,272.93927372116156
247,236.49785054153435
187,190.54302119966886
164,177.592886982236
160,174.93342156749318
172,180.00289841644363
173,187.83580904040127
177,186.19066947862237
218,185.21797358701141
206,214.47462851925636
193,210.24086359206817
190,173.1231421811346
152,173.71632658556476
152,167.73001963031172
166,156.98192610305688
120,146.67978506119215
90,89.80022957935576
72,60.378942389921214
44,43.64106850201139
35,41.08060360250059
59,65.83698107214781
90,98.72284217948555
143,154.59205221036683
215,238.21170777001976
293,280.82751314929504
249,248.08148587135864
175,197.28437577193273
161,179.8505710449777
182,171.18210551041628
157,185.39171620063848
189,186.84252999085575
202,190.592665984068
188,205.37824096260377
211,212.7353364174065
232,213.28302470445735
209,209.02554833734274
194,185.8699945268774
154,185.4969425986077
171,172.63087915621736
150,147.70192959912492
96,105.04165098856889
69,65.98374403390801
33,45.72649999405621
39,42.60690765532247
56,65.38954474125907
96,88.52782756801177
151,157.8651750039815
245,232.9264815177382
265,287.773164201106
265,251.97892706834585
191,206.2881778023043
183,180.13464942925324
183,185.26754038941988
202,187.86736407321357
190,210.4113783095944
220,202.02673221610513
199,219.76562297554952
205,227.85155108785042
210,229.67597607936233
196,208.02419571354338
198,192.00229862772932
215,185.90879321672904
199,204.2125788503905
192,168.54367901873528
169,137.3714325680766
68,95.34998273785128
53,54.78396876654454
41,55.947003213169495
69,69.61117904866917
105,95.02253726541419
151,156.11549472103889
265,234.33492474511638
312,290.4890259446871
316,256.18264598468085
216,227.38077245127513
187,198.8297843415742
191,196.95627736270538
200,206.265165435738
197,214.58164097254263
204,220.0667731284478
198,220.59798993431647
216,235.64940411817352
233,248.7640126038222
210,223.39204402972237
190,213.55078826631052
211,198.75095843151914
209,215.63043553222226
203,190.7573733231264
150,158.63788775487072
109,103.67575844215499
61,78.89060635704926
49,59.74809543542673
87,80.77738939590277
89,103.57274524237464
163,142.6498487467369
250,218.80309723310285
300,301.7039723913773
263,262.8363164255783
206,216.5960081966545
195,197.83457261774484
211,202.7992181238312
220,202.80577893477135
222,224.10797049447552
234,219.48943732380963
259,238.84995530313364
283,249.81539094336526
292,279.8762118283976
263,258.62515830136226
298,242.15161503706798
252,279.0960550421486
262,263.266089972129
246,252.35712796838436
232,191.6652999356511
170,174.02294023649077
128,110.5400654702714
90,109.00375870806366
94,99.29335634988612
104,108.91578028766261
120,129.83488347974304
122,153.4021590484506
187,163.45327167029615
178,207.41118018950593
191,199.8456132891782
237,196.9638886871307
238,237.74024279350797
250,243.66230226134195
274,251.5359041612583
280,266.67783588817065
265,276.2286591463138
264,275.69149247229893
292,278.6687421293581
271,272.0025055459092
257,263.364339314992
292,266.2981630607931
303,290.2271916283445
285,280.3237935571598
255,247.3633728227191
230,199.02496617656635
141,149.5196423899042
104,110.70830572369519
92,102.53984365003262
91,98.90847819407455
113,109.0299158689289
105,120.01419473469443
147,143.55133713017096
170,181.44746318295014
195,192.6556882004372
221,202.31435352276168
228,229.3418596647446
194,217.48959777736022
218,214.2530868570124
221,222.24064434712744
241,219.24973036498275
230,238.2101706239168
225,237.09320790604082
230,218.4353481263815
235,224.81504647879453
205,223.21173897362172
236,214.67240973318926
217,195.90341492501554
141,148.72056506031288
95,87.28518450335973
61,60.75109544848839
60,53.8271096244658
57,73.48888584048737
100,95.45589163739231
151,157.92050426347907
237,226.13042491695697
253,276.0162436672888
221,225.78372193631333
170,186.04049488520442
154,173.61935327101497
158,170.0374747323251
180,174.15279433698552
172,186.457574898774
169,186.18517753018344
222,193.2186260117513
273,216.70104203462583
275,239.41631879014466
261,213.89742608351685
327,200.27944916061446
275,249.08021532734452
216,217.29304612322107
132,152.34188296011826
84,94.3611444592574
91,61.284524365072826
39,56.51277560707825
30,40.550135073103014
60,60.3703576097043
87,98.02515370261686
144,143.5713437024752
226,229.15778367283042
262,273.8151230691013
246,234.6209897825415
167,192.0666193991516
143,169.86583241001046
161,166.55436384717248
178,175.88863641905306
171,194.25847570631058
219,182.6385740433866
222,211.29707073427082
201,232.12060032959602
210,225.809902248198
212,212.66381851865137
217,206.32228952428517
174,201.04654568301413
169,180.8463637215985
168,152.21884035712753
123,104.66572650239671
73,77.28396502093308
53,41.794904791539864
41,45.28060649861588
61,60.39021800567632
85,89.9088436354014
162,150.019553067852
258,234.86791650076623
239,271.3298961934509
281,236.688683205498
195,210.3250941153051
178,179.43926675422736
188,179.35187385435614
208,196.9197590146715
230,204.093984393785
234,219.14576347870826
215,223.82711222780557
226,224.91253607118048
231,227.66771112549742
215,208.8351682388508
189,198.36166769109332
203,188.7541058503182
190,195.12154624437923
174,170.62807125580028
125,131.5272034812435
66,78.58961784520656
56,53.48624412236628
50,51.175653962759256
75,72.40397426045861
115,98.33701668690996
154,163.72554050097978
251,245.34820076844798
301,285.6513340921932
268,269.48315572683225
192,215.02342393942536
194,186.73640679071818
179,195.01696267412814
224,200.69499439702548
234,228.44165941159744
226,228.01053427562124
256,224.02366836742857
209,255.20838097544117
267,242.19193119771927
215,228.4300254366703
198,202.1354633602436
208,203.6396616116522
223,209.58322573690782
177,193.52273384764587
170,141.71650935165786
108,114.41931881260349
56,72.35462440019099
49,55.743295345550045
67,79.42720205126733
109,95.30330990675024
165,145.8341561905661
243,209.74962704094918
299,284.0999689321392
255,260.68340577361676
204,219.20465390665868
197,195.11980136689448
216,198.47534171894844
208,211.9140177162373
237,224.14020746245754
237,229.3344451339724
277,254.9715317013756
263,275.8731260455843
293,282.1580068942829
286,261.1030222489965
235,259.9955642772074
268,242.2469232769266
286,267.93209525084757
296,272.04583089355503
212,240.00784702601757
194,170.8923916568476
140,124.80053007908218
96,106.81835884689328
93,98.25921695424418
112,110.38237758810605
135,131.63174230503594
172,148.58491740965695
166,183.54521790842136
223,194.3382128056484
215,217.60467010025639
222,218.57755452489388
231,230.23445122176483
257,236.0517627992389
275,264.12202432694573
280,265.3157251413286
305,279.52524234349556
313,293.7947110138211
307,313.55402277671266
286,285.0673439308332
271,265.66806932551344
269,282.1596006749299
326,287.08395031660626
311,300.37482138877897
267,250.1490567338266
203,211.09125302666425
133,137.53031825101692
112,104.22256600047534
97,101.80469248497576
123,100.95025154256865
126,117.96158803977427
120,122.68748468262366
146,141.02735431493335
181,180.68647776804153
194,196.0113382832259
246,203.65607350688686
231,238.15952903425892
223,222.4444637371054
236,230.5943310347052
276,233.0511036215419
248,256.0822831946599
264,243.4954196032112
275,257.1335190919531
235,245.65668628950849
216,223.44814350800493
239,215.07698529417954
241,237.99870764587087
219,209.02684749570534
145,146.6835758138641
76,94.5971044622885
51,59.077961188813056
51,56.307807580154844
72,65.39706890597914
89,104.26843423723659
161,155.93508821336783
227,230.65346586118648
311,269.035492651212
226,241.17868910778907
178,185.06988799297056
166,168.56733148534272
186,170.32216539478264
162,189.9475825064595
186,176.131583577765
199,185.25880310531673
183,217.26006908547814
214,199.31299081838853
181,220.7769885626317
180,182.88650658877907
190,167.97861097960387
161,191.0640421758111
173,166.7800472385284
169,139.12462993309046
152,101.34431587902147
84,84.70105391836476
44,50.142611504433084
47,39.41814912552244
59,63.66640035453723
84,92.83041691674758
154,148.35948034397995
219,222.5591804718093
276,280.1340003945402
234,239.2779268502774
174,186.59910676229563
158,163.20152278113179
165,171.24573065463426
177,172.80226994091927
172,186.77121154244847
181,193.0874091734142
205,191.279541269586
188,220.01999923361362
194,207.9132941069999
200,197.64175592087744
186,200.058245829926
212,175.92174895368532
190,185.50581514940606
213,162.21479625010912
163,133.04463987903205
87,89.12832239595592
48,50.194529531416165
52,45.481145077661374
60,64.27652517706717
101,88.78514372565438
153,154.08194737476387
266,235.50966579244192
275,275.04439111321375
216,250.18980530080418
193,189.45379941781977
182,177.2740102242962
194,179.16547095600242
192,199.91430687630594
197,205.5881343731274
204,205.38334674558024
189,215.60123927671467
194,212.89633287216498
213,214.12542959013257
163,206.89353972802797
183,181.22068749140527
200,195.3681505869586
190,197.0263419800682
200,177.00894025463697
149,142.27375071760235
79,83.44901157462105
76,54.66858922854637
53,55.373433369276164
57,72.12018344641554
114,104.79694112341899
156,161.4913454542391
228,254.64018415122607
327,292.2861366257302
249,250.53295895747422
197,210.7799467730388
161,191.6038914652902
172,182.11810149422968
193,202.13851281894262
210,212.62119452698667
175,219.00980354274813
209,210.96265735827365
250,224.60619832355863
225,257.4730580883402
228,207.39229864492842
177,205.9549628010288
216,199.3539792112859
239,222.14183798377223
204,207.78785645680748
192,161.40924526332392
97,123.18053440770308
66,71.88326883201063
74,57.933170725707
68,78.2172996228526
103,100.5133866126195
153,152.8944832178438
231,224.95779087517758
309,320.1570517905502
245,261.2319684527016
211,212.6915149886397
199,191.205210096173
239,203.73105672944254
213,224.94533348761948
239,226.43122844082157
274,229.01086729775855
246,272.5107634343262
273,265.560187412072
287,277.3090180295699
278,269.3434827041819
241,249.63198891217587
264,248.81040958347995
267,284.10647751364775
272,267.88860695548897
235,230.7500089381417
153,191.60186508513877
122,119.33896006841375
99,100.48909661798562
72,94.38461658047632
115,99.09852139713647
128,130.35211108377976
130,150.62197549137466
156,172.27105702786662
196,196.86237850522042
198,209.02979606008944
209,213.23655422466805
259,226.8592703966205
252,255.11646683599167
264,261.049227203212
286,273.9142387164201
290,284.19473526921604
278,294.3935722965284
303,291.49228428755225
318,284.802095828227
299,280.4896292533013
282,288.9870342523275
309,295.4140651883396
291,293.422382370951
238,245.19480567897938
197,185.24898658118062
144,132.25906769153096
103,106.52328159812053
95,90.73097300720575
87,98.68472067454866
111,111.73679335182486
100,118.37423390206278
137,139.11001102248977
146,175.96739921438981
184,187.19851947767197
192,206.6455580534146
227,217.87516619673087
194,222.96166158934682
227,215.5222530732248
224,234.71525601370746
238,230.11959701148777
234,244.29425592523654
239,245.72105872165486
217,226.34367564864814
191,216.86576569360682
233,205.97099046088877
233,232.88856978111326
211,205.38749321971198
138,143.5433311800396
92,82.40877355380493
52,57.38471541036128
45,49.80680897214955
64,67.15875461055617
81,94.37830372524151
158,149.98440835149663
226,231.10049228803103
277,277.55704230774444
257,230.20253473741292
198,196.799017161535
174,177.3163308884505
184,172.07641425001444
187,182.58675654879184
206,192.1266341586229
188,197.47398334192795
227,198.88332435114455
213,230.51698887595083
185,211.53348436018072
212,183.32152573971172
170,199.32807010346698
179,165.7179824748654
177,174.43320383307898
154,145.2244201392189
127,103.8620883716018
53,81.01728768019696
42,41.44323149685868
39,35.25197510897304
65,59.7742030718401
91,88.27144346988256
152,154.87755579269856
213,226.83183976721833
274,272.66643058098913
252,247.26768686877668
193,194.70676634427025
169,169.61647190225165
194,172.6576689502382
189,188.37206278255795
234,190.93807425719186
192,207.5097751290853
235,211.65303457752145
245,224.47442900205218
216,222.4312169893256
205,205.25990667954179
147,192.8514063536964
191,170.2087946193632
173,183.41544194416187
148,157.76568074700265
146,112.54799233493141
72,79.83055418835079
42,42.43043758737602
58,43.46615464501681
58,62.94802142156816
87,94.3712657343755
169,152.95164586919745
229,246.12589360693937
253,265.483069803356
248,244.25815746279162
200,203.188733634392
184,181.72614251968145
191,192.7954130395222
191,198.49669054383116
210,212.49485931640635
206,212.2800403681561
235,215.79015890192545
243,237.11347999779164
256,235.60000210763317
299,210.85228095609193
178,222.86203428395402
210,198.24030342056994
205,193.41694912548073
194,178.8995032942091
145,142.84576630764442
102,79.44597348686575
58,61.22935000560329
59,52.441809017107715
79,68.25015524993344
109,110.50854651950227
155,160.47821528186844
254,239.26854312007916
318,287.66373597170826
262,263.8308590245927
220,207.2826015150063
215,191.04141282548926
191,199.6315735340511
218,199.39863304034162
322,220.8288431905993
229,252.73295859907418
211,230.24136274779013
202,227.22511318061558
204,238.12313405529534
198,216.3233528822094
167,186.22584015612355
206,197.65626101668255
191,216.5364276604681
171,185.2367654064382
148,150.1387850398125
101,95.92717556660972
57,72.35959982972267
89,71.02162410591036
121,121.45758502354285
157,193.97604768913345
281,290.2925837243353
363,428.5085068348376
466,437.80055241049047
369,374.06618397959613
293,310.14211467590974
282,288.50661424537896
301,305.17505158379043
321,331.24242029507093
374,363.5377236974949
406,393.28279067234183
367,417.38954643524005
515,380.3525007272596
498,412.61311177499266
370,372.50609378067696
278,311.13193497833777
290,275.1868024873529
284,283.9205518915375
218,222.94482102437533
174,155.8906322074095
96,114.61695920049779
76,74.42503140209597
89,85.6399988647907
113,119.1231778982396
176,183.18132101555028
302,311.54459446294015
422,420.40216904980696
549,498.1553315838789
440,403.19095224586044
316,330.6216457308293
285,307.23823594184864
335,307.11783293639513
321,358.6719764937971
338,384.6328918406078
384,393.79713098967966
414,419.31405993701975
435,458.0974436634075
396,416.2157182619244
352,365.97351799510807
305,316.10109736669716
300,310.6662583108368
328,310.83300123775246
258,267.33926854908475
184,185.56312503295544
131,130.32779413318391
93,98.38385191266248
101,96.62481047675627
145,129.12134353297864
213,181.5025157948365
316,317.2868755858006
453,406.24498835521604
534,478.49004876953126
429,434.3584436280911
371,343.4331339819699
362,350.80433931803975
407,367.66250473336754
412,389.52791624366876
476,425.42684724239393
479,461.61337485292245
483,492.1366980058437
489,481.14975108132415
526,430.90574079683
483,454.90737286337327
383,383.96601180694313
351,358.76052465717567
360,334.6353217069315
312,292.39590497532447
220,257.50179654734796
177,164.36603372764216
137,133.93962945558303
104,123.24795581329222
120,124.28223154465054
149,171.41083093516053
194,208.44443826234127
204,278.04589684600325
226,287.0079367878411
276,245.99337536246605
242,310.78839166335825
299,271.3342242945413
362,320.97465883748094
373,391.7992832012179
405,414.7192374924248
489,407.6279235246006
513,456.9002572581803
552,462.5168274820778
508,513.684964292955
453,482.72910183780016
448,420.06579197258264
437,404.7016313985782
460,439.3041890753103
448,395.22506918675356
428,308.41830495574294
368,258.06097386321056
248,197.9799529848984
191,160.62444966403143
156,152.1540085219392
173,168.5124361589729
173,198.47887788928594
240,229.26688819072572
254,287.4719850565304
264,294.81802029174287
252,308.0843156690844
339,301.48155837590434
319,377.8915884895154
367,366.1297579367625
396,408.3976718139278
416,426.26351093804834
428,442.5042188290041
437,464.40728452770435
435,433.41639663703944
397,433.3654919429191
368,397.1223845706819
414,401.9383226786516
440,443.0482941610111
419,414.7334010177771
308,363.5399877063419
253,258.6280659478613
190,191.6647919295116
170,156.4361204995888
144,145.55235995790815
152,167.55528996072132
173,170.12703124508477
207,209.71001435245654
217,222.92490052068936
263,275.1735430500614
287,295.54926385806897
335,319.29372646716297
311,335.9061753708321
326,325.88855640964863
335,348.2598247219633
352,337.5835656441481
335,366.42655845247754
304,346.3182504566085
332,316.3409404651568
278,324.4039041187879
315,291.8676657850692
333,323.61072313854737
374,321.9529815831321
278,320.6938396409098
203,198.7102882976884
136,137.9456898442428
89,94.2089353099007
85,88.33593086173595
115,120.46904917588797
165,179.83864064363573
289,278.26960494930785
446,425.5666513409087
411,469.06166763417707
376,352.5286371724637
285,312.66649176557814
310,290.49157585805204
310,316.8092042464954
303,329.0856051202385
339,348.5695994943923
339,360.05718745743
354,375.43642280054013
346,374.48372851290816
322,328.1503359361142
312,278.8283035398555
235,286.9465149527508
237,233.1757012117316
247,246.0948020217951
235,195.51193817195698
147,166.990887482598
90,100.26130298248393
74,68.2678183793461
70,78.19531134934533
97,119.45922272485677
159,176.03134061822527
262,296.8945347421633
433,421.30311512504807
458,465.0365132327651
370,377.3771341313752
278,298.73232111788104
273,291.47406022932176
290,298.55570351890077
325,316.2022725452705
332,379.9091253431901
376,372.59502516079215
366,387.95060257244756
400,404.5521979738853
355,369.96965787137793
383,329.042515486742
336,306.91743108609876
250,300.99556370624015
238,262.5640648729215
216,219.34595973163007
143,157.45429026805638
108,104.13559274900574
78,78.3039030401386
85,87.04857504542339
101,111.36282455117127
174,184.07106635162236
291,299.9020791479093
434,435.1105349965967
485,496.71475639747115
376,401.1890436013404
287,312.92915470321924
277,289.9502292015299
311,308.48597756192606
312,352.46984694006096
352,368.2176857116471
362,387.1793598395589
394,410.9402469416032
404,418.2013552317755
333,385.7419075903272
281,345.7048883601948
283,291.12767986186765
304,294.4341256508163
295,304.9567761908192
284,245.72437768310155
196,195.66539129965088
118,128.21664008880788
76,91.75765466860561
87,92.97487492227863
108,130.2146117956796
186,179.93377959310004
282,305.66118482162216
453,429.12112365127416
472,487.6040460092272
384,391.73578168086306
303,331.46167978721485
312,315.003393309963
330,339.6587367881194
356,366.42019468357825
363,406.0410844440294
390,389.2783321153816
422,428.86509403672267
460,434.1504473136718
384,415.32812418261784
298,371.43170314060285
294,317.0539862961299
316,323.9939743371425
311,322.28695470114775
292,280.3902512312486
192,209.01879644711445
121,135.84268915539974
94,96.22098136538071
87,96.93466162969247
115,118.21620907906895
176,168.5369603259609
320,292.99688701799204
460,439.6571457394787
512,448.7128679035398
399,390.00045350314645
333,323.9846315545966
324,333.85310330998533
379,345.1155401011241
378,386.1402849128534
392,418.2176063136442
447,419.90755367037775
495,464.1660547269358
472,495.48636759371493
445,457.4436523606797
432,424.4610910477207
416,403.3789693398095
378,399.6249471721356
363,409.7400447909249
355,366.6995230551679
283,305.33126834233525
190,199.31124499346424
155,146.24685744993505
147,134.91115802519437
142,146.08970107921536
173,168.4384079444648
211,199.43528995872975
219,251.22269582770917
281,282.46708825601297
296,305.6692117449532
322,307.03007733098815
362,344.58792162606056
398,373.15398538977934
411,398.8352028087943
449,431.46183904897134
448,444.296566467728
435,461.07226842052995
459,449.3492688044961
473,448.17804526921435
423,438.10147118424345
416,400.07029245800334
449,412.2920695838618
432,436.4405242213082
452,399.5722779990034
314,346.5925429317201
301,245.24670469162461
241,203.65673437822713
174,172.3239397701604
158,149.215001556713
185,162.705478855664
179,187.83691699311044
202,203.0411670935668
228,225.58241364643587
305,285.30990099457665
309,325.1321392283973
358,326.2104812106147
354,353.51468755423036
357,348.91413031121994
383,360.3073314710863
350,372.4291421802349
351,347.0561720185802
367,346.61614849065785
339,349.79013735244905
311,314.7932472896431
330,317.2453135813435
320,337.4064065641204
319,317.88570914682066
278,274.1214787066944
211,196.46175399647328
124,141.35487588526573
96,90.0262972413932
104,90.55184182325326
101,124.0829242542794
182,171.78293715711013
288,285.49779085575756
430,410.4157618874908
469,436.187992897628
375,376.6516668593643
278,308.21659927576843
275,286.34508360104644
313,297.42415379356277
331,325.20097363568294
318,360.0801891560067
317,344.90490574022
354,365.08567101369806
411,374.91421486004526
360,367.78462219285024
452,299.0134423614216
329,347.9173640221988
283,292.51596430535847
269,265.34699440287636
228,218.0571504359928
132,163.42857088232316
92,97.1279444650198
58,68.83294688182767
63,78.949622724051
94,113.45471242210816
171,170.66584913401132
285,283.92537867855407
440,433.0304537800045
492,478.118001885622
368,380.5759102420884
275,289.8958620657282
290,276.4474742420837
321,309.01363403441616
305,339.4352183764403
309,351.0647822131391
352,362.2539011464234
382,377.1525275501262
410,425.197396949441
361,373.024187543242
295,360.4824572796676
286,299.32283980587147
284,287.1565701162602
280,281.71463555057846
253,231.2765464753203
171,168.72552454404166
111,112.37978237328863
102,78.61263756111018
95,91.7801751751069
97,108.74856760603315
201,178.61381373910226
258,311.51504310745344
455,423.358178138611
496,495.4455973860821
374,386.7669815821199
306,298.62504710211624
314,301.55154402398654
313,326.300996347042
346,335.1493580954238
342,363.4470197295621
352,370.5720757328102
417,393.42652699505624
394,435.14265976856086
378,380.9064140312979
346,333.76400618077685
308,298.16585202372937
291,305.8154047293917
279,301.44372542391284
253,250.07100290901147
184,180.59058416759774
105,121.21957979117056
92,83.75689464801026
108,99.1396452536832
110,127.677449436742
178,195.25777475641846
297,293.13309765604265
422,435.3341929262169
508,492.4147204997975
422,398.1412480326038
342,333.74524332357356
337,335.54714730789385
340,351.9679569792114
395,369.0834897978524
405,412.83503285208735
358,409.54502885181336
442,411.25382564744774
449,458.0581276018029
377,428.08529481648105
357,361.5023061931021
318,332.68303481147836
328,322.73313459190086
339,325.1639040956151
264,287.2809917363808
181,203.7059197598007
117,129.92203785251525
84,96.68620884501705
122,93.52718424213477
138,123.93636787866559
188,171.03647667612296
313,290.54425179884515
461,402.36281517800506
519,450.4732593168255
385,406.61155543459216
338,338.69202686734064
332,338.6390682810022
349,356.51976351583926
406,379.48519206948606
448,425.4513691088065
489,438.7716930709053
522,507.9928075808627
514,509.7930261091651
450,473.00955252457004
401,430.78369733972454
476,390.2656217153788
467,424.3503530815
438,437.05865853387513
365,382.0286810329996
287,291.6605696526564
206,217.58042672060816
155,160.57448662545676
167,146.08907116100633
137,147.68102918513935
165,170.9462381390135
210,198.49020587114464
244,241.53898767070856
300,290.5349830622547
321,312.6564723526095
359,322.7621649675638
374,363.46654159794036
392,383.6964238501998
426,408.3239699509357
419,451.937145803333
489,435.02402553580845
516,487.26378204950953
500,498.7527081697641
460,477.19065129945284
500,442.61769164262
444,445.90403805141614
456,440.28444483883675
478,462.36920794701956
444,442.02855266117854
336,341.5002236784187
244,275.3935918069994
200,182.16027054561698
150,170.1390446656004
122,146.7018755116304
174,160.91436496889872
203,186.67054309953332
203,220.8805357120772
230,230.81917963526084
319,283.5509866571819
331,338.94775023996556
365,351.6122328012187
390,366.0812688330461
348,377.2958032835051
354,361.75027870055084
418,353.8741768139864
407,404.157852044598
371,388.9414088225746
381,352.73029814481777
320,338.10390250738726
306,317.45555095715355
333,321.27438002511576
307,330.4083834310742
314,278.7112078205031
207,222.1413336186908
106,134.8751800738439
97,84.93176165078403
92,96.77658918492399
115,113.32856608357092
193,179.6648903618092
298,288.98201478155437
416,423.88118209968724
465,434.6797724860255
386,368.47003256229857
304,303.68068967779993
292,297.7250362245716
275,301.6551545349207
300,298.1673930808925
322,331.1375681073898
350,340.41458817092297
349,367.11670269698584
389,379.96250720049073
328,361.5597923458691
278,305.9377915789049
269,262.0654210145796
267,255.60090699449037
268,256.854758854403
221,215.18844722554155
146,152.58007027568345
89,97.85526520569688
65,63.64351828845268
74,73.19521252693852
115,104.41944609629894
168,168.57645774530445
267,294.3886662203336
389,406.2450944264107
490,459.4587129405459
354,375.92478589970017
284,286.7906554398198
312,281.87693648273654
271,308.53254878804074
314,296.58044524559085
308,342.1787901213996
350,352.39226925054874
371,363.2744528081319
365,418.6975188398931
295,359.2248558022139
264,304.89924490394657
263,282.10451160323623
251,276.37095042907436
272,263.4178580552835
221,228.57008142401065
157,157.31314550078017
112,110.18134038808604
84,82.67825356363852
75,87.06671011642396
97,105.89077065701034
184,177.2299495426784
285,283.88970352777795
466,405.54489469113093
495,505.14423724416383
388,384.83687616017295
288,300.25684950835046
280,290.4621074494551
282,299.4063678779354
292,315.20023155230575
338,334.65313332098594
359,354.6632905578333
392,392.77801232685465
388,409.0326050452187
331,357.05175064481926
307,305.246028186318
280,286.69394377306065
274,289.4946324086906
301,288.64166400777077
217,253.5581425686069
191,169.52252071585852
105,119.90658426677975
92,84.0836097923218
85,94.52921489336971
127,118.47194069261552
213,186.1316521030784
292,305.3114018841266
443,438.96343597084467
530,493.47400293750474
426,408.762856401805
297,330.36753215735934
322,309.3874131525545
313,333.32504738226027
367,351.74291612726654
378,391.664494625343
377,386.1547319673537
437,413.3858515050003
421,437.63164762169816
340,395.78669767403824
317,333.50852810996497
319,307.5343231711877
302,317.33208844634703
354,315.605784154674
290,287.5576290366775
198,211.82160973366305
127,135.29737547752353
111,99.05297835558531
100,106.15517619660893
113,130.12728349927443
204,187.66695330707125
323,303.67444774430794
573,472.0645254522689
541,532.0068127311549
397,415.8043811349855
357,320.1333272428113
350,346.52750298528593
378,351.4461301147608
379,394.7101198020513
435,410.37407351028367
502,446.0994211313104
553,512.7584817293409
482,546.3794411520714
443,456.0194395995636
424,420.05314040312
388,416.4332851469458
449,389.4448203170384
405,430.799006473927
402,360.2950160240568
268,322.81299081930246
191,207.2457100192712
162,158.57710730102212
123,150.58526253640935
142,134.11556198596432
167,173.2885825230894
216,205.19254614894464
214,259.75315760974604
269,288.59030021485495
351,303.23074402968433
329,355.53224194090205
376,359.10970037928786
396,395.234974093787
373,409.7088016725631
449,417.84517872547445
465,457.9944073342285
427,484.106945786716
425,449.52975778321587
431,431.41070827546747
455,430.2864028032991
426,423.83500513971944
425,434.94736835275813
428,443.58795529605834
450,430.5787910244507
360,321.68423041070815
307,264.04227941740197
256,202.18894516732425
209,172.0241522588006
144,150.86337850194525
172,160.18964126162072
194,189.40290355143105
211,210.35114016478406
223,229.25786940276285
292,286.4819694055753
299,317.0626860732609
319,331.3324646498571
316,342.1689005568473
350,324.14577765078707
361,355.0129377338995
330,358.2887259874828
306,331.4519451245154
332,308.99024310180715
319,328.16133394876215
305,306.9511878734625
294,300.70334841201253
288,306.451458899112
303,300.610686110719
296,274.7102979592879
190,198.13613013482626
123,127.26956931246761
71,93.12675309712482
81,85.05738814823142
111,113.1550756681768
174,176.778080089448
269,288.15527934215936
425,406.4774475383367
438,464.14522090831156
358,351.53461428453676
299,291.30204935772326
262,287.2270785940557
315,273.35360023608064
333,317.0817354876372
355,353.77817722025935
359,354.47218872120607
351,358.75825925673917
354,378.9081632348196
321,332.53445674358187
265,312.53553502751237
220,257.77092212061086
262,235.49523578884396
273,255.96829947688707
237,219.40403867218805
163,159.21287596867444
88,100.94176500534545
68,65.18546202132231
96,69.9976682422706
106,105.37772141200658
173,166.8472117904183
282,276.87740660015584
435,423.6899913765998
489,475.14260542851576
405,368.24022132661844
331,307.02894955009674
309,309.6351197485322
302,311.7759796464051
324,320.4444999514165
354,341.8404683378354
364,361.88264943056123
407,372.7454301363913
399,397.00796386061614
331,347.91597991772227
292,294.5019223321995
283,269.51722175517796
268,272.7679587794427
265,269.36534613855486
268,233.03761573030664
182,181.1571793445212
96,115.40499155107518
64,78.22811104072059
94,81.84878050754855
122,106.22598377227622
184,183.08935481432667
300,291.7808879865893
447,433.45978212418777
497,495.87047569380417
418,383.1830784892262
310,320.29401311455354
281,309.7307681506563
300,296.8661413682909
325,313.903961675314
335,358.45807419932413
402,359.05256898096656
436,413.05219866970674
437,429.5496860955614
422,375.27247396403476
343,344.41827491538464
303,299.1098948886653
327,293.64303303991926
313,302.7198673489517
280,272.1593022458264
196,197.99604997498105
122,117.66954799639872
71,85.80259555634177
95,87.1601710456098
121,120.98878984955289
204,190.77846054966076
315,306.2467461861269
476,447.6076782092012
542,492.4575805996986
419,437.6337423403649
327,328.5443712856672
342,316.44312187301824
390,334.2529152934017
368,372.73939020586636
470,381.8016906986019
604,439.50295308426524
703,533.9121335476244
496,576.6667243775006
322,426.8861099710278
294,324.83393138185164
307,300.1055456161747
342,318.7155429955841
337,340.8340811251487
288,284.87196986847624
187,220.6378500153584
148,144.43322901465004
121,108.84805410933069
92,89.61480383195524
88,85.68785163246254
105,101.72083672499683
139,163.35239911356015
165,200.39683797263734
250,242.59183132278568
254,257.6439301376993
189,213.7180928165333
157,190.38052670871394
178,175.30210723306354
207,178.74946313091385
199,206.0948036423753
220,202.14028564898254
284,216.83957271951974
279,289.36418760115646
407,334.37323781081017
476,415.2121315239449
521,476.35401617990686
516,491.0161780846207
431,439.48035350231413
322,384.19780935569145
259,255.03708685460825
203,197.1604578687093
161,156.23338656853386
123,129.04062042740915
123,104.94598665336619
117,101.66110453803985
166,156.71513976688325
221,201.53253677766327
282,255.91735286770665
243,270.4519994617927
188,208.97038398702082
189,179.276537496691
190,190.7596439820478
208,196.4755906947983
218,207.7405347313935
236,202.67855480232635
219,243.17173139938325
284,261.1578398121955
356,373.07257002520976
331,441.7962490411599
373,420.70775633573083
395,444.2633543236936
439,430.18481007888886
404,404.2569964200797
296,341.23639006527355
236,250.2116286928749
145,178.38464975678653
111,141.81419135651143
154,117.90031522105376
145,125.98320779462945
155,161.89625535311464
218,203.90201622405476
296,267.8820059471002
220,272.8680216437022
243,206.07159112066438
229,206.68070066155215
245,216.1239266868667
240,233.3752502701544
264,230.20955138341336
224,250.02403430002525
267,214.14871481398262
328,294.023879851936
383,387.45409883444154
355,449.39028837295973
354,455.248713011374
350,470.17242437851405
492,445.7661936000666
516,497.70993216477586
502,490.30045784669863
445,461.04728447055885
383,390.4781148068488
246,306.093891718057
154,189.388855548
108,137.16033425845131
130,136.57917811139225
131,141.9455929257698
142,182.92196026703263
183,170.6932823552355
150,201.24083736135722
179,181.2439039506521
171,193.50357516846626
192,193.0160350101502
171,211.31078011840972
173,204.70780347491197
213,227.04713622787398
247,264.9540017897305
304,332.4494628115387
269,352.0826918099112
328,284.0758653472857
239,326.33092992834804
326,314.8073894666515
391,335.83151151665146
453,520.7150750393832
483,551.0500631522931
431,485.3808318781696
329,385.56804101475115
150,245.65746717977086
80,124.9111973370876
69,116.61771761523752
72,108.21823290609201
88,132.07062191583083
109,147.97708573134983
149,163.93174572586392
186,197.2750516718803
183,242.8897416190238
237,236.5533379456562
200,278.31453612483614
235,240.7576081805328
223,291.8250133490142
238,286.5397559319938
288,335.81840931094797
293,356.7270241805877
337,372.8452912825425
368,401.7109362316794
451,434.93940427620527
537,529.3935310942277
614,559.6991517960575
640,647.917011271905
519,564.3206588046831
350,363.9021666564441
180,224.34519098490927
104,115.02795030797272
77,105.81123319638426
72,94.38510629534694
97,113.87344495100696
118,133.0971269570648
164,155.4197929763645
186,201.21424833631983
224,224.7163788242049
248,249.18584374092626
272,263.01706597063855
276,278.3761130080589
241,285.9542597219616
232,277.41429647025836
300,282.3742732198328
290,326.60723658652574
262,340.201253176374
310,327.6500087341096
308,314.50036489982153
232,274.705558161638
159,169.44017342192294
119,106.38557223642825
88,95.52582191888467
64,75.84508029969761
70,89.0902487734518
87,92.7261401204412
136,138.26129394824397
195,183.7670798648626
253,247.78977722524942
215,241.0185778757736
156,178.48979599642905
110,169.00174154210467
144,145.07430488685793
177,159.3570880901723
180,195.49199047205906
160,184.96234020715005
154,178.68430846436374
199,194.81570760357056
255,252.96793031209336
249,263.9504112496542
244,273.76492546599223
278,285.1936992149329
253,291.7758894646859
198,241.0285000163044
177,167.7073886287883
107,130.5042928392199
62,90.86910806835344
50,68.00711321814568
58,74.94406759329098
78,94.59986738784382
154,148.84002671243036
190,201.09279141948028
272,243.65035052631242
260,255.46192947062946
189,199.74988475575176
148,161.0272683052233
147,158.38784870844387
163,169.96507936407627
174,180.93337745815174
195,193.76554144906964
197,205.02622458268326
218,234.29131786720157
326,292.23623010977116
449,371.78341560970154
563,458.73383948894326
494,495.2232757740237
434,435.9460199955072
304,343.5774632001783
227,243.71160285100524
193,162.01765147649655
150,145.19318529763962
92,112.45553332659524
85,99.66235069423522
61,101.16355647486441
157,154.52502316091838
191,207.82590711693956
275,263.20652871177873
269,267.15236533371507
189,211.94232451040102
134,175.58181679398004
179,163.27381817747275
163,189.62767436661454
152,187.58365208356918
168,178.04791314580746
184,202.0069268536411
235,240.2954647821258
288,331.683025183239
349,358.90846763354347
458,453.2862762755748
522,484.08584867632334
436,489.85037813968626
471,389.2608563823095
344,324.2452742789297
189,248.4174182497864
140,159.35847907755607
102,126.1857377778189
84,120.84763386784697
99,113.29541839515346
144,151.2132361917776
227,201.42104546138168
319,285.8208573660244
304,278.66211565092584
205,235.6536924276972
178,196.4651017667675
171,200.93962899807926
213,201.96372790819726
181,216.8380398031927
181,199.1218652897355
230,211.1137788082826
275,284.3028220524989
367,364.67942719955454
399,412.6263763326229
428,418.9779383501076
696,484.3743565855047
611,590.109012121568
565,554.8507265201305
512,487.6004083426107
446,396.46540045653825
332,343.4734319662308
232,233.2261385332502
171,152.26180101307384
121,121.49249595437317
148,144.31889203759755
209,170.36653901394118
294,223.00046441529284
274,252.36587371040008
205,214.8265378515805
210,193.46210136876255
221,198.8731037816184
245,214.0636852037373
239,222.50317594745906
246,220.62860272551083
264,252.7343722054431
354,308.22036144373374
445,443.452747953029
553,530.7749257507089
544,592.280373422048
669,652.7293992728481
808,777.286454811021
984,836.7131861657443
959,889.783579641343
965,865.6706012119558
871,792.0730577958662
612,629.9144965237625
255,271.2185975691985
132,134.154469051132
113,112.0481681138354
110,120.4159650245397
169,151.40319738341645
214,224.69784998967654
275,233.7004800835112
318,292.0133203807725
347,311.9497164965903
362,321.56445365515924
334,327.81295016201426
382,325.9589050357524
404,383.0355126624977
471,452.55866785715494
615,545.2055380005386
597,639.5889310479588
626,636.6362484567247
688,698.5385957462224
856,814.3350959360234
958,957.4071866242642
1009,960.3048893408015
1117,978.1131574479086
881,845.7490245924296
642,613.9878302372201
270,298.61799136694407
159,135.75185909033897
120,127.23690025802942
109,112.85941090226744
170,138.54752399631843
211,212.18684486682182
241,246.14903278146676
310,256.78579798668574
288,315.45637471356457
262,282.184374678118
309,275.99726639224497
253,303.85158881123
272,272.52268313909366
319,295.2558215237374
296,350.26530001457144
314,320.83345584366435
388,330.19409442265044
363,394.1157061740619
341,362.6993382698119
307,264.63565707067426
227,206.774204709101
182,128.61839850405528
110,112.34551052353935
95,70.72109076549671
104,89.64515306304577
98,102.21335061560478
143,144.42022160638467
198,187.65627507235257
268,257.31356342266605
233,237.6958467513779
192,193.62674556227384
151,179.61766973183757
180,161.28635690107564
175,181.89509583279087
160,191.18511261249742
183,171.5349488923073
190,183.79330344287825
253,216.17617457407843
332,282.5464703793209
484,321.60393101441076
449,430.7600055135692
389,395.5002178593519
321,347.43377998680836
213,260.65461629395776
163,176.09088989937445
91,117.65296661837469
78,71.67193250719329
54,64.39473301806201
84,72.63403004182203
99,97.48635693142842
156,152.13088944430137
213,197.72398672446067
290,261.12462613663047
277,264.4382680233218
190,215.94876305509817
180,165.14967216027287
145,178.78194246807453
165,170.56194705496543
166,181.46829737400853
166,187.6711513373278
234,192.9877817412228
235,263.93316337867657
307,311.3543157769507
380,397.68613704485267
390,466.15254867474135
454,452.35410955516926
435,426.51848428184496
362,347.93084477266376
323,252.1948148613794
175,198.1506918561249
163,138.16805550775743
118,112.69077983216184
95,101.17575923731985
93,95.18735695215578
161,157.96930853688593
209,212.38196163689304
245,283.2390891896098
313,256.5319793842418
196,240.75932388089078
178,182.4833098525267
186,177.28077069607474
165,184.95097424996055
196,179.5294498784495
201,194.31741017384348
208,216.8115482798759
265,251.9267263615989
360,339.2786582832976
396,400.54033837842553
480,458.068604904236
558,511.3135480036703
495,496.7913638169872
447,423.329670551219
319,356.12917140569596
186,225.60114085099374
121,153.3458007463422
132,116.68291214235134
111,115.228897942635
106,115.73334327349836
168,155.23247929338123
228,219.6414244875736
266,282.9116510155841
286,277.1410782249636
205,226.2316665612867
183,190.29771232647138
182,189.46280347835494
219,197.65298887428045
202,213.6203117818996
220,201.0361978255623
227,230.49974169960754
297,274.94891601934347
434,381.8774988108802
488,461.539336166911
535,495.98225633449124
662,574.4294414498629
589,588.1786300114086
521,561.9393601625158
519,478.460778481116
437,418.73567803262796
313,313.4699204795667
205,235.85020569063474
157,149.24740537720308
105,123.92881741988698
173,141.7328277051678
211,192.12931491785028
272,250.57642348522967
258,254.96653829931088
212,226.81715509003305
199,200.4151598326668
195,202.02495946386682
221,212.87376385627917
250,218.97715748625268
217,237.78653946621404
266,244.91375605207122
343,330.8545601245729
429,448.6251326553143
549,493.7935629831566
546,578.2518169957299
625,616.719626876361
774,740.7187462834579
935,788.6803278728775
873,854.6685917978606
980,805.7536179399648
949,739.6558058151799
639,495.93503646153454
246,255.33115050883129
129,138.55788589881772
124,122.7413105767223
129,128.75384500642383
159,159.10465221007308
213,191.81569156344773
306,238.7138492842556
305,298.3484338976817
333,316.87460921915675
350,341.6417806633767
367,337.05548502416246
337,369.0855250647411
410,376.3981647477502
567,448.33807910261055
512,611.4142676854071
578,535.5260874254437
573,648.9822088280464
705,661.5500926564717
856,809.9933014226168
1003,853.5648839449141
1003,981.3631523820679
1069,1017.1571306081266
901,963.2857658732901
666,669.3419420529092
257,306.18471744531115
123,146.91187965621432
108,117.50836435987628
96,116.50213596682329
150,130.30720128384343
171,184.32260671246286
256,212.91556659341185
318,265.1439869571814
399,319.0124624582088
313,361.9860225747468
312,314.20096875099387
304,305.7332885103889
390,299.5748052942023
381,385.9964979427829
373,384.69915042091293
332,349.9946750871344
359,342.92608013698487
412,367.9761617345144
313,383.4659166278312
276,266.2275011602843
186,219.15010533142623
151,147.23125970345782
89,117.20383079264536
95,81.26825930131876
108,95.05997376289244
73,106.20199998956737
156,135.96789574000604
204,195.6288616608274
240,258.35052464517685
238,222.572240343469
173,193.5427423390562
143,154.05694497659178
176,152.36828066443883
141,176.19557793583505
178,165.7440914287525
198,178.33525991023217
181,204.15669803937558
193,223.37910833007234
273,261.17451567886576
240,283.5219743251625
234,281.0853339890232
336,283.81114008171807
280,321.98339568205785
219,227.34386334426378
175,175.35134337263761
125,115.99432697669731
87,84.48907205316365
59,64.09183501218706
71,76.40408437862449
87,91.58766599259063
149,150.07551146849542
188,195.15123682266832
282,258.60938938147035
249,266.2134231973514
169,193.90282808865848
159,154.64648040537634
164,161.49290716362987
143,168.1129193898304
147,169.63143011033782
151,172.30072526014246
172,192.5095032575999
175,218.56229093609574
281,260.2661858732051
317,342.6356195668753
363,385.9073574809076
452,422.4036040095878
377,416.15364290621994
334,323.11319118234513
293,246.24684109442313
221,187.36415684714598
124,151.67314235113005
86,104.35870085684735
85,94.22374373590922
76,90.92638510859605
139,155.01799044754227
202,198.77184649196587
302,264.63134820521657
230,279.1485967120873
182,187.92352209027268
197,166.5503437743843
148,188.20892342937822
180,163.84260650867125
179,179.77277067223122
148,184.64999689496568
169,187.56537661091622
250,221.24747933621725
322,332.3479795721981
333,379.4125164675096
367,400.4134793804771
479,454.2001444506581
461,464.3452230161989
373,423.00405665571697
345,311.8839271513923
209,223.33620620901763
162,142.11162533416532
103,120.95033392032276
101,115.4446384612082
116,115.26863287549725
158,153.66346859213255
206,217.97512513129612
305,287.85407314853455
272,275.158595126343
199,214.05433862480763
168,196.69543449794347
193,180.00797726844735
187,208.83552578791014
213,204.0566235610004
176,202.1012552195161
211,207.14637019844517
270,272.1119950907196
336,377.69615434107953
406,393.8720807929753
501,451.23426867078115
586,596.1626028385928
596,589.2206236968879
568,535.318768346922
609,514.4619057365727
464,479.8692859082829
363,357.8279835530878
202,239.67340862330408
134,153.5539055196873
110,115.82803771361361
140,150.3904786626538
210,198.67641861479373
387,282.14821547883497
317,297.506043643129
243,238.61638909498083
231,205.24124065459094
266,219.02519445787698
267,245.5589529442672
232,249.6051346746797
297,218.75801398014502
308,293.8748171465974
376,366.72317363839403
495,455.6275203776852
574,579.8194143132317
595,621.3906438266898
679,714.9481491089591
896,821.129579334069
997,965.0453370817513
876,1066.3695294392126
975,944.1775182240477
858,820.7279296073594
595,568.7529639734571
309,251.04014461407974
151,134.24927523841055
102,125.11863381652553
130,113.77368972132405
157,175.87094937032953
214,228.7167844664845
252,260.25282222834244
330,275.5519842103736
299,343.32015494284576
338,329.3545660164507
298,343.9459394026739
401,315.44020109527963
397,431.88743624551466
463,500.9808754998437
481,567.9621888166953
513,612.5694447804707
595,580.8775011173797
664,682.4256578884733
822,801.0708717894104
916,927.655560396977
944,884.7603895139617
1041,930.2336070688195
945,826.864089179814
660,572.3071039731865
315,249.2391131287507
148,142.49974000410938
112,122.76568920950706
106,108.71054644261649
155,142.36271613634204
189,188.33841151628224
243,229.6706970670114
322,283.1427899448915
343,322.00438159064646
372,324.56476793004845
327,344.00320958783726
339,314.4181994893658
358,344.0727888257328
343,374.41846497037716
374,364.97673413185913
323,358.6974428766449
370,329.3657234707653
416,379.30941451126625
348,387.55878022738153
263,250.84623346082202
222,178.75190453063664
130,135.5485991944669
112,85.95829021619065
86,89.4387887215629
103,95.67432032024875
99,96.30746015842954
152,152.50948609452897
186,203.98088436781563
258,250.55549844970457
229,234.91031459289792
218,188.9225530582056
161,176.61722644353736
170,169.07690632775618
202,171.39570539077718
160,204.0660574098506
201,172.61152016881104
198,202.15235220209112
241,223.71811191380905
273,281.58492965303253
316,294.88713058271077
317,330.59572522693713
369,340.17532142261757
330,330.4977871628075
248,242.1384568278446
189,184.4175090915587
112,117.31055443882713
82,79.21360888154103
64,61.07632091020957
83,75.59629748523979
87,92.61884828097281
154,150.97422001258155
226,203.3870537353774
287,282.8290330485479
320,260.46762947001287
241,227.849278678078
246,196.26131577893088
204,208.83839027729357
239,184.07794169831178
202,199.96600119406028
182,192.16667320660565
200,195.79765286941333
261,222.5423500515207
365,313.7170970196823
426,380.88426879085694
470,433.3949642661169
506,476.7704114923951
469,432.2621903288703
319,357.46865545013475
291,241.31958645881625
158,191.1908238300005
152,121.97679808674728
128,104.57907058484273
97,97.02363267505297
102,84.93736539335063
150,154.90148451828418
220,210.98613268882215
265,280.08609336290414
305,278.27120098639546
210,239.28148732225318
192,202.27995933909216
171,183.65977575681316
232,179.18594356990118
195,216.66861075078222
213,183.13112798785477
222,209.61409723849508
246,263.734074786577
435,323.5690772083652
493,440.79659556231843
487,493.7087374321039
537,526.0626150335958
486,486.0465354271783
394,411.67381306607444
320,324.53798108563177
239,209.72514971204455
159,160.43280961315065
102,121.12854391900817
104,104.36272924932021
111,109.11298587166269
162,158.62039105960775
245,219.17351749325272
284,292.55782692567396
339,288.62401777139235
286,243.23482560951993
211,230.8035001641724
217,191.2815221998492
216,221.1482835928769
198,215.29303281087886
236,203.0451577112692
241,236.12259767807933
259,283.14060867787714
339,349.7773682650907
368,431.3209708575607
442,464.1933101498129
564,569.8630648160704
579,572.7930251254174
524,560.2428994726323
157,116.28934391554421
103,87.84044402241445
50,72.12345188743114
62,60.765152230469965
67,75.7229862777386
84,76.5271456710599
80,111.13719548991048
129,134.86117221218962
153,159.77642999794676
148,160.27078989798696
149,143.70626153602015
135,148.071549573354
150,139.98186959117754
134,142.38415764141456
110,142.4539607435692
176,143.43422039437738
189,174.1619183874916
266,199.44139666287893
302,278.8763783721753
269,254.83180307109305
248,222.3583729143271
211,234.10232587746978
209,218.33882535989403
226,188.31479360576384
184,162.00707628545769
96,112.05376345021602
72,64.11755418342061
87,63.552955362025
67,77.50900739799324
84,77.58426293400738
112,103.66403313299269
135,140.42599870082495
157,159.68108446403266
161,163.79044082832323
156,149.9569344500461
117,148.247271697551
164,139.7212473156963
145,154.13094860690146
136,144.41431235842202
163,153.77246917752674
166,174.7547774267066
186,218.8728480949068
258,253.0058984145073
207,275.33527072935743
181,218.62232383738694
191,208.81543260895705
228,240.96261916751013
258,243.892733021757
254,243.8661977372116
164,175.0810746237996
134,102.4275247099165
85,114.28599392755076
85,84.79532143315977
116,95.56613861190576
131,123.19090999814293
144,145.94526542192267
178,161.97219221013955
151,167.01324748262945
157,153.57652308258227
151,144.75459124450634
177,156.71653949359424
176,171.38769503160697
190,170.86292070675083
187,173.25691753610056
232,194.95612389318566
265,250.84773625318434
335,302.2289699775617
303,346.74196379538023
211,279.88743406853933
179,247.59449190696006
222,259.5019293369198
303,289.906421646835
289,304.6615625334895
251,248.225771988941
266,222.8704695650686
254,224.895556037728
170,173.07367371659487
103,130.5648210486992
77,110.42012422504752
76,96.34517656924264
87,123.46121366745274
124,114.10510610653007
147,141.95400828570374
133,155.0263705287181
174,148.78727328990996
150,179.3849242464402
203,160.73559774978733
234,223.12981546641768
261,265.3201186027459
286,293.07797571050327
338,343.2158557732321
328,381.2381352320037
321,318.1940993768243
379,304.85227407803524
449,420.91130264018693
569,473.22253401169036
697,659.4186059553537
683,717.193437601463
582,658.021119843572
450,558.7884570872295
329,312.3265367580332
267,168.94595204446682
292,185.76252036919126
121,202.33398663633858
123,143.3003170200979
168,164.22681561574882
174,207.32326321937828
202,214.9224237278898
219,239.700903611432
236,252.21322336087619
236,259.1889859461622
239,269.83045404908927
272,306.4086493394744
337,333.98099126719256
354,402.0831853764589
338,435.1380580004032
313,393.6394466808017
406,395.26634458414975
415,516.4848905237998
442,517.40672171135
395,595.1521158045122
407,475.48342478349304
363,402.78459838845043
283,364.56815983019686
190,280.02164790375485
96,186.70277073323962
76,142.09972789185815
87,111.58522637386618
94,118.84225173417842
126,127.46454382569178
173,167.96516136213583
176,198.6633057671804
216,203.95336400358914
216,240.58368757065415
241,238.1720148689863
247,251.86381012190472
276,269.2390848306135
292,303.17185343878424
285,313.4814920213378
283,300.73902891585516
230,291.78617779671134
269,258.43028902381513
232,307.7999689986439
214,262.327908440875
120,197.11790162365645
94,83.13810804413856
57,73.10295954829282
69,93.06883970640787
88,185.82846051242643
65,120.26247964218788
79,117.64446713402955
123,136.1663489906251
180,163.25809462320393
141,176.39109076266416
115,135.5720124001698
115,135.04084778523287
119,134.3339988811686
117,134.33915708185242
108,139.40137088614418
130,124.82639968594734
123,146.80479491335387
215,160.0127015592423
158,233.71417366091262
133,150.2524342910893
149,139.7695459681865
166,157.35909028448975
146,160.27250289726138
118,139.01210970312596
141,93.51558860630062
73,94.88684584672072
38,53.399198709492985
38,50.03009498297445
56,58.46329480167369
72,78.17827865263342
96,95.26790143220693
144,128.67042196354856
156,162.94711105708478
163,152.31374277997713
124,139.02405693323774
136,121.99129470974601
140,140.23331751446148
145,132.72468167086203
150,138.503705468204
135,158.45478728387044
160,157.55773769881873
178,207.66058711587615
205,211.37224028773832
277,211.87493166924472
249,240.6044964812619
198,233.8699276141353
214,210.51725338987202
198,196.89909596021332
147,160.62080548046444
91,102.60591840862955
54,63.51948581949852
53,63.04109935800852
50,68.51355200796492
74,73.76698826910527
93,104.50064830755069
122,131.8727767550863
147,159.9329134708275
131,162.4699030966996
123,136.64279953967645
149,127.88635155020756
133,152.16694475236483
139,142.63079381425445
138,147.86472988483172
131,153.01301506518772
180,159.67311468615256
192,214.68365450056444
226,239.2884753766259
166,251.1011122227447
189,192.0510723577585
242,210.66447387475318
284,268.9503470075611
245,253.71732588368494
222,213.08464129164207
118,166.95242764454255
102,92.26236675479774
70,81.89467868059879
54,81.69796859246388
67,88.84876881161357
84,111.30458800305628
146,131.19922924635154
172,166.48359373397437
162,157.50093388261539
125,151.9371351003178
103,145.72118328236252
123,128.78095793319326
148,150.3075790447337
148,170.8484337786136
133,160.5185182830658
179,181.94351045041267
230,228.95930778680636
239,278.25984511890346
208,246.21829650300185
207,209.5474588751494
441,248.5077351161189
314,428.98332247479607
344,337.13256790100945
372,324.24356008861497
187,287.63936424446314
125,190.41060618984687
109,151.993526097908
111,128.84743462115432
104,106.2057568119849
116,107.2291224036349
144,123.74827143117584
181,148.6529137695874
183,171.62753416524416
118,158.15670520896578
167,130.62577936035694
160,152.66014333714335
174,160.18823379481637
187,176.483743385334
200,198.54243836672694
252,223.9325576545316
345,286.90044283581585
374,356.3801382262828
398,383.3729491544631
336,359.8256011794426
396,385.2503826214053
464,510.4312645483798
763,593.1977563168601
1061,768.5508189964893
1207,871.6876479820812
707,725.8784042060631
505,629.3006160723907
282,315.4786752083274
124,191.65862024944147
103,167.30838045680926
121,123.4038546079485
164,146.29683122078555
194,196.72928771888448
231,196.29049962243133
275,236.171523383145
314,286.58656246491677
327,307.7489274315426
337,310.03675763677364
369,321.0079617231587
426,365.42311790502987
475,461.90014651577
575,499.54103116922414
630,541.4017855335021
571,570.7574168768658
637,587.3029777685488
729,723.9405300759995
869,838.262862847675
1048,972.6329817579373
851,1012.0318536479291
660,771.7499649415788
439,586.9417383316547
243,333.6628403792388
146,162.16906963036368
112,128.8162622527612
96,125.75247883671359
132,127.9296324445885
182,149.82314512225472
196,200.44972913630198
266,221.55959244568822
278,271.3805803998561
292,283.68496247143196
289,294.40063257012037
317,291.91281339990553
369,320.89670457919414
399,381.1694145855534
359,405.6224138387419
346,347.3771772181138
352,334.23997757148334
399,346.644730548917
363,422.04757310223897
338,283.8030090243041
217,243.3888171947956
118,138.036809495687
67,68.19342027730599
53,76.47094462364917
64,137.38476051816198
75,92.7413387117439
114,111.59183609782947
118,139.94095033962827
149,170.84701801659006
139,165.0793680274946
113,140.39936682273915
116,138.45828676894484
128,126.61801494386347
118,148.03024770389865
137,127.88230983527447
139,142.85888159953078
159,155.47029620240053
229,199.25953120002424
239,231.3518196360369
264,208.53466290572626
270,202.53512673923245
218,238.34779666589583
219,204.79311513337615
143,171.9477093446562
80,107.62788046643239
48,63.29194923280354
43,41.56222367342089
35,46.5190941980184
49,59.52094393877337
66,73.49119741597052
86,92.21733863135228
122,125.61583340444714
170,153.36135920958657
147,157.7666619296547
126,132.33034406958922
122,131.32965849733407
119,137.78409008376985
135,131.05523666868163
117,147.5119905908862
136,140.18511008714492
146,168.9542732535634
172,194.3478802698848
192,225.10524589058045
186,239.98534251108856
163,226.5711549538844
223,195.22244486911038
337,254.94879019916388
225,239.7766165368753
135,159.53708280282063
74,90.58239082329041
70,56.593232819158686
51,62.896400851364284
68,63.97183631770851
68,77.78224544276405
112,101.89198579958884
138,133.69845160364633
159,164.3892973459798
178,154.12071418580015
125,155.37604261730587
116,129.56532270761772
138,134.19099038921553
149,145.7975536443342
148,142.60377755779
141,150.86457369961354
165,158.48308303271648
214,198.18564579246245
260,246.47203559718395
213,240.90219255950095
186,198.21592544796692
301,210.86575117018594
329,348.28761417917053
283,297.90538230351524
151,231.2104859368238
110,112.23216684116123
93,93.05142005128947
74,76.75820148658899
70,71.09498459836264
70,84.84825964364579
108,104.6124896811848
132,147.1630265218589
160,166.23091345945497
157,160.70014951497865
115,144.41326438403928
120,129.02737953419398
140,133.73737863555712
134,151.08116042009178
139,158.35287650142985
161,145.88143884325953
187,184.20398279681788
249,232.91307095430744
303,288.27400097907014
271,288.24193390878963
276,244.4977908270059
284,306.80748177950755
428,360.2027375369315
506,403.68861027267593
264,426.72768765999365
276,247.82692602786085
349,205.41377668649326
117,220.9588692976562
104,130.92984241629372
97,102.88143389949087
110,111.09475349552292
125,132.69184786338536
185,146.803385458054
184,172.2587851172991
149,150.86682361018677
172,147.52113580007193
156,162.91010452535699
147,157.7418988659224
144,172.58533099816202
201,176.77614149469574
204,227.88461020294693
299,267.01110180656474
319,358.59600009533756
358,372.589179222305
319,354.34204941490094
323,380.22278044002024
460,464.55661077535154
542,586.4195114384275
641,620.7725008962417
737,609.4520861416598
799,686.6903692565411
464,631.6278596709307
246,303.4376018681468
120,170.8757637304513
97,157.72488548890504
79,118.98307848128165
119,125.57980902162997
178,170.8981390191782
199,198.9942754359136
242,224.07287864789998
232,255.08116758027086
243,250.3775767630713
268,257.71565562237083
289,280.17301340006946
307,319.8157985756027
604,362.4305517874012
545,597.9687738810317
447,559.6323822193717
422,430.13288427908327
497,459.3817748447105
641,603.7969569164661
723,713.743683494656
726,740.1359977020148
691,769.0540606031649
582,743.9838358047833
455,526.3396730936574
337,281.29907776226
265,167.67166910653162
191,171.70582593792017
116,140.54531100806992
121,122.6447991071703
208,158.34450855300952
156,208.9770250157348
205,187.3576484141867
256,227.59920975041572
265,254.2477783189053
274,276.7941161353079
243,278.19783234361955
278,269.462837559823
271,295.24677452028124
331,304.8203697186028
321,320.6578523243521
267,313.84673644635774
291,288.1936936996339
276,329.0515849058438
226,271.23128432257596
157,167.8837806279823
108,113.71322457262829
91,71.07101200717076
84,70.75950918030503
81,102.14849281843549
76,99.9803490665479
109,121.19057130881505
133,143.47903520941378
165,170.92284443896315
147,165.45992897598066
102,147.4437172687232
109,123.38565530607929
97,127.58127609212579
126,120.15903819197365
148,131.26215829377878
149,148.47976498744393
146,160.64355752506347
183,190.157012229636
178,208.7163110917498
170,170.80396009695795
133,168.0982894787546
184,157.6869834095448
144,188.1377364732993
141,127.92549027315522
92,107.20093478067054
57,62.334124877359
48,44.3483871204681
46,44.38872008135548
51,59.513226800413314
60,72.82320585389931
76,90.6490203409012
128,127.70149703490718
169,163.50246001354208
141,159.40713670394976
109,126.94515928443747
106,120.24721883981111
93,127.12684809729886
103,120.15840474079349
119,122.77089872704684
118,138.1710977171425
153,149.50828693591674
189,187.29932507716552
183,205.88591486826394
182,203.41002076629118
159,185.20694668466496
186,194.75595883405688
210,198.2371307342218
150,187.71922956402528
128,119.55994484828038
70,86.51896486319374
58,60.75791252883408
39,55.7994182035231
53,62.77257614377717
71,76.6853600739836
92,102.74394718784428
106,133.07050958745816
172,152.79772890298165
143,157.73923865551262
107,130.08171400106784
112,120.10924609811505
124,127.35804281086652
111,135.7979018685968
141,134.59080449991285
141,137.91494006241038
161,163.90881177869173
199,204.36832003782206
233,234.1424355236238
240,219.3913422351097
215,207.95682858222654
232,224.6363992630255
394,264.8003672795374
367,295.52896343415364
179,241.45495542079067
110,120.53745459530718
82,95.83188812656792
54,72.65857050722032
73,68.85752320215137
72,82.76632215177806
103,107.62259187633116
129,133.72972675422557
160,171.927686877431
146,156.56819097946305
120,132.36553531817492
124,122.13352431316865
142,139.17419013805463
129,144.62765301767243
133,150.20460974089363
151,148.95262568411985
161,183.41097284915548
219,215.07753098813617
261,268.6274127534233
255,264.59346280943055
210,244.56245541119222
255,243.2981346633349
363,348.8497057032222
280,409.62286381213755
189,265.36744183204013
120,178.860770338496
128,119.59354858021133
102,115.36715225368629
115,108.3599812235341
88,100.22098433688076
101,108.21482626062429
143,122.88177630840647
280,192.80638246147134
316,219.336119344726
151,201.43645150687632
150,149.3909447650148
169,162.60316553090794
211,161.6019622201632
204,189.4323298224399
258,207.60021842692532
284,261.22381586376156
275,321.5792078665621
356,346.01910107087
341,381.2895118381191
307,326.01417087713276
339,342.8858318949133
489,479.5710584698049
605,609.1511281752148
639,776.0465104238889
678,696.5786541335107
712,666.5798570745934
705,628.6205381228357
270,379.0652301653329
116,133.69424567333283
105,133.21250842464923
116,111.94957227922042
146,150.7470843146695
188,200.55350202176794
207,206.21585577262917
248,237.05791330327287
270,258.35801187647525
247,278.2069072144977
284,265.52344988979235
344,304.3092134934983
332,372.6359423192127
385,404.5187482925991
448,461.60054958740324
433,480.41361024719504
369,451.18881012929916
420,401.8130580739406
477,555.6224191670341
598,614.331616608142
669,615.2501905679673
699,630.8693181138384
717,634.9621814162863
559,603.7492197039102
275,336.4384152731903
128,172.34438405814242
98,133.44854886215475
113,106.07028806795763
105,126.95824500994522
139,159.22764816725075
181,179.56292013079812
200,205.67622770559925
244,233.294458350114
283,254.83210086550875
266,282.1496280312254
275,270.49198794401644
281,292.32043047880825
294,302.48979941170614
283,312.91147176079033
265,293.4615182279577
249,263.9559461819672
471,271.0150567132645
262,456.5906975225792
252,240.49107018625347
230,177.71677945007752
211,144.56749036599845
126,142.58873515074865
87,94.3781743677288
67,80.28532760840274
100,76.38444180531098
113,119.85702562220672
127,134.28247521033177
153,167.49707093169613
124,147.4123660461455
123,113.52338267848039
137,117.84571760401458
121,124.33428598730539
130,123.33453003955135
124,139.45279476383936
150,137.66625762994585
151,151.34430196173642
185,184.62250776687574
222,197.85653211903963
195,200.74842655803442
153,177.80386898299759
136,165.31065391138503
165,153.6069165440481
133,140.4914909492824
111,101.81359318416287
57,70.14093870720085
35,46.4404305725828
58,41.442508948477204
70,56.23159800398574
72,71.42632784205233
96,92.13221636625651
123,133.74234967374827
176,157.35436448618285
143,155.3290317530261
144,122.81662590434333
128,132.08303765066591
161,126.63393212554713
165,145.31433236457974
138,151.55021628017883
161,135.0144991991973
172,161.63801893031945
202,195.8865097138389
250,217.28229241129563
234,229.01039898349887
191,202.23538965323485
206,194.41249485073544
239,233.26307585002672
165,186.71471047235812
109,119.54059414916102
71,74.8920249234763
56,55.496839896696834
60,47.45100274609889
50,62.568653768570144
83,70.84722579625135
92,102.4948057874115
136,124.96744424483957
159,164.69629092832133
151,157.53245857636355
139,134.2580330712807
152,134.0794753267328
152,145.89858321288705
138,149.39837505980398
151,147.29293033512982
167,149.33498990835233
164,176.8949581683162
221,204.0296538691213
333,256.0168510541344
311,289.1323282623476
244,256.098236652364
257,254.75118058097183
250,318.7974643216306
253,226.56012987788858
181,177.1016499556097
113,117.04427126377088
70,87.43610754649679
56,64.86548920790868
56,67.22041736275601
84,74.17823051404747
114,105.94768187243314
150,142.14721469174617
187,168.49697839094844
172,168.91164204694203
173,146.16311879266183
142,143.24818987973697
163,143.2483572342967
145,151.8891444328685
188,150.14735585174384
235,170.18606656386095
237,217.40935666317208
271,258.98733149188627
277,307.8046155575997
249,281.3067337075744
256,249.89717430250303
276,277.46097118194655
343,351.759950284629
298,355.69419916196665
143,129.75060426017328
83,94.34688193423108
90,59.271307828579296
86,73.01293267546934
117,98.06929429544579
80,115.84282303771741
142,149.16032791294128
188,211.54378231245838
200,231.4772730811023
215,200.08660708708265
197,201.32573997700197
189,199.78662236495762
184,203.97013810497415
227,204.56790983092102
238,243.17903648867602
229,241.37491215645198
256,250.09977123826667
315,278.7017955264604
365,289.73144760612513
341,291.6389426521584
323,271.19651214527534
266,271.24326626217066
171,223.00611789902837
180,166.45978414252812
109,140.11523296680937
94,81.9666174866062
70,67.92086502413203
62,71.1544996557631
105,88.55820849331052
101,105.52865228949248
169,152.95205936641233
198,225.67986756022174
235,235.95979943037116
212,231.66417715755483
218,197.9015251431869
200,204.61834422644927
149,205.12529594539978
194,187.90049664854152
211,234.65759542997753
228,231.52613473548504
247,262.22560662427713
234,286.9156027107339
254,273.9011873551556
221,253.35963519129183
230,229.61858821657216
245,233.84687297360048
210,218.9339485386939
184,183.97135004686783
182,144.02093094842263
104,113.76086847039129
74,76.7674797980553
80,70.204106447876
130,103.00096609730164
111,106.7116213803371
158,157.7497322918365
186,212.19274045074633
213,211.01804059472536
225,204.58400500458393
231,215.69200286881625
209,210.83076855412412
216,206.63514668807773
257,230.76723138614005
284,254.19649804964965
255,271.1967887504914
322,259.43273816762905
295,307.28003164978054
347,290.5949243611034
306,277.84210697875113
280,273.140879226215
274,269.03568133526574
272,238.7426371304937
238,213.33764477975163
169,200.6823597946629
156,136.32909645388844
84,123.47623356508583
101,91.14562002810186
161,108.44912334800158
132,130.39228300212702
134,145.4940838618288
130,154.3510438515433
124,158.0643864637012
135,166.1026543444183
168,172.4843991829856
180,189.2549163031248
225,203.64774904224166
202,238.83319594980455
254,230.33470487070832
282,271.81846655024907
267,307.42884618808375
286,279.179901612556
258,324.4018435780504
271,297.312895051603
213,281.1288450604472
202,204.02817877863362
233,213.07366607309467
286,226.09487411826018
290,236.07665277658654
209,215.98667458325644
162,146.93067026304377
167,128.459214668731
138,142.39335161528822
157,135.69359271704337
176,152.3076139437092
164,168.1869510316092
218,198.08904580345646
267,232.92684288054755
304,258.4504105191995
327,297.66673015030426
294,307.6411120526082
294,281.34201934665464
329,295.28140147966195
311,322.0798054274442
317,315.1993692142169
275,333.34978132024787
312,316.46839117472246
295,319.0656210132528
298,292.34748692671525
311,312.6885142699488
290,298.370367669349
254,289.87527779704607
233,238.2376701121269
164,198.355841385916
141,140.27990546750286
146,150.51273062009278
147,141.62754751454318
129,134.8651003741478
155,139.532732437539
155,154.80411109391483
179,188.70999200428875
260,215.91255321483453
263,274.32993224215227
231,256.79210144117
228,240.50099843859604
272,237.17687938104825
293,274.4809728748781
303,286.18447948684593
299,301.49975296180395
248,293.79189743059766
274,268.2891908514624
250,265.69228562439304
267,252.29207503032077
223,254.64003550239968
211,214.2953602491023
206,192.86795604059992
138,153.83416000519554
99,102.1913902748106
68,77.35815748474063
83,79.366346945117
100,104.30046379167152
106,126.07832561968875
156,161.77022000344593
188,231.411891717458
222,242.61908178685846
211,214.03287842859635
193,205.5035635073652
165,188.6068908086513
165,190.3398873652958
193,186.2334507793906
226,222.79104187017936
200,235.7448534502996
209,224.1545882223947
228,235.4950240754722
203,231.82554321151127
202,202.73480230482943
187,202.0289183885775
190,194.63328101964424
207,182.51100295436464
157,174.6974801872414
100,128.4746972586404
66,79.36546577066242
52,56.06595522006649
50,67.79351900687402
78,99.86447578865007
106,99.5924530249926
119,154.06377244415035
169,196.01056655168787
223,229.75676112910617
213,212.94444251939473
192,197.62181086790588
197,185.65335422423897
166,196.84344774061896
196,194.39784486524232
226,232.47469579725663
226,230.78048413865776
239,244.27416586309602
264,259.91302798017983
242,273.50285567490357
260,238.08354166501866
357,238.8594426932864
255,293.8463327800784
174,215.74889933369957
165,161.7729803332864
121,120.9833232928929
75,84.3260238775727
59,59.27526061752591
56,64.0817782328229
98,88.19218381310485
91,106.61459548500241
165,147.2831208825019
294,215.31074031833907
322,258.9456663657655
239,242.7331812771713
195,211.71925753333548
210,199.86417131110565
205,196.94551830453926
227,220.06410725596345
206,243.28415523563686
193,236.56747655415953
264,233.43986380254705
278,289.66910056162214
235,282.8847512294667
230,236.33394275118982
230,235.1323358905961
247,241.1749572080994
213,214.62323185966258
225,185.6765645647541
148,168.18682357019478
85,101.81310175752695
88,72.89400252095292
62,74.94569800992346
89,102.84988356058892
107,106.2318106994727
113,160.45258727828133
183,244.0465751202161
216,238.59986477887898
215,217.3590148577307
176,209.13243838135256
165,197.45051129852925
173,199.07826938360154
206,227.22499926825108
231,237.90167030455382
229,236.2660399915965
234,265.2105845483995
221,270.2491424141313
232,255.80995197109164
215,242.01182897840656
181,231.58619560278203
231,217.0988245070059
202,234.9516755686744
190,200.65087671329934
146,153.06113471864052
105,110.37041624158753
78,83.98118803673962
75,85.12458780188527
128,111.9872680821309
114,123.93995483950097
154,144.55671500923876
220,189.89004062024517
236,235.46951965347697
244,212.27063208399622
212,206.88111239089594
191,207.03029070267706
201,203.84857249923385
220,218.58623802766428
237,249.7844099135713
225,255.75279091700884
263,260.61858343413786
281,281.39634658642854
307,287.2099606420125
303,292.2340594031703
283,275.4479236372026
310,282.43819064088433
246,285.238420025782
280,256.6808979450305
225,232.2414129847675
154,190.9953685335893
142,138.93464558772015
133,132.68781026022373
137,133.68930908957574
146,140.12955517952577
149,156.4765844850536
165,162.47818993803824
215,204.47007206272576
221,245.94097380836237
231,249.4792213352699
282,254.5245511004473
254,280.8262102445669
257,267.3629459348403
286,274.25034154534654
307,297.05032702117217
314,313.55839481420423
310,323.0416398501697
313,335.42947647124765
368,318.1466901182871
338,323.5135766687613
327,340.0278084437937
272,308.8960117660511
290,268.63424372399976
248,260.3732155708156
184,198.97722916644088
146,152.26742042811716
140,144.63677789737477
168,141.09337011449188
110,136.0956836633637
144,135.44893403801302
151,153.84437259073388
155,178.59516439748643
202,206.0759139535827
226,239.95745004968143
246,239.25114642489314
236,241.450584652724
237,242.04539637668114
269,258.3110864397222
282,274.30912062326354
257,282.2313666489137
256,261.78430276959983
283,272.21174714890117
271,263.954470519679
250,258.2012839385981
239,237.57674100575463
210,221.2238386965071
216,190.64474981931534
148,161.75467584901335
108,106.12757340358043
85,79.77408083560616
73,82.55039763290463
121,102.63965485323304
110,124.78843163245608
183,159.91940035221307
202,232.57408138609654
298,245.11175780820696
244,246.72802159342854
229,207.73221921193291
179,202.3059466131036
179,187.68599093657656
191,191.6508911501848
216,211.2746427613529
210,222.63696828588743
227,224.27789384179357
277,245.00319548259054
274,263.8615943304187
410,236.00413533467395
416,360.87712171753816
301,360.75844294623573
212,237.34743364720296
209,175.1986367204926
79,140.83701987169775
63,69.46351835450886
46,60.45698913687425
71,62.00057715279124
90,92.43762870010039
93,102.12332538831082
156,147.55158273933787
182,204.63391063254534
207,228.90478806282542
204,213.16944544908486
199,202.2064060266565
164,190.82085397795663
184,177.26991266558616
170,201.8300859581792
224,214.56729400684944
242,229.85231182846275
257,253.11764829857515
243,294.01018777482886
230,272.57546208120976
234,253.2568996324919
248,275.021160116805
226,266.83192362115346
200,208.1143948660075
177,185.88539430540342
136,120.34776733576076
91,82.91252739548995
62,65.30308292558382
69,62.81509160771934
97,95.85979160166892
88,97.83838661799193
145,157.08665640297198
202,224.1130192953461
250,249.63027022137362
227,231.7107984187126
207,204.4688445505789
201,195.05745092323536
199,197.4212875900374
194,208.7367411232714
231,217.70315429004611
219,234.36195060544307
236,257.26827222036536
272,260.60313153152765
235,271.2118052899382
228,229.34360635373892
212,227.3141175752146
204,226.68546506902644
189,208.4444917687034
192,179.7786844027272
123,153.24332906900895
76,92.27176449957815
61,68.34079750548848
76,67.72439609738552
80,99.422253978223
109,102.28018189102181
147,149.365279708912
199,208.97913465327355
226,231.1187143471854
211,220.9986145082638
216,203.65973846144743
197,200.12658594665874
165,201.4019524958166
233,197.32891096610513
237,247.8688743700896
258,237.48483687553792
281,260.62099322933534
353,286.0859897611798
292,321.7106701163371
253,260.9700998934897
249,226.0173804250501
252,242.1100587345432
198,232.13276894715978
191,192.01726813529527
143,151.26259500236722
113,110.06475675153682
87,84.67382893706537
84,84.10853836096547
134,115.44741997492906
119,124.54099245919224
155,149.67742775533586
199,189.0629777898079
228,208.6582985261324
235,210.66576819452146
213,212.5147476050726
190,205.06469240143156
218,199.73184188883687
230,222.20503671848795
227,246.03937479339402
272,247.31598114840588
293,284.4867197363324
301,310.2126429038144
315,309.5736402057721
306,301.3949235775927
308,278.5819612458102
316,290.204782641137
264,281.5358055701732
283,268.2504750099247
212,236.2737322626767
172,174.91403797184807
147,139.93495455706048
139,137.45856436595176
155,135.6798809079371
143,144.28834032906784
145,152.02951925720893
164,163.31045661424454
203,207.96474189475674
233,241.17424986778892
443,250.93165254514795
616,389.9753625355233
368,423.60502259235477
303,329.7278737975213
291,295.05003822175684
307,300.43607734828106
373,320.0288559518637
533,365.73212145891677
367,456.61449971515407
359,342.4653856852596
338,328.86117622946466
304,333.8396964048922
310,304.76563977727096
295,292.5197159130404
258,251.56294923778407
197,199.895056539279
150,158.11476242171628
144,142.97792788156707
150,145.18594112549232
140,125.9628337278539
133,146.70958928079963
152,150.32753999045468
172,172.89849549978442
213,208.32923444619598
251,264.23755715451864
238,261.0884983329724
249,247.62975437616197
260,249.05822992829135
305,266.3877705485576
268,294.1020719925134
279,269.8723044574077
265,276.54642673223424
271,276.11986567295514
260,256.1908707025013
242,254.07734016826035
226,232.04783884061496
191,214.823336146142
186,186.71378331469685
155,150.26851096829975
97,115.13658864131475
85,76.01162002655354
73,78.55630588946532
117,112.01534254861036
111,117.45216088101544
150,167.76632265369315
204,193.42561733807133
238,243.5079185244622
228,217.2875935622375
213,209.76778963392135
163,191.88640585732463
200,169.3947861809558
192,202.17607182463823
224,210.96002940211625
241,212.08244809929542
246,239.06434680287208
325,253.3045821399863
226,302.4221965653013
228,215.3797847378679
209,226.74696522956663
219,207.5337352331926
166,200.94355632872274
194,157.3333558994776
103,118.18182946750218
93,71.06153976959396
52,62.27266543991111
63,61.78525800845002
83,94.10753092061643
92,96.41107206833442
129,144.55372280295896
197,183.81674441340064
240,223.10164304984323
199,219.61125904146746
203,193.7491938138085
187,184.36224220283128
174,186.08237549238967
175,191.0632112480092
240,212.4756311614676
184,238.65631377076343
198,227.47125153898816
221,247.94195873718738
218,232.54574792287946
189,226.98104729292038
204,217.62840084902223
233,228.19032056297075
187,202.90346750623021
200,175.37924747952852
118,128.6642773697989
95,82.23961045111898
76,66.81950853700471
56,66.85793104624584
101,92.89739416132065
94,100.35917568939865
141,152.87621101406756
191,213.05562693407492
218,233.8172752303192
201,216.00650140944146
203,202.26877880520195
173,198.28098629199286
197,185.30342507779548
194,203.0084586491447
231,220.3018542075118
199,217.90116885433574
237,226.46433479408353
239,252.23120758245358
223,240.19956619292114
216,213.17390428113302
195,211.5360744226818
226,213.2603261544184
202,206.4896927809764
170,191.51236064910282
123,133.57272120413157
93,85.94943272674969
70,71.97158606172762
77,67.90927288752225
98,98.60213378312928
117,111.43679258663393
130,143.46081668302458
187,191.28309073144678
228,220.8888211158652
216,210.48737396181835
208,200.7820357621247
185,192.07496056976063
190,188.16795720977362
251,207.30406053318026
242,252.81856257154644
235,240.06670673201182
229,261.1537536970819
264,263.9801343756443
245,275.9341919374507
244,240.73231481728374
217,224.1605806559352
224,232.9914515539831
232,221.07087582246666
209,198.18037511896947
163,153.37567091994188
113,123.96748513345548
87,86.00242939908362
106,83.79383582327641
115,129.93624075854652
124,122.61213177314204
143,149.01070080878407
209,192.5578765484816
254,245.51764254899314
238,231.99025901853568
228,216.07401881110133
180,202.2104138104412
225,202.45232467308514
239,234.3575436368345
299,246.06388513883584
346,287.5233958209711
313,325.77433993758893
328,318.99920546160166
298,321.45279459655814
313,294.1228899995568
364,281.50923709653784
432,315.81627977539125
348,375.2016098902602
266,306.9896746285158
271,225.3961226384565
185,194.74896098627127
133,150.14867920283652
131,133.58950881934135
158,136.25674190278534
132,143.00071511229459
155,152.39372865278182
164,168.95105973907684
231,212.09385439477154
217,249.37684725657132
231,257.1356266681042
266,275.3171404233904
285,283.3746610428593
305,287.1800637419238
310,306.0024755629056
328,321.0644833749532
333,340.68770837265674
330,339.25608461684743
373,343.4237251458304
322,350.3759729618265
333,331.687064784135
331,338.449039878311
213,325.6756067508264
220,223.61403627064865
257,215.26273015715608
195,200.34195470074525
176,148.85956100495844
133,148.46426815138108
167,146.67730292693918
146,130.98139776764128
151,150.61569559539396
147,154.57745989503476
159,173.1880707811724
207,209.65538624651182
235,239.15585935931358
239,245.03496830523667
203,243.20771949096357
262,228.94086694433028
237,278.1513075018493
288,259.8515195956319
265,286.7697851113486
275,265.4518515946366
265,277.6793383557335
249,253.56943374614374
252,242.41229345597634
269,240.64251371619542
202,234.03629013009123
241,188.35684680573172
156,171.24891801424081
115,107.59493997362719
88,80.98780115012896
79,77.53262556342733
89,114.62262499459727
143,111.55529380891912
168,173.20565800701567
169,209.00869054012628
244,236.16854610582618
227,223.28488981236868
196,210.58827867023314
201,180.24136912668476
200,195.19775898780816
206,201.59933494952708
263,217.65989607459298
257,246.1658993888305
243,253.26918802015652
235,262.1372999381204
209,234.71208866083234
214,220.15185944261088
197,236.86330489151365
239,215.03511043519416
195,206.13303901334606
158,172.90709172393937
111,106.58688556841678
70,75.2361515254022
45,53.16963565291048
77,60.09817720804709
87,84.95154582117239
96,99.15053225098833
141,141.90046368247332
201,180.6727830211615
201,224.38028318069698
234,204.37196899737387
256,202.86138874502223
220,213.07224216203883
219,199.55585198104205
232,206.41623530392013
233,243.30532769559582
249,228.98664556216943
286,246.4374366557902
295,285.76065182313476
280,260.122427007454
226,243.01148515949097
219,217.62461075665558
201,229.13666344067695
187,191.24775936257288
166,171.47383287277728
114,120.3303485784916
94,81.261921925777
53,63.67661230482539
46,59.51408279574232
92,92.3778584390911
98,98.35307218719335
155,152.72024666720358
189,223.84293861561298
239,234.83360700075707
198,222.3880780926995
214,209.69337630015778
199,201.473171003987
182,204.83125318007302
235,203.39618543435532
252,244.74125045121085
288,236.84489417147708
278,291.9845403853304
290,293.6944478440473
294,283.9152552960665
351,250.70833309454542
225,283.183510230594
226,226.16388554852372
202,208.5095764237061
187,181.74181734540016
129,132.09739743987137
90,90.09145596780633
52,68.64794451977534
86,66.10064850979887
85,93.1806710982229
103,109.87140859133474
144,142.77783592423935
186,194.79453509281177
230,226.20633033570246
254,213.8158225369597
231,213.09372249481623
236,204.92388368654173
242,212.43907227649956
248,243.98665581655774
266,251.90188788798545
395,265.062033436941
382,350.05458481204914
270,363.6710808313925
232,275.71913514257983
237,240.10586312222432
212,225.43609288505334
256,226.61479993221658
217,232.00744756501973
183,196.21713829984833
132,112.96667591219202
70,75.32112184388039
49,41.902220335360084
56,41.832172979265636
64,83.25623916283075
109,124.64824448690179
155,187.39817501837464
232,245.93258500530322
285,320.2904276244333
291,279.4876953027053
208,248.25983303239133
234,212.1654946371493
200,237.20766033048528
212,217.70083686177352
223,242.9958416846106
224,232.1738408935517
244,249.89056915576106
316,275.7074609974845
406,318.06910822824847
264,328.1794586879382
254,234.67036311605787
206,225.9553694490064
162,204.35245190457087
178,159.51545536263083
115,120.73776028312366
74,74.16401936938801
33,49.02994146458601
41,47.532761904442125
63,71.96546656007482
108,112.97723244631274
186,195.93718814150077
265,261.08226858479964
307,322.93884794897224
273,283.24227693224105
217,241.49954285434887
214,232.92190850280645
211,227.19226969084588
211,230.9986186856025
218,245.11359264052177
233,238.03833822768112
253,263.3155809370671
282,309.26004183082296
291,320.99903559015877
274,279.2016028848288
245,248.02797520709166
216,226.4520074635725
209,211.92936004686098
178,189.155372740901
137,125.39388182710975
91,77.71333976233234
68,56.008657235116296
60,52.4209503546411
87,78.49307929585333
105,114.84834942705997
164,191.56004190555666
259,270.8065841915441
278,315.4115751334347
310,273.71383763511085
263,242.40283096917514
249,239.5615883789571
267,243.45094029485466
268,269.81845308444053
282,271.1789758569096
261,268.4218051959001
290,276.23059216293586
323,307.68503303953065
391,329.00189277732784
338,345.3698856092066
257,290.276894868353
249,239.4532474561028
269,239.449306724394
248,227.0745745014883
179,180.1786983524293
136,120.65113418134072
96,91.65756647665796
73,83.2817518167586
79,89.4096295058971
114,94.66803971323796
132,141.36669815425049
122,161.70086039349135
140,133.4714162352383
210,177.4981071883311
179,229.46695061928204
215,210.46615072454296
246,234.56902294400265
243,255.9532600139921
282,259.59424032716396
302,284.6807063402294
326,325.90038013470735
325,327.83726952126216
354,361.8054576252678
349,393.4389706160906
300,325.3432998485635
330,285.636756535424
318,329.2543985211489
370,289.60253339774465
308,265.9568068865513
227,191.390356741756
136,131.71841737186347
102,97.08990155333446
104,87.19337561811363
95,103.21866412898406
120,132.36719416576128
146,163.24604313679623
159,195.7052058091748
221,231.15692775410733
201,266.23228216616724
215,248.39431074947035
228,253.7064029394907
254,253.82640214535178
289,290.6243796060531
243,294.72542747356533
255,295.6566107043099
292,306.3309066349902
332,328.4151772763627
266,339.1384367696921
242,286.83883464086034
262,296.5972410274176
279,302.82604893463196
294,288.7990623336201
187,258.8008557336244
164,153.8446912736103
107,119.7341464946976
84,96.09120302207411
70,82.9676987148961
99,83.35946040798525
116,117.18388936733687
149,145.92755393885435
174,188.28346228644608
221,229.8866424403639
227,256.3964651143406
252,257.7911011750294
231,263.4853208915198
226,246.81478118106176
242,255.3373117980822
251,255.2499543721111
239,265.3905025157131
288,261.36255777329495
233,285.95283253826614
239,241.61776818969724
231,225.40778753834084
216,238.22679561452966
243,231.87860073332334
219,209.4227769726996
129,148.38008805431718
88,81.35994850879332
53,54.94020258660609
65,48.922898756317
91,84.08974131548797
117,118.7495071341151
180,179.52409133153154
254,268.1906437928767
303,313.50598151342166
246,257.1253605033132
225,228.97729911423247
202,217.82013889955488
180,225.39299672957426
175,205.06777979372023
221,209.3217827445291
215,227.91024808531452
221,242.64970496129146
245,258.2169198879131
252,263.95099154586245
187,226.6857843583358
169,189.479474796932
167,173.53786083087056
171,185.68526915193956
145,156.99642903204486
89,110.3363154480597
60,68.46047021182515
37,44.045423921937605
33,45.847166071852186
67,71.03939548000119
96,120.15946330944206
175,176.07690876664802
268,264.11119247567245
336,323.29056360973516
289,287.90855615648724
260,235.01072979687564
216,234.55443218592325
207,213.51047540790086
217,214.30476079956208
218,237.84773259807898
210,227.36291999828944
232,232.2606160950493
288,268.9911770950727
266,305.4310397868866
338,248.98834496580832
285,272.47165935087946
175,238.72263103097157
192,180.47271464582923
141,167.3257913123127
95,108.86787608540409
75,71.19726005318569
50,42.331543419543515
38,44.86235115536631
63,70.8039289664375
110,110.6616923480674
185,193.2205851202246
256,274.0990613854381
337,322.9467696295015
248,292.7689104684581
238,245.33885374657606
189,232.04633461840024
233,210.03783089595234
189,238.79172333114875
256,230.7158882479069
221,247.56003240418931
250,255.96944739448068
308,305.0448744342167
268,308.0685554457114
245,278.0928811460173
202,244.00889137362378
215,203.49664391026502
235,215.96533618545737
197,181.32343274978453
137,127.97827245505175
73,85.41426668560429
35,56.19601225012346
44,48.43909333657273
56,77.96377665916269
106,106.23981842033612
175,180.3357280795519
268,258.5835259969077
354,308.67017125249674
304,299.9551296920407
221,254.20346388447544
237,224.43275421394634
203,247.73281999196678
219,234.19643726626273
242,256.7188940758242
214,251.05959247925924
244,249.63272205584735
290,297.97783641388594
257,318.3574820049329
259,276.6827464535135
195,240.9185564720428
246,215.73444623914787
228,250.62201443126537
199,217.05123725257837
127,149.84192463208782
72,86.64744036252553
63,61.613684305163
69,66.62010753049472
84,79.66172231112387
126,117.35817931162813
139,168.38336670491918
250,239.0810662963475
324,298.22861226644505
307,296.54820771501903
236,242.64157372592274
230,234.67219604175992
227,237.85237403480753
248,237.22193516770736
247,260.1066766514814
258,259.3707028934756
286,284.4106165983816
302,317.72815829715813
360,321.50121733367143
318,344.0613061674903
297,295.13948641384326
265,292.6005681270439
295,290.4982062710779
262,284.0225928403902
180,217.90192321097183
150,138.56795694901862
84,99.9435993170457
79,88.2049453355446
85,88.0666571714982
131,96.45776028672644
127,136.43170563759054
169,171.3979070686803
253,214.21035754041424
255,270.0851461057363
268,261.42472058339933
305,270.22787830041113
297,286.87247122601474
274,287.9447425451103
333,287.6417692838073
288,309.57736616414036
335,298.01339615635817
299,344.3449028869043
368,335.97968314450674
317,331.9170242510683
290,299.87548484821593
307,291.80432900122645
302,314.17080307887016
294,291.60332179600016
256,238.24049483127658
163,180.30030232492277
118,107.43128486952764
84,91.46731508166462
80,80.81835082731149
91,94.17613915212924
145,117.84144442619294
131,156.91298615365227
186,183.98300490588716
280,241.21058256870887
275,275.6429793021416
266,285.84777105274566
268,274.2981247809483
256,260.0215029227337
275,263.2928745504747
292,267.22120291821795
254,283.44742856445043
238,271.46853187828265
272,250.650754078127
282,252.14987442212953
265,251.72166191958283
227,258.2923898281245
249,232.8576883742782
214,218.37226834766264
189,143.15916979225804
103,104.53949329838701
59,62.629205414801895
65,52.89493093751575
86,85.75959820030775
108,117.58722109950995
165,179.26087852876714
266,243.00015005275478
292,314.2676551951868
252,253.70121643434186
198,234.32190060456531
183,209.370784828971
200,195.74123008948393
185,205.2063313379498
216,222.78323871763254
197,220.12200496068297
217,224.9050133044513
317,249.2096523498766
357,304.42276998028115
352,293.73935307622196
240,289.17237085320255
229,205.51778503698776
205,212.46164473121559
158,166.64969981449207
95,106.17549229624892
47,67.63873843973592
47,42.92333012037016
38,46.60476119301882
78,66.34590079587126
112,115.10831701777887
148,174.5642064441462
276,247.794083053634
287,316.7134619379944
272,268.58580130236476
223,225.70484518389375
193,219.69783138725973
187,200.36271477186193
227,208.9891410122858
226,237.53560547570657
195,218.52379608087838
220,225.68225016428448
249,291.1349509195807
233,298.3014112342901
245,265.9474153894249
208,250.92617553923614
218,207.06523990858418
208,203.46557393540488
158,166.59965730215114
110,108.28133765598302
71,69.77711398370433
62,46.09305921009494
46,44.32525182108256
71,68.6873462956509
106,111.05423747336894
172,179.98396778727516
257,273.7001895684629
293,317.26001812228395
268,259.8811408186771
209,234.93590704098497
234,210.5661973910058
213,222.99338224378764
237,225.8546722449689
235,252.32811112305978
239,230.93909632425357
233,254.40078485400812
305,272.50087503798494
254,292.2338864153035
248,245.5466616938163
233,224.54294752485052
216,225.76776563778733
201,217.3687046733541
194,181.04733353823164
121,125.81849722699106
79,75.32569668040757
44,48.86521725396413
62,50.56489410943327
62,74.55660774024234
100,107.56749953401871
197,179.049868636238
293,277.4577271294378
317,315.44691002433154
266,284.40391191802155
246,227.45720187185196
229,240.14185319400846
229,235.2850928047744
233,244.96928388345128
267,253.81878427669966
239,255.10442373224356
256,252.17394394722456
298,302.1985892842601
339,313.25832042761357
310,301.4792800464431
263,267.74820181673624
205,248.03422060047637
238,222.9331806485317
213,212.1070673819163
154,142.0612981169876
95,94.56255104804323
64,68.17648926156114
64,71.51485229565742
87,80.41354226164732
152,115.14346898406312
195,166.99009485751475
288,249.44940212405956
278,306.7679657637315
291,262.0313493283037
248,254.59365114401493
229,238.96136487503975
237,238.73118443753788
247,242.31696034476317
246,254.72792786043811
233,255.0158219023862
253,271.59654114938996
320,301.86139750772895
294,356.04477990028875
337,315.1230913601469
271,303.7789155244999
305,271.49503285204503
314,306.0925553361974
282,293.23886862107895
227,218.47092242742616
160,167.80901124663893
86,106.06515856604132
90,82.79498130975676
83,89.9115963095581
112,98.92082316547909
140,133.81238685215737
152,171.0867208942005
201,200.2737638845861
254,247.6553288676668
272,259.7250800374998
281,273.6151847084999
267,278.97460771844425
287,270.2694275884598
299,293.06305986156667
304,284.47294168949804
327,306.76884738652467
320,328.9005090131654
384,333.8087420163286
365,351.9504368760274
275,319.32117497234543
296,286.0325345132295
323,309.9606863390103
294,301.7854044424808
244,227.6165538238675
147,177.0248434503052
125,102.4269255247406
104,96.19463016162427
99,79.02656208902154
89,92.06190299297691
107,123.27266809917953
168,140.21384528519283
199,189.24557135245647
262,239.7089271350728
270,270.38238488307576
300,275.9938998056081
272,285.1307295695913
263,257.3943221854692
297,262.6908197184832
285,290.8770974288437
286,279.81266632712646
271,276.5446367862388
274,270.1190621203966
274,262.83027002266016
236,247.5752022525478
221,230.25412296256187
236,225.55611612027627
195,211.61026908397884
147,133.40021552373358
68,95.16858149548811
57,50.81802518382465
53,56.21241047386963
73,83.3223064581061
121,113.17396950509432
170,171.73219763857944
270,255.20617684800092
298,303.8844703579912
258,255.8397252507414
216,221.8106955085638
206,201.75967573864057
184,206.71065583301848
201,193.59431837655083
228,223.17067714756874
229,217.0459977451186
264,235.465390564862
262,281.0963040138361
253,277.60532306871625
177,227.34239288470908
178,178.3264579304072
186,177.5381268057685
166,184.45404203292028
161,152.07195777703345
76,104.98247844549302
70,54.10324629729264
45,44.29967185138429
42,40.57731687310938
66,68.67164725606052
107,108.81865275033182
148,167.0598870465201
255,262.80910977679355
314,307.1859247691496
255,274.84566797413976
235,220.1173060748879
217,214.13259419440058
227,202.484619973672
171,224.128505077784
467,211.57181574250245
406,340.0769707743709
358,354.2364960242456
274,350.4458155166445
275,278.04374048934915
217,249.66016375394915
196,220.8074047640361
182,197.89290069180785
229,179.069499711585
186,177.22951374592495
131,107.47078250005274
84,74.40180969001972
58,51.13182392533439
50,44.38790328813639
58,69.674082350279
103,105.79397767746565
158,171.8985428955575
264,259.8187189034293
297,321.1222735567246
279,258.4273501784657
220,232.33462477362008
199,214.38517714522246
201,220.89008973131362
224,210.2752835843094
236,257.5132397113867
189,250.67407373591942
223,238.79730625809447
268,280.478510319751
237,280.4616946781849
264,236.84027061643368
205,229.874013636452
189,206.19892978356253
217,207.9075134364512
193,190.58538319661645
138,129.25130152257023
65,82.26665916885142
68,49.529407520825835
46,58.32117579901423
70,67.71067573082935
102,104.19192624900151
167,169.81825388830924
287,265.74574614938155
272,319.94637812131816
279,269.45419639147264
268,235.26175408465812
216,235.73226822311224
202,223.0292366897492
207,229.3729723084109
238,240.5564690158832
215,233.6039880110457
220,246.774684685241
292,268.54818993166526
280,298.8128453470025
253,277.472476050574
228,232.02568309223443
240,219.74378243742814
198,241.63176002361925
209,200.44162924461443
123,154.10807095623923
93,88.1943957940835
65,69.41256817108348
74,63.55987070162399
73,86.70559771378971
124,123.35681448167149
176,164.24158023004736
245,284.6858158701947
313,311.21694389220676
276,283.5663557272656
270,241.98663678402093
233,239.66921121390882
266,231.59293019747275
239,251.99566525451317
299,253.30836405757358
320,271.75582538459327
402,302.2391494580497
313,396.0147697759259
356,327.1815880885687
332,335.98691108030727
298,293.7227790589998
260,287.97661337061294
294,282.1099587311745
257,276.8152770278376
207,200.53972511243998
145,153.37380538834506
105,102.84952524311147
71,88.10029883381826
92,83.26429999558387
89,107.22157492103315
154,130.64134923564524
172,166.67474330945728
208,219.15795328765708
258,252.23955154663605
280,274.59655254876645
286,286.61292659175103
262,283.5153015471232
285,266.2958337490079
293,295.239503972827
278,293.1384942001182
317,303.5082839829602
332,329.6853651529661
351,360.1243181106479
337,336.2810388193893
299,303.8922601465533
362,290.4242211424568
371,337.34252102676703
315,325.84420532724585
257,239.40481502036573
175,168.64967803458075
117,115.61503431993002
97,92.18452296973915
98,87.54590770872524
83,91.91733184665874
112,118.56691895913288
148,144.88015811828123
165,183.692533961331
245,229.3647496042856
282,271.68642743958355
232,285.7604117788859
263,246.68661936578854
240,257.00695989629133
281,255.62638945401446
260,274.7238394799065
236,268.53506070368627
257,250.89419975778387
256,265.9056668374478
215,254.1300300587606
254,222.19371176027934
231,239.99323394272693
188,236.60636848764855
193,188.04505399619057
128,142.4479982770214
71,81.37945809522604
51,52.66447873782659
58,56.864431298462264
79,83.12987394341073
120,114.029687110706
149,178.10244338851095
269,242.94343043744777
316,293.9157281669219
254,266.1088591001433
218,217.8614745833956
237,200.43144026313558
217,213.89377912504185
223,208.32112040596695
246,227.27372029240706
240,228.37573461725611
231,239.35241578217895
251,260.624466648907
261,266.50317976635915
238,222.01375618152136
189,208.1506065490418
183,187.29817501969765
190,176.66049477609465
173,156.71063731886366
112,98.29767739162168
75,62.548492913026024
39,45.696761218906026
42,37.105813658005964
65,68.9068260963253
112,104.37043281208877
177,164.0022541627431
254,268.518762753762
340,311.31474377960336
278,276.36808270310524
215,228.72822225060108
187,211.5828814378189
247,200.4348016149147
204,227.75843631485944
225,230.21493461526117
245,231.6623817063553
211,257.87349639371195
334,256.635599362234
253,318.901117508286
236,244.5585850254374
207,210.9642455528528
211,195.08672068361884
221,207.54190780154676
163,175.17221327632376
115,108.11791231493869
70,72.76602423999599
39,52.05661492449992
57,43.678637991768234
91,68.78618795673567
115,109.19410776071442
206,176.70057486993457
338,270.9080486055623
410,330.657562872435
340,313.7169904900555
282,249.44575411365398
267,233.54991857370715
251,252.23709213004022
235,234.89342621527555
251,244.16319492665414
254,240.60303125188864
263,242.43261180706068
305,304.98699276449344
321,290.17670739221404
294,272.8267963775052
210,238.71330933638635
232,207.41917578270025
229,227.2806576249143
167,188.888477202599
120,123.57063016556498
69,71.56743102874154
53,49.01936849261355
45,52.401117039639026
73,68.63959471220556
119,104.72195324505908
184,188.03173450039355
291,294.77579785230296
357,331.7163050554291
319,304.32115661886854
277,263.6018946639039
252,256.5490222465243
276,237.46828032414837
246,256.93038321379663
312,254.59958675914618
353,284.15690578963785
481,322.68929935372734
353,438.972389451012
284,342.30739550822864
261,278.07617643265525
247,231.13070960698863
218,241.21745476206723
217,221.89676424760597
221,193.56188964563117
74,83.46646822443724
35,50.597697293638234
39,32.818344113537364
46,29.156475527744444
55,44.668340706606315
61,75.01928418566308
107,128.47682991344107
167,182.799699125205
234,237.82225708151034
209,230.54870897917803
169,187.38710822741558
141,178.70499866251572
135,148.7096896604018
138,144.03123551497592
143,152.49559625727568
151,157.62245668285033
174,172.56128506333792
246,213.43189351554727
285,261.8271466199369
309,251.66956849070738
208,234.02131816830024
197,180.7811554701987
134,168.62401989336868
101,131.75274018184925
83,80.78674390573943
47,60.272480248511066
46,49.96697885603013
32,45.66164378579159
55,53.02879222146598
92,77.96613700317025
135,131.50086251105884
167,188.4775033520426
193,252.77205038155464
196,220.31827224075167
148,179.01235312717534
139,154.88626980058416
167,147.17794520676347
157,168.95436827589702
137,166.57234247446044
163,157.8359643276235
173,184.0806398327
241,228.83974239744032
227,273.6184738980234
226,255.02960176450821
169,224.01412267371003
194,194.2733841788255
159,182.76932483546295
135,154.06064766813688
116,117.30602312344242
53,89.90027368569815
35,54.88536393424845
43,43.04901929721712
81,59.35652677347289
93,88.6131586665748
96,126.86998687446861
158,169.34099636626635
144,209.85575406613063
174,199.56022099780614
155,180.09640344769025
170,167.96235444045644
169,183.06380307753136
163,181.4724470767226
170,170.93009641659742
150,176.77347077380466
180,182.9089237827
190,224.8307508030369
246,232.42084855547265
191,257.1294955059092
141,200.60394162389028
126,189.0913062091147
144,166.00430398878026
154,164.2045233583492
160,143.34360613999976
125,136.97286015158744
98,105.69941893127768
71,90.1763193795712
70,80.3376792307456
57,81.7043389745057
68,84.54240105998171
75,110.49735601139211
71,102.97612781349929
104,90.11369219867937
93,127.31949342890167
134,115.55691223077427
112,159.67262239091133
105,130.9439618480719
111,132.6426896383644
105,143.17109439361823
125,144.45585232115744
123,132.18382263457565
149,164.66480833656874
133,166.91793686037266
109,135.44189782573707
98,102.56833690496423
119,98.61058072474492
150,99.71127829089168
175,181.90216225059683
121,175.27341041940895
127,158.04486130861898
89,128.21004716798623
64,108.10186707774695
45,71.11230047764913
40,72.3963804965952
34,73.21043077811716
56,89.59375202822835
85,106.5455270354651
111,125.68346386472489
156,160.72496728957466
144,183.11215617452368
127,173.7567118417844
109,159.4396118836137
132,142.4256180145654
131,164.34173344595806
191,156.36068327682602
186,232.06153710526016
167,217.05149904626714
153,173.6641659973736
140,181.56031978718573
161,144.66749790544503
166,161.3729300912362
171,191.21568102808465
138,155.63619110610028
159,140.75432121474842
99,121.56870951425536
68,96.80219231219037
47,62.88206979181162
46,59.88838205579456
49,63.23217545053461
75,79.47187305764926
103,112.11003031455247
143,135.1759645823247
151,174.28667619732778
148,164.89256734950345
162,150.1402264353933
150,153.30319125894454
147,145.8535072569523
167,141.9902154068726
144,172.7690203177852
165,160.52923116068476
156,157.2417892280992
136,155.7568403530404
130,147.3773533606406
89,138.5029498754942
82,111.51343582122824
58,58.41664004303753
55,50.06738028721145
52,52.832538618363635
54,45.9006934795255
50,55.59804205980443
54,84.06254496694933
114,121.49319382820802
133,145.81199722009904
201,194.7685243987639
185,190.63376775874346
133,160.67375247250254
112,151.36492029227045
143,145.26536336061454
131,145.01898688079783
137,148.48408121855832
147,152.4194167976835
146,161.47024073315282
170,178.8435171380605
198,203.54215925534257
172,193.15271974893952
137,167.04906351007037
137,156.38280504944828
93,132.95454215972097
75,102.8308724612614
44,62.86223267389981
36,39.314013575626454
27,34.47436063035278
20,29.437646439191088
33,42.33442942716908
48,63.82640988816848
120,114.37054746606879
192,174.99911770977465
255,245.32008815007734
209,224.47920170650613
160,162.16930596975055
168,152.00302075745466
144,160.73676423808763
149,143.47119110448446
144,151.0312033389773
172,159.18165032976063
168,181.7721006461415
235,212.27629216960506
252,257.5384853723779
314,241.19388584063637
238,229.95353649027712
177,201.2425850589769
165,159.76014174655637
120,115.96293998534303
97,82.45413728966534
54,57.81004331498464
35,45.87273215103461
33,34.93009245641101
45,49.52133020816098
67,76.486429018493
141,129.35231740501771
188,193.30761388601235
286,262.9257929576598
221,239.4108246094787
163,186.1550874106369
153,164.30808690525748
184,158.80282414359468
146,178.11995615548247
151,161.72286585080994
155,161.54419398575914
183,173.85800100426258
279,231.26075663261759
291,286.7992416340047
242,279.30579257105995
257,223.53725590159797
208,217.20078556571985
197,184.01070786309586
173,158.47786563993574
127,126.0868374521019
55,82.89722633722178
41,53.8957291701999
39,48.18651331441862
50,61.59956169162165
61,83.9857503261988
124,114.44985741429952
175,169.17768262197586
267,236.33352590930795
203,217.85582884244246
142,186.63968209504316
154,154.48576803198168
179,174.57869956269016
143,169.08725577890917
154,167.4914423385633
154,165.40971932041504
177,187.1245619310264
256,215.013134207303
274,274.0377064986913
263,259.94929552359366
213,230.5118646212482
277,195.68298750864662
226,223.6579357941292
236,190.95382995297012
188,173.3572356753496
123,138.63879850223285
82,92.83830093461839
82,76.43428990369291
60,75.22911445888955
91,71.00367359935339
123,112.84040171656738
156,133.71091383903035
216,179.83876403933533
198,189.9284689280538
166,174.29842730933603
175,168.34101516115982
146,177.33506580939334
175,162.15927114002417
157,166.07733114050814
177,155.70879809431915
177,179.35065022789738
281,205.92287009370975
329,273.2438934901257
285,291.30994738622707
280,254.21520853395657
232,261.5517171452155
291,244.954119681972
324,267.14316210586946
280,251.06018291801882
216,203.8933482428343
208,169.04820920643485
194,148.35174118864896
109,113.5678935065685
60,72.40356263611109
57,68.16163802069501
83,62.335210519188124
115,100.33915213947398
145,145.57255109065417
174,169.27341978928737
216,195.30260280979186
211,195.22048968527372
241,191.32703162465174
206,214.062675779614
224,190.44692750920507
237,214.8368541383109
304,256.68386694524406
274,314.27773393948866
289,272.85261669442053
289,251.73076174649609
296,271.4761003388829
304,304.70086971627603
294,277.96135058736473
284,244.48429908585135
277,221.83671141043317
229,206.3062847727688
190,158.314145505755
104,113.31345933816796
79,70.67956975916289
71,65.0041327416945
68,77.30774095249173
104,99.51415498012993
157,137.61662440653632
199,163.1100124458027
217,191.19179195223867
198,191.63569445188497
182,179.82200254800787
177,166.82808288183205
177,160.2962713150605
190,158.6943707272276
204,177.1694948858518
201,184.89972671555321
179,176.61008774059238
159,161.9239407150506
159,158.98508730671725
127,138.25188040877205
94,109.78327525665067
79,64.46115320942229
62,57.46843305563082
48,56.655149598324115
58,51.41288138537618
63,58.4860595493103
82,82.19044593439708
143,128.39324326292706
183,162.9443921921011
236,211.22042750516493
208,198.52613526792095
146,171.89383197931713
169,148.24649565264752
160,163.86642569105177
134,156.91917000198703
131,151.702177205337
173,148.53129867472182
168,172.24587013408106
232,193.00846435534802
267,235.3328351087073
315,213.65375755245114
231,220.6428648218294
201,184.30330141777674
109,139.92120637773496
80,90.60250282818966
50,60.510111782152315
46,39.856299451958364
25,38.41840091135582
31,27.14374680585599
45,45.20671428056286
86,63.85957778501649
127,127.77803734546963
205,194.17170097278037
256,255.4427137910238
222,232.09150018351417
158,167.4504297942618
159,158.21771771990822
138,157.78599650456573
132,146.56711050396152
144,148.64030443074617
159,162.27551268456816
149,175.9002565141691
225,210.272616801147
299,266.6436852577896
254,298.33543041104497
195,232.78185724544906
192,190.83678209299896
199,164.85573030334422
134,129.6214608395547
95,85.90195312625364
59,62.13990847198398
35,40.15671259989172
28,31.63096699618298
53,49.437865268302424
77,77.98957514403156
153,136.96035641595444
234,199.9969924125985
333,286.67918755496737
248,257.9135362741304
192,194.08587890033542
183,174.18712424805923
159,175.21498384484244
167,158.71724774855048
153,163.3717943843105
164,162.0190288867236
191,182.4282324484696
294,239.87111164530415
289,308.23187317074763
242,267.7865477405542
280,224.35766209573393
269,234.63429993834643
219,221.98066033704455
184,169.96238976447327
125,126.63864606879119
94,73.12573996491216
72,51.243672707912566
43,45.88029999389152
74,56.20537255379237
82,81.87569596425146
122,125.49731293605748
216,182.92556122532775
267,261.5148833707339
247,251.23505702887277
194,190.58142329200814
171,170.4258572301436
174,172.85953597498198
176,164.7745321416812
199,174.69790237603817
210,176.43529110312664
224,204.9012669818735
275,243.12591955576818
297,289.04706785078326
310,256.4732075945928
263,252.58086980748394
296,249.62448741786616
217,244.4855983761327
191,195.90985033289277
207,158.36412924089606
134,141.21461610944075
107,99.60174763052163
67,80.2346240336244
89,76.24735942440302
87,82.2446396175098
117,113.63516319021188
175,152.73498005762892
186,198.82256931789118
198,188.260153654241
183,187.18895755965156
183,176.6414499665752
171,167.44323592498986
185,169.03613245846802
164,169.7740468874875
147,164.84636100835334
204,173.33226413967233
244,235.5130051009334
273,273.9297357065827
286,290.8314261095955
264,254.06100731263228
234,266.12356455124643
287,251.5500385059073
319,268.6643456770138
224,264.5470882159533
224,185.18272044679654
205,186.72175092341774
158,145.13011333397205
111,109.1771151623354
60,71.30774768529028
62,63.705055607134405
69,69.65872930534798
140,99.255012285753
149,163.31698052352
199,169.5036998044445
225,212.94430069417066
247,213.7298993822077
203,227.61040751551027
207,185.65892838047446
217,198.41692477763144
200,218.0294902657377
301,233.38125438036016
304,294.51889175236016
352,284.48882928201755
287,299.363451482168
272,281.4917704255876
321,280.0787894151659
310,290.8988629574429
246,258.8613878056326
234,209.1058939262498
193,205.3582178154436
156,156.8049854522233
95,106.54897090752668
60,72.46925792990174
64,65.32205695228278
71,70.01091543465849
98,96.69131382517179
145,129.29929301408887
172,171.51154605647955
252,185.32710595468401
239,227.97752824414368
202,214.03759171716217
189,185.95916987703032
192,173.0385308235574
206,190.17111968933105
232,201.79149271686126
229,228.1676104373962
184,192.96668463184818
159,162.5143216232885
157,156.48282760739139
118,132.88874865948844
87,105.12355134288413
82,64.67875207424424
59,63.59442468178827
51,50.878509344859125
49,57.06111552975945
66,55.49390636163463
91,78.14973404268713
126,128.15319354657538
191,164.03913689292142
219,216.1833520768809
181,192.24527727413073
154,151.06502053168535
141,144.93925513334943
121,146.64254894412164
112,132.1588968324258
130,134.00822996723304
161,144.51696159031582
124,166.70322864583164
172,171.18923042034328
218,209.0770249589754
168,191.85333475794053
189,159.7876333112417
141,167.46945298573962
136,113.06919203263504
85,96.7024770325509
59,59.78831210913245
40,39.83288307513829
29,31.709672588553033
28,30.329179074478166
36,44.99983241677396
63,66.81769474034489
138,120.75107161355008
192,195.70011543017466
244,244.6309445348177
262,213.1658700641475
160,189.66856775615483
150,151.18874382420609
121,143.3085271259975
126,132.15614378587767
130,145.70051340005207
143,151.1332533440623
155,152.32573738324794
208,207.71428495342738
235,251.1619028749191
205,240.7101826842261
168,198.0833546448754
176,172.74124691224554
146,156.2786190660336
136,112.5426192406258
93,92.05181741994163
69,55.89447807984414
43,41.30828551833045
22,33.75188883829645
43,46.88239123271198
62,74.36399818975696
125,139.39683897111934
209,193.598509610807
283,271.4271433649385
219,246.09790839667076
178,175.10704477917835
146,164.4376375633009
155,153.03482357067983
130,151.67565981989432
134,145.61067399382242
154,150.48339389105405
180,178.28827446707754
224,229.51467348743967
264,254.62691466572068
215,241.39716257072465
239,214.17110827799
245,226.64427489738313
191,206.51169712790673
153,162.93670376930308
105,116.25046909773731
88,70.7649132240441
53,58.02037565210102
46,42.37530717122476
67,64.50124242917077
71,76.41448409237303
147,116.42720563618933
193,197.81071318843942
290,256.18070747294456
236,231.83107125096654
191,190.59476432707532
162,171.12869644127224
154,170.86090313635177
143,153.3458333648447
140,153.75537863009544
145,156.1929330779166
196,180.2344592308921
251,243.90940947869908
262,283.34012192010414
255,250.9290286145318
252,237.79515102071602
243,277.56694217040763
228,218.81381616780808
191,191.31111485826003
161,159.72752671121646
140,127.98609328128634
123,100.38976724526918
82,78.06755194170603
117,77.15386374529088
103,89.25733435097861
130,124.01113608415062
156,184.00680890828085
206,243.88891389991556
208,211.70578432123523
194,200.83005959142798
206,179.5012644681313
185,181.24488197817115
175,180.75178385614248
177,165.89155888105043
217,162.33799103536236
246,212.76379326587156
286,269.07817844865207
325,313.5744222349444
361,307.285460727939
318,294.24889307407193
274,271.1323250509532
319,285.56024031630994
309,290.15224937487494
286,249.88365496583737
236,225.84700035169934
234,191.906815101708
153,161.26103205959157
109,111.26723376659176
62,68.60616512011023
67,60.92522932096295
72,73.03891040191887
107,113.24489753485226
128,152.3369172219242
199,175.36095624578604
214,213.16608567677264
231,217.93471678317638
213,219.42061489318112
218,204.23833987016133
215,216.26479809333387
228,223.08466507306218
239,271.45734269814966
277,276.47198855091636
285,296.530615959422
243,281.8553988958255
224,261.9686626485378
232,258.7358733843629
292,241.30803908527758
316,251.5662322191928
303,248.7061663252013
259,227.44321113258624
184,155.77981182352897
123,114.22167647916736
86,71.79906471280327
89,71.24624635920922
71,77.71348979485823
104,92.39881009214173
156,131.2758868801749
189,183.46176249353937
214,201.58846734892785
213,209.90143317278523
260,199.4769155322336
199,229.11790285077873
182,187.88878164014997
189,185.62586508462599
213,195.9253145974155
237,206.26778336644517
194,203.25282242204142
151,162.20397761398365
188,150.1638823299879
133,140.79660448072946
97,90.12569707183668
78,68.86503716341907
64,56.56932273788894
59,48.019565050417704
53,52.89897520185697
47,62.32631299108217
71,75.9065925775544
119,127.79030547306797
156,169.90323253096386
231,213.73300290369008
187,196.56673873334358
160,158.69429152558718
163,150.25884993914622
142,155.28900451994366
157,132.37695684407893
159,146.21520814630975
155,166.13906140086326
168,157.00702154211362
219,198.04918769297333
254,232.28158008910088
226,211.20208229155887
186,197.65863474673586
151,166.5824062348401
123,119.70451400430194
107,87.53635002559834
70,62.69892530072637
49,45.238044280999816
31,33.24689922158788
21,28.870972636495136
45,37.300585343338945
76,67.7346760338026
111,130.45159897273462
203,181.99289631461696
327,251.24205516976397
338,245.02388165140195
211,220.2021004060997
195,179.27627979730642
180,167.37087705954306
180,162.74366071936757
211,169.3568639826549
217,180.38585240460205
278,194.5935797599818
275,267.9564846221855
298,285.41013135685165
291,265.3072675661997
240,232.12575126535157
213,200.65390317839982
154,175.03225530160722
145,129.58166248848423
80,95.7949796436316
56,60.04057993135039
53,38.8666030771908
37,30.55372108831608
46,49.65265224472127
79,71.37786052387148
134,133.14087593869365
210,210.67469994438216
329,297.8343257139937
247,275.99769869638766
204,201.1925959816291
180,183.65929046648404
172,173.96685163506345
161,164.95289289765952
184,163.88258210082373
175,178.08154678362112
199,196.34063913280878
268,258.6185316634411
315,293.5052088718257
298,282.6184261578051
235,265.9240239573347
230,232.77802022693692
191,200.50633104549408
165,165.38410418625082
110,115.43427219778822
90,75.33976716597056
59,59.99073276563638
42,46.324191376461144
69,60.37574257694051
99,78.3372814441327
121,138.42368689537878
210,197.41126993988314
347,285.11034427958606
473,272.8038492571737
232,308.28744810329874
209,199.10062700896864
209,187.194908263285
217,176.67384063172557
180,191.9605853055416
197,178.42630935568133
208,208.2380363475705
249,256.5052934285483
239,282.44350617247846
304,261.34361499020457
238,264.95451521380426
200,249.84025552935748
240,209.47628191174806
177,204.14704427114316
58,67.88387061264979
48,39.67945158376972
34,29.063179383271397
33,30.887089133216822
53,55.458824653749126
98,82.65631225875455
137,174.32004431967695
209,238.5574751940996
320,307.208373137971
277,271.5131675845445
246,241.14076375619234
211,236.64582479714662
246,224.34408064635943
225,247.45527062671792
254,254.09816244369853
261,267.58875198949517
307,280.65965324609624
355,320.9382159209323
378,339.68208334962674
322,300.5561594047831
220,237.9785580240169
197,179.39651717459986
160,161.3983622763057
124,117.57417403399664
75,80.6976105550951
50,46.33120812781168
28,31.360685295445276
41,28.423181438254137
81,59.04227582207918
95,91.53848207334991
141,164.39584261018962
218,227.08786459411314
335,323.1176365337083
290,285.57430282964907
231,252.6697027019512
223,230.5947200030153
236,240.96591939618054
233,249.9475844740077
260,259.1943802042621
290,270.4324587996125
244,307.31242488178447
294,297.04841444133365
361,321.9651836272095
272,317.33222939301555
230,226.66335743858838
204,214.92325187827313
172,171.53814582783917
131,125.7335018474115
117,83.47659390098347
68,60.3580719039597
38,36.26532233998843
37,40.06474221250823
94,64.15202004398104
97,97.29369976478546
155,161.28727490340367
195,267.3591485183975
274,272.8975352653779
264,260.68063324599797
257,244.32869109974607
268,238.2089034368464
290,258.4872614792616
268,280.87437689174527
287,283.0296628928005
282,283.4013127288378
338,290.7182887294788
367,338.9114474141902
377,375.57135765853417
327,321.7891940929419
259,251.3278384028063
235,234.1439387359014
191,199.6630514965075
171,145.80451096985985
131,128.77219555259174
83,89.34499028629165
54,52.22435858127928
53,41.575646699285016
58,75.50376121799725
75,79.58004384921436
109,127.64486322860252
104,121.52621268720941
134,135.6039276659146
136,192.21194331860562
158,185.80409364690556
147,167.99861243175584
186,176.90057030990445
233,221.98006803183924
264,250.3064022644541
221,286.63522372684565
209,251.05620540859553
223,237.8823431512816
238,274.04665186782876
200,259.93861246562136
192,220.55649776945322
179,200.30397549572362
173,186.92298186170748
144,164.05867905177104
141,137.30517314252288
100,108.0400651295766
81,67.03274974568417
50,59.94469780539198
56,60.03323446177284
62,63.3634963739183
92,86.38089893378331
108,127.88114156215826
143,159.46329441425715
256,190.45210768651518
309,246.3242882961817
344,292.2590132337961
319,311.96595271176136
251,296.80366415959725
267,265.32343128669714
266,261.75158555761413
237,269.65381676247677
232,248.34009833614246
199,258.6214149287011
221,223.4831033365705
179,216.9232080515077
209,223.58953223217006
209,240.18534500812868
168,193.49190822347617
134,153.90304455742114
95,110.51195925237636
44,73.51248497081352
61,54.75349477769508
62,60.84350185911792
62,67.73970393702643
86,86.35437432870526
114,108.83617015335855
135,149.57075970971735
189,196.55134874386926
202,240.61410526514067
235,229.94263065368781
266,252.4010002987185
229,254.73132085084183
223,241.78089899108852
214,234.91231626660556
231,227.97150709318842
237,229.57293003005643
249,219.32362713883245
287,217.8777628875684
175,228.425066622076
178,173.14065301741803
158,158.57576710731743
120,120.77425148078359
77,82.72400422958333
33,47.32600603528616
35,30.25793623048898
25,32.2077591100754
63,58.273290465190925
89,88.44342550766576
144,157.64975003684347
197,250.55115875991152
278,279.70439128647854
244,252.6258252274591
178,227.97599858375509
195,199.28881740415972
229,214.43849461671823
216,229.47407586187816
227,236.9198145175778
230,237.9419526717609
238,248.94167354220465
265,260.2166682808799
263,266.45118671018145
219,233.46609467386233
153,185.68594102977997
126,143.79062871605475
111,131.12772457779
82,95.54907001630059
58,60.07878023404055
44,39.92355253987951
21,29.81766753034689
26,26.126784938898613
54,54.48842894717292
90,87.6649272848866
140,156.57123213668373
192,242.97354807318402
314,282.6717231147383
260,276.1360897030243
241,227.70059080650904
247,224.13822770080435
255,240.3888789432347
223,244.81331874893868
249,246.54512221006465
254,255.42101276843238
294,269.4001380947434
284,323.13718147436515
297,302.622469678441
253,254.84884201921608
311,210.6574754289337
172,226.5672074788558
157,149.36450806253902
108,113.43643290233516
65,74.26270981785812
43,43.76465182598921
39,28.791678662059958
26,32.219774400286624
55,62.435136823734474
96,91.1553020824016
159,162.9407620781533
208,237.02324846765646
335,311.79239227573845
269,286.2402683416192
223,243.48993916820143
231,231.48651955987248
231,243.03581747872613
239,240.0771216328218
231,265.7231229248339
222,256.365569078093
265,265.7105855208765
289,299.21279783500637
278,316.60939411917997
254,262.7673898158233
212,235.30394361622854
190,196.6720142659059
172,171.34547041228578
131,123.3137497580767
95,93.43643431598909
56,61.07047336722543
34,35.45891786319318
33,38.23573883798556
67,68.67830503511294
88,94.77739197768531
140,157.58412338988413
224,211.9167848749269
324,287.25198094519084
270,270.5378915691774
263,240.9436707563254
214,254.7562203381759
232,246.0250586856644
222,253.24749431981238
233,252.88524801279434
225,248.6048618216379
288,271.433633331882
306,315.3096148901281
317,315.65610110856335
268,282.8415833725833
232,235.2353663927581
222,220.46395589187694
182,191.23975186865079
158,144.84052384280662
79,108.34156245074814
66,61.46571519184239
31,47.514482767655956
25,41.38356342906551
65,63.73700331982103
92,86.5643098491485
168,138.3357647375429
232,233.62531799829492
295,296.82609382515363
273,252.765241081678
245,232.88317752537083
222,243.58231653352064
225,236.6710132719007
278,234.5672229675917
235,275.743916890934
293,245.2201154822559
284,290.94426184189143
306,298.78636344111345
363,315.9182968422851
308,308.74677959141985
265,252.89220112769846
210,236.51541564292341
236,199.76148431329415
187,193.46408770570346
151,142.50964379985422
94,105.59103535048092
85,69.21732406371271
56,57.88219987087894
48,58.748379670831916
70,67.0310827048633
100,90.36082375800142
135,130.55853760805016
176,177.9621539361968
226,227.3021654449784
233,259.23131763883197
253,261.0426562101057
248,261.0632233675716
257,257.37148195462134
216,263.2271684336105
245,247.75399278233562
266,261.7670874002227
289,275.3516705262992
370,288.4957098888345
309,316.06254396177576
235,251.24333650562664
264,232.27664864744057
239,268.6576628748853
195,212.13913767888803
159,156.58365172984847
119,106.52230435242225
71,74.44054017045451
56,59.110048358444935
47,62.23050625609727
59,65.0404650648114
82,89.42105466505632
99,110.00840472669051
160,144.30693755429067
189,198.88940083430845
187,222.34777086246763
191,212.66490376199323
244,224.94978193279414
217,244.00202707830425
218,229.26823644694264
238,222.98739699476914
239,238.74321369271382
235,238.05578556696705
223,231.81945103930406
219,219.46679680688345
192,192.44855615220487
172,184.92364942613997
194,158.20161803532739
130,137.70983179267475
83,80.21436874503186
63,48.782391523630054
42,41.855819893537756
24,31.06512594591962
59,56.35857864501912
80,88.06285963997927
139,157.48446079100654
221,230.14243255719754
334,286.2000659740168
306,272.93089840616915
242,234.35315382856146
213,220.85059778923443
224,224.36710433524337
232,226.7740494438085
267,241.29888077326189
247,267.0759422825179
240,251.39174951078948
291,260.608406142081
292,274.93514608025464
338,238.37146302738907
278,261.80635308869137
200,197.4173687321397
143,154.34804575385937
112,97.55472443506653
66,66.15037719186799
43,41.882506920099964
30,30.532109977329515
20,29.94785440618448
50,54.132250001443154
91,89.27876488415934
132,153.88545801971742
208,228.7544911777973
321,304.4627297076403
261,286.43203931405117
241,240.58680273262394
208,231.14062792835773
242,235.72227996434114
256,245.17396249883262
230,268.3628777940447
229,253.86383792783374
265,263.1813318567481
289,301.5770184668126
266,301.28842188527454
232,269.29779662852314
183,239.89710588504119
168,181.80936210736382
163,161.5908762370532
122,122.9514230327659
95,75.36382757851224
58,51.68134982612792
27,34.319199921630094
26,28.87646826478003
60,55.50579977260352
75,91.97600053802576
145,152.74920628130474
239,224.54969356037077
342,312.8115544197101
278,281.21442752203245
248,245.50026284936402
252,232.43194422475068
254,247.53289926691806
265,257.1809237283337
249,265.88339409161824
233,251.6492256093961
262,264.8070558175537
322,293.7274395507121
309,315.09133731193344
250,263.09600485496253
200,216.58459252585362
200,189.30979265730042
179,171.59199077471214
105,131.63656102268396
81,86.97117766280856
52,55.63668280335108
32,33.862254838917465
27,33.93401299497467
49,66.7961691741857
100,87.72201800641716
143,157.62342142815143
254,229.4848954345912
356,304.3590785023361
306,285.0991661525548
252,262.0723869463459
217,240.30446875386454
247,242.64842034059902
263,256.27136375177247
247,268.22415010902745
263,251.37953967610608
283,291.1340815948762
324,313.12160178558787
345,333.2995603094107
275,290.2097305044314
258,234.7761607938456
218,236.33291128051192
198,195.51483064767316
154,151.18204267697172
103,98.73698700366278
71,66.02184038268385
41,46.54194934762205
32,36.253297500862416
64,63.385448467928846
91,89.22965155702876
137,135.64623564131008
195,197.7116267014044
290,261.02784535969255
287,267.5857335657306
226,245.39730227822048
239,220.48405208915096
262,234.77580228929293
250,269.1165996089734
250,253.7018304532291
281,261.7340944956281
320,283.8095327432982
357,328.07202523617474
345,366.22936077294275
290,299.7315555015374
257,254.16396647836112
217,233.23340915502754
251,210.88030212775624
210,209.9082960949949
161,151.22295576031848
115,108.6036596057572
73,74.84236215424798
85,54.27107774339401
54,61.2370444351192
72,67.24309276043716
104,96.81263582194808
114,127.95399114243982
176,167.5379491961847
235,227.78435801722895
393,254.2438015218423
561,361.88214819605537
404,466.30216856040636
298,352.1421651316101
264,280.30472681929876
264,266.7315743660023
304,272.3311137085888
405,304.63693320744625
304,399.6375157816123
293,277.2358882494392
225,251.25142093879862
240,234.90851117502723
250,241.38481740305048
233,204.75688598832318
161,176.75012878404212
119,114.83154026884932
84,75.06778455844626
56,65.46727799350309
60,57.10570774877654
72,66.18828400583456
92,89.9800267607468
109,111.16442472966713
145,147.94078402617066
204,192.60996716897358
238,239.59996473930437
216,245.87345679388906
287,250.6006990664379
237,271.94125089233086
248,238.21813650038166
245,241.5289672406964
258,242.91207844887973
283,255.04714252121067
288,257.8903344567947
230,250.94105881245935
207,205.00964622191006
185,187.39150480227465
156,169.49659559968833
123,126.68123781372636
81,81.55670716290227
44,51.80907139154477
40,36.505324494603265
20,28.531926746568853
71,53.99722158010171
78,87.93136002724266
163,144.4009496067118
219,219.1162369517841
318,284.1473524322913
249,264.9842079148211
225,220.42314557079573
223,211.70276479917428
209,225.57890878793285
225,217.3130712136127
228,242.39914548370103
241,235.33999546894384
237,250.19874961376888
298,262.5247905959273
279,289.3252215903897
217,240.29463117516238
181,195.04723714741098
145,163.8364316029869
119,128.71390812566008
87,96.21582003584766
68,59.83771511947349
51,44.05626007506647
13,30.342872687728402
20,18.774734838683262
58,50.90727765752533
75,89.19057213777593
144,142.81662186306522
228,212.86662346979352
333,308.21820284531753
259,275.58408920254107
214,233.72917023465664
222,213.89589718837806
254,233.77907805702094
227,247.27535865493581
228,243.22219528724887
240,242.55406627359838
235,260.6017645887204
315,290.51874010976445
310,305.4587484339729
265,257.9184462594625
231,227.7509925171474
423,189.01147450254342
800,280.02734550049706
406,303.8797482835153
210,172.49080426997105
100,99.25262171620881
34,45.81202596226582
30,29.620433678165625
61,62.53140677703918
88,86.70074256642427
128,147.45516990315903
233,220.73215882302662
301,311.22330372654426
282,269.3794758857847
248,232.30425714146844
247,237.6271904987063
266,250.6912784005261
241,257.74195993643923
248,251.88030173460476
233,246.5163059677185
255,251.9412928649425
287,298.6982556443498
272,305.0900810331849
243,256.4436260145579
208,218.502572678886
403,209.77439264024568
920,360.3440864387539
466,438.86640677801995
214,221.59030015344788
75,103.76826013843916
45,40.431694414420825
47,37.77105908292651
58,66.66474719324073
99,94.28475681160803
157,145.5521413051831
255,233.15633189142343
313,311.2758881352457
263,278.13510975555994
256,244.9680752908657
230,244.68954230015905
254,246.47528735966796
250,252.81372120971446
251,258.2637190698179
258,252.99872441583918
284,280.951183104286
308,311.5970211662766
300,312.77498050889176
281,271.9432971859658
237,246.72712247884786
227,240.85040030662265
191,222.58406210509733
145,167.29234900370528
99,109.07478350898812
72,73.63834331403498
45,44.92920010557937
44,39.57198143341284
104,64.17028248365726
82,93.39548200377259
145,137.12451168170853
193,230.25480394283107
294,283.0002159309097
280,273.0773799665047
234,239.8813770752586
259,236.5128534934951
252,253.65166137435946
284,255.90609918261117
270,278.95517035949126
343,273.9701587889779
371,333.917452243739
316,382.96600881710214
353,324.7034082238991
319,304.80451131226306
253,267.5291906658597
256,230.92337312147808
248,239.41627137628024
196,200.42413748924673
151,148.5003531015834
113,105.79995836996628
69,76.74933133901743
56,57.090077600860845
54,55.86774536097593
90,69.68751669115765
101,101.93207085969206
155,127.66858474067023
169,182.46442646731526
212,231.8332856717395
231,263.2767970019355
240,257.7094452470628
260,266.1187760376909
248,277.3116303465453
252,259.03185706461744
342,264.45256129367885
444,337.81568624026164
451,423.28206575128115
395,398.8598240437896
277,337.90072548387246
235,244.66525075604397
239,238.58169776709465
217,240.8318501696549
184,191.79939164336423
204,148.02157166617133
115,125.83574549816586
100,69.21615955680522
51,66.11340972111172
57,55.100762471816665
65,68.8854626648009
99,86.83429568860143
109,117.55917801582923
144,146.16731215593285
201,194.07428613022705
203,219.36299701941763
215,216.6820201305763
214,243.4393203756891
218,223.80774948410098
267,226.2798832517983
265,255.4992693001329
280,259.5996928057139
272,277.5346307242686
238,268.17374439212927
211,223.43616774019588
208,192.67811849796382
188,192.78133954016602
167,173.51133298265523
118,125.3565140579558
77,74.0180082703464
46,47.767820841931005
30,37.872905161294156
31,22.50023945660908
50,63.897693481035134
97,80.5420908100259
161,156.81537026431758
227,220.79338006338102
331,291.544587584097
254,263.66494870820844
235,213.15895859395962
243,216.5477343146493
229,224.90695173141629
241,230.2417071986682
258,243.64859517409667
240,250.23191961528786
300,245.20396978171792
289,308.5592883584704
294,283.2508347666403
225,253.39048825192833
185,193.53830395562508
151,166.80986454630215
134,128.05054570918745
98,94.5758265903992
64,66.3705839857965
35,42.547105172279934
21,24.66465572549436
36,21.04744306182319
61,53.44464317600906
88,85.96060544227717
154,145.8287222296651
229,219.6572917584645
327,308.0344843343187
297,273.24466764936307
278,240.99601294338407
235,251.7364626889225
278,243.4140567917996
297,263.60673180921884
265,280.1020229246202
237,251.12331079747125
289,261.8887450532319
316,307.222120598772
304,313.70767998942944
258,256.0468891217102
217,223.80468411665652
185,195.59734260721336
150,208.32960846806168
120,110.94493272433529
94,72.27024432513078
56,60.068150894453545
26,33.80934779678427
22,28.40266293834348
59,55.65723925064461
89,86.84880028948828
170,148.0316127085838
243,233.16247104951253
344,313.6814593659042
284,292.252112234675
252,251.52976118250857
258,243.835590547389
265,261.6922845444011
256,270.1987188611746
281,261.6913488123381
287,263.9670259075863
302,289.77799249234124
294,323.0814313094263
317,300.6136941833405
354,270.7166767125809
224,272.4675840597175
186,210.85011100062812
170,217.24468828877121
113,111.95167961194652
79,82.31085660695717
51,54.77078632920614
25,33.847836448040454
35,30.94533626177652
57,60.0194494456555
98,95.09890678122093
171,155.82940265819346
208,248.6472363086167
342,304.1478915371835
309,286.95381823312545
232,261.2860807143362
270,231.60910956774475
270,263.13954738608766
297,265.16662039046963
334,286.98523435706414
394,312.6635327295085
459,363.9154778142026
400,425.4601286282242
309,383.4269580684596
235,285.11362322945416
194,227.4648781203387
207,202.47646440459283
176,187.40117712172793
159,144.42693467198026
81,83.69768971104335
44,46.08402621789706
17,25.266204595265027
24,19.89634512700182
30,33.24450207640336
41,67.0338184097113
85,94.22626631420248
116,138.6620694051441
181,163.81363070141148
183,180.59559078242378
130,165.7745235680348
143,147.29960715243007
162,156.62345444075623
149,154.39822654478394
156,159.70672318267287
167,166.79507397961677
243,180.24214604789705
226,243.71399459403517
266,245.2996383707769
285,252.3854523801053
276,272.1738931771104
267,349.45082110379496
319,321.2388977959498
178,238.9974298345973
100,109.49452236128184
24,57.82571070244464
20,22.559989574864925
18,22.453656447880878
36,35.3077773301029
66,54.88784152034351
90,97.7330608432627
148,138.59837465988517
190,168.9772764558208
160,191.01472881849367
159,151.8020603293974
147,162.6101746728657
152,161.39055904485065
147,167.6772599437439
168,172.68909872024074
175,181.17720934772143
202,208.435702708026
225,235.6284338899505
257,264.8721451249794
228,270.19513490320765
201,247.51319193722895
203,260.78109890193866
345,282.39226926272585
205,248.7452089091538
142,141.49035962854697
64,81.34563176299345
26,35.0570616093055
34,28.420174555462832
42,47.27787231321735
56,62.92068355335551
91,97.42531759094936
125,135.05037970966762
180,158.355068586943
155,176.05045954178712
179,157.7567779493102
178,166.6850109614638
165,178.72108112277346
192,174.19632169540307
201,187.277590921117
235,195.8936654736756
208,232.91008772863475
230,243.34862955666347
285,266.1778224851323
259,306.6007006393859
225,268.40211673738713
325,286.7530538985055
309,364.215772590493
234,252.25040390036273
155,176.9285189079525
83,109.38537610824694
45,43.847626629925855
35,37.58516391274658
46,41.85930687168261
57,56.63473453927878
78,82.53062648747571
75,92.99566386711432
81,122.95757653963526
107,113.99521826106276
117,138.02001053791346
148,141.83439888087725
159,167.89103159646075
153,173.80315515275066
164,176.10668476852086
223,190.19274824550254
222,254.1175387130857
272,244.10020829406093
267,297.08210175656075
273,298.1596771959503
273,284.4398540515084
269,292.4725839384447
208,314.6709521402164
255,176.1748609954379
214,220.88643859566722
175,144.12336553436964
112,106.03339128829896
66,75.74088851408551
53,54.945753446443085
40,53.69009183165689
56,64.85468875075314
87,86.66010345497132
86,110.14027053806157
96,135.83707684181024
127,143.89960906588578
146,172.25137226964344
157,192.55201425325873
164,203.45170575319756
187,205.49559531025062
188,227.084136671065
246,238.78862749331807
215,293.63559653003114
277,272.97788964379765
295,313.38547743049475
267,306.0688110005557
314,304.8428624330151
285,339.51453682839195
321,299.89825335249503
345,274.11653492799445
151,191.09035017752328
71,109.50109845985841
50,69.73274781624555
48,63.70329642516396
38,56.202425153050825
52,58.187370810566385
61,75.35617996595965
83,95.94136450964461
110,108.61376733585763
115,142.73139501153537
147,150.12015607753733
189,183.7124014685039
176,195.8424185095136
210,199.62274491007614
277,221.65780930183865
240,268.62447484241727
257,244.53059768322666
235,263.7366104876094
257,242.24588810262608
244,253.55880968769668
215,248.34723120866747
171,208.82503744301286
149,145.02760611926254
96,85.89939317702166
58,57.078821553213146
24,29.284104146598324
23,22.25034225339351
40,36.312905466171586
61,61.76046818922823
89,89.47818289270782
126,126.6771533802495
186,166.23863385733492
155,177.86028125213093
139,150.69590764291564
138,150.06328351258773
137,150.8428130812484
123,154.59928264077286
147,146.46416690054764
155,161.33809937874318
175,168.88473150742783
175,195.87576510445396
188,201.48714822868183
168,182.3181546031354
168,170.22381283585113
176,187.88989586429724
190,180.5800735198926
110,147.04960884120356
54,73.26569237151243
33,40.77649728939168
17,18.189361239930573
19,20.810051092233405
28,34.83973681504375
46,59.034747086869466
93,95.76935879364935
129,140.27591367856974
177,177.67187099577518
185,182.14823543151155
157,154.23237571985072
152,150.23482755111394
152,152.20596860538637
152,141.8932038187739
180,163.42540636164816
176,171.4401709669316
185,194.2647027503806
203,217.55186120637762
229,234.91235848957712
337,229.1291469782679
321,294.6814411517563
289,332.3826697121593
476,354.4289981795044
184,243.5523731317127
96,99.12506614648684
32,47.48310398031095
17,20.296100743222567
22,17.38475725918147
30,33.89787772669356
47,55.33760028764505
85,92.06138720858674
122,133.8584718218823
188,173.41273847262858
175,180.99487161128852
164,165.2059836448936
157,165.01327920388846
153,160.81011444461646
215,164.3201480519723
181,202.16256567501236
178,185.9430515152538
177,203.64391681619045
217,217.74590922731304
230,258.0748070073171
239,253.29187031461663
251,249.64055130900184
313,306.35790358549025
271,379.8492007221324
209,239.13079717830743
137,140.37489306003187
59,70.61845836364942
34,35.95996449515401
33,32.29075416140798
43,44.40528995270067
53,57.4692003758575
87,92.72554240832974
147,124.91506804712219
180,166.7343167889569
188,174.93584241496652
117,170.55465661263432
121,152.68428811769311
164,157.5536132734569
162,184.15715965660164
173,186.59244045898657
162,193.54672087532467
197,195.75958302935092
215,239.5516602848026
224,255.12656619439798
220,256.6107706751091
242,234.4801968088732
237,309.88211420710087
315,310.13594799170573
207,249.33598949414176
111,143.41170623908818
75,70.99999742790817
42,41.35907550077278
26,34.17278263477397
45,40.6459635306876
59,61.35261738933025
97,92.49951080542152
109,120.65145697822895
167,149.45752160435947
188,165.93641923098747
156,157.5487984914387
160,151.46485484809492
171,172.50355118441232
182,172.72821433773936
193,182.72079906050217
215,200.06987741029923
215,235.6445255570317
261,256.5843996778835
296,277.5188868763676
310,307.62698727509587
285,298.80749692564956
293,319.3224739157058
300,353.9379160137762
410,288.3926783435343
283,265.1615543686326
146,171.86821012063027
103,102.95522570529228
152,67.46419448881842
316,90.04139745129861
115,100.88846777772007
71,83.93966250340011
89,88.3296238333888
126,116.37237421307907
130,156.31114624843084
202,166.26413458081763
217,211.6115321377843
207,217.96763791701085
212,215.64980330032708
256,232.28169259156965
241,258.1225282671071
299,268.16502006746754
328,311.7737097516988
364,337.82787000351755
398,349.74055731753526
341,342.0376001972312
329,360.22390447268924
351,356.04889053619223
513,333.32316594589184
310,383.5970889119198
186,179.02186231599845
89,110.46296488544806
120,72.52131493937863
178,87.05280602386028
136,93.460694629854
59,94.58851754134233
88,74.36572718980459
104,107.75768600735339
109,128.16525331167745
149,152.99119849210967
171,173.29188893429227
202,193.63300808480275
199,206.47431054152943
214,216.16841527171803
237,231.38556675932136
236,247.22996310019195
403,247.70989385423255
327,380.4195032290519
458,291.9593314139101
497,401.98124244106276
395,388.0856231990534
344,336.49229753377364
238,204.27355333276995
131,116.34925085552133
68,64.50136974326787
41,32.516576783758886
26,27.25286447972522
33,39.99400698971158
58,61.422106406141154
80,92.24925560429429
139,123.12957469024917
165,168.43357048462383
154,169.39072946789713
145,153.8002128209333
144,149.46577543716327
150,150.50806024085907
160,154.21566448075717
148,163.16237054523455
201,157.62957556879192
182,197.99766401720416
243,197.0621188117775
268,232.7894160815519
262,220.17176677231885
270,218.46530794241903
231,239.57481722653563
206,221.4751691754595
122,144.7488560930432
60,69.80006280000829
34,38.67039560148348
13,18.88644659733446
13,19.95648210397365
27,31.064514816431803
56,52.918693650567384
93,96.94532208371565
145,132.3836048093186
160,173.72916757797145
183,174.47378101626745
142,154.7503401788596
149,146.55187888656084
138,159.77246977805856
152,151.92821593853424
160,165.28597330551594
162,172.36696793795696
192,190.32813983916148
200,227.0484910367612
221,245.7131045984396
202,257.52506237285866
180,257.64950803143824
252,232.34272654488308
292,292.26857215492277
304,205.92909663009937
122,132.06805888064372
70,53.960455910959595
24,28.26391498703226
32,18.699005025669578
32,35.20215883251156
55,59.95658132408395
81,93.72893135418602
147,131.2820601580534
138,176.6369942839381
193,171.46327026947841
167,170.28139162515217
144,161.2205966897961
146,154.1850053064214
158,167.1080068083037
179,173.09313982320307
193,182.6476806282053
176,205.438899843221
245,215.2456864660558
269,256.11069359775223
211,255.72109306837336
284,214.4221392155149
572,323.7942963474607
355,464.1974971672141
308,266.4338980650303
129,158.22933410963287
66,67.91419269712033
32,34.56894164886416
15,32.57842913597268
42,43.606339301686184
58,57.631821877463885
102,92.85799340992281
151,144.66899541942016
189,168.54724880841843
192,183.723551157153
183,171.34328697551408
131,166.93192463435398
164,156.168576139957
167,175.374783868524
184,182.07859912021408
211,188.13607065498186
201,212.8339265054918
252,235.272965332432
314,266.4887398408408
295,274.75277852943015
254,286.1948948221531
327,313.805164411708
497,378.6433353585976
462,303.03541655548867
181,230.95516780931686
72,86.56018327858466
39,41.90723488323907
25,30.80685388216989
38,42.03041961113216
51,58.72427777132303
95,90.1376989696248
150,118.42012895976592
171,168.29360124291694
192,171.89039843245453
171,170.29729583408619
151,161.23577848779016
158,167.8004209453845
151,165.97811663846957
176,177.48305614150982
211,198.96811531518944
218,227.24085274486123
220,261.45741918654033
287,269.5632606880012
320,305.7201147674768
299,301.408124105553
316,325.15944986126846
383,340.66276619915595
476,336.625068604513
293,338.95331530086895
178,164.18045516094426
114,107.27597130771011
117,82.4019926675372
173,92.17007709904202
260,90.85234949239454
65,152.03991827756064
100,87.77512753416426
113,118.73877531289445
129,148.66422763807938
190,167.65010713080108
198,198.15636549870814
248,203.70432332138319
258,230.6296755137226
256,246.32637221496762
290,242.94842530109153
300,301.3913896477039
289,306.99057566567035
307,317.72718875260466
327,325.67115227865463
299,313.7998156096559
333,340.63020036498335
319,361.6026068963607
284,321.6904169331228
234,277.89436898166167
195,174.05967236602353
78,106.53493535412659
64,88.21734982749645
47,91.58956550859622
44,95.50968059313887
72,58.40499547632519
76,81.98631085633704
114,99.35224059604919
123,126.76100017655983
157,148.65059520050033
201,171.4847296683598
227,211.832268449206
192,214.78145345719236
239,209.91871419432383
225,252.0867567095695
260,238.8162862017634
257,271.1558717929753
247,265.3141297112379
238,254.72774147020948
232,214.7184729542836
250,240.23769263641648
212,244.65862429160538
166,169.30966484006834
88,103.49782212515451
47,59.84213209693939
24,29.559960756701713
23,25.430677791142912
36,37.884078725412074
68,59.64663655064417
93,91.61921878047174
136,132.31763537505952
174,171.9843234793532
145,167.7825450865225
136,144.5942186872047
123,141.34306229739954
153,139.65593833654754
152,156.23165625375904
160,155.77431479153074
172,166.19042046468778
158,181.88302941228577
166,185.9357561095875
198,200.58988406480427
172,188.34241093063457
170,175.42460702053418
163,188.2212772618431
165,181.5108284601627
121,126.06990118838401
60,66.06479505197505
40,33.56003120995764
24,18.760237055189766
22,18.73838283320328
30,30.386558743946985
53,51.6944524373104
104,93.68219742355919
154,139.15686659246055
182,181.28293063837074
199,176.262267616027
129,159.14415926595282
148,136.03978410633974
135,152.13165866049837
139,148.81185388253093
169,160.3495760028807
198,173.128235395149
254,204.77903566766673
217,238.8404322401006
221,235.68955115247033
173,237.39657557436902
192,203.70799852718093
254,254.07796156866192
450,301.38363084399936
208,252.67110614250802
103,108.84606663737266
65,47.86695711024843
30,26.16781401527599
11,26.924241088378132
33,33.73856517630026
46,56.6298771506775
87,88.02174131184756
146,142.23931479816338
184,180.45145077165404
187,185.26352830649566
144,157.94636478128334
128,148.9912444650129
145,144.1134613864167
164,160.45939491748533
161,178.95179560134676
176,183.36201883749428
157,195.9758502734844
218,212.07773918458344
245,246.4101925985569
205,219.7560197270865
224,218.10961662480597
219,274.04429718362826
224,294.65333705616587
187,188.02847246896303
102,119.07347255554001
65,59.164922970582786
27,33.7580317423245
16,24.395266309129948
41,41.706663246869994
68,56.25811589906897
104,99.13847248293362
148,147.7117577811323
177,186.79333425383325
167,183.95559792344415
136,158.946735410869
144,141.35163662959815
156,158.59779738256807
169,170.34053615745526
174,182.35250141497258
178,189.28806746861676
204,194.55595168052153
245,235.49862023245115
230,271.47695993950856
259,237.13966423440488
204,247.6445747260191
245,244.43538584240252
293,279.7469712651502
266,212.64479650108532
144,155.67097870245232
81,75.77986246719351
33,44.23066390427744
22,25.59514807084446
39,42.024730525631355
56,58.05373548627114
87,93.21219631159421
155,129.44273492517613
166,193.0595597452419
152,183.799986643631
165,151.60597432089443
161,160.23234720013934
224,166.4232988730298
212,196.32516668405572
234,196.79484905442914
252,219.17505662091756
269,246.55444184319254
274,282.68705283784976
304,296.08750586897077
299,317.1733461691379
302,293.2290555046762
439,332.84273117283016
507,406.00322387684275
463,435.3060701335131
263,326.3919230806356
125,171.29664539379505
80,92.54434636615457
56,84.20222605552385
43,120.89973577760381
50,89.53895970936263
65,63.18745764530149
100,93.52610043989093
131,121.07652991470279
152,137.02596114607152
168,183.5194177219998
186,191.3417429091846
220,206.14793452736845
230,221.47968307669353
259,243.10127946463356
247,261.01177293128023
301,278.80333037602344
308,319.165666191855
364,337.7151549320539
310,367.9975113634957
321,321.4690167119095
441,366.5830357925028
382,465.2369176004705
356,356.9561713602232
278,297.31430232020955
157,180.22924576504232
89,91.78989944484482
61,63.77192524229235
55,61.98072526620521
47,54.26960221175811
44,61.12367191478208
66,70.56099078285649
78,97.45835248674841
130,113.86564485267739
167,152.9744044738499
190,180.98163942986855
208,205.8923742046339
236,202.76647929989846
187,236.06178174724147
237,210.76653408282434
211,243.67306378206317
240,244.03133298820353
247,256.1083099814203
237,249.89663914540682
228,261.8113553046043
199,257.27102421526985
216,219.70674958639614
126,162.58938790076496
75,85.11815072379434
43,49.86227424202271
16,28.42453900880616
17,22.256874167009066
32,36.46591031343813
66,64.35032313005215
86,92.88870886732866
145,131.81374777266984
173,177.76280872779031
164,162.78187036366813
156,144.6050935955753
142,143.83660106753555
155,146.33882492707977
152,153.3481707732773
155,160.47791266409038
167,162.6577604039616
195,178.37859023442164
172,201.66877121251324
192,193.3214422854664
222,181.2682806622834
172,203.70826648681575
212,187.5561906294544
188,207.86456249571833
153,128.41093080459257
77,68.60035962778801
36,34.81709968783405
26,16.89699577213614
22,17.980514375981414
29,30.366040244036327
55,55.03914643910238
107,96.03796800679952
143,149.40838713918393
175,180.5807369149465
196,181.60610794217732
190,159.34899455217763
153,162.7959968213871
177,148.64024645104413
174,162.3639663039664
178,175.46738110457187
193,176.1889164858693
215,206.54332177249773
220,217.94422661657515
256,228.9797003706881
262,227.34719539918356
210,231.45238049660134
250,254.22439523268696
237,302.9994868002479
383,178.67375053608663
94,155.6858813657096
63,45.94679589982155
33,29.24247854544312
26,25.433627258164318
28,32.35050355944087
62,52.24801235899757
108,93.43667940745785
140,149.00279347151587
174,174.27937747252537
188,188.0990137661636
211,170.5950971563041
155,168.06135363379732
155,158.13191100559285
167,172.12266307158075
189,179.1215690204854
220,191.9522087076074
202,205.9744448044656
243,235.2254096626616
365,260.7051098683321
243,311.7488487912018
216,241.49514949731554
281,310.66545703162916
322,334.3540617154565
349,274.2447180639276
155,136.00235122790323
69,74.77067972020096
25,33.54334488389315
21,22.025605800025748
51,40.92377834965765
57,67.02332360128459
99,100.39546885362589
149,146.9846307496241
175,182.53269350731833
185,182.6138013189735
220,177.61522086966426
196,171.7280578404457
206,179.18856430389854
207,191.18607404800704
238,197.8756616859327
234,217.70379006208836
244,227.06612675926613
245,263.38923595814094
249,272.64579658837835
238,253.42089414472017
219,230.3199518083045
268,277.137601324303
276,344.4982572991574
433,259.37293557094034
71,67.96150957767969
32,54.08926918173365
26,24.48228297233313
22,23.183167929767418
36,38.176119538784846
56,71.67029265885559
123,138.45953103068976
145,208.4562134274127
244,228.434946536696
228,243.94768138521144
178,203.63540653507874
165,189.77076655266032
146,172.6096224263709
157,156.22941150851773
160,179.66069224946045
194,180.93067150715515
211,197.8456583328127
237,229.0303354144969
282,259.2478550976142
324,252.0859264124001
302,285.2309066078049
255,256.97434837726024
229,215.13191261684767
164,160.67671523978376
91,100.61606200855321
49,52.45191198143283
29,30.118001761050753
24,26.95046254990071
42,41.11997437155114
81,70.23148330057941
137,140.7707078168865
204,206.37879308027897
261,263.2296776228497
211,245.49911377201374
187,192.88591091281867
152,183.47816460757596
179,164.7865945168229
175,182.2024379762072
200,178.41280325803814
187,202.18249150104182
213,201.88629596821147
229,238.0141579575355
261,279.9589021317732
251,280.59272605602087
221,276.34926133112504
202,246.68923168121245
170,219.60361209914808
147,171.24165750433184
100,107.98874398360908
73,72.833652636063
49,44.834335291270165
38,44.73040665174519
76,49.71105958901477
100,87.57255643852572
129,143.68370448114487
164,193.97060757175325
205,235.54932163946668
197,223.40981958364588
161,195.2020248396852
164,168.14973291123607
203,184.74301487416156
202,193.5256669422282
192,211.98191837848145
184,185.41506774768314
189,202.26588570122843
211,232.47169052816363
252,258.6135898320162
225,273.5167388128826
176,242.87269602410518
169,210.931524697862
165,184.99651674366618
179,170.86895263619107
136,144.48272380572965
86,123.87967432880231
67,69.3436742686612
48,59.09450411294881
46,64.00227735657406
74,72.90805234096096
82,100.69005534904294
86,119.89568707616748
103,130.53854737570236
101,139.53642971598939
101,109.42548063767772
129,127.49648554023717
117,159.48166000763595
117,149.93203014014475
116,145.7238620202978
116,142.56898337227463
125,155.77879647449714
117,155.87952259500202
136,134.2279032280114
141,160.55984594462151
135,133.6199622911451
145,112.998954042306
179,153.83024149489574
172,159.44049907415194
127,173.61212826840207
105,157.90670600003577
67,109.37007593823837
55,84.444875868133
47,68.78597426876641
38,65.05913673266822
40,69.15537568327349
57,85.3018082540896
57,109.36748595784653
78,120.61765196506099
107,130.84720459821787
125,155.25843736045917
116,157.87256777899856
124,133.28247158714092
130,157.93591512454546
123,163.4806086567741
116,162.35487635706082
136,138.92387493586654
155,174.7293884212525
179,191.88110141773438
150,202.53875799089005
157,169.61245345480663
199,180.89815427570042
199,208.92385006894492
153,191.45103458206717
107,151.4549784798332
95,87.824058417602
54,85.9575292254491
47,59.9439773762459
31,53.07100131292234
50,55.745722312392296
50,78.1783271474792
65,86.73712375019642
86,105.25542367906644
104,107.51218258850656
137,133.0872633354849
135,165.11690206281935
167,152.03401117975048
153,168.17529188801467
128,154.10476596389069
150,136.8767194926964
166,173.53608437418163
143,178.77958459583184
125,164.6457561493653
118,144.01940822788634
171,147.16564380656416
147,171.10040907059636
92,124.70861288585179
63,66.87819860795689
31,46.646492292943066
23,24.049724866026462
18,26.204449435834867
40,42.279232584848586
72,69.01700058537972
125,125.85866631610452
158,192.13117545174256
231,228.67743877133384
171,212.12781716341254
140,153.94621294728736
142,157.30318834911205
132,145.19010281963583
144,153.12438933435635
138,158.29063429167914
143,157.28348425820064
159,159.4310542983581
179,183.76726727640573
179,205.73689380861194
163,168.09533615466918
139,171.7937341842793
164,171.49557792100956
156,164.30117078096436
94,115.78980977274863
50,66.50185882013122
35,35.89796805060371
21,26.369757561316284
15,18.795052806933448
30,34.16053944326897
75,62.63043268663436
143,139.76092186662635
195,194.64026598972382
288,254.25784017817585
209,236.33433850695027
165,179.50106090329274
151,169.405726176816
153,156.65096062080573
179,153.96462875500302
169,176.76381376399144
168,177.99308102363383
166,181.46830715430755
218,218.0262822616379
251,243.91135217002
334,245.69791060513785
330,292.9302460459379
278,271.3434596985175
235,234.38336128975615
144,159.5019124826741
90,90.3014768162196
37,53.02837680895874
26,30.13663653004083
21,21.854335608475875
36,39.29921513346636
64,71.50556937065573
148,138.46381040463103
191,210.81238546632625
299,264.4409707698631
228,244.74606943561338
181,192.13550295174062
179,172.1890795042886
167,177.18155837839882
182,181.5927661254952
164,187.1030410759914
184,178.56677453137524
208,195.1444648931693
208,237.66670936335706
256,258.4872364848962
259,270.5337455745414
313,268.2762328647116
304,288.8915632864424
242,260.0817193473092
226,176.58733632012238
139,137.42402430004884
54,84.59019919201873
37,47.06337831134178
38,40.073189885549546
50,53.97456275501037
89,86.90857887043705
144,137.09387294973402
227,186.37676913166152
313,250.93827976584183
229,243.46193640825717
209,196.82201784056272
195,188.12528592302078
167,192.79752660668402
197,185.20402827610212
166,192.72981847659705
185,178.31743899762304
190,202.06489624482515
216,220.75453029114286
325,261.84748450687505
281,291.75419511850026
296,266.82198492982155
358,280.63115568772594
298,310.84383492230216
234,220.6691177166038
173,158.88607795902195
137,102.56250490742329
108,73.24001451106741
52,65.00915318920767
72,58.17847466676252
85,85.1631477110965
130,108.41592490667209
180,161.11515034017506
229,203.420298619772
168,205.65837562680645
179,182.7274157044722
165,176.81471319824115
156,168.7116494820064
215,170.3383502812868
155,180.14875158436124
205,170.16499197150554
233,191.0106075625463
261,242.38378563350383
334,279.09787982240726
358,319.029692336442
338,302.6876957694742
319,317.4085595537145
364,385.0171371540391
386,295.4371640990304
257,247.13186278694982
241,184.17597804620945
172,152.83310331309684
107,96.50457018677125
75,76.47489504099904
67,57.037428303917004
69,63.871032287982935
95,83.92309445991296
125,118.95539817257352
172,151.94733532768285
201,180.5906374128196
236,199.15420951219852
195,232.46869207018855
216,203.80038911099803
211,193.98414520025315
216,194.11485671566692
230,210.23274285027279
270,253.01441294389252
328,289.54990747589136
322,310.88143446965415
308,297.50710765422866
309,299.58383333705547
419,335.3483113115
404,331.60064520040174
290,284.7000234659768
238,200.150363148724
205,167.93458754752461
132,111.21440698905225
92,84.84355987437574
61,62.25815883655512
61,60.72056375717007
83,78.90016609525425
98,104.4265018159345
141,138.50236958488398
176,167.35113423676202
213,187.7045042999014
175,195.7951692216672
163,183.4336806138879
171,171.0371138753118
180,171.2928083264864
161,183.09609380087002
166,178.5201091234889
182,179.57712231874697
185,178.27541255838273
195,168.320433550905
202,188.08546024885638
185,184.99740146773965
195,128.21667949381174
72,95.53555524118404
46,45.62516531910543
25,28.61397883033667
22,25.674292934254897
46,46.20075702255863
71,75.42329164339162
120,122.74901555371525
196,174.59633102085004
260,240.8814988628381
213,213.206552712721
141,170.34089616858083
155,153.30505542454364
143,153.00206637800974
158,154.98247960024148
159,162.21084445489214
162,160.315422141101
181,172.48997661174937
235,191.87174292728523
295,222.93664451775214
346,225.033654179796
278,275.36235323214225
210,235.9496065397112
180,181.49949666661092
84,126.9517868456694
72,60.35518728801837
31,40.796217366420215
18,22.4370150338571
21,19.095496977254733
46,33.70949565326279
63,66.84319775161491
156,134.19461627433475
218,201.2052187167263
277,269.51903079116664
258,237.01639489115226
178,197.25380952007114
164,169.3902283830604
157,163.0490332018155
166,170.48768370508947
148,175.870070438874
172,170.47482568378908
193,188.76506456654275
220,230.84777080216082
267,266.99141625841423
251,302.24073237644967
301,283.1932545325916
286,271.799631972012
208,248.0395133633039
168,146.29390766303928
101,96.24008346512682
54,52.635316477438536
31,30.186864335006657
19,26.84016721059828
38,36.91743386939937
83,68.44248149685855
147,147.4603241605073
227,214.00063069664702
302,285.20339480186317
280,256.7726878418673
180,215.01516443728372
180,172.6608434112669
182,178.785950784997
178,184.62838284865217
195,178.6711269769561
216,190.14858199731404
210,219.62379292424646
268,235.52755419305942
280,288.7954031505411
285,269.8274612398419
257,284.6719388744345
335,269.8097376406158
290,275.07261267108754
191,212.8227910587342
123,124.6131203060986
86,68.01656672787031
41,45.5537492880539
24,33.35862732297834
46,46.76076768807306
95,87.74990856854218
162,146.37854275219755
221,210.48503940027223
292,263.9289953434335
275,258.0837778375174
220,211.36989555674
192,192.36777749050444
176,188.52964165369661
191,188.34566936754783
195,191.1465404902553
218,190.49048729522065
223,214.687964315697
283,240.25758292761276
313,299.0376822156739
349,287.52899467747517
323,309.02984369524887
285,310.2015720308207
255,283.65715782775555
241,219.38977875073033
204,164.7357361239415
101,117.74451449085612
67,76.31788922864341
55,52.794844729283334
66,58.82079973169134
85,86.43911464484596
140,118.50195019337794
204,174.9043279547745
241,218.61824388837294
234,220.13164592223993
215,216.08608035576628
163,189.25493592966683
188,163.72730799416115
181,184.947235602648
173,170.15290438651618
193,175.35354200518665
234,201.9850281368405
286,255.36739175437148
322,322.3642194971235
369,341.10907247852583
318,322.01882394993675
279,305.63415697702624
394,312.2009731053161
337,337.62576316981443
269,239.24334592272163
267,187.21503358748282
167,172.08087860795487
129,103.38635631434691
86,80.25257771568762
74,68.47908286005908
86,70.60192924034048
93,103.16155029334637
147,110.5837920523968
198,174.06459815072725
215,205.60518830924278
223,213.8894259593596
220,200.67707410498778
262,207.24932215703575
214,235.62760234268828
221,202.38884607923842
217,212.78544006274845
242,247.79434191600603
342,273.643203689909
339,332.8873772597619
298,303.9968368314001
315,289.17073936719845
344,340.8645358820311
348,307.08271530208714
342,275.6824481020063
276,231.94470904642935
171,200.73972062650668
113,120.12828683381936
92,80.24832896810891
78,66.39576578912414
82,73.02083347397969
86,83.39839368560497
109,101.1719990791861
134,135.52039534785308
163,167.93328840750308
214,182.4729945302057
252,199.3011151020665
221,224.06884052099832
224,195.72882358659464
186,197.2179842893084
231,176.44322878428758
219,222.23394484504587
210,209.00691807529122
192,187.76363993708364
137,170.27752804730193
180,164.68221660996235
156,169.37770771200775
97,122.21627731756898
77,63.47190293914867
35,45.9798006216305
34,27.801689688396557
20,26.310955937213564
50,43.60884069638391
81,76.70221951480045
103,126.00541952127955
205,163.35530750218797
254,242.86295680699678
197,217.90432457029408
163,159.6517397347667
153,159.42631990467606
138,147.9478164612985
142,151.34723334590709
142,153.7302823731731
149,149.95960316355885
159,165.7909470519677
198,189.29426922829265
207,216.23870728455256
173,200.76526442047668
167,173.87125177119526
185,176.48303950842498
185,167.41581455591825
113,108.0337611954827
58,66.34166157120274
31,32.66229918741414
22,22.863641900306245
26,17.833021264755565
32,40.24273008273449
72,63.598551190410696
144,133.8096026953071
188,205.79761058209587
235,260.22441951782974
225,225.5063182366926
172,183.90397238631928
149,161.44369004460438
133,150.17841006796905
149,150.72226126464855
161,153.95111149268413
147,166.62870661802395
183,174.4638527032414
194,218.58359773709398
243,242.06849900036008
247,244.66441775074438
225,259.13195046877547
275,239.82491863103996
229,237.9062161780218
133,163.5689177979137
84,85.25963582551113
57,47.77636603434737
25,31.055838985435077
21,21.847131981930616
44,36.28464927381395
67,72.3239154167403
142,141.4847261806808
191,201.3424486186718
305,263.05027904539173
244,255.92716348668637
180,195.10700743690532
183,168.77945430891475
147,170.3789739539515
187,166.31729832822185
183,187.14550578796573
183,182.1793163842234
190,201.31457030612987
238,225.99965315651698
278,268.1879847491273
272,269.97756248546307
280,256.6222763523988
273,292.18692739522675
230,262.6442420203708
191,182.64703443077155
108,121.28209240432761
68,68.18208736669304
35,41.84953465920703
30,32.817401507171084
53,53.16905432586543
85,89.18618964841174
154,144.82003222148597
239,209.8270065548266
316,295.39137912175096
259,263.4530088490093
194,207.00481429147695
186,184.80247197999725
153,177.17664328225604
202,183.06313811448072
169,200.35001557491358
201,188.6051025744172
226,211.81328465720352
251,249.48865191615272
314,292.24600988353365
339,298.5058790047897
305,307.63299252064377
333,311.10631401241693
276,289.00800010210696
244,226.48110094049827
183,176.52915918731432
120,113.2443559534119
79,71.51723409532188
44,54.62202726246017
82,60.84500767374622
82,86.74228381334233
148,132.520062509116
213,220.6048941157135
274,265.12091218683736
199,238.32852604472944
180,205.77687649299676
209,174.4759476427793
213,189.9307815609417
220,204.56914894966891
206,186.1054219206538
232,203.44081481579846
290,245.6397180021054
279,315.3969883667406
401,332.55691981576615
415,387.2701013687321
336,358.42694664220926
348,335.278825810784
373,369.1500669109709
331,322.2050147870063
288,251.68256185682642
278,226.28097026132033
189,173.32379791581795
152,112.87609770709157
91,89.20904946686215
76,70.26044662750027
86,76.49880216921976
108,100.26280439910664
122,149.80210470548255
151,187.27779083704883
201,199.54898617828223
231,222.40241529567874
215,231.12701906983614
228,226.23351585901196
228,220.79276380843197
208,229.2157025798103
217,228.9745417528897
252,242.35665269055195
297,311.5372680408981
305,312.54691753117913
242,306.70326894248205
295,282.260045822704
360,323.1402286058113
328,332.019801640587
317,257.8629797824843
267,260.72784841972174
207,191.05057353780995
140,126.86497418096722
95,90.25681880381936
70,70.95608038376812
92,70.28422932021688
80,90.13551038550625
125,99.68600645126836
148,135.60375387991263
173,166.27501625850758
196,197.22669375424627
219,198.21634815326965
269,201.55925144982535
197,234.75007750615754
199,190.5825764561819
199,192.97871612183175
188,202.20629792395133
206,197.84454999653622
185,191.38991600726433
168,163.8918528065948
193,176.35575510991768
132,171.59281810687895
92,98.97914736382057
66,63.907163616695996
34,39.19056631682252
25,25.43486353300513
28,20.221366945194134
49,46.92964059892602
70,74.94053725155459
153,118.55568983567564
188,194.27531776478173
248,247.69915636742905
195,211.73147633103693
172,163.8359684792363
171,155.6998369652693
158,158.58373067258722
182,156.03313479112825
188,171.94884819936115
174,173.2532120759181
190,177.9011896097293
222,207.5538319706824
233,227.04262607766933
237,198.55551194001328
202,202.81961553628048
222,190.4656000862016
166,187.42625364165664
114,104.17897847533705
68,65.51182947148818
42,32.97283869781754
15,23.27988887923177
19,22.420143851005744
48,37.180685357802155
79,70.47922301077152
153,150.5923435183958
231,206.0062921404286
292,270.7271032731699
253,236.47822782049877
196,197.120625874181
196,170.10743882447224
175,170.19254145724898
200,170.75822209895645
204,189.77831505775399
195,183.33726042446432
203,194.40678985718318
265,225.33288134490425
275,271.476152751768
294,259.1871850287738
298,269.4314303418174
289,282.17476752786865
219,249.45786402989464
145,152.0619816248662
88,87.92118003687511
54,50.24950447456226
37,27.444465418839442
25,22.729626327964038
51,41.99535557985529
65,72.40404874354738
154,144.27637792152584
239,218.11561401937448
282,300.28283968100476
292,254.85576199766462
203,217.90814017398762
203,193.69078411272415
186,185.92558435778608
192,192.73582388245075
174,195.0279738449551
210,189.49666709081643
237,212.57497962282847
251,259.23724860551687
346,284.37426155437254
359,310.635218674503
304,326.66133741437403
319,313.8481233061063
266,272.8992283516137
179,196.85923371749848
135,119.34212601582881
57,74.04266059734665
35,39.182163626598644
26,31.97606560535896
59,51.24544058245176
94,85.68368000401445
151,157.07154151723964
214,232.16130935383165
268,287.18048640435154
266,258.5438303761364
219,211.0573140006725
180,202.35177557023513
202,177.01371292654906
237,206.55713071893967
204,213.1927839811183
219,209.21915841156786
204,231.48639155683628
241,248.32352874435261
267,301.8096404636329
315,302.69073617811404
258,316.289245540335
280,300.4490918811596
338,282.2021104941658
272,264.3372845959107
100,87.83843107547933
58,57.93494528155323
39,38.50904021144755
48,30.450264680481165
54,55.798002408598975
97,97.3107239081118
159,184.41772247907255
245,254.02173603187973
394,336.29046385326785
335,321.8729447994149
228,250.08869346473614
194,228.13452680758198
198,208.14759351296365
206,206.33226778962558
228,217.93520148786843
219,222.71251683026557
327,247.94387394934589
342,345.4695469751712
440,379.88320746983646
375,361.45593606741556
343,301.7763260397512
305,302.6091185763745
261,261.98942806548774
142,185.32030443690851
103,98.28677651200923
48,67.42746168142185
41,37.96335637837391
38,39.149265578714434
63,61.40302159843897
123,105.38568150772419
214,185.15504713866517
268,282.1729368313857
390,367.59212103232915
307,352.18258705278583
215,251.71899592294176
186,215.39209275771339
209,203.69118269791898
217,215.90522330919484
211,234.23055175598202
231,224.35586343440443
266,281.00369274540776
316,346.7435255860167
340,402.65495197072636
278,344.1824567309352
253,291.8102172172516
281,305.1498582301347
240,309.7566849702147
224,204.94845155246801
160,156.87632167352155
81,93.14069660718685
52,53.57482469189751
45,46.27659312743786
86,75.58037186752397
120,122.61013503660715
157,197.8534128855836
219,237.24982769289576
290,318.7736272023056
279,294.9538773475329
194,237.4307878943931
241,210.59749381692268
262,238.14083690035417
227,249.69856963554244
253,243.9807076799115
268,248.46069038915834
311,296.31730514773153
370,383.2600699737002
458,428.35364482915276
333,442.87727314868766
259,325.78800682108465
277,321.41656991102735
267,309.1605007801801
274,245.34769458646772
255,229.61034161839618
201,189.02020079536453
117,138.39188422841607
77,84.89573269064041
87,90.00943642465812
97,105.8360580496765
99,136.62945053096487
126,135.79159355784466
135,158.24077208473366
157,174.97218065147987
182,173.381776095958
176,210.9217717610383
220,216.61480538037273
221,231.10304867031107
243,238.273384162717
299,253.2165661258098
326,334.7180865398055
317,373.785118236543
399,374.9297595786548
450,429.049191513432
491,444.5543667809921
673,442.20652139011884
656,624.032785146532
644,636.6391006489916
627,556.8963858866701
420,502.199189902898
259,251.22617950810624
140,214.48940100576021
100,137.69935683045594
85,120.26855637891964
71,135.20802663118525
96,128.90377885748944
111,164.70167028928086
150,180.34249526316347
192,220.63503499398308
219,278.8458118051679
244,275.00778597689947
237,318.70194889248717
289,288.6412231793309
265,336.27148816950023
282,365.01226032860984
292,389.5409908835132
307,406.0239807996828
292,382.38638341959086
269,391.50186205510914
327,415.7803746485286
339,452.1653204738057
361,398.2623697286876
298,465.1010614339958
251,290.9475378813199
196,199.63559840362396
140,198.7933456646322
118,137.68069329462617
95,115.47598516682068
77,103.12689872746033
99,110.40310379286603
124,144.62036961884985
171,170.0318947936654
211,228.1403692887621
219,252.9871371639154
236,254.38467718475178
231,255.65561245658682
233,267.00116048086807
283,260.795314601332
268,312.9867928367895
276,322.975048745396
299,326.8666947473286
301,296.6228133704186
249,303.6562741672665
258,271.4253199655549
210,285.08157826963156
163,165.77345961203343
92,104.62619656332558
72,60.38675965553018
33,50.159290771495016
37,54.63093549342205
47,73.50949099284625
116,99.62135776962499
150,171.28925861928985
247,244.9122302574396
504,320.2996005451186
268,375.4375468872758
193,215.24750353526352
176,194.73571899117334
185,190.98400546973653
166,198.65135022186246
160,201.31917485428525
181,190.70276091505238
182,214.81552134286844
241,243.36840755682218
260,283.19860909715266
201,234.29495752908198
166,192.65359668391014
201,193.79171699384122
174,191.89446114151198
126,137.00147905488768
70,86.68581654107666
46,51.965759481949235
27,34.71373566823743
34,30.505493304027684
66,51.82522809366635
88,100.46384429730136
168,169.05165159978634
258,261.08724086602905
368,368.65167749054643
319,311.67255784003476
216,231.0796211561597
187,198.8955125713983
182,194.65239405339486
192,189.80132647661424
194,206.7815421663258
194,210.87286095192317
220,231.0897329131004
297,276.89660131889775
342,349.23947352008395
364,317.2379493997191
329,311.82889436659224
253,305.84687804071876
225,248.3632955888498
145,166.23076982508755
109,96.64680837036593
56,60.882926520900845
45,37.25190191230533
35,37.53747373861128
55,64.15182975360148
83,105.61404518348218
164,186.88784068213707
239,263.6987331296154
291,353.82461633379637
265,299.89342990816493
219,226.58056715843486
216,208.74722511357095
184,210.55444956941997
210,208.08707772094291
191,222.2591458097823
241,214.50760358456554
260,266.2366711029742
322,329.6337804664484
303,386.65862234785027
262,319.503952509224
302,272.87703670430056
376,316.1654780313018
322,318.14268316452484
246,223.32579828042284
142,163.48537188639787
74,83.76629397815873
65,59.93249326069702
28,46.21353281635902
49,71.56104694392015
101,110.59177612830608
194,171.51134124802877
272,242.96751416286094
446,310.9299902416399
324,342.3878076908793
227,240.84706902314386
199,231.5566520503217
203,221.86023156007099
198,227.53595537708924
206,229.6427813650066
230,232.90516988113134
231,282.0325336866751
317,326.6133923468281
386,385.26269494470205
296,396.4605724507569
281,304.3581479104956
289,315.9728417105929
299,309.7441094840873
272,271.6352189724101
198,210.75621262748137
102,145.44563383062618
58,89.05765909351067
44,65.92587708436275
66,76.06869532827908
100,101.78575165333275
158,153.76088288313676
227,205.63423443083775
349,282.11014762545625
294,295.9221659355483
205,236.7069104562278
216,209.2740569975364
224,227.65095301895656
278,238.84640208417648
275,266.85711188014085
267,282.8803023535551
324,306.48558231332083
421,388.9125118887303
476,478.5918947828912
474,468.4596204781414
460,451.9258996083299
490,465.6926790698516
691,534.0682270888808
892,662.1702789009564
1005,703.9747935000725
879,696.8874180376913
466,544.0167147656415
244,229.72239595505772
185,141.33507677492267
138,125.34762138326548
137,135.8679771777689
166,150.6086735376326
175,196.9048038925518
253,227.8096840550672
296,259.3420504189249
328,304.8389062928308
337,320.65150159698766
375,354.07913118062027
367,378.1927913889253
392,382.45370139265646
426,422.7370113677602
531,520.6757327834478
632,605.9795180922287
618,550.4824730201458
624,547.6717803731973
727,685.4599311760236
954,812.6202465041148
1094,856.1938046336337
1037,1021.8956584755194
540,833.3492465563555
379,354.5129507824703
272,253.64120386571216
205,176.7465433444302
120,136.0485510900638
133,117.08811988523587
108,135.10710740616352
157,152.8570249520358
233,208.70008613789304
263,264.74329083587577
293,285.9431544567807
339,307.43911894113893
330,322.64806000796784
364,319.5360153121331
312,353.3651053185846
345,329.604317570486
380,358.3074779891341
343,388.35810161659964
331,321.1998027308584
320,305.8452228361026
292,314.85920721063894
287,323.89867166802634
236,184.87048488316435
126,125.95269610707203
70,73.70993527019203
40,44.173875313215184
27,41.35385865854773
69,60.12573148543933
106,116.02138985744553
159,164.70137328691678
266,237.76728396065502
365,362.91368030281166
292,294.8449542288966
207,237.02474032353754
190,193.61284474333917
176,197.20794146506978
194,187.4508731010554
166,200.16891032505083
208,184.58049215678872
223,238.04410732036627
344,266.9314724830806
366,353.03629629019207
426,289.2031300581733
387,331.46390649831665
278,340.6496376812775
265,227.50677292052558
148,166.63603307924407
75,93.51016994798805
53,48.86246300151753
24,34.80626601706787
24,30.001104302641547
46,55.12836672396645
115,90.3891694645373
170,171.2977769288812
285,261.455785523776
363,366.8640605048971
326,316.1539045466089
210,229.12230186520802
214,203.9224384460017
170,205.2589005998075
194,196.04770186402482
225,206.6322539399387
187,224.81134156717007
200,231.73644488042856
284,296.02931432501634
311,364.87716702384205
276,348.2959920578169
217,304.834884173075
313,265.088278270441
347,297.05422789476444
248,198.08766266781637
160,140.57612848558537
77,74.96223723322426
58,40.650456431988225
36,36.43382949340015
53,56.5901995862083
120,99.48614576126997
205,184.92788011606615
296,283.26816743647305
400,352.2613873494148
338,326.8095182333413
267,253.642010081286
222,236.0792610784276
224,210.72209898173907
230,229.43055822474534
201,235.03835717932418
222,219.48657534400445
205,258.7607393467801
335,296.9094776501778
344,365.26160173014864
316,306.90250885771866
241,282.5162192122052
360,300.4548174064029
373,342.06252811628013
290,253.99284660394162
177,181.07143378219513
83,91.29198891328758
47,57.42523216062993
36,38.146603375799344
71,61.40235932982868
133,111.19355976664642
201,192.2919215975801
301,271.9630513479425
393,355.0991540321765
331,333.8358334646907
244,255.02312641047354
247,222.77046208966846
214,239.31054988691596
220,225.72088598144475
224,227.57306964198204
264,234.3944267772513
272,269.4503301071259
339,350.9226482500799
445,417.7420396872013
384,380.77889294980616
313,329.6774265275175
366,328.5063298032581
405,362.49536098637276
359,322.977960859546
233,233.03619665420402
133,138.63403217963364
80,82.27492506478623
73,62.21237050508042
89,82.41517557008777
118,106.4582339808449
180,159.65477629356283
253,214.69901757374208
304,318.31685536081216
281,278.75657090570746
220,245.94119061899437
238,211.35045791682796
235,235.17662299016578
222,245.2519317598944
220,241.29704020905547
295,252.67970996662103
323,334.0182123155588
402,398.08837076794526
531,462.74276885183855
469,526.5092775927095
396,456.39413826359987
461,448.485380082122
536,591.4694735430137
594,535.8226806010952
536,533.6015690828162
416,417.68934909962934
300,306.0558722309609
210,202.54812652013737
138,148.69025888892475
99,125.82134726863168
146,135.60549581532348
148,168.23484712281135
196,173.2756002926809
279,230.20689884130059
273,278.75110825538445
345,293.84929501345977
336,344.3826036558272
337,361.8263479424775
357,350.2347141289978
415,369.04722820373195
395,436.7620007587036
466,465.93460319291063
603,542.4777186869231
606,585.1707793925565
513,581.3492260617115
550,534.7136686680835
729,627.5983225290266
659,768.8318528128572
697,578.0631110950211
497,535.5642018195288
336,377.58574373862615
268,222.06914010634566
139,187.02404952902725
126,117.16369431561266
105,133.70074465652667
132,122.07831678308968
147,157.93321204438254
197,201.2087443655225
243,240.57076598092752
304,271.9638727566728
398,314.7821792695578
359,371.3390159177602
366,347.0765020722833
355,357.34243608710074
336,359.67432465845246
361,365.4063889164519
372,358.35288504189066
326,322.14168351230546
265,296.1421301532741
265,274.0674840900133
242,259.6489812737768
168,195.5516808962149
99,113.82379729328933
61,80.00885249949704
54,38.60070206157493
33,44.3182364072897
60,65.42940826091618
106,113.99112703597791
165,159.05392653619361
267,239.11165624457297
340,343.1394983863034
303,277.07441657693687
214,229.38872792045734
182,192.83948593600365
178,187.3764039637726
176,183.04901003097808
187,181.66685523251084
216,197.49360072509663
211,234.5991376513669
227,257.31073898178505
260,280.65329556873445
207,242.171201185402
195,203.43392438174317
216,205.14252341549962
178,201.0788429474564
146,135.0382702646341
91,88.19302207278234
54,56.91215404615039
23,33.09386146997518
30,30.83550377480029
59,55.1979654030562
105,98.54502161132885
181,166.0843287871928
286,274.480537673097
352,371.66635497743516
283,321.83609896052445
220,212.81562441804462
211,197.72060938540324
174,194.24249173951281
176,188.8767423330418
169,203.21277104008604
220,194.38604939432975
216,229.50044507315025
274,275.6828422055114
300,322.7464354099292
248,278.75665054405596
232,253.13371239965508
265,264.2005916449031
269,251.9944882042
177,197.95496879244024
98,116.19774922048876
55,60.53703508228759
38,42.5894622545188
31,35.742022353022755
58,59.48797476084604
111,105.37102874704637
175,189.2319198430626
251,276.79718571046413
378,348.7715967587378
324,305.6615144101648
220,243.7765982849987
210,211.57348481899976
189,202.51085538898613
182,203.74472437589165
217,194.02087165345193
235,228.1335637857379
227,253.26771704793293
295,302.320026782344
346,345.741037782946
297,301.5682778996642
276,270.0350959356409
360,307.1146775358275
414,353.467939619301
365,277.85559974799367
162,201.38627661353547
101,86.27918362583489
40,57.309551844009384
39,36.45984752866689
81,67.12181390243994
110,117.0218965896421
171,182.43414283189784
282,270.9576423216784
386,361.2358697154059
337,331.6120339115418
247,243.60203820744044
221,225.9354389258261
227,218.54600828564764
237,219.14018461626426
222,235.92598953811415
268,243.8707061698825
261,281.57704070267135
324,333.6949889158196
372,390.063639584077
304,345.53339952140936
292,289.21206481785924
392,321.19418027001257
448,402.01031751718466
342,384.50568668249565
221,238.92766241870177
157,145.89019064788798
90,96.31995910764836
58,69.41720868127038
84,81.07525140920528
108,105.30545031778448
169,163.20492722991764
217,255.60122830673612
325,321.83363148405675
274,299.72600342614146
274,233.68779361359796
266,242.5207960494497
269,251.35615126093572
304,267.2036326779745
315,274.77859288756235
388,311.9713716669574
376,396.2469495362889
423,434.42398222760295
469,491.25987299699966
505,474.56240043003095
413,468.2782824779
507,446.57530886405374
620,607.3946689960861
667,728.6299545036435
538,704.5923120817477
437,447.075926712685
278,345.0689204658377
224,203.44361269846232
163,137.8700607972036
124,121.6412348631874
163,134.67823361224242
181,161.04131029058084
231,206.92553753285327
333,273.71525982033324
390,307.35306249200477
395,388.89772785995996
445,378.1367269689068
442,417.1272501022888
482,431.3545553486986
465,499.32621620109654
639,487.03160643823753
643,625.441925306761
713,656.303338813255
568,667.7743526850807
523,600.9135577852818
634,589.2425386889245
699,756.3688192321598
618,779.3165448365414
681,580.7912158022384
497,518.7243635896626
346,317.9602005086433
257,223.51065127691194
208,158.95683198787722
124,120.31729283033282
141,120.5088064860864
134,125.20015809692401
156,158.34589630350294
184,219.29004906890864
284,252.2611715562049
353,304.54105384116906
403,373.1191103781783
474,397.1919959286066
410,476.50498909747165
425,394.68991436935636
439,406.6553319723279
422,436.1598066379425
434,427.17825666023026
345,381.5268700814274
357,304.2407746249419
339,321.3979919763389
266,300.812894877089
208,188.96265076571078
128,125.33102596492941
71,71.89208758814249
60,43.07222001336272
56,39.13573384727498
72,62.540877450514195
120,112.28589622257176
165,164.8549490816425
262,255.71184767945098
343,347.8590511855965
282,287.335854580381
205,224.61416480176436
210,191.75338115726763
219,197.32453451157025
194,210.19877109770366
197,193.02741455858992
225,203.12182534354469
225,235.57437436703606
305,260.4050230833576
297,318.70215797125627
247,273.7694963039234
182,239.18274332105338
215,196.81538815532173
212,203.3088976973488
125,155.8992285761769
64,80.80565389906359
49,47.81545137595021
27,30.555598449632463
29,28.465502750077295
52,55.93656706051858
103,101.8467163777798
178,173.1992279558128
289,281.68052632184305
412,365.90295421843274
354,329.69296101590993
254,242.7151750183623
231,216.95735433898963
217,212.39928181315153
201,204.698922544125
209,202.0893116626637
250,208.2144834453433
254,247.8109070978732
336,305.5996615888544
354,353.4878134953846
313,297.1675490089069
259,257.26072038834707
277,266.3767333879714
242,274.715138401889
175,176.33117193660402
106,108.81782011061655
58,61.96673798937181
32,44.64290379808629
34,31.336401331365483
59,55.399311618516776
105,104.39967622040987
168,176.24956873697914
311,272.7435250000446
403,373.6912265431141
350,352.850706012971
278,265.23548182691917
238,246.45068013699304
252,222.812902945573
229,227.01552970968004
245,226.20954967702136
263,243.14479269771442
276,265.24616678930045
321,342.05889979571185
549,368.8852444832161
390,438.31738969970445
294,332.5760610697474
321,331.3135812430358
296,336.2267734539612
221,240.67056775704802
125,150.60780517501135
68,80.47576424696202
37,48.388685339413
28,33.863500709681645
60,64.2541171027652
109,112.69781249208255
191,179.66094057194408
301,297.33917475722825
385,394.9258329099988
378,349.0731324934033
313,281.25308424426754
292,270.9320270565756
250,267.4975202101175
232,245.11959659922172
318,238.57660179189327
390,299.2462052211853
385,359.57805477798763
346,420.1229858950498
389,414.1836710261911
352,363.6064367595238
313,320.49543066370046
337,338.45210403307584
383,361.99774802834776
341,308.6299027216695
116,108.86734566736311
78,76.3482186948481
74,63.94154343791896
90,85.28594154176496
119,128.0783331022689
145,145.14222198803017
221,239.59130136455175
282,301.6384733553892
350,362.2089656081746
241,291.69889158667837
237,229.8722745983317
209,230.58401419291172
213,224.64053719156016
191,228.33739400693923
234,224.18163708906312
246,231.26661650177522
245,239.61692982055482
268,251.64703613434443
268,259.23342192467067
265,230.05012251809572
231,214.43939276721977
221,209.36034758351732
155,190.94568550926624
138,148.34669605749826
105,120.75608577127538
79,83.32703906366592
60,66.80295593483226
76,90.18611423415092
127,122.50846837235723
133,153.5045322641223
198,225.06015298809393
295,309.2498955210147
348,356.22220112266893
294,279.3621161878321
245,250.3414896081936
211,228.8263690070692
202,224.17173824346816
211,216.18197106034071
227,246.88557702499105
230,236.28552479018015
210,253.61195382860993
259,245.1251032333121
239,259.85429075646726
221,229.86879966454356
171,205.48238675573086
199,191.21845908923632
196,186.26034751633242
139,170.23004629068896
153,120.9642064903999
101,105.7054171989866
82,72.73095358498126
93,89.68853510051859
128,137.37639299554303
157,150.48938358846038
193,204.5357981456451
272,318.0344832775325
339,336.1946213312049
268,289.5468499499618
260,242.4363183256526
249,228.2847119342746
256,236.42482003120847
277,246.51396680858394
288,270.8782546717211
254,265.14507015538277
257,248.2597855033694
321,273.09539809956004
344,294.5116076835451
271,268.6692899479558
230,229.3349202019973
231,218.41635535236873
221,211.1729874710825
239,178.6400374687641
219,189.2568081545667
155,169.22471854964294
148,129.70478947464483
152,137.89808953884432
168,150.42886037057147
157,171.08717297858246
155,167.83051113219358
134,202.83255974304893
144,200.59168827010748
166,168.39565302265476
201,204.24942044906294
216,218.27879610595394
209,230.57365356286058
234,235.5906678492132
233,245.89987174913597
258,244.83285036907083
256,275.4127613891466
241,276.0599576194122
262,280.9092865346965
229,280.04987522226565
245,231.25703623296715
258,259.4499524518828
251,260.9247040335642
264,239.23927635588572
283,264.275913475558
244,250.1218261109502
179,208.6311404468925
174,207.19774489963274
196,207.29455115743482
155,177.4418461061998
129,176.95945971012398
126,167.2820832053133
168,196.57124297961454
214,223.45118349039203
240,248.34640466336444
229,267.817045096172
255,245.78677055319397
240,271.6693990441118
227,265.47343365428287
225,256.02352156135703
250,258.49742279065987
257,269.625437964243
224,284.2751385110403
256,241.235925218242
225,264.0726603329956
266,258.3536493035076
303,293.01814452771396
246,297.1910463730561
238,262.9341330598486
223,246.99416493618716
198,216.1610129463417
211,230.85042802389523
225,239.9410685489776
145,165.96481409121233
134,148.8957168380242
153,148.20260427233868
155,177.68797007854408
219,215.0509025150503
220,254.98921788570595
228,236.3480962413284
188,239.77053258017568
251,214.6390348723559
240,251.72557096097978
229,246.00879016676302
202,234.8687474290339
242,221.9087453659425
267,237.25042293598034
223,244.1796639422789
213,222.91186363280562
229,221.99248841748468
209,222.38325246153744
209,186.48769113349223
141,167.53272726057995
108,115.07297407334042
89,96.71209309940603
100,113.03662393868416
139,141.61794045468977
156,168.47695609435064
221,241.39060613207806
256,331.90002025533374
360,336.46046028922103
258,298.89690840295606
244,223.5472231043467
230,232.29285949316423
207,214.51857024639943
214,224.89972646830054
243,239.44915231950537
215,224.1665434913517
188,221.40581445934887
213,214.3500564451516
208,217.6698975353241
185,184.1525057922729
149,174.57558015854602
169,161.06504991830295
174,160.72300932602383
138,144.5759360310007
98,114.20605919732253
61,73.41857211738684
55,63.72918243791396
64,81.62259384319611
103,119.1604819058444
146,143.59574246220294
172,232.87172990570423
268,304.14297144982856
332,362.2220964405133
277,272.9163768928251
249,238.51027472378678
239,229.67575598195398
218,229.08869268699135
232,229.41431343148864
246,254.20953761158955
228,238.64708599872722
212,222.32037357322127
225,236.66540995826838
217,234.5104818674793
211,206.75362606161107
243,186.74520710387011
187,213.655277115959
174,177.09841175331962
135,146.32574030574534
113,107.54914470363858
76,76.08853667649461
64,61.664337254578086
61,80.64572670380788
122,116.08686580897759
152,149.95700325514935
215,208.87803257178825
444,306.2323965235166
499,386.92098940105365
305,362.1845558783914
263,258.3521525911885
219,239.6181193543224
223,225.1440523768194
213,236.09408663886165
229,247.78489493162706
194,239.10387149221705
217,219.3228434673035
250,254.35373822241053
229,249.35244959632388
162,227.42019888562734
201,176.45161514282154
202,195.5268359347531
192,191.5096485510959
167,156.67348689548422
138,139.6580244602016
89,100.21997095876986
73,74.95678759202922
82,86.3229217442387
113,132.76816955994607
147,154.43804225351792
222,203.60050434023864
277,335.4705331554315
360,370.3281034662511
274,287.78739987370915
234,247.1745247245643
216,227.26190103765714
206,229.44624014853204
221,237.75178417739374
223,246.16836835893835
223,228.96920838166122
206,241.23445063004493
248,253.0816268486652
221,262.7012608812516
204,230.3664134990867
177,207.7346661245997
221,201.86662433850535
186,208.8652448151573
176,185.58125599597065
116,141.37520915634954
95,109.47596124061889
95,91.69590377141633
105,115.28843222373803
138,141.76839332706933
157,162.3155434021509
204,216.1239340581571
259,280.93499950929834
322,308.4178061667624
294,258.20823005371443
259,248.53204284243392
209,232.92322101452203
227,213.40510608529885
229,238.09516010585753
250,238.66027327233718
240,252.2927155955309
257,256.35861950665947
262,272.37517384978673
275,274.5472103365283
267,262.03211505840864
272,255.50623724262226
262,268.0012281024849
245,264.89751463907606
284,247.70496609547033
225,258.14362519564554
217,217.1694923492014
158,197.3829164284959
213,179.39800685369636
237,214.6063537384719
146,177.05857921989718
175,164.3421543555182
161,177.59599185653903
247,206.63833575826223
252,259.39137793096205
266,260.08026309252676
293,267.1247204800216
265,281.6305456421828
269,264.2288357605476
281,272.07314099850976
286,268.237186066918
311,285.70091765895944
275,309.09710329020436
309,280.0769633787645
291,291.671132273276
317,279.03572968557586
304,313.8974678000803
269,303.6365545626428
260,285.15351393835846
298,265.14856328870303
248,275.6339351185197
253,222.2178206900816
211,249.06379592777841
285,235.94129383409916
190,175.70144006720028
156,171.4629641673977
142,161.97585497496092
164,179.29735887942365
232,221.4924104236262
252,251.6575193559556
250,250.07266623857518
201,238.37999750521544
201,226.65453421452006
253,229.64510625124473
251,244.57475420036207
247,239.70355490164823
239,244.80604672181298
252,240.89054589807543
223,226.1497918861389
227,211.65711369915036
240,227.5338408544434
235,223.47900928844786
188,201.78593624342275
149,154.2824388107242
108,113.3299488085002
100,92.31060252501818
123,106.55511980112145
151,150.22101052702277
154,171.62362629468873
218,238.91331711388102
273,295.6816565078953
354,364.032211602546
279,280.9176325332294
237,234.76300389068697
186,221.22006976599286
234,194.8576822265119
218,229.46217849874816
198,230.89601925607164
210,206.52448265228455
216,210.52651360933456
264,228.62828620042848
228,245.61117814843578
317,195.981553628492
305,231.54203220314704
209,243.76092803296729
191,179.2543853704731
142,155.90163376729197
94,107.58120764114399
65,68.95473838629358
58,61.777171274478
86,77.43513290105918
99,119.64668765397387
134,151.28169308932888
221,211.86439762912406
291,295.13826329089613
350,352.9781829384852
264,292.37753019381194
226,233.46854000120277
211,213.2516982463504
171,221.16493390626644
197,204.0759951027127
211,217.80972844270397
218,226.89851267481367
224,233.80471517848358
195,249.69578427250832
235,226.63097998164125
158,229.90734247933122
180,204.23855958445182
184,197.17965717338728
180,179.03018409492176
153,152.91561900410085
119,116.32564683341833
92,77.0615648306205
48,65.6148470578992
95,72.67922272735993
124,123.68543081304489
134,146.80888282739758
214,222.00068564927992
275,306.35931156982764
331,347.17471295148886
286,282.43156916520263
259,245.38003031870824
220,222.9736019848015
248,218.26721669385864
214,236.2139126665549
235,232.4414565483875
239,230.44822580231641
206,244.241280693328
217,232.14103203693776
204,235.96307878754936
222,192.32843324377836
198,194.11661864047494
196,197.03208585768752
173,190.16862581381426
151,155.116172501737
110,131.75069713915693
94,88.38071058958498
70,73.1479917881365
88,86.67740131304444
130,130.84340340422497
145,152.38512344581775
206,215.95992610135403
272,292.7463633325877
371,336.34806985303317
294,286.8688959794366
254,245.65100845967996
218,230.05895266912074
224,227.53665190264644
228,236.05602817197797
256,247.6975242971539
233,246.50703493682354
232,231.72473879359472
280,252.4660892336875
233,269.34366918759247
227,221.20929969604393
216,199.67335362010857
206,217.26927207318334
195,194.717286740895
145,176.46169847540423
130,121.78050890771853
113,110.52514446843603
79,101.56302694879551
110,108.22390301263196
150,147.14742291096695
155,159.8243655274662
219,196.1732127397095
250,256.68100907485217
335,300.3256254481459
231,279.57779281918835
221,232.76325293192934
224,215.61634356292274
209,225.22495975599043
228,228.63832762044893
280,249.15168930354915
256,265.06900526013345
250,264.654655446627
292,268.0356859048358
286,293.53943918657905
269,273.0735534335961
251,254.58376744844435
303,254.07003028002617
261,283.9562847680271
277,255.15451117817474
261,248.67586078139536
196,235.8805522902961
176,177.1601594294437
220,187.34356851734097
198,221.38273818352718
151,168.75674871190625
163,160.82140691207252
159,166.06878301696992
218,200.02903231997487
235,242.25377142855191
304,250.83735251858621
303,291.26081701092414
273,280.0678995244302
286,265.067172468208
279,292.9875345014733
290,275.4185007937565
278,289.4315075075635
329,282.3886022597335
292,319.7690926377428
298,281.33107068697734
283,282.67321024727664
290,288.6796401036486
300,294.7719512552315
328,287.12501574112537
251,301.1493612978385
230,241.98678406634687
252,215.9847908054615
279,240.5738059853904
317,260.8207606288102
183,184.84613118183452
172,159.7831505190435
141,160.49288486550896
149,167.92698196445863
213,206.6795359536078
250,245.2437339243635
223,251.45450030534684
243,220.90301945695015
261,245.7051357639843
278,257.8653033919583
281,262.413688736507
275,261.8026167015775
232,266.6427143847586
230,238.54048183947668
234,216.01371909950984
245,217.26369499526055
248,236.90368254901344
219,233.06767191670988
192,193.35834887248382
163,154.9132429962822
132,121.12905145879371
119,104.26302734927341
148,118.17382901126129
164,156.05760550929304
165,173.31558685280285
230,231.12619513759233
245,289.67213795421947
328,329.8087876161494
280,273.97635696925454
224,235.4354372618159
217,209.54767171710026
203,213.96861583323974
203,217.48332532655326
208,216.89242963903564
210,204.15713197172363
217,211.21770081784214
349,233.0713884799551
243,301.21596482193115
188,212.32850157294413
181,177.28668399042263
161,172.76455243551086
202,165.1425056405401
154,157.40814788880914
111,112.92253471820499
53,72.85277034095276
63,59.988733501328795
93,74.96056969119074
121,110.83493264550249
133,147.72094853107868
203,212.0565376755167
240,282.0618366363236
345,316.2136540800454
236,274.5686533251081
240,226.2450291127273
204,218.0239937511101
184,200.35077269476295
203,201.5794658142769
217,223.38913771226566
201,221.30528418762984
194,220.2291850417611
206,232.73216101762867
186,229.52003851121623
172,185.50896257484567
183,188.5544897342062
167,184.57630471684848
204,173.3453704279059
201,157.88889037859795
105,127.5818416708183
82,77.18941077349304
60,59.174561537297436
85,76.35116848268675
112,123.9029686275418
125,142.98814691757698
200,210.90725156511758
241,276.91611053156197
357,331.1091344053978
281,276.99417046056993
252,243.045337739835
217,219.74191918827316
245,215.9368006117425
240,233.59515649213648
235,240.87880631354324
205,222.05073923638827
193,212.6084024292899
213,225.10690989226364
220,216.05280765290163
194,201.19780139045545
170,185.0904034876836
186,186.3837541833255
189,187.89789808853487
137,156.85835684901716
101,125.21084857400716
91,86.05686037364994
77,77.18499326571231
78,85.2465682920388
124,120.87153431826722
141,148.407019638589
208,207.39731839182775
266,270.4582235696556
315,347.48452345686997
279,273.5573873069953
239,243.65107644202166
224,226.08370788740336
203,225.19763737276475
208,232.3227765103794
223,239.2953299131656
235,223.46179083267253
199,228.74262697076944
255,244.8204316618997
235,242.51469984517945
189,221.83438524643296
197,185.81109926022754
195,202.1627642960859
220,195.3283206933263
182,167.42409799494146
140,138.3958933746713
122,120.97336688573881
82,103.55799072743142
99,107.7527963507401
153,149.48436205902453
158,153.68849413462567
233,213.73308412915875
260,281.58675485271766
363,325.505655549841
254,269.0742382912789
275,226.8143621407134
261,242.4452962205826
256,236.93081571294778
264,239.6602730015089
283,266.1647512660137
299,270.82962909116236
280,278.24557831839894
271,286.35112647400433
320,282.56543835261715
278,280.85302592868663
365,255.1102883418916
464,319.54238426642206
374,383.51141087235203
284,320.99567853973264
274,253.82132923732954
189,234.67913415318685
222,172.9393351331833
227,202.1190495135876
217,208.76686807961093
203,159.36714884645633
161,186.9842519400216
173,169.3888503816243
214,217.4893256364421
243,243.45225028721225
265,270.24912274058835
244,278.3863532647086
289,262.9928549176748
272,288.0553452912911
282,289.3844130837497
282,281.6316159991196
333,287.6042238170371
313,329.2514593689153
314,312.8695398180651
280,298.8297328495616
276,283.269991310531
272,302.43361951703844
302,297.11152173502757
322,289.1531957991287
306,287.3546039748978
259,257.36635224219486
279,239.03302371122584
286,256.4553641070468
268,268.455995989283
188,185.0236720808428
157,170.49309240223235
159,155.22109442148115
159,164.80900351689309
233,214.039980937069
238,252.46523223106652
244,238.60417582983598
218,236.25569558230612
274,228.89289790624002
278,268.6586700770454
248,268.9870680198858
258,249.24019523118037
244,246.7765915158581
269,242.56221178953925
226,243.65782445259862
243,221.53934548881767
243,232.95342613209573
216,226.77729986549463
226,191.32525954829637
157,170.23393357844517
118,121.16253843898456
102,100.48687501549169
115,111.09525870226462
166,147.82082532465884
151,165.30093511102027
232,227.53040059124618
294,290.93449467010765
337,350.084664934501
262,272.5428717412228
233,225.36947454143197
181,210.27883551804456
210,197.4147672284681
214,216.49745888351754
211,221.236996062539
229,205.3923021993437
251,222.3621814099671
216,273.93541971945837
179,223.94537559717438
194,170.5636531604211
175,189.57715890462484
168,176.38837327336242
171,175.8457167370088
127,142.49991527905118
122,100.20736048101166
83,76.44285368268875
83,62.40598872102573
90,85.68576750883676
120,118.49646277304116
133,143.59260519627435
214,213.693073255734
302,293.36517585212147
344,342.05548696659815
275,270.3553749850174
256,232.2946305946871
217,211.9414998393809
191,203.13369079946443
237,205.63974295650135
221,232.9104974231391
228,216.7251672347757
246,227.37742816618695
256,235.33633394304817
222,226.57608087785894
197,187.5873056173775
187,190.65747753026648
180,179.8094424634635
153,178.67036313506873
163,144.94009024770267
110,115.95629909325972
75,81.69344852557043
60,61.32979028527398
92,79.43694941856025
115,124.41983670931263
143,135.57186392049854
186,217.82885853092606
283,287.4520987225369
349,346.31901862373627
274,285.6892495650501
256,247.0999375572607
236,226.94447384988308
212,229.91704971053747
200,228.96883230530045
250,228.3137888167745
244,233.25494589363302
229,235.23052189326526
263,242.28495045658735
248,240.21398653819875
310,213.1412786330254
181,238.6067093161144
192,186.60132105612226
178,182.7144458061829
154,159.16361832387628
120,117.11744385564175
85,86.47621170274022
69,72.24347530967117
75,84.84314609951238
106,119.01815638709962
149,147.59068765793606
212,207.04670672219706
303,279.1928996442778
363,344.5990939103339
289,283.27016971699254
250,244.9501868412422
202,231.6049194109758
216,212.2942981734691
258,221.37455269394755
271,259.7739189443976
391,258.76470830872705
294,320.54052516210174
239,294.02769316450144
202,243.78931501491843
238,206.61874322251032
194,204.40379123195464
224,198.14248145357172
212,206.06054859350624
156,178.32393624685633
139,165.6851352345541
116,113.03354318020565
94,71.0101961404367
60,59.20653348083645
66,62.03149359275544
80,98.91783668976922
137,156.3575477629272
173,229.88117315109128
266,271.3042118490947
237,258.33368478337087
235,222.99846874441846
209,227.5231793556233
261,228.93174145599502
244,263.26064928684
275,274.65258385085906
297,293.98508640770643
279,320.8821067364788
395,328.95560460184913
460,354.734462031834
352,353.32241478046944
248,273.39586064364596
237,240.6663228727603
181,228.0902420023433
207,198.38727468312638
173,153.65617246520247
112,117.33308879234653
73,71.93606203761881
57,60.52580861242525
70,73.81283873854895
96,95.33002616356053
137,160.51312593434136
205,211.53088884617534
308,280.395478731745
241,258.56942661637197
212,240.43120208279643
263,234.97626090845267
251,270.77713524042025
237,267.3835382787558
263,281.48947836218986
312,300.1119067358527
354,326.8357293445556
373,389.1071789257984
373,364.9343714830025
301,324.2494801609887
296,265.11376347371566
261,271.12637023517277
256,238.75317619571962
306,252.31564481968417
232,206.84889187243778
130,142.04528070266937
65,85.95784865753515
68,68.33004398577657
80,78.68572381620294
104,97.6873527457194
158,153.39621562943927
215,226.96931762938735
253,268.06739871730866
256,244.56089184795636
249,235.5922260378999
257,251.19593338214722
276,259.2740532821394
291,264.2337637781903
307,301.48214432249233
338,316.21859113645297
346,355.31846224706953
436,371.202140314698
443,388.0170507407812
366,356.1285322232841
329,302.5084066069914
283,290.22991442522095
282,274.0449675024937
256,275.1758810923839
213,239.30592767219474
162,172.30019702106685
124,121.52637407484731
98,98.81142221136663
124,91.22622537452028
92,109.07565041764394
128,138.4881980897463
113,147.32975167893318
130,132.5145819857921
147,167.00610643848995
163,180.5661103633231
177,184.45688220076184
223,182.71197650412725
230,254.5679113309882
262,261.4378189610304
319,293.4974550343227
319,353.19728023497174
352,341.23298310874986
332,370.6204457748866
285,371.05802825622914
275,292.0806896329814
314,284.86288123480443
305,321.8791403989156
345,301.5479962603437
336,264.8440593439232
255,246.5698150322118
181,181.4685134533599
139,132.97915460343665
117,121.65554126609726
116,107.58555310435077
129,133.14230815231744
144,155.4156981294944
152,180.02358115383367
263,193.08976159761434
333,242.18716319621734
283,301.5654361042329
313,273.9177638606151
252,302.2687298990458
342,300.30913532950376
285,341.8689947358973
306,312.4189293167601
330,331.94858981706807
331,345.2728424596524
303,324.74301106653155
326,299.89725283860923
289,319.2994120460246
371,307.84168489400724
347,353.61385280667093
277,294.31275605875254
258,235.8989672781635
163,194.19663577853478
109,133.62879371766908
103,107.27341148723664
107,104.69596204549372
134,124.8728160722395
118,140.70033699035613
128,156.50803690422723
158,182.92960036534453
281,214.3382849473095
191,258.6148261785829
189,219.83479094268253
231,214.76112798533146
273,257.82228121767673
334,272.1911069785245
324,322.9221021423179
364,311.7445165090585
322,331.0568506395329
287,284.3114420529993
286,263.7829923743419
253,274.86451997788566
272,252.1031932448197
276,237.335687581517
167,193.00912469498243
121,106.88351734428124
95,92.98376703258363
58,80.39842818812433
70,87.43010597860658
87,125.10180680680898
160,156.13677646018638
210,239.6359151587541
252,265.5918279827265
277,246.06982143444438
204,240.67132524539122
210,216.2253149075492
229,222.5097834708085
212,247.04532713478503
277,248.92136401572787
279,296.28677126608625
291,297.3409312426318
338,327.70658540638317
287,329.7247774185187
223,262.2744801312274
216,209.08049721977034
203,213.56708647050473
210,197.11120565073605
217,192.78337485310604
154,158.2694432692884
121,111.95617239972648
59,82.39654365482849
54,49.17071037613548
64,63.87458756982151
105,93.12956924978681
132,155.042768277882
207,212.38877417514772
249,275.913681618121
242,260.51329867750763
246,220.5165393535726
236,224.04959191677094
241,247.11123545173336
253,246.90735576318824
282,279.694296922132
283,300.1739621023935
311,318.89541826378314
316,365.32827674652117
309,323.4507038921525
274,268.07295023054985
348,244.13461966187432
229,289.1173738642551
194,221.5213072632306
206,208.7564538549478
132,159.50931144351748
116,107.7737229826363
50,69.68456463249012
52,57.40638000139989
66,74.54030860466621
97,98.6359020484729
148,152.15932183128072
201,219.4634045087218
243,275.73394983330036
239,247.7780820727339
229,234.1906902234503
212,247.69581723988284
227,244.28645389086316
243,256.3457093029439
268,289.61339647673714
291,299.12173929640136
319,328.59818034766573
348,352.5882841447046
319,343.6867704440476
293,290.2491967338495
238,279.5821927921404
290,252.44028099830788
261,255.30741923316975
232,263.7066421984634
202,179.62193261494323
115,132.107454989264
70,79.95159577867179
57,68.32219437167974
80,79.5444464220644
96,100.50067427846977
139,148.10709447776415
204,215.0107155941214
245,247.29881248204194
247,244.53559583658875
238,238.01142498628158
224,239.60716440982523
269,243.9479122825655
220,269.56685184979386
265,269.78579361008536
259,299.0166990423651
291,308.48201874489325
321,341.8107515705924
341,330.15888565573766
305,318.65764497243595
204,276.837305765711
254,237.92246017692273
270,266.8093359705579
253,257.3315972248886
186,202.7950799980289
110,150.62994088297722
93,98.70910049616016
52,83.6969714720393
82,90.41067358013778
101,99.69353853634878
211,152.17083043344732
211,229.9901950078314
253,265.6474817634318
262,237.19128832569245
238,229.9743930845547
256,244.84805080530583
251,267.6396019451538
279,255.52098928539064
316,294.0948731801576
294,312.3913967373702
373,322.292818753411
401,383.13226102515597
365,384.3152783080575
310,329.2829429533361
290,280.18344158332627
300,292.63372948653506
313,313.80969581151237
320,328.0328541927948
270,262.76966762566326
196,223.5914741358234
149,156.93327812600674
117,124.23637844971395
123,111.89896755232682
112,116.34266268131157
124,133.1625902664026
144,154.45728572766777
190,185.93871973019472
212,228.01865901681583
235,245.005202008538
229,256.76202333667635
231,261.4530872695587
285,261.66419983079635
294,313.91053377181265
301,305.7771809029369
327,321.6236625009478
350,353.6924397140044
336,349.42842181621296
341,333.0515096753632
324,315.2329072149432
339,314.6808586342916
342,349.4796108615095
374,330.18864479476866
303,303.84015334206913
265,244.66471601562986
171,176.6014886434808
115,125.16231317909927
110,109.47239805317457
133,108.77006312025105
137,133.70340639854666
123,144.42884089174993
151,157.91214024650293
189,188.6426836454821
212,219.22723669441305
210,215.9862624349106
183,221.17075449863842
251,215.07715818392418
279,264.9638236757025
255,283.83533119874863
281,273.26306117041327
296,287.4423074437334
299,302.55352798792575
294,277.7938579200836
271,274.10502395639105
252,267.70765598775773
285,256.3422139909329
250,251.46286172251982
175,174.87117768612686
143,123.2894183292944
75,97.6140368153159
75,66.0865097787415
69,92.31547479407548
95,116.28145007440858
146,160.3635945207423
215,219.08244189703285
306,259.29583193582766
278,265.2442755131868
249,227.2622925573211
248,226.06325172247517
258,241.49991717698987
270,261.7610724532742
262,294.4110008982736
297,284.08846801498447
283,301.20629010001625
356,318.04427031256046
314,337.5790719857859
387,278.54286714485147
350,326.0788230732322
252,307.1660674779187
206,221.78741850587397
205,198.35871187066653
176,161.61182334892794
115,121.82790704094683
96,75.81441630838206
54,67.58684665625204
70,68.05826969257375
89,94.91062225212946
158,144.08126973627864
209,209.39765528554446
265,271.8338940823733
252,259.79067902199
262,238.54406062994573
234,244.678993137777
242,251.72452289693356
254,261.5662944696265
249,283.1664775263511
283,288.6110326496891
312,304.5088914962291
317,377.725722385476
316,329.2034848897382
247,300.2440717654448
212,271.0346616514128
258,228.525274761594
199,233.73431837245084
260,208.3370670674847
192,179.36191734707197
117,121.75154311870617
81,73.32556447581189
91,61.471426146174714
66,80.3607773375167
106,98.50453832374627
141,158.33226993777888
200,209.16804726269544
274,275.1316825098161
275,250.11908411003495
267,246.67348097815426
253,258.0219356182685
239,254.48545423348796
261,257.3808706432727
294,282.23194110600747
310,303.9882161205454
320,343.7648340357191
329,357.967078633156
320,333.13712096068616
297,289.0921690960244
238,259.21198921735015
273,257.8672601065117
234,254.59555395208662
237,247.12364409365023
190,188.03095609473854
134,122.75615585324503
88,81.11994262105932
69,70.60505042457994
95,80.26287708515511
93,107.04218184880891
141,150.25248424305104
224,214.2801220207569
262,272.7916742280061
249,263.0655692267486
250,250.3736743430668
256,248.7021832890019
269,263.7982762728632
249,270.06532615027857
300,289.07814412824416
334,307.40042942015134
376,344.5864311033428
368,394.0630255635838
361,363.2735071833919
300,323.85482727214287
269,277.2754377950819
272,273.3138393461481
336,275.1716387611174
270,292.579848720848
216,210.49895277941246
139,151.27444223221113
94,101.85851092170469
84,75.51768733465632
80,95.332875587143
100,97.82753603988253
164,155.7075614072133
201,194.24753051037055
245,243.43185392144508
260,230.7802743008493
248,240.80383056437998
228,249.3079854161971
246,248.33240041312933
291,266.66248094294343
319,302.46485704240587
353,319.8867837161405
377,366.2852661471565
398,399.8353110288686
376,384.08801787057115
352,334.08056872883583
301,304.85579977365245
284,302.3334435601191
350,315.1558038898176
394,340.20322269814994
280,291.95587211555215
241,227.83113688546402
168,171.2820292953531
121,127.59384123608419
122,113.18504520324194
139,114.78777765284103
157,133.27716071722793
177,161.43030922852887
226,190.74360765347157
255,237.67541451647278
305,266.40696026043867
346,286.8253078695791
335,322.10416819922494
333,331.69252334830725
356,336.97875688669336
338,350.15995759884083
419,346.0245911384
450,419.9476731109073
381,423.0351471618765
364,348.71388734876905
369,325.3211272678874
347,332.5408111141956
343,353.0542684328163
357,357.0198547042955
300,308.9985076091647
249,247.25921764081497
178,179.0804798151873
149,129.20572035039035
131,118.23033073150737
112,120.34829247586804
164,138.8343200855973
147,150.79310075620478
187,164.05334699371946
220,200.54859123143132
234,249.55255495940483
201,233.35400834429842
257,218.9787746674848
260,255.81790845429083
369,274.24126917983926
295,334.90624791588465
328,294.0929673882901
283,328.0603904824532
310,282.61892308066024
297,293.7341373629721
272,276.65652481046715
275,265.09973932815916
263,275.5328946548199
225,254.2543259888108
199,174.4329122504972
163,141.41263040956008
75,103.81016571048723
54,72.26758264394064
96,84.90613993814857
89,118.00269939635326
150,162.74894265591269
247,212.6010795784021
266,285.4539101275147
227,253.65558400308504
268,216.55791732609282
217,238.10010596484153
228,229.29970358359736
234,237.05799223927772
272,259.5630793072255
296,286.14631492406517
326,300.5441698669601
334,345.1762018142231
304,324.7504110834642
234,268.523953090177
222,226.3337458735435
202,224.1155474798879
198,202.74400213225425
217,200.03007059035204
126,164.71654988769038
116,103.24047301239675
57,76.738652488609
57,55.37590588741885
60,71.35693027908269
91,92.86625536372593
149,148.863407452135
204,215.179685553999
259,262.49459938914214
256,239.74045329217955
198,248.61565535012343
220,217.73185606682665
209,237.91181574224834
248,240.3578929382682
258,273.49383379703863
265,287.0901295070682
292,302.20324022773946
339,336.69868717546376
298,332.0357646360305
263,261.93730194972284
198,248.35791196934886
239,218.05288758091854
232,215.78710708554092
217,224.83638498026556
135,156.77562373529508
98,106.92341590787743
72,66.12590782778898
55,59.911183346470864
54,68.9966981933062
91,97.18775306844044
150,147.4536932560162
217,208.22167274995553
270,268.9174320666241
241,251.96727150223936
230,225.8862803303121
216,234.22148886723755
252,233.32542533924234
258,259.1614860000933
312,284.75615401091807
297,308.43578249170713
290,323.5490326283576
341,339.3719585756329
322,331.4244056120128
261,290.1531553106804
225,245.01053195553385
248,250.8016194154768
266,250.98768756141632
267,255.02161637447972
156,201.25246143437374
120,118.86406360072206
76,78.71306307656249
48,65.69867947716253
72,76.17431214026773
91,101.06685550743337
139,149.50553323455736
211,215.06462273348075
256,257.45904717891295
242,244.47484161475595
255,237.58965053905854
225,241.50914816401442
248,253.41692414211548
257,257.6910282581219
291,292.309124777539
287,305.569252073667
333,316.0485027551637
373,368.38640992065393
359,357.0853836599174
333,306.360903713942
265,280.900060619529
252,271.6180905288696
275,277.99035922424275
266,268.9089418382902
192,203.19635235284068
135,141.36819813658315
92,99.00009095238451
78,73.16608108147813
104,91.1760297350274
116,102.74956581200566
197,161.18928610262307
209,237.12755644895876
288,260.82632139573735
295,250.88804187047748
259,244.82536198671178
260,238.28361531394611
276,263.4218667177036
325,282.7968269126948
331,321.4414402065297
388,332.16198656647043
442,384.89007076236544
373,449.5300020151347
336,376.2923064685591
296,324.2681875841273
269,284.3135240865772
327,286.6121998606952
331,326.873714877045
335,337.3390731543413
310,280.11484981624835
248,232.66412319291075
191,172.28602579460883
116,134.17422942189754
114,115.77959481089488
120,119.59764025731468
147,144.201003692443
152,162.96961009132895
194,187.4406168235606
212,240.05006144808706
221,255.4725070222488
247,261.5509523619195
265,281.50444677786436
270,293.8344947685328
345,312.4691514475151
307,342.1705268689089
331,336.14614527069506
324,349.24869367851045
325,338.2578257870907
340,320.7501803934587
355,321.40130671238796
370,336.6767179640445
359,352.6784122026372
324,338.3005245984919
310,301.8915739444075
242,260.3114223296544
150,184.86721645442515
123,121.88976804852236
121,108.84698201478923
112,118.6053290915194
137,142.02031577987438
147,140.7358984966546
151,166.6598401299638
160,188.9668434157497
216,208.32682888033523
241,221.31437394675413
233,240.00409655188267
226,243.6969365072556
306,260.4781956915152
253,296.3797631208168
291,280.6304164084365
258,291.75501795252427
301,273.4036234124907
270,286.7980832528153
259,264.43348021804405
213,263.00908695420264
260,232.39291090692032
225,246.18987612130977
188,165.37639494149212
125,140.58045548789693
97,83.57728024882526
65,73.18010308019903
72,81.3771574301345
126,95.44049978444377
158,165.40163972254194
219,227.2141494082485
268,277.0479690890406
264,252.90807077565339
220,234.60372652639458
221,220.41606399717836
244,232.73414658773487
262,247.46567804880294
297,277.2898106737016
301,298.0245347745078
303,307.36799649345
346,338.51130102288107
297,324.65999002010784
234,270.8202586823773
237,233.17176612805272
211,221.4524489648654
214,200.53400463198693
186,199.69076460514447
153,148.7508806784096
112,114.43569884366474
72,72.86237879931441
65,56.67491313915856
62,70.3106295560008
99,97.53438106910583
146,153.6887893990943
223,215.57930049334038
256,272.0504479922578
245,253.4192079230222
225,226.28672990242703
255,227.93171100396538
281,247.30239847208932
243,273.497508619192
267,271.8105808356041
314,285.4345767983908
348,323.18526210493894
385,373.1023009596502
337,344.96155979978914
238,283.1065622972943
193,226.13475865877615
219,220.4062139503385
212,214.8211502495588
226,210.40267598286783
180,159.13502543079795
104,115.71793170950801
63,69.50600971672182
60,61.400066856787944
65,67.6107995786276
92,96.32247427458799
138,150.57320653844477
231,213.34493782701514
248,271.81072396822805
271,247.41721746922084
240,238.0260974555459
251,238.93358885226354
246,257.52949562933884
253,259.1197382252914
260,283.2889467117206
328,296.20605840201915
338,335.9093805225445
368,367.16639726197974
366,357.35505424129286
351,293.2068011919901
273,282.70370645548365
229,263.9812647915738
231,241.15351624355648
234,240.27738747567741
161,182.7913281106368
128,119.16350342104124
82,80.78675652310118
73,60.092504401713896
71,82.69245847026521
99,93.42081519212826
151,146.6913325547219
203,218.62039700172994
282,255.80919061417492
279,254.55052766876025
240,243.3688097143345
236,241.68706604456148
276,255.35770358310046
294,270.54268440667147
408,296.56259595030895
471,369.0707359282341
573,442.52264948021957
450,515.1045628653033
351,423.660163151326
253,318.71594625865185
232,249.72749782797393
275,245.4457145990798
250,275.4244549487608
300,256.82680715685046
838,696.8793960920466
772,435.4710192123378
408,407.9007410695081
180,169.2110074404526
172,124.5753042841969
204,245.24729782180367
212,327.8903948603475
413,370.84116567778744
277,331.43994659894094
325,267.2468391757495
310,309.0478902828027
269,324.2652631362101
360,303.6731709242677
318,346.83696843957904
396,377.4349940286637
461,450.71754399376925
461,555.8117063969606
475,519.0995744169419
307,484.9635549610385
376,431.08030650541457
501,535.9323124234943
500,538.3863662381132
587,612.0005713325099
824,621.3595563194272
960,756.0611714488529
534,655.9878594210617
239,257.5477282765425
102,135.37800645900248
70,78.02866539995186
128,179.8274300387395
204,265.5579149420844
281,369.06113900274914
219,253.5189235022117
175,232.77980137389403
299,263.84996692023276
369,291.94151238084663
338,347.93115901266833
292,318.8980074445329
388,380.92498158652154
431,479.8390512641938
565,508.03817107026816
483,527.0222521806669
500,445.6983438517925
468,490.4593495771673
644,567.6039401475111
431,637.1299274270042
607,601.9621232986083
848,704.4252934055157
566,840.1860659505289
321,393.8827537146127
124,213.94381033808907
89,97.96157741615215
60,93.75713711659988
212,145.96885491498443
248,297.91627848664814
348,363.0029217806947
202,255.85136157559134
266,224.64634653130923
321,329.8091416334218
328,341.30594993401866
357,359.8735030201898
315,332.704378768729
382,406.92252950097554
459,494.4024828632142
525,547.2171422636792
505,527.1515437954639
533,504.4618309442864
429,531.329283134332
451,572.3856021699756
385,490.27837205826825
605,558.6672719584788
624,726.5055731573652
626,724.4260185948713
845,427.5615268614891
487,546.0783900912026
274,268.50132577560794
115,169.69530265311624
200,206.02598105316403
241,252.35866149842923
411,365.5092316003748
262,381.0402315910639
319,309.6695777042932
325,380.662297914624
366,377.6187348388295
350,405.9005616204204
365,393.6275245599612
492,442.1061788648552
502,547.4153037684889
540,548.8367408862665
416,495.31450133313433
524,448.55335416483314
427,535.5695156258716
668,455.0244790127738
493,640.5902576787046
602,570.1991489666722
403,656.2860000632459
288,422.44203863828517
153,286.5521839837145
127,158.15733773160062
71,122.14796566872543
53,85.458124327823
170,188.78799571954522
220,274.78722947121156
256,389.73969265082263
221,309.46337218657146
273,307.146381954684
311,362.0418526782998
325,372.1653787023924
437,359.7462992833873
380,398.59035109060494
556,465.50941605396207
532,599.9824864634102
606,575.4810251009109
527,485.6977248121197
553,535.0739739621
664,547.3128499842421
624,660.406083856402
709,629.7776563621446
641,695.6253722106483
608,620.9688259740477
598,418.6500172571973
375,330.3046160578712
215,191.78784851718615
68,113.71392555584245
56,65.00401872665635
301,129.06860875064498
390,314.2790914246284
436,373.56014857421576
327,304.0620091144415
449,360.9152951251553
514,477.61143975086827
492,402.90098079397023
469,450.85031817683216
582,519.2063053834142
841,694.5672726352603
911,896.5925471865277
903,911.0767790473609
895,828.3046315100273
973,904.5319038597898
648,923.6376638316186
1409,838.6600792302418
1094,1127.5849170461186
1029,1094.5278952068916
1117,1025.4262844598702
1076,794.2748013662447
494,744.1665434858569
246,192.9989190504284
187,186.1827759154905
167,161.7492608802092
481,331.0560303895216
432,428.2801024105492
509,468.34892178263095
476,394.2442726268095
319,375.45149650935645
553,381.5676633241594
465,454.4519371911366
525,422.6844922512052
380,467.58961690117167
574,515.8960442549968
755,648.9814354567977
687,684.950745577541
735,686.059608941168
599,632.373124335502
775,657.5687683747738
842,795.419926090129
685,827.394031329065
921,694.2086740758976
907,824.0974279378551
988,834.2182412362652
707,613.9431757495854
248,344.82021491985944
179,121.44127701099156
97,137.62455826986434
293,284.1147737717384
322,352.378186224444
420,425.40530130704536
315,341.6016582775349
360,285.9356687248505
426,392.93800961600493
352,362.56854621717645
299,399.9274390393398
324,305.17752362268476
483,404.33728092673306
622,552.3611545028566
534,552.2927003413446
555,526.3152900982834
382,531.2306424419297
552,463.46869109328054
575,600.3254571862558
488,609.3572043046843
655,605.0377906630459
766,686.319758466897
944,852.5065142779796
793,686.76728467466
531,415.6684020151689
185,218.861983867254
79,98.4086756943908
114,184.33611709242427
237,323.8366038650575
309,363.2897619968781
332,258.7532058738185
196,264.07891511809606
266,283.1914694933927
335,319.4483402252435
373,326.0304423350974
268,328.4833475373311
404,385.35731863420864
469,512.6651087923999
551,544.3547587343211
474,537.4080127464797
433,469.4398999427577
469,512.21439014497
575,599.6444649502354
639,594.7672581282585
548,620.5883945607868
654,676.1874623429588
657,729.3498383279131
395,532.0964958884091
223,231.2248782879044
153,146.8627812542406
75,91.32882248000931
198,152.38171428570055
297,265.59316852775504
332,384.7483108635537
349,269.4282354861934
258,270.24722741181733
246,323.4002179475713
288,305.0909430565498
356,383.1573292363212
345,324.01873998367336
325,423.4126646752543
511,475.0747271201271
593,541.5134999194258
468,533.677078073706
487,488.76769810818575
474,483.8757640484286
539,547.9018222578723
644,559.0690464014162
681,651.3469002152093
871,726.1992810538908
810,711.1472563274975
363,639.7429415799893
134,270.8974821840395
114,150.91179800892544
87,106.87044622020944
270,211.9344462784085
328,323.65073161631557
393,416.07269107521216
227,326.10650953655164
356,285.9450485196721
393,345.6086259257282
381,365.6956615997764
410,383.33622929602046
380,395.8634182929822
570,435.39036924049685
610,631.2460389564905
693,612.5755005743854
494,545.2739234365721
510,509.7001104551342
649,525.4623467302775
756,662.0780067708224
527,647.3200919855665
660,628.1969807107448
683,690.3706453876464
514,562.2245962089173
177,274.39479772009287
147,145.68138670395214
142,115.34215983502173
91,83.82270044957504
125,217.0493771435989
315,276.32700755967016
381,404.08104295813763
376,288.452815446552
300,357.32837829613214
370,368.348855499468
384,375.71833565889943
354,415.7949601506186
338,379.3521959899485
533,499.1144189659765
633,588.473693047459
470,646.3883677981077
497,517.1099011635966
536,518.559215003027
458,580.74664315518
741,567.3425398754763
699,665.0710702877174
575,689.6676212947258
570,641.8515667355399
712,500.0137522618657
428,408.60310851380825
235,185.32863927382041
171,146.81612006866092
98,96.58422122751712
237,209.96435155908344
316,337.36132065778656
317,430.4308961348788
379,352.45473388945373
426,399.50021140969164
461,506.3154293391203
552,480.9762358243589
338,440.63314843831114
498,465.91919757386694
688,660.2144477548425
848,895.2633147503021
985,880.1801538572444
782,845.9298932299125
776,817.0871089911759
709,900.2508961001308
842,914.6674117547648
574,1011.3056785372487
638,696.9689675390392
1224,735.3470889579223
1037,1058.2416199110785
630,686.918571696702
512,257.25958252233465
338,204.9269890257253
96,180.09417883962792
171,368.156816881655
349,387.2817835972262
398,470.94360988879055
535,409.1653472476991
417,431.36786581154064
582,423.73158430762254
466,519.9746270240946
475,429.7697272001674
601,464.5556296285687
536,684.6817105303012
832,692.737320044659
787,828.4064919686698
722,651.6314258871505
609,682.2209630888534
478,750.4154486575076
478,707.4511208461162
738,613.5258115438604
612,765.3946376294721
896,754.2689392241926
1267,836.561249940004
1154,818.2158729674727
735,796.6036682664048
195,365.17987844638833
127,121.06010945306765
245,223.10498209181753
372,341.170508336249
334,420.8857134771521
314,350.66799686669964
399,315.0739295568217
508,435.4838304408099
552,395.959363880173
460,419.90310225874896
461,453.25159754722523
453,526.3187889257074
676,619.786862941065
569,612.5440660949407
516,588.9221929145052
588,470.0074620771977
714,581.8576968988159
757,590.0667982458577
530,626.1252881094334
768,605.2320796768389
758,753.9847459365246
671,851.87789859447
410,650.9211110989677
330,336.2850908859137
142,147.5491141907892
103,98.92213601199963
196,156.51664539555995
333,294.3596993725253
321,331.3814639696926
302,269.7492542636784
246,256.6397314928133
368,309.8335892866418
298,396.01946832971123
345,350.9691941812454
326,331.4144371446152
444,411.0023464191931
425,532.3864896244627
627,551.6281486869901
464,570.154562768059
485,506.3873896815401
506,551.7772967167712
569,628.1595106893398
646,636.8999568987167
745,688.1840026611263
669,803.4481881981413
594,700.1120140465015
396,385.18796365389466
314,161.4763300406769
238,158.58184156533062
119,122.41896260811036
251,202.6446014245027
383,313.45625731579406
359,362.1871960415182
293,288.26154739212177
266,273.7017636092109
431,312.002282183671
429,342.78326848710293
367,393.93948174078645
382,341.72526963580856
432,392.9460284290176
660,493.2590860633077
560,614.2084775259862
459,525.2271380989035
467,506.9396981130634
479,495.7089403036961
501,539.3653921793249
792,602.9035241134513
757,739.5590765067546
868,729.7111525496376
822,727.3558860875584
494,558.0050198717929
255,304.87535174536
91,196.71155910927905
93,105.3040187379424
298,231.39086662663823
393,367.09290689110753
514,433.44340018913533
294,321.6369018507003
273,321.5781665473304
303,368.42803026853545
368,372.62399391830246
329,395.1289307664519
389,382.13970009776847
489,460.2952579262051
727,614.20113795784
669,654.6963893424708
535,567.8509228878536
577,500.6048188995083
635,565.9028338211068
611,640.3505618614151
627,675.2244766291574
632,699.2148769327425
697,670.5301567306284
537,655.1535242287057
300,297.49515589298875
110,181.47088492662772
84,89.67370959035593
54,74.95411384404899
271,167.7973383554829
239,333.23259871112765
403,348.31301021031146
291,326.7764413602485
286,311.48437672102324
355,339.17591344976074
333,380.4293143748808
296,363.22871181345613
373,351.03740067943284
467,495.0183738977068
474,627.1687810715808
598,546.3764522537366
449,549.1508366948974
386,509.89449842921357
613,421.4380905182849
606,668.3358446305505
574,638.119537394091
548,618.2349721927686
618,597.9918709171021
763,570.9225686517209
328,435.7128360807357
179,147.00484605780522
91,115.44286884919386
45,73.86921958283214
295,204.94339191109526
332,312.6282206004058
324,425.99545396118515
332,319.9528234492356
366,393.42808594215757
469,493.0872779033761
457,422.8602086367536
353,416.18169915983145
421,439.3913986605021
585,612.315217181207
867,789.187825499301
867,907.9184374713483
724,791.1381506698017
767,769.4138046321344
573,806.5955344625312
886,798.7264938471563
816,864.1665056539972
897,914.4761582951083
1087,975.9087871703744
1052,1042.6079613789916
361,810.1454432766402
356,216.60793026034167
110,203.5427234208112
102,119.5563421744069
365,327.9116500081372
480,423.67834136204266
546,417.3899824496814
281,418.32276193047636
338,319.4106337187719
487,474.1072687811533
421,411.08088283483215
406,441.6362989072335
486,427.61607323335136
656,573.7423791232518
866,819.9467886788713
711,756.8512081640603
558,645.3645526835385
723,583.2835027361949
670,640.5250976063157
745,647.5706673146632
680,723.090812732763
681,700.6530631070933
976,833.7963402102514
719,830.3590875726597
307,462.10692068456075
147,161.73965787280042
119,147.93822305646995
102,130.3753412799425
326,283.415660387598
323,383.6025934582634
380,453.06762939980064
259,276.29267608904513
173,314.93386089279494
285,323.12649232329727
371,350.83403146689375
303,372.6100514065757
323,350.83145998437317
422,449.76166391017233
585,609.5835797127388
604,559.019045197131
385,511.3927081921316
510,441.2850479275247
537,573.3091543934981
586,638.0281174765873
517,593.5025246462171
714,597.5489927408686
428,670.5201446926073
530,553.7767104883341
282,320.4846325254776
146,160.63668195610813
154,120.23253902950533
87,109.60729866434271
165,198.1788362595358
306,290.287780163084
285,341.50906822239085
211,276.72232691393486
214,194.0164457003124
331,276.2939002305549
361,330.5691547658306
351,339.3570120192854
308,314.3522441452157
429,397.871414781805
499,495.49425155644764
551,609.2835784153422
492,501.84228274805344
486,501.50458711946663
633,519.6834904899104
731,638.0255322802163
540,618.1982296209104
597,670.962789533143
698,573.9375837817313
561,572.749366499839
270,313.8865799914372
186,181.22124514116135
86,163.2231376908658
65,79.625860468094
142,186.99616138898736
302,312.47400430540193
317,356.9338350242662
332,270.13623257689824
208,248.76707222942497
276,294.28016062293034
352,331.94715205258433
348,353.7963826819055
351,346.8750264514943
473,403.42193462268546
535,562.4178689540015
588,558.1363428143911
517,555.0306161208352
453,522.9243938244107
555,504.8455975231603
772,587.9124653754931
749,748.8420342500817
722,740.1689711181245
614,781.4083252049007
855,651.6049673010863
315,564.0005674445401
153,177.2826999999169
108,127.69823206595545
74,93.85646258142741
211,212.3031895919509
493,326.8170382284485
460,388.8195746953485
416,314.9992080619374
280,294.75940327978054
388,311.69476577586516
391,379.47570157461985
338,367.59040288958215
408,385.1516078917776
442,504.4377445063409
582,592.2995705891808
474,638.5516828238208
277,519.9834626293969
224,432.4536424879047
451,421.61921930958147
544,650.7628566058328
646,616.0632201258962
960,674.0997986126958
986,731.801587917397
963,790.3433581488548
781,526.4783953037837
480,372.3836631688437
153,199.16065505190974
143,82.04922800032723
282,197.5004958428348
285,306.809239241222
441,389.23191084104286
340,344.8385013582589
407,311.18833920217725
371,387.08007211477616
374,374.8659371904818
366,372.1441946331183
334,381.1454068809794
593,465.35434656762607
572,627.964562280889
627,568.2412006446968
490,475.96773638192434
485,470.80450793181257
529,500.6935854156587
675,609.3850662819186
645,663.0362898259244
640,661.5296978460665
646,648.6202283366131
582,702.0562325846877
299,410.47647150657644
126,201.38810522191403
115,113.28578981205355
84,82.88341245004213
283,269.16184758760545
282,342.5481937530107
416,361.5651684735814
372,350.0181126269195
321,456.3677805631297
461,473.6364667226349
419,504.32044501154985
435,440.88201099739405
529,471.41776619027837
583,703.7183744094037
723,795.5551466624661
836,844.4665639424808
678,889.6667145353393
603,830.1811480342399
754,651.0289096946871
753,931.8885456874166
861,852.7369447984131
1106,940.9674460191234
1089,1197.2420486913272
947,884.2381281529517
628,641.9926676926033
542,334.6972367900161
176,195.0218072173466
115,129.30552401278266
407,315.31717819360586
571,381.4486091404491
386,480.42500648972936
429,414.6224723718169
326,331.5739975803626
573,459.49864939411395
437,441.0405350142635
327,430.2179080373172
449,442.2428929895315
672,601.7093998110372
738,809.196590665878
575,723.6203229327965
608,626.63895232639
637,580.0051346678645
590,774.5566646497898
839,733.5399303406593
723,740.9601158277811
774,825.6219200817409
948,849.0960797460805
691,761.7162915650584
458,474.3486012907004
362,254.56995187845678
159,167.9141387261082
138,116.6383511645036
225,309.4289700199598
391,412.4471770940582
389,374.8202649891938
267,314.2335588976625
251,315.79007988809184
391,374.5096417080003
264,380.254259668679
317,291.6311882334804
330,331.51266246906795
514,457.5423879189847
573,576.485284850521
534,540.2410458730479
466,507.50374942130486
522,504.5947762456073
493,548.5245620839603
637,624.7319252334677
531,590.814438187462
563,665.2840602851757
587,578.8002676840243
523,619.463398643288
206,297.8678196749489
145,184.78156899522534
95,153.21852690168234
67,102.04600031607481
212,179.27287379750183
295,328.5974571363208
305,343.87936811500026
202,277.50854342862976
191,226.67202360323807
251,295.3062632143638
247,295.23333535497557
296,325.12254498950335
293,308.5179366964427
464,419.91696608021607
528,540.0509817736665
491,589.6108404051615
465,507.1467085465358
485,507.830440531561
428,537.426137676694
398,619.9585707688102
558,530.3907696036429
564,608.6354241927448
745,610.9493985679912
882,596.2420250449742
366,462.3029422657108
142,176.46130935249195
41,142.24613231650363
69,71.78329423149866
296,190.94247533546388
330,346.5728628654556
381,359.34915883803615
288,279.7870642059917
215,238.6168453445637
356,258.76900226811046
262,333.9124477788026
323,340.1591402448485
362,354.3237334991739
491,420.1293298040059
458,552.4826195530871
373,558.8823031943958
383,457.7072075821952
524,457.58024272494123
690,512.5569792598753
953,648.0200486193495
826,837.7111777403164
636,733.4518548656221
654,734.7818857733887
948,562.9078443960091
595,397.9930006576227
389,163.73394633033513
164,118.15192015597914
73,35.61290003466308
39,31.812380217384785
35,26.509453006637717
285,276.7353549515587
321,418.53731852706113
566,578.5051316306017
722,716.5490207486063
441,586.6773018967397
588,597.6422658686615
447,706.8810159094813
570,578.2838089777758
415,614.6271380535532
641,541.1050804693747
534,690.2880441378446
428,693.1737732561118
389,638.8974165929105
486,624.8225806917551
450,660.5051903577456
712,589.8063654193131
583,928.8779352208228
771,514.5729246378066
717,319.6375415617749
310,157.94850543990506
27,92.44281588613126
18,19.67256285170889
21,14.681103112637206
33,22.53803413063642
199,271.16072021810953
292,383.36010834919085
514,605.1620718984383
613,771.6438635429711
468,585.3211268401858
623,649.1604469181979
523,686.8868652404121
658,739.3522142356871
618,692.4709018214528
846,672.8370920882626
516,814.1400520023141
481,623.3457163436441
570,569.4194108266863
737,704.2149264289995
1041,823.3629236106715
745,942.8609793789783
861,986.8005036116351
582,656.9406659967235
175,399.05684436907654
25,95.16115791128075
4,9.474160065269318
11,9.794492589642688
15,13.407217730417477
18,25.346379934469823
127,302.3257563229153
280,325.64615890526215
466,596.2635532089272
720,726.7742692303527
542,662.9508205842334
505,667.1045623862994
530,642.316225876493
687,709.0471584902851
612,732.3113341866109
543,659.1652816116216
520,664.9172604951401
636,593.0713983588139
291,766.8965594813634
403,444.27956102453106
779,652.7493475237693
851,755.7159022544347
1024,1126.0124535408115
1351,745.3699894393608
839,837.9690577014875
510,389.828917393461
85,162.9706620511551
20,31.058106205861066
45,17.3520576619943
19,16.485484023891985
204,192.11137588998838
337,290.79199680477785
518,569.0352492261229
753,741.2340395400794
510,716.2201815620843
520,589.3343075190373
591,596.6378100616527
755,761.0793322676919
730,795.8111343956102
612,842.5051114994982
462,661.0433175222779
385,606.7344626387103
389,438.07983581742434
255,492.3013785810994
249,388.6057138607737
347,388.1499316433873
278,553.8443342338196
118,536.6546410098937
24,150.51551537474253
0,43.94149384443714
3,27.910102294747986
8,6.294649921380901
15,17.79303440231469
6,23.528111983822985
56,141.61466265272867
210,174.28080977186306
329,435.0623389906653
519,616.3735306255344
284,413.00719996745266
496,401.2543663605957
380,471.5488629609267
478,544.2860347550903
561,543.575103582685
568,522.0135995741225
563,604.564189098155
607,511.7475355987153
397,555.810452284966
381,419.6323904714363
508,418.78823843378916
339,389.1661153187582
523,487.7986654180419
328,238.36454158146847
34,95.17056985129979
2,13.780727756978123
3,6.831796218770594
17,6.340823685090232
20,17.21517199458052
30,21.55276709022146
245,136.34361604445408
313,356.0153137557355
648,533.7588751467109
751,811.7116272350743
698,571.5219641250732
988,777.5042435952364
984,836.322665303503
1246,1070.45924919757
1041,983.5023402264707
1194,1083.7959130994368
949,1010.8157765845272
1022,1087.7965977389101
963,1057.7741936790565
1347,1076.0978767242186
1264,1203.1256938839708
1167,1198.5747925264411
1295,1383.306351086346
1198,694.8710428926904
154,711.32344925289
85,79.25303910031404
10,25.77475399928311
10,7.224788470076574
11,14.295167138387203
32,27.950324554656106
507,349.8683206294576
686,616.2188215147658
1041,927.9973790645545
992,915.8850073853263
703,707.9553853463082
663,845.95547289874
815,821.1484803158021
896,933.3555544321282
925,1024.5121289334372
817,1046.4198521630656
597,887.2486082434388
681,763.084679848033
855,850.589791660791
931,1029.2491609441183
1236,1108.4744441594887
964,1104.8712623987865
1446,938.4781786833032
1518,1018.3493954585699
485,610.4743507241278
11,158.66407463318401
4,15.94909695312085
10,2.801305121549271
18,10.058073591190164
12,26.498441011901832
391,362.9309157718527
553,395.6051668158638
829,816.2844773663224
876,919.1055149603487
533,695.0627940165931
704,620.6071095190023
682,721.5033249548047
633,776.7264701722819
796,668.5108362388055
727,791.3848837429646
478,649.2171725223349
496,606.0918933137654
382,564.0886794851126
293,587.9851857894804
466,566.0617915919371
1066,640.6403290029922
1250,1070.6076265631411
1312,985.8239245189469
733,547.9183740138303
253,10.583795336677932
62,91.66813669932361
18,20.017187842258025
14,12.78841819084313
20,22.29998493380465
277,260.9255450015139
451,395.46893473600204
878,721.0426007712746
808,854.7719736620761
521,580.487107302052
687,672.7766378941762
572,659.4596172931355
808,739.5968760235827
731,745.2535375725467
948,756.5747294470744
657,710.5312269872028
641,693.9549382291463
765,642.9991340842234
829,763.2567351608222
916,941.6721957961965
945,907.6294049004504
722,1044.0039928954818
905,725.7559883655641
182,629.3310002012875
9,103.21723271324807
11,13.948220199770299
14,9.272318726295648
8,12.410851927384586
14,16.525815728146632
243,277.7291129991728
396,382.19372007636963
594,681.3563436931863
787,825.6167075218073
497,570.985138243762
592,621.3976743137595
660,625.400584221602
862,862.0735562205374
843,740.64787516021
825,762.4998127763245
571,746.4868009045543
941,669.1894373965262
1164,741.3880784488971
1031,896.3850913454827
1175,972.9972144764193
786,1019.9035454720877
1191,932.3025077407741
639,808.7539833459484
84,561.873286972724
10,126.09926483716804
2,63.00810340746661
10,12.368093278850381
19,17.00264181488318
13,20.02988957792407
233,287.30801015257987
398,378.2036103018432
636,649.4314487197794
790,827.4656721681364
555,622.2462766660491
751,637.6713837230108
715,690.0920624821384
995,859.6597019547972
1007,862.900741549123
808,869.0625207673138
780,705.4533042735077
783,776.4615241588417
770,811.4877071807026
744,791.5744566046333
884,881.5494170083617
835,776.1144151072839
876,825.0551009930006
480,718.9294922380171
164,188.6467639872129
5,86.68108960094115
3,11.80046598055027
10,6.224976030437822
15,13.90883425185691
13,20.478673754330785
73,108.5213390077055
205,198.86746910531465
495,363.65115165321964
655,648.0379461732874
353,393.09870006798866
462,499.5779230024589
450,463.9088331310636
552,552.325934824436
604,584.7700440500207
448,564.8384319364029
534,525.5790028225679
771,511.08490097533627
423,618.1867367119189
372,366.9882179940864
264,456.57849658874886
412,326.34211111517544
553,488.6081490706235
390,403.6564865033486
69,111.09330883075408
7,22.921523225889917
4,6.831796218770594
14,6.410497576033311
17,11.231168968427669
72,20.07936583889414
110,158.94848311631046
272,264.11549039508793
481,533.6097564544937
816,788.8737032773014
641,686.9307099319893
876,710.4729947288437
855,911.6841943982794
953,1131.004311437936
1117,1005.8185420478588
620,977.2965402776944
628,840.9843630125275
974,906.7486537266805
885,966.6193060140549
1032,992.3583826443603
992,1114.8312142246443
1181,1082.5509494036867
1584,1383.296144021106
1424,735.7670495598061
794,753.512850428316
217,292.09777601656697
15,73.42379747737196
6,7.543345294439164
27,12.066987473316042
40,40.544862892547314
360,320.91746116063416
639,619.0077606778626
847,816.4774654080477
1089,1017.45749924223
816,739.5575213894786
822,793.5085635800764
805,794.902115869578
865,946.230768345987
818,981.3939955305767
679,831.6938091861575
788,752.3003399938376
1007,855.2916623273069
858,873.4499386428952
608,1003.596246974511
663,801.3963878769127
825,909.7292052148257
1138,1174.4514239893756
1057,1050.6702728040914
356,671.1012076784597
104,97.73452442366063
20,48.47943846160056
32,12.284857932307446
50,20.234476254272938
110,33.43215488690514
311,322.4836553287899
569,495.3167973112232
861,749.6231910863377
1071,966.5283734913514
761,719.974992718038
975,710.9614660141063
737,806.9623243560121
1217,798.919555301144
1142,903.4096504154081
976,857.6910374399957
1030,737.0043240913842
821,915.0802844870399
892,860.3667483914629
1264,712.958064161705
1024,923.9652608137056
1109,908.2717003911079
891,1100.2592545362959
1131,767.8486615922301
32,682.4725343860712
9,68.79088507037815
0,7.37543694231722
13,10.446102702868416
10,18.243923050497905
17,25.841322655467263
321,260.0750832187701
484,421.00127172181647
748,702.1054858288221
941,921.8773263304751
661,681.764295330341
651,768.4693993964286
819,637.2122309289653
970,936.8728965734692
770,893.4954814026048
764,795.4769548462295
613,766.6195060228416
477,750.5588402656012
477,687.4535910626345
721,771.829997291688
889,881.8240088843496
764,1002.4997186585387
567,873.7842703169119
641,744.2838527378061
294,169.32318084280746
706,75.50471633115147
284,155.68267988828876
47,79.88998090311352
32,17.77523586971165
35,23.66712784612461
340,217.3487666753394
521,406.0758491813712
708,643.5576051882578
868,890.9581907506872
625,683.4714910056466
837,644.7625447102215
774,776.4028059009339
988,864.3222543719243
1028,821.708465281475
990,797.0444827082056
871,704.1974831477924
874,867.5347754147109
1122,756.6215696761122
1321,937.3897955012319
1284,1001.0018399485543
1285,933.5959245890003
1182,1144.8265819297683
635,685.3554186859161
59,406.10587130103954
2,191.14289201505454
4,75.23887008811533
6,14.019059116968547
11,20.564640957060274
11,17.405288124689207
175,256.9728869631472
504,375.01088607187484
794,660.6422294454555
885,868.6730321749421
554,650.4983046648885
684,694.4598727185648
882,715.9679303829512
1050,974.031486128789
926,921.7316787421177
846,899.6078975131182
602,800.7899749709047
841,728.6464779265374
746,765.9188285686193
855,801.8193581603765
646,864.8191439492614
894,770.3081834272642
958,943.7189536252067
757,446.88875310584456
78,154.9681466648365
3,23.07275409490533
5,8.338746793544994
8,6.224976030437822
7,14.813534942256286
9,15.860250952175445
83,92.87790598591114
210,229.23541694772103
452,450.8197701457791
594,643.9969814707855
321,441.26160107620325
440,483.5738844961327
511,497.752872941101
558,581.9161627761686
474,579.1803446433056
441,483.422480501614
491,509.4795081491794
491,575.8901050381152
426,426.84952474524783
308,399.5448550450391
494,377.35845030270804
483,417.5925756178943
485,508.37080814877106
226,321.91390947808037
9,70.1917588728775
4,5.177043410562095
2,6.831796218770594
11,6.410497576033311
14,10.963031678613074
21,23.985787882489554
133,185.76444150549545
284,266.2639161970541
556,562.4108179070474
779,787.8243959080709
619,623.5071039257771
708,791.801259566176
975,822.3082762186219
1035,1124.875090233341
1180,969.9962019740786
1116,904.3982146706319
883,903.289441728252
733,963.6587437842447
1012,883.9147928730359
972,1117.9467098918983
1215,1094.5335921933981
1390,1080.9725354475377
1660,1339.8945810126686
891,694.6616716820112
94,282.76075432947005
3,55.08831844859436
3,2.1364027909871344
13,6.1116214999492415
12,17.79362936934556
42,30.6586987259329
381,290.8664760118505
620,595.6821657915339
959,918.024520697233
1090,1011.8533714027676
731,904.8593467556877
784,738.3905876369232
773,851.8299707063321
1081,916.2893024878296
942,1097.2956044193818
1037,935.711023627571
842,882.3619926335084
941,894.461789649361
1009,938.8573506070956
1162,892.4756356284796
960,1179.2380484605558
916,955.4872201289272
1055,1163.584193991503
509,759.9346619619412
2,283.5258784281323
1,-6.054008199575421
1,5.3542987559216595
7,8.56094093654117
12,17.252838030718234
32,45.5063017714258
350,326.0226517953771
513,512.3919174021564
752,749.6815998718545
739,960.8414964596365
485,647.0168540501337
631,645.4680199619918
695,708.07153907629
847,817.7410695553987
738,848.1660972174365
649,793.9029278885323
727,675.4680353143731
854,793.0058963950801
852,850.3898770888907
760,981.3547697943084
850,826.3020526740909
802,874.3748633069928
787,937.8970394245307
229,678.7114511597267
246,209.42030761924096
12,127.65234701046943
7,5.578334019095976
5,6.934776709047422
10,10.433451517150376
29,19.377547939632013
219,285.1656392682463
400,400.2193887920505
715,696.4653387491668
713,798.7587341477407
678,548.3992815400285
587,638.3312042199691
775,641.8055940983566
805,841.8448801943161
680,774.2325468766824
718,745.4801795671552
748,700.6016671889761
816,743.7567971019271
874,752.9941887229716
984,812.2827047446696
1184,1005.2133378565113
778,903.5645953212135
930,801.0533102899599
404,634.0818761917016
89,116.07033921077021
2,1.2172067681294387
2,13.19040018665006
11,11.151282388589339
10,14.643409817169124
14,21.07439725242532
190,295.1789519552912
390,386.86762813283576
688,604.0233022199775
737,837.170603125187
689,609.4503221775923
721,674.8689261770144
712,764.7550967543868
766,935.321795147751
984,813.5679335587372
795,919.3709359424033
872,756.6353414129233
853,918.8472135070696
1206,988.930825110307
1225,1194.9967417680368
884,1292.7986041127283
1087,881.7091325280967
1123,1177.7880391206088
518,582.0718701886216
275,103.49807573269615
149,110.29127417207732
3,32.197041961268134
12,7.659537221838528
12,16.279813228026097
11,13.824288239925197
295,219.34339686783136
352,438.24299785604535
687,666.6021079767547
912,845.2263705850787
602,746.5552614756311
837,725.3058056114858
839,791.4511915541744
878,974.3568930042248
928,842.008272136839
253,878.1327208184862
335,554.6409946587182
449,597.7026709271636
555,650.5799523945257
684,792.4090534075992
990,780.6463475162032
1119,936.1244594879147
1595,1079.3312486782836
1091,886.6842747460794
622,617.831518990535
166,201.49161105913885
15,34.109079526669895
23,6.428988726881889
33,9.22463277000542
28,17.09190651389998
85,75.48452766507631
359,193.18261433558257
499,478.1383487268297
687,634.8896112221922
365,418.86888598758003
619,482.52397451086676
540,541.8433358188441
543,565.3276808871508
547,506.27579679795247
550,518.0161554963953
590,560.8780592559174
753,644.6511489990506
305,583.1302103647656
512,342.769331352834
422,427.3247687655081
363,460.527515717949
461,565.5751566830464
446,347.3849658271537
73,154.97874199926625
5,24.661774774526965
7,7.748458016414953
17,8.768913282613058
16,13.576353862625702
23,30.08154765140462
131,148.12978768268644
236,301.4659857896095
504,476.805523134062
727,825.7047562278251
445,630.3153979356302
820,665.2432601322735
774,910.7724072978895
1162,1081.2086623008977
833,1057.4744406526315
739,1034.7454781336999
922,905.9199329103113
922,1035.760789689377
777,1024.2561793817104
889,917.3395419576976
1094,1090.5889073400153
796,1146.0638165914572
949,994.2866032363798
1472,710.2012962527913
782,614.2365068254067
161,381.88059667641375
41,39.5667606009262
28,13.846748790875111
39,16.362967403844333
65,43.43348388381642
413,315.9124050202572
663,615.5712850802937
892,910.4747863949644
965,1049.6421788757991
618,727.264420070324
960,770.8501620134667
762,844.7261523674125
1165,1054.52560169429
985,930.072892221797
1104,864.0557393238644
788,970.045442945962
978,837.0166057918531
953,973.7805490725002
956,951.408967272224
1203,1033.7328980777563
1316,963.7663105804348
975,1193.4038309857604
665,870.9972855607067
180,212.82143720803015
14,51.76915872891823
5,8.21339185728935
6,10.683467571082971
14,18.94648672776216
15,50.46868283294193
270,369.8365697881146
441,516.8562900885704
726,773.6139098565764
875,885.16585452405
562,669.2111849615502
599,711.8828396201718
666,697.5476439561
878,829.15804000641
673,796.0731521060746
793,771.440655623878
757,777.5324751127898
663,859.2572634104272
880,792.2521619240151
755,884.5468017718096
808,914.0834210304239
878,876.9395015719789
815,951.7736514090828
208,568.1577730916656
58,86.79567526279547
7,0.06767070034594411
3,2.417413644700801
11,6.865102818104343
14,9.668379433383247
39,21.960350123281206
210,235.28848045757348
353,422.09310972392086
615,701.0126291535897
592,820.8790016698738
639,599.2070666421109
486,642.0304046473143
631,668.3267557256802
842,808.660011748959
558,724.1948169985063
594,696.8142257106606
650,719.0449429493892
520,727.5592966017214
323,649.207204967329
692,559.8050139083144
938,914.1138298836614
1002,952.5016224861356
1215,765.2497398013256
1023,563.3889998657808
196,394.2386191048768
38,94.23085698336793
15,70.74575552385238
10,14.653524938714181
12,13.214230192287658
23,22.744810704646273
240,252.06589303060602
501,395.8692567040005
643,686.1995574310364
604,799.2012815278952
537,609.3869294776616
578,664.6907803005735
700,704.3202856874932
356,881.3286681653935
272,532.6996609443597
294,512.327888191883
419,480.4086606218736
621,596.1291375873524
1026,783.4717227317143
945,1057.0477248721295
936,1049.3500528678544
1070,1014.7741234118379
981,1301.8951413816878
46,57.5666073907169
21,28.487604894886214
15,24.42100275973725
18,24.136290043120365
57,42.917406885295684
62,86.44882975050933
114,157.42122977132118
209,219.49711659166147
327,297.44274900225474
210,285.3982756347963
191,206.5904049886062
165,192.84560774783245
176,177.07476424760785
156,181.96968211767464
189,176.35305171810512
155,183.33889398645934
176,177.10144277380016
242,204.72123777995125
255,254.3849164140482
303,223.42513186192485
195,228.07433546670802
200,171.13132482322467
123,165.66894817429255
87,99.06084450145778
54,58.918787575291624
32,36.31812097783763
19,24.443997722174508
28,28.457616322692495
36,49.27485881464365
82,75.94631161592686
131,140.24631650551177
194,230.62623388889133
330,288.41135399659026
213,268.79851747340246
180,205.57313737955258
163,187.1178336822101
164,177.7177367875234
166,172.35672090619215
164,183.64303596596199
173,175.26883061106417
187,191.8034452841809
212,233.46143668086123
242,253.57947841788035
201,247.05341753679542
154,194.6990182048651
153,191.47920997959704
153,145.43768415024297
81,114.13766631554611
69,65.08191623457917
40,43.46023290235609
34,31.668050607180366
31,33.416309155369454
54,53.7193659573379
86,97.16139660396308
130,135.45361290155725
175,208.66949562151365
248,261.6477859285369
201,239.34095914546853
174,193.31747784590482
171,179.13167122185155
176,185.2497870222223
189,186.25119961184677
206,183.93409332500403
195,197.6480057825507
198,213.89207252971357
217,233.4382337818006
248,256.68783048117655
201,247.91358912997396
160,197.51726558092093
157,177.7854444601819
139,164.97339304044218
104,116.20978985490714
92,87.29849648663777
59,66.71609055543784
40,47.424187905737654
28,38.716678092480905
45,54.66492676419136
55,69.73080727652534
97,93.19065227968721
87,125.82659635730455
131,134.9456822614031
140,142.60878876946578
117,167.1315036599025
151,147.07593788442776
102,172.1354085322602
134,116.17841716952213
117,160.36925473691693
107,150.8796881950032
114,134.77161008977137
130,125.13020807938601
155,135.38294741575817
147,170.40924047134618
104,159.17771914247612
100,118.24107130840376
99,108.8345206451957
88,109.65362387326202
61,103.89505908821329
50,79.73826034215551
29,64.7927744103405
33,50.11723324066893
34,54.617720062758046
24,55.033345696873575
43,72.62051753530535
58,85.46051612495644
68,116.30413268579956
92,125.61553608341622
90,136.00496615378637
110,143.7465127550368
117,145.0458474362891
110,148.88375809198075
112,145.88843477258092
121,140.7792107848451
123,145.1691116271083
119,169.26229712828558
170,134.7563506721556
154,197.27277374785334
144,172.85470385474878
121,176.16638609210946
137,152.55851156632016
109,150.77949393869233
90,98.43474478962288
70,71.51737663493736
33,54.506252363323306
47,49.53407706211812
30,49.11090258467045
32,45.39274041158015
55,58.01066046589267
40,68.79788618094636
72,82.42997562075244
75,114.7977195255569
100,90.96185564178295
122,127.99787027554248
129,149.12248320033243
120,145.98086031746217
132,133.46769959383076
146,142.13670443609027
142,153.05777345977637
138,159.83686993019955
143,169.38583456135822
136,150.4620027759673
114,136.94185783260366
93,133.90996752468402
123,113.03873469871735
67,88.72536371383137
54,45.37559980756434
19,29.710560767266276
10,20.384410209538817
10,22.551182950385552
53,47.48968928019559
63,69.9462554525584
136,135.09827587720042
186,206.41266614858418
276,267.74620586402926
211,234.47859075627014
180,181.9053733481723
157,166.8794182873817
140,169.90054244625395
151,156.0631664120285
165,167.23034562148035
152,168.0704495858138
155,167.58686661398661
172,178.10852445213504
187,197.5367565242727
164,172.4222329788235
137,146.12204083055883
124,150.8603928987974
110,122.31124547893981
80,79.77278582515709
40,52.38505473111223
23,22.34953426584042
11,16.540218031586285
24,18.318608798688498
37,46.83659890051614
62,73.08156042490221
130,141.26920556682379
220,223.33253017642835
322,302.5001613990804
253,267.44930475008334
196,203.02649669775377
178,180.9920615147395
184,169.68230628792531
179,175.98102546154672
187,182.2907471053896
169,174.59798251789908
149,182.6233546254259
210,196.90456614976668
246,235.45349918815333
277,230.38541814416513
202,213.95283749114486
180,174.90552847775626
142,149.55162022177456
92,99.15098807850902
44,59.48536374348074
37,30.968273185153624
19,21.053415793820342
25,30.37204310372221
40,41.76809336340855
76,77.05956626662191
128,139.84600161039407
237,238.84320663301463
339,311.12177668478364
281,277.64674218152584
182,211.67620853783316
161,179.66821369367517
163,175.88545074574398
189,172.23883946873795
154,193.36456573488053
150,170.03403916960053
148,174.07754769813403
213,196.5401120729263
281,245.83886179460768
197,257.60846950817614
200,187.78847578916483
231,188.43597357203396
146,184.2272477716261
135,104.73702396563408
82,80.8081550361984
39,44.86738176787954
21,29.223056190447416
39,32.50672384925664
70,59.86490671180486
67,98.02264070154693
121,128.39730280256043
244,205.2837848210187
380,271.9428419042991
294,284.424282490037
195,213.1760495325137
178,179.48369064933172
174,182.95923497026794
163,188.13210108470176
166,178.4135516297481
151,178.49887236847252
160,183.65588563682857
194,214.27044332236267
236,253.95073701654715
224,225.355036047932
190,193.16468841641307
188,184.50713772332875
150,163.98918504285479
146,113.02336044719316
76,97.43808399699245
48,52.748682179604415
40,38.9937024601808
29,36.13455571992161
56,58.52679870325491
76,71.04967664126167
138,109.00274424562818
173,179.7140970069627
231,213.98506705183425
211,218.62746243788348
170,181.4783842254831
169,170.30380631044045
215,172.0766686925152
192,190.157596116395
196,179.0947856187413
191,176.2915969513421
233,184.34999441282557
230,252.89068767499904
304,256.34048573209407
273,275.0375167655149
252,222.29812253399598
243,223.85947414041232
224,216.8450902752968
218,189.72731687085317
177,125.73605125629965
108,108.71317377142137
79,64.94708988226122
57,53.092404558469866
65,52.82945164339748
44,51.132938929161114
85,59.60048581615653
101,96.57378780274577
131,123.12866969508268
175,161.09682364288528
171,184.4910647268098
208,179.34882594943923
188,196.00229305798035
197,183.01887976011696
190,186.64860629648413
178,183.51792077630327
211,181.56327234314244
211,210.83202097944383
249,233.71368469215025
259,244.3055908246431
226,221.74657583633828
206,209.56197266449433
246,207.2474481532494
224,201.62086649805485
159,161.2969048832822
104,107.64873480325589
70,66.6761672011332
56,56.87246158665559
59,49.295133390616336
51,49.59199984836039
64,62.50909871635771
80,66.83525185868989
105,98.76576539147389
131,139.74174094979685
194,161.33786485008454
194,180.8983795828993
150,177.43661685771062
186,164.71481078551795
142,174.64348148507895
149,151.46341680155666
158,164.49560720745706
182,171.23195619045956
171,184.76922747514044
154,156.51860714225162
167,136.45278061993656
157,147.2843606169542
136,140.60994489501053
106,90.57417131359237
59,58.29112911914482
37,30.06047978401841
23,25.15760619320541
19,22.098885600311803
53,53.79382143570893
98,69.67507802029411
156,139.03862028727937
198,216.94714835027898
314,271.08293541152506
238,245.60287717505608
191,194.9645284979506
140,175.76821915117497
139,153.48546716043768
159,159.20426741866518
137,170.06364176331405
160,155.5376543523976
180,172.36415026932363
214,191.60208681383807
267,212.1723170971925
281,204.14140308044918
210,192.75034750593696
166,168.09420441103228
120,126.93609275461706
74,77.65881738213886
52,49.19477393945865
42,27.059193362295513
19,22.818650334386586
13,18.967283824521562
45,44.675780967467624
82,71.30813685629697
178,137.60638228262133
225,236.46504830438147
329,310.793162148326
264,259.61315198049044
161,206.34256942880677
138,161.3820149013316
168,162.1078973558987
174,172.61631301886413
157,179.23809186905044
188,163.96699917674098
204,183.53949048797034
183,227.5911536017572
249,234.03469340682878
211,262.43707162760165
195,198.61479770026702
183,181.07462654020043
136,148.11852317557697
104,91.75130545329365
50,59.69448156421791
36,33.647799756335125
37,20.602085058748465
36,24.657906871804805
43,42.36807333603162
80,77.62521284039644
156,141.43155545703866
272,234.75909756095865
329,327.1374603309063
296,277.52081862743285
223,222.1723886074041
203,185.55090046769902
228,189.56346463882565
200,202.58584060324498
179,197.02182477292246
182,177.54805849969387
181,187.33693602192875
211,215.00285085557363
248,245.01748532670769
225,217.2561372099968
197,196.74297039432867
202,189.90838783904942
185,166.64944161407126
134,123.23860359052308
71,74.11933730020462
35,37.11847768655773
25,30.104001913891505
32,29.730099834549947
57,61.00881774121166
85,81.91328764621066
169,134.63748910246886
261,229.9314340762402
316,313.7750639460364
345,282.0037660782866
188,247.01982081780844
204,180.71896904419765
180,194.7751023785968
187,182.64547944159946
200,183.26479926655895
203,187.45337174236016
193,197.7512789802542
252,217.39842880058487
287,264.15531992374946
247,244.52316040935972
199,210.04222884708653
222,192.90804229497246
190,179.59488134336445
132,140.13903324533814
77,90.58886843192927
44,54.727938976894805
29,38.67340811443441
37,31.718294516540453
61,54.91988154721963
91,74.76194931158221
132,127.87390338080164
194,169.53893113534298
235,210.9540125951836
239,214.5366142100155
185,205.57950569461752
159,173.4004578942273
183,172.8584305103525
191,177.7039307284206
183,185.89427347173032
179,176.17190161807247
175,185.2685775398022
228,207.9291849882965
291,262.10084872744136
295,269.73997747109325
229,238.45742460047435
209,219.53788985133602
225,209.99355526177348
197,195.01423205662397
158,140.5201790262605
115,102.42185843427046
77,64.75700255690127
49,55.13354828064416
57,54.60687472702206
49,48.385645019148164
73,69.47176513489511
75,96.89772723457872
136,112.01283347524912
153,169.09870712238407
181,175.7334414308168
202,175.06607677573925
203,189.11957040749706
195,184.91853818904622
198,182.0420134062506
217,185.83920492641295
195,191.10911710891384
241,205.4168769606204
258,255.6895480045458
251,245.4697008870911
236,213.38270371699633
210,216.87598172199083
214,204.20153905334294
186,183.84125982074724
153,145.96104627234635
146,104.12316154436
78,85.84336197054208
74,57.103233661852876
44,56.0483009157733
42,47.0812889906758
69,60.49260794548807
72,69.78892475467721
97,98.85810240536449
132,126.421140605659
164,163.42640812598586
179,171.8196108120748
206,167.4066371438486
170,189.7623059660714
173,158.62831505216454
184,162.61531474215653
175,171.63489071460162
187,182.97622155921695
196,184.94905980251053
168,167.67593127994024
138,145.09907666514778
134,143.86691439405269
123,131.52937515574655
94,90.49125142164388
44,56.7535025745819
22,27.231270038761792
20,21.04665220816848
24,19.468862108200092
51,47.82455521704237
82,75.10096282769456
148,147.12867464822747
210,188.1479933929423
278,279.21821538934313
221,231.43340196462262
151,181.3318519633609
186,146.74027980873288
153,168.9228768964014
164,157.60832709030154
160,164.02230128752078
155,163.48187086417795
154,167.11351967238383
167,187.27144691303937
177,196.5057834939075
145,164.36294989074565
154,144.7196607626254
142,147.8007796796833
125,118.95633580762168
94,79.25435006128602
40,51.840921341307215
33,26.774905095369327
16,16.414633060746983
14,19.728406773071196
44,43.62591550279376
77,72.18089465666151
153,146.02311716349607
229,221.69873730796922
337,305.7516307326481
237,252.49739322261857
173,176.29079320789077
168,165.52053856412348
175,167.7495992986373
171,172.93691293081673
165,175.0497832690148
175,163.66808575914936
167,175.45100863567424
167,199.28436289391638
193,212.1494561725076
201,196.26871462176
166,184.07969720733826
187,172.7995471549457
162,149.56020118001152
92,104.96754990799819
62,52.549738745340065
46,34.64640635017022
18,24.277360190517175
24,24.063574595283953
49,43.58702191713715
84,80.30517461508701
149,146.03691275617425
229,224.7719750744933
329,311.21790241209396
267,269.8315683512688
207,207.0162432956357
168,182.11074951250944
173,170.61118741284545
148,179.20055171243803
185,161.36386309082678
126,179.570452623857
133,161.71319087773801
183,183.26887843003038
240,222.40923376958082
244,218.40461477567555
209,198.68371877736737
195,198.40821451825934
159,170.39859015940078
111,112.16734305842897
79,70.65206316273104
63,43.15471134542426
19,29.62415789534862
23,30.983491554662116
62,56.19298267186043
85,83.20620018358643
157,146.76011258068368
218,232.47339793725786
307,305.890633479143
249,286.11790432104806
194,206.1142063743888
185,177.1519691886581
159,181.76985676042224
162,173.2246622487059
183,183.20148343464808
147,172.17328816198236
147,170.3027631035376
230,201.53130367039782
251,260.35088608375963
245,234.95557104322776
203,203.85037993422642
202,195.85957015350982
164,178.4404793575497
150,123.03846748559862
79,90.54863723017856
51,51.88394941752537
28,34.87064999058642
40,28.669547009134305
68,58.072696833318325
77,78.33147343172548
141,126.65003718418656
221,203.3154804746672
242,258.2445306314467
234,230.17387718269353
191,205.32027909802227
204,171.3842269144163
195,196.6560683384944
209,185.65179486049635
213,197.7833106131906
222,187.22734307343018
230,207.74793534108358
239,257.7744706384827
328,279.08887101458697
334,301.3474537520523
264,261.8405354901498
219,233.42316765772918
237,207.11217409072435
206,200.9922955050224
163,135.14604656254227
106,103.4322425214997
67,63.817621020324
49,47.29240241330144
57,52.40386785184493
54,48.86462745384626
76,69.81969232738227
92,87.96838667221539
135,121.9273404886198
154,163.38252846193893
162,184.51240889897082
175,199.11091982915556
193,193.27869789874296
189,196.2605762673224
160,196.72953048969842
188,183.5452372214178
216,203.1196723323225
189,230.05351841768763
230,228.35097784156025
273,230.92248632951674
214,234.6048504506018
229,205.15698961436024
239,220.9212429486718
216,202.53684028871047
153,164.28743376048735
125,104.54082983994607
67,71.9836913226625
69,53.359192845696086
49,51.41180736640108
47,45.01789459605085
78,62.641961442910144
66,81.33002533338593
92,95.40170295861677
133,115.81306630142608
159,151.57236997939336
189,173.89564314559345
194,183.30088008260878
211,179.79263803964145
184,180.70865998389604
157,175.91271878243384
168,161.7856754030972
168,184.04072967251176
212,179.53104908381295
154,181.48401432528829
144,141.52278855962186
151,132.7698980944669
121,129.99604166937974
84,92.34221235041093
49,52.84257926697703
30,27.715881512421888
7,21.64084487277431
15,29.921238934148004
47,48.07344253993056
86,76.94406626302971
144,151.4204692851888
211,195.51039429055862
308,284.3722249634572
234,232.95121258301302
203,179.5465688899678
190,176.00971073822654
206,173.50607467592377
182,188.77906389142348
170,173.89626297616647
165,162.7818505202646
164,170.23407607013021
191,186.67959230281926
227,208.81630090614672
252,185.0893404603158
186,194.47211993748283
157,157.78631532688442
133,129.01653632257637
91,82.44799968333166
45,48.5745130836549
19,32.577221573279296
20,13.838843073850647
27,16.386611210316794
50,45.129487185091946
87,77.57505094752113
185,152.24154525790863
274,231.3351087861163
334,327.6937235428209
295,262.25278262967475
215,213.72593218886365
210,183.01422790145693
198,195.84723802408206
200,189.47212981717823
205,191.0257448453072
216,187.43318686635382
192,197.51533040308718
220,203.26195467616824
248,236.90983175818806
252,232.05815820941112
197,207.48058020435568
223,178.1407127384924
152,166.79133245700913
91,97.70075575210582
62,52.612069765948405
34,35.570511135694076
22,22.8979472320798
25,26.622130476621027
51,46.83980726875156
81,81.59112691729229
158,150.31149746975544
279,256.432143917419
368,331.6230107326069
346,298.8941371106133
235,242.03300741163912
210,203.06534723862467
200,195.2430068232379
202,192.1664413134833
162,199.96729825185443
173,166.96357585650497
230,176.63568956571103
226,237.11437204697162
327,260.1380695958083
341,275.38473768911496
230,256.8758556196137
230,216.04648150790865
190,190.20733150293853
127,120.2637562211324
90,78.39305272268223
36,49.69856354507586
25,23.841287702123676
29,28.885850247725
65,60.96193888267505
93,83.98256224411173
162,151.7991554250779
226,257.42249657033466
352,312.2423632883112
322,313.750481454088
196,244.11240026481187
198,190.39939673972216
182,187.89753551104852
213,181.14579421018766
191,194.3854164402643
185,177.10384291137686
171,189.932408307871
212,218.44052775625408
254,254.31655072713576
251,245.49344031952734
184,218.10952190122853
206,200.2949416128837
189,186.1184000423681
128,145.18016360139296
65,92.5182839020715
62,36.9043988825229
28,28.604773411077247
23,18.14555577370381
34,37.51466220985163
56,65.62616571310046
118,138.7317984349914
168,201.72400795637668
238,241.38553902592187
232,239.17725998464329
160,215.18018943033988
181,192.3260728231614
183,202.2800759746686
170,193.31100149535035
179,190.196003391089
169,182.15604535432632
211,188.95127352599286
230,229.0121860543188
262,247.19311749444594
266,238.33532850861693
187,224.5667774632999
235,228.96968729822726
261,232.8994201312781
156,199.27181567117177
61,97.50027830194666
72,44.00538998520791
45,32.078042743664625
14,27.54347343698456
45,40.97353826114394
52,65.29396359849468
123,131.5278019947361
186,184.53239243529498
212,238.522968672549
204,230.17648487045315
159,202.57647825506706
181,193.5709177192257
183,191.26735837336525
167,189.93128096739954
184,187.07198818815223
204,191.58206642819243
201,215.0622221063829
172,228.0603289540733
214,224.34143255392553
195,226.81629939904033
145,201.3169797493787
223,202.75483342790855
255,263.5847801576231
130,187.4263286994211
92,91.03512165339214
46,65.94813654226336
52,32.16975125046385
32,29.634472880612098
39,43.23084401036771
57,67.16738147326049
110,116.73177998588518
136,177.59162858845994
200,199.04354119247944
156,214.4455188330429
172,183.98707283320346
179,193.72256607700842
205,182.7582329524744
188,190.1178572495547
156,193.06895238646135
178,178.38374261491867
187,188.87875186983712
202,208.01566644610807
205,229.23371836271528
183,208.9805762732435
163,192.9112543510323
158,205.31602314345903
197,212.82894638973826
127,166.31428597183634
111,112.79338380779976
65,70.91915728846314
42,49.52285044905338
20,36.11383811151991
32,40.781424039897026
47,52.09638921339357
52,73.15212521189827
76,92.54084965745285
91,112.5091719556172
125,133.76611039371568
140,160.75199625394353
146,161.80814802007447
142,176.75146376573687
132,160.51916474290053
119,148.66991781914558
116,141.44570840949862
143,144.74208395705844
169,154.4907244876629
178,201.39936481187084
135,202.9239907096127
117,148.64441651921032
94,129.32001680414484
113,106.83676955312977
102,102.76273838031943
78,95.35763572351493
49,71.3689646189779
54,48.125248836989286
21,34.00318240877725
27,29.084558421649298
27,40.12423674513729
50,55.852345137823995
58,78.08070022834333
64,96.07254216055789
87,120.47727922877337
110,143.21223736980886
105,161.7637109517406
149,161.56671485838027
159,180.04182894430556
139,182.87952091469506
156,170.0517833688625
177,195.35021419382232
169,209.5528079191716
194,208.5500607225555
199,212.73127326307954
137,195.4049233529059
158,164.16083505457752
249,186.40318938305782
188,206.35256471772627
90,114.44187681624422
68,57.483607292481985
57,46.86764183794905
23,32.23539296793076
22,35.37876811986241
36,37.80006753383878
42,54.54288591443682
60,66.24882782391849
78,90.34084387205901
93,115.0870048654446
120,118.87786907341312
139,141.30238969902584
179,162.69776633663986
170,186.52660750338498
166,169.49215052007108
174,165.9826485177202
166,173.9187419237066
172,175.17687466058246
195,186.0437981773735
167,185.75449543517337
106,158.64280015470848
131,148.44629209383896
124,146.905778866029
86,102.79742227972417
50,62.24469634736102
20,29.291390267450474
29,18.507965053869807
19,18.094772601420868
37,33.65922597271675
52,57.90143379955598
109,105.16248296336133
159,163.13490928287436
223,217.81626053968913
216,213.17939098685636
140,185.9800007552754
170,163.13567914550833
157,181.72734269316837
151,166.83531452374072
158,167.3529642185439
171,169.6471467152054
143,185.04962706899656
168,182.6271337527971
193,206.0763489592175
144,181.44338503779593
130,157.20836165220493
210,181.00145121905743
147,201.79232567362732
118,116.88419940332724
65,62.25157479885009
47,35.593901416936625
22,26.110383148813764
12,19.007681670661334
28,37.74294102218856
65,61.19184789195626
127,128.64498034056436
218,188.43820137443313
281,255.11462495991503
238,243.65224809833302
166,186.99299609030174
227,175.72896886484133
157,200.37222468138123
187,171.88826440548402
191,186.55353981220225
207,183.55381266771437
187,194.51921040780772
223,212.76673490636836
222,238.3023487857205
275,215.67795342721126
242,221.2078833370404
367,254.57661310980282
212,279.99621187346276
114,158.05910504455153
66,70.88631914279738
62,49.140871262077304
22,34.87941070399995
15,19.162835383563962
30,40.307623061545456
59,61.56719726255809
131,131.7083257741211
193,199.4908332247176
232,242.86291974242886
213,234.28878240904203
191,183.3568970153877
199,203.15747569572727
207,187.49522752156307
162,198.5379815254334
192,186.91499166162723
176,202.55743446929054
215,195.38908790766274
193,221.07436908470615
230,219.8966606042571
210,224.71088455867118
222,200.04878504686627
349,269.324606230881
281,286.02029316517786
221,162.86464220007053
113,110.5275692053298
78,57.59285427281658
23,42.03662893649282
26,24.33957339710905
42,40.4255369341472
65,65.58120399931036
125,119.16405632469038
181,165.36825396769123
242,208.70851717086416
258,216.63599422394083
178,208.7847527802085
191,188.80967644777135
182,195.8429568577485
161,178.43150578331858
159,177.62003960394856
181,177.74143604291393
193,204.21578687635443
181,219.0327713490834
208,213.09954241959997
200,202.13707389309818
180,194.15091856487658
317,212.19993268591756
242,282.90413502358547
236,183.13826450780152
132,126.9384043813227
69,69.7694452983615
65,39.597354896780494
59,32.83037218107768
23,44.295982168699794
55,57.04147499231402
98,78.33466363868385
145,138.64459250148252
183,177.7650188433419
162,184.73261913489213
159,165.3001829384733
179,171.62019968598335
172,183.20890395452977
174,167.23190418601217
171,171.8507162017947
156,173.4933277248888
207,178.04648533836811
225,212.4605622793993
252,226.99514683281157
258,235.2241585360347
220,214.97633503643934
273,220.67573130024834
254,277.34130977730706
231,226.5166264895144
182,130.89579975624025
113,94.97522224284755
42,63.848804628770154
29,38.04792892513363
43,30.72353423978286
50,42.367191871830855
56,58.51590175000449
71,72.59911036785651
110,96.15673709874383
131,143.81701532535646
171,162.21988654637985
209,182.6942256417513
198,198.33203848974657
215,193.83699588878338
204,194.96644020242445
209,190.40149781716286
234,223.8595599994852
234,232.23043824425852
252,243.1645379441971
273,246.50823883905457
244,225.83726292751118
320,257.20927277439574
296,312.7339253355968
270,248.32244268536053
161,153.1060804418048
108,100.73288546707107
103,53.13239422683126
30,47.556009620404275
33,32.95138394987351
37,41.0059004101915
46,52.941327451444984
79,66.3754758404841
116,97.14108503818355
111,137.66833544193884
166,155.439495386094
198,181.22279550468028
199,195.94160771894465
155,198.03018564922544
179,170.2574273921135
180,175.51014147254799
203,175.52795909159462
178,202.2119929624295
191,192.39903325452272
199,180.53618151813092
185,167.72321265570608
162,179.85439095272366
176,148.07241729593616
129,121.80020141736267
55,67.53920385033626
66,28.685104594194748
23,34.5499397805448
11,17.447650880446236
38,31.671956925969553
60,55.022470031146035
123,110.25327878250455
199,170.51553355330228
252,236.07808287747704
214,214.26514224911054
197,172.39888881821946
164,190.17411077139212
169,174.71120667346864
182,172.78543829609373
145,183.58183410061258
159,164.99773664615438
180,172.22538614463062
213,193.59610286727465
359,216.36902247321794
408,264.92190522487505
300,257.01982840118666
283,267.4702686639952
418,231.3054359072843
157,186.29720147146088
49,79.81806110816751
33,43.093460055687395
21,21.336141068625146
20,17.83941699350945
43,34.95309981136538
57,65.07534639469952
140,129.44226760301635
187,204.70714396741832
252,245.08292819806533
263,236.1000501387939
214,213.99780301290428
190,205.0426472027869
214,184.76627889166878
170,200.9403646455904
182,179.22149132360747
178,177.67491959793583
181,194.61046672730424
227,220.48751093927402
227,246.85063800292633
224,262.2428855613222
222,229.31792432909842
264,269.2890068912852
333,278.98176248798694
165,179.38260393226784
83,87.76126672674155
59,51.42461063546775
25,35.17082146636162
23,17.729079132514293
42,39.66326980115147
72,58.977063778599884
141,135.08912035515183
207,193.90023925932474
256,232.87501277623866
268,245.90640033711676
195,222.90865898853204
206,198.41753576399944
195,205.8781664469505
205,188.63504759303203
168,198.3097079579091
174,185.92821831975994
245,198.28646757657626
224,241.53153270390197
230,238.84900643180825
241,219.38392460636757
226,217.98116283405642
302,277.00190094531393
359,292.57102102450864
205,188.83562770161043
99,108.8944122798037
81,65.99961509102977
30,40.465767100905836
14,28.863086616529955
37,40.60864319755438
53,65.28406907198156
127,115.28420709628814
194,178.9429323488218
243,226.3303416668136
261,227.83378712764159
220,212.53966549287776
215,201.51831522214752
197,201.4308891706231
191,188.9225782862287
186,184.3903958419262
189,185.86179489268693
225,199.1037225361578
234,232.5069112808196
230,231.99374415677934
266,215.84296306918966
277,222.7183979124784
264,284.90413069912495
366,266.2811516336169
193,228.86087220541748
125,116.56678943141058
80,76.45769086868715
43,52.80392920451331
37,31.965243764069537
33,33.6081462256078
52,52.807566530125854
104,84.05812639261681
164,148.2150767308511
184,184.56875030047794
187,177.6456440144801
189,176.40575576171307
202,182.24110319106694
219,196.92403476064186
189,194.14699927559667
184,175.5889012776441
170,171.57012441995894
168,183.86287523161417
207,199.51953357931285
231,230.08326132002404
257,232.95941538187637
205,224.87000432597563
233,222.1466687876411
349,251.4690560155228
268,250.2869640309718
164,156.18696148651384
151,98.42035650337442
49,78.72987549892015
29,33.90042141742507
29,32.380002656183336
42,42.001420988577884
54,59.54198513540101
88,74.54760952189105
124,111.2312352288288
144,140.69097379443454
175,166.26725629301941
196,182.5612709783109
209,202.3000964514654
212,206.21402478948025
196,201.79442089151857
177,193.75214010002261
274,198.43917059942436
274,261.0823943225393
280,265.91861309102285
311,265.4450211500155
227,249.52834131065916
241,242.10769326769585
374,271.49544335573603
231,282.2940648471515
170,139.39088461602623
124,107.17372718960526
44,71.93545026716018
37,30.54484707821613
27,33.59037727793424
26,35.55584883695513
59,49.191382418372896
65,76.83874191688686
74,98.11509584366628
112,116.84429793191423
158,148.68791440975033
193,175.9406315702139
198,196.3492182943343
208,191.55304443767577
225,194.58260805881824
205,202.50709412425337
207,197.6251422812753
208,200.3849874980604
206,204.610575568909
182,191.2142981652504
180,161.10753993506586
148,169.04353946033027
141,158.88293981610593
106,110.2186355777083
63,61.52624380714906
50,38.84974366953528
18,26.311934335043112
21,16.152226127507674
34,31.824837929586636
58,50.82139060690977
127,113.49293298934549
180,170.11094224391587
220,222.74483427712934
190,209.9497593787424
169,171.8122886816618
173,165.71650241778266
181,170.7542412259664
158,178.13565426286718
143,164.54933709317453
155,158.68088794025635
165,169.32118136069295
188,190.54386014079262
215,228.02061829216663
189,198.85580973908122
178,187.09509003911526
194,198.29791524432855
206,179.37469039925006
172,150.6163917905633
116,85.26289125961027
50,53.86887026839385
30,23.235462554113155
24,21.315786845388573
45,34.63606301824336
63,59.9140459405117
128,130.23216479482826
190,195.0462307626878
248,242.55485148795745
245,233.43696695123438
173,199.93194949332636
201,181.27614368970862
167,196.78912060671956
175,175.70544640176414
167,179.21797885788857
187,175.35449267574222
174,190.1256304979039
176,212.83005422269287
223,214.050741227728
166,221.53641004562212
189,190.40902731624743
283,240.65708963654092
204,262.4898508154487
135,163.4003756312054
67,78.27005627600477
40,55.09673672001697
23,30.424985698371575
24,21.010737718296863
24,39.37717467088599
61,60.74193141645708
122,129.74634598253476
201,195.78703147029552
231,242.4241214044239
258,231.17260567978494
208,205.9858175902962
194,201.459332562348
165,187.2335233104813
165,176.44899883595576
163,177.6227689251449
171,179.81930329149947
159,202.21365080931082
199,194.38108372453252
207,226.6908075604413
212,205.0515678246175
231,201.17139872667673
317,281.59872077986506
274,291.87205908067057
178,194.20464709855986
91,100.66276491770589
59,55.622435908744436
30,35.213017177460145
33,25.382354934154307
27,40.29038507368186
52,57.224267580076294
129,119.26258011373108
198,190.77286840664001
248,235.67615321542587
222,248.1094440192403
204,198.889079462419
189,200.25588929770558
179,188.52802301020222
176,180.1307665289113
175,174.51025095130242
181,180.32506477298688
183,189.72820416697795
192,207.73589226018603
232,216.92146052265167
223,219.70231224050107
245,221.84611698041672
274,285.92116443182505
252,282.8706586572692
209,198.52594910161383
104,122.41439168662419
79,66.1761728317949
64,47.553733978031325
48,41.781981829318575
41,34.821723722598826
53,56.741626558748905
127,94.7233058086033
160,171.98964440628833
186,217.18430774192845
206,190.41949872722157
174,194.48623032627307
181,187.74409080148206
208,184.59665058183344
206,195.53545281760648
202,194.33492932192647
252,188.7007622408973
228,225.79960775550725
218,222.7818645959102
277,233.3893433533272
284,252.72787511542455
216,257.93783012985074
246,248.74298693369937
243,291.4322516146479
215,227.08405077047215
142,142.5377191960203
108,92.43437921507656
50,59.77778454163974
40,31.858075577344728
50,36.92884672400333
36,44.20293733512672
62,56.47492601015048
100,79.85649313584585
115,113.77880300241802
146,146.70156391197239
149,173.00043222654182
185,192.90016023371814
205,199.2632637157285
196,204.29133700482646
204,200.73272617833354
214,200.88652535977343
187,228.01202798156717
213,214.02810048604414
232,244.17796531983876
256,252.6988292837648
213,230.9413531106416
244,224.78009544143498
222,275.4146616694991
214,208.78347691856283
155,157.14503406366083
102,100.15859870775412
55,54.01054354838155
23,30.956547441691864
37,34.49737597679541
38,36.27632119388422
68,50.51368483645635
60,75.66548327915072
96,89.94502699046272
122,116.39277591660795
150,147.24312236443365
217,178.09819400717123
228,208.45536091593485
211,202.22606790931817
205,199.87946112496672
213,198.76931489649925
179,197.41419953679895
185,189.49268731913432
230,195.0247686548267
193,211.2884783944975
172,175.82140999747116
165,159.79914969934347
179,151.02024442644358
114,131.50500718218754
76,65.03127294996102
55,45.681298052081665
22,25.562330669151066
27,17.557618282931294
34,36.190586148972706
69,56.6705189565791
120,121.6707262182087
187,169.30642608382925
199,231.98959520922887
220,199.30950388521092
223,183.7137588321527
186,191.0018142886494
202,178.21971052093517
176,188.35842584602653
163,167.10492356581565
205,165.86675310640717
202,198.19914272083804
222,211.67672628990172
206,234.1950884890836
185,210.5775742284621
170,183.46412676562252
208,203.64878979665835
178,217.94313819185746
117,141.96735707067535
87,69.888533642921
57,47.796187788473475
26,27.81058048753417
28,20.57364537122662
51,41.18648639191195
75,66.70617269936031
122,129.43971665340564
220,195.90341523069762
283,249.38390405341713
309,245.0303254360262
229,220.30963732284295
243,206.07333649062096
228,214.51960337329172
211,207.2158138700586
224,195.09271032901177
189,208.96070680742247
225,191.27128525999098
243,232.1101533396481
255,236.0807402064951
248,215.18380776888677
238,221.32760161489693
311,272.1442709600153
210,263.0826730206098
160,146.886471630211
106,81.39134279986163
75,57.22440484877307
30,30.745987297053066
32,25.10187838175848
34,39.4602679023518
71,64.7630706764068
131,130.44739707738967
226,209.33729676893913
289,263.1172199330001
299,266.01952649977835
220,235.2539642773143
211,210.15447261063827
200,202.00310864046884
203,198.63155424892574
200,204.15695117244843
255,194.62260269858885
203,238.30265141043893
240,223.95664134447077
286,242.43289626438568
279,257.51800794181446
220,257.58941568625744
353,291.69629470909564
290,292.5073650006285
190,203.57303853188407
110,109.78276257507267
66,65.91119692457443
26,32.70900799179955
38,26.968254994061827
55,39.204038364373304
68,63.230514641445374
138,126.92181779007232
196,203.25271340332355
231,248.94895166442723
305,245.51747353648113
264,227.71669605094442
242,225.19325708641904
220,216.3011485116001
218,205.5754084964902
186,203.06836439563173
196,194.32071826502357
186,203.5718195590632
182,212.01057012953555
243,219.9291998069509
207,234.03115514533172
214,212.2289260816075
231,275.4258250692249
263,262.77927903552956
154,217.8115017437609
63,73.85889811671466
40,43.33464659799347
32,32.98532778563442
28,21.840165816142058
29,24.747486928869243
40,39.114495416770055
39,57.032518812193175
63,80.72177359831663
124,118.62216173275131
103,147.06383857964303
96,125.6399403845122
137,130.40186486864948
158,148.33217103649022
157,166.30913415929922
179,197.3569065335854
259,193.15899240325916
248,236.73045471747335
276,264.02102318042347
314,299.32861387572484
361,287.2839725823755
360,315.58178757748163
273,324.28977954374125
185,236.06115551579805
121,150.83336256658936
90,97.97699196616934
52,58.505582627959534
22,44.56328820081642
19,25.60946830424848
36,28.877946164240015
37,37.75305452033557
43,55.14488816073032
85,77.35504598712467
108,128.8397455321091
106,143.65906452758833
96,123.0899674079627
118,127.83658017154465
138,148.3324842416988
151,173.79839162858673
179,189.6668086951029
195,203.14661680828198
186,221.74871147103948
252,242.49212538061917
276,296.7439162629919
225,306.36744318034823
226,274.67552177558775
234,276.3370830053752
204,239.94105867012544
161,169.62804462007895
141,128.04749161989838
85,101.39623109706635
70,67.4440094063035
55,57.38155466316547
62,55.4705445651237
48,51.97265154079653
57,61.81791119045461
75,78.74048124673601
99,122.0946514113875
116,131.59187409177002
104,126.13916743612107
116,131.3343487682519
170,150.8961513827541
149,189.8222177202358
155,194.31908317480216
189,184.77247525988847
173,209.9182907200268
197,212.69076259192374
235,247.90346845814346
212,250.0313717104156
173,248.86090387162858
157,215.3602597193864
202,193.7436421257164
214,177.3897935011564
165,207.09141256836975
141,152.14561593512687
114,135.93906474823834
90,102.75198545293179
93,82.62562283581278
48,60.28966496240968
38,42.99058532930968
49,55.08895384286209
49,83.41338098342048
63,80.00908451810517
78,81.59684893140073
111,101.52535123455854
123,142.0180971194249
123,156.14878859566716
148,144.98080277916006
165,174.14362354949685
219,186.8976294166231
196,221.08905211018066
194,233.60513799643655
185,230.60587465550054
168,198.59957699019984
136,159.66251951897803
170,129.49859048954576
154,140.27213894640207
169,201.02110155599183
191,215.40046595695785
130,205.17299295809812
108,168.4369172533392
61,122.93172694723255
27,58.54392061426623
27,40.44408150266306
30,51.26731761938919
35,66.672257046593
46,79.55075220413008
59,95.43671999442691
103,103.02554007852035
144,137.6880098378512
175,185.7573426726258
214,215.30024304888764
241,257.3064817492785
234,289.8353615439603
272,280.6810783813532
255,312.10013859413266
243,285.84305669494245
217,271.80934408194133
206,254.60818227530294
243,225.0344351732374
204,254.56088871136242
215,199.791853042066
205,219.2816302990602
192,192.25849246255697
120,160.40891668395787
71,97.0302622261495
34,49.64299520363377
31,39.88462671929603
29,47.21504869922272
47,58.8545436913461
56,73.01593875080596
83,87.56352280139384
115,116.29814999159254
154,140.2993980284207
188,181.22817559572084
192,200.2064885380845
208,198.42632034522697
230,213.93627321599672
235,223.6935562486725
231,230.8645131077143
221,221.06366711925776
182,213.69399554093607
157,183.45616682587288
146,157.6910222060921
94,111.63100861051814
42,59.883986487044794
43,37.176484221618566
35,36.848730648638
29,30.644410521001106
28,32.82270021885174
31,39.43715204685483
33,50.112625417038
61,54.15143061874323
111,107.46014349419266
100,124.01391302807924
95,105.15176702418572
104,119.31555520654953
149,140.71277286560976
126,166.52724413710837
154,167.77952550358037
164,163.1086270037387
183,181.00794519045058
213,207.2776566042324
193,237.06394940072698
203,208.3432301162134
197,209.5689036435152
211,203.62147376899645
131,183.70291389429994
80,109.74424222058607
55,59.24887505640168
28,39.36004481354266
17,24.36180629812119
16,20.20776504934704
26,24.759122201442235
32,39.99290085160138
55,47.39991602066616
67,82.77540314382198
123,116.10026922059642
125,139.21332295720796
106,125.52747380417452
135,127.73166656927813
142,150.56400393004816
180,155.5737233237224
169,189.88761541581928
185,204.54425245867884
232,204.99716857131358
241,258.9996575921554
301,272.901214149067
373,293.82927151776704
392,338.4453096295841
300,323.80355883838496
198,238.9201737074086
125,137.77507932906417
99,92.33114495596459
54,56.089958129688156
30,36.34479978905572
22,22.504792215227045
31,30.747331795291327
35,32.564608925673404
44,57.96566582451512
84,80.41031160861417
151,126.78295174318457
129,149.1011861982357
106,125.26023613453698
131,138.57261697732682
136,154.15292208436313
190,170.6281513775823
190,195.11858010476834
211,201.35631103302802
202,220.49848361465087
237,244.61495337647878
297,281.2831428309085
258,301.8316778986081
318,279.1132708956526
357,318.42908190817377
276,295.5362569006646
203,183.96769876418273
172,140.71664924693832
96,110.11802702355394
68,71.94335580230158
41,56.64644640702942
36,56.55317708842196
40,49.03225134678537
50,53.803289772016264
70,78.27902344885143
154,120.84080382217982
127,143.31703633247898
133,129.3017999119508
148,133.61242845812896
163,164.49187437841346
166,173.24425649202553
224,187.76844795414152
190,223.25546373212543
224,200.78063141101535
270,244.2372107105719
298,281.6167861962378
264,280.3598008383172
305,277.913149291145
363,302.63205338727215
304,319.40442926486946
296,228.14566267663653
260,226.10851470308944
269,189.6020267405786
156,178.50611360607968
112,104.23127957058882
71,87.12666779547685
48,54.70194331417294
70,48.80414633742824
68,75.61768700260168
104,91.87469739404767
119,121.7287797494348
112,120.21505636524604
140,133.5818852093478
158,161.23753641935954
174,169.72446940570615
217,188.6345245788889
270,210.62550308175506
239,256.2735387831338
257,257.5933391981284
279,274.38592457511953
316,284.1322781395349
280,292.47559488478277
343,282.484129909588
388,345.03627208593736
399,322.95978214258156
343,309.1303076824946
370,302.1312795736094
316,263.9472820381412
261,190.0763251691279
121,132.58103259243163
59,67.68981969535339
46,45.12074785403705
46,46.57862929877829
54,60.40975842030822
102,72.28397868370661
128,114.81435712329528
167,146.10264198235856
195,186.41454813045917
256,211.59710032803883
286,255.0097355580162
307,295.02510685432844
353,310.50781283211455
311,351.0971036450285
349,323.220120145392
338,336.71809062844306
335,319.60429008791
362,334.2405611829531
383,359.67411810175196
373,346.35940706341836
342,319.7879882777044
371,297.40356526978496
339,292.58133468273786
243,208.02943951545709
118,133.74773971025593
58,62.99456420419747
50,41.23629119538489
35,47.81477030782664
53,57.007371625270004
72,75.90641573831009
134,102.46347478303188
173,149.35198641659858
191,174.70546672045015
189,197.34179303218133
199,201.98995406524455
221,212.72047079643963
237,224.355038369709
218,235.92555594672626
223,229.42850294435826
212,218.44738774354138
211,203.7239597404773
210,195.8978439416172
164,183.25526851660294
129,106.94469194945377
75,65.177322097482
54,43.918804114393
40,38.07315340023565
32,33.84845829212392
38,34.68166728690622
33,42.20462531389776
41,48.565524112766624
71,57.58869779837591
113,109.25608450998185
110,123.01607369544791
88,111.27033934833744
142,103.63692085277422
138,152.23571070314566
159,156.85453342336578
185,177.0236341880994
185,186.30123238437346
250,194.0533060128051
297,254.01743438368132
357,273.11645930961606
437,283.2539841533229
333,343.5991298947266
241,266.8744056486131
185,183.87162885036
88,129.2983557399038
44,60.45193904971956
28,38.6312299963862
18,22.329751019571503
16,19.880830388682394
23,25.794033020794103
28,36.82996960980574
63,48.49792511836169
79,79.57581916723714
136,125.61302003524419
138,141.62380129809605
107,128.00957068345497
127,135.25622853532724
127,148.81743928197398
178,162.845773929398
165,187.10336705523648
204,194.88843193568235
247,235.55215724463434
258,278.2544236460008
270,303.5131661604533
267,307.4861660202535
292,318.8982012767861
310,290.64053482840956
256,245.69587353534737
161,151.766786531724
104,99.79813327542958
72,58.1423888501023
50,35.885886136262826
27,25.46598735711803
45,33.50897655852995
35,36.47907254251729
62,56.76277489068069
83,86.74065122190807
133,132.7847769538104
174,141.64206821917656
142,142.52888951841825
165,134.66316408073519
145,155.7339478173317
212,182.2935314165184
212,210.3560570877468
218,215.49630226528132
233,224.1566683941405
268,266.5545040782239
296,298.54997965451486
274,288.4897975854191
344,284.7222231818592
345,345.3367128331624
248,300.025380381059
179,196.43258633609233
134,133.08553157167776
69,90.3674419340499
44,62.222370758870795
39,46.01108842895993
49,48.10975682519954
43,48.55294341697996
78,60.865354951261544
98,90.50583365745831
140,138.34529054522852
165,141.9811875499033
123,144.91681516056096
170,135.6632567007497
171,171.1982642928868
215,178.68000012747413
247,215.9943915351379
248,224.48253392198805
233,244.97851571520445
287,257.0755939968929
306,298.5371703113977
300,277.2418856964022
314,289.05381603589205
356,320.8965751263213
294,332.94165572169584
278,238.128116111741
273,227.8832559210075
187,195.8384980207141
143,145.02632670600792
105,101.04639568164308
72,85.81043564706586
51,58.43313721626898
64,59.52477558819818
67,75.12597921427185
131,92.9046673904511
112,130.1262923719917
126,122.90675883205247
145,139.17294524871477
179,164.947997510832
172,179.05863116358873
206,189.5625751933289
231,218.99108256605624
226,246.92671684772196
242,250.01660313784254
294,268.9001950898443
317,282.1735471390792
291,297.62766369863596
335,310.74297842751554
382,343.711208619939
353,321.44455072245813
328,320.7116840126358
389,303.7644191057695
290,274.4981736570027
253,197.65299440676998
104,146.8551208267933
50,59.51063267076518
45,41.721287477889426
59,50.75838947515304
64,65.6955678414417
103,86.05074724058696
97,114.56108588394993
180,124.86389769505237
201,193.1331472821677
282,217.61328262219396
318,277.41091771684376
284,311.2227560617258
338,323.5089023058816
344,344.6817048860421
334,353.95608067054394
349,337.51273232353697
333,325.8932272015054
391,332.8120971641515
379,389.7324292504171
404,329.75655227107865
336,349.0418673657867
331,322.5423388866544
354,263.5611672496489
203,236.49001096664205
114,114.09033717016128
54,56.89808953452856
49,42.384475526852746
51,42.11437409252202
51,58.17906588444087
107,71.51949660286016
134,113.3379384768496
151,153.3742791117197
269,168.23760501068662
213,244.13074833115064
279,214.8833507920475
274,250.0522560300764
277,255.08831969627576
304,262.50391336047954
251,281.15716615766604
243,223.31413487312574
221,217.91332262978094
204,204.6169060574907
152,179.20531665994494
123,100.76517360516114
75,71.86982430947998
54,53.13174282153572
43,38.979280174277605
29,33.696888965698115
21,31.987210512241724
29,35.35284417722747
58,46.62990967084704
61,73.35115869232997
105,109.15707413470055
119,117.10899808164152
107,105.38860245382183
122,121.6436556551203
151,140.58967830770774
148,157.93071771023517
181,167.99275335254936
185,181.05477316814006
192,197.52380947230023
206,228.16300855766045
221,243.74805745076793
202,213.10285310847647
210,210.3001617105064
213,207.32789001238928
166,175.2760313095285
97,101.0913113711162
62,61.42473318444848
35,36.42828583192035
25,23.53793926127489
12,19.306598347558893
24,24.15954113430199
36,32.4666779704314
52,57.4923348971945
77,74.58427809275274
154,124.54439721624084
140,137.08615315780472
104,116.58556793885755
116,122.65152614116123
142,138.4340522532721
151,159.82413390670555
171,171.49761785834733
186,196.3841688753817
208,216.69998657121815
212,243.24070009786027
249,252.45628668663133
249,270.3496433647408
271,285.5764984095841
265,286.33809360046223
203,226.5128370527493
167,136.00071997497474
90,105.30577563812454
64,56.91679422350714
32,36.95130342467351
28,23.25386210195267
34,35.98370700510088
40,37.99545517110162
51,53.808793075257974
91,84.9240406974281
154,140.84044064355942
137,152.42671947417594
95,116.78964093566607
132,123.63069767626511
146,144.89197543175757
194,172.05696494871725
200,197.54017296298184
221,209.88292119000323
206,225.04697295504943
226,244.26067290461262
268,267.8294628306298
273,263.69808504193605
299,288.8317159440579
332,315.8970624195249
240,270.6879837291807
220,184.2923413238929
152,147.9475580013605
98,95.69239390157414
66,61.41499669259588
44,42.8527357518113
44,49.31888656186176
38,47.5526659003308
63,59.48535176971344
92,88.17031228874382
152,141.02945521744053
140,153.42029197227558
124,125.5162730794601
118,142.7734044958837
159,148.28390430921976
194,180.42920021027484
206,206.6779175318647
222,214.26660392379102
220,228.31915139700556
220,248.98043523378215
252,265.72027294011167
277,268.1753965048923
311,296.96508238463946
349,349.7774768717366
297,303.87366509008206
290,249.21030796802575
274,256.38141008518426
201,230.1279594061035
179,148.92106477212093
106,114.0291405415445
65,80.46699273090974
68,53.23106412955123
60,67.57712317387413
86,69.46630410509988
124,119.75066551310935
125,137.39554042581005
135,119.39631115880388
155,135.6051926598571
189,162.3745630993663
280,188.37478636024858
257,249.43567170752914
307,243.40803874578341
278,281.2223009099942
272,271.81163495235853
330,294.54889052614266
351,321.0447221203618
318,320.088934915987
320,340.11846344601577
374,359.1927988630699
351,344.9774998700152
330,325.1603257254439
355,317.160125975682
297,289.0005752783248
240,226.2582736951921
89,119.53249464856471
60,53.60777238448839
47,47.594201295538255
41,49.5516594960335
78,54.93262387529497
96,105.60543357184561
129,110.17465176378464
183,166.62676041387283
218,202.9209680822842
254,254.9678497209445
281,276.5985443319482
319,294.6417483249366
292,330.445243055211
271,321.71106169122754
305,306.3316932507084
322,328.22038535776926
327,323.1883166361122
304,343.4232369650297
377,335.87629247517344
370,366.73651349524323
353,322.3506454779137
323,312.306686379572
303,265.93503150612105
214,227.29792723152084
136,115.59152777719693
51,69.79978551356527
50,43.78962387522726
45,41.951431514493606
71,54.36308209379251
93,85.01699392079368
131,110.21497006869086
159,154.02554444404723
198,181.708847925649
269,210.0178606716671
260,259.3506002859987
277,259.05030641029674
314,268.31085321448364
259,297.06368286337124
254,247.75194382238055
234,232.75582742862258
259,218.54015853134482
241,233.84161636970288
163,201.3609657064195
104,108.96522890206384
110,59.40941008580129
56,57.02266756611395
40,39.81046229908936
38,31.46480251135691
28,34.28434806036232
44,35.22095050573005
57,52.624994956216085
67,71.22809238541365
121,109.44947437288836
119,124.44872796534546
119,107.22069791427003
101,127.25492959680611
178,132.83154613716894
188,173.39244572036725
233,193.3537953444423
205,215.67730682043168
232,218.12024828484775
254,246.38826384908057
274,258.81000448116185
269,276.7884463966248
249,256.156438314848
264,235.58087648325144
183,207.86322019253328
118,106.46867424772925
56,65.67415069638972
39,32.335904658273634
28,23.19377893956727
15,19.40970937901013
20,24.731894448716826
36,29.878779601285824
50,57.29557908357762
80,76.99326922293909
155,131.34657817982293
210,143.19455833468928
186,153.56896608035137
196,146.1714971532886
190,169.85323585053547
228,185.65398111651555
250,216.17470704775562
241,226.44469947596653
259,244.20345006117986
281,268.25124606349567
327,290.29253484727656
297,300.4984976512897
310,294.8034014100145
304,310.844970096861
260,248.5384533437595
147,180.09933909657445
96,88.94419876356554
66,58.107191544343394
44,38.76907608777391
17,27.385519470664356
18,30.88255415228714
30,34.68876079354103
60,52.877203307537684
98,89.00755190489997
132,149.04530890451744
158,162.2059348801957
143,144.45712103871105
161,152.38472624533622
225,166.61135988771548
206,225.3455792458126
203,223.9852798208436
224,222.61465583060698
240,236.01573693901776
293,263.06891073648103
342,310.2928366122631
305,309.16313672901265
269,318.3636993820741
324,314.8352121638941
237,291.0431419206913
168,183.92609518297553
140,136.6962821176622
83,83.61874813983054
80,58.31762696853413
76,46.810113154831875
48,49.316107255125075
59,43.022680399827486
51,71.71114768061862
102,90.67756906596654
131,144.7796082475914
248,153.26405018512224
235,178.60875330654548
202,192.31643171527213
216,195.23072738016998
259,214.12189594993598
264,239.78971763631884
261,252.06657238673043
196,260.8871548091988
183,253.10269689573414
220,252.69185389935748
259,258.36418480385606
243,288.49621015985383
331,308.3760153628555
362,303.18939909713816
248,273.590497574394
102,96.34890858475019
50,61.94111469629311
32,38.24149668377827
51,32.76198867747249
54,71.30019137784112
92,118.78586968322126
150,231.34973106442055
197,251.5284047033535
267,284.1756460213292
257,269.3579536014137
192,229.56197453068296
179,190.09133794196197
188,200.63709614232303
172,195.00905791137842
195,203.30256426850474
204,210.54046951300447
285,236.96579766142222
388,339.68564849135845
410,375.24566315970793
352,346.1438430182133
327,299.31525328123223
285,296.0287143582086
229,272.8390911564815
134,181.6403149875094
104,108.72177967679562
62,70.24659951080056
34,48.68095814577596
37,47.69224543887108
69,72.70807912034749
166,107.01262565169945
219,189.30194561881396
233,249.41675833640966
279,294.06405727769396
244,275.4293447913237
197,207.6568026946155
177,188.5520283055809
197,188.0335178846341
200,205.89338626577657
214,223.53362429140083
216,230.43004583790434
257,259.3516028319952
296,341.27134760379073
310,350.3582985929981
285,307.02775267674474
242,275.31143945526696
282,297.3329184816422
246,282.2843571972194
182,212.9373491713982
147,131.74371660796942
96,89.919447566993
49,62.36575541606189
45,46.409722326584465
80,69.89068961795022
115,122.66847961928492
166,183.6128900162372
172,224.6409562612672
228,251.3704345288128
248,247.2510703206997
219,208.08027817930184
201,195.19783941848226
240,216.9364576860155
303,235.62053546745003
260,279.0172345185208
271,253.29643955398066
306,302.4814917626226
376,358.65389880130147
419,383.3171744029696
263,372.318701653214
292,268.44254926496814
258,299.0564274752306
293,278.80395556163353
334,245.86342129202782
275,282.675224355457
205,181.25977687862868
148,137.66784280322597
123,102.5397868445947
99,94.2745219867672
106,109.20805730969276
156,138.1802886775078
122,169.24412532116557
136,164.58772383146749
180,178.7424272310022
171,200.01074667371915
207,198.06866358501975
230,229.6979817553058
224,261.8315404392108
238,240.82972304952298
323,263.09548679346796
343,345.40864111799283
406,364.2116000965659
456,438.55668441686356
444,465.9890715884244
413,394.89901603148155
494,382.3598462069281
669,462.02230857163204
623,566.4401915028852
518,441.8786703338915
405,373.1151516028265
275,283.3840991488234
200,194.26445990656572
147,137.31450961371974
92,122.19311802209126
121,142.05684618613887
135,154.13089609710926
126,190.22067954578583
210,198.69092891821552
232,260.0918344329166
303,281.0248177429627
282,331.19329289063495
276,324.76706406135617
301,306.6561084321604
249,333.97023253338074
288,336.8513641861546
308,357.80755983190795
360,370.7884114342194
361,408.3636915152427
294,395.00529579131523
346,359.5753890231122
449,460.38320600815285
390,442.16806808812265
305,396.036923350656
208,271.00833492251746
159,177.75676113689642
140,161.8405843809683
113,120.54634692115843
100,104.37739393501259
100,125.82933910955184
118,134.5393952438376
122,148.70449571161095
222,180.49098462420054
223,260.5196818181664
252,270.5767687113885
281,291.62907859195326
280,295.7571547993418
293,299.4047627471903
276,292.7943423707578
295,301.76243133421104
313,322.0757422252393
321,329.5660820713718
300,317.78946489958344
290,298.54445890059867
277,299.980932390903
279,286.4362580481359
207,219.71115232319903
105,141.12275939769992
58,65.4117877521638
41,53.03170214474185
31,42.243593513220965
67,61.74353130336513
97,112.21380915297682
153,167.27627714874632
194,233.54730127709365
320,256.0996207664729
248,263.1441246596245
169,222.029056202834
160,173.56070118936296
175,176.677925176782
170,189.24716618719953
196,195.6275163825178
179,204.3042279614287
213,214.6518888171962
285,258.255309567986
241,292.590052552054
205,222.97174469325404
195,197.92770056242702
186,202.87554357131
187,191.68069465127456
109,154.08100389186347
74,88.25179299804071
49,54.713141970456576
27,31.02168519284302
33,34.38445323565321
51,61.938732545890325
84,106.86045857801774
159,186.7875874985977
198,244.5491379306644
294,288.7168395283558
241,270.7209938483862
200,199.23446819683844
161,182.1313115525366
166,185.32629303810023
183,184.18675615950247
184,196.58959802689438
192,204.36817873062154
210,229.03330419244057
294,280.7092079230319
307,322.11321587669624
338,294.9633729889951
379,296.21449715239476
266,326.7633636158763
228,247.8122579805172
161,173.26381027935562
93,122.17747648217075
81,65.58647040533278
42,46.7583870332905
42,44.69533904901218
67,71.0299242035902
99,124.1335846147378
258,175.6862067781977
501,259.95701717259647
658,392.43019642806314
562,429.34655975610707
233,342.65576713622403
167,197.525445421201
204,184.93240407758185
172,207.39038915317906
212,200.16022045370994
235,231.0057243831199
259,261.68095829664577
309,329.76978550930426
325,346.5109944707297
275,307.67066525194997
270,273.7205991146715
337,298.25937157750997
250,300.611394263199
202,201.62745341582453
135,137.21570772245167
69,91.88937839360568
52,52.444795636746846
38,52.15774835381361
52,72.2142673105033
88,115.61558101856404
159,185.52166574810394
206,242.3835582940954
289,269.52918178673104
254,308.9791986150162
175,225.3993810104159
203,189.09398500594813
193,219.43552967855777
198,218.79611491100246
206,229.25370554657798
202,238.4055570382488
248,261.85503949899334
268,330.8407280337875
352,333.36001278484116
316,314.6186232729041
230,295.50730705069697
263,271.4647625893049
262,283.502036656298
228,238.42452864970764
175,195.50569275218493
102,124.81487918736605
62,71.40608035613398
54,62.606468360772844
68,75.46199773431243
109,102.67693188653254
163,178.1144772613788
179,190.79857770773287
248,224.0277638852657
228,234.61828114379782
173,208.3137133029337
189,205.32073639890038
214,209.23370219982775
239,228.1417688774422
259,244.58474590776368
265,260.14893918144895
286,303.13115066717575
402,342.86936436121636
438,419.14184423920744
451,424.03209977559834
377,412.4083706193254
365,385.009420740856
405,424.2384460452901
493,431.45081076514435
385,410.3853611554738
279,305.6735011544438
210,219.46514456715198
137,166.8486704888355
137,128.22552027048138
115,114.85090213957564
144,144.55880556028617
144,162.43277530383148
196,197.68083759010455
249,234.6977261153366
276,266.76567224601973
291,305.8343350958636
338,300.3885330554146
336,331.93892659116557
337,331.6762148341528
367,340.5701981414914
385,366.7673306308333
411,427.43496348822356
461,446.9253375835933
480,461.3249793117316
424,418.64830521761303
448,423.6473215264024
473,479.76778352619397
502,469.66027212852316
404,411.3513159892618
361,290.9763148484386
249,248.4056932913066
141,178.5136178158387
113,127.44595792945499
110,108.12317597345593
104,126.77626472339058
133,139.57124281459352
174,169.01242860087618
212,219.8690501757022
267,250.17649657597525
291,282.0807202814839
336,299.9895281248776
273,322.4797304819275
291,297.8992645722554
305,290.15353681105313
352,317.15000725056683
345,368.3505319157407
310,344.8512976139127
300,302.72275937944784
312,301.25965738472325
319,317.99459306923967
276,307.96632787540756
253,229.4554939353394
129,155.6882681194666
70,70.23952538575281
51,49.10711416746566
57,42.734658157444045
74,67.94943896172008
104,107.29328199874563
176,164.56403295596652
206,229.47456688493205
278,278.58023129720823
247,255.11868618251808
169,212.0250751436023
172,170.57643863193087
166,184.1644630636143
164,177.75277610050858
216,195.02941631832337
215,211.2532677130064
248,235.5027047263102
342,287.33582700293977
367,334.69265007300595
395,298.6803399650437
336,316.26114070301537
253,302.9605439393983
253,221.56304652013904
152,169.99280738596568
67,94.71580631206136
52,51.737369389389805
41,34.1573507158501
28,41.544874525377374
56,56.71939094006188
89,105.97628550172102
175,189.72882181436958
240,245.02140861745778
304,289.6015593724221
275,265.8599586650122
177,204.62404241145848
169,174.7941976549925
172,178.1172348086903
214,185.0219578112297
292,221.83044899357967
218,253.64241150230276
275,251.39273024658826
308,348.63383270396275
357,345.7305669557046
308,356.61536956624076
253,329.4956086991903
277,277.1297255272463
287,275.78045003522084
236,197.1100404373943
139,136.2250993954731
78,85.85131010569556
38,49.46774423271431
41,39.77436282129163
70,65.4217506362845
103,116.52215597726735
186,200.3853142520425
227,259.0785599294216
312,301.645034492311
283,284.3901896619095
213,217.71550126713657
204,185.57596623477147
190,201.36474672209522
195,198.95113045400646
184,227.16383394181426
238,213.51891797439023
260,273.81648780076813
337,324.7016790021126
313,357.19501595005306
265,300.05669170536424
257,252.6659776131287
331,296.4907866875473
349,296.4809438708885
218,267.6311203484405
124,146.52563599089822
58,82.39514099160436
43,48.72916146698344
43,41.88528552108986
77,67.44034094302994
99,103.48177507058928
160,174.82408969028666
208,215.81368296073578
317,283.5250228299033
274,281.6770058908141
219,205.5451650969227
187,205.69115483354952
183,202.73951895296517
196,205.35961863387644
228,214.65859429176354
255,236.41081518624944
248,277.7050825056796
342,312.0716254991429
362,366.7758766685341
298,321.10964563471674
282,278.86469673547435
282,285.0871201469637
353,293.88328504326336
253,265.1164939139309
165,197.45550368234743
98,107.25012447582338
75,66.30434092220584
56,65.35108724203569
69,79.29549589521787
117,106.95764414826712
152,165.7963075827378
189,182.15959236776314
245,217.82962594092066
212,233.79000674078148
220,202.01335732937957
214,211.86866714407117
210,218.52810349344432
209,222.42479359488226
211,233.76546482372365
271,240.5334161821786
305,306.31965164289153
345,370.86402257967035
433,408.3188981844853
438,426.5091365529305
367,394.17417551279283
436,380.1744188123587
557,478.2982721929883
498,543.9104293256788
374,430.9115451964891
288,317.6885390556675
199,229.72012616677128
168,156.69727329468824
130,130.72338324019776
95,111.75964669671916
135,134.65398808721835
151,151.08321032017608
183,179.73638506575344
236,225.16140374579527
308,258.39352842741414
355,311.13016493138645
368,361.45765447671704
340,364.33895913669704
339,342.261196006025
367,350.4368936325476
406,369.2278285536272
501,430.12337621579576
466,489.53643576262465
454,450.36849598397896
452,415.55742454408863
404,456.45302494975095
466,465.1231038834965
457,468.2186850537857
426,399.24411944202933
325,331.52330665041
222,211.72542353576227
163,170.27514168023006
122,129.7945811609799
115,105.04517628857818
138,119.98322420444471
149,142.63489740210903
128,167.39677053586118
225,196.21858781952386
245,264.7732685112367
306,282.6697122128988
318,321.18299529310065
313,307.05590001088626
355,311.3056554064698
327,338.2528077366777
358,333.3550702084171
364,365.3373321206018
360,356.2587668373541
309,322.76045472523185
299,294.81846478667427
406,298.59750580375083
383,386.02672110941097
262,317.5233659014267
158,164.97789485227315
81,84.94612599148267
43,52.9328016854496
41,42.09807333230699
63,67.43571964336716
110,102.42244377394677
170,167.58580494711688
179,219.17654755102504
258,260.1782020413608
238,243.48955940508318
199,196.60012813511037
174,183.8368522209368
184,175.2775575053586
172,183.19567513700764
195,197.8645195749864
204,201.10625106515363
239,226.31954286196915
570,287.35649519974424
312,516.3028517223695
236,279.7994041057123
228,223.37497811144422
203,218.59867210133817
187,203.72932590853816
129,141.24513633801376
75,81.95789159797155
54,51.151575155386766
28,33.42488290767095
30,34.31122090111314
71,53.16427348950853
87,92.59413942777239
174,162.7696339265428
216,215.52610796777796
287,281.70617370702456
226,254.62167085096297
185,194.60179019018415
193,174.5980685572838
154,186.771974728458
179,176.35645561821084
198,192.9269365261825
173,207.79607000355944
209,216.74189717579077
307,298.9802544028476
279,344.1271144552843
256,285.7208803963618
242,269.47998722491957
344,256.0226507428534
511,296.24650752782503
329,260.7301875765177
173,161.47500997886652
92,89.68616975091808
40,46.219751092435025
32,42.446217506839844
42,68.50073570061502
99,99.65264746051845
165,202.1485566125632
192,247.0548331608812
245,293.96062440066726
248,259.48012293927974
182,210.11580033757056
183,182.18905332865967
170,183.78182559431383
200,186.16168737959904
208,207.21206509968758
216,214.00165992699374
236,248.13498923758092
314,311.66273360777205
337,326.81659419537294
292,301.2840124297602
270,264.62853351277687
272,311.76452371867356
286,297.26321569223387
235,241.63784572573368
148,155.51746339648744
72,86.1614654991356
48,48.0005251096571
44,44.9013962915963
69,64.29701128110727
105,101.7626005550276
181,167.64747142655798
215,208.79956615558493
275,267.7812896847265
249,260.63519196522117
209,209.35710985045543
179,192.86642691151735
190,191.18920634117336
207,204.09235820409216
224,223.82493282440782
215,237.44636936990102
242,249.40720227165266
321,320.33240524259037
368,359.4426599066447
340,323.86526149003544
297,302.18979634490074
378,290.40755678765765
349,354.4151418453783
301,295.05603994414184
173,211.66458219856716
113,115.2033516164761
71,74.93924350792342
54,60.69716511884659
94,77.15502954670416
109,112.4669019730519
168,162.21071244560406
209,208.98041939207693
260,256.21006341968314
246,239.32062945880878
224,214.6517945189067
201,210.39032718193258
251,210.03810463468935
264,236.5037244518326
310,259.40954135654687
333,302.5616322280709
341,334.3194420292169
390,392.1663324884328
424,428.9388887483932
391,430.7419645181116
578,368.8210877133041
820,532.2925176827187
803,684.2255744372487
713,630.0063586994125
505,517.8767777636501
292,369.4393946208044
174,223.93861110707815
180,147.0885454807719
127,135.65000762451635
113,107.27288077256242
155,140.31478415314106
165,162.19353130779524
188,200.27593105156228
260,237.3483502794501
294,277.6731565822211
368,311.6411851737473
354,369.1850859094674
392,355.6544120418484
370,373.2786709292194
415,364.12626421363746
422,431.4038932266648
460,461.8486354937463
519,475.58789964800127
442,471.28064912300556
413,437.857751732094
463,432.43514515311296
719,493.3236445698866
839,614.0269099692506
497,575.7934411026306
306,376.43441124279747
240,203.60890490314637
167,182.16759433297568
117,125.67013655060325
122,110.07602187632155
131,121.87506290946092
154,142.07051253297507
162,160.97282784356116
213,219.1372425692479
284,252.01654420919323
358,303.17927183585135
370,357.60037023424104
415,356.0819173652734
347,396.5021602073005
407,336.5386712537994
359,396.0169440472392
362,361.9179067980895
366,361.8407341712876
322,326.29425888269805
303,307.67065556318875
268,312.22273194193724
327,289.49241979459384
295,228.66354920003224
156,186.79958011690002
81,82.7270727335469
55,47.668076219769375
56,44.17119319279885
83,70.71736735930756
102,107.6634214319134
188,167.02757635437737
209,220.486647287456
283,270.8245452545989
241,244.8644931049143
186,196.19103547390426
188,178.6826550136988
214,187.24172160284053
199,203.29756011889975
220,210.87532014714992
223,216.10307743807806
273,242.09299446410597
293,340.25685026776887
295,306.79588138639804
265,268.14896336696063
243,247.5991949363724
253,220.67561810758454
185,220.74572908046693
150,141.66695379958495
70,87.42899902169353
40,50.50786117621016
34,34.8906145216278
34,32.151326777719156
61,62.38793064677415
77,90.76434240347454
169,172.45728397523618
218,223.68222143292527
298,293.6450904720957
340,258.13885799144714
378,245.61130932802885
204,279.80392135780136
228,190.87701866883458
190,213.944858338196
236,207.9283811275498
228,217.51504281639978
298,244.6981157742935
340,336.1330689416789
404,335.00623569893975
289,334.1060341252731
259,269.19913000542317
261,280.5889083361598
245,254.14451862638023
187,182.45753239997268
139,128.59881604165543
76,81.20140843518236
40,43.12293893937484
32,38.95763718513944
64,60.05138521970795
93,94.90801305754121
168,186.11300791186733
197,241.75380690275432
322,285.01572569847724
310,305.95739324156784
214,264.21949306376797
172,201.01663078157299
203,188.00750709813974
244,203.1566012910022
258,235.36728848296323
290,249.85981734389398
265,302.5743857088468
354,332.821099094261
536,380.3092660929948
408,413.2361309218615
324,345.51235196992906
309,311.8077987284483
309,296.9913597401006
234,221.11971028044064
133,147.20125200204362
72,76.40821884598378
63,48.40369022430364
39,48.206903290085634
63,67.67336658521494
106,98.59119006508568
174,170.90194021098335
247,213.15648211066804
340,303.7422612795818
402,298.1493074209338
266,278.40941813663005
245,215.09672954230973
245,218.97449786592676
268,233.47356119713655
354,265.06615672598684
451,328.7685695984901
374,392.68783977599884
311,405.7866048828926
367,363.07391734554164
347,350.37894801447186
267,319.9633214265007
288,296.1373971440269
276,315.09376123525544
238,254.41936081489297
150,148.06739406540802
104,105.38415251453947
60,74.23109681317825
46,47.1527675296004
45,53.100606485983604
59,63.35668614621061
74,89.88104255253096
101,126.37701828883127
146,163.433646404504
140,176.49823749942104
149,158.67077461682646
149,180.7413824274347
179,169.9673983042243
162,179.3172338378522
162,168.73349650414465
195,165.71538753614456
189,200.393611208018
218,214.60160493481368
302,260.78561410916495
330,328.2976658382342
391,353.61016118689594
399,421.8221135324396
322,397.65782311932384
261,309.57437229555916
177,221.53292343321104
163,132.6597728497496
78,99.75352391909828
68,60.44652877449869
58,60.1980907277138
63,69.49637440123827
88,88.04119772484654
124,126.35398229928794
169,170.39686423627643
167,194.05078575016412
141,175.65486263546708
146,154.72859887642684
145,170.40865294859057
135,170.75028606541957
155,158.2715435717769
147,174.3678991981739
153,176.8195469604527
235,202.1990532532059
252,296.44907033193573
263,317.09959069519044
252,348.7775381326615
345,344.3952906763335
371,420.5983859956545
377,383.15503053735716
325,329.19859755904326
267,252.6823575145642
171,156.0492566940888
112,135.56138025918793
89,112.11218128440271
81,85.37330537234541
96,104.90061091970962
105,127.57521598137473
124,164.48077201912048
145,176.37849430982808
163,161.5854263329689
145,185.6580066775782
175,174.35138505247886
178,179.50361994894956
189,181.891233075294
167,184.99948061182639
200,189.77418316600958
206,234.79269320350517
296,278.8531025030155
291,352.19165997027955
266,364.3449348602033
294,386.6253407146467
425,391.11133236356704
518,493.60122991887624
506,475.28438143862815
518,458.02211762861737
422,420.13046168610913
297,333.78190649211325
168,175.99843199282148
78,117.98514938131878
87,90.51022342831767
80,95.58690172753755
78,109.93982416888574
121,106.74215749914059
140,150.24381542793947
172,152.85080847941626
156,183.12214074954758
168,174.90620545342506
174,187.24594964995933
149,187.60905956875993
226,180.81834453966766
242,233.9377021870584
282,308.17368911833904
280,355.4721045549166
309,312.1260177892974
268,303.4503035054392
373,293.1176158038576
454,451.877966825031
513,641.4358916389284
592,661.1955959508678
536,618.0885817390933
383,446.9719994145022
232,276.3017426160133
108,124.5673665335368
55,87.26194555635355
78,81.14288299320162
72,99.63789674608823
107,131.15702810342415
158,170.97679914126348
195,208.87280216449253
226,231.0469163300541
254,252.4352027496785
230,266.4732794149625
234,260.0774629992302
250,288.6631630013839
262,305.1172786959293
333,345.0995399541032
311,391.4274617664642
302,375.36513425392235
341,352.6842553515149
474,436.1828121746025
461,599.2113493871791
573,570.2192594588611
677,674.0721883991506
585,622.3918109271534
485,421.88393379992453
286,291.2051372355633
111,138.24835839779982
68,89.53262718029683
85,81.64566749508002
89,101.89034732823343
121,137.70248206984945
158,155.67086631891559
219,202.8011809960276
257,238.6958555975167
216,257.36416142969006
220,223.521115438111
222,222.8943224547211
185,232.96547916450564
221,218.6472550406408
239,261.57222393727193
223,255.2004167970045
236,246.02467380897497
280,248.14554620266696
252,288.8979114796079
226,242.9064092376398
167,166.54275422805048
138,109.36966380712475
89,95.3890910047594
100,78.04412910507084
67,85.38849699648965
66,79.07832124769615
89,86.98538024730352
115,115.40974704646918
168,153.73552270316821
145,172.78793344589258
109,143.46509285263755
117,145.94522541362264
142,147.50164729054652
131,165.46393886327846
122,159.56376132121088
145,143.35678797502564
139,158.88529878344428
162,167.58376851460483
161,202.44408164425406
201,193.70837863973665
183,225.73803166698062
204,223.86302248141482
213,233.78897757073452
162,199.81767324521334
134,129.06219410135938
79,93.25142562922196
45,61.3834973198561
22,45.18381268798806
40,49.1000948924139
59,60.64061764244356
84,86.09698308097006
106,125.30252388365716
166,164.1852971624491
153,168.47713535174975
151,139.40151953957042
157,147.2609447909525
152,164.2202667743307
162,156.03010469818756
160,159.11719531177098
155,162.31872641419983
158,171.59358166190754
193,199.86308192426503
228,236.46736979347196
388,268.205292269126
389,401.4089405383633
335,410.7762682177806
315,356.9451206617763
320,276.6245301107704
203,221.18833521776415
118,151.3848023094989
80,72.63993020506977
49,59.087956278237066
42,56.07027389410881
53,64.1071540852732
96,85.54205420164736
123,127.79096294439451
184,164.85858184168308
180,183.2590251805575
147,174.52150880581556
146,161.29585506271923
162,159.0101682631811
151,174.2531654735904
178,164.41271217013391
153,176.1222023486376
161,167.24161009103358
204,207.9239908078626
249,255.1970194661643
316,309.57798230676525
410,370.78727143590663
511,466.0514908098547
465,489.22623530335125
462,416.97943117498284
334,332.54100721115105
236,227.20304319979758
115,163.7368718955322
102,106.96540867566733
93,96.40593983801331
64,82.91089264594758
85,97.03403569765983
140,114.89068542242704
186,168.27538912950754
166,182.65592291788693
162,165.95615427991675
134,169.14565418769484
169,167.71334073198153
154,177.55045722696542
155,182.4388881384877
153,167.2461932790766
177,183.8170825875256
196,214.66424535630952
243,260.6404882593137
309,331.61140665700555
336,397.8351263434693
427,441.0436250263398
509,504.0714350919215
647,530.7041783987955
513,606.7417068761212
449,463.7670083237287
270,326.90018483517173
205,227.77306909212348
136,145.3535331184972
87,90.1239327322868
76,94.48017674432316
130,107.0095491404042
171,145.35799020448417
152,164.483636958083
165,159.9295330701128
178,171.90240029909106
184,176.89757473375508
197,184.61693111442287
208,200.9571146534891
214,186.9041665703483
220,221.97340351576605
268,247.31038894585106
340,312.19839152577873
391,387.11440085647405
415,406.5416821745475
512,488.9755725015225
686,576.1501736102657
899,798.646315521419
840,865.4532645363179
1051,879.188244069796
956,767.1897224326025
601,617.7339414008608
308,315.7262818021411
124,124.2967469353927
90,84.3151365002323
89,87.55694559069399
102,101.25714988987488
155,146.99623739235338
197,187.55216242403475
226,236.42116809342798
257,249.15340883788477
283,267.7187417791309
287,277.485773863597
327,291.0030751152069
348,321.95097725182217
351,353.7457748784014
416,399.47413604208674
498,454.1487803333303
487,483.9974757482523
551,560.1639076294651
659,639.1968208892957
834,776.8939317926227
889,829.3958615862632
1076,974.1159568503796
909,872.4566447698121
663,652.1581353660167
367,317.7159092353016
124,153.00849849535464
94,95.732309401868
88,94.62532013115538
117,111.27452239660471
161,153.47607355855897
181,192.98629192613316
231,215.57697840682397
233,247.31397059733922
249,242.54824917135517
216,246.50530101301575
249,226.96942939010657
238,251.1897961270448
247,252.69394094053874
283,262.04685279412604
280,277.29925285455744
285,279.3875774179755
296,289.0515759374135
313,302.9030278100377
286,274.96408026934813
197,207.6598902664752
189,136.32074718776948
95,112.65690486354781
94,91.07289767624471
78,80.47699092855868
93,82.77245664589077
92,102.05156713623646
120,122.10865109550042
155,163.18248246289534
174,168.72395611360696
134,157.00221706398273
144,153.55112566161415
167,159.75458002442417
141,171.38832871819437
165,161.3639947677941
159,163.88032666647857
175,164.05700056138042
309,188.1526632650054
320,284.37035742137454
380,293.5770105970405
327,348.1504826723017
263,308.73269013029
230,256.85421096351234
179,185.9488499007307
127,141.6992874197223
92,85.2563096341868
53,60.209989013258216
33,38.67869199384311
51,48.43455534683193
62,60.67774059530482
91,85.89815149429026
131,119.33147560360048
178,169.19644471009417
165,172.569052830153
157,151.85361880660116
147,154.26687970606142
177,162.59676864649802
165,171.00917878275771
151,168.0351278861244
180,163.95020608576323
189,186.64679030499192
201,234.5501402809147
264,272.53264463742283
245,327.6907348552893
317,344.5418651176469
424,379.99629770243513
388,391.376144011417
343,308.9314855119379
211,210.0957463831226
161,138.094435814136
79,94.14267929618309
56,57.15494794931201
61,56.054045074453555
65,64.68148881785787
93,93.55240439709523
154,127.24342465219434
206,188.00063571117954
219,200.3810136724138
176,178.11318213918582
178,160.8628637515123
168,176.6355855055226
174,167.38918158816838
186,175.9930796019144
203,176.6133628594008
192,197.50917285805798
228,224.16859650644685
287,274.64037919758283
317,320.6827686570498
379,369.48242986716286
421,457.58106776278265
454,467.4602578125489
439,436.9392874497914
296,327.21275773276335
227,233.029818899244
146,152.62082498865126
103,109.72535487339913
82,94.83569919606919
77,78.21987556704087
88,104.20130148619614
144,131.1266892301085
190,180.4016241472789
221,185.1503208268939
177,188.78218133797688
192,170.50847571763217
199,187.06462743593886
190,189.69922329250366
170,188.3336914631746
203,173.0560258585406
198,208.64674725635365
237,223.11277849821772
305,299.013817911581
356,336.4199556022347
406,374.4099189860234
565,448.4762198342035
558,545.0302730470396
612,604.0095326898736
543,573.3781641193425
408,470.3504897737972
313,307.1247528968366
208,238.59692597491363
122,139.88078145325122
108,92.49848064851543
108,97.88555899435268
142,125.57458428161242
188,169.3380934393425
185,173.36858274130543
175,175.54138140120426
206,188.85793861639087
203,206.3276588302299
203,206.74539359796574
212,203.84861458928933
221,209.50691081695962
211,235.2308553877136
287,247.3040089417938
323,347.35276772493995
368,378.9029240950845
389,406.6587212560215
482,465.1081272033404
668,616.1899100370204
850,732.5711052987787
931,802.7837403611527
1085,830.8915473176592
853,874.0651872261475
607,501.92947152489893
317,325.4369784902424
134,126.97202147444908
87,90.67569741521719
98,93.2926474551902
118,111.41908052202753
126,148.75005507361456
196,179.8528689477079
232,228.00728043188053
262,252.77091415040366
255,277.8759944791991
290,268.77531093553944
338,298.3789153022036
336,361.01268676993413
440,368.9768436065831
434,461.35706342833583
478,454.76329534490753
490,466.2917508660317
585,534.9149958046579
731,669.5308771533896
859,802.9351812038607
984,891.0018678563146
1066,1089.4192736671168
930,867.4338704133891
631,672.2385151933269
338,346.00083615835155
168,145.4557538489292
99,115.58623466310885
95,101.25835084024312
115,110.2599934357553
140,140.45784524128817
192,177.3536064238727
254,221.16186795889686
286,253.23709445749824
271,274.7634019073635
263,259.36345023303255
288,252.5395438038671
376,270.7019449332582
300,361.42300850421134
345,312.3073185836424
295,315.2857183861109
282,286.56725692790627
330,294.70897378996705
255,330.2279323971244
291,243.09785292740892
176,226.25997575959715
147,133.17251208723803
95,112.00890735471353
97,95.89764874160007
69,83.8829585406837
82,83.05725735170294
101,100.4261007285274
111,127.4722662545913
161,158.01617687370742
179,161.84991076593013
147,148.35856267017093
149,142.75389475300938
141,154.5107742532081
142,144.14931239053612
153,156.6169828414767
152,156.51584185830518
177,163.7297736592872
198,197.6595796131216
205,236.91371502621058
200,218.38085381680511
214,211.64370508357752
243,227.613411346297
248,241.47093092121355
186,198.30444745603407
136,135.3007628736299
97,91.29973712028897
55,61.55612925891372
31,38.298744026404385
47,46.639681534316736
51,63.2089310562628
89,82.90212504707412
124,112.38850986601958
179,164.45614020347213
185,174.2269875111871
170,157.9896574538444
149,157.41665084871218
146,157.3036290964766
140,155.73095197054354
133,154.25013204216862
166,153.5482190482996
140,183.16303863920507
169,192.8993447159938
235,231.77502252938294
270,267.73653089003943
314,334.42626558321024
477,373.7461083632834
377,423.0358984697875
353,315.3554050920057
230,215.17669115418698
149,151.6921542348757
97,86.11159604475452
69,65.15058173329896
49,59.59580937219252
83,60.187238384950135
88,99.80953175054935
131,130.81992602678142
190,185.74864147630998
219,194.90635278397843
161,182.89956314350243
149,160.37067229515668
148,156.17135358227773
154,152.29947320448883
153,166.67792295096038
178,163.54965536420028
174,175.44967530233467
212,209.57096305650796
207,268.0313210975019
275,277.7224946473347
343,339.75968317198726
500,419.2274260343113
472,478.5597231375378
484,428.64358938237507
362,351.8996867601591
226,243.61934196798134
106,144.15510432072946
127,95.51965930722959
90,89.66255078745358
90,80.22755821842624
98,99.13774112588709
141,134.96795074001034
169,184.98943008121125
212,189.94577546504837
164,179.1049168711951
170,161.90318205116102
171,172.6537780579366
170,175.11349943381015
184,172.85936363866836
199,187.0112488059851
178,201.24240358974683
222,217.51217291646233
281,267.7988936458348
332,330.470693848031
390,384.11818883209355
522,472.4245336101717
578,547.3487675209321
619,611.8445365207962
626,544.179813409185
494,497.73394216307327
362,359.4202456867676
216,235.95747274069586
142,137.42973403929435
113,97.22564650837923
97,102.25902885058308
121,126.87177295996884
154,190.99909732995715
198,176.20075840735566
170,182.08784595696235
201,179.99223252574816
218,195.0469636587399
239,205.11873275515575
220,225.8269252156008
255,220.97650525320847
294,242.69184265953635
305,310.69068810240253
370,358.46344321706016
392,402.34927354446444
395,421.8914873940381
531,481.87494524659394
719,705.6667617108149
853,854.9692719228964
959,921.1569738430909
1055,1009.6758023524842
1022,976.6876759101492
695,668.9609995725225
373,337.09036033726454
122,139.62314950905295
88,94.31097135954603
88,92.99617640743534
123,103.50155473990229
156,149.51603493087433
197,186.49715814063168
228,220.8207888565528
257,253.1748182152391
275,271.690475690934
279,290.2340073957693
336,302.8056735380054
313,354.48917368883315
344,354.1210667628375
393,414.20581847536215
448,458.0784943434323
433,487.06722529704126
508,513.5535100023026
669,617.206478853584
791,773.6377544255405
866,918.437210338751
1072,941.0050655987028
952,979.2530247011698
703,696.918858610694
371,341.08666597615286
169,160.68502875918838
87,115.0305937878619
89,93.63216378661491
101,109.7416938419636
141,142.53070207445833
187,179.5783964692042
281,223.9642600802558
250,279.9504543263663
322,258.75732483245173
245,296.2224595093892
271,256.9243321966554
296,274.8850407210749
319,300.3585647690255
303,323.1338260182532
302,296.1512457553352
233,296.53581174679255
376,264.4455899641065
290,341.3924304021339
266,254.39017742124557
200,194.39656271606466
142,138.7440160500115
125,87.81136834914791
101,102.53382405583353
76,79.17142990930144
93,84.310673846646
81,107.39496003368833
120,118.82312221469655
156,161.932855553825
163,164.90432190296747
168,143.75925721766671
170,157.58010532612153
157,158.33312790279362
164,154.15309873785532
183,162.399589961521
190,174.70794779990692
197,190.39218187548462
202,222.4304945610355
215,228.94093265839834
272,218.4055808936184
264,276.37403404821004
263,263.0188975681095
270,255.6277418575111
208,214.1269105489443
156,141.0928585652861
114,98.67683787878781
52,66.45789629605184
51,35.72824266404979
43,50.327463856777136
63,59.5940172716964
86,89.40174329840495
110,122.54185461950118
216,167.4341999010462
446,187.01550108785352
333,262.93484375334066
257,238.36941064875234
201,204.17428991168848
178,181.25247929366546
211,170.57255580534272
195,193.95868867018052
219,186.6062454687626
246,220.2262845954105
280,265.3454396554985
300,296.2513058904834
375,346.6973641075964
465,420.3179785208147
415,419.59532311069114
336,346.78216998506434
233,223.22645496465634
157,142.48061066740814
76,95.7278856996022
41,59.95121885840227
52,50.69359532023452
53,65.71219759659222
94,88.69077926207876
123,129.442043505764
160,192.10919098415403
200,223.68432351227605
169,201.88395252886622
178,179.03618629423715
165,174.61716962528436
190,168.54016995065084
184,191.31789862719882
181,191.84315038465567
188,192.67403210719593
227,225.72988093550794
338,269.1645495467463
292,348.1990658769936
363,371.15841283488595
492,452.5327080994268
442,488.9476859129529
449,423.5723737897286
368,350.04515641639136
235,241.47787886996827
141,141.77366958332036
105,102.95225606263492
70,84.44630785534669
77,75.81310667702137
104,95.94302291059549
126,140.10154771810687
243,173.81762740659877
495,221.0282466289645
362,303.28611055702083
273,273.7836132069648
268,224.32442791296504
245,230.8864769085141
211,224.3726070524942
194,200.50388709303382
187,202.60528913415297
222,228.27912159934536
246,297.397377107629
284,312.03614305456813
340,371.7522892412883
432,478.69987616939466
572,531.4667803803623
512,600.5635806701026
340,333.698416643887
226,189.84581535476732
99,129.3186002528418
69,63.571335587165954
43,47.249259298860096
50,51.99562218937776
52,80.15026862501661
86,124.29040014859223
130,211.92945250991488
227,202.18809081452406
227,288.9983815341861
308,326.1874282355267
292,363.998062846755
367,363.465880818102
360,456.04051278249506
420,447.9894517177684
486,558.9124797003221
686,656.6659309430905
641,697.8830617897349
780,687.487516600507
838,906.6041265686869
857,928.2724232769259
684,680.5341787998498
482,540.8918709491215
363,351.27438676194845
244,238.1366356175713
137,154.112958896148
83,81.49928915726927
39,61.225176687396164
41,59.92167265825802
76,74.6358154500021
101,147.70191394595108
141,194.1682874784426
166,206.51106715680493
204,220.074519351361
299,307.26860574119604
309,358.2759169641665
306,402.50364017781374
372,386.2356327011857
389,447.12937830322807
485,506.5339764178581
542,648.5615934545808
496,601.8644209780293
511,618.537037443225
600,698.3988640292745
651,739.2222416918212
591,643.2028163190577
525,506.33645756968997
362,374.97803517446897
211,246.3380180160273
116,137.60626316641265
74,81.29235279553596
38,62.46942971107526
32,55.349263686817274
55,82.36319950496011
76,121.6565958565838
97,170.79433280090015
120,190.1178625950702
178,174.6906831511925
210,259.9101825333835
265,300.53248659572495
312,350.42201307006565
309,400.5070858199829
355,382.84812480557594
379,500.1363064835982
393,478.9762837285096
404,440.3849689504208
356,476.4511361424476
298,464.53854593593263
326,390.8667090150053
295,389.4225563511576
279,252.14314396042212
152,245.8686831624696
102,134.59493376809303
48,85.36740541186686
34,46.40846033053361
19,42.77811146626158
22,43.416136212578586
27,51.83969758796869
50,52.01887585063141
66,91.30602051332411
68,83.268841065977
122,65.4732948127729
166,112.5367383248156
165,175.5373276789752
189,198.904949621449
204,212.26568756200058
205,261.8798841966782
230,244.3004647670305
245,266.76270409147236
223,278.2680751337379
209,234.7376246737635
164,188.55702626105463
132,196.88606355425236
162,192.39757115322155
138,157.42241789713708
83,129.83468797555395
61,68.12100505851393
35,49.9104069287445
23,39.482370664917575
18,23.900744094635613
20,27.849229799910344
31,39.44028069101324
40,50.64807111055982
55,75.4294552295409
95,91.96586782531604
152,145.57046903819798
205,199.76766519579633
201,236.76163274789025
225,238.4240310469297
328,256.91695792997524
275,318.34876762018246
323,303.718120844564
337,343.6181966964512
317,341.2086362761649
335,310.3289361297645
254,291.4762925924816
263,256.2006136399295
246,278.7654944282452
229,230.0700710561877
134,159.3360998778349
68,81.61282181960144
56,47.969178768349984
37,40.403201229771014
32,31.84838609765949
45,30.77334192997096
37,48.21706584615951
51,54.894131932248484
72,76.4034240585347
123,94.15780022989517
147,149.27550191022763
228,191.09664845449205
264,245.18747619052556
265,263.72495621672874
240,270.4691076327675
278,245.91531221406944
310,278.92997873283304
328,310.9837827135242
300,299.7202666146515
307,277.48252452975487
215,277.19768604290635
237,226.75558233558922
167,220.16135560983165
168,147.41724997517613
87,102.94482172331399
54,46.09041066710869
30,31.877605852479817
25,20.389070712271625
16,29.093248514505987
31,35.71963194399343
56,64.70612564291739
85,102.33585083707875
146,152.42773329268167
151,194.2520462153886
145,205.77700310310217
242,200.47990263488347
267,281.5341717247826
288,317.16054519956316
334,336.80650408847504
353,382.5021430622526
368,430.1457656813763
478,511.9894885112784
505,514.2447922789358
624,556.9528587654524
764,796.6567544201331
808,783.2110261632959
587,579.5299985652848
501,443.55093010445205
344,326.2407754196661
222,206.6276870748405
145,126.84604867102846
82,81.24938691740894
42,51.45728011172516
39,51.60717670342746
58,64.88212765688999
100,128.47684643744486
182,174.24727129009983
214,213.95358130686535
258,240.6179033711857
354,303.36867812391426
347,365.7567690025891
391,370.1779507351824
434,422.5874870326281
490,456.85347394306893
491,513.460466206192
689,645.6493637738405
691,672.3598272648705
893,762.1747380919224
1092,961.1068836104084
958,1047.8989770366506
769,776.612219371155
663,531.226502131426
460,461.3716776036139
280,283.48528240906177
161,172.05494122562945
83,97.15051834637033
71,56.49426383278055
47,58.31157788705186
79,82.97279036866966
143,159.38502041969215
259,188.2936579904816
229,256.945598438787
287,265.6434519217089
351,349.16849922485073
378,377.40148698435013
461,452.57952128905487
418,517.8336582692395
448,498.84648053158537
550,531.1631570702866
634,652.766045836816
603,677.0506162176413
702,709.2837509319489
890,789.1468251778374
948,919.1784936933226
741,722.1388469198291
615,601.093390861433
478,484.51201129027606
253,296.536542508864
199,151.78423981627157
102,116.93119104335166
58,62.223179391562255
52,54.71971850693096
76,77.56471622484297
119,130.73950027077873
213,182.17317470110802
243,227.1200836902591
235,262.2718633473979
369,299.53458859718586
370,378.96452539130655
444,426.3732487471086
397,442.55909038858175
481,428.57898455373487
572,547.3991535614733
577,604.02554835282
570,558.0610455972359
632,555.1714107644707
805,668.0354318661743
930,723.583306851264
752,680.0723893594807
601,463.1274081365129
459,305.70146006649526
371,241.3909485963451
158,170.79626358233716
110,81.46170583077259
76,58.392696404128706
61,47.01549855639936
78,70.5948644679777
98,92.29984816178492
145,139.50792130644888
178,200.58769309323574
227,223.5986606716654
253,281.42790047094377
343,269.39060230018407
323,351.08766747549106
386,332.2364752003695
408,360.7890941102878
422,425.4432701632885
432,448.1710184096179
457,434.2323746681914
461,451.1636193209581
430,459.1103713728751
506,439.82676458573997
441,520.0346599663527
329,270.74980828232145
202,199.0529573936992
139,115.21452578556064
83,66.61393643800854
48,49.07850057747213
58,30.717375352114292
34,37.54516623230307
33,41.08484773004176
53,52.00669922424359
74,74.71587524953529
132,124.52877187654516
165,187.93549818077017
257,220.2647888689794
275,279.2139889025657
254,279.346071231665
267,288.1558321947501
331,293.8903901046858
366,357.2517890434193
409,390.7104906437859
411,385.0672710432006
392,371.7365478128325
307,328.3814884532633
346,313.4100982576399
374,354.7618160569358
304,320.1792702448505
202,198.3856248051828
116,127.94768450040813
80,66.36075212890522
55,45.24713067275462
41,42.23961597469595
36,39.86675022235204
43,41.67676256044633
57,56.78187488972423
77,87.18385988731323
138,136.39901121820816
173,187.55446426334848
255,220.4602704262035
287,259.70431108342046
263,275.9223365948062
270,265.51308048258545
231,268.0714350068394
322,265.3686772018675
308,324.9384289198962
324,301.1847578206442
292,290.61707186644287
262,262.2554923401561
246,257.04605028109313
239,223.4361926897264
191,186.92167692675835
157,111.2804149713365
97,79.18059828515719
43,49.9969364975074
34,26.9415147706653
36,28.027211551640235
46,36.46101387100088
62,68.7374190403241
93,105.11202905748053
173,161.76298558685227
210,191.15910612452848
226,239.09837528508942
316,269.5695707685758
299,345.1365201798717
340,312.9802196523511
360,396.23396323951914
383,393.4701302092977
502,432.4900331891421
834,596.1597946972618
878,712.4890854423032
1272,820.2866981818396
1128,951.2229751787725
1070,910.2046194872714
691,704.4061284250178
486,503.6316193062487
362,341.77530544023233
256,234.0408993982552
151,152.6689447104616
99,88.9207368937452
57,62.59041864545902
50,49.94436680850978
69,68.52010768578263
126,121.64059926662468
208,206.35853347634006
232,237.79292448255174
295,266.53378328010245
339,356.4661684543108
376,367.1959544564103
392,405.0694253560981
422,418.38322928730753
459,458.7707716937575
604,536.2485932090186
677,769.688258474223
646,744.2876972213782
718,842.7784807301451
915,932.6798803968227
1039,1007.6222117478746
801,737.6440513080206
583,628.742775987417
436,431.1838989039246
357,286.72185213652403
185,202.90565012697044
103,106.30980287624654
68,68.23634663201761
56,58.15742595258628
80,86.52893571488613
168,141.97887995234947
262,242.20276481181057
287,263.8201993987736
314,309.7860053268122
413,372.9820495466564
396,438.26944373002164
480,426.60497361467
549,504.1905277789111
536,541.3768906734193
612,624.5093843895875
726,695.8125294350443
705,674.2126209773578
738,727.642085737638
894,897.1939273553927
980,960.4713211550463
792,710.6221634542719
579,612.1109615837644
387,447.1100262546393
269,273.1317750806003
191,180.5746098065185
101,113.72787742372927
71,70.69903740878259
67,54.12183503759539
101,84.34511778058491
167,148.9890777679327
259,214.21411187837288
292,285.48407469834893
298,302.7040509042765
393,356.27121734807264
456,397.84993106674915
503,480.9723408470778
561,498.5554625200788
595,550.9613233083043
635,606.5952637602056
719,664.6448069268506
724,658.6050478184484
697,704.2776954492754
740,775.4613753754594
843,840.1065010005908
684,761.2073652266893
541,543.6507160548786
399,392.87775417415605
256,250.42779639929077
174,154.171241606242
90,89.56024863033007
70,64.55257676779672
69,57.00059003600828
83,72.52386718836334
113,100.35425457220745
175,162.88892035563902
231,198.69652289496548
232,246.02378688407424
292,264.10709536418995
387,328.6587920831593
344,383.37833978854525
395,374.69939401390855
402,405.70002064686355
413,429.04067580055346
457,458.1005189873433
464,451.17122131135375
482,414.2046533054318
457,411.01294961671715
492,395.1610239615208
451,428.094371451705
333,312.5334016390021
238,229.7218716596915
112,126.01291519041968
78,62.36743417520678
52,49.86848732013457
43,38.22778179692387
29,33.716483129787306
44,37.75815103406319
56,54.81791191805213
99,75.42067962308879
138,133.6162526020479
216,190.22530498237845
243,252.32791268285607
307,264.50875827827815
301,298.5222025231149
249,311.267578454322
295,288.81023647995244
358,338.2410044714994
418,394.1971774976781
432,417.0703478062988
363,390.24760100412175
296,323.6119321024169
317,315.688371816554
435,330.4217672029402
314,336.1870894614304
227,205.52631787652282
135,133.82836381523217
70,72.05155436141098
43,44.30119419148975
55,36.71896720093335
41,42.126646795092185
47,42.34314547390079
67,59.814005660198724
97,92.6307510365182
155,142.06386520010741
220,199.11006945003444
250,248.5768022852124
299,272.64993702574753
322,286.4052014845416
294,295.778460403893
330,282.3845683179641
341,325.86972585499745
342,339.05248342896266
359,323.50573772031333
289,307.6887260854416
255,261.6619748249894
268,242.82516408776826
188,244.4948823424311
216,164.32223223145263
113,134.3816324034621
60,63.48624841039794
42,38.63262727579436
25,25.739401581205883
28,27.290225004089386
32,39.131709179762595
67,65.19586429441894
101,95.34448092987735
205,163.28144501246305
207,212.71447930027088
245,224.44358962576476
278,282.35203110965193
347,305.8701801512951
329,375.6068192069115
367,363.30162343959904
392,395.9882886403746
460,449.60719264082843
579,590.4334476416088
556,629.3341185746713
661,560.6618333378669
775,797.4513870048254
837,823.4788252832202
686,564.2080591839432
497,515.8871322367489
320,325.2049616005358
225,204.61291964872842
132,134.34792078570038
83,82.76263116718309
57,56.813575317075
52,51.01812175582348
63,72.18568245003668
106,104.13624098134348
198,183.7925393861023
210,235.47293110186087
231,258.2372445227873
334,299.84642110555603
345,370.31083911356126
372,379.265249158536
469,419.0150101924985
471,491.0936946041031
526,543.1139020297453
664,681.7611830740439
582,674.6748068330708
711,710.1216789340017
923,903.2441751950282
965,984.2042502691289
698,785.5875508242733
529,547.4479131784825
430,382.7655215132473
299,303.4241537420293
163,183.89201036661706
95,105.84057138957905
54,72.39428859465332
53,52.571631150036104
68,80.13138696008976
140,125.72183620273908
230,205.75467028131726
252,258.7283566421754
254,277.6994381220728
353,324.6391415532719
374,387.3367023895188
399,424.0464964651106
456,452.50344108375094
445,496.01882238605253
563,534.1103177071312
667,673.3655252188827
604,640.3721532758902
671,707.927018938729
906,800.5025027889628
1007,922.8226104862129
669,793.019109351356
556,542.5296968631876
452,430.87550708869577
294,282.01773597083405
159,187.28098783168366
113,108.07508863110648
72,79.31016458754083
55,53.623117954392505
91,82.18241303315664
119,151.8979303363737
220,227.29138416084174
239,269.3475783722723
298,263.29175710301854
341,372.77577315549087
395,380.54733240717377
437,443.3281301172928
499,481.7068946263142
499,497.5031800194402
564,548.5399107760473
596,623.3300882371143
569,580.9613759022785
662,624.4174631189775
792,736.8892206240308
852,882.6995426352362
732,718.0643874793157
540,544.6895799699957
428,424.7216570650362
293,268.36212291111053
186,193.8271047296063
120,113.82585611799392
74,80.75482788889583
85,60.653429172398546
73,82.61853423941459
86,102.96693332111793
175,169.448491062882
183,223.46942510159076
245,236.0509482891321
372,285.9095480672119
418,406.18009593628784
481,414.812590954008
453,485.2453833459066
598,463.383650254061
482,578.5605549578638
455,530.9346716132012
483,485.0297913600408
484,486.41957958846643
518,474.60946709830904
523,516.6478710236624
452,503.77459751900386
322,333.98404940329203
235,236.54596404269037
127,132.3226623518321
90,79.27904812360728
61,56.66473560044127
47,46.49450940844854
40,33.971258433276766
38,41.82599081771158
67,49.58340808157792
86,87.10710220563712
122,128.56191679978267
178,177.56276364379437
252,231.712499916271
261,281.1358387614501
299,291.06913002675634
284,311.37513927922237
312,304.0702097808258
331,351.7385237212557
349,380.52000065028716
393,382.41277639692987
387,382.30167535547434
321,331.6428664086841
329,327.62552076670073
344,361.1671620640779
286,302.7766892509849
221,208.00777698568712
135,134.45914321219337
67,76.86017924345055
47,48.171228269630376
53,42.59110490339115
57,42.32790424165137
59,50.383304556124045
68,64.24637758673556
96,86.20454732096528
145,134.00514440829235
200,184.51780395089497
266,232.23766927817243
305,285.7060599597335
347,296.1087361819074
277,323.401288222106
307,279.2678190877522
327,316.34306318739004
315,330.6642282590138
319,309.93389645021875
302,291.93969805395164
268,266.8392706228504
275,257.8809055938187
210,248.43818330051812
190,182.61951083211594
130,121.60722928351389
66,72.95456734186358
45,40.98047058850524
42,28.765667262974624
42,34.314976210998495
55,41.8334688457413
70,70.24904082284188
98,102.01632941843813
187,162.51123074421452
178,206.28350277194977
252,199.08482980251307
302,284.7331187989058
323,332.1352921323689
399,355.8592841529432
436,418.470853501086
443,451.4803624784401
453,504.56374497322184
547,542.1070690710249
565,565.1563677199637
581,654.9602947363312
873,771.2140904040368
758,919.0099785860856
614,586.6079414005254
477,447.53243605278817
332,325.12010591647294
192,228.0538680726029
137,119.83376069973608
73,86.45638094302555
63,55.74966197982511
47,55.79971624382951
72,70.14750525410987
138,114.66065445228512
230,205.95010351676285
303,240.94057468670317
268,307.8314081132482
392,332.96219333679915
406,391.9685052808814
526,429.8841500367898
529,538.1138719002123
557,547.7337902079619
661,595.029753273424
748,707.1598228423971
726,689.8828904563177
698,761.753939198859
963,933.9242701621022
1061,963.848241747875
736,787.1374594276596
588,562.3334673865052
352,425.1525451320482
244,246.1060881095793
163,163.13644607045103
89,106.82373249871794
62,69.09897165015005
62,59.40137385994323
76,85.08003286815322
146,146.99584981116178
242,228.2377746922275
270,280.02543565871014
280,294.5627086247676
399,359.47593827631243
467,426.6115652484291
490,492.3095682493492
487,523.2916918195607
587,515.2466718527354
583,664.7922774870219
728,727.4952113458468
873,716.0142922059454
969,756.6188049716247
1028,1002.6824468666065
1115,1015.7395885034297
711,774.860754283067
567,588.4000216589551
410,418.0599232506947
245,274.6256400217945
175,169.26190679639063
112,111.87912847234105
52,75.49101875886471
65,58.97119327894565
79,91.51225994251016
144,135.06910582049323
249,222.61132648064367
318,274.0198480135764
335,310.8952093753232
419,391.0000090601858
445,444.5220391070568
542,488.32380867256575
623,550.7461047854711
806,622.7267845931708
690,722.8057635647468
762,717.538826692196
679,690.719589924901
698,721.2670525808035
794,782.1303380721466
899,847.4700634766702
659,685.9873767603842
508,552.3825234197211
194,194.0344992656437
125,113.75189703689547
55,73.79261711965891
39,40.311295668654175
58,38.84221859591481
40,58.02911538949101
83,95.13810399605242
92,147.02904991367018
172,195.52014129989902
200,215.99308569690638
177,225.66524174224864
190,223.34444507258993
202,240.32584449336596
206,239.27000199151783
219,252.86243189754805
242,266.0685685262691
322,307.6862059669604
465,456.6797523219828
442,504.4800135944794
449,442.4879966545488
633,657.9993471356801
545,558.6542089594884
376,421.9369994551309
289,296.92312846293925
189,204.11206837042226
101,112.2278545872892
65,64.97209642266446
40,45.72809334866936
38,45.3829793325208
60,58.34273916354939
106,105.10750647813595
117,146.05241928010662
186,200.15916155509962
152,209.2357762803572
181,192.590654807
199,213.86211984851508
232,233.89439756452865
210,254.5395646992064
209,251.13660045277666
223,245.85481837461256
253,303.82610317723424
354,382.62329866262166
346,422.544935513351
357,379.83791117970213
479,538.2879070944194
454,470.6936308064365
347,408.7339992536322
233,284.2532040457884
190,186.82432502470584
126,122.13705905768344
61,83.35894549735568
38,52.718207388474454
42,55.307996812912336
51,74.09167226813193
57,105.74649793357521
105,122.83511135944451
132,182.49609786024112
135,178.16697330374683
146,175.06749826928754
171,198.91139721468573
196,223.8721665769586
232,241.96749567848073
208,245.52066181642806
235,243.99245668662394
213,287.3676433769326
261,302.5960320628871
263,320.43810322882143
200,306.9121309195163
211,273.30209758245985
208,251.396968195283
166,253.5749822267324
138,178.44596525106232
123,133.88192823176234
78,106.41230748983791
39,65.87954925345565
47,55.42269602833067
38,58.142004925012664
36,61.67259216842367
38,51.05909065310399
61,77.77501369872557
67,90.79036344074375
93,79.84277261054825
116,113.2828810019283
103,146.36572186426173
101,108.221708215703
97,121.00934016952652
104,104.88206004406949
113,134.03552163750683
135,115.92276811296945
132,160.68169685389176
154,146.21253507762663
140,177.5617099966882
127,134.11316869811202
89,89.7896997630641
126,54.0186201998135
140,103.54648943620343
103,135.0796365723688
71,91.45586288660182
55,67.27526660297774
23,58.946294642612905
25,42.354757891308516
24,39.24337402521788
36,52.298215739359726
60,72.34426306520783
67,95.97061294911266
107,110.7205024407373
126,153.33370987128845
151,165.2513340490432
173,169.78770158423566
153,179.3662295423338
158,171.7108188150333
139,164.25482447362558
135,171.45126779456263
163,174.22085161158194
162,201.34280282361024
198,182.83321778058982
179,190.3587420869697
134,175.4221916598647
143,160.11582656856126
163,145.1474359363076
92,128.34649067481942
60,72.78430528725309
41,52.54314538570552
52,44.23245863332802
70,51.67985969315556
38,54.22752117228547
63,54.4525867334785
54,73.798828334154
94,85.88466635523777
109,120.04087728199288
151,125.65144302414801
181,179.994950610189
172,197.7883936608589
198,175.01667601082707
172,186.02828662175992
167,166.0354734405142
186,168.26520181326026
180,188.7861929768251
187,189.50418819317167
213,190.87686467424462
225,212.00154307752481
217,191.02839421107888
142,162.08316816103425
93,111.47925007180366
60,64.41793349236791
35,48.30693246592507
29,27.40909530565377
36,28.402297536627003
36,49.681338626597864
45,49.63714839820601
64,76.04685802703185
100,113.20721406871108
161,158.03434222721728
166,192.655625262296
166,182.10483950638394
181,196.97689556267935
186,215.59679786046445
214,214.7673619378408
211,237.88157212928073
237,230.45145591432134
240,272.95522492138804
312,325.44206376006144
361,372.1274789474501
357,361.84611130133436
584,543.4806395061212
528,487.09614066302436
403,402.88592714654754
222,255.18224056720325
160,165.5287573258219
107,97.9325187104133
65,64.70188863021144
30,40.36010200883128
30,42.64480102683287
30,48.43103157832099
73,96.61218824035946
101,135.48405921082767
199,181.4539416982307
183,209.1882091755823
186,194.76468679678703
234,204.18656352491874
219,235.7966312334832
275,241.21867089473076
269,287.4773487097181
263,290.7566762726201
284,319.3333787909909
481,421.51990976054043
465,457.6369653765774
493,450.66704963332666
759,682.1558746245177
600,605.6655322869052
479,443.2355322669092
292,319.2826819560025
180,197.13573605299547
117,109.09149932543949
78,67.18262262226622
43,47.54970958789875
33,43.35377988908507
57,54.29192601875072
76,103.244572511757
224,131.34157561104152
296,247.53091548190423
232,238.2724025138496
195,207.6068455891287
232,227.87794364285799
244,243.6299924416789
309,275.6813040896376
230,320.7089062398334
279,269.4385827387122
341,327.6375413004348
439,441.30641699345745
463,454.63004324346065
423,436.194183965825
715,556.1136409988411
600,542.1780198115679
401,470.97236017494396
296,300.9054385472349
235,206.30939679657715
140,137.17927786049432
81,82.98800836566458
47,51.74404471367617
48,55.421816595033384
57,67.70968723144723
69,103.27962164981246
135,128.12729062298126
185,205.99103432376404
206,192.8570240231558
203,192.99680361834743
242,216.74397766251963
222,253.8526853624487
243,257.8999165069959
245,242.13923139964675
306,254.74405910263818
344,323.5545407460747
433,394.8268889934562
400,412.01581881362563
390,394.0156084526899
612,444.09640028852795
549,424.6541282363622
461,355.5742940276622
315,256.8839585190254
293,196.48354693598537
160,158.67885681852064
90,87.88878475924248
47,63.00191799292052
63,55.57295250160927
65,59.605306335334205
78,79.50867475926121
90,113.01292247174668
164,152.46362264144
161,180.04590373697008
172,172.18945429659203
219,190.19860307402016
228,216.27795728765136
216,224.6595125419241
225,218.21909873620655
232,220.42887786197585
307,247.43613638278327
315,306.18341600380995
301,302.70084107962265
339,287.8232054936877
337,308.7569090877319
282,296.16802589166645
272,262.57080646170743
243,208.20781327420582
216,169.8500873783426
118,133.04350963036703
92,81.51229918840637
64,61.2437961851573
70,46.53817921650387
44,46.93034171224823
56,51.24817858337084
70,75.02201179040334
129,97.62990977776063
128,150.46385965994074
214,169.29180862180644
198,212.4897414642825
205,216.56070468378576
216,206.58277270642213
146,208.38022640771067
193,159.6436290416992
206,197.53752144586923
253,211.00556983755965
235,245.7274995087263
246,240.44868276821538
201,219.79638082256292
226,186.07199970831886
241,211.53396921417027
180,192.42061686618703
135,136.14488203953735
84,95.28596265981686
81,68.43137945002957
75,61.41669936251378
77,67.62883525378759
54,52.45856001839984
60,63.410506373723365
63,73.10619771552442
123,103.85501085707666
157,151.3458197192699
210,187.97050960116803
225,213.4466053348653
224,219.35517732910134
168,214.6080752134607
165,173.20798914157652
177,167.2587503428282
202,178.4785535556303
193,202.8812401394878
223,202.20591566934314
219,209.3384625933743
198,212.1003097985636
203,189.66065738138892
151,165.40945203785688
124,115.09843240765545
97,70.6949177937194
52,55.93684489621241
28,38.21732264660841
45,32.43127920157412
55,48.927151604701905
47,56.45739298890499
83,75.8102526218903
125,122.47611617502659
212,173.98921085143053
183,207.2718838363663
199,183.18395914984143
211,210.2317156705342
196,223.35794944424615
217,211.95623473670938
224,229.91431731990082
248,237.43097524931872
306,270.2136146416623
477,382.48883642338325
573,463.6790131697075
650,437.3529126338823
827,642.7926812753714
707,592.9287354642695
409,481.0927669161737
288,255.51400517882084
175,192.47746605888196
118,107.28916085213355
74,62.906628813282865
37,44.17248591050241
54,45.52939378225628
39,49.35797975173051
102,88.06537429963406
144,138.77777310875447
221,218.53098104010755
197,217.94729488757883
217,206.82300205438298
229,227.34708277586847
264,232.78367890003528
271,272.101357989662
263,279.8890923627824
273,281.29757472737225
400,329.00866453599156
508,518.2269677955694
423,524.6284797373311
497,487.9567955631938
767,714.697022023831
575,666.672999825711
417,454.0241242652815
321,314.42904508156306
199,206.74857190574198
133,117.68795713004023
77,78.24041758267907
50,46.52126748112707
38,42.19187399757726
48,54.426922260785
96,95.30404914136803
180,165.53936098773795
247,241.37664723337517
207,228.40565938281262
206,211.88407914537854
282,223.8445746298534
278,285.7397118604058
331,288.11985487499595
289,314.67759989315584
317,296.6618112774655
368,361.1763387341896
537,452.2220384087687
497,508.36967233384223
484,449.61763533307595
676,616.0437967819789
590,555.782099567209
476,415.7005938202228
319,316.51306324352316
215,218.05289442577958
138,132.43508758833667
79,82.2622140710758
68,51.51979455500959
50,59.08906573633233
58,60.5599865601677
97,87.20349790321303
171,146.62055618982254
239,197.0339872240878
218,212.91205349401162
239,202.05217712989884
297,237.96620172926998
310,281.9001977449154
320,310.0594177579473
325,307.07166726842945
364,320.6232881751781
388,372.3421271158221
549,452.3483625468304
515,494.0622355046695
471,432.59124625512464
630,508.4252498690058
500,461.0622822885531
435,374.40260500961404
315,299.09325497741844
209,220.09387722893229
126,132.66179175282406
75,87.3226386483326
47,59.07624776791384
59,56.204533819964986
80,64.60506144523158
97,83.40652036703328
139,111.26133776866243
166,173.45849759026066
193,173.91553330083315
187,185.58086746052683
224,197.4648875860592
232,229.01965152346634
249,235.30314091643547
255,239.63539376198477
264,233.12531085775043
289,281.95305104184325
265,319.3957520604472
350,272.5588623860746
303,315.90989371735196
311,309.81206293270293
301,316.924430353133
274,271.4041097362537
215,230.2267994685576
155,157.15513315714279
119,113.24843398760538
102,87.00728302152713
59,65.36554915784284
39,51.69954544197451
41,41.76194555346435
64,49.55370337273192
62,75.0855627906741
108,95.74950508329933
144,136.0574145121624
202,180.2192859838995
257,204.9118933073637
226,251.3895442259951
208,215.87013542171618
167,197.49806671368387
187,171.2275170178628
192,192.5832657909885
269,220.47054237325654
293,260.7206696312497
316,266.15728994327156
241,263.5438133223829
187,213.93564490951334
213,192.58110122319243
196,175.1408225638783
123,136.7639285368619
100,89.24605419418714
66,68.86336461228314
50,53.45344770940359
49,54.81264139418981
45,46.71761867457528
55,61.152073674577984
76,67.27550921619209
108,105.910201915123
138,138.12953715310147
213,175.4698698967567
236,219.60586508549218
239,229.6424967927659
215,215.61398579140413
194,188.7559557261341
215,182.7247285729825
214,204.51822436267062
191,210.94394199785387
220,198.7464051255498
211,207.35999946022724
222,205.59068922704577
175,196.39154953815597
142,148.4110556305743
120,118.44821173940221
62,80.14947697528228
60,46.56587744908164
41,36.90283465673346
41,39.0542615929066
55,48.993350770246224
29,53.670289615627325
84,70.66180596716659
122,122.5792757868959
186,176.79477254073473
169,189.26290685374082
205,174.70447228547235
223,211.64032493092074
218,223.9143773220292
256,228.0064246899512
237,252.30741133278553
222,240.83250186974675
283,253.3454702759336
365,369.52735581858633
357,423.6208143394401
377,441.94900587412053
647,570.8713808532231
517,604.7447280792962
412,392.3380969355411
259,269.824279415855
181,178.69707380156893
134,109.95152630144003
74,73.35173566804059
35,42.326238570329465
30,49.69812747931311
42,37.59735156594194
85,88.20161113234356
123,121.54240685932795
195,192.2143883531967
193,195.95791849994598
175,200.344938519431
226,212.2498358718784
230,241.9577503602293
245,258.6763948009819
213,264.9230172202878
277,242.83265142874075
325,338.39029038293955
453,446.292528521546
450,448.594881258063
459,466.8598517670984
735,729.764232270433
606,579.8205018178993
464,435.9247635707133
335,322.8123003157728
183,214.75758807724387
116,119.76796294496489
78,73.71929753757315
37,51.235394011233424
39,39.717548856318224
57,54.84514862539484
97,93.74849452698759
132,162.90769732977844
193,202.49358159084196
192,202.25614178370344
197,192.54764842598198
234,223.4282686698372
257,251.14834105665756
226,278.15384001180274
252,243.84854623961792
287,276.0946748106225
306,335.0333513860547
469,407.71183324367485
440,456.63601468869285
449,431.3831780021854
753,650.0664074759306
573,616.5272641722399
436,425.64238324964
306,325.92988877163907
238,214.64228306800706
132,146.25207316117948
86,78.93368574748295
48,61.80530701960628
53,49.39377221991601
67,60.550220092745725
104,84.3295127857161
144,144.95106368864748
202,192.59811149289158
162,211.06713689117387
182,194.67754669560222
229,209.83405233028014
280,247.70353822790182
294,277.5826733732395
274,285.2235857667127
334,299.73857627944466
357,367.30937889086323
390,462.2699798049778
415,427.15169278590906
523,432.56248722685564
620,715.7214910648117
629,560.3250759146516
419,455.9748725421706
312,305.4110455891014
212,253.9586958215015
145,130.59001225551475
72,84.60001057318075
49,52.83390013788161
58,57.57238674709605
69,68.21625476791948
82,85.66731812553199
119,111.11983573020233
190,180.4432432608694
182,196.14254717626676
227,188.74328030023392
230,242.73515131578654
278,256.4150609884202
280,278.5330325684351
301,282.5761050836993
303,301.6692144583865
320,331.4333625632739
347,336.6736120754218
354,357.50846939662
336,340.6433588806352
360,339.2958355992111
412,325.1803891676481
358,381.1287314281039
244,274.9583377476313
226,175.2943124788935
135,141.3416032380234
90,89.15799174130075
51,56.317094253637215
37,43.00335768087943
53,40.69806506411216
54,57.841150441930914
46,67.69822907991953
104,94.3979144968169
153,136.59869546692263
179,201.95116877200013
212,204.61001680469707
204,217.45626109175177
190,209.93664084057164
179,185.9576408323399
178,194.76444775085798
201,201.61699937148427
198,225.90675515224697
254,231.2737542383483
261,255.79968018964408
220,235.17180000345746
202,205.84693437814386
233,203.40918927944148
254,198.89652693311248
160,166.48952590507034
98,103.02787908685086
82,61.61707412850858
57,56.70034754593888
63,56.75647741790103
59,52.54473840636546
59,62.35854175449807
76,62.8031703296229
99,104.32579119107314
113,136.18222794553452
209,159.45725811771516
219,218.73303724225295
233,216.09111135382304
196,220.0374867866452
180,189.428008329123
147,178.37158832938303
188,178.63254587521595
189,192.2101207477589
232,201.56821478785997
179,214.26088368232382
226,191.14315195275685
177,202.4623124559797
155,146.2602354400367
139,116.49817606755158
76,78.4542819854597
54,46.177448857822164
31,33.15053419573917
32,37.73369135840917
50,51.80513857272591
61,51.32166770040854
102,87.98816502243041
131,132.16116078081467
171,177.6487555082085
176,177.59735887453792
182,185.6591296336131
229,199.55294175253113
240,229.39021413840308
268,239.67301265239183
222,265.9080135884952
256,227.75303941888805
278,280.038684201979
405,362.77288532392214
331,432.3807481600167
356,366.83570599978816
565,559.4320899480017
410,539.2765283226842
307,361.36582186539664
243,237.34853515660015
134,164.95999420522443
71,95.86713322425145
46,56.428758273831164
39,34.93734143277648
40,43.99866401562063
55,46.22394441836424
104,91.25162548410108
170,137.73112352716666
226,208.62320186370383
244,206.78152521302545
280,213.23600898556023
298,267.42784671580444
303,291.0267932030196
290,302.200905098609
327,279.3605265552673
318,314.3274913515426
354,353.6228089368171
476,487.72151858731394
453,454.3464444456399
460,455.00264972341466
583,692.5544506726551
471,547.5224997690802
373,417.326960984536
251,293.85733030685543
171,178.81823460777738
103,110.10896561339071
63,70.53470301569106
31,43.882660196968544
41,37.11131033138789
57,55.87015982251345
100,95.61510618439539
168,165.03147709950176
244,239.93440510948622
220,233.7835212584875
207,216.3882001073303
274,248.0162951679691
306,282.5224943428961
350,308.85970600341034
311,341.4040192124364
308,321.07947445068845
407,350.3071016318008
493,497.6631185268418
557,479.7484867425594
545,498.9921676826357
603,679.2330655192511
549,529.0955602597354
387,428.4556240804157
266,301.5718645001324
187,208.56617813442955
105,128.59669670650086
71,75.16577676103155
49,53.38957083362684
54,53.53945293003451
50,62.93272374460377
111,94.05939855007769
161,157.2494415152989
235,222.43585652715302
325,215.092306099031
230,242.6869839788231
256,251.26938458373598
290,280.8995985768548
329,304.88813050053636
436,326.99312742210276
503,394.86227283832045
407,468.1348468933411
447,480.87758092856814
433,455.4580449019057
415,456.6376844939855
521,584.0234959190049
507,520.0003276337266
369,423.2692278690367
259,303.3884456000122
126,127.13529977206497
69,73.19309852313974
68,48.78428760899832
40,35.90050983665232
47,43.366223257227404
43,55.0023592600829
68,92.25259193375527
117,158.1711683137203
197,220.33981650514872
228,241.06859258488205
205,244.77756422014758
246,261.97355161385724
221,250.601775436787
225,244.70117688329088
242,259.7333326028531
252,276.2432811826595
293,291.5717313100704
423,387.2388908130953
418,478.22942174358775
473,376.08171644292713
488,560.7934149478482
393,453.31831353220923
266,317.3148116140775
169,220.53529709736966
142,130.9831472733753
63,85.17032908794236
51,60.556903487318785
37,31.67622889518612
42,48.56695756494217
49,62.128798310998995
87,103.1846940090729
123,172.34021216988847
198,216.155730131997
176,230.60133365873156
206,209.33396725574727
202,232.93380638642392
222,242.13653264658615
228,250.39931100524072
227,261.8136558781023
246,257.19936770847585
248,299.98609001286576
289,347.4423436114308
324,359.9186707472181
283,361.4777800556134
317,381.2490520392576
288,345.6194987994687
275,291.54448443340783
211,229.30190746814424
144,170.56825825294942
61,91.02163284721502
60,56.09337350589259
32,42.143577980568466
36,54.39598936222601
52,73.39211854831349
57,115.02549001006155
97,140.70019352794807
140,205.58508168389483
151,198.82745405127736
164,198.76151217251578
163,200.6170861328821
219,200.30837498024056
236,251.36154555455144
213,261.14377492566916
197,250.81897806883308
225,252.73651682062038
253,300.8305549953578
332,324.73701039249033
215,334.27062205535503
202,265.36363472150276
152,229.3830289706299
156,197.74481419345472
146,185.258242222472
111,135.24503910796446
81,93.54498902151602
50,78.41298642772341
36,47.39558521985655
32,51.770943138452864
39,58.73374572079976
57,48.89349236442566
56,86.13775174477475
75,81.64979340885205
114,90.45665194413158
127,111.52605844362495
171,134.95209696058274
171,199.65658018691283
176,200.51992505237723
176,207.24531047644757
145,199.21554345419165
203,185.5026060625915
225,228.55730734198252
224,268.170123323617
213,228.3274693015349
173,198.74798314425598
122,159.88355170728644
117,128.28785180105976
122,84.6940780523639
123,136.15651694134337
70,103.18093737815464
61,69.00782314645129
33,56.47180769086398
24,46.310969145675905
27,40.79277294155423
36,44.86653327749679
53,59.547675250458106
89,93.31938634198853
122,139.66015739645584
149,169.87271605599878
193,200.13024293570123
198,216.97448632110374
220,235.92164142581638
222,226.7230816436534
208,242.3412528088243
244,246.1551255923822
267,272.25310109399067
266,306.87431793981773
301,285.6954704408206
237,259.2133702870349
195,219.57204132712735
201,205.855171192724
184,187.7664225954907
160,174.28604336613606
82,112.33768410331636
76,71.44966808007545
36,58.98352902387776
51,49.44865497789193
40,49.04488333881701
53,54.67457960017773
67,74.55867685062623
79,94.44065090373178
134,120.09282718680207
185,184.80006995964735
219,221.53402360355395
245,236.31570327470476
223,237.87454523479286
221,232.55198779658375
217,224.5167011822194
220,226.04277332100145
220,234.1508386803951
259,238.33195742380616
205,232.7447037951102
180,199.30853069411035
153,183.2473229423874
124,158.23378972550435
113,117.32879243971847
84,84.92994603455487
32,50.78313266203017
35,38.089179245863704
17,26.32952371821006
36,38.23955206327906
38,55.36438551351407
55,74.64334550961603
106,115.11148266713901
168,176.3976596855514
165,211.66990128491062
161,199.25768247573563
188,200.77866942890262
207,210.36898574777433
224,231.29985681470885
215,242.48520824657513
229,238.4518236085856
237,251.94630478748635
295,309.09610146234337
299,347.2272429096354
291,311.8387370290376
454,396.3076252429908
344,391.10656336789697
240,275.741150548311
178,174.34104675463212
133,128.00286314915658
75,73.62421283419773
46,50.843017079799175
32,32.37995797029344
54,44.913055044894556
41,55.15590556178737
68,80.57320846405064
142,155.4492389526705
227,220.25734523376445
211,223.82349762422174
227,211.9494185475501
281,237.93808128337258
271,258.61615399917946
270,274.8525223543393
262,270.244571896104
282,273.44230073589443
301,299.6608180590646
347,382.0888413427362
400,383.94046032692796
439,386.07171060616577
592,522.9581050452136
434,487.6517530008485
328,332.1264572196883
203,215.27720548198695
194,152.72230967894816
87,98.20164758259995
51,59.352222329194014
24,34.1784830967189
36,45.93548311082706
45,54.45788006788829
80,96.38891569509777
163,165.98752743386024
265,223.45500504804338
245,235.14016514455886
253,237.393520674745
261,264.12345539674
292,272.1356988864
299,292.34911200448397
246,291.6367210019278
255,268.55681896586333
304,285.9653262978197
381,343.9709138614033
373,398.5978186661409
370,370.60515763135663
539,464.1911505358392
457,435.82272318422514
304,379.8705394941558
241,226.05904468251254
207,184.47575227578199
99,102.12648067280699
64,69.18949227843618
44,40.42486492835683
54,49.68278065178039
56,67.79453970164904
87,102.82599191978173
169,144.91315897699363
278,229.26288025268497
267,243.4135885495132
245,251.35620947102746
231,245.81263768557264
253,244.8680083023159
267,268.4639079315447
273,265.50291377082067
276,265.9593694378284
316,290.295256791843
365,350.5968093428023
333,379.32939632342556
312,320.452922055816
446,374.59269531119475
409,345.24998988749803
303,301.8205584715465
268,219.83534894393193
180,169.55191797268694
108,96.89697645645869
74,68.18494169270139
47,45.17061260943317
63,53.614297652898614
68,59.51841657240369
75,80.61123873606459
123,117.73496836838767
196,185.52915114233843
163,203.28101982249524
201,196.77904489601053
218,230.14851097238173
246,222.1701508102656
253,244.1549518905255
268,242.04087717059585
257,248.90596593727693
244,261.69810644610874
297,278.40053913238984
340,312.38855277095234
318,311.82560457398273
275,291.91057244279295
269,250.6909703283751
234,241.53989377800798
244,231.3748763461279
184,182.01234134658898
117,115.13744923045944
88,81.72265121751522
45,53.505217503189314
34,43.05931470932155
28,42.498305892454084
49,41.58406315378259
66,65.73100370265
116,105.82137919536252
157,158.74004804092158
211,193.11546984078453
298,234.20857541610337
282,284.46449985553784
262,273.6267176547859
254,257.1367716407691
260,255.01367582758522
272,273.08355742088224
308,284.01454672938127
341,320.44404972507346
364,317.66936218418596
281,301.5397495552875
251,256.34464057916193
245,251.27018778995114
219,218.54393483974687
179,186.24251738648644
142,115.63724229559668
81,87.9520138750688
61,52.906873582192624
57,56.369412919154456
41,52.0315266288026
66,58.33963743911789
62,76.618241764565
121,106.90499682968169
173,164.22474034480345
224,218.46967571743065
265,254.49961052024645
238,263.86507480094133
248,240.89290981048197
213,243.35771669980164
218,227.32687463807835
198,224.63956445036308
211,223.47991198579163
268,233.98495938915386
235,232.49992164774514
219,206.95599522501755
186,200.203875374782
167,164.1392667237662
140,124.80312441185998
102,86.70349949265325
68,51.5459391760912
48,44.21576413896278
28,27.762793998437147
53,40.91370125906894
65,52.093309152993356
76,81.78206275433801
118,121.07174847303399
215,182.04287889530679
211,222.35126345991537
229,214.4621401758063
221,236.14543330610232
207,224.63454814951348
252,228.13221305978053
269,245.25773499696436
240,269.24959664425376
287,255.21721229779698
455,336.515521758759
631,433.2852297885458
570,472.4857502750172
581,557.7293749386097
422,445.34956991886025
305,318.8982777218919
190,205.74382105205504
130,136.51183197057907
80,73.90626009284715
54,51.77666182001717
36,37.48506658276482
36,49.07639840632379
52,50.17280553565724
106,81.06509064478094
219,152.11233126366633
268,258.09618131387344
223,240.8008217454236
231,225.3438733312248
244,254.8377351049956
214,251.78975230843236
289,252.48667361705108
275,294.39104150260744
281,289.75583278177317
301,313.87988221411575
395,405.7070924370156
491,447.2773970023437
382,493.49562288737206
585,559.0524301157487
478,512.2137644607063
339,359.8082118805117
222,231.85280843286128
168,148.28990891801786
79,88.52660144680485
58,54.34588375718758
38,37.4378671818921
50,43.88198132153058
70,58.41954279978849
124,101.81743691201184
243,193.38500775690648
347,291.99297930844585
326,283.98467708289706
274,273.1740618826472
298,269.1360960950573
273,286.1226655534852
322,291.8395154304839
309,309.9812773349421
298,298.64762281628634
341,314.14055918866205
426,394.4336067232477
456,438.59338955451307
477,392.0319682234621
633,498.8319348654137
450,481.95261127361664
352,364.4325129648256
256,254.10305946599206
191,184.47222383707972
91,99.90190587275113
69,68.92102738076262
41,41.63257962142435
64,54.114033544378806
61,66.33198540447673
97,92.92448948311083
229,178.43597303322426
296,286.5902298813444
285,265.7491805931335
278,259.6397978820929
326,268.37243640445325
331,307.01102971631667
322,317.88018824458027
344,316.1691713381893
342,318.29653469677345
344,349.28020455301214
405,389.3624273944843
462,409.71837973884226
404,394.4830142186584
487,443.8678093070183
403,372.03125996664875
323,322.8753285809613
252,250.49831242377877
212,174.60050820337855
100,110.12024200368081
67,66.38449637111594
53,47.19828354153202
46,53.03884304204192
65,64.73305728018218
105,79.76540019148642
145,139.9595326091717
181,192.71115102906668
229,186.5784704198983
238,216.10379316349884
259,237.4854581168902
221,252.54650119351695
243,234.0199047141034
269,246.85647934867887
251,254.5318005947164
291,258.4672329158086
288,313.8639371683342
370,330.8397339659391
310,336.7914601868017
282,284.0956526579699
254,261.83786525492314
315,238.02487140464135
228,264.19153768188005
236,185.38306523100755
156,133.6047955932329
94,95.73074608273568
79,56.581409658524755
40,47.83775283634443
51,37.42474716007297
37,48.055740042106
57,62.07789950399938
104,103.80667746713806
188,156.68792243377288
231,203.69640679894414
272,255.16762426131214
238,264.69479384378195
278,250.87629775078315
270,272.46378101770034
293,258.8309533074034
317,296.67064702309875
354,322.0733570957733
365,369.5776900304506
355,331.97198788780315
262,306.12769652301915
255,239.6391478892009
272,244.60551573048673
211,224.17529978481386
201,194.08747479175102
150,132.351087593522
105,91.40214225052428
54,66.52474479546137
52,54.68430768296778
59,50.00667741535181
51,57.85655296732953
67,65.44391878990412
138,111.79196454635394
182,181.33246375256192
236,216.7442871773667
264,251.69765836560794
298,256.38466177380457
290,277.5669994884675
275,270.9688562338385
232,258.0128677706257
237,233.9004894427981
270,233.89928003657036
277,267.594916687569
225,244.6450641995015
205,204.10705694875335
214,194.0121520190877
161,182.7769551031826
128,127.55848857613934
111,91.24743518940431
61,58.36682961910973
34,42.15356903935537
22,27.19582595542695
41,42.64556534860426
56,54.41074042595587
74,77.97892004349706
117,119.25217946863951
187,192.36822580550788
234,200.06016687451915
199,223.0850069948524
223,217.66165608215886
241,225.46533858930692
270,244.81674722241522
269,275.2478150981742
240,258.2937035389593
265,252.52072069045877
309,330.4073915736438
353,394.9749901053436
332,358.8069835043363
470,463.05782381132394
407,388.7593372439626
271,312.27695229417594
189,188.26042276195705
160,129.0049845145097
82,86.48379732895175
61,53.826090674104464
58,35.99506013456466
40,51.042540756700525
54,50.63322189524957
78,83.65519745509965
181,153.77616430905474
235,223.0891168718651
203,232.59779661254643
211,210.15283332387594
251,234.21962470469379
236,245.67672357938525
242,260.1552264928607
230,265.1838308711483
278,254.91530641031235
291,302.0242787741357
347,379.6998967816376
406,411.4111677099353
320,390.4691204480077
464,467.6920812329603
477,426.0050737350397
317,346.8645014991667
236,213.59950858715013
195,168.18843202704588
88,95.26334620446006
76,56.883463762811566
33,45.25522059946136
48,43.19772083114862
60,59.34158285107262
96,98.30066592920105
190,185.10537020441782
252,279.8796306421149
224,236.49026005713458
214,231.6285510978777
263,238.70305661810158
234,263.8206277158505
250,252.6214447504281
256,256.04534939300055
252,277.2658930277333
280,292.81511154745806
330,349.4786231340924
374,370.96002789879043
308,364.1669363765271
553,389.04251647133856
496,466.7003064276314
367,345.26884513918003
287,262.70234313808515
206,207.8546009677992
112,111.37602727413193
67,69.86158792725642
34,43.31398482912548
39,54.034950789135394
79,57.92198159979075
102,95.90809588604398
184,191.28434075980638
236,276.6804878458319
236,250.49473742166876
279,240.18895908888942
236,274.12473001259303
258,250.8147981606912
263,266.6175353994538
297,275.77661936160274
317,291.41957517657454
300,328.00332952428846
357,355.93433612528383
351,384.4176470602616
359,334.3929647628004
543,443.16734661825217
465,467.0439201676977
385,379.1803903166939
219,268.1552007428501
190,176.64197925028054
107,114.29755841250137
90,66.36785841452189
59,57.934843318087424
72,52.365436933782945
71,67.51538092898488
90,88.54676360342349
134,147.23871708462661
212,214.56377954816182
192,209.16423396609503
231,219.5940543245739
274,239.92278963604903
286,253.7297205059694
282,275.7332885460045
297,279.76024184219756
315,283.7887645762769
307,313.46947545867033
321,329.53633695593857
359,350.71048283933254
321,326.2636948950372
323,295.7062387297851
277,299.65004762599216
263,287.61219890053127
223,221.24388059762154
189,180.58307151751143
118,126.29327624931159
93,83.42158228212992
48,63.256134025066586
45,38.78360123566335
48,40.70018740669628
47,46.40692525348012
68,61.98375976217898
146,105.30279600102568
202,181.9639364572145
204,229.1800142171824
250,246.67111443863615
226,261.72108608418193
244,255.59979754503902
258,262.2776154404028
257,273.53438763864494
264,281.2832725210931
280,301.8375282931056
322,318.57464927698595
354,322.19377077925685
266,297.51812792419275
251,250.31327467121528
243,245.77002803008162
225,205.45359773990288
193,185.17511143880964
128,126.88578009452574
88,85.2312668615352
63,54.796260616372116
58,53.41058552891555
59,50.14609090300537
64,58.09439490238297
75,68.48391717649035
124,116.20677354641569
181,179.07726925972838
222,213.91037302443436
278,249.81425278469868
293,271.2486320864678
286,270.3692103836719
263,273.58439368413417
234,245.0839592315995
256,231.79505787851136
291,253.57267822755193
257,282.92215634775425
240,230.5497968120723
212,214.5083041806076
208,191.89482781419133
167,174.99571199742303
135,128.39962267026212
105,98.14303828284363
67,54.68086783989261
45,40.779418359832235
33,27.334037098772626
40,45.570905670230786
50,56.86011661196771
61,76.75147023647847
134,115.68552748307299
200,190.3964747039347
203,202.8797756718975
227,200.5663517384006
247,226.6549589392279
221,245.02811528462652
239,240.76420506697278
273,250.5673991337904
272,263.2450767036334
275,285.0403066097855
347,330.64921704555115
400,350.1034619089405
450,389.2585657362377
615,531.0215306986898
395,497.69190154249975
280,294.68301899302895
178,192.12121512977848
135,139.31672474786404
64,74.83403950387402
47,49.15346735979644
39,39.06182629304186
46,42.53214512203
39,53.32084093746406
80,81.39047191824311
186,167.23083514374125
274,236.89707781373198
298,234.42460295414085
253,245.38159390621817
281,257.5391895502384
283,263.802617592884
294,275.01388043918104
320,288.59849009377933
299,309.73564308961454
350,311.53862745316934
407,407.4624138937307
465,431.16977412758246
383,433.02903715335253
594,519.9536095334615
432,473.984072491892
356,351.2146041907504
243,236.7665704321217
151,175.0074809759628
99,85.29815259841385
60,61.805899369662505
35,36.483780101692034
52,48.620425313317206
61,59.36152420853448
95,104.07295938726625
191,188.4435402237436
314,269.3956389142774
260,286.9461412361496
243,247.97611733597512
317,264.1326887162854
297,302.2646108598822
324,303.91475285596334
292,316.7365989605062
335,289.255273774254
333,346.05582897778197
424,404.0119489721425
538,437.3463357975544
529,445.88454638519033
572,615.9487479498259
450,481.57218463397766
315,378.29954759810045
222,238.86010455645132
200,172.2132699218329
81,108.73281856417573
50,62.254434145997706
37,38.935061089326254
63,50.30625183350672
68,69.77090855702909
91,102.82684571891878
167,186.3798012478758
274,260.6853416513908
291,264.3694072830096
262,258.30799040352724
306,270.6037239090247
314,302.10571528087246
314,311.86712492643807
393,312.3812234888634
400,375.99893934886376
303,394.0688071672415
338,377.9990546536526
384,378.7575195078547
372,381.90527040187317
488,473.83062611914346
389,420.4146464386575
364,336.22152465300974
221,265.2517687671466
154,139.7854861949006
84,107.71662541052198
74,64.83067238643268
63,55.87060069608886
78,64.4289089841008
71,80.19343862698123
122,134.79365084820046
180,229.30898652968526
296,298.31947172625803
308,304.5523887907573
243,277.74466763999004
229,272.04309099789066
219,249.26384915975063
235,252.91026814421977
247,259.28846298674966
221,276.71420964279025
300,273.7213702152187
354,371.5624457116197
399,407.57672881373776
464,393.5115723298225
461,462.675521930298
356,433.91152434827904
325,351.5261882058715
234,274.8811533515391
152,179.65697056112157
107,118.44222423889586
91,89.03139310423857
63,70.44835775017403
69,82.06560005848567
68,85.60924068679654
110,144.11784522476873
155,212.17442949339386
253,296.9447949362933
252,305.52114560816966
216,263.7564252083472
221,247.4972059737636
221,244.4677471804929
213,256.614697466027
215,259.88712588630665
227,250.07926126940413
220,283.30409368375956
316,314.9594489337411
358,377.75428759809245
328,383.9004765385082
314,396.52171207842923
360,370.41624584097656
287,356.31884324354075
303,289.2082848200837
183,241.00559045323993
133,138.05388894788442
121,110.43256767041913
80,99.18420611116078
80,95.29175737018583
80,102.48075886242101
111,147.2499712546555
127,213.84909690236236
172,255.30067452464323
208,218.6451178471309
218,241.46553021637303
215,248.61104262167868
242,242.4513991305397
221,264.8840015263926
242,246.63945949309596
215,261.98689253173865
230,258.54570889614615
275,294.4098303767822
375,346.55380738064633
305,392.1720888756902
291,353.03849884599236
286,344.2821347570612
335,345.33197254454353
264,340.41156170010237
267,241.0487805389561
257,246.34568205869354
186,214.77383642812438
144,158.13918046076415
78,131.520433775803
65,98.94921322705434
52,105.51016600996965
73,71.1163540168373
96,88.30081850162424
134,119.3354246818872
169,159.17974056774548
188,192.4726994038606
210,207.72588559161164
190,223.6779536866506
187,208.91795372862273
165,209.59242405706084
212,189.2245600010521
242,231.9980725039024
244,301.0012634492165
282,291.7138196774256
253,291.25274570166084
205,248.74888536943982
274,208.587313293406
277,250.5586994704461
269,282.04351541016354
223,284.42724534292876
242,226.98637602050593
210,225.9874235618511
133,157.8391434200739
72,102.60414578706558
60,79.34660975071027
67,91.76616101188165
102,110.37167430866906
151,151.40095110488096
197,208.3945812086735
255,256.43384906229267
260,272.61417988939394
243,269.2452931494606
268,226.33371126792326
216,249.63180770325962
245,243.72744083729654
292,281.58189603685946
319,315.58027186538084
344,343.66935328364127
277,338.9221375486073
320,317.0811789385457
370,368.7642443208247
383,383.2894858227772
382,362.7465371487251
293,354.70998431598395
236,226.26932615085283
216,223.42107252611132
144,171.2497125440894
120,116.15956956002117
75,100.08093274034759
102,91.86168397146048
128,136.23353572455187
176,177.58863699631058
229,219.51634546756563
253,257.67889336952584
284,272.40376572186926
272,254.60594944489904
264,252.64113513706656
228,242.55101905720556
237,228.36768274231954
251,242.2617775059294
296,266.0497786511374
277,291.70278218557604
254,279.6353368990372
261,264.4786603747304
243,260.62731579066343
177,204.37493002749883
122,130.95577005029804
67,87.51107339590762
62,58.060554925183375
56,57.67138489896888
79,66.96622500887077
57,80.78862495775583
101,105.95857047453434
142,160.51589322116396
243,227.58302734076327
218,257.02837377098984
229,233.45880017964572
194,238.3805773508265
191,220.955875596831
198,218.55513929620966
257,227.58905510771288
238,260.4212289089779
253,262.6459674540985
289,303.31545151056446
350,330.01456191346915
312,318.52449853710425
282,338.3388023096796
311,292.67331707935136
245,299.05026802109626
200,195.0751959040326
116,141.17489943662176
66,87.04315787627009
64,59.24251001348141
42,57.554114981434395
55,66.11472643648578
64,70.64696781162053
101,126.41337772775
187,201.87204708613166
310,284.1839959706162
246,284.98354579292163
253,253.39862903503197
288,244.76582129563252
246,262.090642075498
314,248.82070893931981
266,302.739062472617
285,275.2285216815247
315,307.18434568692385
366,366.9661319941339
480,406.3286495462338
506,441.97233266181047
523,483.1857055411405
424,445.31427350004924
364,352.77098768127735
236,279.61997987932455
176,164.42880081530862
113,112.99135999071977
82,89.70764806779121
64,62.75674172216592
64,72.210240446271
75,79.66888011285636
114,127.5860718847093
223,214.7758599900327
352,334.7672054476943
335,287.5450215939339
259,290.04567609128287
277,276.61453060205804
315,283.6022937338549
308,322.29067796120927
272,310.42684496270545
261,275.60088173602594
290,276.4603157645678
354,339.6806301421127
408,398.9146529428683
374,408.0017746827528
521,393.6011802217783
476,473.2122923531962
458,415.9793271165709
334,356.79328317956157
239,235.9531723742713
135,162.23334728177326
108,110.723274682917
101,90.05831674504729
93,96.521403575838
100,103.64045007761467
142,134.4268038613893
215,209.853851276392
365,300.0311393966126
299,324.8923978058526
281,272.9248417488163
292,284.2986418919792
304,292.89394503536397
266,304.7842733829474
278,270.98863682981755
282,273.64906390447777
339,293.5199626129779
374,353.70522217061495
381,411.2460078960613
406,401.45126184095926
442,416.10628776034264
483,449.24508893213095
447,453.4379181105307
399,373.7848608257672
370,321.63871502096407
255,276.5860321775625
156,185.18865108015646
148,142.01327466178165
111,116.23367856718622
117,100.10667826438468
133,131.58830348376867
179,185.38908897205877
279,249.5993994982563
257,254.0981360476658
267,259.4850117083609
271,271.94008099185737
255,261.81937582227386
285,255.81011878689372
262,268.96083658247164
272,249.84895997712826
327,284.3133279756935
321,337.1597936858486
410,345.61556252309765
397,394.20043147640376
396,371.179386387861
406,388.4071364439855
463,453.4951043501133
491,444.97745766391495
439,395.00816796970184
385,371.7969067913644
393,319.56316970084805
307,262.5795408331282
196,179.49733650636063
110,114.78509989277235
111,89.91051469585555
99,115.65512913907037
154,141.80218077121802
186,205.34909792737935
285,238.44678718848036
302,300.89070481605046
313,296.1840244231204
320,305.21825369702964
279,299.9265150550788
285,273.44124458032223
295,295.8239208024016
396,310.15327102678924
422,400.98574391819176
472,408.66482821459516
413,404.1900399939679
431,408.86182590113464
526,450.08048853763944
525,487.0930628212183
468,477.4036009660435
389,405.38480667539017
403,335.2392823395278
315,282.8576074814325
206,196.6609516428553
115,127.79028508158343
105,104.38270708927023
107,114.56794571977893
149,152.84868880235817
232,205.64257988288597
288,266.79958599706913
289,292.71686067496336
242,278.4047743201162
243,247.12920899546828
234,239.94774400527075
234,227.37971048259226
253,241.33510219159007
281,254.52673007493192
290,280.8462517644746
325,273.87408862302044
334,299.68541261009824
325,312.9849966474643
282,298.8224961839116
223,217.61665026451823
152,151.98561993489488
101,86.31332776552284
81,71.81106637849952
59,62.15941647950041
71,71.89336168852684
61,74.82914434779896
101,107.07113914780676
167,158.27064364740525
286,239.95617366275587
278,273.94828803054776
272,259.45982849660464
258,266.18563994279566
256,247.9630363560242
266,249.23533575787636
256,269.951943638006
256,259.7991503124655
324,275.81261746263107
458,340.1688267310269
504,448.0560251710694
688,412.76870631498343
529,511.2364271055312
385,455.6467515540155
266,334.8238155471032
225,206.85648924967853
148,150.69248960299274
81,95.53792194247522
45,61.456163128691195
52,47.813347144160424
59,61.13019157799761
76,71.83779442142719
116,123.31388547280721
238,199.708520339415
346,322.83971669562436
342,292.59238555159465
279,289.5783093766709
314,281.48586315005946
262,292.31489183543897
293,279.7434860308241
322,289.6293962867035
314,306.4031461374465
427,343.147853401723
472,471.04982215349236
485,505.0469232669157
421,526.2129756519761
527,485.5326938650724
466,470.0612189116267
346,384.8055051275918
301,277.09053948350584
202,192.33638139917298
112,122.5467805309079
106,78.5904842514128
84,69.2532863526075
72,72.27508204452509
91,77.38051086782224
161,129.70854579585452
357,235.38214063692772
498,381.14183094315183
399,377.43171958617404
327,320.48425153138703
282,321.4335666909483
331,288.398686874783
305,324.05067217746335
292,308.83065587292435
301,298.11884734366146
318,317.142705582407
432,377.4633645039708
490,453.4027266635788
473,444.1041669646546
521,456.50281419137434
502,467.45311865056465
428,419.78611141310574
392,351.93578102789587
271,266.2417439632999
175,165.25661308369226
120,120.64312952415287
104,92.55094764110065
109,96.51196255871747
126,103.10790252020557
155,154.92940716594538
323,250.89210416773236
484,383.4559390591532
341,368.9825456598155
323,308.82229713110274
374,303.99242063041265
361,349.15981101765306
350,329.88213166756543
342,328.3800756687611
335,321.90525698181807
389,341.586635315925
408,414.52258153790524
481,423.08384621544
450,432.5028040756032
525,420.82860422521026
500,478.3403201650511
483,466.2267747257513
387,406.7019824996897
348,328.20673529867565
246,268.4503177669238
170,176.62243880056118
120,143.80812667433895
131,112.52484612803595
154,115.48068725226169
157,154.69167646785812
239,199.13829825351607
329,307.73739016248
310,282.91637404425774
308,276.83991104960677
293,296.7570736554356
296,280.8225260536353
292,279.2366205926548
272,267.92868503792965
273,259.7376171636444
320,285.6551555747763
369,348.51149539921965
458,391.91139357406547
430,425.7122466993997
400,411.9710504167029
425,410.9448432788189
485,439.4484626833499
461,427.359751438294
381,394.9277862716412
396,347.6597214770582
367,323.86646975976606
269,260.3294661784112
200,191.17741719178682
108,121.98094707371472
108,96.71895388881569
107,115.75779650133776
166,146.8937227379521
188,197.9426970505953
297,239.05167629153283
328,311.54281542353914
310,324.6168946582708
309,306.9742655751685
311,300.269132369783
294,292.8815876688228
310,298.4975525894649
374,350.90562882266545
467,406.7325548612402
441,452.0754259931641
406,403.9186565244238
413,421.1821776365797
484,463.7078768951447
459,483.01700076274557
479,443.09390466981876
493,413.3228701963095
387,368.73124500602864
300,289.3587789650481
219,196.08566262073157
146,120.84465987158809
104,113.23703649663622
144,105.86524618095811
159,154.42137618740009
231,199.98474020566744
311,268.94647395791725
345,309.14362062433383
345,315.3982454967443
330,294.897220610142
295,301.1482488076084
289,262.01066540710104
291,274.94819776893496
310,295.0122246261266
353,304.29873078711864
323,313.37841299295894
278,306.65513946293186
287,276.74550233962185
243,272.21453435878203
196,210.90012660896204
156,146.47158056471292
116,104.5316576167168
58,72.79056718100966
70,59.58874941950792
80,73.49442197154413
75,76.64639162840139
111,112.51365409537189
195,164.45196642136492
254,252.81427963085662
266,256.02751959267823
234,253.99206446431978
239,237.28211302008324
231,233.9032131904555
241,237.55635069299365
264,245.2152897580994
248,259.515567830997
277,274.3473727722524
350,334.26048073841196
368,399.9396452514758
309,388.7963557310306
360,310.36828969850524
363,343.54223540918076
310,315.14039400612114
212,223.78481083656243
139,149.5168160659864
64,83.72200046395142
73,53.90468435420451
60,59.57889378131374
62,68.53810618424794
87,72.90323197697867
111,117.63069904742866
224,199.61634157050153
341,319.70914808681096
315,311.3255231295072
263,265.23435022078337
257,266.0441476951805
243,254.62104040499335
269,256.0179878383741
224,287.52061146644036
251,250.79819663522548
300,294.61939925659453
340,373.57763921032677
379,409.25882497936783
365,404.61178057427185
479,442.18318435944406
412,440.7651094434325
384,371.976681567223
258,290.22778874687447
205,186.2969422285995
142,118.18694701406632
93,96.17594235396206
59,73.7288301092754
64,70.41734870446179
70,80.79794229803323
131,127.2662197566709
256,260.5447132398265
346,353.7738143242387
307,330.5956746598644
240,272.386814019214
247,258.5134251282421
269,259.4440137762939
240,284.4009378610634
261,253.29990984616163
273,267.9213716841012
289,302.1213829817902
389,360.3919006798359
449,420.10747979980135
430,435.2988724600593
430,494.961117270298
467,446.40769171715874
378,439.4499559137899
344,320.71574196584544
252,243.24658302962246
165,166.46304616975655
135,118.91763275948774
87,97.02397605115246
104,92.70449861993669
90,100.83077314878848
120,142.30676686491282
242,255.67940503239242
400,370.27628110338594
312,326.56984565412705
282,268.9673770145449
277,300.9887126139367
298,297.0290960648245
308,293.9317678745327
270,295.621331132212
278,281.4249083162229
307,321.8570104492585
368,363.0358375687888
320,408.7603778329879
435,353.4820321378755
486,453.9948520001846
501,492.76623140035895
424,461.20667519372074
437,370.8687867096246
432,362.44715246871385
350,297.96269451194064
194,216.74231571819178
145,144.00339265550554
138,111.71646473798411
125,112.96774597880658
147,141.05111290073006
204,228.97588288264765
258,337.76402239390944
249,277.49827489488536
298,272.49080582087333
308,295.91906586029927
328,298.81154859116026
307,322.69321931056254
309,296.7978002548083
361,298.9742694809529
334,362.9849778885388
385,368.35767788883834
459,423.52582639162665
426,453.14316729400025
431,431.8348879452697
450,460.4721722467618
490,488.9205308689829
567,477.3256002477053
465,490.68593251011987
445,412.8759181816474
321,366.61422272641653
268,256.87147129070917
193,199.18621182117448
121,124.09211807240804
97,108.78046680475049
116,106.633400807895
143,155.9640668078895
220,191.47552915197
286,272.21592618914406
311,312.0861519505596
288,316.5859201301255
335,296.46268662964064
286,324.8228245242661
317,295.09594579518216
294,321.9297022203474
336,347.882882180893
375,393.1614362952671
398,405.77042144767455
341,397.49765468048764
399,379.65544361055686
431,459.76151803685565
504,454.9169717095233
514,476.88474982928057
495,439.357657732156
404,347.71472881081155
373,299.6087662241937
207,219.57597250741793
145,132.5328747211508
102,110.17894170196487
132,113.71850604932253
166,146.6485963870723
204,215.41365399473156
287,266.96634078884375
322,300.9493814887688
371,302.7948360139607
370,341.69585561391443
287,330.40345805838285
292,277.15786252957434
302,285.27891035446817
313,302.26541959321526
363,316.3739031171513
375,329.9387917881244
261,325.2878375093755
260,273.46114569746857
279,263.77591359382234
195,212.54080241425302
158,141.38581036286735
107,109.51393365340083
91,66.02912638749156
74,64.79081940010148
102,80.56169567858763
84,78.66523024883793
106,116.47675945949669
168,172.7485971513818
259,258.0980014150482
272,251.45155103226725
278,250.49712157617324
255,263.41485049665675
233,244.19857381698043
274,237.3158186555741
287,273.8485481004814
258,277.3260618889452
315,278.74973818990617
370,365.3140349474061
423,393.283724506315
446,440.31111308314627
440,432.6192534973732
394,396.57403049644927
398,335.39039171559295
229,243.9382562367117
156,157.64420222056364
87,88.33287086975125
64,66.45667353397245
53,52.29861960306784
76,61.822478152060114
85,83.81272688521297
134,117.63902394030873
277,216.53213766818587
374,345.0813927584104
336,320.5417548056841
296,286.92239822316793
322,291.4506517137494
297,290.1739168365371
320,296.3649295418269
315,305.7915542098641
327,300.1998534308421
393,356.3301086774674
450,427.39556909681033
471,475.932617713504
426,449.49941471581496
479,489.45017358350714
472,458.72050634292015
428,423.90013619679587
288,305.56967645124644
217,204.1095413262736
135,131.14360247638936
89,93.08764325505472
76,68.84966135674671
60,75.03522898595791
83,80.3925901707914
132,141.05458457375275
266,266.28783697664284
362,375.07965646910753
336,340.8234807279821
298,300.51601517237106
345,303.2034411245396
325,324.89609049810525
290,318.8172442051633
282,301.6380654172424
310,288.9694595683538
346,335.5473408423804
394,417.0605558333549
539,440.59782189579636
512,501.8011067340241
495,509.4748623857964
498,485.0279557691618
433,454.19126334957997
384,339.91825713948845
244,271.32428342622785
149,172.24644371025434
108,112.97405937329403
101,94.96279315954665
99,99.3785167647333
96,106.9797817082657
156,142.30283612266322
251,254.55960465869873
353,373.54232373900356
408,324.5243571232196
356,332.04856683584643
372,335.03142560529824
321,344.2813216187787
314,316.3973176668333
317,307.50210173684764
387,310.89985488490555
314,381.7437344262592
375,381.09896729689495
414,410.37154390536756
445,429.9133545171453
442,483.31693344734373
507,470.1584985583188
509,493.8502808743524
410,446.8402862412
94,100.78852913644161
81,61.75847116107914
60,50.71822268279863
60,45.42637121984088
57,67.90052888465314
95,94.41019012033142
125,169.75581280971215
233,237.6093965412128
274,305.6645763334757
206,223.66457446449874
153,181.23152827174857
159,146.2417392317963
153,167.97375147403173
169,160.1807840873498
182,183.86450496096205
182,190.48978060169537
207,203.48468660548306
234,216.58096905567444
210,211.32654648415308
175,167.9710997878035
186,157.49516883286802
151,162.73513286126555
160,153.0169359111611
137,148.59322797139245
99,101.279663979874
83,63.233448446815515
47,53.43711812422273
45,46.689503690440624
63,57.01408297984249
116,103.25990146897752
146,157.23898936355218
260,257.3206234143955
311,309.0236121835659
243,246.0407832240162
167,189.42465176974414
149,173.59684125506018
153,171.80242733044525
166,181.26413709657587
182,199.36808777255885
190,206.05223380691416
181,219.63771065413442
230,216.7035316417295
215,222.2506555662917
172,192.74416572529086
162,175.48235425940493
147,169.4626564456722
190,156.87294419774832
167,163.90273915405498
128,119.60806911252523
75,87.08916389930363
68,51.76276357766054
64,56.02798576594211
50,73.0321612273699
101,97.72414077696145
161,158.88403322350104
254,262.01349034467694
305,309.13786467837133
233,244.8809659244809
186,190.0406536646166
214,180.92855873006027
180,190.62449411037798
211,186.90755049038688
222,206.79212692324398
226,215.90593359124887
232,222.82624147947186
250,242.68124776253305
256,241.326349100362
246,216.94296963337138
215,204.5407988554344
211,194.72626375528412
227,202.41526715430962
195,198.37349831322686
159,167.52096312483462
126,126.92051116414778
76,95.36434084504056
69,68.61529822449573
81,76.82542287957197
96,101.01801470788716
127,133.4946099489045
110,166.03989362863808
110,150.77938830446985
120,141.68788093231558
161,135.04984761791368
171,181.87177047348862
150,187.61806627857428
164,169.98478225157996
156,193.8681907067188
196,188.28579476411096
225,217.53215859268127
214,228.89466804775452
221,231.52576439531248
251,234.38395383029706
222,248.2776387093303
294,224.1515923838626
283,271.13875734088094
301,248.51206442237563
282,234.93367042394954
254,187.21355305169206
180,163.93793211289307
109,128.44898759955632
106,96.73648632152793
115,107.90732021968853
119,133.1369085793006
143,142.22086737726133
143,163.76698227421292
171,181.46793273879882
155,196.67159215667127
195,190.4365021818636
171,203.71991185192817
178,200.01491937086922
224,206.86605569385458
195,227.25107971306767
197,221.57336839365092
206,227.58805751963553
204,234.73627293946765
234,227.94244231711068
207,236.86764570531588
227,234.0282805698323
250,265.15685944342965
268,259.4985781403534
238,249.33263728486168
164,200.02166448374757
140,138.19398360499613
81,106.24224086266297
96,82.23914457994253
105,103.28665295152965
103,122.35767623475296
133,128.48937617772083
117,144.49845195070148
145,157.36124846842014
158,174.41344989962022
170,181.7647335543752
173,183.14683131085914
161,182.42299428976963
175,176.21807770505677
191,175.40682310668348
212,188.36718092059843
172,193.3354125194011
169,180.5416718936128
194,172.5649768324295
184,183.00326574368074
191,187.88760671084935
212,196.54888315930492
156,186.72861664994088
136,121.4702904275818
92,96.6970842173167
49,62.87348863644061
40,55.89035571883278
58,69.22682098391358
90,104.74589187486771
148,159.57729900376685
246,251.01315291913087
295,280.0288341992876
232,222.69028248095853
148,181.8879734608238
146,160.10211895480106
168,155.71814654609526
166,172.38612360993122
158,177.56491007319661
167,174.03419303269695
162,187.0609355481655
192,182.8330512721791
161,185.82854065274446
141,160.26934425057064
148,144.19723768128353
155,147.54688325013342
130,146.68391015474535
127,122.8368472028589
69,99.82665007153459
55,60.23389324384564
46,42.956287773743945
46,45.285987377746814
70,62.3661331869043
94,96.45049519163219
121,155.42742095746848
254,241.5744425243985
278,306.62798925943605
229,230.72104286579128
170,174.49619776124868
165,166.43388336437874
173,167.81928238950775
169,177.22030360450069
161,184.81693261074525
169,183.3386934957609
219,194.36670562634998
189,226.22027683249553
192,188.5931838876619
171,168.8147362493912
164,163.594555958225
153,160.270647027163
139,152.94119427606574
137,136.69615803532093
100,96.19913551756649
44,61.25747677933835
45,43.56885567567095
34,44.03366368366713
57,59.262684203289645
95,100.70265353023528
143,149.18233457343794
247,253.75235172792068
283,302.9070782547436
206,237.47196650242003
197,185.10829796186775
169,183.4330215175248
173,180.21720444239293
163,183.37083384307357
172,186.97256109415179
210,192.9338748144506
203,222.09085489348874
207,226.0161824475779
211,222.6228408305988
176,194.7917207995684
170,166.65704709468528
186,165.80233679187688
186,165.85421470604598
182,162.07014346506733
136,125.2186806732612
74,78.19498507729203
46,56.757570064614484
48,53.908191499498045
78,63.32741805433433
110,100.17208590299244
158,153.89865516985049
276,266.989486380126
320,324.3761901085476
248,225.61005860279573
214,204.0089174397173
178,192.31968996063245
173,183.72089468025862
179,185.85175388173772
193,194.03963783686237
176,210.29856486471462
216,209.92187046077626
235,233.7297321761356
220,234.7635370132231
196,212.1744232749313
182,194.19044447969077
190,192.1370024801709
188,196.26349530812215
191,189.41239657697182
130,156.21610527769133
111,97.75719539194466
58,80.94947735466691
58,67.06399511201514
75,80.57567021692313
104,118.48728067467758
172,160.51718740333934
260,264.0729922445186
313,322.00123915686777
239,263.84304786310213
201,205.55199710938132
155,190.79846411432848
186,167.8608970879082
200,189.4879984088123
220,199.6949694916632
216,212.48865633643678
240,242.44817933322133
288,249.16400756709925
264,273.21624305970573
268,259.44401241799926
238,238.4768912392531
229,251.22779780323185
232,238.1286214361608
236,240.75126308324727
254,194.92592114826482
221,188.45029798239702
145,154.87328788257696
100,116.1279785478937
110,94.84512372085554
101,109.47166567450495
128,129.68298674078235
183,155.47617831792672
202,191.0448579803214
228,210.85924157383695
224,213.06006337287639
257,214.13252221537172
258,245.1815525044323
244,244.44164175406627
261,238.49017668049942
310,241.89655096258514
262,282.25713116370827
287,259.40020289078836
292,275.8521433407853
277,276.47872501852845
323,262.0897335827197
320,289.1174897805754
277,298.1093858317525
339,277.36816265643904
282,268.9184414953827
229,210.6492668715574
146,159.78024834678595
101,108.68724185642074
94,87.53800575465156
99,98.73340938837899
117,116.64112608862692
157,139.8590890244971
131,161.2074037748575
178,169.23246289003345
177,190.35860255098072
198,187.96958906334075
177,197.10860465730534
208,181.55656140891173
194,194.65233326555048
187,189.3709061132012
180,188.0865928464062
206,177.89675870536138
216,195.9037708398682
186,197.496048069978
189,182.22180074854012
219,190.6690949027371
219,213.03547268641805
197,187.2730646756926
161,139.584291739435
105,108.38872674635282
96,61.64761052147727
65,65.75112200448659
74,70.93972501320654
92,100.35144740150156
132,159.99543811093008
236,225.75125240539586
292,281.5595075349815
201,225.2796686342369
142,169.12142069024364
166,145.0425213372916
157,169.4562581912178
155,165.65049232006194
174,169.62882057620976
180,175.82428077121256
171,187.59339030136488
237,186.31948622198752
218,205.71509519972713
220,169.06360407471803
178,175.87550324544983
194,163.0366870720048
191,159.66461682959664
149,145.47769720572867
97,96.92043959891696
57,70.24108521350783
46,50.62530372022095
36,51.68756568106272
71,66.42670309889195
87,94.10848551617451
148,137.98557960851963
248,240.85367150451637
294,291.96308222223837
213,227.24403365913994
154,168.87126618953087
159,163.06268405745638
180,165.4719344925599
160,177.86369633357754
197,178.52652007366143
157,200.83421968193082
183,193.9738813662065
214,216.87427493096925
199,213.90798182377623
182,183.84746654357565
152,174.80318454420885
165,161.92835359845205
148,167.95088732739424
148,139.9244344377096
105,105.13994616561091
85,57.96499386476328
63,52.422097879599725
37,42.72497261791289
66,58.02012265383121
97,99.83488291574056
154,151.51297192737925
247,253.83100605971202
311,302.3630925227949
270,239.57684038166042
180,196.8241347291641
150,169.5697360187529
185,170.24399324619412
185,181.39417679196654
164,199.8582056773908
205,183.33145869267938
196,208.73450809218068
240,221.7081197440071
222,221.2752107334985
158,191.81830984035756
160,158.8464813850523
200,169.7854119707149
160,184.03804143483438
155,159.71019033573194
121,117.39097173164808
75,77.96511184255117
47,56.63270842480089
57,50.12379912679646
78,69.15842599587167
86,103.15543418920672
155,159.821890260072
271,255.0928068223269
328,307.3229431630807
251,262.11532945846295
207,205.16021634405809
182,187.38663810688823
203,185.78905839284613
194,196.97775912953904
204,193.89932445246475
198,209.6142565739535
217,217.68195534550296
251,243.27779907413785
246,242.8025586487873
207,205.41410923543376
168,189.30244582641646
209,194.47182050324204
196,194.5062167042095
196,183.0527712344247
157,147.11376994595466
90,112.59776850642645
62,69.76721017879264
59,66.78497209921122
90,77.04185262378967
103,103.17145171230726
175,149.50388026904255
274,228.6863545249463
329,306.2739570194855
245,259.7173087883706
203,208.30580440793753
179,184.28994690790614
192,178.66834229478422
167,198.70342976113994
209,185.21067734023225
205,211.37432781236782
223,230.46283800713658
291,249.6238708207292
260,285.27275109280043
230,256.6473247363802
221,222.1247010791474
251,238.90728012505122
244,250.61402893785626
263,236.61049394525318
256,234.87648934840843
204,203.3496305966782
148,152.5230561737543
114,111.38575906620216
102,104.42745152661311
120,107.15301678278409
142,133.38307626505826
162,167.0209805241762
183,186.5675210711264
209,204.02874808883044
209,213.437997851681
225,219.74944726643514
217,228.271127379679
225,220.1145875845523
257,236.37201593964002
275,250.1184650188257
265,259.71268482004285
264,267.31874509342117
276,269.0605520070736
294,266.8298681149047
252,272.42574371108685
317,262.64580858802
338,297.5133440996884
327,309.6785049695781
258,264.67526958930404
168,209.79030520061076
181,139.09303617892837
124,116.61079219370527
99,95.80039371618412
107,104.93310625419412
115,120.87074065716824
155,139.06518568553935
127,147.2317700809252
152,173.05773394839534
182,176.56752602827365
207,190.42888740169306
191,199.93505055782703
199,195.88317581508153
187,201.12621260755085
207,191.23921695106355
208,201.20459595299428
175,199.6100206499125
216,184.0020570838796
214,200.49334643622848
202,196.33006667023855
216,204.23763406295205
225,214.96527710433844
213,193.87096309911303
148,157.1276693945132
130,100.6996596579009
68,86.80224503466542
53,58.96713115983963
66,72.50948846374156
95,100.39261724506974
144,147.5832429117956
261,223.49830761176605
312,286.5401093663411
227,231.14958756574774
163,172.25676293062625
145,157.71390787595956
158,157.40604180733246
165,162.27065132308704
152,167.75632134352028
184,163.56884781107243
162,187.1605413769988
207,183.30322871510728
149,200.2137150108447
138,147.6529404467493
146,148.05575564503985
128,153.99405003166117
139,143.71693514519382
139,128.90132691564824
129,92.49655388620162
46,76.74355990282194
56,47.105416182161875
51,46.478327232290376
73,66.70834188785014
89,93.0216364688424
140,136.68452160671694
270,246.74909993375132
316,290.95327359968553
195,228.97161371320888
161,160.7608970568442
153,154.7088186518211
156,161.66957404585892
157,167.5303182667095
193,172.22410477975066
178,184.95413980567358
181,192.83250882209438
194,207.9259448196701
168,188.63696917578858
143,164.4219174362752
142,154.1489208564291
154,146.53603054796562
163,148.951456922902
167,145.37215858353923
114,112.74889060577037
54,69.83923520449895
56,50.093357479378014
44,43.194812521622644
69,64.71356640341956
98,98.89873756153743
128,151.98491153642857
243,246.09940591410034
321,295.0103197331208
207,234.05435720976
160,180.3742528743528
184,157.6261898566611
169,178.61072844101818
176,173.11808093359284
189,187.57455389281398
165,198.63882532648557
178,189.45618148790464
221,213.0098284454176
194,210.67196265184202
172,169.168919962452
152,162.87377677073366
162,169.16812522435714
166,171.91636583517248
188,167.35152218681583
120,130.12818866914319
86,72.3499398508131
52,56.91739165206831
52,54.485609876014436
72,71.18811539639105
96,101.0126492576838
144,152.3063832597804
239,244.3335656633632
297,304.39699343211873
240,231.36612017156514
167,194.03740429839752
189,180.7541363163325
181,182.97950565516976
173,191.15440625902357
170,199.4535254562193
215,184.85941126409583
183,219.54758009412615
240,225.89813329708463
204,232.62903102119688
196,200.63174607006806
193,176.01616660650015
195,192.16406637087442
185,192.77771953497174
180,187.94402158345457
135,146.06254147485768
91,104.09272222725991
81,67.55534350533685
58,65.11491947610675
78,79.40775125732532
90,101.15655952351878
140,152.2763879455453
273,246.3531710373594
329,338.811484737436
236,253.30135443982135
221,197.5111165937836
220,186.95253672274694
197,202.9545920404126
216,191.64838848478536
233,206.15993261177357
253,223.70114382941316
243,241.53242946253334
295,263.6129284095215
270,273.1546814310439
281,250.5689561948751
215,239.33127292154927
250,230.0151816354496
208,248.85471184093294
263,221.26902683696292
254,236.77889608944787
171,206.31527467327206
134,145.1110548722538
104,108.10680463427612
94,100.53520389292167
103,104.79170261402025
134,127.67294969840124
143,167.0846976886265
171,192.67354383773613
205,210.39343007324914
193,216.5791265174096
219,220.30632835280178
227,221.29468733234293
208,226.34529260919462
242,237.63488823495038
251,252.99722656431734
284,254.06800533500467
255,282.8948772091142
282,265.75765512637247
276,280.740341737489
244,250.51550474658353
292,261.0760224661769
322,290.6723793135534
277,308.76324800194266
328,246.63214312448147
273,214.19966255023138
192,182.93822527322288
147,122.81033333772855
139,103.15706504568954
123,109.47633720410317
111,120.80889139549862
159,141.5071777033687
122,143.26098439498094
169,164.3089733879198
174,182.45803897806348
192,190.61184921862252
214,196.9269204175418
204,201.75967438260417
209,202.48077591047152
195,204.32076011377686
198,202.74829545317098
201,194.8717522732683
184,201.3557221796625
192,188.55635950421782
210,192.7971115804878
235,209.2877140984535
233,226.6433385919395
211,207.57526922285996
165,155.36530242063796
94,111.78108589674206
80,67.36858933297488
62,57.16091495769829
70,70.2056273422834
105,95.51208877240263
129,152.875606356413
247,231.56417665275197
279,289.79838755358276
227,220.0984505988501
183,178.57913641450537
154,165.5038353441837
174,162.17774140882582
146,173.56204332193064
194,160.46889629437698
173,191.58456814810935
180,178.17234493122734
226,201.96877243059166
185,202.79075525946732
177,163.25428024095498
148,163.51040575019363
150,153.48559345537078
158,147.85277330940502
120,142.51205023967324
107,88.09714841323566
66,60.96653212461319
38,51.49380254016705
51,43.12537271455837
61,71.81891617494716
96,90.59970132810814
131,141.4397151959555
266,246.571132473905
309,292.85934267717437
206,229.11168651282316
159,174.60997970405774
160,159.19429193164032
200,170.50100046167154
182,181.4816771814981
166,189.4827628225118
175,175.67486930878235
222,196.5037428428579
275,225.07190537702016
216,221.8739739795964
146,179.8392634780285
163,148.0338770826659
154,159.53648106683585
152,151.97487613864683
141,143.69515863931102
116,104.99551002679596
67,68.09653737457732
48,50.85716479665504
47,41.56836522385302
54,65.95865054830699
98,94.19526356260083
135,144.1689473661058
257,243.64596963728692
302,307.25987039956
251,222.41726546904283
198,191.36404784705758
194,179.49633483410864
187,188.18842962285436
192,188.97018013209902
197,188.5523948182652
198,196.94870408292707
207,209.4718297202247
262,232.80758743510825
228,229.42701714623055
248,184.6964128004473
174,197.42919585361201
154,176.0047642898916
188,164.77381497230877
149,163.96507820326713
123,117.77143757657196
82,79.04187738816765
62,53.40919062780808
53,55.27347535273822
65,73.47021543121176
106,96.73728820508015
164,154.08413824135528
279,262.845731340324
321,308.1835694369721
233,250.19608839491292
180,195.16504999186841
235,183.47350006098287
190,206.72675549515162
221,191.78335253095813
274,210.30996363886584
267,230.01923506828683
215,237.56653415344343
242,246.71506788841714
213,229.97208131749335
176,204.17749507419512
154,173.56558847277273
184,180.83827542787145
158,191.6916728013788
168,165.7566793173482
74,91.23787216183574
42,48.05966904503261
32,35.08550903778943
33,29.146769791205166
50,42.041611603597914
61,80.8516233753118
136,163.69526590886912
201,238.07217496161925
351,327.5716405076047
326,335.93231649035454
250,284.062840282724
241,273.19686118438585
256,285.2663125147472
247,268.0850518224326
258,275.5081814675975
261,298.61952028724187
344,304.8613870753352
369,388.1471542860501
382,386.5474204133192
353,363.63005224203846
280,348.0207718790624
243,276.7728981214584
207,228.99980639341814
152,162.99554043282137
115,100.48368941582943
56,65.38176028916008
35,41.55105171597624
42,34.784752502931106
53,55.41672278100065
86,79.95196897072168
148,163.3673897369953
200,223.70494743400064
330,327.50254622951536
280,315.71438547236255
235,284.0940285694666
217,260.13108394332846
273,251.44860449176858
259,293.8835396332862
213,288.7700812308669
274,258.21350178144206
309,327.55672361024824
351,369.65611162766317
334,390.85076914602223
328,357.2988403467982
287,328.9524142473615
241,299.575717398889
175,256.78988142656095
188,176.76241707852952
114,148.02629741060255
56,82.20068581070925
27,45.46253368005695
40,38.996349617725485
68,61.82833153437258
74,98.76805996965078
145,151.5691390582662
172,215.56528254426965
246,286.4485299653079
259,275.80478989967855
237,263.871851693065
258,251.67156825613523
250,282.97992389487734
287,281.0920552387037
284,281.21309447399483
279,294.2341871420158
297,310.26747550760246
288,349.01455456717554
325,350.6608250616768
287,353.8476405033268
215,313.4651647717118
218,247.55719158719853
187,221.42203584991194
188,196.83037274723873
145,165.33108953607064
102,111.43946630456207
56,71.05503723478658
51,56.45819409861534
56,68.48509815338105
71,71.50133392011821
94,113.83640493222235
107,123.3181111501975
109,142.7861821679142
137,168.2494768497731
138,168.1254243762931
178,152.57425838191773
195,201.10401146206095
144,226.18101053583774
143,162.1049189047416
150,156.8852738657788
161,177.93083904776142
183,177.06995742200684
203,225.79093863164883
189,245.09929460003568
166,178.6023543964579
154,124.50256223308703
200,155.74292512582434
204,169.25236038133667
161,184.37783033336788
104,133.9475282236612
59,91.63860847766806
46,85.34867109537788
40,64.48868164269558
40,65.18615346508157
49,73.62108183665865
58,91.5930984107686
67,112.68909904601904
98,119.95135849453959
156,150.2717501622681
153,197.5736999096117
179,192.29716411723697
202,207.92627567259498
196,231.59729615306924
174,226.8217553630972
182,209.47316790089087
207,221.10040215264164
216,249.94390388692204
228,245.28158343753051
189,242.1205981975589
191,204.85570969231856
211,212.74669331735922
237,211.04317058504472
157,218.22005822508777
103,126.09362210671276
79,75.79946487224275
59,72.66040751966189
63,59.91260791111505
39,58.99600421173894
50,66.71382751712265
63,78.27694420131702
88,98.18995364830445
126,101.10746080053804
173,178.91640635153664
216,202.37915874475988
220,245.10450925164275
251,234.55562755407215
251,241.39947402962332
221,227.96456102908877
261,216.2309728344149
292,242.39203346284404
271,260.1451191464068
266,244.53074332383466
224,237.75607676750755
197,205.97409906186422
172,187.01933828685856
136,130.19276353427293
64,86.25775473187467
27,47.729777478383205
20,28.860738888298005
13,23.07569465120822
42,46.93190367551706
62,64.50710167332748
130,138.0824006885849
182,202.3053167165332
300,290.05261492763555
253,284.34794565720824
215,239.62288472961865
230,226.87247470901238
237,242.9045738808785
231,248.72104187106655
221,247.42171197190785
226,243.10324411875723
264,253.9006177023077
281,299.22377839421796
268,313.181634127594
252,270.7678649307269
240,253.74536933246677
243,229.51890633373543
168,212.78680956606718
112,135.76379086310652
74,80.88234653956913
38,44.25094056911339
31,31.165103584163816
24,27.30839799748034
27,40.69040676646944
57,72.77620094027385
145,153.48735659770193
202,245.90865839750208
356,316.8942978282627
290,324.29662026022334
259,259.0666378864941
255,264.06805389608473
272,265.1926082330918
270,273.8466364157568
293,280.0289377986855
257,288.9194397533216
357,302.5319517670286
359,379.1344346470354
403,377.38162866603216
394,362.7216318314453
396,353.8680348464971
294,329.5144079203668
243,243.04162559398867
151,164.39689598416916
105,110.14652501438589
49,60.27257502358938
57,36.00826102813147
23,40.00586788877504
41,50.60510006385959
82,74.24759221003582
147,158.27630297809472
309,223.01540125257839
451,381.9578725134564
388,338.9076143547212
236,314.90308141959423
252,262.4461824482376
247,282.0227761212377
296,280.5118784880289
262,315.6671807475016
295,289.6699000675989
303,329.6536828781176
368,365.4564415173442
411,402.97424265192234
385,391.03300212591256
373,370.75520810636874
385,327.3740002373732
270,317.4291993036183
258,206.10353690831397
127,159.94108221808315
76,79.48176066813977
43,48.42743751088788
30,41.809336728377666
49,63.81974258288383
67,85.98262539157315
143,145.95396831672014
238,239.09769832484787
378,323.9281899491599
304,326.4077376838882
288,270.6265221711261
263,276.88270342574583
277,265.121174825052
286,292.0256977203041
299,292.7069302382081
277,307.69424715050167
318,303.55923920553744
395,350.37861176821406
396,403.7944124867799
403,386.76549910507805
383,355.6463192900311
348,338.2588498965087
307,310.69950022151795
289,245.7222702812307
178,195.03341383331707
114,116.23212983104762
62,64.02372917267637
54,53.34422987857448
68,62.86638166527742
86,75.97982382830149
126,127.57727637331769
180,180.5989589706222
265,260.7670826127663
296,241.90071246051605
243,273.34043078225886
234,247.79669256497465
263,248.37725949621333
244,267.01717846355444
303,253.60213690686794
293,289.064065299125
328,312.4119695454949
375,353.1303898330213
433,393.4878421133338
450,441.7084427464238
394,386.3241007192207
340,348.1396495807678
391,345.3894657542499
400,315.4835129311035
281,245.53725364455047
176,170.35159887703946
124,101.6636211616821
70,84.44512216854257
73,65.6691653805292
61,65.61141895481889
91,68.00535890779169
94,104.49419549870869
128,130.79618812917096
181,192.5709536809228
276,230.0703939862395
274,270.2218182904305
270,286.4432626796647
282,270.17838849258595
269,278.1107714217338
274,264.5435705041718
297,282.26032303093757
309,305.6201294087683
335,325.3498105828856
381,323.41848104282406
331,355.27738061831843
307,319.92565972177925
371,319.3090185231905
331,343.3017564327506
270,250.94929245258194
195,178.21447072334854
148,116.29298488334756
112,96.19333787740537
84,80.2717811967512
75,57.72467218011658
71,75.21561624296147
94,89.06991059284795
117,120.40347208829026
184,164.4849011614133
238,231.8909967396304
269,248.6151495764665
266,269.66539495783877
200,265.9435442031863
230,223.95496177770866
210,229.97564201814498
246,223.02105128773638
269,255.1530357489776
276,262.3081481503943
241,249.80387837285366
238,228.83211498493424
213,214.38900683491147
201,194.59708150679253
158,145.97175359911387
53,89.18562084037643
58,40.347135616107984
31,33.207716597152455
22,25.3324944967703
46,44.040854587062576
79,67.48603538254277
145,142.29223397309187
196,200.84017303094654
378,286.046003777527
292,299.2918998953864
237,244.12369089214198
241,238.29126813304384
253,249.21873381435094
235,249.49469736216938
270,247.67686090082057
266,267.25602130436914
290,277.58224757103176
406,307.3192122440205
421,377.02789141338445
462,339.5948824510437
347,371.5793703688822
289,287.1404849878178
245,237.6082865690717
134,153.7196215269946
85,76.77955680847623
81,46.49557938152167
34,39.74062145226369
17,29.66750071521611
34,40.35226467198198
87,65.42522470157239
158,156.08491071224967
206,227.01685972148934
406,344.5702120482882
283,325.98383622714044
265,251.8285599607809
276,260.32069160015504
289,279.7161614855919
275,284.791732925179
306,294.18554475389277
278,302.86666123850426
324,329.8155427318579
385,383.69187187432027
445,421.83059074522095
341,425.67437229054707
363,341.9422250675511
323,321.83181837645935
229,278.3455105953637
165,166.19374224394718
117,109.52546488037208
55,66.81512186296138
35,40.611019569969436
35,32.74249406209233
47,46.98136599140222
77,78.33478787960473
169,156.46954707477624
267,256.5453450526057
430,375.9833960439782
370,356.8834512564184
287,290.17950601088506
327,280.3863490113083
315,308.9165933363841
324,313.4376782477353
320,320.8590342716604
335,314.78915427706266
382,345.63548011147526
396,415.07558667406397
437,423.53477279254406
440,389.29445281849445
468,382.2995973556914
360,383.0464064772092
287,297.66473246743345
224,218.89241027801552
168,141.13634643049184
87,87.17104830099832
60,44.79730129949582
33,41.02599727450381
64,57.50802951543305
82,81.94979478751455
167,156.2568915384319
259,237.8344180466997
402,353.0027499174724
338,345.07428601292054
270,292.7872702346197
317,270.69575097636044
331,305.9978872103822
321,329.4884999153025
305,316.8139536267555
344,306.83612337241397
366,346.2280069565055
423,393.46769094088177
438,432.33527044017796
413,401.85279491788395
420,385.0370978883308
360,376.1748720512427
353,315.36430205488597
247,276.94525395949734
165,176.04836894484762
127,118.99211160485535
63,79.46547545535904
41,56.25053645485543
86,67.33806565399377
97,84.27714305212974
131,132.75154758392725
224,175.05534891106973
271,277.03994567231337
270,262.8081005224204
252,258.4557008774936
268,241.95143474720447
280,262.48220276089404
293,273.6849999671123
301,291.3491632223243
304,292.68549415044413
324,295.378936996309
349,348.43146336747054
401,392.8336589478886
412,392.07345444768936
359,378.97602591469183
336,319.6916870811685
381,336.73361583485206
341,332.01835753249645
262,245.82666799119278
153,178.76379243589483
119,100.68570857352857
87,70.73133333838447
77,77.35351932619841
62,64.22198440494648
73,75.78081001882059
104,97.98208315905636
151,127.95646180748186
197,185.26282255911036
251,234.00902966387707
314,258.71138767264506
282,303.101729517858
285,280.03113485494964
260,285.385796208046
272,263.28250786381597
277,275.51751810320235
341,287.074467643058
394,354.8354997752695
406,376.21440837779704
389,367.4800380815706
344,351.4285425017244
354,337.59729541863436
342,313.55299052949556
235,257.76272202157145
206,167.71708122530836
126,130.55936849261016
96,88.74680842553735
79,76.57163606413306
55,68.3461437017062
81,65.83572400071435
84,93.5531869632839
112,124.00081084604118
179,162.86548596919587
234,217.08319800184202
295,246.5956797446531
302,280.1390586894499
293,278.6289341744907
247,274.9774348363289
259,229.1766629460006
285,250.18989241094968
288,276.73699983793404
284,280.45319126406434
276,257.415174113421
215,246.28628718602258
227,206.0567576413825
197,206.4549584433649
155,150.63858314525268
79,88.47778208715054
39,46.88530450563391
14,25.943277712543313
29,21.802285429504334
61,48.80347600374089
76,72.69872786459064
160,142.82494867104987
197,202.15375528817347
365,294.84731645853014
262,297.59367585824157
225,237.37318694122735
242,230.41383831485453
220,246.16034720781946
247,228.7135845532967
233,253.4715344134519
255,243.5100952881599
282,266.7228622348636
332,317.89894260306977
306,346.0281756365352
288,285.19988425283407
279,273.10251310312066
286,254.2103817905322
195,241.07666065466955
148,137.28060160973791
76,86.9383771655734
44,48.274846887589945
34,27.646960314258965
29,25.522036439563713
47,38.38972667750377
64,70.57356874670842
126,146.83010510655194
207,205.166162563006
368,328.9836422908043
287,296.2572938252773
256,247.30297133274152
243,252.11201969384217
252,252.9114747475168
275,263.6077710098791
265,287.4749995086199
260,271.49928772699974
314,311.2964852180039
376,362.7906295959723
388,395.37569987568764
345,357.63775946905054
320,342.7827130145939
364,295.79285587992
245,282.0538214859754
186,179.21255016916572
101,113.95975446636128
64,54.944612460219005
40,40.727408406473636
31,33.048040597150575
42,48.295633060032294
62,76.81819111153796
142,143.93136047010046
244,221.26867371063182
377,364.72997065615783
285,327.87582159425233
258,257.73807816827684
278,255.95008152527862
285,276.0489993532353
264,295.3977809686889
296,284.5169727507647
302,295.75193906748177
337,330.95774976661176
362,387.06209423233634
392,396.2243294768014
440,384.979244688534
345,407.3363496281298
390,353.5134263408107
286,315.3484086949235
211,215.85002742938488
120,136.71830326288472
77,74.11089531664975
51,45.63650299564262
38,36.601780134958275
65,56.824503985341615
86,75.82056353356069
135,150.11288344596963
251,232.02519994851434
407,358.35867644148595
331,317.9446830535006
282,279.180964874359
286,277.8202627296678
287,291.1778636503578
282,289.9447928565969
287,295.8372060757202
352,294.16830776409574
360,357.2958727286302
357,400.295990943016
370,392.78272064818555
459,383.40334647776854
431,422.83215640278803
389,397.0663500072393
338,345.15433848183903
281,249.84231582874838
175,186.52585967612185
121,112.48080848027023
71,72.46615448398006
45,50.42846864495432
66,67.6922122199605
94,87.59576179465905
139,124.16357832653524
232,205.9117424148884
269,316.76737326968924
295,283.6680707839429
284,253.6488874155136
313,277.29672668291863
296,304.91717462407684
315,294.04043812062014
312,319.8041954143409
338,325.0880813184003
320,349.45796369204777
401,364.35047970037715
454,444.3820554045036
504,476.5347870969075
422,430.2155781068783
414,381.4090454655196
439,398.09660318585793
348,340.99443277464945
270,238.66060092084146
204,162.716873326304
125,116.78438447193548
84,80.3087240480159
70,68.61018057226319
61,61.50291352745634
74,74.5051990377772
113,97.96255073175823
144,149.55750632079986
163,205.04302894211503
284,215.21571802621236
283,308.2609823169534
276,289.1532468499118
255,288.3810965326484
274,265.2862533302668
283,279.53341290388425
323,291.1793133107056
318,341.214713008911
321,353.0113683941276
390,342.4485167249053
340,368.2978051606416
305,324.55790135242586
329,323.54622791968166
390,302.79460562416824
254,280.76664969588467
196,191.9800121687471
101,124.78078745941193
107,86.70382911245196
65,80.88521851686407
74,58.341351865716945
69,71.60480342730143
79,83.68299863877664
111,110.24683805626177
180,158.16109993608245
234,225.06908264999979
333,260.86940403211213
300,322.9653385817409
299,276.5962453481309
279,275.85650337300507
295,260.6981513529079
256,277.65929311892563
326,272.06565110895934
314,304.4104048014937
273,275.6741041247448
259,241.17488616887033
188,233.08646096867184
187,182.9513874206355
129,146.80915859429743
76,72.7507071704157
42,41.332106254521705
32,24.260091693872994
32,26.324996513231337
49,49.436631554111884
61,76.12871796963957
151,143.71822558564853
201,199.40454597937324
360,300.8399863280676
276,276.59992098320237
252,235.47382259396417
261,238.505150489457
273,256.7713436330363
256,264.01874265618886
305,259.16149520009253
313,296.7585499928128
305,305.7720344758485
352,346.459635425792
388,354.6888891722738
378,348.1549629549605
371,340.70473913018213
323,310.71460865569895
234,243.59797266890533
163,156.0873786750509
82,92.05459973651759
49,43.4446231691215
32,33.18443076901788
22,26.003886434968454
47,39.01226680923855
69,67.89917680303547
146,141.6135037952339
275,208.22886891083618
400,387.3117292609635
354,317.6816068855702
304,281.12536576014026
320,284.01479137594185
353,299.77108180793346
321,325.58154082106665
320,320.0740975460582
340,307.8157156424396
368,352.758866759694
450,402.8240598380645
432,447.02186275020085
391,393.8245206291021
407,383.70435605444453
338,360.9470325481673
255,287.5260089967941
206,188.90766838774482
112,122.0101704889281
57,62.62169665203281
35,40.72107899031218
37,31.195013181746564
53,46.216713603378146
80,75.84610188748925
129,150.324682599296
273,261.4618036599267
427,396.5927677465869
342,359.0152367461493
302,294.80365595106275
320,298.095706279561
302,317.2331823106395
368,311.44796922210793
345,352.97404210629253
349,334.424555259196
396,361.8733192117872
405,427.9729605215902
506,429.3727697875235
496,461.55735827708406
422,444.0428414330312
362,385.85836610770235
292,311.48758091822873
222,228.1339903062562
150,139.14141307826588
61,83.03489433185116
43,46.804487064201474
37,35.683877456367846
67,59.07924998964514
75,82.82960351090186
180,144.1546978924436
295,260.83699001877244
393,403.9906497685439
389,341.34288152530945
297,306.69374398011826
342,296.87683867746256
330,327.2610187060015
360,330.41421523184005
339,344.5283217457154
389,340.76753436693593
349,401.4815521678399
369,401.13217403262183
400,403.5136377096776
418,421.5642976683214
374,413.95129496544376
361,368.37955393405076
345,334.61201254697244
274,274.3968103811013
113,123.15957280214815
62,67.23049686502213
54,43.842330943234
35,37.46873734386917
67,64.78938460060697
87,92.44101138358712
115,148.93269263521105
192,217.9373993383829
304,291.1522198474564
244,274.73794710197535
220,251.32145397211391
215,231.82238050561227
223,242.68467589398108
244,238.8882665272349
301,272.9249316738922
255,314.50939887770886
340,277.05211549819705
401,375.1178792496113
481,411.8409139721399
397,413.10103473726366
343,357.9406304146464
337,381.45376450620756
280,334.16069526803216
208,243.20265048673738
95,140.49567039083163
46,70.61383426949902
36,47.0762992100989
30,43.86235439493734
50,64.867542755371
103,89.35242070306958
147,149.79214964050257
216,225.5194782772993
349,312.3455678158524
254,292.23149359304364
235,244.56157246128754
236,249.9644837700585
251,250.945765762209
225,264.60985868944533
242,274.3671317969552
266,280.8314963107723
268,328.08775960748295
316,348.33689691255506
384,379.2734627986384
302,379.2649691745515
260,336.45558450470486
282,313.20788662026587
236,299.9980635319088
219,199.65484136089094
126,150.96688636502603
83,86.34659524187231
51,56.10460617970895
34,42.30381367222732
65,68.7157477561277
97,93.02766028812383
150,144.94360627380033
167,225.28641827211558
236,296.52854255690295
259,261.0479113285335
249,257.00491087079655
255,265.6696841579323
239,271.26444827676596
262,257.79448198278476
304,284.67787445673696
290,314.93357902343377
340,327.5085800570653
330,384.33715468288625
502,377.8017048841613
342,477.57768077865444
287,339.32486359491037
397,364.90581135306627
335,367.0000508763849
287,294.0969889741207
206,204.24986703860372
134,143.70031007406604
90,85.67008191876614
48,70.29062724095652
74,69.31642246899592
55,97.18735981825476
90,99.84527237711681
112,113.33011521255877
115,138.3419319379613
137,165.60886800465713
163,191.51050830451697
188,195.21534488019728
185,210.75477699654846
216,214.04712273876444
236,248.28594629727644
265,263.8621577739653
283,309.5856694993639
327,303.6621497827883
377,349.76625293603996
376,414.5887201192159
353,349.6652044059382
297,354.6787559596004
310,282.71834201389584
314,267.76479564387125
285,285.7073050520327
155,215.12387993839192
107,123.96099448191116
93,90.16738782019392
53,78.75706211257527
55,66.47110276700509
73,94.5093938589544
78,120.23235032810562
133,132.0866865593635
162,184.23828740318328
198,229.46983360228407
239,253.58759500004325
231,316.87261089556216
264,280.5905734684546
259,321.75958291640126
270,335.02908918911237
287,346.3069696431788
297,390.686016132475
336,363.8746248037932
309,380.8510955979699
289,328.4753207987598
319,303.28736791374746
308,340.9740067324395
387,290.51106054708663
467,296.3151503636852
252,306.4645659823646
112,165.10479412148567
98,105.13741435730674
51,86.52936623408121
61,71.57660627246669
74,83.14930418822429
107,97.14621312634699
113,143.4461830486296
157,158.7235232044703
185,213.85404680114692
223,243.4596416576702
267,247.44713201963046
248,282.0476642080912
269,288.70168910419363
387,295.1514417771245
286,374.97128440375906
331,306.8665324338899
317,344.41725763778675
254,313.0723267608208
233,283.976647149434
236,270.59039426986607
205,244.44733884927774
144,191.4609423360073
119,113.41423204078814
64,70.76547247794188
38,45.3712151533463
41,40.78330658248124
55,61.85163265368214
94,91.12232515207087
137,149.1517672041105
201,209.23498874558905
312,274.3200928682989
229,251.21059677568167
211,229.5395733048456
204,218.90305182899183
229,225.2145760927483
210,240.98958018483185
244,240.97181192188117
241,271.9846329775812
262,264.564281660941
264,303.7478281777816
328,296.9619802314216
230,294.6956914230761
202,232.38802101931773
248,229.29458627181336
203,243.77123732042824
151,160.84515937670474
93,106.63394187292984
52,57.74364176910539
31,41.47849099183755
29,30.20603427694079
49,59.33148811489066
94,90.06734627897593
113,140.11948094284213
175,213.27567225420418
328,300.8422036765439
244,275.28377334292674
215,248.2145761494893
226,221.5479405674079
229,233.3949245776631
236,238.40497512726992
278,263.44222218697627
311,285.94815615804356
275,321.12040437847475
313,343.1441590212291
345,361.79735233315455
439,337.46599654555524
381,380.4027966679575
335,390.1989981643283
574,321.2700112081526
288,305.85046178204607
146,152.4650939239129
67,70.65331379903849
47,38.619319149202575
47,38.92160984571122
40,62.10363457628917
95,92.70012095269051
105,146.73896802425708
230,209.88737162282698
325,323.08652095859725
248,276.89207250811626
221,244.65909162246706
252,239.18618101731084
247,248.09985085970172
260,247.53100006428545
239,280.6359156423603
255,283.2089285951026
286,294.2569482396888
312,340.9828373737284
361,362.06151529916036
304,359.98275465389867
332,318.6285244579967
325,372.7493059171457
306,426.26931447438227
238,333.32223368129473
167,175.9120487573783
74,101.4782631249355
38,57.64452257557813
32,38.77539281901031
64,63.50730798319853
97,92.50786045990242
143,139.41518197146758
226,203.70037630920808
320,288.3187101354492
266,276.15459930923157
201,247.69186118318862
215,241.10253425492766
232,241.30163333196924
236,265.4796898217512
263,270.19654541222354
264,289.9156280067097
264,313.63057220162574
322,324.97250695771874
346,380.6471783743932
332,357.89150867452923
319,343.7144982238664
317,373.66318110137405
319,358.4248752826122
278,288.4031073709682
167,192.95490898186594
113,111.10646927050328
52,70.62650101628148
54,52.10468958795526
79,72.43369703468355
102,83.38006789208973
145,136.24963961295956
179,178.83818150676677
311,258.9407011974728
234,247.17439372079718
221,218.3187741985717
241,226.17987480138925
270,245.45715943135684
298,271.6229552703735
275,296.338000644117
316,290.6034797497172
333,321.05262981356833
391,371.8344374515809
392,424.77153158386045
357,395.646004392631
365,350.83876593395166
393,395.2230761296757
387,424.2075418236941
396,419.14375735499516
323,317.81270516899843
193,195.19988321099856
157,125.02068563167406
116,102.82081686554994
69,81.81329423671028
78,68.08985642824112
108,91.40346847559162
155,116.13959370500683
195,180.5013394052072
212,230.64703733102132
312,253.37234617801917
339,329.6252732454178
358,346.16299630187433
380,350.34655713268705
358,373.8391085853703
369,362.05262486266156
381,414.3661940709434
435,433.1045640574337
506,487.48152383685135
484,479.06132817043016
434,459.11257164124066
493,424.78730823345796
712,467.78941629476736
708,606.2568472489623
492,500.7181897784239
310,314.4520118286795
186,175.72466198342622
146,120.8184829061117
80,89.30457572971865
74,74.53162109659247
83,87.52200288999774
135,111.28289282094421
139,150.3052799910008
209,202.2284654250528
237,268.86462839630764
313,277.215284313365
329,325.7197582364407
326,317.4027866679143
367,315.847013536365
311,368.06132182270574
365,325.30072425918894
462,382.58606763533896
403,450.7019040457536
334,363.4351127651264
339,310.1918379771493
306,321.6216677609716
262,287.3894178558002
277,186.25538480273673
170,163.05865596897476
51,84.60887332516225
48,42.680478215174496
32,43.92460642378062
62,60.22009951225252
116,96.61291392628632
124,148.41444211391845
235,206.82210828382875
337,294.6705879160773
232,271.1062249918211
190,221.99819960801523
204,195.81768866515694
233,230.42183003190274
244,232.43973508035728
229,256.6245588161086
255,255.7007884738776
277,274.5064439634266
371,303.9000976278197
468,386.38222175456673
436,378.52897638180156
442,360.65421050657994
332,387.6394656934919
244,299.3259590268665
159,177.58965765918765
89,100.49089254676741
67,51.70343041249391
30,40.46162927163832
26,31.36013677371204
64,59.67257100671329
89,93.78395705762361
153,134.75275341201976
210,216.95345415832708
332,314.1896958022244
257,263.3283633174045
219,221.31486082523486
227,217.86952182746933
223,227.9709841897598
206,238.47763933508764
233,257.0256660685253
294,271.84888268332816
285,305.7483578685088
335,360.09293562694387
377,391.5164741464207
312,404.70213355973704
296,355.86294240676546
319,338.7725131082826
280,294.7329033460737
238,223.8699273630568
142,136.9575063122699
74,71.09047748606855
44,45.21038929651269
37,40.79545305121749
63,53.25640562164408
88,98.0776660977276
142,141.52143886181327
246,226.13776567453976
342,330.96381183523357
268,284.61136320719254
267,242.18473702493557
231,254.95500476514297
245,245.04939932377673
231,251.70563837823676
268,257.692491191903
299,287.77176835985
329,320.78453020745604
341,366.1900752940327
381,393.6184141578194
350,350.54592884718573
351,324.8262468342117
595,354.76708063126966
412,431.69603813289126
303,335.2525473186714
159,173.31455246583897
85,89.97384075186572
44,46.0562582870435
33,36.184623429963395
56,64.51997205617498
101,93.22220938772149
156,152.39779817038428
246,215.35131956680698
380,314.86418152881475
288,296.2573080733472
270,252.29733305551525
244,252.49458543191193
270,245.32600578037395
261,263.30422092249825
272,283.8995103606891
287,292.4852233540066
382,311.35833071406057
397,403.5994188757674
399,426.1668722704126
395,381.99026058207386
316,358.8841950443596
433,363.5843739670372
520,441.3504942945732
598,379.1358949258021
262,344.36946505988044
132,136.25376107067206
69,69.22306847394621
61,52.694205317587404
69,73.18721535326448
107,87.20320907498503
137,137.1377383261426
211,176.3175059223827
302,280.3909962591079
254,259.27760083808573
258,235.99534803455163
267,242.58515781487498
283,260.0601827903682
280,284.7748842541372
284,286.243136376959
324,295.3261720957204
357,340.92703952944566
378,398.4724918833332
459,416.1948145432934
442,442.8604154286616
414,395.61598944866813
487,402.8677792818318
722,463.3772779178499
647,564.6031267532062
470,427.27408372581755
283,261.49053191227307
182,154.12803656641947
100,114.96351291823265
92,74.81354495749845
65,77.8389879666115
103,94.5307794747286
137,127.6780082513855
203,175.8147111721511
283,236.3159695840671
299,303.1212304346384
354,321.72023779967196
381,372.48380757427356
337,389.97624914188333
362,355.15339903013074
440,367.49507227501846
427,435.2594166280525
448,458.07661466588513
473,486.6980527765044
462,453.7383882482938
449,425.64348876710807
414,448.3456557203346
415,439.97242451588534
422,432.1192628023852
305,393.78619324551835
240,257.5592786512365
161,166.61921541297463
99,127.08494506634067
67,83.74149967410875
63,68.82163730889195
88,79.52307225550746
113,117.33074657429489
169,137.58009889565386
203,208.38057884711398
246,249.28367763603217
327,287.5702100147684
320,336.0014131046403
344,319.607140932008
356,346.261962275982
343,346.94007107075595
328,347.27429213749554
340,348.23167129077353
336,353.6018588987743
329,312.3196702252998
299,310.7713809467684
302,291.7499696814696
217,276.9762883747263
134,185.52894165281032
108,102.80817859697248
56,58.71178978115246
37,41.261876051704505
43,38.46736162822379
58,62.09645958822587
109,94.07058442419859
150,140.74351664450361
198,204.55453874553885
291,283.47308994605265
275,242.17757037554262
181,232.6070690520383
196,188.54284728908036
221,217.42264729955508
210,226.505726077342
243,235.95996995656253
266,249.65569444099546
266,276.5363212586201
265,313.0815545959706
277,321.6830363560805
258,271.55712826697675
211,244.72342769369774
253,226.41797820560345
214,231.93818504487652
149,155.30252170286968
119,94.53196871330523
71,58.00877161344205
52,36.452686119826254
28,33.368298690281634
49,57.80671928942927
86,88.17803236793003
136,135.18263786833626
212,199.84668759467445
304,304.7127118606335
259,268.0803322547468
217,210.07681990063793
212,213.29093310325925
206,222.7228543819
208,221.26880795158328
239,243.17113551111242
300,268.9245912957945
340,303.31138073084594
306,366.1211395110313
321,336.64527419179416
275,334.1056682723684
292,286.5863770140668
376,313.94131252220615
525,360.6544022908774
312,282.73607186640726
183,145.48969079031772
77,78.55477550292302
50,44.985026132781734
42,37.280984457832794
41,55.06610385780585
88,86.13115802279763
135,135.1846806494114
210,226.57639958482838
316,309.5620509139885
249,274.5132086766445
205,231.88822088386416
215,224.06488672634794
220,230.1473279799291
214,231.78748478979026
231,244.62476243750282
250,272.5850948113587
286,295.471825229584
348,331.89933896438686
309,377.73121468095724
291,303.79596507659437
269,304.60633156406357
282,288.6860724486079
311,328.6978443345355
211,264.95876729550093
157,156.0653027484387
63,86.61739224806408
46,43.16776047992015
39,35.19387165775181
58,59.26637346410064
92,98.07561014936994
128,148.2792864251701
216,211.11501084706788
340,309.78079251831093
283,287.3552170655664
249,243.1357935026687
235,236.373006093335
247,242.73196239300094
224,249.7923849467655
245,257.6497342946528
298,269.8337068010801
292,322.6038354360531
301,345.93072903038137
376,355.10586728488886
309,355.89646461370984
335,300.94883436182965
347,358.4289844235293
321,335.2932570266345
257,227.8481965849614
184,186.2796110340846
102,115.38460605261493
49,63.70994146266953
60,51.966556391614056
74,75.80344612969795
100,92.14004326515473
134,127.74545072499554
188,198.080311055341
284,295.84413633411634
279,260.6331024807018
252,248.49632430472815
267,241.49240990540045
282,272.51560865262223
324,282.0713325467563
353,311.09631077945835
395,349.2238670263696
467,391.6000858923358
437,468.2833717822748
478,454.32982499858525
417,441.2482861865743
412,387.8574335309142
623,428.2529869089922
584,583.033531826989
545,520.5213448415379
432,385.3898891626416
295,259.7067268914946
171,160.80389466011064
121,112.33901203487304
90,85.54976108750961
71,73.370285092647
104,94.50191143838197
132,134.38964395777194
160,185.63472602161707
264,234.65779510580242
281,296.4483147161812
336,319.93414259333247
310,356.9778260820225
336,325.2432796724322
373,350.65928855965973
345,395.0577664876345
394,377.79533596067785
411,427.45006112748933
493,451.163016297836
440,491.1676113515885
409,415.88675331860554
602,437.1915316626324
503,616.5130703781211
495,479.44515378135634
393,422.3968375461968
244,276.4948888685559
161,152.45250659653178
102,120.44631329111252
87,73.66284717736815
70,70.38426421997774
97,82.11018039756902
95,122.06341990404228
142,138.5583997056513
188,200.82218241148723
256,241.3650721666011
296,300.67302622768693
327,312.1669099297793
328,320.45456031578186
317,327.7716243410828
309,335.63399004092247
306,316.94220725967375
344,322.0954873200206
325,350.7100102587585
314,305.80709204812877
275,300.7613366060748
280,279.5005423281351
212,262.7956692379096
175,159.89152548949173
123,120.71717156247007
71,61.37985291198942
41,42.56605040369914
28,39.127895431991725
47,56.27836712216412
107,100.549244560132
143,149.18890258163066
238,210.88113329826055
296,298.82265462574645
263,251.49818938695853
241,209.508548063554
232,210.1518737572073
244,229.31343689899904
231,229.91879208138957
267,244.4801095521967
290,265.2932081359959
293,294.2319679696353
349,315.0081514548297
311,355.9324301114674
283,295.63189895532247
283,286.8968355048617
252,281.1538219322418
225,231.07757450185548
172,161.43957865480758
106,105.96767716722036
51,58.04248654469338
43,32.98692362681701
32,30.720177142917574
59,52.72957250384267
78,90.88591190832513
147,140.55904249207734
217,214.51547944873604
326,302.0578778764797
323,271.8328252000819
253,246.04772387146633
305,228.09151942043474
254,272.71444013287356
273,238.07120466971122
263,279.4677226035535
305,290.47263339540757
327,319.57061405553975
355,352.8505234855316
364,356.5389219596672
355,322.16885495529783
320,329.8882125020024
313,331.82252110906495
367,308.9271591766115
432,264.13437591143924
200,222.7710145707523
82,100.35042443609476
60,47.411197983424664
48,44.26478216950876
54,53.48913968021219
109,87.68867278026129
167,145.88693447599383
255,229.20776496593518
343,325.591561515022
302,293.06344649485493
306,248.30070441112196
287,284.72975826315763
236,271.9969637578885
260,247.00884202352663
273,267.6493305645244
318,278.3788489463833
339,330.3823479046324
336,374.80035112705133
481,357.9640406388461
344,402.9566567845093
317,316.93606852791714
326,343.0671200962521
358,343.16110027974486
250,296.97459336364216
139,174.28758174359785
74,72.2223176116597
48,46.18953122432024
28,38.42691600864883
48,59.99939799461059
101,93.9887022415465
166,149.95246920041834
237,240.0921692216756
367,334.77088562821706
351,305.30173604256925
301,289.9953932574633
293,280.1856405609171
267,273.6940975658187
219,268.03275691635463
383,255.52259474522714
432,358.979117559839
517,402.4974560646387
412,478.1995761009729
367,425.1008308640798
326,349.1473799206121
310,330.42575747824776
344,346.9790154463076
335,367.67890440951004
533,303.0442785449294
116,113.02873659680768
56,69.07972002716808
52,43.627357422900175
59,47.03999403507042
66,76.0314427548883
97,100.59189964199517
144,158.06167385704458
194,216.68949730432215
240,259.5703161482329
269,251.84341632645987
225,241.75091220529512
209,221.3008726091993
230,230.5320938191712
207,230.49146198461676
258,234.54859384951286
245,266.58298307066605
281,272.6891078955264
365,295.413593758818
421,333.375536695251
299,327.66675771811373
291,250.53378894079708
202,249.99394391905992
165,205.42376526779756
167,174.65592740546072
125,122.8010862153275
77,69.50420370647953
45,48.55073279761633
55,46.031930805924105
74,71.98236562782323
110,95.40046529613115
135,161.25954730819055
234,205.7365352051056
294,275.62683448319353
261,274.35289709049323
231,245.45301537800623
229,230.3799260697364
240,237.72672738415102
197,237.63489875813343
247,242.8223619118331
241,265.9225624540187
241,282.0996708697668
264,294.04834440379335
263,292.26803003243907
256,274.21842952737643
226,250.23191571054306
207,235.21389204107135
213,196.6639431999656
213,197.0728665399976
133,145.99470965903654
85,87.32916446122829
60,48.74874284199761
58,56.00938250940244
85,81.45791849857613
104,100.50587552319482
143,161.7868709455247
205,208.80292371708276
295,262.1784972010894
262,259.39611487746987
223,236.03989016729426
260,231.36446436418038
253,260.6968187354823
242,240.09823294803286
266,256.995182359869
270,263.9888681272531
311,281.02247459488075
314,323.81605386547506
365,313.9069493969652
308,330.2635466062755
262,265.77234084446053
265,249.88347091942708
294,259.827800117332
294,267.6620433939064
212,222.41667674584716
150,148.53014173193105
104,108.62144932376304
85,79.02098162325164
96,95.57830238855048
85,100.70185012366422
126,118.083429384748
116,157.36887235632815
124,148.24895440101506
158,152.98180920251912
137,189.09291196206243
184,173.0060692658412
209,213.40371276193193
193,220.0076198680901
251,219.3209464451334
280,273.3611728324553
374,300.8119611846328
359,373.3038726612361
341,378.8617761921567
342,369.43515862553204
313,314.7512419048304
294,295.3675879589756
314,324.1212904894851
392,325.3593021037118
374,281.94985358988396
259,243.06283133296154
192,153.70102776948747
137,118.30748406321882
110,98.84400045706168
109,98.5616057159108
117,132.07801345456835
115,145.85341979429
146,158.44275533024597
144,206.5658048709367
150,197.8514842185187
221,191.67537361323804
213,247.2858764908827
232,239.61045133021085
226,260.95941384801694
239,265.08172388327756
263,281.3765744599134
279,293.0267779033862
306,315.97283795446594
286,312.85631243237356
265,296.0961882551141
264,305.4153186627886
281,312.15518918680334
287,316.0150276298669
244,258.1857948015343
206,215.53496182174177
151,152.5384218379877
76,107.67681302851321
86,90.35665082648417
94,98.83594182637508
108,111.07137824502365
144,130.62283278874503
157,170.03338728392504
212,199.5649633759534
230,235.44174086375773
246,259.4070968784549
214,249.33551029104459
240,236.25392928513182
237,250.28799004396006
228,252.0368726790346
231,254.41877932579413
246,254.73130385346576
245,256.01707425031344
219,238.51530968979915
212,221.76735648891741
217,220.53462641939083
230,224.41603622188276
221,213.53857115436884
156,155.1449767282452
81,102.98792542551266
65,52.41988728485559
44,57.67974242773445
69,75.55110718756328
90,105.01663223752499
133,142.99953975586317
197,197.70155370267312
249,258.4087737088021
215,239.1651856594705
183,213.71872864356598
195,203.1680457277807
191,204.07146847967107
206,204.49011342713052
209,227.247782771325
243,229.03148934839749
224,254.3438157197728
229,252.09107606649323
210,246.67476616160727
197,202.5735071596947
155,188.66040722027958
149,183.83052769151732
172,161.69250396146376
159,170.97656688566488
114,112.96787416179527
49,67.07378395858704
48,46.179782021008435
38,48.029390031932834
62,68.22762149795884
96,96.31812868556015
114,160.08813700983137
192,198.3306559835706
274,256.2406498047796
263,256.75325748755114
185,221.50177385203384
192,196.6749417504286
221,213.14727070384282
232,223.06377830422903
248,245.87765347215367
263,259.8056770509156
237,268.4763591414774
294,270.37985155301607
262,284.3679179964455
339,251.97257154868714
266,277.9962580113539
178,228.99003831616886
188,184.34571939307057
177,177.2159842927045
86,124.24674029233545
50,61.50101775494034
31,45.36117828941134
45,43.591216553890725
73,73.32480280116815
85,99.36272852782258
126,148.03995159093242
202,211.21837990676025
297,280.28253521463483
267,276.5723571722653
226,232.01475076810718
211,218.3890955377532
186,227.5876651536856
221,213.93280446186094
217,249.53127343924905
272,253.2251487754798
288,278.3771294015053
268,300.79653038519604
248,283.409488414763
240,277.5541088937381
241,239.14186928101668
239,230.83996145197898
199,229.4649980857463
198,204.15039191024098
155,135.74504579829986
56,94.32240173940625
42,47.40080015530695
48,53.57921575479556
79,80.80728711614024
102,98.80765693838043
149,150.78045526261937
220,210.41873657886146
282,288.9291039689868
270,256.2659037438535
216,235.3555598881396
210,228.68017239337303
230,228.89588600064167
225,238.35673668548765
225,250.62423996418462
274,258.3141079717382
247,299.5773438740161
279,289.4647278760309
253,306.86536983164723
239,262.98880850914406
221,244.51197286606805
236,239.87178732593273
241,252.005792205693
226,244.43114920940525
154,174.96137268330008
83,105.76929481022854
64,63.464362270857684
49,66.50740836576412
76,86.35195294413687
108,97.04581790881242
145,147.00403360229544
202,197.46350561463322
306,269.05920080615937
249,271.95066058948225
223,225.28935200117914
196,220.9226861327524
228,219.98072386731616
210,225.99769326825538
242,233.4524052417259
281,267.7148057610501
282,304.53283183173875
303,320.10705813123934
319,315.8230465699758
296,318.92359649810646
286,291.2653178521112
280,285.4568563906888
289,300.91813485360603
290,325.88336581330026
237,244.08649980328263
158,185.47240252018747
111,114.06613018774368
88,99.19456086145806
83,95.747569796394
99,97.64397386225872
130,124.87534617110411
147,152.25890329118332
181,184.87541270079814
239,215.10049566835283
237,231.67300863471965
240,245.4737621831286
252,251.78138487270914
267,251.3914903986538
271,270.37487764786556
299,280.892725848096
301,301.47562305330047
356,315.33402341303463
350,348.889834968635
295,320.46701173688206
265,290.06626581738703
291,289.21259233958875
270,309.59383630500224
368,299.58347805511676
301,289.0517451328506
204,225.23619205155467
145,135.24186346940294
66,95.53665543022365
93,84.16104270292125
89,99.94052591007762
94,114.89712269277821
147,129.38925147328374
165,175.52361145530895
233,210.93747223794344
262,253.02866932061215
256,268.3395294791044
218,252.68575451480714
229,233.037912866821
262,244.69720343277334
290,267.7969493339929
283,283.79617777206954
291,273.35008702875666
249,275.2524433384267
284,237.03116148125335
244,251.12688259635883
242,239.04933188725073
287,242.9459732490516
237,255.86996265108561
198,169.53086921133712
88,116.57701109813932
51,58.33485482741803
66,53.014367364363174
71,82.62814532757504
109,96.79966804943832
146,147.27979874826596
224,204.51005585739344
237,257.7513177614851
232,228.9646877844128
221,213.10921787390723
199,214.79243351590236
213,203.44375695670388
209,218.34644808990203
213,223.23435036835494
215,229.13432348181223
222,238.52367134449605
319,249.01034501635047
287,300.59953268876535
297,246.15177716850744
242,234.71400760206495
219,215.3422694210202
205,207.8766531213793
144,178.57301199967114
111,108.43920698821915
39,63.7203053712708
36,43.387647322717726
37,45.373773272559404
53,68.43634892875492
90,95.49557722680728
127,150.25682315007128
187,203.7525320595445
255,246.2721185203716
244,252.50495437540306
202,218.67310444405294
202,204.0721763162403
177,222.43515140668893
204,204.58736065318323
252,235.79301492829617
246,256.866859654157
251,253.54512979510827
272,303.42977469699923
248,286.6074849359581
215,273.3158631866344
196,242.89141309836086
173,205.79059018525152
190,184.5295717247733
204,175.61297321942882
141,129.2436980493289
73,65.92015756822471
57,43.573006305294186
51,48.231847220663866
71,73.35225308454031
102,94.45076410371514
160,146.05221443048097
198,211.31014623081145
303,270.6946129691312
263,267.7861694506491
242,231.6971232930604
235,224.73593499452744
201,223.86664604260872
224,221.01061623952586
221,248.08699741783767
245,246.234423016376
278,267.68799210708033
304,291.2831285730882
282,286.4153024896227
268,255.89974023498536
252,236.69299031747062
223,235.1953116134348
219,211.20295015412083
183,208.25949764548537
139,136.94331590611847
69,76.75309637069903
46,48.07300455276137
64,52.776854980482184
69,84.06827042371043
99,100.23211837756222
144,158.19161361230687
210,208.88356051038343
313,285.94270004326904
318,272.3070941682066
219,249.47142379631325
234,228.56009461170026
232,234.3549346012018
228,238.08723817544785
237,239.7579942360348
289,253.80644169842796
309,289.14779474321836
341,322.03504953521065
284,318.8992330204234
285,269.33310926408285
227,257.3243171804433
252,232.12061675543518
244,252.46626852450783
236,234.06071935340557
180,171.1630748431275
107,107.86985164227089
72,68.57737299132776
79,62.64487954008744
86,87.82733543252768
110,100.1641140652467
146,144.96084248374058
182,184.05037545418196
290,254.88086345866202
291,256.13917439470407
236,236.94963695262322
228,219.9471178587867
220,230.38242988951424
231,219.47010558367
248,246.91454153517896
260,277.0395046787283
322,295.37875170377924
324,336.5552399081257
285,328.05137984508355
289,297.9186765065685
290,282.3543206581327
262,287.509472156525
321,290.4888431535154
301,333.6159035834452
243,252.07532905252563
157,190.84807658171766
136,112.78479993379356
81,103.35320412654414
75,86.53978032034382
87,96.0912239599202
145,122.75138185891363
137,151.38030957561412
193,175.4488896892343
229,224.26311732164197
260,227.73631152053042
247,260.372967799531
229,247.10584215617317
260,246.16077025280043
279,265.9816649046266
330,280.94034341520694
306,333.5481535162224
320,319.42713917825415
342,330.1316250774893
362,312.6400407360089
345,312.1988671445055
465,317.6179487220298
543,416.89751579535124
414,434.7144274965615
317,311.70996292017526
238,219.67312309573498
115,154.26618761569677
91,82.29194664684401
81,88.66721116532854
93,93.10726849596391
120,107.92263270481699
145,139.9978084826533
257,173.06698165477226
257,248.31238776174285
245,266.5873061218916
252,257.66248683119716
249,246.09997583251706
290,244.50789314919308
285,275.0065085311638
316,283.9630261990896
326,304.908684380754
331,310.3790593664919
298,303.6380579506757
282,269.75236214162214
265,254.94012714826806
329,249.53418203395546
412,303.82998748516695
328,349.97157147610585
166,211.67030153281564
96,101.05791845917824
60,63.44828349470493
60,57.61125633096287
86,74.93426065701063
93,108.98374612329583
141,141.63992990502052
187,205.90633226329277
281,242.01084269441066
257,247.05576873543507
203,227.22875939864377
222,200.47786340064818
207,216.30580666535423
203,209.34295122688562
228,215.47531975039905
226,231.79400467425253
261,239.21613994355002
256,269.5298310951857
224,248.47056733851664
233,214.24447552175266
202,211.2466122790716
194,199.8518671753849
291,190.17160866739576
173,204.30532528105903
136,113.75978606765979
68,70.67032537244305
40,45.01516034086446
40,41.93116223979201
65,62.41580403508585
78,92.70582225475205
132,134.57445248730767
194,195.29266136741782
280,256.37344116073035
241,257.5732215692595
187,206.57717723620146
214,195.4172158052606
211,214.11739926029713
176,215.28894391849497
289,224.11825252498832
352,270.0879335901955
316,332.51867724898506
268,319.41309148007764
246,267.07014945853075
189,250.38422569943918
183,209.99754046128922
194,184.66000339919356
210,189.91116492454066
180,181.5094867299657
119,119.20106054488372
68,69.38491445047555
54,44.21851993957315
41,47.66476732411356
67,70.48450291419817
94,95.77172590967685
148,144.87116279306412
200,208.49366385494733
290,282.2017243817016
255,254.92879953983163
205,220.61274570207058
197,214.37721856551624
189,204.15873998953916
191,202.6842885425652
224,224.96708906188942
270,253.9816444130045
217,292.0437988478958
237,261.3053140032049
261,254.47308930224526
223,240.33026406611177
205,217.85192326709932
219,213.21437445973834
194,214.34752564988156
194,190.11557330287465
127,137.5712101146499
62,74.98550090166643
55,49.62682334422979
49,52.82908131695959
77,78.06194371224677
97,102.14285576963908
149,152.70477770997383
224,207.5050338414811
282,288.8665795731118
251,263.9920292693636
229,219.23856505555588
210,222.0426968821101
185,214.5186597672583
244,208.62762696731542
259,249.65751785829724
267,274.2207718881494
243,278.2122808519919
270,279.3283572401168
252,288.05643340685253
262,250.5310101880416
242,233.20204251344802
231,242.84661331030634
212,234.49914476307168
216,217.18582711049413
144,167.83666226616498
91,97.87115389021999
65,64.27337241590175
67,63.70416654548939
86,85.75261421800758
108,103.33585966257353
164,145.97288329202917
210,211.78824068485918
259,304.2390528113342
265,254.63539212799287
236,232.77944642531276
235,216.46857661410857
268,220.3329509512986
265,255.6298350508249
318,264.0184355879541
328,302.06596009699336
348,324.0373042346765
340,349.09520483563745
339,322.2823476814701
329,311.7046408593689
316,296.94206588683096
257,290.97100354702417
320,281.68628444076734
297,321.7706071255425
240,232.18066683432178
181,170.90482775205342
107,127.30532729378105
75,92.7329325330188
96,83.50852455427946
88,99.38049667959864
113,125.55361357356287
143,143.7990534113564
197,179.19268405765155
226,231.59088696112784
256,247.96415401228023
226,261.5155050121281
225,243.40172034942526
287,248.4782709235451
261,299.92961150985167
279,283.80346387957303
331,297.65377117622694
276,340.0149785846995
331,309.4732841750229
310,323.61939258996154
311,301.24793446837924
318,305.6978403711636
339,300.920972424501
329,331.4998751415289
281,272.5213191162439
188,218.94364933245353
152,130.7550266430384
110,92.58553720403005
82,89.88876536551412
105,89.77212380391661
112,111.46524789856699
147,141.56906166973621
158,174.79859834383035
190,218.5927290426518
227,237.4631623013679
245,243.08820686468877
227,238.03720652878792
226,239.54121211830474
227,239.47745290340077
276,245.18418804020965
289,281.1016795358188
256,283.8776933540424
248,262.66797330638934
246,251.7928701102389
220,237.19879981481782
223,232.01511256566394
205,238.53004131013978
169,200.38100101754551
119,129.48170423780928
82,81.57505774410973
61,57.30055263474869
53,54.36798899322487
81,76.29639596681022
97,101.3483276215643
158,147.17351292791668
190,211.4714432057614
270,245.21428180318438
252,236.49480260734322
206,212.0191811592368
210,203.38078307256984
254,209.70718233750205
194,236.90304729984086
202,213.25201823016255
267,219.7687802510116
222,264.142577375078
254,244.01205324620693
250,243.55710749532923
172,230.42302431996316
187,182.4464974065785
172,189.56922214937995
177,177.36132104661243
170,158.32248057751323
103,119.89438487066661
75,59.062785511072356
41,45.24400617376571
47,38.848606021798055
63,62.61586346638643
87,87.45198852609485
166,136.2245279256016
199,204.2186296235866
284,270.00052526599296
258,253.4287458133739
215,204.86541152425235
203,206.1639589981479
209,208.00337876228105
231,204.78677540435814
236,247.01079068242947
286,264.35809831037693
279,283.72537182338135
289,285.6980235137049
262,270.4547237541038
224,227.28600093377295
196,212.8963001608386
207,185.6936431589632
199,193.4890536121617
189,185.02378424822282
125,121.96278040926543
65,73.03655701216556
41,45.452940906858394
79,46.09634037046411
72,73.76728802300902
96,96.09943141874312
183,154.19317032443448
228,211.5823988229687
266,294.24832672550747
334,258.45375054784415
224,243.74061527648777
251,209.93266511087725
235,223.79550887460277
221,232.76595122564225
259,232.9837287493967
255,269.4184850279795
286,269.39545129865246
272,296.15987107684015
355,273.2939233462481
286,285.4401424326343
236,241.8640574966498
224,227.27508577334257
242,211.11077267111042
192,203.65427470157903
132,136.45896398599635
74,70.8659117356197
56,47.02861017043299
54,57.66444777138061
67,74.09922902284612
97,99.92505932091538
156,158.1492533300971
224,219.97427672408423
292,288.9389051564111
336,281.13349370052345
273,252.48181953036152
210,247.72818860092406
239,216.55569568408256
227,238.96197277702575
287,246.49067188056208
365,278.00941547082385
439,334.2765253660175
343,391.74452386316017
274,322.75599717443765
264,265.7250197833031
258,244.0587553921355
261,246.91597316396619
257,246.92755538064165
241,230.6982491198384
75,79.19972817803993
59,53.245138806482856
48,49.78231591134282
85,64.03153849851475
108,102.88620156933354
154,143.0326568477641
204,198.2948380368084
246,296.21271883901454
258,302.8191335018211
251,231.70571122131196
185,207.16805217632512
201,183.9091619176801
189,204.34812000654628
259,218.1933502328327
242,266.1326677004182
249,239.2047587221744
273,240.56569034299136
264,250.87064263781102
271,232.60729652153452
234,216.1134742769395
172,201.89394092091683
149,157.4616713886912
125,128.64845932885294
101,109.22953251496897
73,75.38525501968049
50,57.483312704060026
55,46.60153991944854
79,65.75818156066863
92,100.88247158768736
144,150.48810138159894
189,201.40303828073152
269,281.45317379156273
295,302.6534087495613
234,251.19891187506894
219,208.7792944867631
198,205.68269795214414
230,203.43930505239575
256,257.97900623147325
281,275.53046704655645
255,266.1855951050019
285,270.295337813793
287,280.81541564288625
240,272.6261996208419
246,231.13468176913233
200,202.6664833174258
183,172.39684501558722
174,156.48043280604293
138,129.8448966545225
116,99.34028764728929
75,74.1067526745236
57,61.6625035149076
90,78.96562795891859
131,114.91828014470798
163,156.78924450421175
212,197.10521669252842
273,304.7314863489124
304,295.108095597092
233,248.56529380605056
222,208.98452934658326
224,202.598837496863
243,227.21414909781893
279,266.8575278139996
317,293.0418681923027
310,284.50379654253214
296,299.16576546352314
312,300.4704375851095
305,279.2383073739951
335,270.28904602981896
237,257.0145598798252
218,202.28752716616458
208,176.2778918369053
205,155.84564586206537
164,157.25736857690808
137,116.57190037321261
139,97.5086880418342
142,114.15815721562497
174,143.49298950670314
157,172.46159933618262
140,173.88038523963021
113,170.1315654066188
137,165.67987555606211
165,177.42878844771909
173,188.6563774619382
163,198.14362522059093
197,196.3567809022008
228,236.6658474928382
275,259.21631107949975
310,292.9003888263169
304,326.5678056590888
305,300.9972527244458
365,323.7171245301551
322,383.5821818070384
299,303.3805149407033
306,256.76115270807026
319,265.08405979993273
287,250.78881527259355
309,211.6117101380804
261,188.53865938642258
220,178.7306853466582
214,171.57946588767058
220,176.07297579484597
157,163.45145235732213
139,148.01860272842654
135,152.27179415814615
136,174.13421144560027
171,182.56960605284166
176,191.56767682121048
184,199.83546212033482
195,213.81361636051315
237,231.6778007963643
275,273.1229674847058
296,282.1508534209328
297,293.7097761528066
308,310.02535304504073
293,311.2300426417409
284,312.5462577846268
262,277.92685199154243
317,278.6782539077201
238,298.72505610148926
248,232.36931311917405
252,238.71965371243328
194,228.0462533297782
191,183.8750033072689
195,183.54314596501706
181,184.25397861704806
149,152.0429763031348
115,137.19149677288218
109,128.07033733214962
130,132.33376032589183
175,175.71529459135903
189,183.44150259747542
184,199.69485763519123
197,202.3869676222316
212,214.78747666794163
230,234.9722102381976
229,233.8448795098428
241,238.32989052361293
235,246.05642927130629
228,232.23553248589116
242,219.57481602963253
197,223.1942211553503
196,198.51680528478235
155,185.51740117648282
153,151.41221185867883
129,118.81571924149272
111,96.97672240541996
71,81.76423750850668
95,81.62608104225501
94,121.98906930333543
136,152.29248582019744
192,189.63726043022643
262,299.78339446421893
258,293.6130072452528
213,217.10804778348245
172,183.41484167267103
185,178.77757189074833
178,192.05904008264687
214,211.24640018673276
201,238.6054102156182
252,212.94357047146445
196,235.622930119825
214,209.1883273769192
200,203.4677560487922
198,186.19120188299866
163,175.60230118105738
129,150.33059979290144
135,132.678042711516
86,100.42930395013978
60,75.38361997749344
52,53.163264638225805
56,47.98798136859139
70,70.06574355252482
106,101.82050761894851
131,147.95673100667824
202,197.9817097161225
234,282.3489954619882
265,291.4390209198762
230,232.81910038159904
174,191.62423511442623
191,182.32850186552014
182,192.92603105780415
231,226.77575958235974
216,247.92697709101114
212,235.86357471247803
271,227.72392064623943
223,260.62787750850754
237,231.5144950885581
218,213.44840076728596
201,189.6615242393882
148,165.17503060793555
145,133.67475799971845
98,107.88693381490678
70,77.05165111464682
55,58.08617263881905
45,49.272476792139926
69,64.22453066719821
103,98.54963371874452
154,145.31507303320606
195,202.93984727837773
280,274.4124767718096
279,294.8832151368277
233,238.60603034803194
194,206.37689386773502
199,196.8069128433939
191,206.05941025423346
220,235.47648650792325
259,252.4114428061793
253,246.21936471572326
261,273.19145919464006
249,262.8849168135565
226,246.6039773123508
217,226.61678890315144
182,200.50269902981793
170,171.50343640862823
161,165.12037579709403
118,128.9617529002048
87,94.92186903779378
67,67.67893870973589
54,58.52893139736152
73,76.29651738096435
124,115.91310810170185
143,158.40590648540876
222,202.599357887208
283,297.46871168668065
287,300.30055749945217
232,240.7455936989515
213,207.04157752425033
207,213.61159042107641
209,212.83929681928095
260,247.72406333377901
283,284.6272250852298
246,267.5860804652265
247,277.0052621429207
242,273.97794080527547
253,254.18942988503304
231,245.7135595704386
195,214.9501682224604
178,190.32584888791243
165,165.7919123215936
141,151.40062303962347
105,114.32356281098531
77,79.01098795489403
52,69.99216169742155
89,81.22234690141629
125,133.18712783478415
150,156.07355242983664
224,196.04518666058175
265,283.89247472446976
269,311.2880050792775
246,229.77856488606193
206,210.8653150546105
214,197.56552623114158
244,221.7476447209236
250,257.16552760420143
290,284.2258538070857
285,278.36738737577645
326,290.6903129224929
301,314.16764416692206
304,310.7358614494416
305,292.2178815231591
242,275.85534474054157
254,230.29135760808884
206,229.70546060753415
202,187.00848503152267
160,183.54553088910617
143,152.36627843229115
130,128.03156133624256
149,139.82747041533665
152,166.11078780965659
131,153.39182667716332
152,146.8344299527925
151,155.7578332604563
176,174.38292690324846
192,201.14727286888436
184,199.56397725895513
231,206.1462006853617
224,240.84837921753035
265,248.04716577034125
285,283.8851351910069
303,285.15130524523533
275,304.8294625488748
320,296.9688710914706
328,316.69146455290354
272,322.39127002867593
252,262.03746585781914
264,268.199994918534
263,260.17822094040156
226,246.31714303441663
212,222.64368527297617
197,206.52998650928635
168,183.35297374244595
168,167.0371137376695
167,168.28429055275186
137,146.7283794800485
114,133.32191418297592
144,125.7887728649878
152,144.7899450298919
156,182.89011965417066
176,184.69997515873328
220,192.07223872524472
200,216.0677796554846
214,219.42683283989467
253,229.8076544431475
271,240.2786457773404
246,252.359445020894
230,244.90622252524628
241,224.10012139925865
236,226.49557294917415
196,210.54075599793362
204,195.1067403088828
208,179.00562510962277
161,167.65258409846726
137,120.36336840668514
83,104.80192725543262
65,70.93615489273031
75,83.7051603970883
114,110.14019833086677
136,152.99010229938028
210,193.36671900453743
275,281.71848582183804
260,277.453111034388
234,215.02058899089826
190,186.5818171666365
192,184.02225725068914
189,191.99550671515112
226,209.24034323677125
221,242.25142758398331
209,228.0038112739599
209,210.42831811358622
234,218.46627967582626
228,215.39904276137946
240,198.78807173994647
209,192.40810196461055
142,168.59020543554436
125,135.54217277915362
103,96.17931432216093
71,75.04468571092099
39,55.62311574599246
46,45.37384690147833
78,68.74725027850674
107,103.38744174107651
136,143.7652372640716
210,208.10302474552697
263,272.67570925101984
264,284.0670877811159
241,239.50831945127155
182,193.64950795386295
214,185.73207390044544
186,205.2384218681851
200,225.8416184741432
239,235.61087507335628
210,231.12472923727603
238,237.00815931631553
236,247.89476466595724
218,243.04743151328563
213,217.4955659662623
180,195.63433867344256
149,160.53025532591224
131,137.30403041350095
115,105.58029729905714
82,79.09512802905688
60,56.409023455206544
50,49.64489027346183
85,72.32109167727528
111,101.03829003912428
148,148.9005642110435
210,199.6784884025856
275,285.9019679233164
295,288.67558004316027
243,241.92026095754127
189,203.4880685924446
196,194.87663523366678
195,207.91488695498307
246,227.90638601711285
232,267.6806350969953
224,242.37836787361397
232,257.61448096682255
254,251.1310088334764
243,238.40884717323883
244,226.5768071031874
194,199.83398658107973
175,171.6514887391973
159,163.71630094102946
133,129.17734477369106
80,98.13442361835767
71,65.62295066970088
58,58.52466904154545
67,76.44414626011967
114,112.32418334926919
160,151.73394871110833
221,218.19015832744063
281,294.36479162547704
277,300.17766715989274
266,240.1689469901725
197,211.42174175926561
218,201.36207326746523
247,219.7065763188728
228,272.62014111362015
269,262.7364532478572
234,250.18533388578416
262,254.5625034337024
260,275.71983049215186
269,262.0915839054869
272,255.16240324210273
214,220.32831886644428
207,194.1184732706979
153,177.87181641626404
147,147.7774464181325
96,119.01595154616675
84,75.95031614283442
81,71.76954734190971
93,91.64462874380258
122,133.5107036426209
161,154.80552849477152
215,198.4518512053733
266,247.6301746992675
276,278.6942040333406
268,238.1137467564632
221,219.91391521672676
218,205.8973377428368
221,225.6238300843975
238,240.07498570114933
262,273.3438971991403
263,268.1085297166615
310,288.95697747994154
297,309.8500668788347
304,307.5415463671478
322,301.91289815032934
259,272.81363787298733
241,250.44478135310575
227,227.30970502794864
217,209.16927205083852
190,182.2360185809315
159,157.13128584906607
153,138.5296369416213
167,153.8877690205512
162,164.93144727477525
163,151.15331354926485
129,156.24529828982128
163,148.85990689564713
189,177.22787248436455
211,202.00099942941958
208,202.57285426568663
249,217.23273550295025
254,240.70770500008283
244,258.22864177928676
304,273.3611725702921
296,290.44264381544053
314,298.93610139225353
304,322.3577761435552
330,312.0347693996862
332,317.63014176671226
321,292.326097419923
292,294.05571844760465
330,273.93115344833154
272,276.2401776819959
260,245.2049602631403
208,218.35267162673063
204,185.59321407099472
202,185.26851779570316
187,181.99235271541482
157,159.15785611602305
135,139.45180923428705
128,129.29445391079403
155,141.84165415633973
191,185.27268248631603
198,197.3214271336363
192,208.13187102330576
231,207.43377994536567
238,231.953285928646
264,244.64289152588358
256,252.48868658211097
279,246.85636714821493
278,259.88824300699883
194,253.86735972453772
213,207.02785866292894
217,201.67642218117012
213,210.49985912897097
194,197.29257105381976
171,164.97561828642674
132,130.61736548851502
110,97.86276706304727
97,77.63449984675701
111,89.17565383363878
119,118.30843413119798
150,147.34584500656916
213,203.03493711569297
270,276.9021682704334
306,269.6206005488814
252,228.92965230743783
179,198.22461283880844
203,180.41851207117224
206,199.7719440369954
209,220.7038936424116
237,224.4330487493621
216,223.95744323589622
194,215.73417421961972
188,212.6683273980225
215,197.94132711239078
210,201.52975167921286
160,190.34802069010837
142,144.03089865418386
106,134.8778461777535
97,96.59502590228446
66,72.35127964530753
60,50.92162981914992
56,53.77937448479906
69,76.63113857223259
91,108.83100483848968
157,140.33732890585216
227,212.66558062376654
267,277.10849723101245
302,276.35024873043716
240,248.40827089912722
196,190.9668682691518
180,197.43493864910747
167,188.98761719808914
218,209.1916933558334
222,241.10186799786806
207,216.48860385153114
244,233.773463772487
211,235.64694345935794
207,230.4478368243747
202,208.9856581494555
163,180.86905777229336
184,151.367983681539
134,143.8227120303112
106,109.05526129003114
78,74.3000084539499
48,57.17442082191346
58,48.76641057761661
64,72.93866499344752
104,99.02444400572634
136,153.15142931320483
231,208.90054908825036
274,288.8866636457812
283,294.4031331014188
250,235.0909829118047
208,207.16676458258138
221,194.0745896806433
205,205.99875584268253
209,231.9440531609635
250,244.89243257106537
222,234.71662587467108
240,250.80760998562405
220,254.60846769760596
237,229.95671789745674
205,224.49879064494226
188,186.92996164866406
172,179.4377033981268
152,163.06410163340803
107,127.56633603624836
86,90.85056522982966
70,66.21292168223152
56,57.72088630844825
73,72.10006962091933
95,116.50088797919632
158,151.4826249667299
241,222.9008573317067
279,303.3641027842955
270,293.74719036088516
249,240.21152512290894
242,208.63777753984078
218,221.59706885578885
226,226.18134182299397
241,243.8164293251779
256,270.7018484463994
228,246.49763972365392
270,260.62849497720856
264,267.72110389966224
238,269.1701391930945
271,241.18898090061109
229,220.56973965599946
205,206.07802977865865
167,176.88589343691427
146,147.9809440709235
107,120.36643671730455
76,90.56704156977014
71,72.19448647179854
73,92.01795636792065
135,123.77289516213862
164,157.9305853478817
219,222.57994760412655
252,288.1979479835586
302,290.49895398297076
263,242.96929883933663
215,222.12199797984536
207,206.85951294826302
219,224.90800937709528
278,244.66813287087615
298,285.8421239629892
308,279.68535560827826
294,313.68084033621017
319,301.1653827676752
315,312.2627004294701
307,305.11205398114026
260,269.1745896217431
263,259.0230862931291
215,245.9649611463653
194,204.3829528874955
155,193.9120189915727
167,152.4395692194951
122,151.99753102186085
126,144.27015542187564
162,157.01802483948913
143,152.28990307050776
139,146.82253230301873
166,156.30426026244027
189,190.68171804727544
216,207.230157061572
198,216.79718256215094
243,220.06031581901178
252,242.16216318113342
269,262.24172387466064
294,292.3471905743418
273,290.1418600177778
318,290.46597673681475
311,325.0572102208527
315,322.3873365006932
350,307.1681120877076
327,301.08586986926014
320,305.1290895014438
279,292.1108932201575
260,252.59373099264639
235,241.6287056101695
207,202.27977039600077
215,186.2286065523821
204,189.6360447224045
184,179.48260515233136
150,152.16696297647283
143,134.0025070819305
127,136.82248205238193
137,149.50614711069477
197,181.08343627872742
188,200.58386462129997
177,202.5169706489675
209,199.46586688811385
215,221.75652248931956
234,238.58701583985484
258,233.6665631669039
239,255.88221232449837
228,244.86518331394922
254,224.40272729102048
226,233.63204472592776
215,213.90773774564525
210,210.2196528057597
174,194.30189858742796
167,157.73832531519696
115,132.24635948729073
85,93.55935490461422
78,68.75946367452923
88,86.39419329059261
96,111.74644219412934
173,144.99170012235535
244,215.14425302085422
246,297.9873645222326
306,279.17659732840644
210,235.00739624917628
192,175.77601095437637
204,183.90751710932355
201,200.04068512037708
204,219.37176903342743
232,222.34859292417013
217,222.0821916694847
207,211.90705439815207
221,213.87428894514122
205,218.89340106472886
207,201.37778675171015
206,181.11183143085088
141,165.52849145369692
130,126.04908522590144
93,98.40104179204481
74,67.70218728988138
56,53.61552200714508
51,51.09363783944373
81,71.65977570341134
98,102.23604373936344
145,149.03711771361665
219,222.55702016190162
246,272.3366843451725
255,287.5672965491784
243,224.74231155048258
217,195.3945341049878
175,198.9838885234813
177,179.4972484592345
217,206.45490325874184
241,238.43229723610534
220,215.94682684089412
258,239.26517846831126
216,237.6069077420632
216,220.2571998860238
247,209.60028015315055
174,202.369362002717
144,158.63965927309718
145,135.7238973594903
123,105.39133458667887
78,82.21645672467147
83,55.15429603612794
67,56.650473080489675
58,72.7693462713584
104,103.64721448420595
147,147.90130646896415
220,216.9561949878822
258,277.3873462102955
312,281.0482493177082
238,245.910378536268
194,205.71313117843758
183,193.14855065359444
211,192.37903726197013
233,230.87382136642648
283,257.1330759447
252,243.24834039165484
264,256.97840105619605
268,248.36561771366232
273,246.33036064027516
232,241.35117881925024
187,195.54141963804238
163,173.12116742598292
173,157.08001727368205
107,132.6240824975511
93,85.04577472311432
79,72.66504117724004
50,59.98169235524658
74,67.02977428921966
122,108.59543701981421
146,155.83448278248423
194,227.42275207635365
282,277.41989494838043
273,282.8207065201687
251,239.48039188000035
205,213.43098619940594
207,203.844262929739
206,224.82741217555358
234,237.5941616477754
305,268.6631149702272
274,268.6013815214887
294,272.80115989130707
248,281.4944060584424
246,257.01447603187023
207,246.69190222686044
180,199.8109870369759
193,180.52235021565343
147,173.99665153109254
158,136.10125971890469
133,125.0383541143538
102,75.15081853981502
62,62.780180902745066
75,52.35072090905923
70,68.43467998270283
90,100.21800288279853
139,144.81714064535333
199,207.53191664719367
242,240.13766241855046
209,218.51579992951966
168,183.54092210798177
158,176.94015623763565
194,174.2436573309876
181,184.75247909203244
208,189.02772634575896
176,202.42216561368085
219,201.7244010268977
273,243.74836102820197
315,286.3242615293655
265,260.28576575639676
234,226.28103133611683
218,209.89554865881968
243,214.8422684644772
178,196.8624048089003
143,126.89266294981151
84,91.90118449899563
51,59.87799024536791
59,62.665995963804534
63,71.4639618908314
108,102.07047647813057
128,156.05823743632027
216,189.49409472811945
235,238.3336850332975
231,224.1440366161033
213,201.5729998300698
191,188.50068362700486
167,192.46316953846963
169,189.28671313993027
201,194.5563148267773
176,193.16854842257706
197,215.30952960038684
259,259.38586535270514
268,289.6811890322154
234,264.1878850740919
214,233.74777756747434
211,234.9609959160401
208,231.81586086821042
204,204.85528583724596
167,150.26111687727263
110,122.05674577784971
96,77.35023744407528
94,68.80066644124092
71,81.4973407499326
108,96.12894490698214
108,155.63433124688115
218,171.31193518958736
250,234.23713744324334
230,230.98926973096192
217,216.41416683716906
218,204.35604648446264
226,207.93105721991975
234,210.6541281625688
233,226.69933372877122
245,224.25650338771683
282,239.94058378817226
304,301.4977431112475
371,329.3317633453614
322,343.5967585647529
283,298.4031736752145
284,275.50702552742064
312,286.4084862508336
296,274.8101588675357
242,243.0863938442353
201,197.53036089601198
166,146.97915089871933
120,129.76981632241504
85,105.38033619650889
96,109.20268360524707
116,115.45062747223744
135,144.39930676549912
122,166.82167078727903
171,156.0996235033719
210,200.66186179715447
191,218.05735501697293
191,203.91029704309412
207,208.85180895405767
235,225.4806664254127
320,250.90638275512643
324,338.79783368465803
363,338.998589234914
424,403.9278379933749
429,464.32156540939206
457,394.12114402275995
382,429.46912813746076
378,401.2101961165948
457,382.85440359390174
491,396.6105431101074
383,367.5279879135667
306,277.5394576251636
244,208.43378409105998
163,151.85297901628292
116,123.21841196127187
97,129.7616167542494
124,134.38255157519532
158,163.09758589408628
174,212.29913367483613
217,239.02954152304662
226,252.76246734427772
240,248.32174705507987
259,261.1073022304919
267,284.82514282999995
267,300.1378572245482
235,322.4610667882945
249,283.9052735338303
294,331.13743128546093
269,345.35743565061824
296,321.6203647204602
304,357.20326813308463
365,364.45260745315267
375,396.28556597798064
332,372.3416190672532
237,314.8913667468797
190,218.76355695178873
176,182.4137688899343
115,145.75532446504926
105,116.50684571825342
95,109.15322849328847
107,123.79861040998703
148,153.43506175231948
181,200.3606265552173
213,227.34729450413846
229,241.42331822436645
243,249.40379530362495
270,252.4563239744835
235,279.0067113143949
227,256.04411797536596
244,255.89214919265336
242,264.752477699647
218,276.51962296908334
213,236.99911946652807
230,234.32401716518797
245,248.99435895953053
325,273.616455236787
221,301.49364308047507
180,169.27047206672623
121,132.64384959174578
97,87.38090806743132
74,81.20811499387221
74,88.6229208656988
84,100.46904825414441
133,139.80865920116293
199,177.95717753090355
214,226.4593399555061
214,203.8662758520406
183,184.76666557540233
177,174.7025585318211
149,177.7994673857148
147,163.65107302552946
166,164.84565554934554
168,178.45702260905114
147,194.98116899975187
221,193.44162684946872
207,235.31653927449213
191,186.05768731711055
147,173.00648161293884
166,165.20138890477142
155,184.83385542210985
146,155.20285577688546
108,116.86464083206886
70,77.97807684951609
44,56.67481722677227
44,52.81418189577815
79,65.49690116814423
94,98.46476780983464
141,144.03521542719506
218,204.74550317865774
232,237.49504276387162
204,215.86353679419727
162,183.10210958114382
185,167.17282073386946
182,180.33167046375627
163,176.96483444647154
149,188.02691340253133
195,172.04714266921744
194,196.9091044394152
230,240.27301731210625
259,260.4171190851953
278,239.9549088184389
282,233.49238702805013
206,237.1744826589189
188,208.15023898098076
169,176.26448228736336
111,124.10189878979213
70,81.40114859910341
50,53.20902200546821
58,60.57143689893639
80,73.72672519334965
97,102.68277767034581
126,144.60451248107435
220,202.03030023356422
226,245.0573895150939
191,223.80036872927792
174,190.29015245445268
178,187.65155251273387
175,179.95089272378627
173,178.4759287556886
171,188.76939079266498
189,186.25931169857895
186,209.14323477031772
225,242.5466987193313
231,265.4206358355926
237,247.90479818367183
183,238.041098094252
217,212.2741874877275
239,232.31798028713754
232,224.28016602750148
182,170.7369265889907
107,124.47564362492648
66,77.86200077792552
68,71.53876354218224
76,80.24604277693965
105,97.61854830877118
156,138.3959628704187
218,203.64272029528928
257,231.88539407834747
212,219.54874387072314
198,200.80104932134702
167,197.5011574982068
196,194.72588620417577
175,208.65064246577592
185,202.03709234520736
204,212.9131117604114
177,230.61759050383935
263,232.48240490263154
251,306.124454510922
253,268.598885453201
194,254.5105458270525
222,233.8415135939172
255,263.30894837702294
230,263.6739416893054
193,204.2492672971137
126,161.02065233588448
106,109.28583577298537
73,103.9595066256549
95,96.15434735903995
108,108.682489755822
123,148.04021436116759
228,177.58234849417192
238,255.17036123679438
220,224.32985579883078
222,211.06859925946372
184,200.033856369073
216,193.98099171731027
194,211.34191562931366
231,212.84903125382544
232,242.7795490215404
263,255.81886493641164
326,316.6095434888706
358,360.2367535791558
392,378.9666413630472
338,362.55193808124307
335,366.73245850960404
352,380.2957699214833
409,411.0270245478628
404,373.19270755241655
319,303.85455464769467
222,250.88247494737968
193,170.4178598396867
129,141.03353440271846
128,118.04879150011992
122,121.2768760009192
133,146.63554936880712
189,174.4254272149279
229,213.1281804546271
214,249.58466719387218
275,240.02337971643036
263,268.76035978361284
251,269.81275793224705
282,272.7641441503469
301,285.78120812482234
314,323.90417638949083
353,333.34327942382276
400,389.6885476951277
385,385.98775486936546
384,373.63281245596056
433,388.34666991457425
455,441.74753003161703
461,461.9763551912637
385,406.1357119134548
355,317.8199516470023
297,256.7141867909722
220,213.6685183654061
121,147.7940891794968
96,113.76554633366962
94,110.97497716166353
97,118.85601355928847
151,147.98372950244567
195,195.33911230916655
240,229.0040422540169
251,254.64959901867357
257,255.734222521668
241,259.9785112834672
227,254.5707864146672
274,240.7725632118462
273,283.21024381015707
275,284.5269676607364
283,284.2351235552157
264,271.31974653760057
237,264.63462714962407
224,248.82683463935453
277,253.018254745451
280,267.31197173447487
182,196.9143752852757
135,127.01499684926061
66,92.55463826760334
73,70.3769432588969
66,87.43429911660786
100,94.71692496720463
131,137.87545613480148
197,172.9868357250161
206,223.28706339327263
231,206.83314118214182
166,195.64893957370165
173,173.06116615925984
168,174.29471394514573
166,167.17262619692727
144,176.99288546641696
171,161.4805360458332
168,184.8874830950377
276,212.84652212996903
283,267.2545643882868
263,232.02005846758044
261,195.08485874249067
206,214.62900345072396
205,189.35361040142786
174,168.25018058255023
93,122.75755019196512
61,71.1607079326723
54,51.957944966411226
49,53.30637491563513
67,69.06292296650842
96,96.45840170493757
122,145.37542916899253
171,199.72110804657564
210,216.6461165836888
228,211.9246496421517
172,184.61799465498177
191,173.34652122971593
168,183.06429835184971
147,175.47547302266412
141,169.19543274968126
197,172.02352538506284
190,204.6887943050818
260,242.93864890163385
252,286.88136514351004
209,260.7827289875837
210,228.6478005571591
196,211.43075943492047
196,211.11883800886008
203,184.17000050987426
128,129.66425400762782
85,84.05528341022918
66,57.138153232532616
69,61.72211974723126
69,74.89530791564405
112,98.0175123682387
147,138.05860190643185
170,200.50464067740208
207,223.77948341018237
204,215.11732921678046
179,191.03546423607904
221,187.07974714324433
186,198.14857917208658
171,179.784515869049
176,181.8829523997354
197,186.23894887237378
201,208.3372888680711
267,248.74533540005817
263,276.519087689145
239,241.9591966679618
230,217.1411803692519
212,229.16566979284426
231,223.0032143339879
207,220.41498298659675
157,159.76720138558926
105,110.77694693739282
82,74.64238300867908
63,70.96267372338541
78,75.36632190819522
117,106.8661637094873
143,148.33930255445236
216,194.68135885583578
193,244.6544001786081
205,208.3551881437086
201,194.683042983187
200,196.56175432001967
203,201.16129255131167
191,200.52817387221896
220,200.12375600539133
194,219.67230364209058
224,211.6424664693566
258,270.88621689811475
308,291.9278193937469
300,284.79659215994945
271,259.2040308951833
260,258.3900492284117
291,269.57860691703695
271,265.3913726050328
203,213.24760733030251
149,140.58869874147933
89,116.9346899709155
87,85.21104188422613
91,95.81807241545008
120,108.69892378063781
145,134.42347185801376
212,187.9503371747106
261,213.13831427595136
255,226.48568024256673
224,223.8325136389209
204,205.63888380107315
229,207.22448503011253
210,213.71908640177037
217,224.33837917707106
287,230.4612363510718
277,288.9326626187618
290,317.2285314539802
333,352.0723245825257
397,374.2251478557079
297,374.2426073730739
353,336.8625726946796
385,385.023439516937
448,425.6144900976488
411,413.72269685429393
285,328.59975617195414
234,229.17322974115362
196,194.65743222054456
121,140.25753634550887
115,119.24107066169293
126,122.74087893544014
128,143.5268261131712
197,176.14854763970578
234,225.38189960380677
268,246.3607189497041
259,268.71461338327435
256,262.1664594607187
292,256.34109691557484
280,290.9346460408013
332,289.4942326562186
353,334.9101979673804
370,362.2697514347173
411,387.8947908465112
410,398.0355484152512
444,370.7234689059065
475,414.3549991795553
460,474.91404095842216
515,492.047108475874
492,428.11990625532957
349,360.51699844824276
288,252.20886566697232
211,208.59826292127104
140,138.53835446496734
124,110.10314281578647
100,111.46880218249085
132,120.24327369345333
151,155.09882791065357
236,199.35272733372895
236,253.9060278637833
304,250.17843507117337
299,286.2632917978238
246,285.2796313987908
276,243.1161345324949
287,268.48972270614877
285,286.78803004712347
287,289.0602601695532
274,289.2624282401356
259,257.71290040474753
243,248.0451490938377
262,238.22554531873138
268,283.2335983701288
269,241.88924001865786
191,200.6320623976029
149,138.20702380137175
102,94.91193524571905
72,80.55091363264877
76,79.04683523097242
80,102.32061668813544
129,132.52218561133805
198,188.19567829089436
230,224.08537597145997
211,220.0505462593542
188,180.69171685871066
173,176.9105753352294
150,168.8834689472107
171,155.86305361326717
157,170.46048305846728
174,164.4824427728772
175,177.72209587033896
199,210.22677620530942
230,218.34032285973296
166,208.4733431007559
141,170.38332991741876
186,157.11617110785502
219,182.1163387179184
179,176.29564455326195
100,116.87276440779343
85,70.43582114060513
50,60.75201713974127
51,53.26556257958893
61,70.85084780348218
86,90.53550297723889
153,134.5391077890576
203,202.431976205031
221,238.35530353058408
202,214.3817610469735
183,181.21889308127794
171,173.9460869349634
164,171.23031760225933
157,167.60172947820277
147,166.65512791198185
173,174.67154607866527
159,196.9823370320176
177,218.36526382088232
206,224.38915553108524
203,209.09655959382252
191,200.766141829062
174,196.6361036897793
201,196.1721739142914
176,186.0678679493647
125,121.35026339546721
83,82.43129627722277
52,55.84687425462533
56,61.26466230029143
76,73.77675237682259
89,104.65541451036867
165,139.0200415846969
208,208.18823272885925
210,231.19820000555154
205,206.2337712062044
185,189.0247169584321
149,188.270065284161
167,168.45303525144678
177,176.00530657829265
183,179.00413210884383
169,186.57307638605374
189,188.7027352572152
203,227.33331036256095
294,237.21380281936615
224,249.9043667707261
193,208.35879409646486
227,200.23093723883375
226,223.03813760393626
207,200.6363588833828
142,158.120352831718
91,99.36888319295733
74,71.67328012979875
68,67.90554142929793
90,79.74557768053924
90,110.164352465542
140,145.60851324732454
206,215.0033578240531
237,237.60224758596195
224,214.12742068368283
216,202.08521950886788
199,194.4152791933787
191,198.06273843171007
164,199.01977391879552
194,196.51365341422206
190,199.96098560676378
238,209.39593685172153
238,265.43143898926866
272,288.2378721467334
270,275.20727366399046
229,243.70304209426962
251,243.64289533923315
271,268.6457944778948
236,253.72213544969523
180,189.13789138721174
138,137.25319328914642
95,109.1953041675062
93,87.79267403916464
100,93.39242435477556
124,105.78354485868353
129,140.31632213348632
218,198.01203716228872
224,261.7423356816881
234,222.41277827104878
250,222.39286661883023
226,220.44075143106085
234,222.190545629029
214,216.22140700274534
228,225.22699965789693
290,243.77568162408798
300,297.7431103476287
323,322.3398613532854
380,356.9720018237159
396,399.2383815392343
340,350.1897645892973
358,341.930355252881
392,372.5300037659332
379,428.9098761481138
355,370.90108240215284
309,299.48953466235764
213,232.1074165051515
190,191.77173194743378
122,135.67876279250564
98,118.74508179906536
125,114.8536643634264
139,137.62897140268046
203,177.51011918946708
217,228.97955466316367
227,247.63171206408188
271,252.53571728684835
269,270.0355571524197
268,273.54908631675335
279,279.2954692343596
312,298.92776739227696
341,336.4516186092283
354,360.5264737021782
404,394.43651044469937
396,407.633492581742
370,394.5786487626089
399,395.1515826949696
502,431.38254971176235
461,482.9129198164296
472,393.4767437094922
405,368.1251238658907
258,284.30872849375123
251,205.6429106466297
136,146.44591413301302
138,108.51780227109998
99,111.48200242063633
138,117.07871125580188
158,157.34866138754802
215,203.35269378403862
270,237.52931131700237
264,281.3216707809921
274,275.0712453911872
270,258.8562277165323
274,263.3528221793502
279,271.19799671212644
291,276.87669177529347
287,290.56604253996574
269,283.49472266176133
276,251.6889515019859
234,251.11455620849424
242,237.07842792276838
260,259.3718900352324
244,239.22120756864973
189,178.28428206760097
106,134.30557127824054
77,80.03968532355157
85,69.22608185816874
80,78.5392285012225
106,94.12547220681289
143,138.8636802504463
181,197.09989998470667
197,209.61505941985115
223,210.40049329978248
168,187.21762007247423
157,171.36944571451198
182,156.4486560574063
178,175.67801118525642
178,176.85946166910148
176,174.8853857220163
194,174.14351817483364
222,223.0211962319681
217,234.3805931393158
165,191.9729112779429
168,157.49510673456382
162,178.37563513922225
199,175.34652564630522
139,168.06426098010058
114,98.86373278716614
78,73.3269534852401
64,52.79130669939803
58,50.94307072797368
63,70.98749499767072
83,93.46804948038915
127,141.09033481093917
189,196.42012229009507
199,216.1158164854074
196,212.13309990848705
194,168.77540228550197
188,178.28977936310082
227,180.00443316468898
164,197.20376191662058
200,165.75147615585828
209,193.62905117235383
219,199.65093316182308
252,234.4770059622558
247,245.72197526435363
237,214.5081216705783
216,209.30869966333196
220,198.47036938788267
218,207.8418867952008
190,183.7321528387173
129,124.6293324027587
111,80.5306856857351
74,65.2315135125228
60,61.7102468403448
76,74.51667180881813
90,96.79568741472623
128,145.78251947069717
188,196.3983757012276
197,208.90163015677257
203,201.43441569890743
206,190.7595589109118
182,188.61320747644706
210,183.87666325679308
181,195.70700807110015
200,191.1772467545112
200,197.1040952877467
194,206.28228447269478
248,232.91038933197981
370,269.91245129102447
260,311.3105382656654
237,225.8668412399773
239,228.20837747006394
262,237.01295425947836
229,220.21922490419533
143,158.35270619863135
116,99.95849162774948
74,76.11998190550604
48,67.79897816589911
84,78.38668955108065
108,105.95757840128667
133,148.20349853628588
203,204.39914969013913
262,225.69503358717256
243,222.5952708517221
244,213.071015460986
194,208.92783469317993
223,199.29139951137765
233,205.28451824976358
283,221.8998327246648
296,240.1088375965294
367,265.36437117201916
306,352.2334979598367
283,319.2598657394355
283,274.44797813470353
268,253.14182343483998
265,259.33207376917505
252,272.96015389680895
212,244.4037546985203
387,339.0820230739023
228,231.61105415244234
151,143.20145507574296
129,106.11230965340611
108,101.60922373494317
94,109.55266596651063
133,130.41259018045747
188,220.18529587740593
307,312.3792146679496
373,365.02139012825035
306,389.4327276030474
342,374.69651818924604
279,353.0247563925169
299,305.80725730123885
262,323.0791121801042
258,290.494309919819
338,322.7321956354383
403,431.0287239584396
421,454.34131791926075
519,463.4521240133159
626,622.1391980528132
954,912.6734490219603
657,735.1556763128268
478,503.8102147632427
387,355.08881033533066
222,259.32848748537987
157,155.936314164782
127,126.17074683395302
87,117.69093192726453
89,118.36564505535358
136,147.10743033936228
167,257.5770307925335
245,365.4411770193026
291,339.69728330064794
256,338.9240910534791
315,334.52418099266896
288,335.2373938780893
263,324.4862980842933
232,301.42601063640933
266,272.83441511974854
345,383.2717149257716
392,413.1613000423528
355,409.5690417078378
302,416.639728912001
475,436.6046300421786
648,718.9965704302676
659,695.4126903921021
555,498.6782049280049
385,421.7517778462402
249,279.5692341229897
155,181.10921593293028
114,144.49107161419062
102,131.0776821001338
85,128.93068196289695
108,154.5195586190732
143,244.2684768514179
186,294.146453153857
216,255.08013914630274
251,283.05809596792307
267,329.44617817215106
233,311.16483366070906
275,272.4517460149264
226,295.76040454823084
237,265.7903952655049
240,324.4194261389338
284,326.2082076493193
356,327.8705948595049
301,376.3762157582778
307,407.8150939998197
506,463.9323047902326
460,578.9144899142669
401,440.37149487719455
282,371.1370350909343
237,246.7551619108623
164,200.94290092919255
116,140.8529075328234
104,128.55687769518704
68,132.13621828692519
53,98.11519017169257
110,81.38416247277975
149,151.02520749448013
212,167.67017494195557
224,230.9206534748069
294,229.57558554944129
240,287.94491025763523
220,253.54572286099184
189,240.43039868852125
221,215.18438111409645
282,249.48736594971322
321,307.0289996146776
291,339.71835088763504
302,341.7637493516859
309,321.2534475358863
226,345.5884211059212
254,274.5724475481105
273,240.99311041407464
308,248.9351715081965
218,272.1458305131954
140,194.55439745788178
112,149.27085580869
120,130.03394062383506
94,102.8036437032809
87,88.90480051860578
120,116.44408616802158
163,161.28480686606252
234,231.26454486596373
315,298.99667610020424
366,345.91565085943006
338,336.555321231628
336,307.4260709834276
310,291.66363978413347
285,279.5065407650781
421,370.7861266641883
408,401.7334078798772
365,367.77360261763323
296,338.27446908407876
324,313.70912563129934
403,386.5828917065326
528,492.69691626350266
465,431.9662709809177
398,366.16775613404144
291,304.64127741565807
197,194.91196269254564
234,178.30845657665358
191,179.86385254765528
146,129.76365946782118
130,134.91149086812916
167,141.20179769853004
196,228.8034548447359
283,259.0727218882421
361,340.5649338112418
375,374.9037426693226
387,355.6694074349247
292,333.11223698588196
279,278.6598171412217
284,266.12162129552155
346,304.7062579415883
374,366.31784542964823
365,374.2498579753382
312,325.9169440750448
281,315.9965559927201
363,323.8681316367099
377,342.99244833226373
286,295.44264820510506
209,201.8401866964056
110,139.75961306128877
74,87.35044811675492
74,94.98137699827971
103,90.66490774944481
74,116.37129304060771
106,113.64745352321705
128,163.2732272419655
217,220.52203287464502
228,262.71887027939124
270,270.3666996766317
307,303.8897033970514
278,312.96391960562136
273,278.80727316004925
243,296.3855944242432
247,255.1417823324126
244,288.89933859393705
308,345.89605431535045
357,347.7149959215854
361,379.04353718596104
530,466.8656338162799
700,713.9149738467635
534,595.7034187476719
483,423.1185239676295
330,324.7207419449288
222,206.39917938202646
132,139.4540262685141
92,95.87534901445926
78,102.64796360538071
71,96.66065233163124
93,114.3915227777189
173,195.47357088709805
284,268.8919236376163
263,290.26613491787936
296,280.95817790527843
338,317.2893093424008
308,327.3650617882104
297,306.64024259763426
282,292.55651186565456
264,290.7778146195161
329,322.9150424951968
446,398.05087315062895
453,433.68348168461307
551,473.7350033487649
724,645.9695616555553
901,911.9055232261886
627,755.0409281307617
551,518.1850500161265
390,384.1615968398511
243,273.2648059265087
139,169.11126106400408
107,118.40884853993494
100,101.90862589418612
98,108.62082260540933
120,144.05832845921478
245,202.10939629338193
378,363.9840538746425
345,328.98950784817214
317,326.6879959764194
345,338.20992000550154
350,345.90961138062994
320,340.06331672187906
264,323.9970302866139
285,281.0753900004976
402,353.5050857990369
426,445.76725255740575
430,410.00744386324305
400,447.89766613845796
639,506.73305202662095
725,765.6198842148794
727,674.5554500555835
578,540.8377372975312
442,455.3822286036815
285,304.6266448289774
236,178.73485380920266
147,162.81269005577497
122,125.31386254427554
106,119.71572657933493
124,167.92520859549913
228,213.587766806433
350,350.2556380308009
318,359.6907680798249
318,324.52206182536696
345,322.7601762688779
317,324.8352176673204
333,306.35535822517073
290,305.31598229883764
281,287.2417931955566
342,325.4234943558186
383,352.50139978379514
381,374.7818622891682
395,382.5508254729001
549,439.18745888963696
799,666.8418775929907
684,622.0331349629894
583,514.1122087234306
492,402.0226894884132
310,326.2410122842268
206,207.06330058448765
162,146.67146659592743
126,129.15628182715164
105,114.2542540210429
117,126.810434815229
164,192.7367647316209
238,224.35242520474847
264,265.219982629407
286,293.57329482626903
334,297.49481004606366
327,317.4552237804918
301,288.2517540950904
260,297.86282514207767
254,253.19279265360893
262,288.2330566180163
315,315.2340244238122
371,319.8078091868226
371,349.44573320312753
393,363.78082953267705
596,568.566118131296
604,623.8409657070275
492,426.7578740935976
406,388.802205013248
268,304.44815239444085
218,209.54527521722636
164,173.87664332761776
146,138.30834253519853
89,110.16878681915327
110,95.33709612747019
135,135.8984524931012
192,183.79968197654782
265,257.193961694135
357,325.97982689823414
361,365.66770312731234
331,341.3647258183592
276,324.18199695511544
253,282.29969759181023
290,263.12554479190607
434,368.2501118901944
392,406.51138644177666
381,377.57132442979895
348,352.7999268696727
350,345.0269289025102
419,444.1660989798737
574,555.2622490834709
504,489.9299545368623
407,391.50552877811623
293,320.25141779283956
261,217.59407887000583
210,205.44244337785372
203,180.41010502394377
118,129.05636607599533
121,128.47725037314189
151,154.37239992574487
235,222.07487619916483
280,293.6512168530109
366,373.43286338530527
467,368.92349528761133
410,404.02439955830397
272,350.97217136073306
259,260.90155434496205
269,261.310658688196
361,298.8785203896959
419,373.6911043588684
364,383.45952123234866
358,333.5817797223153
350,323.69338676028383
360,375.23631464058644
307,350.78015131970324
295,258.73658788987245
229,206.69612811613487
171,152.89741455656667
100,105.78841659831046
93,91.57935603001397
107,100.2516419926734
106,118.03254705060509
116,134.58732998099774
167,162.31778315287286
289,267.99847010694873
323,291.4721546265165
318,322.0963298937802
359,338.8174809415114
297,339.45067387507885
311,288.082121106235
277,306.8381455784767
289,273.5010028167742
360,305.33553429203215
467,403.4768378825851
611,467.32646721924124
842,541.5271262889609
764,677.1195877108111
932,722.1451284413022
570,721.4562356692644
464,436.4063989599692
375,331.1997926075413
248,233.78553245662113
147,148.28871573936686
120,109.47861806117379
114,104.02128334142937
104,102.09310188958115
135,131.59336376631921
256,206.83316730518473
396,342.61837064964516
359,370.99076104117665
372,332.86120500377314
412,390.4861151081093
324,377.9614597236049
314,325.5622538005497
311,313.1376331281753
333,311.2263768226938
394,373.36176263526073
503,469.5122347453376
471,515.6055768281668
489,590.4124678143884
673,700.1102169362765
848,914.024685067833
678,691.0796910750048
541,533.2932837596459
436,387.22642819731385
320,285.0956692066776
161,186.88594239375877
145,126.37495590420048
139,114.98473119897517
137,118.35370585342827
189,165.56916682881584
417,276.578931197951
609,432.68445427057077
523,453.398406031373
441,418.5757393727935
426,418.79264430137084
375,386.953172970664
358,368.5802037352771
362,350.5539663137169
406,353.4324233399445
489,443.0238237551342
512,506.4358669697333
479,479.8104527656827
458,446.9935540346014
629,582.657895631487
751,783.0456809691655
752,664.1508817160463
548,558.7847966558548
432,415.7582367789431
317,304.1683220290866
222,203.78743981230053
187,161.6431764363766
165,138.36980536124838
177,132.80035057759162
179,175.96705433543485
363,290.3653084249164
532,410.1164034751056
434,431.5024202519085
453,390.4694430196803
449,428.94996387194044
410,392.74152447823474
364,383.63442319754824
361,345.8028628447978
375,340.185395657486
426,386.45258640915455
470,426.8478568634451
461,435.8037761189078
510,426.60465732997466
595,522.2795325847347
796,765.9473917881116
602,689.1556641615942
577,500.62021210771064
432,477.9564611061767
307,302.42481492797236
207,208.92510180764893
190,172.40269482200145
157,144.7283661069927
143,125.63551528945536
161,148.34387806778977
203,216.18773579979128
311,265.5643680478443
313,301.65985191340394
371,316.92869569538055
367,374.2921839291735
339,350.2436874621275
310,316.56595248351715
275,289.6312879803878
275,268.4148388847459
317,298.3678468826597
353,351.109716358744
371,359.38935965472626
395,361.663408102713
419,394.8776279607442
608,535.2937895316926
672,593.2349023847245
465,535.9660108968916
420,358.9834577605632
341,326.873592822893
235,240.90306258532465
194,188.75058058708473
124,158.4184696582574
101,103.85827146250901
111,106.08466857045126
134,135.14213616238078
196,183.51054704863563
279,264.1912998010305
353,355.88269221427845
390,372.6362613806758
320,362.3668068587064
291,307.76512959182566
278,287.6829194011772
286,280.20288515147314
479,394.01566872199595
419,441.2142329381103
397,393.2460831365838
356,362.8262667979902
360,354.34021280698505
455,434.6677581639327
607,558.2492870571134
488,496.36965970963524
398,382.3901123344237
334,323.1166531390622
273,237.89652732283136
250,223.8841026996722
179,189.23879532402938
146,132.3990926264786
118,137.32205912142442
147,142.9439225777228
231,215.07431187376093
293,295.61074025989507
370,369.49590390559615
429,394.72678998870526
400,391.93757982389786
298,344.6439051433997
292,279.6869559019601
301,272.87805721943374
357,329.3538634819143
430,390.46812518957375
414,387.91549068374417
334,356.3865681082856
362,314.1705353051959
428,370.8801592069386
283,391.83284132977377
292,247.18010667564886
238,211.46859325400263
122,158.75481907866717
75,88.91764559326113
84,74.01518669324038
109,100.95635440214416
103,111.47659724966445
125,131.61638839333818
172,166.94764106243832
250,261.03504488641386
316,271.3776838523338
351,314.9615402799608
353,364.5079667876902
271,336.3504831323868
277,273.94523678325237
252,276.29492813733003
273,253.66940725600398
289,304.3879942275933
383,372.44798704354224
394,431.61474004724005
417,469.61063327309137
571,556.5149384161948
693,735.1111160139287
588,548.4937109054728
439,446.8265260902698
398,319.9877951626147
240,240.52169945581505
189,143.0848401913895
134,125.64114686229141
108,112.1830622037624
78,99.36784413635253
103,120.91721896289955
197,186.741486778595
367,309.9517922907943
297,341.09908641655414
311,317.41782876702376
309,348.5365148175818
287,300.0172673937926
263,292.54904972221874
265,278.81505860178777
261,283.15164104516657
330,334.66487628420197
406,422.14207173853674
409,432.30831833913146
441,467.52313013671454
557,660.9238695065499
744,851.9415492234006
658,690.2538538528217
498,492.4153168069879
414,362.48243868264933
286,276.8359203859306
178,185.683580986196
131,139.12000210193779
108,113.82777283277052
99,105.2751613057743
139,151.8554357117756
227,273.1312549774704
372,374.2202293307117
340,374.2188651132479
338,346.0264960756664
332,353.3838179426254
301,331.00393526702356
281,311.5268528717712
303,298.3875361650762
301,305.69251109441416
398,376.8996544409939
475,455.04737034137224
440,460.99359057953353
457,442.7815893344386
621,577.2230634482461
742,807.7714179931195
682,730.1367238476812
578,516.9233996002415
433,429.1726600185361
283,303.6999136681224
162,201.68803807665822
126,136.15367145109872
142,125.34687469231427
123,133.02633682569007
148,153.0607108729272
260,270.3500995457522
386,408.2542726984426
327,376.13853534576094
365,347.44151895636134
373,358.0081690507324
373,357.8894025305817
316,349.7256132845579
307,318.08644826812343
304,311.7873659407285
351,365.40670362690895
380,410.412126756351
364,393.9820274021955
387,405.8461084346108
533,495.82495086007714
758,784.4710757601281
682,626.033752907886
574,546.2704171967464
511,472.4840799182347
362,335.0727269123021
245,212.44917940542842
175,181.83026817588367
139,139.86705311268528
121,114.33933754177788
155,149.57380563877055
231,214.78153714754282
297,311.64752817842253
305,289.54479289325013
378,319.65483708213117
442,374.9959807737678
394,385.3138260983773
380,357.59109909205665
332,336.5557958233795
308,312.9598869291121
365,324.44795355308605
381,382.8515188109223
408,373.47358523086876
421,393.52584243233787
462,426.99494527424815
705,650.8996734502623
656,731.2580093707188
475,517.9926748549917
400,381.7945026459803
330,320.31359250675416
242,240.51312098434627
155,188.8572385791712
121,133.23205375877845
112,99.92752204226433
110,114.10970875110881
143,142.6479012958353
223,197.2853015305604
262,276.9540202257998
379,325.67588112894043
351,395.4376883496613
306,341.8152091692837
276,305.90252684535585
302,283.403069964451
288,296.7571962248752
378,402.2364562033007
370,409.8604118448653
372,389.12013799516944
331,365.04120876494693
321,347.7337207502645
356,443.3352121033295
567,505.9250722875209
488,476.8902874831939
392,381.15812002619776
343,307.5936766728649
244,236.43921845092433
235,212.8349739278686
178,179.04606015574788
160,136.04903063529005
141,144.2890843641551
141,158.7313237981353
212,205.9339764586504
269,276.3421303072196
352,345.8551433420813
450,382.7525720915724
419,410.67100857151
379,359.689532231047
258,333.8910943684256
286,267.3042360048012
360,337.5064506148528
494,393.1279641311623
461,413.0182447419944
350,376.31529570851046
308,334.54723100034573
328,363.3863003329183
374,313.2708163993148
289,298.5072594283403
272,204.42211770919994
155,171.7163313132189
120,98.39740491766283
104,87.75099239984758
112,112.54739397630591
91,106.06814433956164
132,128.66219765039062
167,174.053987975885
262,253.25333467899927
318,279.1812025216336
369,327.3720654993061
369,374.2529160644553
324,337.4103982979486
343,312.4473180032715
303,320.42253998774993
286,289.98172191924783
326,316.2155376030093
450,393.02506923202606
460,457.2899226627937
604,460.34184245601864
647,666.4543039081927
716,802.2898238099043
561,560.1341897625668
494,435.29142453508666
384,337.8973474606803
271,233.54708508388237
161,179.06652133073982
131,119.97821543073641
115,112.87888627528541
95,94.23012481294705
106,123.06786599434407
211,196.75388974851938
391,327.9380627940224
420,351.2117132370706
420,376.1419548775894
421,402.31720439010707
339,375.52948204686646
368,318.83575087508024
363,342.61981175545674
333,329.3293230385552
437,370.40573149268977
542,485.6378761287626
485,525.6833477814309
534,518.3590004722175
675,679.816237402367
889,821.0147170743554
734,685.1793611400742
553,536.339640343723
450,401.34028250979145
302,304.3357394492927
158,182.49760060864403
122,132.14178847548723
114,119.39882582889689
118,111.81552779551696
147,144.81088542748498
249,252.30875694760306
397,416.3445460090338
374,388.93768144664625
418,369.8341050703417
412,417.2732035824381
376,380.1967100664429
352,361.5274354369215
342,348.29024991061664
381,338.877915109885
526,442.2055973122786
577,540.5277377173129
614,564.8581342145495
546,578.2471438243612
626,649.8586332203206
781,781.2942064594887
739,683.7123058430478
501,544.9237660450068
460,409.5244510511975
253,339.6784867673556
184,182.73899847326388
163,145.44449681777633
139,140.5485168044336
127,139.07918545508775
159,162.57687747750484
264,282.8728141576679
438,368.9759301934168
481,388.41701644935625
428,434.38552102067445
432,424.8967297098735
375,399.6340408466796
380,366.02598757590596
353,359.2631920094847
371,343.6185703621975
327,410.68145144717056
383,396.6259708990447
377,403.97720167232336
488,412.4388228738709
629,546.7149668894688
903,801.5455363371669
778,696.363752930402
561,549.7663249243154
132,127.93995740723955
85,83.55759149435555
48,52.63378735878409
65,36.229212020475124
79,62.62643420494154
77,92.73720286526573
132,171.76036726534713
209,239.31942214755856
315,371.8145042990088
303,329.30701194965525
258,282.1632112189277
253,314.86962672619825
266,299.0712526187251
266,286.60066954057197
280,295.17228389613695
343,319.96710348493275
386,381.30061643166863
390,452.7335641710744
511,460.69457496123243
541,499.7177176649263
472,547.4669434087753
441,489.23294719595094
370,431.24449602761547
212,277.1163472071694
159,172.52409793492126
87,105.70051197644538
56,62.637409884988266
58,58.60503421388291
54,71.18160418506481
80,90.64146505799866
148,160.88217552514075
216,239.64318500544908
314,352.56546506846945
253,323.79987857298937
247,271.2603994723727
254,284.63983961216445
276,290.1806381319165
246,305.22171007497593
264,303.6036069021529
281,334.25960536865335
352,353.45905325827573
346,437.32248237429116
388,436.29347252478976
337,461.91158649525767
292,427.50422767505364
391,346.873353533859
344,401.1234394407295
258,298.3116920592486
168,211.5067063427006
102,120.70664284705107
81,82.66674586949573
48,71.65713478579524
68,82.23280257629607
98,98.66454704605688
103,161.5302407045017
198,227.77071729475963
233,312.4670380337371
232,268.920918265969
246,252.46317936932607
253,276.19499249764
280,290.9866711270976
272,305.32892628444904
280,297.0128371235641
279,307.08125597893934
258,334.5629270565116
277,337.8928432219879
362,352.74726853298677
256,391.98445742735646
252,329.80529000711033
239,313.9381102316838
239,297.0167674670407
212,222.5112171584193
145,185.11180762740213
107,111.3787038014829
79,99.1000835229738
42,69.18306836774848
60,61.6503130247566
53,82.13318429602977
75,97.61642268242673
89,105.90706516454892
90,135.07820958272706
119,130.07153636466327
131,147.5868378316368
175,133.81166832338067
143,197.17929609317014
156,153.89311420113273
161,196.49328872074767
165,166.1662638816136
198,182.28126104934202
211,221.7243356339667
226,241.00539384261455
201,205.4282616116925
204,151.36401418531943
182,164.9407901156268
452,162.15980480883474
254,338.49130320221985
175,225.73939410227317
95,160.9967946340443
86,100.4020467367505
49,96.32517156668973
38,77.433321674186
33,63.89698977002171
44,67.41041733308313
47,84.72850639171085
71,105.01356807536507
101,123.5447298267918
144,159.0856783161419
150,210.8895118911247
180,196.96041390215723
201,213.31165898719755
192,225.48315899788696
193,231.20703969172033
215,253.22727664095626
249,286.0899355304059
264,311.57315409433653
267,304.1918644957279
259,289.8246591968271
276,267.4887857930346
240,335.9120709883269
199,240.91021029482803
121,191.83306801274512
97,125.23538058670995
57,82.48780866409084
63,77.59972993524006
56,74.49851284951325
45,52.67922380114288
46,66.97402307094038
71,69.29899316970517
57,105.25242614327803
108,99.42723751270321
147,140.692188658202
187,183.7128334880175
190,226.85757761911216
251,223.48228674009346
228,250.41218347009453
223,234.4748843284119
223,240.218340839935
256,250.70938509839263
227,264.6571537255571
215,240.29104045705063
180,227.0388751018228
216,211.12515219015341
204,216.57129337730464
129,162.29705874794166
76,87.25360334977462
39,48.27668653622856
19,28.168259637165022
23,24.811464751520642
38,43.75392044767062
76,76.9540298789121
135,142.85217344412922
193,217.6592970747141
309,309.4221339000725
247,277.9529903543855
241,236.38263075581057
210,249.14712911700028
236,235.7327303353746
209,249.8293144654031
232,252.52149673353912
289,258.1811756345379
232,297.08458598579864
313,291.8777420202072
336,359.3211031157671
308,331.57341931475764
306,318.3205245882649
262,336.12249667084177
263,278.8755384605225
156,187.3893737248958
92,109.77881596666356
70,67.17247759394824
40,41.00609430469173
30,37.56759459625522
57,60.884706149989455
69,86.67856871295238
165,157.7327097351961
260,255.72710989489468
440,362.3094640723909
334,332.84189681901927
301,278.16988238091386
287,278.5287118557619
289,274.7887240130921
289,276.95109746040043
317,292.94795727565923
312,349.1010518178724
362,335.28612706429874
441,414.42672506478095
499,472.1312225666028
556,475.75905105420475
492,526.4389243721093
387,475.00143714667655
416,372.055532625539
261,234.12166767629785
154,170.42352992902505
111,97.6651399462573
61,64.63495247002412
43,56.579060455580205
59,63.77208663241772
99,84.78422580392657
171,165.40563324358237
286,281.137315345225
413,385.34921227917647
308,346.61786982732167
239,302.2156505481014
272,263.14272966690413
292,301.7395334785015
290,308.3292517420198
270,310.2257405100102
308,315.1508231398531
357,358.34526583384974
451,422.2598165466783
439,476.15812259547937
412,493.1295162346231
490,466.3861019999447
520,469.08480923727546
507,491.44904478553684
396,339.81600430760585
195,229.6073071598585
140,126.34186417009897
94,95.8452359718819
50,70.00906475650625
64,85.0433051219455
90,106.12544908975502
169,145.10864128290544
259,262.5279565884516
420,325.34163308500683
349,340.456830224932
344,276.30794577865095
297,316.73120658442275
293,304.44401465990273
316,306.4948065680787
302,310.11925249128404
312,311.16842266600145
362,328.4494427978322
430,375.5759485356015
434,438.24802794219954
468,456.05310167053716
503,507.3619112739495
483,544.2496331085156
581,483.89285546789563
403,378.7542577438507
276,224.97852111717674
161,159.53810863337725
115,104.20818093928935
78,78.42967087556111
98,76.35578978381963
94,89.58799802113063
151,122.02359299124791
213,203.7006136786004
349,271.93238972610277
282,291.27140686552656
230,256.1295661582216
267,248.0560298765548
279,250.2973811075516
266,274.01197716309787
295,270.61351563962023
300,286.3169785796596
345,305.46166681951604
356,369.66039640126957
412,413.61069561662947
418,488.4516663910952
446,431.86529415520204
469,504.9306040723406
558,507.80807026998065
498,454.3738025649833
350,319.9861916409925
278,203.03056982441964
203,179.64019078320322
130,119.46778320983137
76,81.66145236320132
64,59.4120786398202
68,65.90172308708773
96,83.07124016721357
134,135.2530611915893
187,184.86263772465307
233,230.24184526579742
292,255.1090992954373
314,299.09264375759176
282,307.5738198249415
327,283.51005496848904
336,328.87500896375434
402,339.2879599957168
369,393.45088352635554
417,382.68310655099145
401,447.07752740660527
461,432.82069973537676
529,503.08930954624407
585,597.6604306738734
494,471.35409367546214
333,298.71145417246873
261,218.53242065982704
163,150.25126114975575
124,112.54982641362707
79,90.48096380583763
55,63.37112714423851
59,64.89796995733239
78,83.03608887425557
126,114.38304571054152
177,162.791182802755
222,227.6935537738352
284,261.25391843556304
299,297.9490850321232
276,281.58342017629394
299,270.0011554471034
253,283.0352421231513
256,253.17994372856032
301,268.44606479629715
252,296.18350934084043
250,240.38705264675903
234,223.14948392589324
266,242.8441651109505
226,238.88569694599295
165,158.66454491591247
93,93.85462537976231
46,49.75081734917158
28,29.513832792734796
24,24.127246212863767
42,39.93227413078079
80,76.5622062798191
170,138.36277338646693
230,228.5216684850026
357,325.67430377866907
284,284.9680106573761
214,244.7638675777777
248,236.6782303323327
218,259.4300880998942
220,229.30475093278122
296,248.38370432037493
310,296.4979256284039
359,313.78005604565595
466,386.3534407342926
534,433.63137933992897
615,440.2657784317789
481,484.14198673216436
426,422.17604880638754
351,345.75628002241456
196,220.632459800718
127,117.82503404431223
65,71.62317836485725
50,41.27280021397303
35,40.3326019551707
41,57.29583861921582
96,80.07458702601829
172,168.631154230068
292,270.2369425439521
402,391.0724816818767
359,336.61436442854176
288,286.67682200667576
299,283.0221996010757
285,286.05992014847527
308,282.9702600319166
323,321.9212138644745
338,348.717939298302
423,391.5048944341064
517,487.9018257705733
512,545.4410149827452
490,575.8362606472324
458,520.7168922362173
474,458.3492356059446
408,446.291770318376
273,263.41105360038523
178,166.96821767864495
107,101.99484261364454
81,64.99797161353467
45,58.8504482223744
66,60.157493867377596
82,93.22368268537606
168,160.45844544226622
315,299.71366347677935
430,391.2762756779126
373,360.84074834974274
317,308.0896092334687
354,310.22151696099564
337,353.7022491972639
340,338.70605272875196
352,336.7241291191517
355,358.6026341934478
400,395.74965883329105
496,469.07627949209206
524,502.1963561050268
514,494.94853592297915
531,472.7128534902212
553,497.3811039418462
535,503.282148437407
338,359.39173070195744
186,200.16973179924764
121,119.76554589132463
76,87.39986000514183
61,56.56257705940941
64,73.94113581704308
92,100.61424540711091
179,149.83738848062166
294,277.3918807439037
458,384.3043863499008
373,381.40688122764396
258,312.296772164427
330,279.2184146271532
344,331.7111482209436
367,342.77444886757337
373,359.6061539437566
361,358.8199509809639
388,374.8292126481243
478,426.38205488788606
468,484.99889334695484
568,425.8133333497879
497,515.5171523850216
488,459.64729441549986
534,454.67636312128553
404,372.00733394424884
253,244.17328045356692
160,156.0785989712911
110,107.73107278076482
92,82.97600452986238
81,86.59094945069864
105,87.54412585812571
158,139.7683755316411
229,214.84709720844904
314,335.4828775765589
269,300.08245591310776
289,254.82593264424602
274,282.17221472859535
281,278.6650505794525
282,268.63645188693835
301,278.5291586364396
330,286.05424144566064
351,328.3432245128223
396,380.6776427498749
433,424.2490276548517
411,430.9951527177874
436,401.553724691343
443,412.7498169813735
494,500.7433663990244
419,375.37482078710946
327,319.08265380578416
279,228.51367080773144
162,184.1886191248552
125,107.54395590850109
105,85.6232631926987
75,72.37311243291681
67,76.67558217647652
106,89.89670294172026
144,141.0221923635097
170,186.39559257714274
239,221.68844732786434
270,259.9265515164409
292,281.98244042269215
285,285.39121211817155
307,291.80096348018225
292,307.54353642071123
385,328.230853775385
392,412.5898262263435
468,416.81491766579427
432,430.7151858049404
432,412.20790141916837
429,418.4896103723118
452,457.6159518936983
427,379.6899991049385
392,280.5165287089472
314,257.88921935353363
164,186.05930435100896
132,116.13768844913825
108,93.27402160943338
60,68.26162595176748
79,64.4601870333297
97,88.13020977588327
114,112.6225628146763
176,144.42758353134494
226,207.81987774255444
277,249.06659435462882
397,274.8975172571109
313,342.2723544160489
339,295.67779073993154
294,308.82986294966275
258,277.99992196695587
306,277.45564521857557
308,289.1306108006443
278,267.22141328371276
272,244.71036791857767
252,257.01804994329456
206,238.69016522485796
146,156.1075569029356
77,86.89149879796601
41,44.55815597886549
31,27.628212498847667
21,26.135566516910473
53,38.04948578619591
86,77.40344601085822
166,155.96756805863683
225,214.1897017049779
354,318.1479033194677
274,285.96754366198985
252,223.53884692530352
246,236.23779369120197
244,244.71731464026726
242,238.20113839990697
263,256.85704955460966
269,275.27954905019556
338,281.30910424266074
350,384.72822589525515
398,388.03908059322947
342,378.69407608827527
305,354.2714491212204
332,309.4514226312785
340,308.320509486441
205,204.59684334386856
114,115.28254951327528
83,66.36944127445834
48,48.590140426468444
34,38.01021233145422
57,53.87562874005265
81,81.8170690471297
174,161.72151119836676
253,267.3194115603505
406,364.8536090840716
287,333.67484023250375
273,265.4045284711193
261,270.5405370472135
252,268.45092182223004
248,267.16326040569015
262,280.81087482432275
293,294.7479285320807
328,359.95560614435914
383,400.6096627398999
429,446.70689425258684
446,472.2709071431247
444,463.7410851643759
469,439.82331819502224
443,412.88192027328193
284,285.6096728063169
157,173.37905990854304
104,105.09133416471015
84,62.94862593897265
51,57.08538655307027
59,61.62580249692547
100,85.66957854326449
175,166.35326917306915
314,285.67156000565734
391,391.90330738152727
350,322.1135875999345
278,300.823428932422
285,281.1499577973081
293,290.7879014509633
289,290.8517345568951
301,295.92963359706977
322,314.95728436751415
356,355.7373183972491
444,418.32546009110223
466,465.81468738459307
424,460.6033670737547
476,468.36462803415935
499,501.1218800977648
525,464.181536458108
363,321.0904659720719
209,206.52668325402374
111,124.89266336039525
72,79.29737528193569
80,55.09032977185802
74,71.01160853829265
97,97.41482085505756
173,169.31229854528007
293,294.90192569601595
379,396.8507137527669
389,352.14953824903347
290,316.42633281529953
300,292.16367714162465
299,307.98203019356606
339,317.6256205313581
315,339.6334658566601
344,325.4127770006431
369,363.08081970997165
392,431.1286331109112
420,422.90643452653313
467,461.80973163778964
511,481.4460962650509
544,516.9501854599525
515,577.6498537650268
393,391.7387818348213
306,246.63902310755583
191,169.00293413598388
117,117.79078562385313
75,85.97856181366153
67,81.43156939095905
93,87.95294021873327
138,148.55110183337763
233,249.43071721028252
318,361.8749269312512
314,295.9364573644948
309,288.6767763269768
338,303.36578064694316
311,335.41258955111357
336,317.0223476712708
311,338.8301825887586
313,326.56991296613313
389,345.866226938269
406,435.0302996952241
449,450.2492005653807
477,446.5241022276892
462,458.57301719657784
409,478.0908068527321
506,486.6714966124462
448,434.1841140156703
340,308.9918549938413
274,242.32516783497553
196,172.28833067048197
135,121.84949888179963
91,92.53748752473295
53,68.02356350585988
71,58.680419998700664
85,98.0679272177154
131,136.513142639439
195,194.43392691103315
214,242.2274772911452
286,268.57326770081704
266,303.3179401909393
280,284.81813732100255
290,295.16533604554
316,294.20599676089
299,355.16213574364536
337,342.1815589980745
425,386.49437006803436
442,425.9486680128981
423,426.65224703386076
377,432.34161190346646
403,432.58238218589383
407,386.39481887081405
348,316.70972277494
292,255.70943623901377
210,186.9221327253047
132,131.63392147937782
78,91.55993698615976
71,59.43478740892718
75,67.14068610275866
93,85.02011534801933
109,115.68286823986162
162,166.0933836017516
237,207.088510722469
270,266.1647930370456
304,284.88220100239755
355,289.72202200759716
274,334.7393057246936
269,269.7365416230138
251,259.8090810695502
282,273.8911860465714
300,282.20915248813355
249,266.6403579414812
253,238.13273857654434
262,246.50448220263144
233,241.07835175888323
146,161.68152436886493
92,82.00864652763792
45,48.45503112826783
28,26.568897430966622
23,24.00765565906288
65,47.565361306575454
74,84.9333558299333
175,157.3922701233859
262,230.27731748052992
373,335.7055466229987
285,288.1730247010156
280,240.5336952500127
290,259.6343117338361
260,280.83911781550427
287,257.2009174661237
291,291.36086391241196
306,292.13040491753986
332,317.32747168277376
368,377.0718536416025
381,381.28455867197863
359,356.8966451380416
360,364.3721856588811
357,350.78395967098555
312,329.0672916195006
203,189.0362115224449
115,117.30900081688155
71,63.24136461063017
59,42.57390557346799
52,35.837382228137464
60,54.57316754628278
99,82.94057932521864
169,173.8380772272524
316,279.31284324012057
412,411.3389917110798
471,330.9174357976906
323,367.1611322388236
340,307.1419396659134
358,313.5263986843485
366,332.68905053998685
338,347.84233866706177
378,333.49530097739716
360,389.3930488809256
485,439.0694799773049
560,500.70739102977177
520,503.76664772745266
464,504.37462487507673
549,454.1392431731572
490,453.83347440115773
266,288.5101195451062
173,164.19214958341513
98,102.41933677761135
58,71.16217137567116
49,49.15410511084971
57,64.59370147873342
87,91.68596074583924
183,168.7617393019527
282,317.19753759188575
468,391.10419298142614
362,430.25566903364245
316,310.1591712311888
298,317.0278699068674
318,316.0851338486916
307,327.49146265609147
343,321.8290587224348
356,347.5205617878357
423,382.8300668894084
502,492.49128909182826
564,516.4082645321098
481,529.2837541454205
460,495.1193810614728
557,516.3679621880336
463,526.6599690153865
287,330.45914956487655
221,191.87038671703723
149,126.13058198482999
74,87.9979982676003
69,63.015992655083984
80,71.07858161708083
90,94.63446662263996
172,175.91431959019434
305,296.6320558191139
412,408.6163213876423
485,376.0007419120645
359,372.7192896680708
331,334.3033045692728
358,330.1218690605578
364,349.0454187651818
424,357.7907027557592
436,403.8118732335485
353,435.46831679249954
397,423.29159850431284
451,442.5012669736655
475,481.80953784423184
448,488.4075924047267
521,484.4251835189139
604,519.3671052312993
418,408.25599688674
211,170.13803656530678
109,108.872123169283
57,55.45722102766314
25,31.64703497471755
26,37.76632908362252
43,54.64355263002789
125,124.2608871397755
134,202.03636003293263
231,234.88750542287994
234,249.20097030804084
218,237.16379845668678
202,260.05209252425055
246,241.10492834629952
272,281.13582294393944
308,324.1121027326509
320,341.1506702274465
447,384.19168517925874
521,533.5405556755687
518,552.3973217776304
583,517.8217913959993
532,590.8950949303319
508,570.6681281076195
394,473.73805717737497
278,319.8959070265167
170,211.62110246713036
89,108.59130537883307
58,56.983456955216404
26,39.00261944222709
40,37.06193579006216
60,58.08480896884716
109,133.73873692492123
161,196.92295580477918
264,253.6301844799284
188,268.3154212229299
206,226.7668949134269
231,243.02183660486992
230,267.4562987352425
263,276.4459082057498
287,327.92473771808596
316,347.1972209969184
312,395.4011634100422
417,428.0125301875635
417,469.04568370465324
387,487.5711510342627
374,476.31076623078167
386,462.2125918349688
440,422.0909960256068
294,354.32161682091424
198,213.33022029527902
126,134.79718011539487
71,88.31513981867266
37,58.87100520631893
40,52.45494238054408
60,67.15857179762385
101,109.4908360911037
124,163.56310046842717
169,218.31182364413013
164,202.56271136228605
156,214.18043597711605
219,212.6155902386927
247,252.82133786271092
273,294.3579050978331
314,311.02647464236935
292,340.86591848516747
291,357.13650847992983
331,367.1380161512081
376,384.7789690407766
280,426.70778192253437
271,351.71856136206515
253,345.8195120646755
314,333.5584776935489
272,309.5516620249491
253,223.1476303812402
212,204.30607623099723
138,169.94146377870604
73,103.02841161719459
47,72.64895903352364
31,61.812947165965575
56,64.42205106021242
71,86.14517932750367
57,99.33897615608112
116,81.71904797781933
124,125.82414212511041
141,150.3691381607492
150,181.18701959604059
132,175.93948196927568
157,148.15719436892326
168,188.35267850691744
163,196.78097095359092
180,189.8647543730553
189,236.41355485357244
184,205.59165233879105
185,172.73342954236352
178,149.72654085900746
218,207.00925183442644
218,150.59212138130442
215,224.2334017562346
196,217.76648644766635
143,192.24410743804032
139,158.33453499964614
60,95.15858320001752
27,49.77916324515697
21,44.9638236542843
31,64.79754583908249
39,75.97103167004597
73,105.45633722380117
105,125.94827518850956
140,155.6815467968968
157,174.34451610359946
189,187.74869808510468
201,216.68816047994954
235,229.06013858782978
194,243.27724532746157
218,227.86321742431917
241,232.86778664807642
235,263.2326043258229
235,261.60413256247455
276,259.39272945082655
311,332.93605130827325
299,293.12387250323604
295,269.7563586935081
251,245.7925307088499
218,199.3378543838073
164,171.03250759429392
80,95.2316194822872
40,51.90494787279789
44,48.08793160434222
34,54.21905083750913
56,65.77070229776552
78,89.75173000188009
111,126.16983238754382
157,151.25519197615597
200,196.794869425074
226,218.71649193170168
231,231.74401976943716
205,246.75330507185865
207,234.86432095632983
212,231.7529535140898
220,237.41666288112935
205,216.94002301464468
214,218.66948789458993
223,245.5426808949687
211,243.0159087119317
155,182.83758179693467
119,106.76681561721523
83,74.25655856681055
55,43.459687237006136
20,37.87877824193621
26,41.18039989878016
56,46.20169639465382
102,109.96658619855633
151,149.60674413869347
207,216.67024797071875
170,210.91741633303587
128,185.70331214809124
165,172.16001234946057
224,195.74908828952752
232,248.02245589208647
244,258.8918794027438
271,273.63248370017544
283,303.43129602890934
347,381.151855545299
362,404.80799770135354
334,359.9854134823243
339,405.60532422845836
429,416.9802423020161
278,370.1408852588499
217,233.01765762151507
139,150.61690144371096
100,81.63509341279428
53,55.4522958474383
28,27.359489478173842
28,38.158990632387464
44,54.96468105968249
101,124.02524610711897
147,179.32744491589347
268,231.43342509980124
270,248.50295859610452
200,222.3965296291633
241,233.1117047860579
276,256.8384364849087
317,294.49462598372537
317,329.17458099326177
353,346.87249112286054
430,408.50230430052466
517,507.80119457294103
525,510.0492858693164
611,535.9210536115422
666,588.5698027620151
554,600.0458034329049
449,456.733929970968
312,322.79336848924567
198,203.7869633839494
100,112.76901496680752
54,59.31339887208692
26,33.99172701224978
23,37.61636385310048
41,51.612559379364654
104,114.03877096155426
190,176.84672223995392
300,271.5712987609767
252,283.34541396649416
228,240.96063316616494
270,251.54870433023447
305,293.5698938941199
334,338.17939269015756
318,357.29679153407073
328,347.50337190006803
402,379.9745229186324
495,473.09771432829
536,488.1613026842051
505,542.6060502383116
630,531.1306196688217
637,622.033523853899
517,522.7919065824788
446,351.0831697940981
299,266.95747115347496
149,152.95576001430766
100,93.32237302529273
52,71.32298446002224
61,54.44342843236532
54,65.28155871832347
122,106.82523428164903
185,155.78832478201633
275,237.9525282090567
283,249.3084555678682
254,233.87010592340175
316,264.03125963054765
343,317.8514094680912
339,344.3347779734028
319,337.8388314300356
335,332.38366999065227
424,365.1418237677025
524,447.91395661227676
475,496.398707716567
481,503.048687783578
498,512.0905834644509
608,543.405587387586
482,524.1987540681574
428,382.42820967923205
284,321.97801883877594
252,202.7553228520618
151,148.7858427153095
83,90.14839369748564
70,65.92967583654278
67,59.654372491810825
93,81.115190789222
140,126.23518142135703
197,185.66324446891008
209,194.98116325763792
200,199.6752697439714
232,220.3922849337961
267,247.7706137949526
289,272.845570783271
317,294.5912477532339
340,302.3758724524573
333,328.625243832058
380,343.23089787752144
368,378.69244804325666
413,392.40170179676903
331,392.887291825914
408,421.52996704616686
506,536.5345719296022
503,479.36664642877037
381,415.8439161143131
356,299.2380111572894
296,243.80631319429978
188,194.6652990073839
88,97.68252237799182
53,55.316547189086975
34,45.420622292314484
78,52.11492586649356
96,83.211483258044
144,138.67352702621773
200,176.47636702838685
266,230.36669601914127
267,285.61528806755683
286,293.43032678507006
318,293.00939338887423
267,316.5884661382818
299,279.37012124401434
324,310.22784491907504
338,312.61494436328945
386,334.87916004496833
377,356.5371235203056
419,403.41427095090654
511,483.290234667309
437,433.09274013608507
382,370.1706456143279
323,318.568456238352
295,255.50709448419366
205,208.81430852168964
126,113.66043959407955
49,70.05429360401607
52,49.84000610630915
51,57.69121552053613
67,68.58549737593034
114,97.11684881641152
150,136.19532714601812
198,164.46826508286782
211,204.84954816638924
215,213.36385494791568
231,214.95925508604225
230,234.11949297316187
225,240.6436911604952
263,227.29794991141242
272,290.5623544531097
235,244.35999746585497
250,234.1891745702348
279,261.1181025516043
236,272.65326316881306
241,180.2034413192632
127,144.64763457656235
113,74.7976020502771
75,63.492859273420414
49,38.861518817519624
47,46.53298457834732
53,55.032140990345596
120,102.3029319527588
171,163.54976334519617
252,230.30431467701214
194,220.669341990763
167,192.14416204643913
213,189.69324010144754
249,225.84330514512212
251,258.0268136521671
265,267.11966218120926
292,282.7850358637028
366,306.48451307590204
575,421.3872777817902
611,531.0225311246685
797,497.3543163370441
652,670.1223451066986
531,598.1186362968995
383,425.15325678424995
273,256.4349420743894
156,162.26778836153653
97,97.88323704302816
35,58.80804609117016
20,29.116869407095173
37,34.421499387526424
52,51.37203570969489
101,118.2434387657575
193,163.40664869290873
277,262.1565173366585
262,261.6881802920438
244,223.99773264642562
235,238.8460729129781
242,267.05956624380246
291,280.8614081095219
297,315.3781950652442
385,335.61849657985374
478,439.4867276085546
544,582.1335168681386
553,592.6082468385857
448,639.7490654748632
606,580.059720554091
635,598.2586302343124
469,515.019190520571
366,334.36178454290405
201,218.63708524064901
114,107.33924328408655
83,60.20124081116981
33,40.13393487888783
47,35.374431358008614
55,54.58408389305507
114,108.24088299395895
215,193.92071756853127
315,286.51737512028393
317,286.270933812244
264,273.83813546963285
322,277.1497223262768
359,312.21689495302365
399,374.3004105411125
413,393.5385028456148
399,403.87291235801234
459,422.9040669259379
612,533.6460520814877
581,615.2319874161242
592,560.3299386905742
717,612.0806674597861
766,673.5466513547005
550,597.4153406967265
387,430.6395726979262
262,261.2355947027128
145,145.95388934517877
99,88.15828834281892
59,64.08435346907018
41,57.60174844748005
64,60.774924602285544
116,113.71988601688874
199,177.54400436341402
315,260.4254880641961
293,284.13978631977375
254,254.44627674953185
356,276.0997993601569
317,356.7088379529315
369,336.9512020146563
407,368.9899621547086
409,398.42313592849246
482,426.2075329699061
537,523.4732460098087
566,543.4460661884877
506,504.96850584152315
560,481.95116606012834
582,562.3919715748519
481,511.8451057055767
392,386.09618688675306
324,293.31660646764436
251,226.33902686084576
141,154.40046769843232
83,89.77920182012049
70,67.41384616809174
54,61.01165973684409
97,82.4152344107175
156,134.21014538858623
215,190.14644401430215
197,205.99534268481375
226,200.37429177264104
271,242.3754815078012
258,276.26806227738757
317,283.9183646638035
306,298.21586488208266
337,305.1478022288469
328,327.8518981425068
360,356.95715601833706
365,388.70419662565075
404,364.3939281018014
350,374.016571417058
425,380.03169186253956
501,455.55498867361587
472,395.8096343710799
404,364.3342374483371
332,330.3675498684959
299,229.9810816283981
194,192.42196415519751
114,106.477716313915
60,63.29720308323224
43,45.78510390291801
71,61.629207806207276
90,85.02141892295853
158,130.6750041539282
213,191.32566672624657
249,235.48995012991455
322,261.12353214896217
318,315.3818347477298
332,318.6323957542977
339,325.3021306180099
367,330.5934806895011
397,365.5718397080814
400,394.6093380421092
432,390.5769132486048
387,381.4537306493343
417,392.6122186410205
498,451.51475438684264
438,422.6145726377507
399,381.27216198291177
395,331.89559375291424
271,285.47248565854113
206,205.43998860818874
115,113.73209048442463
38,64.09738673438463
43,47.94358148998952
49,55.06731816128418
71,67.98166587866866
112,93.71325697116251
173,144.02250432645062
250,203.45246305445298
290,250.3728190861683
297,275.8017610620613
266,295.5484432901769
295,248.09903935997514
274,272.28244455284533
284,277.73439020954646
317,302.8607607585803
262,271.1643630796813
261,250.81461956968084
307,265.3287703307813
259,276.1383337078196
168,210.52353021164637
128,111.53521642127046
82,86.13508645636409
42,56.47934157887454
19,35.09439117899716
34,40.665630030288916
48,51.8977534062532
104,102.02499505909596
163,157.1802917762577
224,209.81052461852073
208,198.52538566954493
193,184.53941000246977
207,202.25022145661282
233,221.10662564249705
272,251.3191136410806
292,285.4729670526616
286,303.82858697534806
317,311.2539474366969
416,385.5508246937834
404,453.9586716992003
362,408.5168527482207
405,446.30609254064456
450,448.58007538674104
382,376.5640005491042
245,260.9167010926982
176,161.9868215547789
98,91.56904374336229
53,47.705563438774725
24,25.84601541969279
28,29.89778638787678
60,47.99649810271435
127,108.09019363526019
184,172.45225015449802
311,256.386762778892
267,266.25979743349495
195,235.44862935684748
235,218.38650833532844
249,256.87702777600987
288,286.2626746477615
294,309.10272740899774
326,332.4529560241382
396,398.67514461959223
431,507.32295897961876
485,483.95138465661097
474,488.9659049618524
502,552.5027103223049
553,560.0326172603656
470,460.5509538381522
341,320.93141448598794
187,202.0301045278557
101,104.02328006185408
59,61.70647729592786
36,34.034255758859295
36,38.567582821315334
63,54.205884471765444
111,114.05021420420047
203,186.2812124305395
315,293.43893952663797
320,288.07755194869543
219,255.41124199632762
259,243.9741542546741
291,288.801081550933
341,318.9892525472821
317,356.68352224294154
348,338.02899222824425
423,403.1646335682049
546,490.6489482377457
500,554.9701611131624
522,498.3723512292185
615,575.7376932123493
572,653.9827269954085
464,507.471988144185
297,368.87584674928775
213,220.40077224642326
122,129.24675588841023
53,79.11080511070199
36,46.799864364185964
50,46.682421713386205
70,62.70148439798768
134,114.99991857089748
227,190.46625091873207
310,295.17530925809143
275,302.39169626540024
252,245.09194849939476
281,279.74607596098036
312,297.55715808854706
379,336.94918220431066
405,375.7867466252916
417,399.079763146584
406,444.7096845697286
475,488.41871774678197
480,508.2790527530428
502,498.5581865356751
577,542.0629669700392
558,646.4145240179679
510,512.0303145874262
420,354.4804662287435
275,287.49681514186716
215,213.15037640193466
151,134.28117224095277
96,87.08830714214021
56,70.00549611075265
74,58.61878630837569
110,97.67078226977928
154,163.88773676378372
241,241.06557190692234
213,227.7993807836508
227,222.4789147794228
297,258.792227841383
287,306.46943417574585
341,316.09691238381043
340,349.2598514350033
404,353.70809439851655
397,402.1380630994917
415,433.43580064528066
448,434.1190121865287
428,445.40853259086896
456,402.8554499120391
460,477.23260864743963
544,527.4962517692409
496,492.02772664662217
419,394.733153129706
378,317.0439485124493
329,278.98631994080927
239,199.5142334210914
103,118.21647580314404
71,59.65620133749729
51,48.7857967107569
75,65.3734945699846
103,99.91684070337965
152,144.09035636420305
222,209.96303659455836
229,257.23017127161717
277,271.917244334152
274,298.58719387041106
277,294.51668015867466
288,301.5413007624296
303,318.7452813313646
303,348.20308263288297
308,344.1377525988195
369,341.58156244025
347,381.4834960340813
381,379.088320666847
445,434.1596722302476
421,409.1109828216793
400,371.68365795446005
380,341.6353069085306
280,263.7227343239083
227,213.84444441388217
117,128.81595937871762
47,67.87267503286837
47,46.98176285718867
63,51.372764172332225
69,73.85139667075096
133,101.85840742083714
178,167.24831173623664
232,201.71853212039906
267,249.67266966111575
293,274.42294862392845
271,284.14075550084425
256,267.7064259894592
273,259.9773729033379
252,280.7099281602213
281,267.0735650460137
266,263.17821710799325
260,258.1927642839741
295,272.8531045014593
246,271.7345182839192
184,175.32834574597547
123,118.04832985048311
83,73.07680039328845
39,49.449376807432216
30,25.624767599374213
34,40.02742874999026
67,51.58221229572316
113,109.44491581814752
155,156.29977618518186
263,218.9382597174366
210,224.15934547667922
190,187.86428789696689
217,201.26523018186987
235,237.75413415808796
254,257.4757472892471
295,268.93538430834604
307,300.4603460271029
342,328.519571198788
411,395.00176168046505
427,429.641654783402
467,406.83383554369397
452,467.94963549634906
557,469.3251043863071
380,426.881684903883
212,242.44932014597552
165,147.82842634484052
94,91.13968926709717
66,50.29792390600934
24,32.87364733996364
55,32.235611237364765
71,57.14212403871403
127,114.62723896499861
203,185.25464166527865
312,285.5501354037879
371,270.4605494219801
327,272.9650243897344
296,290.51758519584973
350,294.07654446137303
362,341.36776255809
430,363.8393976226985
369,404.7199612845318
497,426.6421764215636
549,530.346669924098
512,561.8890042843119
584,508.6258805953803
580,592.3003082588621
601,604.9250664386173
518,487.53417268392735
316,324.13151622038964
190,197.44870896253425
108,103.24797686324891
60,60.91769573609188
30,35.652479465730515
38,39.65475947310383
64,57.25887350769407
119,116.84700988957756
189,206.2540875457146
295,291.0674140063854
297,305.82967128274464
274,275.1983482796184
312,286.54613384579545
340,328.2929230531671
377,365.5588555545118
394,395.5077119440351
446,393.3113227156752
477,482.28293427618473
512,557.8774042636976
725,510.64160689641386
572,657.2370612880817
591,619.4843099752451
693,642.192055222063
545,541.0477293855695
325,380.0044925943779
208,232.3558194455895
145,126.33754687079222
70,80.37544476937532
36,47.81623436679907
25,48.30852974422504
83,60.44724949288962
131,127.43491873655539
187,199.45174815830887
317,280.15264570415
437,292.7414812481547
332,330.17592784764355
343,339.0209123475645
342,346.7804820598584
387,372.4410715833635
464,409.21568536624704
504,464.24139489297494
444,509.8960999937227
481,504.1028653690446
442,509.8725792621711
482,480.8106662296792
483,533.2277563751322
622,547.2975102629432
624,541.9130439631714
407,455.20500415499436
51,42.44129838140993
18,24.070726914478005
14,12.516505112975484
15,14.781208315147735
35,36.938434646557134
65,77.29563100825065
111,132.18461750490488
207,236.21486163939767
258,294.1543544959053
246,270.3279747628214
194,241.37941322759156
162,213.23284420502318
232,192.949855978181
226,241.44535391926513
217,257.2503536325412
227,258.9829331635787
242,245.2939514850748
298,256.9989618562018
281,290.2265886041892
262,230.14922936154554
184,205.7243525155933
154,168.42688341947772
115,129.25126349163048
69,79.16772789534447
46,48.18508931357016
34,26.521766212909842
8,19.272667161267705
7,15.693213278743924
30,32.030749591199516
64,69.73312593348925
119,129.93854792919566
190,229.88769196668747
269,276.8322448843402
223,278.47926658714204
207,228.5954140831753
184,217.82261972925608
180,218.4046939836854
203,211.62664673200317
202,234.03721313880254
220,233.69224200204218
167,242.40673608754918
222,239.10599008671272
216,264.22096795447004
183,220.92844014798334
133,179.39516825013823
138,150.45276754627528
114,135.4079493140316
80,93.05394467403572
42,55.8441705496649
22,35.855396993493954
8,18.709672878199363
18,17.674304881358502
32,37.92658674905553
54,65.41693111599574
87,105.33541669300213
144,192.0638441327309
188,234.69712156169925
156,216.46447668179576
170,197.1082050150646
174,198.31256008288548
192,192.38036034374835
200,216.48769669039578
203,229.93538210891606
212,237.9028963360864
204,235.07432897183926
238,236.72912097364042
215,248.45805659198587
153,198.29929666382304
114,167.5592469167138
105,145.06679412389502
85,126.57913379299443
67,93.41733173806485
54,62.18768150597774
19,43.00969321641448
18,25.302497278111836
8,23.25707137017548
24,37.386251438812266
33,49.3407020384078
62,68.74768016962955
69,94.5709955069117
74,94.05323989969035
83,92.86719913231906
103,104.8000075636339
100,101.3595891429883
107,105.69214792484294
94,112.399908934808
114,80.48953266440353
110,132.55076954953546
126,129.83641230159202
110,148.94647232386092
143,116.97887518434841
111,139.38621840933266
81,116.49931203198275
67,80.67742921371541
74,79.38357767553936
62,67.30604029287909
43,64.79988642351363
22,41.475143706315045
15,27.810050962478776
16,21.57717086726113
16,26.615017010752517
19,33.77937721006279
35,60.242298469262586
50,72.72603044941405
50,94.29922209972503
52,107.69533439905022
67,111.01121180498424
101,112.95909937094959
116,118.80373536228574
127,126.83206870851275
141,156.7757180738837
156,157.26567439564778
177,197.88048358146693
165,195.16695002856446
155,187.46259750435078
147,168.09361594778844
130,146.7724134542756
85,137.6609012500867
82,111.25381999296522
77,80.36626231303973
46,63.02231774604872
26,45.52787545498883
20,31.20060205078132
18,27.635798721338826
18,27.274447843746643
19,31.818587384238437
48,58.73134453491491
48,61.498395893023456
54,68.79525635281308
66,81.26283092524585
86,91.85040761944964
114,122.2336785500066
117,142.4148252398757
141,140.795812187005
144,149.20058593866233
160,159.93797180756567
188,170.36093830477492
163,186.25432585663145
130,162.28348803560272
149,124.23077634923261
98,131.87868713061124
84,103.74991596743799
89,78.66712271417848
72,58.622401229998125
36,38.497645426041224
17,17.493922288382063
10,9.499167134155762
12,12.15251736969179
31,30.692462426377762
65,57.01653407904359
124,120.57871388512986
188,201.08114407680995
274,255.73393756104778
245,233.32797520788472
165,208.54676892607768
175,183.74656575004116
201,193.12387071111073
177,211.29921196431886
199,204.9790081429741
235,217.9446356964129
208,225.0800154710268
189,224.12342236239317
222,201.45088308117317
174,178.9303496477974
149,148.00312591415218
128,146.91364880644883
98,121.13843312291301
49,66.58938320510629
46,41.20513630587624
25,19.866643192291896
8,12.914922072713392
12,14.14207020328594
34,35.48232071280968
59,74.59088871674403
138,130.75802181134887
229,230.6232935075553
313,290.48311226745653
298,281.8348306869448
222,227.353460796604
200,197.68134414447854
218,216.03354814039196
232,226.05914178312372
226,233.8343681135683
255,246.15799910168116
235,241.88016303332242
252,253.8907675520327
291,254.7104873435784
261,236.53168514831134
234,202.68599944987312
182,173.32369505492954
99,128.3355903372934
79,72.86951024271349
32,46.92461881100564
31,27.1446684161235
15,18.298329958755996
11,15.842307794707663
26,33.5987749665682
46,67.65561583438713
139,126.44916916310072
222,230.55062082466412
296,284.8020148357921
296,287.30904763749567
208,236.27382024414678
206,208.1008494581278
242,218.82940465052604
219,237.78856659545173
212,229.48959427148824
193,234.7220869462245
206,207.2756993598581
248,234.57988788450407
223,264.70330858702147
232,209.2390743468642
177,201.6765792379559
213,163.38839680080397
138,143.80155630357882
92,89.097672108666
53,53.15156531339703
33,31.955687405217603
15,19.36635034681355
9,17.224389120982767
26,34.47914601162643
80,58.76108600276706
125,111.11357322176785
213,194.74406745778958
309,246.30181921967457
290,257.2083848574123
219,224.8286987059268
214,210.3641964311237
184,220.6472278609818
190,207.36997253932995
206,216.5540282595647
221,214.15239362927662
211,232.8640692029761
239,242.22085726954808
227,233.6083624597808
206,198.52091857183777
176,179.7964529560386
147,155.0867515982755
119,122.04447264298233
109,95.08244385820196
93,66.03810778904948
51,38.35451189971606
24,25.150686098069595
13,19.63239231577048
43,33.25496595762533
67,57.6401959100268
105,99.98147224844276
150,144.02880286159788
221,193.16273506829566
212,221.68615463874644
187,194.49991759242417
167,184.22906176812955
184,169.34709210580303
209,193.45966056309362
201,200.57398736130187
227,195.12696283175248
228,214.17984569504435
238,237.57379252345666
237,239.7492818353521
257,202.47169965653785
216,210.54019272523217
190,176.69647854191882
186,133.84484608888033
134,132.98847281852832
79,72.22689102044441
45,46.485024342123495
42,26.270317001741674
22,23.679740076740906
19,25.412020368325347
40,31.913339339782908
75,53.35714265217917
74,78.05714968086285
105,97.71846919622558
122,121.01843412309437
133,152.06508872393522
166,146.77443394834282
159,183.1393749368264
189,181.7902915441571
169,187.60354394502835
211,187.6943795316607
241,216.59438212598428
226,237.05898753389343
249,223.27519897824072
212,217.75985210576135
202,176.3577093632704
183,164.1801929893682
162,148.514269511552
123,108.36970589128016
91,75.72084675754773
58,52.343453180573576
38,31.734356868912247
26,25.696195978642017
25,25.3407985268461
34,30.010481771267
54,57.49180448070884
62,61.561433928515136
72,75.87816251274951
99,113.56496200573936
135,123.35819575929425
141,145.99191597477673
185,152.16682442628877
159,175.0882571228782
166,157.91676608734988
189,176.49833680153844
186,189.73772589062696
185,184.62313142885043
170,173.51177056507646
164,142.48682883317824
154,127.27543382465755
121,122.05037350531323
112,95.21499613458964
97,72.77408308586516
42,49.71057102307541
27,20.657834617308694
18,14.0783599575711
7,14.530497956160895
45,31.411727682203015
62,62.078024891604336
112,113.96353009785526
212,176.97932153456046
260,270.83305510845474
257,232.8165984026065
177,204.09585484319882
201,174.56030151912586
186,197.96461516849206
188,195.187806519052
207,203.57957610805076
245,215.97360837934926
244,228.32905895064766
273,231.38542737092925
337,245.78890388502833
323,242.00491851133773
209,227.16115858269896
214,144.62361964599592
138,129.85492070670614
80,80.80530095417313
42,45.45469902250647
15,21.032852629333615
9,12.446831222032404
13,14.07239631234286
27,37.08310665494841
58,63.80578756593131
145,123.16790620545105
219,235.37641570627645
298,285.66246422885087
313,280.0857993600789
221,239.2462160545463
214,205.53139909654013
213,219.99006277571996
209,215.6888056015371
218,220.68575743442685
248,249.36074064795255
255,253.70354583728238
228,266.287458990173
286,269.35249555023273
195,256.77024403789534
219,183.94035422553281
178,187.3472341801206
145,131.94431751729093
78,80.76589321632919
43,42.58513674162475
30,29.555171331183764
9,17.45429788446749
13,15.62353938780084
29,30.933382419439234
66,58.08665094499246
127,133.4784532790333
229,223.35392569477762
291,284.27916203466856
294,293.681716071465
231,239.5746205354711
236,217.27628735939336
235,232.96420786234015
232,232.6696445825262
214,235.18997184272
256,231.4653898440236
225,246.6212368826211
238,245.38225913190382
255,248.13732277972755
214,209.67112825999928
183,179.4954741296726
150,166.11775116451574
154,129.10379177071204
73,90.71086189766356
44,47.93651416787494
23,28.50084376839542
19,16.177325840940888
13,16.634664944221598
29,33.48246519407574
58,65.21294575935981
119,112.44704758627952
237,201.25199512708045
293,279.63117909122934
269,273.3786132116614
257,232.74964375899836
196,236.1545902270961
209,201.35678041800688
211,211.66504546046124
224,219.17019373954136
229,237.9333537088
256,230.63109779500792
270,262.07664766671843
280,266.4821066909403
213,218.26983225076665
209,172.9129955387466
171,158.49782313322845
124,124.08228865749996
100,99.25633084091331
57,67.04099105055671
38,36.47316031454939
18,21.487427590104335
14,18.808845713483674
31,33.90758042653486
58,53.16484006039986
93,92.23151794560458
173,141.09506865225498
221,201.16849993443714
211,217.63708930399036
191,204.657888697734
181,180.80541138628868
182,170.81562638118294
183,183.77713003781938
239,184.0646056175598
217,216.05356845627776
218,214.4213723388034
234,223.97079585276208
247,237.38710332477916
199,209.62884270126048
195,182.5620969254426
198,178.8424132184368
141,164.3153545829301
131,118.577997137368
79,71.96750332570053
51,43.69417117033228
37,27.937847830273657
33,23.081422341383234
25,26.235518835957887
24,34.95131092677224
58,55.13291150229981
85,71.99701076725219
119,99.90790036619201
121,128.4920195289813
150,137.490156298045
162,156.42503294586461
188,165.54873488434504
169,177.7177893426571
221,176.67447256783103
224,212.62831263119557
231,226.94261845068604
241,233.2164136163031
222,231.62051839283924
234,190.51113186663503
185,199.45452507721208
144,167.38158721367518
129,138.95314803011408
113,105.50216131582864
68,72.69966369281903
58,46.26942330114256
37,30.418958224260436
27,29.94238078119405
23,25.861714614722366
35,31.917898950803476
57,56.03916924943335
62,65.90306867825421
89,75.78754993517315
105,106.34660296850373
156,121.06171273596915
166,150.13798322645002
163,167.40392558991363
202,157.4444404247652
208,184.28051033761366
210,201.64667664316136
220,199.3581179992832
222,209.3399439991409
171,187.41913461630784
145,149.04688203635882
128,126.95728909411258
119,115.66359339162521
119,96.3951938513632
80,80.26747981135787
42,43.40130630778749
17,24.184405339482172
15,12.87070291824465
8,14.530497956160895
24,33.134386780397975
65,54.67407002212549
115,108.23000651432241
207,185.51474846828071
254,253.18737102221016
245,232.33385199807424
203,189.32513853885172
198,190.07067663801115
189,187.7801045505956
182,189.95134037291018
198,199.21472705194654
229,219.4716771355325
199,226.84004228312165
242,217.710584261487
225,238.391820256851
168,183.22162331895785
147,150.47945534552943
144,141.87446863613388
86,108.68654647763813
54,58.14350997318806
50,39.50932238817977
30,19.398714370893227
7,15.31987261472361
14,14.14207020328594
26,31.60924310568826
56,61.85723468353706
138,129.96630562229993
249,232.1233238690586
332,281.3451593918628
268,286.3712038393661
193,219.7263394914687
187,190.4029760622618
189,199.88578702420867
186,198.18850762265743
219,205.20104084742576
211,238.9165445265859
218,219.8385869552711
228,244.70916759515825
232,242.6432379134064
214,199.90368994236624
143,184.8472773207714
165,148.23795574669825
117,118.01185875996684
104,66.46687050733935
48,51.369146856845944
30,29.6837851429505
11,16.619551909757277
14,15.693213278743924
37,29.79474756872608
62,59.67936413851962
146,126.9808503157797
218,239.5953213190681
309,284.93096742968504
301,274.1727256705428
222,236.4529866048629
226,206.2556053040899
209,210.43846761913892
183,210.78320435396157
191,204.30938438189781
207,214.6766336157612
194,209.9825380992593
215,229.21365427570282
237,230.7542415933424
212,206.42183361209334
149,165.2715176536854
158,150.99150023772262
124,130.54213790888542
97,82.52862248024408
48,51.97080835264946
26,28.70044247377596
15,16.228905909214934
19,16.70433883516468
26,31.272557274415085
67,60.32527214397355
131,117.99146304494032
224,222.93959405066076
303,287.5592551101275
258,276.5889328325144
221,230.43837899483785
185,213.32089832583566
224,193.69849514411098
206,212.034837460197
199,211.46761725942653
224,222.54576274035128
236,225.84806988940772
242,246.9305845849325
249,246.77628395731443
229,210.60244575602232
186,182.5884044716485
190,153.61342821222334
121,126.53649029094605
98,90.9813920667338
51,61.218181519859044
47,31.768519956141606
17,23.240656622872347
11,18.043773629716544
30,34.11522239120493
43,56.644689475042476
114,93.67163879979681
166,180.5191633030817
249,251.2294326329435
227,245.73308747235552
185,215.49355201303334
222,176.26898254110017
266,214.4432032092473
247,230.55511464294486
246,234.79579654487299
269,242.45051005998695
240,262.6131662202834
202,253.60171864222707
251,225.74340725561743
266,217.5331812460521
199,223.11790373775062
185,199.40448117419882
147,138.87041527264438
137,111.85652366464052
102,77.07880160266376
91,52.407739230092226
52,42.2308098349364
24,26.95241827951937
37,23.772933798508028
35,32.88849936441065
42,54.332972784226946
65,67.11935630922798
87,105.59403208206822
130,126.41789196027818
141,149.6664951730192
172,159.12017170125722
186,182.41815931813235
202,190.81595804477664
213,207.9827217988855
217,213.68343504750155
221,223.0060742935194
197,220.21391424920785
240,209.84295274045274
182,217.18123553724362
181,171.4647341987825
184,152.2992503700865
109,142.42514848933823
126,102.40695332430163
80,80.39035266040875
65,51.89763735965505
27,31.58589918066077
36,25.260298029294663
27,29.195443964220605
28,31.129356450255862
53,49.546396741283374
72,61.26200779438111
71,80.13499381306401
118,94.41425102218533
125,134.39247875078863
171,144.3566799155666
190,169.64946984836243
220,187.13216716546768
187,206.87219203213132
215,187.3700984292918
197,204.48967803263295
213,194.02426782745061
186,190.54749013754315
166,149.11656683205806
126,127.73656117686042
129,114.67797154647656
86,98.37638082456856
72,68.8590024517056
40,43.8846935712413
26,20.657834617308694
18,14.065370001709216
11,15.613734352459034
34,32.27292421838867
58,60.60160672725998
112,110.61854462120021
181,190.42984236891792
283,244.49125287895993
248,237.49303177500337
189,195.84634170148107
203,177.47297139933713
194,193.29271595176587
223,191.6168323782152
238,212.45111646400784
230,239.65397887134134
234,219.68627614683857
237,233.60246644111223
233,225.57786327059873
197,175.36545630275313
178,164.62018094222037
156,158.8749425065242
106,113.01968494229644
68,69.20453732978139
45,43.752256557721395
22,23.48051705908856
12,13.90808254975392
8,14.14207020328594
31,29.412457204892895
71,60.54395880002344
122,134.48043760556578
229,224.54668314955265
322,290.7989702898647
283,279.0889989539895
239,218.88264173077562
232,212.9671873100389
258,216.86297328718476
259,236.85260020745648
263,253.19307018038262
302,248.7114438781036
241,282.527247011617
301,250.60905994123627
302,277.9156095848016
222,226.38099405905953
169,188.7648481610211
143,163.33705635375017
134,110.28561898510664
75,80.97126378064983
50,40.98346343806068
71,28.78347459590459
17,27.54419810766603
8,15.911981685650746
23,30.494629004746976
66,59.2990358816982
132,129.58721328988415
236,235.21317733533306
277,291.7538207629404
323,276.96398573992576
272,256.8818153144651
234,251.81851150860496
231,237.1972070419217
231,234.13146786706065
228,235.5921066935584
245,239.642674949188
256,238.36032183244305
243,264.5659038653996
295,251.46540746500236
314,231.80357167412842
168,231.84393512542087
202,151.8432271306873
168,146.18309749528495
107,92.8486880776331
64,55.680829751349954
19,35.11774099613268
14,14.369961742049364
11,16.459317037215637
21,29.596449063791443
62,65.09782845711034
133,123.95587237480805
230,233.7870515497869
271,277.51823136011654
281,266.76833311334445
230,245.8728102235997
221,217.59632879148046
227,221.42726056482195
263,225.3223326646252
322,245.5346958437363
298,301.5902847873667
271,282.5495348267866
221,269.4980587447444
239,242.19475709110964
228,222.10789136402386
177,184.93605907202985
214,168.05445306982267
184,145.21438639335395
154,112.76871236256441
55,64.2953285932127
30,30.366167420437765
13,14.702407200148134
9,14.59539818550627
23,26.97156572410523
61,52.546564769948795
92,126.68455185177933
174,214.64461035346008
275,270.25322207644507
263,276.276794427809
252,257.6235333506168
231,263.2180976041615
250,273.92035865924294
263,272.73883063263963
277,301.3717920362596
319,310.7023501617227
301,313.25471310153574
360,342.8611463541911
363,385.27168138941727
347,322.92767857018015
283,336.1633196904427
298,293.671899485592
222,273.25716672720984
139,170.28126398911786
80,94.1857572506687
39,44.889951687704425
17,20.88138257569921
12,15.719854314998775
17,32.86543482838667
65,62.1338441316833
120,105.09128121335131
171,217.05788619660547
246,281.69315430223855
244,271.52500717501266
200,259.35736574658455
235,242.58997276981108
205,265.12279330150585
267,238.74015229165482
267,298.14856387134864
270,309.28251979868173
264,314.7299772798547
306,332.46410713617985
322,357.7305999150977
231,336.1193264706722
184,258.79551543026804
187,238.61259169910858
142,207.39782177589308
135,145.82067912837155
89,98.49581144875181
39,55.536226634045775
21,29.2367062345502
11,21.013568591499375
28,23.811686849989293
39,58.84603019748799
83,89.89367876399162
121,163.50064846079215
160,221.34177827684604
159,226.61876647692435
175,211.58898119823888
183,216.8276856527302
230,220.4368035352733
223,269.41088320437706
240,263.06848038147757
250,265.52533646658304
235,283.00872424695314
290,302.46831897445117
269,327.0228987896947
200,268.8373057572555
162,215.10435943173374
142,198.7521196918361
131,160.19568819791976
108,139.3592283389226
77,99.40225572370109
61,68.27716627408603
23,41.86598827574789
15,25.174686585527155
25,35.350220047445305
30,44.315876808405356
36,66.11443084445514
58,86.79255437277428
70,73.33167977767076
83,66.39116667146777
67,90.03326880567938
93,53.77231983801624
102,106.94328616690373
96,131.36853806028822
151,122.39787222261596
120,169.78785641147064
142,128.48653935043856
138,161.48700375622644
154,165.11471459374178
117,161.00680397943333
105,123.52931015946572
75,113.4161602067015
65,54.520185326314106
76,42.73649366551776
53,82.86287129462139
46,63.77415501580933
30,41.208252395219965
7,27.8707997237642
12,27.278261975056633
16,29.061954038519747
20,44.511424116325436
40,64.3303702032751
46,79.7084280650842
40,100.55341813929618
73,113.73333983393889
113,103.61455416628566
143,138.47472809530174
153,166.89645394696282
159,197.54343099784055
169,196.72545237448074
209,200.96492833982964
203,232.96943692884454
199,228.07152550688653
162,209.1539533600135
135,179.10987583338783
180,160.57309951785274
293,187.5033660675815
134,204.09622395740064
91,102.98581658729127
57,67.28838886154928
35,43.8332066399352
11,24.91387590395312
15,27.411198440951605
22,31.775122993561805
29,44.84965928122958
42,58.76198633527537
71,75.35698019294553
49,91.50504553274249
97,81.61470734573933
119,117.50513516688046
181,156.5973588530792
168,190.34600278313735
186,188.14973750457122
177,186.60167959983693
169,186.51713151190404
181,189.51598057677057
187,196.6010529126573
144,174.33576948048457
113,163.09038143729384
216,151.6381124589118
178,186.10233303737976
80,114.4386010681116
25,52.4839893035602
16,18.048527163418097
10,12.008482809059444
4,12.19195154809994
15,23.8407417915391
51,48.215898348772036
80,86.94728057657474
150,169.2948612057604
232,225.61188146156255
232,228.80228082030075
155,232.79069320158305
180,192.4562570531006
238,205.379887816176
243,252.86769149590708
244,273.7569321993634
248,264.7807492129733
269,266.5803379557741
267,297.1382545930857
277,307.26835378147933
229,248.6738354384372
225,238.84971972155193
215,237.0542870451749
166,205.96429307358923
81,119.23662502716489
43,47.28378357709212
25,27.74121954580808
20,12.30389864061319
16,14.59539818550627
19,24.919667886903895
52,55.67641406421508
115,117.10844709311449
177,192.23682069648075
310,268.39274215742256
280,278.4131722207884
232,243.16231387931788
267,221.12202700896933
279,269.4101178422161
284,281.8492465017389
318,287.6518701982573
293,313.7652073014665
264,301.6195532741585
322,316.5685828280279
338,342.58012704364756
371,300.9721764059276
351,348.47989996635965
299,328.1953851199221
189,249.1500104420786
112,129.58504770036905
85,77.12084341384599
40,41.18988911091031
15,19.321080471478968
11,15.89520222200475
27,25.368932563840065
60,60.94028718933153
112,111.77896210592125
187,195.32380588433097
316,277.2481583011247
282,297.00115183026196
245,256.2329864220709
248,269.23320017833527
273,264.14715844418015
304,290.4587419836117
292,317.0887126461778
294,300.76298248024654
325,298.27219124213514
336,351.6420720392844
341,358.6856382093608
301,323.83435564418335
327,313.2218415966996
419,325.11615377405246
377,299.50532394515153
175,192.52587210351328
109,98.58883092257513
46,51.478320332212625
33,26.201326600674406
20,21.85887018863891
15,27.12475764758375
65,49.19118060140645
114,92.54782557553806
178,164.23780028718954
306,238.86947816559794
288,268.9240191507255
264,249.63894923638063
248,266.3161736535107
258,263.92500969825136
317,275.2657397792823
284,313.17646760886635
312,293.02356467503216
313,324.5997767421394
326,337.5031085205926
337,335.48027712062935
281,294.2063823786663
241,269.95755761523293
240,242.46478599041785
246,238.32802033768866
206,166.40657004768366
155,132.6090039641477
81,83.60340551020937
29,38.472746390257214
19,19.658475867680348
33,31.281364710878453
52,47.658545387889724
80,68.59893805294269
140,128.79290452532132
213,193.49169110344886
192,207.29372828600398
207,201.98307494380998
259,217.1654788388696
259,256.44067845792387
256,275.32926646347835
278,266.02387764100695
278,283.94094637507646
306,278.68058384568155
294,310.07351201635385
341,294.40834162541324
284,301.5261020400321
281,238.2780885527112
268,228.97458679515682
288,247.8324294949608
189,204.53168583330051
140,120.61860127015522
105,89.33334856843236
71,46.99732908241632
30,34.513448583820534
21,26.184351155305325
25,29.796479856112782
61,37.764114935677505
76,64.71679368184715
117,86.03568294850113
139,130.74832836841077
161,170.65347544208922
219,189.40914968109004
230,238.0486984047854
251,230.84133046751725
226,244.5481687100103
252,242.466886692998
296,263.77919203109434
285,301.9249751726202
281,288.84604426933555
311,247.03943112849925
200,253.42851879081496
246,195.2291345578324
259,250.67108281228204
186,191.88737745395315
123,124.13298630947932
100,82.06502463338174
62,51.79026004160295
30,34.47354462300924
27,28.07341938950673
33,30.801314640226405
39,46.19658146919829
67,55.0389163321812
78,89.0912591727989
127,113.12322743658444
176,153.06205725928405
184,182.32178765548213
205,199.5423820209519
193,201.00537471736234
233,200.77078925752843
203,214.27175465075044
220,197.529257048374
206,211.97660771624163
198,214.15670986509454
213,182.9357350309043
213,181.3554481712668
204,203.12254476254992
167,181.26087923722483
116,97.81211469841216
71,59.58567580571271
53,29.593527519720425
45,24.504709718103673
13,21.506028030262136
20,23.88930269235436
46,47.821038201493934
102,86.09719573331462
178,162.51649164292866
279,235.70969962022815
241,254.44088734645592
231,216.07247343763038
234,217.56946510887207
254,245.5899770604608
255,257.72904849234817
271,259.94237358279065
303,271.57489730850335
290,295.50580729649084
403,302.195467493098
434,376.9899085749828
402,325.4194070010847
358,351.37979382680135
294,310.14484241924265
176,222.9977240260881
101,105.6704570488907
62,58.77605615108594
29,30.058084332448075
19,17.438721693916676
13,14.910093874398397
25,23.14494200625238
63,57.563145330246414
123,109.6307443237607
206,196.3631762789315
297,293.4958314390504
318,276.2175658350751
259,269.54817673685875
250,254.4088226876773
271,273.20913748474305
268,284.11935421700866
278,304.1160042285305
327,298.7491097867028
347,327.15585082914725
355,385.9625622685106
411,387.4042614022908
317,388.9359596679115
339,335.1409046023103
309,332.2015942500897
266,240.6379424255755
153,145.9970843330665
69,84.4304546633737
50,38.616576300617524
20,20.817438824713232
20,15.89520222200475
26,27.469006938456157
56,60.282131664456244
108,118.78787752516477
214,199.9436213249705
329,282.5193255801205
295,314.7099549074183
270,263.05126671480076
285,265.14711481960927
303,292.2094337370939
312,305.37214597766155
343,320.0250583132355
345,343.8448592206647
328,357.6973854642304
395,362.91733079080353
368,407.6108220181333
315,329.3044166625503
358,303.0299616641255
338,337.9917797151953
269,307.59981595225156
182,173.82004775400085
106,102.0604235861597
66,52.09063742995681
22,30.148799763743362
21,17.961171268422817
27,25.17449551729267
60,55.4426372463664
118,99.09363831850602
194,182.47539545459483
292,269.17603771259877
301,278.7311195613865
233,273.43942102258796
257,241.71392650334738
281,267.30310925838387
310,293.2687142206534
365,322.73143265608087
292,355.54265050295555
336,307.1428289716152
357,360.7214471850483
369,370.9421969209708
306,316.23588204642186
318,273.99648439789183
330,288.951597755906
286,274.8652625792439
179,193.00263643138254
126,125.00430386410441
71,75.49552790466774
27,35.56644321572947
29,20.950283984518407
23,34.58348401996635
47,46.44685385353687
102,67.39911117016024
126,138.39200798560833
201,202.22448525948622
184,208.26243192168502
209,196.87172572726254
228,221.47511615495193
263,236.9733811405045
248,281.94350250265336
284,259.98217016995727
238,292.05766875838736
301,268.06571047782097
308,309.2176965333942
313,317.6938158265112
282,290.44813064594496
203,265.67583597207
236,214.52850928554565
224,245.1696490755259
177,188.3565292348388
153,119.71464796065439
115,91.74529894184056
47,54.988522815195566
27,27.980045085683564
32,23.985181414041204
28,30.76821582462438
40,42.40983951993011
71,61.01710238718929
69,90.68623409228131
133,103.18815359526171
169,165.72737300853137
234,185.43219492216852
220,238.30472180339743
241,219.88361637816683
255,235.52524077225212
248,240.3457633122301
285,266.2071545017014
293,298.58639538023215
293,290.28871265088577
291,270.34456511037007
203,232.20426515024857
179,203.90202739640785
177,200.56734600633047
169,154.77807456011934
124,122.13496301241854
95,85.70183357745685
56,49.84980424142725
17,35.049204471966036
32,31.47342674267206
21,31.58834317644539
44,37.839711208258414
69,63.67758509786783
81,81.06703733551988
106,112.0926013259082
131,151.8790721021882
197,161.72145100924726
225,203.65192611030184
215,213.2357186131416
229,210.83200011714578
230,208.794638548298
214,217.77039704307683
226,217.74623496126276
202,216.31811274188985
144,190.4966936853469
150,157.65687267962574
131,170.4028050213458
127,153.02159047082637
82,91.09544265185215
43,48.298932817798566
17,30.25982315312493
12,22.603889402441386
9,12.26162543904302
28,22.721407725238947
62,47.05979756691688
98,95.58676980603292
154,157.33415460445445
276,238.61065999089482
241,246.19299890618865
205,212.13218816439053
208,208.5346325574971
236,234.21033779861185
236,247.33064289729052
249,259.1494704667652
292,258.35955171240767
245,293.73063920590994
255,284.8830796374091
311,287.7818920102317
216,274.7141333139083
228,219.57301739037692
252,226.01639714853852
171,188.49969404703904
105,96.11840034690997
57,52.97649503091842
33,24.769557535832586
19,14.772081091091213
11,14.665072076449354
19,23.58678187338237
65,56.30724662414459
109,108.7488962229509
198,184.84702577152277
294,285.937877912264
271,274.0299173322821
239,243.00884479862953
239,238.2567680662072
250,256.6608424071147
266,263.5022854585256
255,288.8177182734582
279,289.3920012344663
257,297.9609830073136
305,304.6981684574862
345,336.1462435275207
286,301.9229898478978
269,283.71260312578227
326,290.559228400164
233,254.23664379587518
161,141.1099905196159
95,85.94658320682493
41,47.908156895583815
29,17.845456375738774
15,16.9971852452683
31,25.36380116090467
75,60.91731987636102
89,115.76841915601536
188,181.20245233536042
296,278.9843628500266
313,286.5876296274151
231,269.8098318511039
246,248.2560028144815
240,261.781693659467
274,271.8088586939641
248,289.73366051420635
260,279.65832504635955
277,285.7440098228272
346,330.4155831305412
340,373.3058962604087
250,299.3753767552057
278,274.1784242369783
276,304.05671411431354
288,251.72342381784648
202,180.62404229274412
115,114.67071129181446
52,56.81142849662073
22,28.40337440701526
25,18.814740256682576
28,29.63070436428813
53,55.25202183221031
102,105.25122694481225
203,183.21565753833204
309,298.51486468527924
248,305.3596976810708
262,232.45674825449694
231,255.1095820294313
300,249.27713852399464
261,307.59485421801816
275,283.8010596702844
305,285.1680721647886
316,315.3270886301623
288,349.0478100647291
338,323.7150270838165
297,285.1107019211149
316,280.03774810718966
272,290.2209251259262
225,258.95353686812734
213,167.96292023077825
134,124.74361628192035
64,70.92242600416857
24,31.255882213914237
28,23.115860297999834
28,30.372892614636722
42,45.86741445310348
75,80.80163222397731
140,127.52569775059314
216,241.82736380300298
208,223.63688011061143
212,223.61850255238915
265,243.78521274717139
311,284.7055376788317
332,293.31248350163014
277,332.1238055684484
393,282.2754554345048
321,375.1669379802649
334,337.9436464897244
315,354.56682478939325
295,314.8137352571227
239,278.727282264755
213,236.99610027552978
233,216.5442586652879
163,185.82051327954233
120,119.62884169174777
102,81.70654463325945
39,48.75462143918008
28,27.670694031657685
21,26.265258370473486
35,27.429542814731256
52,43.77494436547503
62,67.2369202091546
81,90.01681483572581
108,128.17433063026976
152,164.40408786512077
214,204.61701657899027
208,231.90394274103372
249,231.32889724652526
251,252.97827279643352
243,254.49404204163213
240,267.916385030765
226,272.6579360654476
253,262.820694009361
232,265.9464664231435
217,211.51904765403552
198,199.1673211745966
216,215.38542731124505
186,164.14485331003527
146,122.63039412920718
83,92.96019755615517
56,41.53261878426544
39,27.252150253637407
30,27.332565109773462
31,30.337150141691236
51,41.85627986481038
52,63.28140319151061
74,74.53412122395576
97,105.56974954291661
143,115.71861991862365
208,171.38400306519603
226,208.97743090224466
236,217.5352987982992
187,232.93969512419065
197,193.44150115784387
200,199.18167819016205
221,207.07247306102354
225,212.44751067674414
152,192.98795138830022
177,147.14410809082406
141,175.35369996407636
120,142.64454276602297
72,83.6733198494426
46,45.4989635325496
18,25.791616417380048
14,18.69040364394978
7,15.491423234624689
21,25.28098251522284
58,50.07873548399903
79,95.05519067393067
190,146.19265013560116
273,253.13527064166936
256,239.23028209855227
238,215.73451906166792
233,223.89415007277836
267,239.3208964783813
259,265.63205780678527
289,257.7984054496742
322,286.20369368845417
297,305.6278370371974
313,311.3762054407317
306,327.8564503338198
317,273.709015378556
290,281.2768207307892
242,276.2408365749057
185,182.76289706168438
81,99.16048414766355
52,47.33999402089017
21,23.461397001342775
18,12.36616045910363
16,14.59539818550627
20,23.45420008100191
61,57.66057125952978
123,115.09766755134464
198,202.91175570567148
309,283.55512659055603
342,289.57075633130097
317,281.2244758137859
288,291.2184820331991
325,291.15879460678
299,313.7246231247865
347,306.57246484875463
333,340.89948914988764
398,333.8588904261976
367,410.0502006885368
389,378.2880870466804
296,337.36087040429146
305,297.9328707794514
247,296.03578074417885
228,213.91273400660722
157,134.04976309047711
81,87.15518105130401
42,40.57800209687065
29,21.170103249489785
12,17.242207043217345
22,26.518551472434847
66,61.07347608190087
110,108.18615391234876
224,198.71618690346008
336,300.19168356204693
305,314.85591863974133
298,295.15456817081105
325,298.0830049253542
309,319.1241056454279
348,312.5982963191471
322,343.41536537145413
313,324.787692221865
346,335.2239073785054
388,385.39862605029793
561,401.95072665994445
404,417.8467553870838
354,350.62559552149713
339,326.59405310891384
327,287.86067034711374
169,197.36594686210447
121,104.6019001659816
42,62.655893825348265
21,25.041744362256804
17,20.248496507732245
31,28.03846361281534
67,61.783967117627476
109,111.05914376878395
197,200.69411723506704
288,286.171213369349
360,282.39167490832233
283,311.8993348133783
260,283.9575975672749
316,288.5009677541156
330,322.23075852630836
355,331.6716413566576
378,345.140096035645
315,374.19803326787587
316,338.94422161412444
332,354.8957037587058
254,312.66289509089603
238,269.61058789602293
231,256.951304424054
257,238.94736413305088
178,189.78484385514807
87,101.79559368423806
57,60.70087740414405
47,48.617751038429304
50,47.88392473334019
67,64.87324955195236
101,98.6357719346904
145,171.9753772424219
202,244.86916912816844
288,301.0749083200267
247,265.3736732107577
213,226.5657758270554
236,224.00579282672072
209,226.66057990720435
206,229.70376573913617
246,250.74747275933785
263,270.05381658385704
285,279.9251121233996
255,287.7824277429045
279,252.05570976482926
321,257.66195227497366
205,242.1281869993724
210,185.3132592532674
157,192.68099454608378
175,162.5589438540953
93,118.11060998456738
62,62.46310934377399
53,54.676899354126206
54,49.83492829704753
56,60.79831643559279
92,90.10478932667353
158,162.95614462974308
248,237.51252170401693
316,321.03462534691874
246,274.83418384339024
237,240.66591370223932
224,241.79686408815655
218,234.1228798771652
216,228.6772338117736
256,243.33352355842896
243,269.31191363996874
281,263.9747377949902
289,274.41408641056023
245,275.747391270017
286,247.37915457888974
222,237.79334419883637
210,222.2626385343376
187,197.581151803957
168,183.00129999962476
137,121.1038979726608
71,78.29362195841826
57,56.429412293970294
54,59.291413488064066
68,64.57295518484086
99,94.59097791371701
151,166.4799479589251
247,249.93751057134762
324,295.4377144184847
261,273.0045003660712
234,238.98867970876591
251,233.07191539616622
252,241.5952198681039
253,242.6763142316139
267,253.70149153173932
288,261.05805068382426
283,280.1739820087715
290,267.6849197324822
271,265.95141790092663
313,263.75125959905273
229,249.57240947064219
226,227.58980926108873
240,218.4526566100703
244,211.0427677150171
162,183.44958373337536
101,126.31778236885836
69,74.41209650784558
68,67.01951329483028
83,78.47909881594218
90,99.90040824599994
130,122.34563802045847
172,157.3746417521936
145,193.2626780481587
149,174.51907603532797
198,179.70098198064062
179,219.1830675341435
159,200.50017567415628
162,189.53670159042696
206,199.4381825233478
208,242.71353530864036
183,238.1208650492324
219,205.60577422868982
210,243.15915604626
230,258.7050634174068
220,236.89362710423998
202,219.4821979561511
255,213.59364171631913
278,255.9820024050138
278,219.6316247710126
234,183.8230535600806
184,140.8103051217745
144,115.12069588508396
92,102.1225709949314
96,94.52980219961933
133,129.00333181210405
178,182.9671224696488
189,195.5844442810821
171,221.7315863244764
204,228.49891739900724
205,233.09791793756358
187,223.40541284216556
213,216.5487284313714
261,241.22824150531568
234,259.2007382854325
228,233.8957115492743
218,235.04755750742046
212,244.68431785280617
247,243.83644561315685
220,250.79435843616326
221,234.78326979846562
277,243.74966540378497
276,291.3960629364286
206,241.30527624357052
151,171.62685395139573
101,133.0073435740724
81,95.11020239020056
74,86.7975090214982
84,90.23028543310866
109,116.18612459486414
178,151.7545218699384
156,184.61510962206015
169,185.79969445465898
186,197.20059457251284
196,206.03195749191786
218,204.60717928644036
186,216.14624285652823
221,208.0390828009299
218,222.41993530405753
192,215.1399198805771
245,206.44938940318147
236,232.4305936367777
223,226.1920582776249
238,216.26559815253796
203,227.92475187642495
219,215.21850737223957
209,203.67294400097126
131,147.81672227393062
90,90.98284172683056
78,67.3770043509351
68,67.19497341491976
69,76.31257769478816
103,101.94614752982034
149,169.77090051672192
265,261.2028919074688
288,306.27923703016376
243,246.09457896539615
211,209.95121508943708
214,206.15252392429122
202,213.7569416700282
190,220.861699387536
233,225.38997651333423
240,238.1137355526134
249,249.58710882977437
246,259.8406615460445
198,234.89366267867402
229,209.4262594955027
198,203.78943622214007
225,185.2217506374453
170,201.46180194979794
169,160.06113851296342
115,105.66552679780229
60,69.49668149062028
52,46.912709254783415
56,48.484993067947556
78,64.8209561365658
105,101.20151814687563
195,161.22160285355233
327,281.6500599952949
358,323.343511694999
328,272.59124648765186
267,234.26246693194747
241,241.76152994069218
285,227.04157471683948
266,254.95286372767433
295,269.0721999179156
287,276.7382615905921
337,287.7260622960206
325,312.1140494962679
276,284.38450166512985
321,258.1105457913252
241,243.95960058997744
172,221.46271051720558
168,181.87069973308766
197,169.49238477018008
123,117.15017743520607
82,69.40572713138589
39,57.18132204707135
45,48.8287371976331
61,62.97077289780616
99,92.76222939758419
150,176.9690413476046
246,286.185398183694
310,326.56741548535365
259,288.476021485823
219,251.51453830948373
234,236.09793170491062
233,246.8063427426715
225,242.643980342027
262,257.5481714314493
232,275.2557110632536
329,271.9291158584356
277,328.39720228294055
229,268.41381208763727
256,253.07803131290166
189,233.34794095041028
229,199.5105278821022
252,209.21830234132773
226,209.98155008458673
170,144.4220274325418
75,94.03380317603488
57,55.76900669234754
47,58.39605290429393
74,69.14135410181149
83,95.94041691453502
153,152.31748535680293
246,246.178651522289
303,329.31362428270234
259,262.3529204032197
219,225.01381595178236
198,233.6325217925069
220,226.149787246166
212,236.59289291354762
272,236.49910913499522
250,268.84451498040505
280,273.7245346129299
238,273.80993349230766
248,246.29873142527148
247,264.6824083698838
219,222.36156075278208
212,223.42877439381644
222,220.38675777539046
214,216.2534352097867
144,162.62490911868883
83,97.00776986672639
65,61.60764127342287
53,62.341395677171306
87,75.94013390031058
99,94.35243441822075
138,142.517989492659
226,216.09470669557837
310,295.8399613235365
279,268.7976028321886
230,235.11950941384808
238,218.4080289526088
231,234.28778006538778
251,224.50502599360166
261,249.67340438860387
276,253.45033341934206
303,266.9336380692316
329,277.7438638084563
319,298.01597970891316
307,296.2262323081724
269,271.1686508080422
249,245.8509604714529
247,255.15030896099543
281,266.28797077732645
195,230.60474611448163
165,154.7687188664145
108,121.73480016294006
78,96.76327662238637
83,89.25338053383875
114,93.3549615893624
124,134.47834294793176
175,181.33462703384905
202,207.43925328531267
234,232.16642705255245
231,253.69371044749056
231,248.3649397414022
230,236.2985916820784
242,241.70643018966868
248,261.3098179438134
279,252.6332725028224
263,268.2663520096104
242,257.3780391273072
267,253.7856060092565
389,274.48938140518646
342,329.28367546476267
249,315.43020222157656
284,271.7652605506553
283,289.06462511576143
202,220.80890678804442
163,165.26273987298873
134,119.46677694320643
93,94.24238655699273
85,84.21790131371965
87,92.46758894030698
119,115.6076031261977
174,163.74174017652732
144,179.8650904822052
159,189.88894980099093
184,193.72798822600396
228,205.5638867319593
209,227.8329940628528
218,210.23918030214335
200,224.33682636864387
222,211.16421329209092
212,214.5390386802085
202,211.9419643139769
209,219.44461234164348
228,214.2972556236634
244,223.37488621926903
195,229.98297663086774
215,203.78737837614437
199,208.15887738673396
140,139.37403986434657
83,92.116302589521
68,63.252626566309814
54,65.88505691338527
65,73.84899307157852
109,103.56787046063154
224,164.40375209820974
354,284.26332458444335
335,316.7311732391568
247,258.5256659824695
210,210.3614346078959
214,207.5986870777761
199,209.96065387110647
211,214.59863144512653
239,235.95477203914882
219,244.51168814960536
272,241.2258493712806
316,271.86045315534807
363,262.7934971873952
357,274.0323854072621
279,298.2492536593212
210,238.32451682350558
189,189.07748481438148
154,162.7555707626004
107,105.51615178481774
77,65.52889712933899
47,51.07905462070888
44,49.38227869058228
50,64.53070732208874
108,97.32625928287575
157,178.0445067802643
262,296.5720201327076
328,328.61835108346145
231,280.28093632615753
223,220.04232915374925
192,231.32423661178456
209,210.21098156895195
223,224.6438014876028
252,256.01787848180646
266,265.36439442617865
290,293.30969154759094
267,300.40289225168436
221,279.11659082081525
254,258.8269143762668
226,235.86679292124242
227,207.55182909563734
239,199.2243295267018
177,198.7259765773708
124,111.8895738524481
57,75.0044521369035
65,43.93346300228562
49,51.79258123283263
61,57.983174508515795
109,94.51272642368046
172,165.0446603062476
276,266.1911451683749
287,321.4041541064732
267,253.73644064464747
211,229.40062886832112
226,217.63339567146937
256,230.83920216378053
246,244.608154879658
272,261.7518650294519
282,266.1728244307279
289,291.541577641317
313,283.9896418744613
254,267.848551450428
245,252.97485337289126
225,220.7065465421211
208,231.08410092132908
193,208.7532702775215
200,192.63717044194772
125,136.95530718770874
84,73.28748757924632
66,60.36208913680581
36,55.46800470792299
74,66.6345136596403
123,94.39381211587228
179,167.24298326852139
263,262.4805312574392
326,310.75487911986426
279,272.6921515529468
258,231.2402848023398
245,235.914539620257
252,247.6752876025437
249,248.5782216602595
294,267.14474880940577
273,284.9326822171899
300,283.2034098434281
281,292.07975667378383
269,266.53847941703333
312,255.64506538312244
245,253.1793876508319
208,227.7560926930855
214,212.2636220821688
189,210.9354934131694
149,145.30474131729443
82,97.05606029111658
75,64.84742046942179
60,57.06885505180064
75,78.52307930369628
93,101.36379446415613
166,138.55735076462398
270,216.49869817401589
352,297.680817081447
275,284.77969368652464
235,246.73018266357212
222,228.2750736931657
258,219.7873379892093
260,246.70743322779123
239,258.85754369367874
295,251.50881930217625
274,282.1609606673724
276,280.45033171252476
279,278.0971241652411
323,282.29857567389655
288,286.3832094212308
266,259.42385558460273
285,265.11245903948003
303,292.94067300435046
204,231.94508211292404
150,158.43811158155953
113,110.43251385123367
92,95.80540277974464
100,85.7946255768916
95,100.30925669216063
143,132.8276259616094
183,180.0937509475184
227,210.24550146679806
236,236.66197604947106
227,244.78490239107686
241,236.91745800118892
271,237.12587964157024
251,264.5415515667049
270,259.2735734554625
290,269.8843293007457
270,278.15828881277923
242,259.92742061634783
296,247.42274437819484
316,304.49432974271707
260,296.15352687806234
285,259.0336066395211
294,300.00098630890864
282,290.9911941102297
234,219.88577631340215
164,169.55517969370518
122,123.4692068530556
105,97.57661170660228
77,86.42454534109004
87,89.69369192581172
150,113.20394912522171
220,169.7716338490982
172,197.43143576508464
205,188.3536275390663
196,208.6487506001383
201,209.51225130219763
221,216.40424758991733
201,215.3629528632491
205,217.81856880262777
231,215.43165859128553
236,222.188021019111
214,224.68450850336345
236,216.5338438233805
245,223.18006368778677
237,234.14993516557996
229,224.4475914719509
240,221.3880149250661
181,212.90679418262468
144,127.90253540167487
97,92.74789683235699
58,75.83050222727043
55,60.33071512173264
66,69.92373127364245
98,102.51495952009095
160,174.1425790801824
231,286.50855140095626
278,291.9705948927967
225,238.36069780201083
246,203.3964368807264
200,221.4543953018292
211,201.58444365393606
215,212.80379516099705
254,232.3259857690739
234,241.87500289893802
237,250.2495083065885
258,252.22293239693545
187,258.3317449869827
228,203.860472580375
201,216.5995523818086
160,198.09517878004334
154,171.25775451500277
154,147.8363641691189
94,106.12038225001491
58,61.12282187517228
60,46.745782556540156
45,51.65695175373027
72,61.810839459043116
100,104.62865076914797
148,166.65540913140273
287,231.82138691476578
290,322.82327032308757
254,252.61179224026625
218,235.9280476470693
196,214.31833115249827
224,215.7361465923783
196,230.80199884884934
253,244.35819691902455
220,259.8032187620548
287,251.2172093318669
261,283.6564295737526
191,242.58960362037382
231,220.51505569350172
213,216.87468634198115
153,197.30262604979683
187,164.61851419178527
170,177.68120476843097
106,111.90712645280927
73,63.99945459270535
55,52.31807042642624
47,48.489006441778066
61,60.64150604890465
103,100.32763449697805
159,159.2364254577181
261,267.3359065230036
300,311.64127395981194
258,261.8995148282851
227,219.46754269615684
212,220.8652711218748
225,228.78850653666518
225,228.79553186179436
252,253.75392398091293
248,247.760655218976
296,280.8517475185529
270,295.6474247480428
240,243.49258783051806
224,244.81624182975415
231,215.21241364767624
208,208.99765967572822
200,200.1289715046111
192,187.51715764888107
109,130.56974935259106
68,72.66666661031114
39,53.99725663752749
44,42.66746783453633
73,70.9226527588684
124,99.81180873932722
148,165.80671221030408
272,248.64571057491136
312,304.38813784296923
268,268.2685717235251
232,233.5557271548318
244,226.39914771816362
251,243.14519085897348
254,244.39680475872754
265,271.4287064470729
256,269.5982685359254
289,283.0222257073602
262,283.2416881214935
267,259.7873583315579
255,265.693783258814
240,237.26243516252785
228,224.04411817935525
219,222.46652190436535
210,213.8855546529567
131,148.45753610110162
75,85.33974158457833
74,58.18603300637764
64,57.729959054616906
73,81.82966138778602
110,98.71489509836321
161,150.5609075461717
258,241.25845540694442
341,344.48802191873403
245,277.7251722306885
233,230.2620320563584
273,228.36201241188328
268,255.13886789061797
249,258.9052461591945
293,253.33952022357528
305,282.29343394766323
302,301.25149086415536
343,295.05722868164924
326,315.93642078873523
353,295.8005701224865
250,294.82449631703116
297,249.12057456772777
259,288.3246022720014
281,282.01563872863534
198,216.84145045547373
131,156.93029745898363
125,111.96112294769605
98,96.54901495529359
76,89.66226364832929
97,97.51124804315899
123,132.62697245748396
175,176.9563157438515
221,213.51624100547318
197,232.731443592675
204,225.6818774026135
196,230.67842723438426
203,227.6681650265229
229,226.55740937904105
242,259.55924504247474
260,265.28892842354503
240,269.66265827245724
233,246.25886914131118
248,259.789880450467
268,292.22141736884015
239,261.32762496344
237,255.2672322448005
250,270.76304540750647
285,272.73584605175614
225,223.93078599422913
161,161.4415812384054
148,118.75927037908006
105,104.26333451582957
95,80.7410536315625
96,91.31720978269081
127,121.27338122580873
168,171.46441228476422
148,173.7030851217031
154,178.21242888055852
169,187.1839187226919
201,193.39323721780278
238,208.558379372149
213,226.03845033024092
244,215.06383538509036
241,232.40017679705358
206,226.74924377347338
207,208.13891992479134
242,211.38199004915228
206,226.6239791016404
230,213.32999718121368
239,219.37762856477758
221,233.40045550047842
218,197.8211507909703
149,148.9186903261956
98,95.71308454930055
78,67.27969396795305
60,62.12685355793676
71,69.00619146107472
95,102.13859411745469
129,173.70750824450627
277,253.3780751005038
303,306.3346635904813
251,242.3389768505656
224,214.1295365246207
213,209.66151572928248
222,208.67952006972345
211,219.140490890568
251,227.18278950288897
244,238.8730790678498
294,247.16192569743947
278,282.64257308833754
243,256.4293420065341
254,238.6079530848515
223,224.76265089635086
206,204.36686677863267
198,182.44591146904168
190,171.17330202748877
107,116.83161620076078
58,65.99423501768344
51,49.88550883588694
57,48.264554800813876
70,68.16274091604384
98,102.39129961178308
166,158.63813637488457
260,289.0356482566107
355,322.98871327185606
391,284.56089962576516
251,279.6441915364783
270,223.3048189249761
256,247.24540049578482
215,234.11023268754224
280,252.8822981619113
298,271.64768220302
334,304.5692279908511
390,326.18262808991966
296,329.04117116513635
292,276.524753885941
208,242.74068778962155
192,190.16649775116653
178,190.8375369165784
179,181.9457416942686
97,118.3831347919032
65,66.99728376979792
60,50.43128452001121
52,51.17146537869535
66,64.0164108206555
84,100.31075853262927
171,160.59114149741836
283,268.5867476805822
305,308.85791788064546
250,282.7921942840462
233,232.97986092104324
203,232.54006970207803
235,233.15311578583623
225,237.70300985342607
251,258.7947952415459
317,264.69394629630466
362,319.73838934809436
392,351.9666280420286
290,327.2835616504511
252,265.04750903600365
223,224.48734322907737
205,217.9287435289496
212,205.40660847458506
187,198.30210954432076
143,123.24935415909931
67,79.82258857220235
61,48.23825394005876
47,47.769991975233104
63,71.86558815889302
103,104.08979873952883
184,166.18391711118284
268,276.26225066062887
325,312.27227673502995
293,264.9331538280794
280,241.87226872951018
266,244.24492652164378
258,255.1836076342755
259,253.49080310881774
241,270.1520233739791
219,263.0625759424058
255,269.44347356316035
237,276.53814349297784
257,256.54968915560755
281,255.5707611546755
212,244.39013716105327
195,216.1777988340056
204,209.06161324486376
185,199.08473433351557
113,128.68564743873557
61,64.51379277128521
56,37.56103646266031
40,35.45415302561823
25,36.19665940171324
45,54.48925134573155
110,133.9904546950819
180,213.94807994867293
304,292.126962054609
240,281.43336968513154
210,230.01019889174853
333,254.76705923392495
361,351.0081536142163
463,386.398513731919
555,484.59666865046376
768,592.5223546679172
556,729.081319329326
553,704.5113780192431
563,607.8994155868173
602,532.4943364783272
500,591.2244294133412
507,568.3490749994104
324,402.93404665641174
228,226.9689938588834
135,149.2235759205635
78,77.2358757986948
47,46.80503884880094
38,36.61009285939944
32,39.89155220428127
52,52.43402242589677
118,130.97044465330703
200,205.8692433819932
337,304.995133146987
263,292.2068333745247
208,231.931450783504
206,274.17967374225464
220,277.9078506212482
241,316.1548799685904
254,339.32308223809616
285,409.8143365504763
333,386.4829882806571
385,474.8768966481823
419,488.2855041168418
376,460.32604247428657
358,449.76881288175304
431,437.1398296089001
360,390.51341703900397
226,264.7819110522879
127,155.09241835630257
93,109.86423763750425
70,73.84188736309852
48,69.38786161378832
42,51.88900918452725
69,63.631150110038405
96,119.78443942589266
145,189.03636493681788
202,269.7712748492669
184,243.47807526595875
179,214.87323192127715
207,226.72627270239903
223,250.59944270892555
232,274.7142813267312
257,275.60797291924405
289,327.99495139396066
273,357.59485011473066
373,370.1552658697796
371,422.19920568772983
261,397.2812960763354
240,336.8760387473598
299,322.4784807745479
223,332.52286727216455
177,182.44491368434998
127,139.40427202041317
89,112.2112480716984
171,81.84767398146528
188,118.1309907668311
48,112.97696713269261
39,52.24019755082663
57,74.26920700079326
66,86.83831871697711
77,110.21409668420543
116,107.60197892206713
124,148.30690654132465
177,144.64008139633418
184,188.78137893247808
195,221.42726161554344
209,224.0809726864322
204,245.0846377305654
235,224.91438551306473
232,263.0343963693854
281,261.10036144035655
221,270.73758637210204
189,168.1324928413344
232,137.79310809980288
381,167.47004786613817
398,321.1005538088076
170,243.70727048605175
99,147.49477318929428
66,137.61730039383943
66,126.42727770481936
50,69.83177361004967
19,45.76813534766366
29,49.728477882405265
47,66.03966682612327
66,94.83313780258635
94,119.68506282563281
114,129.19522094440532
181,148.38130057248938
221,247.58506362101858
271,266.9361563282256
255,302.71953501119293
267,311.7200187570963
247,302.69510180471536
288,298.74315558720787
288,339.0642187887681
296,290.80947168854357
278,303.68235042339995
329,270.5861197981058
274,342.4453915554249
202,285.6239377071654
180,177.48938198506
151,149.80077689885556
183,135.0460839801378
129,153.3547431446511
44,99.92646275025709
37,39.87304458846854
29,46.081188973051226
31,56.80820188446909
71,80.59868904606151
107,109.97387350841589
122,115.93049889306967
184,160.2841533981502
219,227.9249236253502
235,259.75415954610094
232,240.12367239664013
236,276.19553752573455
257,255.57506930881513
276,288.1219010042962
261,278.48376009606454
230,259.0113854526967
247,243.3272692934723
288,261.26505999308347
231,257.22485160178996
169,180.8467939522138
81,96.92946241317617
47,52.35914678132554
44,34.82760624857396
30,41.84261419315907
35,44.643625669866495
45,52.71770976655418
95,105.43519785366792
177,175.08038895650992
242,276.25959280652637
212,226.41320474321327
137,182.69360810861485
180,177.47501658071022
201,217.62958045741934
251,243.76897102396865
213,300.7905709379104
251,285.45889256788945
304,358.82159260288813
354,425.35815123979773
369,418.87904955389234
316,353.6636803611832
340,355.94601453371234
435,456.4472357508977
278,341.7961307694663
184,193.50738611770691
91,115.22594223565555
57,56.133385868100476
31,37.37463949770983
25,31.62792490419309
27,28.987600510234753
37,53.51895544719171
109,112.2694105949018
200,206.36242065655122
345,291.4961274495125
274,277.1123474199902
190,213.22515982579702
233,219.9326733437468
246,260.24304886816054
312,311.20048838593056
280,345.1795485252617
312,396.2181014433948
422,367.9897676968353
503,539.4602173162029
533,508.4215551769684
571,531.0653334828768
607,541.5768792125546
589,586.8661808057047
340,410.70502580723723
264,221.63509305648793
128,150.73221191244158
64,76.45382178903388
57,42.78578564070139
34,36.4823380683897
25,37.93370160543713
47,49.335542175509815
109,123.83067244912328
284,202.24154822213936
423,354.39840987208015
351,326.44931735596344
224,246.76757843465785
251,253.22906542681562
254,275.87308185071424
315,309.3196340640843
283,339.86544646116994
331,331.3862120626035
397,422.7832714633067
565,497.66705686181285
497,538.1025520778605
509,496.31168163259207
673,514.7683678822196
626,623.5275344236096
416,421.9051603286938
303,271.1217491160665
190,172.15535030452344
95,121.88079428126252
85,70.90952667330667
56,70.38035577420939
32,50.974892768117876
51,65.45319882807873
104,107.9108630094292
221,214.10279037357566
360,285.4706651737491
251,291.35346819363696
214,227.0202344022542
263,244.84724930933382
293,282.41710437839555
335,313.73198160200826
295,334.79330954367305
351,343.29085112700807
434,394.62163525784484
504,474.1007495291974
561,462.3014588904687
480,506.85199906758515
602,536.0507712774278
633,549.7729204679971
441,441.75326239010064
281,290.9181317652409
189,172.9629154020008
196,116.40275392312547
288,131.56680610403058
120,165.78763675768298
38,72.28198437291087
57,47.788589472437636
103,92.5815922037148
162,159.37049418888398
220,199.7204885287337
208,212.26822895466728
190,194.91805314674556
229,221.38918770998106
257,266.07301072248
276,297.9330821718135
297,290.5243158690464
312,330.4821794684833
332,367.574053369387
406,419.1629184417284
464,439.9875955656902
438,424.9311068328462
410,419.36844445951175
452,421.08188448949727
411,417.5053018758211
374,349.06366379631766
246,222.31705438559175
208,198.53639060048872
176,188.43593251008616
169,134.34112525942535
72,97.07611888481313
34,42.32887782432487
53,46.625032343202044
76,66.50532009010149
109,111.929455323205
144,145.7814911599312
168,185.51030504255658
247,222.35764672572358
303,282.5305300632658
353,319.6517031493058
295,359.69200711231605
295,320.66780674831375
354,336.72175005952414
374,441.8958412278561
402,397.69921628927574
407,361.834146898905
374,381.46244476205345
454,400.7142893859992
408,412.15911662246793
332,317.03598731665886
259,260.2506459472697
246,211.91184385709533
226,224.8445503960187
175,185.16984895517302
98,112.95487413032876
36,53.684837891463395
38,47.503208320207314
55,50.89695893634004
80,89.29148551875988
109,126.6527665627759
154,172.37144670293563
228,211.23395499007486
259,262.99622812453947
275,292.70314123278615
240,301.5654963043882
245,281.8111134053941
272,296.1651620832554
256,287.30916179159374
245,266.6292911539515
273,235.64585206608842
259,257.89093123649604
309,272.0778852259454
218,279.23528011028725
147,166.67293223577482
100,87.58294476252385
67,55.58961198524876
60,47.686704102358384
54,43.355724554603796
25,50.300074421779485
54,49.98946721238185
122,100.28215458826034
183,182.9683441550451
292,253.39689875274695
219,237.47671311053801
177,171.59268096750756
189,202.89673979460514
235,218.28922937039826
230,272.8487489365644
265,292.98349470393435
296,312.5181611304116
361,348.1853722428105
561,427.96954479745216
636,525.2986440595054
553,520.1376464891712
558,500.6896118783105
534,547.8029722130102
336,373.69870289864053
204,198.50730843985696
126,118.41157766956647
52,68.15267744719937
33,42.53263351865596
17,32.08595333852515
36,27.952554136200757
51,48.99398737884562
107,117.70837944511192
246,205.60392045583572
357,327.6232248956357
274,294.47787590131446
229,211.74040758844586
266,247.68905038541612
284,288.4341264761175
329,313.4317243621415
373,362.9576881351215
484,427.92301220857877
583,529.2185661767701
772,679.5069500471633
653,694.2084423891358
509,616.2019141397036
666,563.5914835236305
614,619.859145268837
466,423.0086768826677
275,263.6340664334428
163,152.74676937794192
81,84.42026715111189
65,48.05672272596288
51,33.94954490996442
34,39.675404765312855
46,50.20846548417386
134,122.42544990686477
247,242.98853351830047
377,357.77236047846503
290,310.88042613507486
274,240.97315883803026
344,277.40661116226937
459,340.51258818221027
486,443.75375090993697
543,465.53593364801844
652,550.2500642744187
709,616.86079445619
848,721.1142228840986
781,743.5105724444259
786,619.5489691235297
820,725.7328180082933
662,710.1820752322537
506,483.58187142864284
331,280.5282201408903
207,187.22496310475086
148,119.48453665670365
93,91.83694350544708
59,66.03446318198795
45,47.670202040664925
65,59.25094301161742
123,112.15075743613637
242,213.39777130613084
363,339.94729296590873
297,295.26835883938134
223,256.34430482392753
272,252.58540305313352
312,295.72910300729916
331,342.48961507349327
319,367.2674264938947
364,377.23103752640645
446,403.2846884853982
618,548.0992977934578
592,608.4158725065402
584,532.3039943447233
621,587.5136466146341
619,632.1442161641885
496,480.24680543965746
302,312.93735458826876
147,191.40659996819602
99,100.25819981085664
65,99.20837505133223
48,93.76989958229065
41,43.63575154495938
57,52.39169987918648
114,89.68850000998718
167,162.30335349751496
206,215.436524163532
190,208.17950094189624
165,186.7838477358416
215,207.693639284761
240,243.25354769550444
277,265.6642471675649
293,288.3267320840335
301,305.77687672697493
356,320.83391216484665
365,411.9764610487021
406,404.1647015214659
455,393.99948884946696
411,401.93680725609545
420,397.90723616360543
389,414.81945092877135
290,329.66416204189585
235,217.67786075388508
206,183.5555961332992
237,166.33289228367232
158,157.8278609168452
92,87.9083755767658
40,50.78285881980867
52,47.87969032794825
91,69.23173113124227
114,112.94626378589581
137,144.40204722927018
203,171.90373301828873
280,235.43910713161245
286,296.62333229036545
290,312.316134238529
300,301.23416536330853
279,320.9605229674647
299,308.9900633004196
389,336.6874277319872
396,390.6688839653739
416,366.75235853418155
370,374.8825135840711
416,375.0437264540703
364,390.05527747651854
274,297.79037533076917
249,230.64253219102832
230,215.1192466045893
248,211.39007038909966
173,187.73950803662905
60,106.5528749291328
39,41.408177765104305
46,39.471916507344474
36,57.64899928101018
75,75.62718126903859
135,119.94049687094144
163,169.25256414839728
254,211.87992159047374
309,268.2790248780641
306,299.319161442487
285,288.29533660752315
283,282.9140079809573
280,261.07499891976914
301,279.56071600907325
288,280.49205131156293
288,259.03014350463485
252,260.4563423022084
310,260.3686668424621
224,279.45424117118705
145,166.33568798712434
75,92.06751166628749
47,56.693224473015725
30,45.35495518379698
22,41.92374513405486
31,39.21084077189338
54,54.54053793099478
117,107.34501798012062
189,171.7947496299022
310,255.72438944165899
206,236.96201417258578
170,168.90335586212277
195,194.32865899366752
203,221.0876532328897
243,244.33848883127325
244,270.0920194637075
239,273.5507475214272
337,323.4632170536576
660,435.5383726005601
416,649.7002909280208
377,379.33476628632644
443,401.5937326069449
504,476.2933259196592
369,377.7615131113156
209,209.73648820805212
131,113.37506968096766
69,66.11128640174205
50,38.69662758003245
21,29.81811594183659
33,28.4759054212665
46,46.443395221793004
122,105.1314399760652
236,199.89646412426603
339,341.297718706466
266,264.2097056013553
206,216.68844902047428
263,233.10536450568708
250,273.96005202582694
261,289.18999853587803
301,313.28688095548455
342,356.64159045053293
408,430.6540542447313
578,569.5515508776934
604,564.1843551948606
535,538.2435317889425
659,589.4578115805841
627,616.1323453426191
471,476.12018668472746
294,271.61522396480564
152,161.7549447605161
82,81.86092832891629
42,55.81222292637028
28,38.47864769415731
32,31.323504984430528
40,49.41762723165642
121,116.93277504582144
213,237.56646072418164
343,338.638071433714
269,305.8295819724169
202,232.51469848017075
267,258.823685246238
300,300.3458233114674
359,329.2603927330843
331,369.71535224247987
370,357.76449721279954
463,410.7835160791084
655,608.6689802142473
624,658.991378492699
586,607.4317324939605
745,692.5615328275909
695,711.5362114795101
497,521.3624723725193
322,302.5337024164967
179,190.46653937128056
123,109.8664070188315
73,80.08229744059882
56,52.70190827784084
46,43.72997133401651
47,58.31522309820428
127,107.27994456130645
203,218.46148766519903
325,325.072008615249
285,278.38444169179417
205,224.44964709594902
271,246.75356580509884
295,294.2529199174231
361,326.8036920380728
449,361.03732373114303
413,436.61931391533886
472,447.8914875167014
579,510.6449795027719
534,563.8497393223548
563,529.8340333327855
656,657.059068068379
713,652.895489822594
523,543.8044176811156
300,304.1791314899686
202,179.01772223314845
102,141.43407282109555
82,92.91948476042454
54,76.92267431241609
58,45.937693664023904
53,55.28058237624684
126,101.02580260299374
144,185.66256979261468
224,242.89423923498563
244,217.72788680318303
213,213.01234144669033
266,229.72496234527316
335,276.3948158216017
349,347.01918443873666
369,354.9407703050616
364,374.5550522777317
466,396.61008848696275
501,498.5490250781899
455,501.1677109163983
441,474.07028953996166
402,430.5924451591982
434,428.3918690414683
408,412.8639455428864
360,332.62321202645717
261,233.88554271649744
235,206.85377106932418
222,179.9704650948173
175,161.15452247172774
68,95.34574866204457
48,41.96800372203113
45,48.44107001096369
73,67.64498042352601
104,107.98042171242581
136,142.72069132440055
182,184.06915983351251
276,236.6055960396283
300,308.20310088619334
296,318.3497639549116
304,304.2928285084726
286,315.3982240188685
335,310.5538779354993
350,365.03400077332645
365,385.1358946505632
334,369.5126812686141
373,326.52481425838107
404,371.92241522183576
367,383.67996906874697
287,293.1190729483406
291,230.82033155793363
266,244.18066218702808
262,214.8187622780114
223,199.5139690645405
102,116.25422725374264
39,54.677422100239944
56,37.82780587962765
49,48.337049800336395
74,76.06412894747989
117,113.92447248763361
162,148.4895780119207
236,215.13291080175173
245,270.94885385771096
296,268.93516118927647
240,291.8444662514358
243,259.480033186746
257,257.60246804625757
271,273.1208478280101
290,266.22357862878204
249,258.63166538621095
263,239.94216250110782
288,271.00807759288864
246,258.5321553609561
172,174.42246172928282
77,95.38256234834995
55,50.68528410880174
25,43.47100892778045
69,28.853031164795436
41,45.38966944812541
43,53.54138080483978
132,109.48184793565768
193,183.8198804211603
298,279.32186889986434
256,231.10143214902283
188,196.32209154011383
203,197.37362704376508
210,220.83688924401653
275,231.6282078704235
277,281.71815928340993
303,289.9936981552518
342,328.0131129093156
480,474.22346574768187
439,470.2385180904182
441,412.0446394268167
434,467.6217732634359
492,448.30313737379356
354,374.0493363385195
194,203.14212061519706
128,110.88295338192766
62,68.27101176098999
41,36.10136487768503
31,29.848441999294945
24,33.99786182564454
57,44.134270825483625
124,117.25677030936912
236,217.73991629481935
351,329.0520636671328
323,288.6418999634595
242,237.11221524757903
277,255.90263898173512
289,276.9464778961943
293,313.38007701596683
327,312.42401608189977
397,367.9603219606562
530,446.2543751520106
688,687.8538404624666
601,624.291239382223
576,532.2723074957582
573,620.8495246739691
568,589.4810114194132
404,423.19821160708636
225,255.75958080481595
166,146.5011611697676
86,92.23707739510753
59,49.694449811578004
46,40.066182346823105
35,35.44148981091579
45,48.17955125479205
110,122.83606636438411
223,233.82730358602782
380,339.2975017153463
314,319.7762832576408
246,251.53577278025858
294,278.9778357510894
311,312.8256161560007
341,340.1347996424104
345,364.9975596963938
378,361.94415316922255
540,440.0236887657157
651,668.334357947056
642,673.586293081645
647,647.2923864570213
635,719.8281587180195
676,652.0596538792867
470,485.5088516794461
297,299.9504727171369
205,186.38871638998037
125,131.85971282000583
91,81.58933704267405
58,63.504178016338024
37,46.922873447118064
49,53.09314001856814
141,118.9471330125544
219,223.04610821818517
351,327.52853877855097
297,307.4426964706673
232,243.4504550744236
265,265.4874940979143
272,300.54285667741937
371,321.49920335768377
427,379.0339379989722
417,444.0593299590425
359,461.6289681386529
443,483.0051111202958
543,491.8621107189811
431,544.1464407953464
464,534.9601672329023
550,564.5989477002763
393,457.5373879508966
262,289.2925861926742
129,158.13709406251957
93,94.31894120322374
76,70.76609506217025
52,52.702232484263064
42,55.879315395235764
51,67.01291266622628
115,133.34718041484254
155,170.03166297086187
204,212.66215798402098
188,216.89385373706986
124,168.67222284294078
151,145.28831786546579
139,153.03499215141483
184,160.09964828212253
173,177.93881031774745
189,171.76886968989015
221,171.90923348671083
234,225.13661605408757
306,282.4696002234133
439,327.6041126929199
396,401.279958868434
428,418.6098557848458
345,383.6318697017559
243,276.3699508055126
184,179.65140269762497
106,121.385798571483
72,80.87208462773434
45,61.554150125754376
63,51.96774279025721
68,70.14989787403931
130,120.26702157333983
180,172.9574030482749
219,214.96988414342857
164,224.1382203779164
143,157.52042746367857
139,148.85085260924515
148,150.98429021296363
189,172.59468516677975
173,192.25829984531504
180,178.71239893573133
195,187.13155870077367
216,217.70219526503251
237,289.1349311654857
261,312.0912561837639
265,342.2357569898737
339,345.6328072810269
343,389.3663046500158
344,306.7661659564847
225,268.28844352061054
169,157.71790332948643
97,112.49436147695785
68,78.88214502987063
90,74.88002383761285
93,92.70269065969082
102,119.38921420994399
149,161.69696811023698
172,189.88843900055602
152,188.5318785719342
141,151.7156816762566
132,159.04084044368062
179,157.0457114005659
155,191.8205023922992
207,178.0681587438794
163,194.9987017799718
187,178.52508630386689
216,223.06698567030475
259,273.0237624155006
213,321.73080623057626
197,295.0662324383157
264,284.26779278320623
324,368.2063024531445
376,339.41857151572856
320,371.2771875763802
246,282.2209661971375
168,195.8484431508195
101,133.71913738324145
58,88.30409116430698
69,73.57062281662901
57,85.6064652973829
72,93.38025021309865
80,114.77752132511743
98,108.33993075211188
93,129.16776474685673
95,119.31474255229584
104,131.380512550347
143,107.18738122911833
125,167.73213640511696
148,154.60227042852236
162,184.3812791575583
171,187.5681863212774
173,226.89344958499296
174,206.4562031081029
212,168.37280835979013
198,189.1867814086923
182,247.73875870876236
211,194.82817641920556
236,320.61171326339866
234,274.34924647429466
195,231.40602123702917
132,208.62638651082594
53,117.56566962085131
30,63.33610041773758
30,53.921691443198405
24,65.98359635781655
40,85.9628166230349
54,101.09578013339926
76,103.71848713975125
84,128.5445004931501
100,98.07683027744741
135,133.53241333975785
177,156.5632162786861
198,214.33967081750416
164,248.28280058550357
170,209.5173660139787
192,222.84865171129465
207,256.087622624877
210,266.3788304099759
278,267.06790677675053
354,400.79094114855053
409,402.7110385828617
357,345.22433629567706
334,314.4591070762291
273,243.9693547688482
182,239.46166907999574
83,92.44177961413078
31,60.37419592522034
26,50.83401516163559
46,51.61075309125811
49,71.12350326617658
54,80.7821805149079
72,92.4590289688021
89,104.12005695818912
143,137.17416115229273
163,156.91149944232066
197,171.26193128795745
165,189.03155442053077
155,166.24367067168876
187,168.59400886853294
182,203.87606917837903
188,206.52267795898243
181,213.18147931598097
245,221.24150873165595
194,259.62324838619736
194,168.86335894601635
114,142.39959651896962
76,86.5038856234092
49,59.96127756825613
35,55.58521213982275
41,61.00629153728692
56,66.66524592557165
122,106.02038607945808
149,143.24495109636237
190,202.99414832157905
148,195.82572567502177
98,124.96595481940561
102,111.77386768409285
113,134.0455608452823
147,151.24360555911255
141,163.8942213251918
110,149.45652605966373
140,139.90114649667527
135,169.5650186652681
157,179.49107541834556
197,198.41949178923605
209,241.51388199111966
289,280.0880129820188
234,277.79674595320506
178,190.43560095612168
100,121.1152887636913
54,82.80017345427024
43,54.28998197144092
34,41.9462847625988
33,47.17277920665768
47,59.59943340368273
131,122.58607984180856
195,169.17365488754047
259,220.66844622629188
216,214.91963947063545
129,165.13143809737238
107,130.81261159802875
115,131.36188585892427
149,151.61483386018438
179,161.4136909593979
155,169.7380814733055
156,159.11061007683716
200,182.2869251794135
233,244.1616000486624
393,271.8081942985135
428,392.6903780376729
391,446.56885657850887
362,354.9969878702274
229,259.87123224100213
172,165.7021233979146
95,107.955119188202
49,69.8618429408299
42,53.746535799192564
30,50.535310509505585
66,64.23345566295573
92,125.23343801419837
175,173.58232657056496
214,232.1222717319966
218,216.998203795003
152,169.1934895845224
112,146.68493190645106
126,140.537767789966
167,157.697095868936
151,183.209223503643
149,167.44839409893797
150,167.5898614534076
182,199.26733905398874
258,245.693006788648
303,317.30361346446716
427,380.4093985619761
540,437.31950216315784
440,447.97156610523757
361,344.31016057131944
254,262.77876033598864
148,171.24388456191224
83,100.76484196396324
47,70.48610838018739
49,67.04089802510175
59,86.65815414452648
129,101.94721393261217
212,160.23288275582246
234,219.66494244915648
208,206.38955697915478
152,164.999035803126
112,143.9659296880288
153,144.9552863769237
150,173.56568585632348
178,174.66625759340906
148,167.1885179373748
165,186.65311818010454
187,205.15099580124922
223,261.85322937870643
261,274.9936689629399
313,307.37369146345503
477,390.70217777144563
527,492.48310668028734
449,442.85945985811577
375,363.5021190479695
306,273.9863920426576
176,187.94425859427488
145,113.99563030159659
85,82.07993273609733
82,79.86906316416176
122,88.5131922279472
138,135.1192845428412
178,158.19337998928887
172,164.88859428702318
136,151.63328071917053
153,127.61177064838863
141,147.87179927755977
195,156.09635792036565
189,186.335552203822
183,170.78160872929487
197,184.2396478237999
220,212.43446443023026
301,269.04950337649757
401,318.73603888583244
362,400.8161167524207
439,477.85501176849823
615,641.9436555767373
704,599.1044617763836
609,586.0425656648072
524,496.4110207515944
450,392.16415061463385
295,255.72249214780896
121,126.6234214179351
53,64.99633490101087
59,54.199467881471506
67,57.07760729522272
82,77.09977125056503
130,113.14973907698906
165,138.33159294742234
181,178.45156931398236
228,183.22022303429569
238,226.26094273306418
247,240.3683055514778
292,253.57213191471044
291,295.9436920630027
308,288.77629633746193
375,326.2640354124568
428,410.84822639393536
376,447.06618716504954
495,459.50198493632456
672,558.2359958052612
686,662.111184556965
609,635.4405345744058
580,500.89382413934163
497,345.4448759597166
334,306.6427259853867
121,163.4075542075244
57,64.72912950251288
60,51.54554544790058
64,63.0208133405238
69,74.43105710646385
121,92.07344942294519
165,130.4728486946049
156,149.11706142823806
195,156.8550755971749
180,180.64799100683803
203,181.75705482719678
197,194.26072065346446
210,188.17637530678402
212,214.82868594208733
231,222.74116613811418
223,228.79943827618672
271,221.34198203504124
300,278.69537525105955
267,297.51564838633925
197,217.84142508803694
135,119.33742598679896
94,89.33115238883217
77,51.25803163594576
39,49.34742582668529
50,54.569013416778546
76,68.93863753988806
124,120.8942328118286
145,150.82974195381252
214,198.6272604382025
198,187.18300173407874
147,148.4015332249303
132,133.1589593565743
126,142.28347322855782
145,161.86443595674635
157,159.61398397432058
143,153.8649796607713
173,148.6529998925506
193,188.52322131721877
291,219.28386576758092
412,263.1617533892737
452,365.7286653691487
438,408.16974038066473
296,353.20644559960107
192,212.40021163548067
106,118.20691378593197
78,81.4370008216329
61,59.0403312023762
36,42.97329832711921
47,44.37169463929588
67,59.924322734707076
127,129.53851055441692
170,178.10031530503556
199,225.14933018478558
202,216.00063680287244
145,148.39326404923096
120,140.88893048460955
118,136.3592279296654
131,151.56341526751467
163,167.6041953932775
155,165.15032775398376
191,168.57502967270273
200,214.4447078595602
258,269.98009401859764
290,357.7106533343212
361,384.71315265857635
463,429.8685192491615
421,397.0024445833631
296,273.77452670024866
218,181.18245161585753
112,124.78968923078548
90,70.47118368633387
51,58.92532109827917
45,50.91765250730615
74,66.51171598362087
156,115.61280152017812
174,184.8304577619503
250,218.19689225094325
221,232.7028916630413
175,165.93625591270276
154,155.4224445172624
170,155.8480035263328
192,171.98737348894255
202,184.5181135596807
156,185.0214422886265
181,178.6735816056727
232,203.23335677181842
313,284.9662960644394
340,327.33348417271776
454,376.0643804129891
478,482.4734347507625
498,471.5061413531678
391,383.31076640875096
243,271.76176155984245
167,153.06241851072292
129,103.90856627102723
69,74.21228306464485
61,66.82315561511174
85,77.04361998426013
154,123.82243768955203
167,183.99764736216798
203,209.5427912424059
238,201.85440976176727
166,178.93644537739615
169,151.96918904228463
176,171.4197960244428
175,175.10514002668418
190,186.9401210171936
194,174.93424891953333
185,190.71295161658338
214,213.58088150607307
294,264.2447618006814
375,305.6755819658663
445,360.9452661022163
477,435.5698174783927
517,477.2373057240252
438,483.51889846585766
372,357.7558698278945
299,288.8336950562373
198,192.16955736215039
140,138.81063910867184
98,86.8711497467203
82,83.98197151404243
123,107.7145724462073
145,137.51008660109406
177,171.01497915322577
164,171.29164624462416
148,151.32556756588622
139,147.51464009477823
129,144.95701148894327
198,162.22741653185463
172,194.5596046651662
200,177.1073771273346
201,203.67103322057793
195,222.11928231616525
300,254.3598687718659
379,358.0012449906092
385,384.99913705787446
435,427.29410879632866
640,508.84582481402697
605,555.1772739711831
574,488.73381517676233
526,480.1073678894904
425,387.62704872689693
274,264.4289800955734
111,136.11983964744715
66,66.99996561816023
64,56.01900576061717
79,63.22589243021489
89,82.06145313747055
125,124.73396808718194
176,154.45355266896047
222,181.16671010839482
192,214.52466639748005
228,206.69606518327623
239,232.45293666044753
283,253.31467418567715
291,292.0565454246022
328,305.3383482295623
354,364.37549940915466
423,396.183576744094
421,411.5518043034668
505,457.0815879442726
547,588.1313759868988
651,598.434578119797
561,569.8257967264841
557,537.696260607665
445,440.20704917797246
307,305.4280428019157
99,148.13210393728127
74,61.94951767041624
64,53.556926969434734
49,66.8139852488033
82,69.35647348144023
115,97.72615480404527
175,130.38814526794926
193,152.72762502427707
285,192.597709135461
269,238.31319643166003
268,243.8154705379083
274,234.3536041514284
246,236.87634573368436
239,230.92132267875857
245,236.95554318334794
231,230.85379506457656
242,236.28331098132134
299,262.3905682088932
264,272.4521281139606
181,212.15965669329205
142,123.16063107637537
92,97.2085280343097
58,66.28917959473115
37,44.167866223342656
55,52.69061215666195
86,72.18358403314276
124,125.57549843736754
157,152.57521505450276
220,199.00176425762385
172,186.34333612601125
114,140.49379590916527
121,120.93003592822572
137,125.47830011294013
165,150.5511345577899
148,171.71640977889717
144,143.40461535958573
153,154.06613300922493
162,179.73251297131816
206,207.11370326881783
204,220.4082164215116
245,233.63660880679603
285,297.35896758972416
251,280.8609609047325
240,196.66411727395092
99,143.5660927636951
113,69.79048254046496
52,63.83046609140617
42,38.77775509858448
46,44.48120005336602
63,59.19830095745527
139,120.86249158764778
168,179.41629370307953
227,216.96355812944014
175,202.2087461806332
117,134.35690743044168
127,121.35962064892308
111,131.80430133837797
149,143.3213445441112
127,164.77742725807514
115,150.2928943097291
148,157.4319000652801
152,192.76338174358554
221,220.9964905735449
238,285.33714338487965
305,302.8463587249751
406,361.0598653281971
345,376.25297715021776
231,265.89453958331626
193,165.09201747544967
99,113.84195322853436
53,65.07263475527118
59,46.94181627004686
57,51.58184251428765
61,71.15081743408697
131,121.80754067246092
171,178.69616685713368
219,224.1781242755057
193,199.19810729987847
152,153.2561480595872
148,139.3656632057423
129,146.70064828612206
145,162.94231006551334
163,161.9880578131928
148,158.3202650804005
164,165.77263463914184
176,197.9499688637935
249,235.58437312356492
288,291.6483830531522
389,344.8424080294041
454,435.1446329866825
454,427.9624125181662
337,366.33885923228604
253,238.56905837323075
131,159.47924358017252
106,85.55842296931883
64,71.6903078565071
60,64.54488785560419
83,76.52288415803801
145,128.37129027772679
201,179.91506579646546
232,225.16737439243207
225,215.72075882217177
154,169.3552387096317
145,143.10058404127835
166,156.357511783892
162,163.59159816247853
176,182.86697572317235
189,167.4941595753698
195,187.18021207112912
203,212.4462423525704
271,260.4182378458955
322,307.2951915648883
392,359.76118614538393
490,453.4452577548271
508,516.8362351488202
448,441.7319714107724
379,382.8919251143862
329,284.23451552507146
210,205.26443702768697
146,135.20168548036304
84,90.49559778189132
96,81.57424588938606
109,123.78137623843132
160,154.06543515805805
194,208.10646578862298
170,185.57205160579403
179,155.12186439327357
133,157.9373102328659
201,137.87609881819364
212,194.39316665925853
249,198.5292479651105
238,220.27629859638304
200,230.5244934062992
261,215.62142945399418
352,322.8502781361588
410,400.2401998841428
407,422.71211227163957
473,473.9245465563014
628,648.3170619639535
728,658.858600410218
642,634.4721896957335
574,532.8930298274036
446,420.8029247124435
315,292.6337619826566
98,124.03352084230471
61,60.32941370447272
65,57.360306946946054
86,67.94116356907628
107,94.70473064774299
153,133.53803329388663
169,184.1659338563789
191,191.4085617635913
236,209.85989228497888
238,239.43717326698703
231,248.01897418860258
289,251.70367966410205
251,295.5070243408884
305,300.3805214670107
330,362.1648924492431
428,407.36008798906886
390,443.1720372355759
521,450.8004777807328
592,602.2550633744763
638,658.7832059391492
599,606.1284327139974
591,512.2071186909909
474,431.7735602827827
338,312.1577446250854
129,147.53365112944374
64,72.23209670039967
54,54.271995151147806
46,58.28769846317739
76,65.57825212185485
111,109.01324178079814
155,159.04595097378976
166,181.59193300798316
236,192.27417153320027
297,227.83604448024184
247,269.137616560278
241,243.4771245115878
213,226.17944090768893
232,215.05257957893218
219,239.3563132279958
219,220.63743826067875
267,231.28807487951738
309,290.4999365739633
279,274.6540467806775
198,194.33145261373159
133,122.1526001485304
92,77.4802259281989
59,58.62622813631318
46,38.28290264932542
45,52.242381951374696
73,72.2735976785266
120,119.28434634256257
163,147.0729227846486
195,207.52168204928614
180,179.7715621639462
157,147.01233038867045
128,138.58744016464811
141,131.70450855991098
170,150.32138437316854
174,161.20647425486948
175,156.37647467841012
155,168.39939288392955
160,166.90179067479045
203,196.48489790944143
260,226.8165166469078
312,292.16995073451267
329,347.3692909692386
311,296.9772014839228
223,211.26854602550142
137,133.6982633304966
91,87.82829052329426
42,55.79249032076095
42,35.36471776795058
45,43.76972532857363
62,63.030314029244565
133,130.61491581773782
182,179.20869957571
226,220.76161000503862
254,202.9306938260912
225,182.8205782509553
167,157.5029720912047
183,139.57335612629606
206,164.53948437286024
201,180.98402445795662
200,173.06205468227841
183,184.03128513186488
212,191.12718013856738
310,245.13691561186536
292,318.6720337586366
405,341.8238716628892
482,432.73370849173614
390,408.03843499219033
271,283.2759474472769
153,193.615225601462
135,101.29939856469252
69,69.67591201480919
42,49.95851764645885
56,46.63320206059153
62,68.49324086943416
128,122.02087158247738
218,180.656383994985
230,242.3492881499317
252,223.6861806868252
167,201.1687138418603
137,154.37807691760406
161,146.80133884798096
195,177.55510656717502
186,187.1038953749494
190,174.57969470458775
151,189.9540633094958
233,191.58431524040938
361,287.9646350578201
362,351.6412054486083
432,427.08652972738446
434,487.5556873927297
454,451.5769695629603
320,375.49145440928635
254,240.91074666767463
188,160.7728947364755
97,117.60485299599056
68,64.08623091906207
71,62.47736349848211
86,79.5320541911018
134,141.48688649706682
197,195.2840609640418
209,226.5060518837417
288,225.6664774757266
266,202.55487781129628
187,189.9150909809366
182,175.76415664170963
209,179.8074002517293
198,199.49323849712218
226,197.89448337886046
159,202.45926289363481
191,206.6023531737148
251,273.63275884875213
301,316.8236642982402
349,365.4689085635613
509,437.83518513419017
547,532.15750618696
457,464.1075551815692
160,159.37477860146132
62,88.72438716661634
26,41.547672067293114
31,27.753326226212067
45,46.82882442286522
63,80.6194251452595
106,128.139614895864
137,166.02030320530133
167,193.24831841081698
130,183.30375203160733
143,162.20484469200107
151,168.120841992301
128,176.62968164120906
180,156.76169988325066
208,192.55324341714754
220,217.63254062333587
299,243.19386943376728
353,339.53883509872304
453,394.9606393454861
479,395.3578365648337
411,402.8952291019757
356,394.805464801559
289,335.2979497536908
221,254.44448715251852
141,163.07879086475148
69,86.86062799319596
38,46.725587428866746
29,37.05405423914832
65,57.00306260193038
74,77.35643460827727
115,127.20412568204236
163,145.30496184699058
178,185.08363467242708
176,169.03505385608497
142,160.87287712494916
157,159.26197565913995
172,167.61791101363588
169,192.30425054992
185,205.51747533816152
219,207.46297264165742
238,261.531028941445
267,309.279234451922
328,347.56902167346175
309,367.7767465698849
302,354.07591667206515
328,370.04163723520026
343,371.0434463888657
308,339.26438251480164
245,248.90387563223166
128,139.45266283479245
84,81.77113558853053
49,61.16993112180854
54,68.7210423408912
83,85.57153837492613
126,134.10521987333448
154,166.6485142670826
159,175.2829975194511
141,187.63135864246345
190,159.57313413478812
174,186.45217331867235
208,189.03832809500454
226,220.00194503569344
210,233.52905711412643
247,233.00112649765254
256,281.3896871550367
359,321.52399766519613
458,406.6554541616811
306,463.62659538047427
299,333.239859729493
321,374.40977410977365
424,397.0069108713088
517,460.6654926949042
458,466.3535152824222
380,377.50688387783174
266,286.64336573528715
197,176.79320205289798
83,127.16834693177663
81,91.91180054128003
80,113.12889644814832
113,104.79103458715365
106,149.6907871557741
122,143.29018976149828
133,158.64585877829194
184,149.80776529874439
205,202.90282976585718
210,229.24991065331915
271,228.75050110406488
276,291.7097591360973
344,328.81116104960705
391,394.33205928655485
398,434.5982639339684
375,451.9064379075845
425,371.4063145952916
520,426.54723609954067
666,555.5922933554355
726,760.9068923722011
845,724.6051953169002
646,765.4323309540745
447,528.5571751990099
303,370.87649497785867
175,219.53227069004845
49,102.66903101111433
56,88.47870394370837
89,102.53215658157897
82,121.37676285973967
103,122.73369678453851
174,142.5989315480004
185,235.756719063586
238,236.80558186992428
313,299.22908469891166
312,382.12908619160754
359,385.4350116361493
382,453.3924568329384
425,476.98137024487687
430,513.5120309634699
404,519.0064504547589
399,447.11263085116815
477,483.39424351852085
490,615.0378399653368
531,591.6392496738442
515,619.1270018943313
538,573.450551120098
336,437.60577781074585
242,329.59253462178157
131,187.66394434888085
73,86.5172350008157
65,78.84210167420795
89,84.74770143056817
85,108.31735039111622
103,125.46365153842547
161,140.25110274964015
225,212.99417165180984
267,275.1265996215357
300,337.94801694619173
317,349.9372327836794
371,356.32972941006125
394,411.1852241252213
404,427.1003458450205
390,422.73744172241527
388,405.30726874297073
347,398.8981717573716
435,368.3225405422691
324,421.57697034103995
276,287.0342133523224
132,195.1905406469936
91,96.98386617030563
56,59.57613112920806
43,55.38334708706603
41,80.93747007470162
63,93.41039100274533
109,127.05264563696221
133,155.9252974611043
193,184.09847200547256
150,187.4284630849004
104,158.02195921903652
113,144.49558980726923
151,152.3317010610237
157,172.27424141793696
141,183.05668923736167
166,165.4525838816578
160,199.61045153612753
216,209.2588722623369
238,271.32330277680114
261,233.4470612082212
232,256.71265484424777
256,253.98538019024087
205,285.06658716257255
161,185.5282572575822
83,122.91720210521935
60,62.463120787262994
28,35.52723931549582
24,27.380129470870916
43,43.11426693775643
52,70.68804198396978
116,114.83456468376369
161,151.60404531275063
179,192.3694700144928
150,175.56348562895622
155,140.45637624950328
164,146.86816508031555
156,164.08839943115964
177,167.70554644494123
191,184.15776526262368
192,202.10603972679368
235,222.53117800399613
251,280.0820340694026
335,305.31336650961737
505,339.8439200495875
430,439.18315913613577
288,399.43979959062636
310,299.03958681923444
209,236.70900235343146
141,135.50759007422886
65,75.46666284782218
43,40.031820803245736
28,34.44269457580829
45,58.77578503168221
83,70.31883153975605
120,122.71649588798174
126,151.1287153039246
153,182.21449461406831
143,166.3156216316855
126,148.79909072937625
166,160.06886171601928
144,179.02908288579576
182,175.3726223150138
206,203.29457791427208
192,217.10643624120613
217,239.52667614465432
271,276.86285857338834
306,358.481527306005
321,343.28956841337873
350,350.0846783364011
485,378.36106983201006
411,429.1987161182051
395,346.1906428438623
242,261.03529408017715
95,133.4450235513841
89,77.16816929958776
43,69.52259750434207
49,59.38125871230937
73,81.73312208419632
99,133.72433586117688
168,148.18234428703096
178,176.14851575690665
177,174.76941228740984
171,166.17403053924633
146,182.27111245824474
181,174.51932048871558
195,205.4538435204777
187,213.79250407040445
197,212.4313982184517
205,229.3530513948761
268,286.1454052703792
317,360.1023847017453
291,359.02543466107437
352,317.4064631239559
510,405.3791574764476
503,523.6839925709183
541,511.645231436962
428,473.4377422875328
297,317.30213861764497
146,187.55377987197227
140,122.48200075528123
96,91.0367663765007
117,92.78664812193156
114,114.89433703773592
136,133.9603690720443
166,167.26953141002193
192,167.5128784988864
161,174.1521232318794
186,176.3834793467442
186,204.6692817073656
224,209.1065040344299
224,240.32656761979501
238,249.0212318364235
281,282.1690793992334
337,355.60705539227337
457,412.38033738311594
500,454.8854869476589
434,492.92846407058005
509,490.4033059175721
667,647.0809704179408
892,803.197906922169
827,846.8261284529408
745,782.2332513135404
574,582.7849659178336
381,399.92709499026233
190,210.75774219416704
113,103.18278228401458
84,93.99996333445476
113,106.95264020289324
124,130.32017663783864
188,185.59300281043838
195,209.1469810358028
272,228.60522491425127
323,304.76837451304334
391,359.19313079958636
423,412.65804533466707
467,424.7353324108925
578,498.3891521668286
648,570.2391332845857
740,645.8689365176645
687,662.3090209257346
672,642.709078665687
746,656.67536451083
898,836.904802772308
937,907.8739374394339
920,949.6413551625267
864,713.7988500522542
666,574.0541863083101
420,384.06441721665755
198,203.6239995640347
112,117.01991155712453
76,96.49997580802292
72,94.58002979796092
111,104.65185818508587
173,153.8584514855837
231,202.0686904124698
274,272.7385271230324
307,312.22813631526134
355,337.6078364360762
381,376.8032744872634
389,397.14664344402456
446,423.4403990639767
481,479.9919015913554
481,476.4986011687332
424,452.7312119725426
435,404.25372885800425
474,438.9002992127699
446,460.33165866598625
375,346.93143645959543
206,208.8493646780048
150,142.47554450826846
79,75.97994201939451
74,55.92016926030066
64,73.06589329581288
105,102.61037123905291
115,140.87060293655813
123,152.18821833854102
178,183.56900489717444
159,188.4084916431911
143,158.44068476603218
154,157.1193873977993
151,169.67437638668585
175,174.28834113052156
187,187.4530799024966
181,196.9525667313922
231,200.09825454958104
334,276.0241983941328
430,337.9331024597105
578,362.0170778752478
491,483.8996288880144
376,427.21844178461066
313,330.6884210605034
214,207.95373280302317
112,148.0212697894563
76,65.62738880326042
32,38.748788085379175
24,30.00714689584987
53,44.80950547511126
79,68.83205941292046
134,118.38884008558529
169,160.5882002727152
162,192.27004816136545
161,164.74392461821392
144,153.36432991394364
132,157.3764226160463
164,150.69195891408475
158,185.23762301431475
165,193.4565227530504
186,190.15041462130273
195,229.87439448197014
270,272.22668573356447
315,342.9694885919129
333,420.9804767063187
330,396.61077437947506
342,364.10654367902976
384,348.5306376761492
302,263.4396795857408
180,165.02500516608794
93,86.02296092084791
50,49.73913156800283
21,31.652770454848046
56,55.362243189674295
75,76.86396774607526
112,124.81850384635761
163,148.33579579324578
181,181.42944273724495
188,176.1461821040383
156,161.88763481898303
165,157.0510880211572
172,170.15945630254222
186,180.67871558386742
215,197.71915401615823
232,212.28192142144917
236,252.1470098766628
282,297.43132279397526
348,341.8124976757875
337,350.5086712775791
344,343.5466533703747
564,389.4903173099094
459,488.3471039982613
350,413.18214509617934
254,238.13475925021123
114,135.1847719790976
74,86.34542598480088
44,53.283581313726835
52,55.688875399041706
78,77.22368894778914
137,116.86850465176624
157,172.75288030965768
193,183.80369378108097
189,186.61973851664936
175,174.01563906301456
147,169.36275479063985
189,176.41481909457153
214,205.56761373413315
204,220.26207026958807
241,224.53125262892166
248,249.25228230150347
336,317.9900589715454
387,386.6799285519728
396,367.91844890852997
374,378.40295520822536
486,440.3826661333288
618,519.7817294175479
601,561.769607387353
441,461.94999925571096
266,311.57540045671874
165,178.65685615050407
106,138.0953838607486
110,89.0014463249241
92,103.29846401165814
122,114.17585897710475
141,134.86299857378268
162,170.44362698650934
174,175.6114065922347
161,166.75994459966373
201,172.96446211332366
205,204.03193825822123
196,224.41685570965592
235,228.9368753569069
248,264.10977273585553
285,302.14364687419237
345,366.2786790134087
428,427.0031599891245
439,460.19620499871303
432,437.56206019379493
511,494.84732103926484
673,657.474482548009
836,767.6310212818133
857,795.7097377696417
765,743.7416329143451
537,576.6850299985689
409,368.78651883390705
164,235.709854310576
95,106.24502704239507
69,92.88571772740289
104,102.4636732543301
115,125.79719331351205
160,164.2454504434567
224,190.65242904822247
265,242.48455983312297
280,299.87845789575704
323,333.27865221771236
409,359.3339202741857
443,436.908793381298
448,505.54418161835724
635,509.54997397676004
660,638.8452575837018
603,641.4924101669001
567,591.4361654577012
653,615.6360799365826
722,792.0103668628036
860,821.2720568780203
929,805.2719029954901
834,817.9701699761023
684,655.5112819050593
456,434.7835495603001
177,216.24545622580425
94,102.98168309453786
64,86.21756782637276
77,85.43076603706825
105,104.38764832959643
145,132.65744605142413
205,186.68738774224335
262,251.3610092517298
469,310.7551559445159
379,452.69063625906733
417,400.9333724207454
423,422.02464871828363
437,442.92260130499375
441,478.46014633576317
456,468.34642382591153
400,430.2121738358867
469,393.51151860254714
468,469.0532897398776
398,450.6672589861194
269,332.88549374548336
207,196.167491124111
153,155.8892310831361
71,89.12803733159518
48,63.255078033517
82,62.12197310018965
86,100.01233514302332
131,122.73432232384003
136,156.2194312000392
154,187.72469303729483
162,160.47719389274613
135,149.2118010444882
159,141.4587247826699
174,166.72335380541378
171,178.75576575499215
179,183.2373707044999
204,180.15237577974582
214,225.45588627220135
231,250.18823091103894
283,301.5553649349841
265,272.2337283279135
235,258.64886196374243
312,264.7204939579869
288,280.9300686091759
185,225.4500183282462
103,120.15722707534697
73,66.81435941757292
33,37.39856010548918
25,27.386928730006353
46,49.55327601166241
71,67.75250484256597
111,124.32409197920639
154,153.41887133200285
154,178.10651605725297
142,155.9208623345169
133,137.92101383804388
144,141.3131185978156
147,155.5001730345791
151,166.33055321747324
157,175.0493278402734
179,186.67606799106946
211,218.38567022548162
252,268.00943323693247
241,320.88745971241747
281,299.7398871962692
329,322.1359088754417
384,340.2573873417401
344,367.07139512561207
259,240.76785995386734
221,162.26873199385238
186,108.749842025033
103,89.86569896361699
49,50.05408101137124
49,57.56906614590831
76,74.54670269321886
115,118.92907083526934
171,154.71381225551337
183,180.53652709830476
180,170.01924008762816
131,153.8891572228933
139,146.0808643052494
170,155.2159538390206
170,176.14556889408036
166,188.76140115432693
193,197.84535648301335
242,224.3370399908886
260,294.99629599485127
292,310.6393461090096
328,311.5302681847175
319,340.73061976624587
395,373.40539340586054
389,408.8663271193261
369,342.3216736899279
222,253.05385679676633
179,127.18260327437694
78,100.45186909236656
48,54.18670462233715
88,55.025502827624784
78,84.7073675037149
125,121.74360253465166
171,163.67054458403626
201,188.82743337858517
188,189.72805353712735
153,167.389870119341
159,154.36989064145718
190,180.1947685065515
190,200.66323373383702
187,198.84364874804643
228,208.2691369612185
236,248.33100872328978
268,307.3309034821308
379,344.5038378863474
371,366.3160403821261
398,362.4587900483889
506,463.09918577637177
605,521.7554310379361
600,594.1353099144022
393,455.2653366872126
271,275.71032683623207
188,173.7574868583162
120,132.71850445227867
102,103.18956596408748
76,101.85019301887085
110,113.17343186952864
189,144.03644893060604
464,186.9216464824602
386,289.3465184762935
200,251.0352381948515
207,192.80327704691786
244,210.54460335310497
256,230.96538422268685
291,251.4573374980825
376,296.347254902391
381,386.49506688047586
418,419.92285324757654
457,469.5499166492555
484,474.6234785532794
434,475.10920142899977
518,500.2497294274564
712,665.083808218732
881,844.3564681142062
847,853.6240811644715
719,761.810990947022
537,557.3937948507723
400,362.0207434173629
167,204.06220865161916
95,96.94588431944493
81,84.75774491332825
116,106.73922446759755
142,158.00350427437834
195,181.73512806683135
256,214.04682843858313
336,269.27749730738066
359,351.853642229623
374,378.1371719622082
464,412.39223665684375
565,494.02278063021777
573,561.2214302787855
573,628.4448248058088
603,652.3681181493307
615,656.2096147871385
547,633.8684759307735
640,624.7972506560727
749,777.0009033152601
880,888.6366370986585
952,907.1500092982321
910,853.8360103048166
757,528.7350323082791
568,442.69415964121197
276,245.95742499355714
122,113.62949805631149
91,87.14363137710524
85,91.78968299308575
115,108.94193443813006
175,153.3249636400309
211,214.53861206389075
271,261.4633866113507
311,341.09051151129876
427,345.47705929793204
427,434.9303625501901
400,450.1791634013141
479,419.4130685874404
452,488.5673426365537
565,446.3752307188204
440,487.11123333697583
447,436.62941548806634
525,446.9636565937909
431,477.24737605405227
315,317.5128333241943
205,177.48236049095217
144,115.79527229126225
99,83.28970694435888
74,59.691103201231094
65,69.34131347638984
74,90.84008258368644
124,123.01339896578875
154,145.24692123264612
176,183.15894596694469
170,174.10754834423182
160,143.1523878466958
165,158.40726224519457
182,161.6979116958677
181,183.6302595904
219,185.29988770077802
232,211.7930918877977
222,245.47571291288634
278,250.77531611226502
291,302.98912552666275
302,283.83072431693574
306,304.8894023626189
317,316.43397625194643
285,296.31964092908436
213,209.63616107656213
113,129.0596300439464
74,67.97930880990864
40,38.84432879652553
29,29.96152882802451
55,46.4884156300861
69,69.45812212598943
120,122.22628481476981
177,162.09617923145746
195,184.99714315683983
162,176.17475376205132
147,149.45056040748995
178,149.74904983324654
180,169.5479357327754
188,174.9627330950994
226,187.60037723462213
234,215.17886060678737
245,238.196759558665
347,285.93789021950926
392,357.87050992079025
368,369.57185643287676
331,371.1733151516559
388,351.1086617709434
348,376.5177335846807
269,256.20506583099126
170,174.9323767140096
82,85.67525826203823
35,54.369838613146406
25,33.30071140990197
57,50.917038364241314
65,76.7947760802497
123,116.34677607883035
169,162.91728213665994
173,193.7418501668623
166,176.8310300755852
168,146.02745748898923
178,164.22987532448496
181,180.1837151315179
207,186.82771900940756
211,215.71096421391283
220,219.60035475072272
249,248.35799053427084
284,304.71668756736443
517,344.46018819009305
470,457.24492394256345
371,422.3975482252092
397,441.8758034271022
488,415.3921896913621
370,404.5747788604275
205,238.64925139153775
140,114.95408436334904
59,79.26074644785753
47,44.88808306354737
76,61.79355270995792
84,80.82430092244928
113,121.41949074471616
194,167.0183970535796
214,202.4514594799709
200,191.91871406292555
176,176.63897388403169
192,168.75800151882416
212,194.84056971176435
208,217.23001239850205
232,211.71253501773464
364,241.55673123950214
377,346.6258864284345
249,391.27330463483946
376,337.0398416725415
401,393.87259485836245
362,405.41513847014073
484,445.2999166442996
467,572.8706865573076
462,522.5395255499733
131,137.06938821328603
73,81.23113196102433
64,46.43234676716695
54,40.36704128946591
49,55.20974466594323
69,82.13159277656517
110,128.8300728885291
149,141.83863024606163
172,179.93717478035336
206,194.8422835528098
181,186.08468938438773
162,190.62747374353228
155,171.9275321200191
158,160.61394983173503
148,167.2882950276398
172,170.13834699382963
239,181.87171321883218
279,259.83019089946333
328,313.24208068712676
332,291.37565692629687
288,295.5246766252853
296,303.0020538282372
237,311.2601807726916
215,198.2676311763686
144,147.513009822255
101,90.45019260123368
59,65.11829792954805
48,52.47326180696413
64,62.94643893360685
88,87.03836167011544
117,130.48255490985525
141,158.16711000535932
186,177.51157881750092
190,204.94405798377258
172,194.12401736049682
145,181.62407413021612
168,165.54303019029012
155,172.69182749826123
154,170.51929384559173
196,166.78274035814366
196,220.99669979451696
205,265.3903986780863
224,273.95082779084817
221,274.23481470323406
229,266.570974557335
247,279.6908649776069
277,305.60102740504675
267,280.17997464900037
304,232.1065595090175
202,215.23279101059845
143,135.5624243853459
89,108.76525832108491
95,90.7775701420124
109,101.53035216624586
116,134.39862968965323
162,144.96354922306756
196,198.52005647354503
186,204.0560231953536
171,183.6362048252269
173,177.11842938355863
189,183.7029962929233
192,194.2160148796153
193,188.31080712187222
213,200.19662567659202
255,226.3504593655583
250,279.2406835087479
346,307.0333526123512
299,354.50043726154945
225,314.48747128563747
304,282.73848498060073
323,360.52716566883623
309,322.6203705415205
293,311.26132425806384
278,257.38918124970616
199,205.50320052424243
108,148.06460633319685
92,98.18811668067633
95,94.79191165487278
114,114.0036067330879
86,131.56567954507585
97,133.6158258489578
147,131.526685294757
145,167.91203731482588
198,173.3738710408627
169,201.39895764083082
194,186.02706311226248
225,205.2333827768086
262,243.1889117489325
297,285.68105085032204
308,313.30644073593015
320,367.4391899566741
344,395.73574732689957
348,341.54105630625634
399,355.6497470237173
478,426.98995706663237
474,482.7053489549684
575,493.5526598420265
426,526.0674289124439
345,388.8753924093065
218,282.7710867653042
148,159.17077559221812
100,112.42413776548473
78,110.90089816503142
98,104.05159996518832
122,137.47625747743245
135,172.4051078657951
175,182.3390657205217
163,213.36148054705563
219,213.0438437300474
225,265.3285152810958
243,276.14412854728903
236,299.1251149229834
292,300.50377750353954
322,355.2204235435088
357,391.8260790279499
354,427.1730076372066
308,424.62123382094927
387,359.2039068048996
431,464.62473085619916
433,492.56215198709367
353,462.63791976350666
311,344.59565068043565
293,274.6654961912564
199,262.665677703487
125,164.19732180468682
71,114.1316540911556
83,93.86622507904775
76,99.08786484356283
111,120.50930374138258
145,149.60670384085932
160,193.08924863273754
203,204.52761727098
233,243.17690989401643
219,252.4302889529429
229,245.08247473351287
252,254.05824848242085
261,277.6941066212253
255,291.2625825644858
304,278.2578445626353
246,315.75635774775134
278,274.7000846205474
283,303.26981680995044
251,292.24720063248697
193,227.24129616677754
132,133.86658483212756
78,95.60302811954915
54,65.03646583172655
51,58.55328663719406
55,63.74831312275947
84,89.77800023065305
117,126.92277361447043
136,154.95960678194584
236,180.02704007092714
154,201.97908298051797
130,156.13829154021568
141,157.72908267143802
125,145.73467400949025
136,155.12027241292296
148,161.73349935056288
136,157.06994903864722
158,157.3263857966064
139,195.7673003506469
219,179.47270100053473
188,215.43125128003663
178,189.52989164400358
203,196.68611480674969
196,210.16984542568775
167,170.37584672949427
113,123.16317104711945
67,73.85055300779942
42,51.62027110272773
31,42.040911040004254
44,49.993693135032274
70,77.26779676827235
113,120.67138922563319
130,143.4487130889694
189,181.83041250094132
185,194.60888419945164
170,171.37169679210353
174,169.59509546670324
128,166.7218826241384
137,146.07207811756896
144,160.34376355722085
177,166.42578427966018
176,192.09670969901038
204,216.16699314407958
263,255.33656316721388
363,261.93184025558844
340,315.01049566491974
232,323.27100537026104
241,247.9679054310634
198,198.68784014906865
144,150.84434808457738
64,93.63559207398524
51,54.8820598000023
61,45.42110553039361
44,63.755114390676816
73,82.68680883312648
120,120.44208039145428
140,146.48210885550796
177,185.06304924101104
201,191.548895860506
154,188.48646820943293
154,169.45977843301264
159,157.56049357447841
158,168.02710941253284
178,167.3637302232572
152,183.71010807760126
180,188.4784146831593
202,230.24749694578523
274,259.3901285316564
240,294.51266051535265
294,263.14849074565694
307,317.74038031826586
332,328.9112105550108
315,272.4754868515487
318,281.6896873300418
153,218.97981582405524
131,124.89370849233478
81,98.81421060522307
58,83.6724294373422
84,95.42600670459231
137,122.54562726659839
141,152.47910527509427
210,187.8192002711451
178,202.90739900809461
174,178.75368477449118
164,178.57571059737367
170,182.23391916779488
169,191.82219537318204
154,186.3815308635572
156,181.01343028781875
169,197.7778506721719
214,225.46512886097713
289,288.46048677228674
280,302.7694359966496
255,291.5039735630384
361,306.1895795527214
349,397.1037995128584
306,332.5703632589687
266,297.95739728500723
171,235.86235267378203
93,134.48027884637244
97,103.04222098972764
80,89.59430986845753
94,93.41598423735003
122,124.17202895804543
148,138.1970232193917
188,174.09455659943916
211,181.83835490807985
169,190.75332085403488
175,180.4381708068104
183,182.33571284678698
148,182.2608343822601
181,186.33296396260604
192,196.78395486660668
211,214.23296914656763
322,268.1528241770704
372,360.68254117471025
405,407.1819282273573
362,384.28108769527563
418,399.8507183485283
508,474.27718690911917
572,496.6959489800675
612,546.7100366089079
561,533.1782998794995
375,421.7211960044287
260,273.36832178992995
188,160.46716048944148
140,117.64740112363476
116,110.58473020301624
140,119.10309911149379
152,145.63963848515738
199,185.70603757596544
227,216.39888032818587
256,228.94498533288225
272,273.24344946300135
300,276.10648663354675
336,295.36120537204846
351,322.7558910910144
417,370.6827119610021
489,440.54546436722717
521,502.9733014914379
559,516.0943588079074
525,534.1365443448136
550,554.0095556939832
585,603.6863687477529
666,561.8842507272632
713,537.7836478643636
634,535.2400501957048
417,355.93414896467993
314,264.900508032377
196,191.0835803524228
121,120.15810062640429
85,105.91499803422855
104,107.34157753661667
142,134.75082103094962
182,175.0740913061924
205,213.37432471350613
233,238.94570359885316
236,251.57722436516258
279,246.9698004652334
308,277.67473917159725
304,298.1341022203069
325,307.24444139430994
325,325.8673985632729
311,329.6639912001695
318,312.5256167388465
283,307.0567278908992
338,297.84411633278324
316,315.38693754205315
291,249.39188039011646
176,202.40316091631578
133,102.27260872019325
56,78.89416468401684
48,57.50659604304817
58,63.02754607009293
78,92.14378242355477
133,123.17866805872954
151,151.69709611786183
167,185.0314212164339
180,180.60177253187973
159,159.81973459548271
157,161.2029478661505
127,152.1082033404254
132,145.71679564787595
129,154.0724069618001
130,152.78456185338354
144,160.41179975056315
290,174.6420948885
322,298.5803232757232
364,271.7661624299878
337,312.38373232725615
293,312.8896801847005
308,263.7882270523104
136,209.57725524378478
80,111.28867375953661
45,62.893889455935636
29,43.566578390847276
38,35.49657456375285
44,51.30002818059453
81,74.08415053531573
126,119.3331945657898
132,148.40453134477667
174,171.36028421773045
188,190.9442461371925
161,177.10775062186104
155,170.23198799303765
144,152.68966679078332
153,149.67014463547974
129,156.4610737609869
147,154.58636066342336
173,172.24582289115912
171,233.21646406138092
217,249.59968428040628
227,278.30700114442874
222,276.47405342372673
292,263.9372653048418
372,298.49803471743127
235,233.86146859151347
165,148.2003728321884
99,86.39152913286846
63,57.02049326063591
47,47.51318004464073
63,56.97933803262523
74,85.2159778874203
121,122.47694317314226
143,147.47040707406796
182,181.19485314916528
205,198.40280250573852
163,181.15756693177283
165,164.14087947219014
170,167.0246284139219
178,168.89227983094466
175,172.30419583979437
150,176.26892564191317
194,183.44078346153523
200,215.4221503299433
259,242.5351377970761
262,257.11526029170096
266,262.8048784164836
360,290.1004746882072
406,363.1612882933707
298,322.28881857078824
253,259.94032926678796
166,170.95050076244553
132,122.81640065103448
74,88.08757003401804
58,79.18533442782149
94,88.95776578638093
131,129.3385580229681
169,154.2436020505383
178,204.92229179535533
196,193.70250603131788
194,179.92908200656927
185,180.84178847166652
177,188.46713712666912
185,183.3061460580212
192,180.67306454092642
194,181.5474677648752
167,201.3007386961632
266,218.34939876055438
321,321.22918328249176
327,320.03921157116554
273,302.2360553626782
316,323.24658201470584
401,372.63184028651443
332,348.55586375626365
266,299.6761963361178
155,221.74024417318589
114,112.78610279671406
74,102.6502832647197
74,82.05023198688383
125,94.54997368622313
135,132.64533041285475
148,144.624195605813
213,179.34304355002206
170,200.0346201725734
168,171.4662445707359
147,183.9885707814358
181,169.48592868982115
192,182.025081792854
201,201.88582165267795
193,212.65804539363313
212,214.32738212258556
311,280.7682222856803
362,368.9962232383334
405,383.56244070680265
367,377.88037177170776
392,407.0103625452935
487,467.28117681453955
590,520.5459209848763
592,561.0015164830245
494,504.0503513177362
360,401.4619533392853
254,257.0017243860346
182,166.40196236311644
121,131.58843810259376
99,113.61429338175782
93,116.89309579018786
127,133.7814293447746
199,168.7375074670096
244,210.01183509276808
207,246.39540938003105
276,231.74146477262173
282,283.20449342791045
295,296.5157765609286
326,308.3728949535158
349,350.98527460865836
528,423.65789370161974
545,538.7165399748833
442,543.1499058316303
475,441.71115792309797
516,502.8011246067937
580,565.9549432343684
572,597.8166506169678
530,529.5347454866859
522,458.56579192638736
398,379.3180140903309
286,296.6846086067026
170,192.01388046517292
111,119.45976577681714
101,101.971988509562
93,104.93157417657127
126,122.45643549759262
132,169.4426266264984
192,181.70395297356558
230,215.34082193479458
326,246.29169872764805
279,303.70042098432873
270,279.53376401965045
302,280.75686641671564
294,305.7704373064967
322,308.1680274427959
324,334.6284203427687
314,308.71962145584666
255,300.028327039629
280,279.1262788652213
284,284.5373027262276
262,235.64920780108295
145,191.03444483702333
100,106.97300443208887
66,64.41793924299918
51,56.389851472128974
70,61.80519584877301
84,96.62350552956245
125,128.02113853769336
133,151.34955610202704
170,186.6014153516086
184,172.79329847011553
174,162.19187892849175
129,168.02458479390438
146,136.29271798558014
149,146.6279569756396
148,151.48367516988145
160,146.83623339287993
150,163.84149709954042
177,171.116141025551
185,218.72305149314946
199,206.6991775369437
158,200.95950150856856
170,188.64401443306357
206,185.40362829529042
135,156.18703484849956
105,95.48598353352567
63,64.22499640730055
45,47.787551712224555
30,38.19295960006085
50,49.49368599199377
83,74.86728348609346
107,120.49374376098085
136,141.1347214394233
159,175.6216205088032
177,186.43583410714962
159,165.99058781213472
149,153.89209192264113
131,143.8185129759731
137,140.997862809417
111,147.5540014695911
140,146.7671908993382
154,166.62162094812066
203,192.16612079977617
199,233.0135534098587
215,231.81691456564107
233,233.01965669663258
279,243.61164762931998
256,281.45961183367905
183,197.76662704485912
150,132.7443307781525
112,89.58746062848664
57,62.367771705157246
59,50.96971678418383
52,62.785137166903894
73,79.87972380483878
113,119.41038277081803
173,143.02837493811393
173,184.36527209484828
193,191.79838428932976
188,168.77443503231862
155,168.0266916962246
167,157.87351513523862
162,163.84567261693303
176,163.15958491474132
177,167.1266669897191
174,189.7682395431792
201,212.0728883958047
240,241.7398552997196
219,244.97281384868174
245,243.44757960732773
330,287.08325665784866
310,336.9598741130843
275,266.95916120229214
270,243.52613629110974
193,175.7600662963249
139,130.01943383154028
88,90.91687171095728
68,73.21884160868531
94,93.38847083869862
128,126.56192820691565
156,164.74464757964273
175,191.65648322136389
200,187.49668701942673
165,185.36593856428837
158,168.93895516769464
153,173.26000613838158
180,171.8860494153217
147,184.30823084049192
187,171.16096609246395
185,194.6214886073009
234,234.08586011985972
294,285.9677679235846
280,292.13631654879254
279,273.74725314874075
342,324.0878866372413
436,367.4757474424614
319,349.3967640157084
270,297.73449660885746
183,199.57115400250163
86,130.78649189951207
100,87.96838429218576
93,86.31320185650704
82,100.42499800096078
126,123.97700400819642
145,155.53901471483903
254,202.3626735749774
263,213.5975190403658
172,214.09658204814423
190,172.20482081760966
190,184.0317696956831
231,192.80700759272437
217,217.55222093603615
278,221.34705464863666
279,267.43845514770777
308,327.935243440608
350,365.43013325196495
384,383.0670042008356
397,372.5655775122745
411,414.24337965678427
564,483.3845876054499
553,578.3368453069054
532,584.6517886954049
462,467.0093008096318
400,354.6782388825623
299,275.0650490908952
173,186.24581382707174
105,121.33333578719065
96,108.26027930516078
129,113.16735270299232
156,148.4799281971528
193,204.29467872692499
232,213.60063556590958
291,235.04563610879106
320,299.8295164129976
282,316.8219519189063
364,299.8528339328582
382,365.0942154948339
399,396.67290474859544
445,471.2571687753893
491,513.0416208817666
455,501.92545163104836
475,482.470555439595
532,515.132474024197
549,605.6570680868927
580,563.7191105437772
567,507.8395160010159
560,494.30101079768366
475,392.0098244425592
298,325.95758971180254
179,187.3244975832477
120,120.39379203754349
99,101.93608788149686
110,103.49836663505339
139,133.95666034586128
123,170.28575605101963
197,170.52593689463083
239,225.0972173836436
261,265.9709970196306
316,274.49702102339864
304,313.9450572778761
292,303.99562525517763
320,298.48560148799413
311,327.1579416792159
363,327.1192867521274
318,334.0344716340351
338,295.0386148121602
435,329.2117368020817
319,411.277430392042
221,247.48529726918986
127,154.27977089605372
89,90.95815879881341
58,57.4481611487534
46,49.96659861880278
68,64.84147577774993
81,88.90147687736018
128,128.90701556187688
152,149.55612783922822
170,184.28742130329692
188,174.3138317634053
183,162.2394989955409
153,162.80164789580397
144,143.7114705588306
157,146.2562719814074
147,157.25164499898722
147,148.9769853941585
148,154.2962762626876
209,174.5785965691353
232,226.12721727690834
205,219.86493326853224
210,188.78761944731224
236,208.8712611595557
184,235.27043633137404
141,145.6489869177116
101,96.93593368386304
68,62.78910517867718
38,42.42822655101582
39,33.08999854427317
63,49.090674621223386
82,79.99565596833428
120,121.12932258613996
144,143.07429798196713
185,179.10526223684445
212,191.1653602107914
188,179.30575095259587
189,164.11631839431323
173,160.9931509250602
173,157.06286690510112
154,158.10452664405665
192,157.2567727626919
182,182.97504019132825
238,204.92583531883963
262,250.05969612895666
274,242.3679839450585
271,258.6025795586818
305,287.0318198746966
286,296.42187973744745
238,211.4208002369082
138,153.74457222300938
62,90.5061230352283
72,51.53323399471914
55,55.222588364135305
56,58.106301347534156
89,75.66775420821347
121,124.3241827731135
147,154.7161172980307
195,181.691470600024
176,203.01331761407212
194,173.02957292657635
195,173.8243430941541
208,179.1689159658324
167,188.1961905554872
189,179.3878035281526
171,178.99728654407596
187,189.00622222170549
247,217.65238673633857
372,277.79390717364015
331,323.7625493605442
246,310.7163086508063
306,306.8822015197913
325,334.42676375918575
227,290.12377150145727
201,217.43710163003294
160,143.27306764577727
132,126.03719482196104
68,87.10287311763238
69,70.06526996962077
99,94.16984328593318
130,132.46929048071237
173,156.17796588337953
198,191.7649784697671
207,190.61328232091694
231,190.68468876190667
175,203.88458576561118
189,177.28340563796553
184,184.58510731654326
219,184.51744527660964
314,201.06300827323741
273,257.91103532803066
248,293.7890350315724
290,311.6445882786285
318,311.17625293734585
262,297.41061971356885
362,313.4148653735939
326,385.555971119533
283,297.06517157790637
