y_true,y_pred
636,466.35728344337906
697,455.6244899778483
623,403.7948155083997
563,328.94561803211525
478,291.1938563110384
260,203.67182810842934
194,256.92789197988606
265,247.52368665408792
306,312.95185420512627
326,353.84220323733143
337,343.4946624688568
346,346.29450087884874
329,354.79650171296254
364,346.48555511593514
364,373.1442386363208
394,370.64670528898506
434,420.33771435023436
433,466.32025230774144
464,483.1556327195295
526,502.9448985992568
503,527.4707189843689
500,510.9059173089531
529,523.4102227787236
461,515.3047129777781
498,471.37339077203114
730,454.41386062448737
300,605.7302242432155
287,299.40807142989985
247,279.7783380676019
165,179.1606493807378
160,178.06304116530546
148,182.17595956326647
197,208.5557365007655
272,262.76221627211584
294,321.648356214772
287,310.54980416303914
286,306.14442299092957
320,298.8600467022736
338,322.3766714824623
312,334.078660305464
318,325.9420665496836
319,337.48982495128746
369,332.36526172257976
352,333.0189436385079
295,327.93423535308483
276,311.9411824729666
244,270.00703506807275
174,216.29678584942297
175,139.6989434641756
109,120.02938306786727
88,85.62327407573959
81,87.87611592907407
117,124.87749616137621
188,176.31944208995645
262,261.5976130719864
356,340.58990113424073
329,366.74905836653414
248,280.72574259167504
239,226.43202918362556
195,213.95213590621952
205,198.12883519170455
228,203.4966426480704
211,240.93814473069435
237,224.04144317343741
242,238.4493604777306
283,264.10569305692457
255,291.3688358008522
358,253.6445058815272
210,314.7683617905074
266,211.86489522686094
219,240.68348829214767
125,164.187270443841
107,105.00257837484783
78,73.12226420351838
73,62.960233169767044
70,63.00239841803584
110,95.13246320868146
171,161.9574225995327
239,261.75074751934267
296,367.4187361246801
303,351.41976863383167
282,274.9066405845757
196,228.2421217043607
201,187.94131525819682
213,198.71806799215193
196,210.0506074694891
202,218.85052665045242
216,217.29644440214318
241,231.0610221126531
264,273.7376987601737
306,288.32310031363187
328,281.18646558435245
298,269.7346536764207
313,276.96221404306806
298,272.9255908468542
307,198.46487581252202
265,170.77058654883376
140,139.6033309795726
77,88.59242451105236
70,68.48118350776113
105,97.89090245859414
150,161.368814632448
242,246.88229328109767
363,341.8640316079661
357,357.9126890586076
294,295.70045924771
220,227.26591351797614
197,206.86206326366494
176,204.4401737032579
197,199.08750751841052
216,213.27507010962333
200,233.28465186828979
262,235.7231154283444
232,283.7973052750808
282,293.363502863463
376,289.5352262685669
263,332.95513774758433
225,272.84475387403734
264,258.80685803588085
189,234.5144537341366
141,161.99163079218232
99,111.97645530748372
72,81.33343588779904
70,77.71934813965989
114,112.77897263105753
181,176.50039944410128
277,274.1208717750525
383,388.5342082345134
371,397.3928885819135
291,319.54197190595556
217,244.44430324957773
241,210.29888479328636
202,227.46449632503237
188,213.31479673243481
282,209.84236963342454
237,268.5703321065587
301,266.6857618598829
324,321.9661352376552
338,338.1261677868925
300,337.7972531427057
276,296.1174860796025
339,290.4623061167375
319,320.11702248931005
258,262.36740233458937
183,187.55998433834392
137,130.9010743467052
114,112.58396954834437
137,114.31541518854739
159,146.77352338021964
187,187.03725588593872
288,278.26440301832525
412,396.6452808373011
336,389.0416314351655
287,303.7780470410183
244,251.62379831385448
226,247.7798612855511
236,240.23555328510744
244,242.27033520181655
289,275.9689849291492
287,295.6757704799164
311,334.05832472852796
399,370.5379246718556
405,442.45991307543846
426,441.70350714414997
409,429.30741442977626
385,441.8174175434457
423,446.2623831550855
440,428.62470903170595
482,384.3012555357469
348,372.9940350091808
259,242.69442238323998
251,222.9763019640102
233,201.18450355767217
144,193.1792642537583
204,208.23963603745287
222,269.06717905423454
267,286.82394266251976
315,316.5305913096522
324,336.2458625175346
348,337.4564617537272
321,339.07213445915545
343,338.6505391334908
359,352.61887775547376
357,368.7162583196014
404,389.06133242056234
424,444.5015857352014
413,466.55070228832074
439,453.06739907874896
398,459.43985071002805
412,428.4407205113214
480,460.94793994875346
492,493.224086642078
472,488.8245239078341
409,394.36250207817807
365,326.14482808713456
300,300.19290228863406
240,261.51697884846
146,162.34711849657606
165,176.7546074442727
159,177.72066260588574
204,201.1326941512298
285,265.29369897070274
313,324.41404591730964
304,320.97715322318174
327,311.6014984891633
321,324.3901283752713
541,324.43142674558
432,461.5269568197598
412,407.0789542223644
363,403.3476816413151
362,357.81341447399024
314,333.13944567262183
307,301.52136565541275
287,296.64344736967473
254,268.8936710265164
189,207.41304550588336
188,147.4017699318157
129,124.67511254509449
77,92.73415866674456
92,78.11418558879198
136,125.54033044643822
186,184.56808801170965
290,267.4787526025159
411,390.2422546579251
382,373.17872962216785
282,291.84776619198794
214,242.29311292296484
177,196.91083314732768
278,188.00281080293024
262,259.1051545792744
224,263.1082114042965
242,232.4507819270086
293,242.707862461802
306,296.1168292529727
297,303.3937736921695
296,287.19280555629723
299,263.2534046848306
276,264.1084707347687
266,251.10255530553766
193,188.9227960513756
144,153.32920647792136
88,104.86678468390058
62,81.76754221259151
58,73.99439021430315
98,92.48874725073946
166,145.67508613436945
225,226.21997398295218
265,300.7177712591008
320,321.1434175094932
293,295.91875015309427
252,255.43241021829525
204,227.102986123553
217,221.03676319094316
241,221.2246173338316
241,248.74504689740422
258,249.9773651270088
271,279.3460783364277
316,297.0456372668616
326,326.9701987259743
231,315.6723752170175
272,231.29342728085524
265,275.28752229922696
234,260.9888420671464
178,195.16214881668088
135,133.57529017390868
108,102.01489003886574
92,75.66317903938423
62,73.45688815695272
97,96.88670039237255
171,156.57647661097027
276,252.59516588026202
391,360.0381218834227
360,367.4867284965551
276,301.3796660809504
219,235.8959986923218
215,204.19979619881678
230,209.21906187550948
200,230.3783803558102
227,221.2510670259862
256,243.0331728875173
230,271.70548850896444
268,276.3070247276923
293,308.3745257665962
269,288.5532827006513
252,270.0284265591767
242,255.0384527252411
228,254.04578136284752
158,197.58052161142334
138,131.4015521074888
83,102.33674960854245
65,79.22529664416857
94,74.8002862249704
116,116.5457942046325
186,181.52835516121317
260,291.4635628379606
397,393.75030226929533
378,389.3140370837117
281,298.1276935839885
328,231.69512865136218
242,280.6686205996896
287,232.03101517290736
233,259.70192787811385
255,251.37321264606467
254,259.7825107045976
261,276.5501947673944
351,303.34314293717523
303,354.1028171729579
279,293.9563083372464
293,279.9273352882274
283,303.21640928889275
299,290.15040252705717
219,245.3324322555668
190,179.32423878282765
126,138.68256655659567
122,105.18027020210897
117,119.40380481603448
127,147.67964535033957
182,186.50103504841366
286,267.765059518989
409,398.3309308554104
363,384.78832877721413
313,306.5196900067282
250,273.61755795436767
248,245.37074363570161
264,254.33937666564884
243,262.1745180875492
301,273.08956154608836
323,302.3741853080218
335,344.845023195818
418,393.97914446133996
438,441.7713112923915
481,441.3281919275692
486,457.8914946033384
443,476.67740367890883
546,461.4183047311642
468,474.3453870821074
446,463.73542219209753
358,364.8564055896491
255,276.5419223461062
230,225.63931950123037
212,219.0749076276703
152,159.5291950574502
204,205.63320486952344
233,263.6385606602398
309,286.36876452856626
339,337.17850546591484
370,346.7642203485461
349,367.05221802891805
355,337.1821925923354
374,355.34620288107914
373,374.5069316588166
409,380.6541265592174
439,428.9034725460059
451,468.68188540434073
586,473.7984539529148
527,558.9006054852697
587,511.1776487081131
502,541.5469574115069
553,544.2205979909406
538,508.6064932137497
513,494.8718724983247
451,431.44470128780097
409,352.3758975278068
333,309.69638460791117
289,245.68283564311267
132,173.14824142588293
150,164.25053568138807
155,165.88685702270274
215,202.93545871727702
260,275.62679356540923
338,311.75233521941504
312,337.64226902242797
339,325.1131629858977
339,336.88432828735444
316,339.5344841353822
412,328.6509219566632
369,406.94953671135056
409,368.387309839938
382,401.2364161485255
369,345.6903323498984
343,327.2882632285717
299,322.68591476907415
288,274.6734753638041
235,227.11298114062038
182,175.30127270890938
109,122.53733370389799
88,80.52463132758392
86,88.29184754053308
129,124.63802875973975
171,182.518204370944
324,276.0664231812564
408,420.53921412235
411,392.10043746697534
311,305.73999826661907
258,241.0026398077378
201,223.08747709779323
238,198.85089397324592
213,236.5555057802124
259,223.76837668202208
222,251.82554863060685
254,229.37710931688034
332,287.65762933405665
300,326.3378443921566
269,282.38523739985226
287,240.3418156544764
236,275.76420770454
280,227.87368572235397
182,206.0346199101721
106,132.76526434061387
81,80.6498978341128
84,64.67161681035259
62,67.02579433007757
104,99.38493193039808
160,167.38965043452498
273,262.28556337753616
376,343.90646700244423
372,374.3094972581649
282,303.5556625515137
225,235.78107963576602
186,201.24406198695334
199,205.03570046217254
212,207.18058237023232
232,235.96561125831573
260,230.44309638804444
244,263.5732327707441
273,288.38499280751466
295,300.5019558889975
260,270.98586987505047
216,264.9914744133331
239,239.1034449722651
283,244.64064274450334
193,208.55016724772258
160,134.5567394672791
94,106.40369712362005
97,77.2411631710536
79,70.60160531200975
104,101.38603994595542
162,161.38195546588074
277,268.71895541140367
459,393.11553489707984
492,414.1242314076767
360,364.27516159269186
209,268.62248673507264
190,201.14381167329282
194,201.64639778936507
216,204.84415753488048
221,229.67305171481706
205,249.21481526946638
256,234.6978474526953
287,284.2352458099547
337,307.4114397005139
265,302.0122465139818
307,251.13140844936112
267,279.54803611666017
263,277.00008570187885
190,208.561667107788
133,150.92282161410174
113,97.88766437594694
82,80.39161052991774
84,82.30670595903342
111,114.8404562858373
167,179.2693979242232
302,266.53738348064655
428,428.00992904468916
388,437.6577037661269
317,327.6780475143604
239,268.48358365616195
196,227.75347082858084
205,215.2649326962323
244,222.89560922458284
230,258.9135876504575
244,239.07430110675799
287,278.7707460850101
331,334.43332511568866
358,349.63592319372896
321,322.5160004998864
319,308.47752550770394
317,317.74181037219114
338,311.214294417362
260,261.8166816853814
190,195.69030877250546
148,139.19710578441686
114,117.99617223210153
135,112.68118633250403
163,139.47062082880333
202,178.47146447222363
279,295.7204359165722
438,406.862257941364
360,411.3596477374186
304,317.871043434284
276,252.59019133222395
247,257.97282286228335
241,249.26238943820317
249,253.03499627186739
310,272.32670645744577
287,309.50912501611595
352,323.4242060030951
419,406.999692344088
459,451.4121423258385
551,471.5464658738657
437,509.7921360344679
434,436.48450120394176
456,500.4881385219395
455,442.8863811137179
452,456.335637250861
392,367.3884540763309
264,293.1124196878287
306,239.4348336395012
240,240.56450171749105
195,170.505382124907
216,211.45166137768487
272,248.11854030125676
318,316.0076387024055
348,339.5131275556411
364,356.965023951553
388,362.2947806528103
388,367.95614982450917
352,384.5931295884843
363,359.6222067413575
388,372.6535457183165
423,412.6885486122604
501,457.3377419112386
547,519.081658182936
536,544.6502080533668
459,515.3622279826868
480,480.6705100702128
516,514.9900940722756
549,488.363653530694
536,511.8425611089353
430,461.3983351342404
344,346.9689952450269
337,302.2928188030104
335,267.4856416288263
171,183.43920758162852
178,170.50064827893473
194,179.33642393894144
198,222.96118097794167
273,261.9875542144083
319,321.20941358658376
296,327.94044979003195
322,315.1198359256805
372,326.24227529307836
344,356.37312335228916
337,357.15962965685907
389,348.6251737642926
411,392.0240030817519
365,407.2981579011808
344,342.3599316553222
314,319.3429060557883
354,304.5600552560752
318,315.9874716943339
234,246.04666768278588
189,178.39021880275092
118,121.98833746728671
102,86.88711731386167
99,89.98868002563052
149,126.94961391730911
213,178.98380671852593
263,298.30679860841593
380,382.6475961443416
376,378.9587334123271
286,294.0868518574724
252,244.3653025580949
197,218.1093751918609
220,214.36890859429857
224,227.37751092438242
233,232.1093033644144
244,237.93664338349154
264,255.48952172422582
252,304.37439742450186
294,274.10927570279335
253,278.7041110545793
230,256.4593783740752
255,245.1526241741286
198,252.02456424530672
182,168.71494807494787
108,120.60793136573508
96,79.06887088334312
67,75.31521614444003
74,61.99874459192004
125,108.62744374289517
167,175.0544346097114
254,248.7253391912985
406,364.39038999622466
396,391.71068577139135
284,304.95221291004987
267,241.31898337879628
213,219.45048363852632
209,211.81783620384033
232,216.81217125567295
240,240.1496083577573
295,247.485470613564
319,292.1508090716552
398,321.60256067022385
411,367.92820970697414
407,340.96048067452404
375,338.0636759330479
339,327.82271574061156
316,302.4154603701838
234,222.10253787342359
158,159.3611891614897
101,110.30069127421038
76,80.32929309355602
82,72.99049497806237
135,110.84004973605167
180,165.17707054921598
253,276.50263967730086
376,396.69842032348635
367,402.0343578907471
283,305.95853594031286
296,240.2177769706727
293,251.8473753012151
294,257.34002395396664
276,273.04211912458675
333,266.20518196264453
367,305.9346552115649
351,366.0904773189576
365,379.2036122911811
373,382.66827616591553
546,351.53024552076346
392,450.22464073731317
342,354.02933382986447
373,320.28040248465123
366,258.3349670419552
317,277.8821622505725
275,207.58226187877113
221,192.85343386187455
253,159.81030624651896
237,188.06144458294258
188,201.42879628030656
190,225.87554816192247
179,249.65693902190154
183,241.1632664970541
182,211.13098265842424
264,223.57499448665928
307,283.6923808310909
359,310.5942609467937
360,356.33131783119575
378,370.43777249666584
437,385.46587180490263
433,441.44306417202404
464,437.9550002790805
398,465.80668946668476
392,396.2842408071017
396,353.3187608982305
360,372.2648725596024
406,364.4996761221661
363,346.018369205485
267,268.74976469359274
203,196.53395050818267
140,148.5117075999968
115,149.960752201941
134,176.9826674935169
126,185.93596862582424
173,213.11806305297725
205,249.00868379420874
200,270.055119671822
210,227.47381766170932
199,233.60214541904455
210,234.5388211208666
237,240.99268014953685
258,255.84145934736398
240,294.1440792032492
283,278.9730244487217
288,332.6516079455688
336,359.9826616331947
365,400.7966297103874
339,409.94664057778664
316,376.8962777567317
348,365.6328549100579
380,416.8994261558392
293,411.2562849481819
289,277.90416095121446
221,271.9387295500096
184,207.06876504321224
166,207.82906757962127
173,199.01439705087296
110,151.18668414924798
135,177.36800206340533
176,197.2529483118522
179,242.12297088166778
236,255.85082493276462
280,284.530301266993
275,316.11641965468675
264,310.20465772396955
280,296.9616546045818
280,308.9241649887988
358,314.33061813426303
353,391.4195608468269
399,399.49471497737943
374,441.581828457292
410,400.69546968046507
354,408.82492327458874
381,377.08624550364635
428,432.5944547002669
383,437.22440164510385
413,358.6119012471008
297,355.18210013319884
260,247.9503683172121
294,261.0927581436779
274,255.58485797590916
152,156.61782400031254
158,150.88344784120252
173,162.53605552815554
169,193.22949349726704
227,232.77702378756607
276,282.3934814540308
313,297.1883818996345
292,304.78331977833466
354,299.83945899798175
353,331.71191227227456
333,357.5587129761368
346,346.73189084135873
325,371.1594312532723
316,337.57724566245616
317,314.4608940032947
290,304.73675005363583
264,293.5833178138527
233,276.40090212933484
170,212.78730758011443
634,528.101116245435
632,414.2696310875321
573,356.9781392425082
399,284.0080246858883
286,194.58181296712633
161,131.37835034759252
140,132.9973642081547
165,175.33297988914381
194,196.54189204999705
238,235.55166435456343
230,270.7856801163204
269,269.1559819416592
258,278.0125436344369
274,269.52725736743713
285,292.4695252315136
273,295.47785311904534
310,315.6768413259315
305,345.63349754172856
387,370.9829836509503
458,438.26683942284683
512,493.3222317128856
529,539.5858789096659
564,557.3744656618452
485,547.5524402618448
549,471.2687160800852
785,473.03164516456286
196,479.9957692971815
138,176.19657005621733
128,130.6581573368871
91,103.93056583143678
105,115.26157154713256
137,132.86332264576197
139,180.24646150827098
186,200.30401842858268
228,245.4130434290431
258,268.00121231194123
215,274.2267822101233
250,243.2880349277897
235,270.59431126902336
227,256.8886174095679
267,252.90099499984393
317,291.19697848567404
338,328.5932496506793
313,317.663208441011
286,318.01188339551
259,288.18314056388886
279,276.63418367391427
194,236.06902395654495
95,134.52784229742414
77,64.46423298853374
52,49.31703362921808
42,43.27095871018949
59,64.92419121235565
92,81.13756276768962
154,125.39503243214745
202,183.35012125153523
219,245.57879442631946
217,218.2326260526242
233,218.16987060771476
211,225.97189968787842
205,211.29123005500932
215,211.57506489872966
233,217.41322062478125
266,234.0880366652639
248,260.29705198371215
242,275.5960804402716
313,264.86302942778804
265,309.98016118296795
251,245.63970565527853
185,231.26369402980626
246,205.570234165652
154,187.37066707275804
98,103.75276935146064
52,56.12068792123621
34,37.6037998777238
31,33.37742439247875
75,57.60264090974319
103,95.26754445581582
136,152.44745785363878
178,198.0772581817702
224,220.70401103892058
231,230.46044274522285
228,228.35709649109185
238,220.18514773429925
205,219.4925002196964
250,205.7767110174859
225,254.4255494937986
247,226.75848953432433
242,250.8402324280909
313,274.188671529791
332,338.79851551675046
334,294.13433606124386
318,294.9902346671061
287,267.6486554466702
366,277.319563617644
248,232.6274490733977
151,135.3534705344438
93,80.61902168888801
61,48.759478049169246
45,45.08896476412683
71,63.76793161050639
103,87.53960757929599
165,142.58076083749165
193,204.6439805385583
225,215.93883886224947
250,242.38873088217187
255,234.72014057129758
233,234.65643165888906
191,233.82363124624646
226,213.4364971809431
242,240.71367378205474
220,238.21362889838304
259,245.55581512906323
291,302.14119933150903
283,325.9070134212846
302,292.1124611605816
255,300.2330735336637
288,275.34955001562787
263,314.48523232291615
225,233.86864125718404
144,160.48807522077863
67,84.36164529339628
50,51.81950929957173
42,47.649903331721376
79,62.839298631109045
100,104.89204962552698
162,142.12996163870747
212,213.03716998682808
260,232.88570824549416
258,261.20138720047044
248,261.5410855590921
247,243.38798702327543
208,232.17683116041368
243,227.75690898391275
231,258.1871086750792
240,241.14087958322358
261,268.9729040784635
281,304.93331703465316
331,319.69575135227694
457,334.4401623317569
292,396.2119886191751
271,308.2838702639102
337,300.3321321650864
282,269.65303991797396
172,189.42966596204928
110,110.21137104176394
71,71.1616598402679
47,58.88417740850142
80,76.69386874355604
96,101.57122469538915
146,136.77578195138088
205,205.05201454435002
226,252.40649502366614
266,247.98014470048562
251,257.48443353562214
264,259.4123292263352
245,254.33754984110772
261,258.0821307467134
262,270.9954560931681
254,267.5426885867155
324,296.4022906080685
358,376.57304420415613
386,407.45323084977395
368,447.2430027618715
366,404.8330752750389
321,388.1016100875795
343,388.9534392173828
417,372.66651602250033
293,351.14817384796805
263,213.26272533802918
148,158.30020559236337
103,144.4221467256481
90,115.73905680807819
93,99.66841381284866
104,113.69319965298496
141,154.86698516788672
191,186.95823036407086
212,236.8973205351986
260,249.01931313601287
241,278.16866930571285
275,260.53537033748506
261,277.2183753392761
292,278.94208872450105
253,289.1229468611996
302,289.67336213315644
321,331.42543775169736
402,382.9064499286489
436,429.409196052817
400,451.80043560447467
385,414.2817825386377
476,429.63538076455404
538,483.4821554453325
517,456.8237380926937
340,407.0885698904267
162,243.53080953518244
140,142.38736616445783
122,111.04644013092206
99,94.88060221952095
95,110.13311820630963
146,124.92115456508658
162,164.6642364451003
218,208.91347801971966
257,257.93938117173326
298,266.03000128519415
271,290.6674324052065
318,269.63353079682514
372,301.949546473909
382,334.84142386939595
334,353.9001330337427
354,338.42874878497236
347,356.9056201674451
311,321.64483184508083
245,293.3963486884339
275,249.54102227169315
278,276.7457244087791
176,214.45660367567922
117,121.4289434808311
70,71.65481229830999
36,48.150864497655675
39,39.16597738707538
64,59.836136412525704
80,92.57294458873483
160,127.65159830759116
209,201.726612387365
218,232.84033345679433
231,217.83388831212844
229,223.83733545805222
236,222.69619250098398
266,220.99055677008533
238,252.17231444905914
258,236.33319802660975
264,252.83699881092136
254,264.3617320808061
301,269.0319293361015
360,315.7111072641889
254,318.2322436892763
303,243.4183281558542
233,262.8842610522644
274,236.40468488795142
222,187.4578914748317
121,144.99931265662187
60,75.94433391959731
46,44.57821626290222
55,39.578406391208794
61,61.449899756428316
98,86.41179518086831
131,132.13411638382323
195,167.10149935932156
215,223.1221950417571
249,231.40403301297073
304,248.6135375288467
269,301.04172361274533
284,268.05248347909
252,287.4815593168566
248,265.98312682972
256,253.996501505255
313,273.9087052938163
359,345.0525823234231
375,380.3287760822441
318,346.1313425489746
273,308.76747090805134
227,262.5453887809167
292,231.36510996528804
195,243.0034561900563
132,129.1358574202274
68,82.05661594264728
52,48.07204857782503
32,47.48232888117742
64,62.69069734271344
101,86.85928478411714
163,143.2800652708607
219,209.4438162074428
193,231.67831801240374
243,234.7823598212298
261,259.42627418996994
241,245.41290090245545
231,250.96132073430243
229,240.48093973307024
265,246.59024341550673
225,255.66656893341553
245,268.9022732413636
324,307.055514168215
302,350.88708339787456
316,306.6471368731082
255,294.3844952975933
238,265.84939241503866
269,273.46107362093846
193,217.12540644146188
130,142.9888122759224
69,75.75089690799552
40,51.0117714421989
56,40.693066406441744
89,72.95183774806122
84,103.83520375626986
153,144.56357851233759
200,214.84742695009805
239,229.44666199754437
249,248.40861171907187
262,252.9532093700441
284,250.68728831645848
248,265.63228309835364
216,250.62539133192826
259,238.91915341937403
242,251.20821572966318
262,267.55210707537327
312,309.74227110556615
368,344.0227079870286
328,373.658443097647
317,295.0586669264432
259,306.27357316312595
331,289.7530468133591
259,269.12532450993285
186,177.7202221336932
115,117.46364886487234
65,70.16467216030695
55,60.816817681372775
80,82.09296425734082
108,95.50470917803051
169,140.1418071520221
214,211.67154339640925
231,243.8303099922543
234,246.92972455014453
266,246.86329660216407
243,274.0710427177086
227,251.42801058894605
236,243.73353800801974
267,260.06835512558087
272,270.029332609777
283,307.35248489607795
356,348.11989432885434
359,409.45506948502634
412,396.0151549465841
331,399.52979911014444
371,339.84136348652794
443,414.2196659687251
424,451.6707159890952
354,372.4049421635722
310,269.6009262619051
197,204.26487778562745
123,135.15954120905116
95,99.46092637427614
75,93.3795843011675
103,110.26775434202608
132,153.56713511086787
189,184.20010660992168
236,229.03655689801562
287,268.7525826627655
244,288.26952101262594
230,259.4287100320472
249,250.81480192212607
272,272.4365480246031
301,281.75244414799465
363,315.0663376140242
358,373.7827634833763
440,395.6909729688126
462,458.2451194803402
554,472.36247669344056
448,515.3054323242179
565,514.755047588985
594,535.6839220153859
483,519.7145360419341
344,402.1768893414194
223,223.49982984187045
139,149.41307147511304
118,115.19136967646911
88,90.75931742411963
98,102.59856079361253
134,128.6174636145508
152,166.18128197388737
230,209.1549510209919
287,268.2336218056791
298,283.03154935937863
284,282.0980974427692
320,277.9306865024613
291,315.3144731441614
277,296.601771232068
339,297.42499311655206
391,353.8942210093642
395,381.86496485989045
303,358.1786802894451
323,288.3893548280116
290,302.8131768200859
279,283.1339718948633
210,214.8199251789089
114,131.93151467906378
87,67.99568885403977
61,50.35411535192815
37,44.85087549471407
54,62.69980929487082
95,89.44375078015742
136,153.54417810693465
168,198.5681301890834
185,212.26574371257624
231,212.43654243380155
286,226.07993816280793
254,264.38240245152616
221,234.61144141300971
234,226.45173767385805
246,240.2217211488208
256,252.29508593219202
284,260.26909153663615
302,292.84340886452424
326,337.3679725044796
272,290.98942776864453
251,277.7755097765473
266,233.14228808241086
258,261.8612996264678
151,201.66455945687076
95,107.59687129192098
48,57.5391669430506
44,37.580847883666316
35,33.608566625973204
59,58.15469313362384
105,96.45961187038546
166,143.5121052424906
197,200.9674496329082
213,221.81651474293088
239,232.96622204431173
251,246.15998594398528
225,245.55393790557363
219,225.23500536790365
247,238.19290694465667
258,256.86455483406075
235,260.37014861173435
226,264.6105096872922
301,282.9338009209025
281,340.08106549968693
295,288.743427438716
240,278.48288475106835
250,242.59415672005417
352,275.2432724080579
207,231.8987309092155
141,132.1549081639179
63,76.08261594074851
38,47.08253181052655
38,40.34296382371848
58,62.476298596677594
99,99.49000925602598
152,165.82475708809227
176,211.38546874942074
172,208.77295555222207
301,221.1813413893595
271,262.08157736775973
241,251.49337274222933
241,235.99882743787734
230,245.86753863635346
242,259.43290020005685
234,241.0514034228829
260,249.50859921438823
272,305.9370316490264
338,299.50548085689104
341,319.2152230893358
293,299.66314528740986
256,285.4943340051408
370,285.815404091754
254,253.52385018226758
142,167.74256461761092
91,77.80720273806877
57,51.53753788850736
45,43.47074214651367
67,73.02529479619457
106,95.07227065484287
184,158.41483654080326
220,213.6138562092566
247,236.6652474808839
260,262.0327338125435
249,257.09599444663087
235,255.5763426711033
233,243.46793472842435
223,241.92819211794045
254,247.6978703393412
253,250.55978620132322
316,271.7533842430197
334,329.1538892698052
375,361.55669717700084
387,375.37339340396403
292,344.7213179709245
311,282.5554346565733
319,346.08867787313267
305,285.1171689192427
212,206.2928447867018
112,129.70743164623923
66,73.50383401184281
66,55.99485275710459
79,80.1301838426739
95,99.69551664294913
164,153.84728632357923
204,212.3541975022723
252,237.62400332629775
244,252.42797830758337
263,253.597408714979
249,259.3125726178682
288,251.48932113819868
244,274.89833005105197
257,265.1152787536675
290,268.44581237108173
287,317.08120502836164
346,345.58466216425927
419,397.00077902687724
433,439.9186758016602
375,397.09569116314293
368,378.5375331131678
419,427.81661891510686
430,444.50364217733255
426,367.60796681049703
282,307.3448099981078
264,202.75647304520695
231,166.73002924321037
174,123.69483053629092
119,108.03982188992613
120,114.51585660727073
182,146.06384603218754
169,203.99088692911815
245,220.744937269511
268,272.75576792393207
247,272.57815465724264
278,265.1584105774488
304,279.23101076661607
306,298.5303915307662
558,309.0375521953906
338,466.82968820277085
339,363.0797898308983
465,391.8584134711665
459,480.72609854410535
473,487.06628056873944
471,473.9238438705218
469,530.6044325411957
479,485.73074406449774
465,456.34793268685155
293,361.83215750515234
223,225.05982117529376
155,168.5176690250452
116,129.98484926032225
99,98.31400651684231
104,105.5876044617811
136,137.37413580395332
153,158.1101896513927
225,212.8163835435911
269,261.4587264152977
316,287.57071162983027
319,301.4449482267955
325,317.74793470499895
327,309.7686105811456
319,316.98801615598506
338,327.7114139971881
317,351.5445359923012
393,334.4587313963997
325,352.18696895576045
285,301.3760602234428
295,282.8912106123553
290,287.13185800981705
201,222.28083661586822
115,122.62209595270744
75,72.42419621625791
45,48.97058473520762
48,38.33507016522394
87,61.416485603396055
105,97.23160126049345
164,153.22025319336623
219,205.09139692872202
228,238.02606153122278
247,229.27615066172228
275,229.20182626624427
251,255.20527665312457
236,235.79207693550325
230,238.03309870694295
247,243.5635656508366
237,253.99495065859486
239,250.21305523363287
293,282.3426383099068
331,313.7338593854198
263,294.5016537098273
238,247.38445209109193
198,230.74364741178513
254,219.06769396652777
181,187.35985135191243
120,109.04901041678093
62,62.942941116383594
49,42.25767218114015
62,38.60133057750573
75,66.79881197027342
92,101.97028980919757
150,149.06294524430714
207,211.3783967877599
253,230.52562200616066
270,245.34552752924552
269,255.1011017273439
261,252.2864913706875
233,242.68452678844665
263,243.3696425134644
252,263.81477437081094
278,251.27273477273005
325,273.36568971253024
349,347.589884562572
399,358.60589013588907
412,347.6758863104507
315,346.9857529770424
321,277.95838827093723
405,331.477055851471
219,251.72627455704503
141,139.04955252916037
94,75.44969599418758
61,55.58919351080513
69,45.19190956747088
82,69.06168715256229
94,100.06626398487964
138,156.03516903386873
223,200.444160162935
256,238.3230392950776
307,261.79689116507325
280,276.0629204171446
268,267.7087643141655
252,253.21066459407655
269,252.22769494716027
255,267.7938377335176
247,253.9917761948082
244,279.1762522808113
301,301.31774641066994
350,331.14617213113974
409,346.9226870183777
355,356.5637397129918
263,331.5848677074864
300,305.23132026207566
246,246.5241060753419
183,186.6006024687945
128,119.10953366010942
89,84.27157384361489
78,71.31164009376371
79,84.6195667435458
82,100.14392495383615
104,114.77122288049524
115,158.300628168712
127,159.89325521156363
175,170.28968620708548
177,222.2548372153787
210,210.51442874268068
219,237.82986017058897
260,239.1836335726984
332,279.2382355880384
356,328.78756502236905
409,356.76396071966826
469,385.685757840574
431,453.0149388778934
442,465.6079328317475
440,409.0770256331945
523,395.40921763404486
559,434.73711042095357
544,382.38198879745636
377,337.5664485407091
221,173.3898608232999
152,124.52509343828626
90,91.92799348669342
77,87.89884836121819
74,95.51640872849549
109,140.65219129640877
124,167.99002348595351
147,178.75480440070496
179,186.65974304051673
246,208.1949540543415
227,243.60477273067983
235,238.54157117128238
223,249.5061522134822
236,258.87904916772044
224,266.28895089967773
245,269.56780839634666
226,325.0098813161319
248,307.03056205006334
246,308.9924353579785
194,287.2920456074621
270,239.40341971194962
285,354.23872699935254
277,354.29169756286404
204,248.6288663386745
181,173.01259755934632
121,160.1996627088146
76,111.36788703148767
70,83.55187275770531
70,80.29583307480061
89,95.58289552861638
93,118.68203380308528
130,135.90281210127864
171,184.80024268287357
172,227.6164470635419
208,215.9314304749697
198,240.6206649733575
217,230.32949402075562
202,245.1350103921956
185,213.38727998938558
241,234.96623689023454
290,281.9706926962619
342,332.15801200178777
373,369.7851808817483
353,392.7585949279584
357,382.19482444576926
399,400.41105634580794
363,418.7260423454364
275,312.4959540452809
199,221.82051963124667
117,163.98641916592473
87,96.0473106922545
93,89.56454033761383
75,87.24860485802996
89,94.10299830165813
126,107.69051518973998
148,144.17209011086143
200,198.72489549437296
276,237.19000604151762
295,289.6500832603272
290,285.12480701384106
313,284.23386643858913
309,298.48152613855643
251,293.2341288367978
308,263.21149352682227
307,319.2059144553993
321,329.25261048995804
262,307.97444271832944
253,265.1550359408068
260,265.7284305690712
234,269.84449594500643
164,202.19616404140834
1327,1078.7392617680277
1143,1097.5366936282383
1054,915.0261788390369
1120,753.8497632740025
1029,635.7955410751255
394,467.5167409492539
267,272.6946462456049
194,229.01751087672676
163,190.05727577408558
180,189.37092077896023
198,196.42845787924958
201,203.97326263591506
213,210.46829976825774
216,230.63136583442463
229,235.15234541114543
260,256.09262999360277
257,284.93176589047465
316,305.4538259203609
359,375.9297479915365
453,427.2137271972147
546,492.1481698409599
551,580.9908134355337
696,667.7827885205356
842,800.603349235934
1108,933.438276495738
2092,1180.770172026659
730,1053.6040060207542
658,659.557713035377
370,446.76441039167315
190,221.98893722692097
125,161.5510801897829
122,137.6278820685103
152,145.83749588318108
157,177.29026283881367
191,183.39579891130788
162,197.69011768913072
199,188.56025880445776
168,202.07612688398822
199,196.4411695996617
220,219.7862753196023
223,235.85160008256992
248,250.74872083350033
266,272.5048774507586
268,291.65948492415856
269,287.04666822411866
286,282.49375707545073
260,334.25010958372224
258,271.52607103253666
182,194.36692291674512
127,123.70306476747841
98,99.22155036215325
92,84.66847101867023
104,83.87648474081087
92,85.80423043567204
116,110.53980181834574
131,128.23285704591243
155,161.33352591937614
147,150.0810651272902
158,139.472609815358
113,140.79059361281352
121,125.21985220430011
132,136.01115439475728
144,139.99212593870234
166,156.60213278533064
171,168.95105480248117
182,194.54232354912608
186,207.92274972473925
244,196.40043304351803
179,209.51347695822503
204,188.8453597531753
204,202.75504908543576
199,194.73025174926434
145,145.6186958671119
84,104.26811269289273
44,68.13375377197754
58,51.52545924277446
70,67.25112170069548
83,77.20911137430812
82,100.16298835922117
99,117.33499902186655
159,145.06611568982206
134,150.68217123481452
122,124.09413683189864
127,120.3887515338603
130,124.64193287197757
130,142.88873825270355
127,142.89228835685051
153,136.21079354548152
171,162.9483629975345
179,195.33080318239905
207,205.93936979555923
199,213.3612447358866
231,203.45197732684056
236,233.0703490682754
336,252.2042763699616
354,287.3360168251666
273,233.3065166633958
168,160.92355234576027
104,106.87626958323929
83,72.09358891713364
94,80.325908346327
89,91.28500055076974
120,92.0328481132043
131,126.75473595370661
137,166.1042284549909
167,140.0344498207657
128,140.0297127264485
112,128.97862534549253
139,126.56032542701178
148,140.84199200083685
124,150.1915894354413
165,148.76017573370217
172,176.86783420637474
162,198.89899344918345
207,210.09230381122308
210,214.61928360392864
180,231.1624116412843
259,225.40317960688952
264,329.4315038177384
255,309.55474642588246
173,246.38721780346393
136,139.99133063658886
86,105.22686950907641
72,88.77946674057415
84,91.61146199679034
82,94.77730954119627
84,106.97127803400969
138,125.53709564839129
141,166.85961243169413
143,159.26647079309086
136,138.44185128504418
139,133.66878605358085
117,146.7125322771457
154,145.7393414986692
171,158.83672980596072
149,173.81588604128126
208,171.8774618648739
236,230.32743137571111
245,257.9759505572528
307,258.7580814835727
248,291.9806648500046
283,295.8846403651133
313,344.9577965408514
340,345.3317185884295
280,305.17500297707153
215,228.44548090110786
184,172.15116486796015
107,171.18194917321927
120,126.26805976620909
104,102.67831437836851
121,103.94599331929732
160,143.85242947688727
166,170.92305147510595
168,161.90846580113268
140,156.53039229389458
166,149.97487718323322
154,162.05771200011915
161,172.38713821336773
190,181.060560795975
186,205.72016478179387
223,221.47234901464563
275,265.44126235467434
274,326.03560501044126
317,357.84844595434623
340,386.53120777257936
344,422.1982517239712
484,477.14221903897425
712,551.1204088809899
762,763.7406420760515
818,793.5505471709054
634,761.411640722688
479,509.2312490720444
288,268.6134181530679
135,176.66583625801923
109,139.6124480316925
133,148.43031456268395
140,159.04012472990834
166,172.41895859599285
184,183.39801501813113
217,194.27903167944206
209,218.28602141472774
238,217.62994805220876
234,242.8706750916352
255,252.09574089644693
296,271.5837618848852
320,331.74808640313086
377,359.9139445942932
384,426.8147188796993
386,431.62131379159206
419,461.0835810647886
578,543.7913648033344
663,703.1026321235905
823,783.5737019753727
880,892.776201563895
778,698.9474646039381
700,613.4720562741893
370,395.7034106118755
142,194.73337127927266
125,124.28472120304382
119,128.1671700936356
155,139.18620052484056
149,170.10616980191074
179,180.9802020558194
226,190.75074160036672
185,216.70954943171512
207,192.64373607323463
309,215.25633501143784
285,285.3163753198911
267,283.61506705427655
296,273.97394802830223
269,300.7927765249937
278,283.9420755780051
238,285.6724805568686
291,264.1400744976136
269,289.3190657593193
288,260.95580451158145
211,211.9271032116232
125,147.04121382793795
91,89.02353093193372
67,82.02014462052165
86,82.1634898847495
84,91.51224347873486
112,115.44034948121451
130,131.44403161236718
163,161.83690062873302
146,153.474750305901
122,140.70318881185872
115,120.6300441248509
131,124.96622296350252
189,134.38787512511507
141,179.04383897133815
178,154.95003631455296
179,182.75185756482193
213,196.04312453984613
212,214.05573894315415
203,212.0601931879031
220,184.5293450311254
236,217.61909212597047
211,223.5843003948797
259,201.23545008863812
164,215.86523498017854
104,117.57317750027208
86,81.26518309451733
65,72.56714174771462
74,73.05802900140102
67,76.80751141059962
97,83.36234564062903
119,106.17546723866329
133,134.85358746167034
140,144.32994164620783
147,134.86184608353426
149,143.53814550206147
177,144.8840426757241
148,167.11068937990748
142,151.24120762018777
160,146.53716554410855
187,174.1054795036599
203,209.51876582706342
233,218.2505276720157
235,231.58810358535914
233,232.78648365767637
259,246.28538059536814
291,266.85170684326147
266,296.04623723058376
178,211.6487781352403
115,133.97124918059276
87,90.13057753212304
60,67.91959366170474
84,77.92541188278211
75,86.79739013996937
114,94.83792047015723
139,128.4901227917385
158,156.7714860327052
152,150.45221746016279
121,137.48418955372927
103,128.35821893906825
146,126.0879294217783
135,149.2694359226536
163,148.3442927554005
191,168.16862845147247
180,192.88675146916253
220,201.16611865727526
217,233.54493830380522
221,220.25858565881776
203,224.82282919925353
266,252.73945637899845
279,315.2798480132412
240,277.0553369647447
178,200.50032309260703
119,133.4434661209271
93,91.70261634890647
80,85.844253268856
94,89.80875332065973
93,89.49279756895424
117,100.12772686611409
148,135.24688746807558
159,164.88408156377326
180,157.0422067155694
191,148.02487877847378
197,156.0602722171828
184,169.61100304934666
217,169.69496512010608
164,204.389242580158
192,172.8438235585313
204,205.74125270391596
215,240.16072512671147
226,246.17325550322795
257,250.29479078890276
274,253.1248998477101
264,309.6294026333781
327,322.37629592462974
366,347.56078429264977
385,325.7407537286598
299,268.20120142492215
204,203.72286913150177
173,144.36389450453154
144,135.89494643034766
96,111.18562878091377
123,111.980725334981
152,153.26985349688584
163,170.68908273360847
249,170.2310105600544
227,211.99126013626207
187,207.72783847621486
155,184.6021053211877
179,173.45936525523933
195,188.51723779394368
193,206.61993013797274
270,219.24573248086534
287,296.80823878418397
294,320.9104565091441
381,342.9937876230407
452,410.43672598142643
397,488.1319438419609
519,507.8768793394956
618,667.2005278193964
683,740.7906393463591
741,713.5392247161634
664,668.9547396461053
567,521.0537711495203
374,316.62427307197584
138,172.07577445562234
114,135.95262600102495
122,141.12531293575165
146,153.18816653608874
156,186.59724445532188
218,197.6133834664641
216,223.40376311810445
199,216.00280774853005
222,222.5120772325223
257,235.25192487480976
252,263.5972238191638
261,280.71818146481564
339,313.9208231119267
366,383.0089056661299
434,421.94374685367404
469,481.4195949902922
430,551.4384104749871
593,573.8398648944781
694,701.8897865268793
922,791.7473852116343
760,867.6884163569503
668,700.2511520562273
535,585.3658275604097
295,349.162604959549
204,181.35076610803716
144,154.67961637852153
138,132.43442553209695
133,150.52908101020228
182,156.30497321844834
167,203.38373030190402
175,188.06948951534758
213,192.06631076617157
193,208.66653354258037
207,218.0043632695657
259,224.3889785100911
264,257.9706273700678
284,280.3181989178024
308,292.7808408339405
324,301.345955205143
300,308.41345659252806
363,307.40328584369917
345,349.40493507146647
278,318.36065417583126
191,208.469644541718
146,128.0073657408396
91,101.81861608845331
78,79.71249704236854
97,84.68093323363586
74,92.89282379079066
128,116.07969362693262
131,146.13304388060985
149,157.46589921416478
152,150.96387476052217
143,130.809351333485
131,127.36929941464321
151,132.76898356499473
137,152.94081088781516
160,145.42616346114508
160,167.70250693675507
166,175.53078352558344
206,189.80326080291286
219,217.8478272004808
228,217.05487083217804
210,206.41768820261314
230,217.91252044938
239,229.65297155851394
260,219.60703535563505
175,180.66084769695956
103,113.54483136194358
66,68.68679174841617
43,58.90501510496583
62,68.77304780865943
83,73.67188152112591
108,101.20360593452484
125,126.71703728983898
147,149.9088734328322
155,144.86558243781542
137,132.82176332461802
119,132.54808475239275
136,135.53121887345097
130,144.37295438328576
162,143.99735746547375
181,164.3135135719228
176,182.2776159472153
189,202.3393827917544
227,216.43855496231248
220,234.23300879889803
203,227.73506637950166
244,237.15114771079394
239,287.73449636142976
226,274.01292950271085
174,177.67325802722453
144,124.08792052265348
76,99.1536149173878
80,57.77162234783052
81,81.29405721081724
84,87.65595572330714
135,113.0705517289623
123,142.6936049395504
182,154.95421090322242
177,168.64933194177667
152,145.43918353304053
138,133.48601146959356
142,144.1108175165788
139,141.88983850066506
140,156.7013434144602
188,164.08781724921616
225,191.10638646730047
229,227.6046290800393
248,242.97315180074418
271,239.46093881075637
225,239.8399991178783
263,263.5379105852326
287,293.2740068150523
299,272.7710144345493
209,211.9002750214017
145,145.94982228722367
120,98.50184939816
91,89.12544693810163
90,92.54154748698046
101,92.78384419092761
143,117.41307561645151
142,149.54501830338793
148,166.9175674616838
147,166.10099903585393
149,150.09052209993516
129,152.21469093141894
148,158.11307230483024
153,170.6703905434112
151,163.7208313138105
159,180.62132039034506
218,198.29007464822757
243,247.76210396348117
273,266.3550099034841
307,293.0836665282969
400,295.55634681777184
362,379.1469611226984
345,370.26107410283686
366,348.3812604870098
312,330.0782351634729
259,272.9642976264338
176,198.36979135798398
159,153.91204925513634
119,137.35403252370352
115,106.27742281792692
145,130.66708693178987
148,157.64915945485953
213,162.50982954900545
166,195.9163355056851
152,162.04294253974223
138,158.87025309408565
152,156.09588146625882
184,167.06651166619469
202,191.63197891376214
196,199.7047450375757
228,238.26869258973912
269,280.04872422051614
337,317.07571907503905
382,385.20481275313153
407,446.46416004018147
488,450.5912474065523
792,582.4288715651317
711,854.0718712592068
700,765.1684028839367
779,730.8577343685021
609,668.2098271083814
486,518.82134044397
360,314.6519375706473
145,170.04036118687
136,129.2214829214524
155,140.45273962685968
175,165.00835125764374
173,182.7508648316858
216,193.50359460565824
197,225.6301343893537
237,204.41920304834903
200,237.54709333724293
254,228.37369160741713
262,263.37048835032175
290,279.93261989755086
360,325.9628660292279
362,395.6495783359154
416,425.59446720229454
432,475.1551034642494
467,487.087194430439
530,634.9710735527892
616,654.9103816975586
684,709.3929374074116
746,758.0360659553502
681,671.0851650837429
585,565.1766350123283
384,340.2367037210494
154,205.7526550864636
171,138.02561916964194
140,148.61391951996265
143,152.79151139364592
177,165.64384873982073
179,194.29832179295417
165,187.22708038106308
212,188.47509461072855
214,205.97880108263288
252,218.7407386894975
208,258.3219603988219
267,238.4102048967093
294,288.718422575519
306,301.25481160961584
344,303.7445994884491
348,325.82070618631883
316,350.04469883328994
329,323.1907670605658
290,304.6854724325333
198,206.42874546142676
129,130.70961604213326
111,91.5508172968817
110,80.4924962346904
122,97.17213043502986
108,93.39468618564133
129,126.43709603525737
137,147.64804231656422
172,163.41813688414177
186,162.3544928718891
144,157.67893389246302
133,130.4336529840393
118,134.32525803603534
143,133.72057145821918
168,150.05318840522506
177,169.7239167907663
191,178.68178801233202
213,211.8933592531041
223,223.1060240598516
221,223.60130568823095
167,215.5622213917022
172,197.38618657897143
192,193.60732032959467
177,201.76597051151379
138,141.69856986345923
82,99.18433477656566
55,65.23499371051692
71,56.77251455102985
107,72.22340466350636
101,90.02030969599649
118,107.7158847576109
125,129.46622708336605
173,153.27669122044185
167,162.76342607772975
154,143.19937673508377
140,138.6467676878278
171,133.68934492898975
158,154.58193148288078
185,159.2103984200546
233,178.4543701156311
233,222.29094777043383
250,237.66980730307318
290,254.54793355160191
314,261.2384652063114
269,271.0952502144334
270,257.09464201816047
291,284.37648271814624
251,261.41471079971205
171,178.93251185285243
128,126.99686815483163
79,85.60015119725794
88,74.69993884381257
105,89.38184738889856
92,92.39778935518024
121,120.54081837839705
159,137.84026665869706
187,174.81420696036247
175,174.55867356061623
144,147.63368431470107
159,133.69625845558815
191,157.90751784917816
191,174.97848392676403
177,179.94120374593882
191,196.27021340209205
226,205.98236960116623
241,253.5198880257512
248,262.67000206757996
348,263.89540557167385
269,306.5048716420666
232,296.13455432567883
247,284.0914681428019
283,265.67252600719087
271,231.61356285270622
282,207.91477423017633
226,184.63409132954126
219,158.83146808347942
163,146.81467171562534
112,122.4896136832331
128,112.63626122650447
85,138.29251440586881
109,122.21596462493116
102,138.3905682335829
143,127.92139661446349
133,156.0861845296039
164,157.37722340759103
214,179.19026059325404
236,210.23835561441481
298,239.75215381740833
319,309.4003225236402
312,315.4594459191983
320,324.84019378915997
293,359.75011251206314
284,303.82950082627485
333,303.52872545363994
383,350.6854440118517
387,380.42617420702527
312,335.5828490630987
246,279.53148109011386
157,207.1155633931825
144,158.3856585426245
115,133.76058611782108
71,110.44187309084548
86,119.54209344538216
113,120.71374670786572
104,147.52923494506433
102,130.5634905507534
128,136.41543867808446
121,147.04347714631925
110,153.25241594917404
146,160.7793666865663
147,185.94842442883737
149,185.09861982495437
199,202.65526427900144
194,266.715518436861
223,270.4629183862139
230,277.5536856192614
225,288.3380301937499
268,310.16943579154815
309,389.3166770885416
361,398.242887601337
386,435.7278880044562
340,429.67582757030846
318,338.75938093457603
260,315.6920791385766
189,244.02242563607234
80,126.87728868788611
73,97.10699269700989
89,98.89931028898953
100,113.48593810392454
126,129.79140547601392
132,162.51736254692057
135,162.12100714889064
142,146.6669418008019
179,168.31788032950433
168,203.49085186437028
177,195.29582498253762
186,210.12080526041643
240,241.0040567010271
268,287.639850429646
291,313.477678151999
290,320.03600932971693
299,339.0248956505313
423,383.2368336182316
510,517.4916009579807
535,615.9462070795156
541,574.5992926707252
467,460.02485040116676
460,392.0851404804505
284,304.81227675967835
167,148.23301914688852
102,128.94184663937165
95,112.20461356002774
83,117.06861180154236
126,119.2997893654691
147,154.25796184937764
183,157.98453186284343
169,189.1835216410706
225,180.9232919009792
213,228.21227702894288
203,218.7939902382306
204,222.63351449007442
245,240.76773101605175
260,276.3634322716953
247,285.75185422187036
262,270.6511885723478
222,297.1851474906345
264,263.60046660092013
229,268.64853825525785
1816,1153.3917869075383
1640,1168.5622016596449
1588,970.3697211912415
1525,965.5211309078377
1250,764.2820468603063
721,766.8349699370249
484,386.3467916495459
421,385.9164477963781
378,367.5063105524293
372,349.6514161107876
364,374.99778283019356
389,370.18621835405486
357,398.69283102880496
382,360.00045627325176
398,386.1669507423536
370,394.4327613097807
405,405.33570735423024
398,448.97479718906607
518,488.25161409216344
657,600.8978321025671
705,682.0037262154235
756,763.5261007061696
913,868.8829397805137
952,1015.2681823219581
1198,1076.1200757072068
2459,1282.3805656705142
961,1157.3277008605903
684,878.8025331521588
455,512.2680314841888
309,351.28188253061114
293,327.94172800526826
308,325.62581987991484
304,319.69910369067804
327,358.2433038660893
349,363.4097362566575
397,367.38894756553515
339,394.81931109952876
300,348.0112569616638
344,321.96327512473357
331,343.95706136832626
355,344.2585829514802
366,371.954594097009
351,381.50201398015224
382,361.0529357049536
355,391.0453841014477
390,378.5628992801496
399,404.0524765934754
349,363.20565437141823
290,274.45354774638884
173,195.3220781578188
104,117.77120846954946
138,111.12784383484912
124,134.93657744598562
153,160.33919255243518
215,205.08258901590773
271,255.23715790764038
288,309.38483630019107
244,256.13693146449594
230,220.69128791115043
208,210.62187848100092
200,204.40667774770793
230,204.6247744186145
205,231.1690551835533
248,222.36142050586258
237,259.243374716153
270,265.25324431757883
304,287.6820860602353
274,287.6001617282834
241,256.434063280533
253,241.05200622487752
239,259.6984062640664
206,222.14301368304163
163,166.85219484817674
107,110.90415074343852
104,77.4865740447406
93,94.09848453780985
120,106.11306958774114
140,136.11191526549743
167,190.00376678306145
208,242.9333805063833
238,282.6039958105472
240,232.87610657906208
228,210.06918919373697
222,207.62269446299882
182,205.98302492338348
230,202.0803349238447
192,230.69275879427238
220,220.32297265719185
236,237.3043926336995
276,273.55622106921805
321,306.79604567014786
373,318.515307980251
307,339.5869058233276
305,296.39205618054086
407,305.25257342734415
413,317.1494799066537
323,260.18559274256717
220,183.85186691100947
129,138.34455182315875
100,101.36247535709822
129,113.30771949997927
158,139.12817145557625
190,193.63250211214225
246,237.10285423659028
267,287.6619374097741
246,247.0139274479523
193,220.12987130583824
205,205.4690736647578
187,201.1262105273073
199,212.9592135832963
240,211.6851517936244
247,233.85903478060928
255,261.2458916157814
268,300.52230267269175
334,311.74602954497175
323,347.5391553570482
292,328.2706800774519
302,336.244722409002
317,364.59097052706596
297,330.95273660867934
204,272.4620614004051
141,172.0495756251919
100,119.93248775771164
102,104.57538792963588
121,132.35928193444695
155,154.07482443372226
216,201.7753729620041
284,271.04207048077353
285,324.9555581077669
259,269.08749867426855
213,237.11242545225718
235,210.42307791343129
241,229.15870816243222
238,237.21303419527493
244,258.62753803934163
231,266.2031249551209
282,265.2343042531656
354,320.7513441002624
404,402.1197139433288
400,390.81488977038
344,386.1420397076621
357,389.035607012409
406,427.904738417654
439,422.7335977036379
373,358.1254444017722
330,292.1359573750719
189,221.0841570225888
164,166.8010788582265
164,169.24457914632376
151,170.0498017530289
209,210.42247084798353
288,285.950306843611
298,322.65192566785004
264,285.1655381884267
268,249.33831160777657
221,259.84365885489774
281,245.99377124509311
243,287.5775273879062
249,270.6501660081814
286,273.24481188182517
320,321.6721577197681
387,390.9534076003493
479,476.9320207741854
510,555.9396251101051
459,575.6858871595745
472,488.97028269707465
547,595.8983725755777
720,611.4241128716911
694,750.5809041020875
721,767.4520018046277
670,640.5600110140396
602,596.7691098835661
406,407.4827032940085
260,290.73660818412907
231,301.01532633335034
232,303.1136695213875
287,314.0250420068576
330,339.4897086846415
319,358.4672209962183
332,344.80827663454886
338,347.47775772280085
350,353.6917419810828
349,357.70525983936255
371,360.43115680059043
345,399.8817645662247
464,397.1408191231969
537,532.17511468812
548,610.4231053444466
517,600.3644530987341
595,603.1856638514325
657,710.1407408193946
805,779.567275313279
872,837.1975373334166
781,930.2141383672653
794,718.3097976540048
742,646.7800781017722
474,522.1017366349328
322,312.0694397933214
262,300.2418273311496
259,300.93264922927904
250,304.2127710019225
293,309.0074610214624
339,341.9610626174879
345,365.1205635918244
365,349.3583141067706
327,350.6520244766324
440,333.810444834449
389,424.9191262690094
370,374.32454227880424
382,374.4352001790763
426,400.04239773991327
382,412.6571053103932
343,370.96026350779266
341,363.2251221067269
314,369.62555558916785
336,310.17986863988386
259,262.37482061991614
156,166.43587728975953
97,113.09369133076136
104,101.08158044730834
107,130.00042155140122
164,160.41316610128976
230,214.59734294391575
252,289.2567791473743
278,288.9917744379974
231,248.59240487627244
237,213.45129849448958
201,211.97390763516555
230,200.2839107887691
243,227.66263280514585
229,237.9616228247184
212,236.93817021989793
226,239.509145948495
293,263.27964074993844
317,304.5314149022307
299,296.456465588676
267,268.5033008736709
266,255.82752840589262
312,258.8183186612268
289,246.11691012844895
213,239.02139271448456
159,152.23905517254104
137,124.79655694201695
134,119.31364148572418
194,119.92918720901233
134,158.67795039486353
188,166.846502170952
227,223.22110918354358
278,248.47486981533976
229,264.43148181985333
255,225.4174174924298
247,241.34306532901908
205,246.8811963862809
250,224.22792071672936
254,254.55997172880998
208,250.37478340074125
269,235.10821988970557
292,297.0926969567432
343,329.022367579245
349,351.07454555652697
299,327.07942603436146
262,304.818954790337
330,284.7774447275217
338,311.78635817355377
220,243.00103278133005
163,160.5620433248465
109,129.63376790084024
99,100.8977276075088
127,132.14835665969625
169,149.93449396812102
205,205.90317134903714
250,254.31866678099232
277,278.0451382906015
255,247.35423401270145
210,225.93130952298904
252,210.80719210692763
228,229.78977903610115
240,225.32375048813674
225,248.40383009229964
225,233.83671651984397
256,256.07365885646055
324,298.34862177552543
327,357.62851875298537
320,332.87694962960995
277,321.07352507314437
281,295.57038744618006
284,339.4021197907932
295,297.96060005286466
242,247.74749813459474
138,175.7109508228871
85,113.99377951445047
91,97.25155845157111
116,126.44370341598427
158,159.0312695842492
197,213.2300536417934
257,263.6004749372792
305,296.99291433280496
275,269.8126479495058
267,231.58688598633728
256,252.96637011929155
274,246.80933007779245
246,267.79434628622096
279,253.37843274936145
258,265.735003969765
284,281.98026229545354
321,346.9268489074981
407,370.8212672731335
363,402.3830115303081
344,356.07360541678133
341,371.3515965604592
425,398.1956337587055
469,437.1795601958834
384,393.23805581133604
284,301.4562005441865
197,196.87794735407883
176,158.0892371179798
186,155.67905068333968
173,160.95168674606055
247,210.2616583601737
295,304.0958505532406
289,328.8477121888234
344,273.2736875620347
299,290.5210628432773
242,283.80450594614956
283,269.3685851840031
260,280.372872133209
308,272.11945802656885
305,301.95701184572
313,326.49940641262714
409,377.94851428644984
497,497.88676125761526
580,541.0952078190304
604,580.4843475849616
493,612.6591192517784
579,624.6311783028755
758,698.1338798484992
758,818.8788483596352
766,771.1790934239019
747,706.7956850141761
637,618.0763980806025
437,410.40197234514415
303,278.7631160219853
310,274.82289083628825
300,293.77552257497064
269,306.65137017660777
329,321.65968757790824
347,343.1276415665547
355,359.84534703652685
336,352.6955395537407
376,348.1863336344291
340,382.25280384066815
362,359.2525894025953
442,388.34406194365835
467,467.9647976670109
555,532.4531246282029
586,631.699652625172
679,636.7683437817591
598,734.2870950874826
728,691.1169714828603
842,843.9432328088706
934,835.8630740127172
947,1022.2113969848477
868,876.0519771305836
695,728.6207080635551
513,500.9506038575144
339,334.782066809533
323,314.54397368201876
278,319.1262722645405
273,292.51347568753505
337,326.3982649617422
393,366.2019493471166
323,401.6210017351757
364,339.428790910502
354,352.320812975462
353,357.5099469501336
370,355.93108200399496
381,369.57260031093057
412,388.7101418142765
449,424.688012272507
442,420.957336106982
381,418.62645328198136
334,386.5548956670539
422,365.7106808086665
494,394.95376223307545
268,352.88295855881097
149,160.83743391975514
102,104.9954266819611
89,113.49250196628833
128,122.73218976828186
155,162.84955215598785
223,235.87250964173205
249,278.73496958941513
272,291.927383776052
257,249.34317242182217
211,236.71852719271342
194,199.84961724753302
236,200.26866376746256
197,237.2917795546689
231,215.00233315261696
239,237.1040224203069
268,245.36276301254972
313,292.9352058787524
286,322.1036734894133
307,278.16788687721044
324,276.8192864243567
255,293.54797347927007
296,266.53614325167194
248,279.37661069536813
174,188.26562973011858
99,116.62449370446649
100,81.63137893530349
125,102.96463973845078
108,119.45313209552164
149,135.91723729812725
213,191.7795161687147
275,248.34679365892362
281,296.4634976233542
246,252.67160184464802
206,220.10469097265226
170,205.66877868453753
217,186.14097201673763
213,220.65472011789194
221,231.18017054484017
234,228.354769677145
239,251.68201129151947
291,290.0760210602178
362,314.39298158778286
335,347.9357099274236
258,323.31707491164644
240,273.1717563464874
332,287.0251460096473
262,314.76082662836797
218,193.64505664511293
138,153.16335190406505
98,110.74727397339556
79,102.26666092290957
102,117.51273287724756
171,153.40390673678996
202,211.8884732472632
250,262.16865614945675
304,290.77462643234367
310,256.84809360985037
236,228.37928388947614
225,205.73807799542337
225,227.70509291915923
244,228.39960256401008
280,241.22514489905666
268,267.1559995572316
280,271.8281388144327
323,314.9395946260362
382,353.22805942206725
365,362.1152232441516
290,327.22224722151185
314,294.8778121676429
349,338.22448498294096
326,313.12864701970426
244,240.20788863632538
150,157.8371976312416
96,105.37382577020564
109,94.65032593932314
124,119.50179386389587
143,159.8901581328321
205,204.67506075785147
295,264.8057899106407
299,326.0125625341418
278,288.3337941638679
276,249.22803059759312
229,262.5172928830894
244,245.94010659338608
249,253.2578572474463
221,276.35883419515403
279,250.83265269187018
283,298.2113073995742
377,343.15777657600137
440,416.82198202349224
429,427.0246932938303
472,386.07423012508707
372,433.25331790126495
424,416.495733671791
459,434.8949187345452
388,393.60556642897586
248,306.2833943845473
205,184.15446570662502
167,170.29377637988676
176,167.92584064628076
160,163.29413695512963
230,217.49159743332524
302,311.0089027115155
303,319.99266207278265
298,290.33713173154484
294,290.0772838974148
305,273.9000949943335
316,296.66439698644393
278,301.27686321865775
305,290.9128594037408
265,311.9719377521276
351,303.96853551834914
416,410.97459373594495
500,486.4998958773886
600,571.2522796740291
526,637.3337456229328
547,541.0762520350726
750,621.9554860760509
694,870.8296104421566
746,751.417488443519
770,752.6347368993352
756,703.0036301544706
620,600.6402610329748
456,419.7369796846519
254,298.00283959685834
272,303.27791739595636
245,316.3011836999948
291,288.7653368554898
342,330.0881531592364
351,366.17936218632445
346,372.5135088700234
378,354.9082878084286
380,383.22808258969917
354,380.4763672544397
370,358.99249046135157
458,403.94400555933754
533,500.0438649125897
573,589.0423987019743
611,626.0639917386331
602,671.4600393622744
645,648.7675323523013
816,737.3641603766958
873,848.4453854489021
897,870.025886315066
967,870.1697326588884
938,836.7579748124908
838,734.7523908268737
618,613.5750595982577
388,358.5877630835526
347,337.75805918327217
319,316.0159432691727
292,311.97199686892293
334,340.1506504219303
346,368.78572081325336
379,353.27686777049064
383,380.0406874095358
356,372.0148054684842
377,353.55376340738235
360,371.5475632709244
355,366.7931645868214
417,378.69079626704263
455,435.40724817801816
430,433.49897451406093
405,404.4779560123515
428,395.6780583030702
383,428.30624287063966
352,332.71804611641454
339,254.12026280327404
177,203.95771533171256
143,111.63649031022806
135,116.98261583374259
163,128.59218558370765
177,171.42340255981713
207,249.7087947677586
250,275.1860087541704
283,283.3798124733092
294,256.66525915500114
244,252.29593625786657
217,219.5295299510247
217,226.20068939450354
242,225.8027447329748
234,241.5237900075217
276,238.99153833376616
248,273.69842704321115
270,287.4973095923797
296,288.29969466174805
289,290.6479956867032
242,279.53231878591896
225,246.19357927203833
243,250.50586494548622
227,224.13844065552598
169,174.70902476875827
134,112.81138551604089
130,102.33779889891504
74,117.24169801555233
137,117.25810863626111
181,148.8452154543333
222,210.67515999569704
280,263.29040167662083
309,298.5895565662822
268,266.3311416227544
228,231.46821348288978
235,215.88887212953526
239,221.97881315641035
250,240.3655710867017
262,243.92679291656867
281,250.64950354960456
319,280.72589064225104
320,334.7586957982616
403,348.20077127614314
464,368.96728667114564
361,395.041243571043
318,317.03441818890536
326,322.9681966247525
290,296.170048571039
189,203.30166328625998
161,141.21086144554394
91,119.66251837855138
114,91.5075544416404
140,126.81561446333095
141,170.54649870000893
235,209.72460616018788
271,288.01308356814724
284,314.40896247012245
277,267.89762974880273
261,223.64440696599962
250,243.4302126289904
269,243.24044145111054
278,265.481510768399
285,279.402684605204
284,284.7206513118957
259,304.87110123945314
342,319.3114789594079
329,382.23530757022945
451,349.73488018649965
354,412.7507759989496
326,345.4390627429133
342,343.7161801617388
331,320.8422218384814
367,280.9273114908575
346,279.54371535126006
301,230.9824701283158
279,205.17911371519045
242,195.2022210040949
181,181.80518549001349
196,209.42138419761915
178,238.6093755946765
187,209.85018780320362
186,219.6083740556541
216,219.92210706145488
205,245.77189850358846
252,230.73965732037448
303,274.35321849144594
358,322.1459199586003
429,362.543856158961
451,423.6627227629315
535,440.1756438014273
528,530.7800506608501
478,558.4891635944862
475,436.9578282146481
524,431.97599865489997
652,495.20480622487304
600,617.2045024155876
475,488.15771015487246
353,383.4063896777628
204,260.90554439449454
153,186.96135956537228
135,183.0190211528846
131,163.48290443860077
139,206.86377604136456
162,208.89168826587084
199,222.81993020376868
199,229.20865908626826
230,236.37972923971796
227,238.00685402302418
218,254.67143386869841
225,253.32961663024136
240,272.22028435306316
255,276.68179356825607
258,307.75899768099316
317,344.9069540012132
339,406.8541214926351
355,436.5383625357207
323,430.951983160906
336,414.0532151776356
370,479.03183632592146
452,516.1702243282759
414,512.0505872418153
383,492.89078510655673
362,367.67356672811195
367,332.23564594937216
269,293.04941322799544
238,221.44267906008156
163,255.09875994479611
186,203.38734034143852
204,244.44577928618526
229,264.9388503471289
228,288.4494708590314
260,284.93730201459306
266,290.1992084563227
263,297.47763904441115
273,294.398377844684
312,307.43813073236015
310,358.32409358399354
356,368.5776379569449
381,429.77912122869975
402,422.37325242604726
426,430.24135502958217
397,464.92183175780644
464,466.52497623231426
549,486.05708513957865
560,575.0522204731398
593,539.7416134105162
514,458.7607258024113
429,437.3801441598756
390,308.80722554644893
302,270.7754757883743
271,312.8008137406681
244,284.3507420875562
222,270.1253457486292
260,276.32324806688035
304,291.9566470243385
331,316.29500755752144
304,324.5880184537109
362,308.66830952994127
320,341.0892671838595
347,324.9106118049144
313,349.1134336766406
355,348.9712171312023
350,380.0231524033916
322,360.15991575455683
261,331.0233865261674
279,291.8512658105786
317,303.35025141867976
310,319.58764753284225
167,155.6060131957199
162,117.32631344831492
123,101.413873200588
136,93.2755461653055
146,102.70504647599738
146,125.17222853797965
155,168.38526341220455
210,212.78023635992568
256,258.16559373657554
269,290.6274476198767
283,293.0623859230524
265,275.59601781661297
248,268.07818756893715
251,270.83421025280296
268,282.16546683398826
279,271.8774027158229
277,283.30823623436015
285,288.3722860930663
286,295.41890501596487
294,286.33375525891233
261,277.97377249178595
241,270.1096460915862
246,243.01024255603943
197,221.89664324756816
172,166.34055628695117
232,148.56040750177593
69,155.69450222599178
70,81.05054760139318
96,92.43708357630635
114,109.37440738037323
141,140.85844262083714
193,189.2571938849445
188,206.7047560112783
274,245.78048260769805
277,301.29312178788786
251,274.1741687248247
240,240.06921143841262
260,241.8342462533374
245,254.5048834675193
240,234.18968359084258
244,226.8100629921499
225,235.14671715939906
235,231.07795170404137
231,222.58030166284507
183,205.81445300810563
203,178.978259334125
149,188.69244662741437
114,128.3548561338037
82,83.55542278313342
56,60.57256471434767
38,47.37388568370435
62,46.21101341306135
86,75.3720783387874
158,131.25536849549317
252,214.72937844322462
371,332.3674128690206
332,359.2091772226473
224,262.3281527766849
196,192.6800359147476
173,181.53108884450467
194,181.53672558914846
204,212.05984569276995
269,222.27406350252676
241,247.36877731724894
248,224.53658791028533
245,235.12689159748126
227,234.39602841691234
173,197.39853686202565
166,162.49644687056588
142,154.07196384393418
136,143.33827626049634
139,113.81951461571913
80,83.07737157573523
39,51.86813756576035
56,34.42096516418274
58,55.74950303098555
108,78.80488779242394
150,166.01714941823624
215,259.09995663961126
296,353.24547210863744
299,345.4193115653702
245,240.44329651526337
207,199.59091687554155
203,185.67158749342255
184,194.64736779716455
204,215.3704957211922
198,246.53406296592732
199,216.80183584772476
234,212.5112586417169
197,240.7972477028876
194,214.95647272193722
199,182.7283447068441
172,170.30040520076793
152,157.5508173550723
169,153.07575871790795
127,140.3617266590686
93,89.43917129836
56,52.932943781948964
63,50.75808537233282
58,54.03215599117507
93,84.65463050037472
138,143.86712162739678
275,239.00485282964215
408,352.23136400264787
388,358.4308646485402
284,278.47924349896545
207,212.38749208984657
192,191.16163276852103
179,195.75234564007974
200,208.67218900570396
284,230.90438587596512
238,253.06220087777282
248,233.79376640987732
251,256.50624630579887
233,235.09095204239688
185,209.88387832219982
154,178.55357195539793
164,165.04887889926354
149,169.7639776466472
130,125.5216841578878
86,90.34254951074895
60,64.0855999979922
47,51.659808866983155
73,55.89165980230295
77,94.63534643172068
147,149.61367598365803
287,269.3441829730316
414,406.03454436068455
389,406.97304681933923
272,298.46749166392914
252,219.56071323191154
208,227.0302633363784
222,208.10313021955358
220,234.14193116321857
254,260.50472040922836
288,260.2870029110039
264,282.6987939694627
291,282.10887513961455
285,269.7283080467229
225,239.7386214507874
184,193.82891031611746
180,173.65616337080533
173,173.47520141006882
127,147.25331895726134
122,101.36852295191682
53,73.48536809505921
50,53.03373799915351
72,65.7079817970094
90,93.82684673518413
157,157.72431026647735
294,266.4611533788964
388,396.2863011898017
373,391.7603716430292
297,288.0450519211047
252,251.80135436309652
235,239.88914084448
237,239.20318143066817
286,257.8095588090845
330,300.8971366027506
279,321.23155606193615
273,291.06085097470327
348,303.5268370512077
335,341.40204467283354
281,325.9433564545917
251,265.1143093351596
226,247.40828477449256
232,225.9896270203321
181,201.23199097643237
135,152.62126236899832
127,115.83279449797882
75,103.53150175476216
88,76.24411654507583
94,98.91625474923292
101,118.41352214835686
164,156.4553838001859
193,209.75548453702265
269,254.6121155442581
275,296.1315807989722
261,285.7315078279844
230,269.556013826455
258,248.624130098339
278,272.6956146919362
260,292.04887900267767
255,271.5169433291372
262,269.72537312201746
297,285.80337087877035
311,295.2297323989502
298,298.1232917824652
256,270.30199036845517
205,248.34570036627406
221,230.08362448048692
209,199.53440490763168
167,169.03042269422113
118,133.4534732389192
94,89.75332889464559
79,82.19009413579042
90,88.81238792519355
108,97.9611898558815
134,140.67410696720174
182,186.3318737849648
215,204.40427679887526
275,261.98664716059847
285,293.8482769054918
274,265.516367591864
260,255.2713105308226
273,252.78248623336697
324,262.6766956671971
270,277.46025849645264
217,245.4039411431243
221,224.42656509176354
219,229.63925111558308
201,217.79149217935304
176,189.69834688883867
169,177.94592628292415
158,168.1315676443836
141,129.80250062131725
87,84.52295755861225
76,59.57151267280654
45,48.72189762904348
56,47.4583228682535
75,74.45799489904773
144,143.63789173898255
258,242.45558302109555
402,354.61768706139503
386,361.6758351432131
287,277.25911641087936
207,218.88711041584276
192,184.82630967428986
199,191.53678658134658
268,210.95509256358378
331,270.48621232348427
269,292.0701627668899
245,240.240233871651
314,238.0847073290376
259,267.31494449343637
211,212.22038736470418
209,181.34451175236262
154,168.8110088090439
157,146.02272865189292
128,124.42696404486034
96,93.10705650699005
50,68.34649726775434
46,52.31571484426483
52,60.89646938479903
85,71.15458014684143
130,126.77593310471366
200,190.11272144547578
249,276.05650984844794
261,295.22159704702
242,271.37601477005376
218,224.7236305548671
180,210.92201010787312
206,193.42745918003627
243,223.2408220215325
244,270.50976602509223
230,245.00985846359958
215,242.53837112811553
227,237.67327488519592
196,231.25672141179592
182,209.53436012931203
160,182.3835210421069
148,153.2721664842854
153,147.5936921648043
138,129.60512402837327
89,95.96836251489894
64,57.38220053771336
52,57.13801443384449
54,56.69774256735969
75,89.9602625164756
153,136.93368486508794
292,241.51892283752443
405,346.24170665584415
414,362.2329390583506
288,291.2068557265331
217,219.24126386188638
177,196.49443740264473
177,186.00190157681484
218,210.87387533985958
301,246.17227037190946
260,271.0498654336542
244,247.46564163001295
312,260.4418278376433
233,261.3669235520747
195,201.1614294982517
187,169.48816870677996
176,169.88320514328404
157,163.447425301707
132,129.94516294427706
97,91.598932564347
67,64.0963285394164
62,51.46293220994834
58,59.73132713260674
71,78.9913420361986
156,151.87094925790515
287,280.84937789509155
403,407.0864071235646
403,401.99229140615967
332,297.6463325466721
244,238.41394171477913
242,219.95093596531038
235,218.4124054318627
251,239.10716308682257
314,276.88918167552254
286,293.0977440592288
252,273.64205386081727
319,288.25524380912606
239,283.756964076727
251,220.08428761705449
201,212.34763758222329
171,188.01557275309426
165,171.43278040631793
158,141.67881461483412
80,117.12508465268081
60,59.15277706414759
49,56.880401985636695
67,66.01710809203475
87,87.94685568507809
154,155.3533974443752
290,278.3238557688123
405,389.0214323420422
383,389.8857158228535
278,313.89456809465463
252,244.42339052824738
228,244.54357938277465
250,240.75161507679726
287,270.283312933809
277,310.5451332145303
298,287.72409846258023
305,295.60595833410804
355,336.1464289806741
336,347.8662943150458
293,318.7713817358375
214,260.9762702026959
242,215.34293219714223
227,233.71116809557253
196,201.03948374897334
164,153.89157540787963
127,128.13696895616303
87,98.35434341027775
73,88.57423377121867
90,87.88762352307086
100,108.17389801049252
152,158.05101073380763
186,207.38467991979584
218,263.8529231402876
331,262.12195763032815
274,294.6185170204741
273,269.63838012279683
244,269.415831373921
252,266.714065257989
271,267.4838788304638
278,270.70152619427427
272,284.3253141834592
295,291.2578413247728
300,307.505207263851
294,294.044716578806
225,257.328248976003
249,234.5455413901256
245,248.2937553121437
231,220.7455354299311
185,183.84059368359365
157,143.7460518353033
125,105.38733368322468
99,86.34217208877949
90,93.58300545777091
112,100.1527011700252
150,134.4676597934164
176,179.31099131752146
185,207.98218753825316
270,256.53393843499197
285,292.5611339562597
246,270.9014094817437
246,242.13601060106964
242,249.29179172415968
243,254.50140132674161
250,238.94089026291292
235,236.23422797997395
238,229.23302585740012
244,232.6809947941047
244,226.32915818809877
224,209.3412862858377
178,202.77691737175346
192,165.14092914717443
152,151.24149573609722
106,91.53152095142656
64,66.90575107632336
59,45.68991926856698
44,54.081808874435644
78,74.84985944996792
152,143.4947413297006
264,247.60412024824026
384,369.5545985842875
379,375.6872526528854
290,282.68487900155986
225,223.10251813919166
196,196.94202457980802
196,194.07141783335842
218,215.07476470960592
291,248.53663633449352
253,263.701777478927
271,244.39460962356145
260,260.1027908274761
254,241.93151854442527
187,211.2400182655744
157,172.13187104820904
159,147.9921977121744
147,149.93429188843734
116,122.88121414068955
67,86.90255113679312
51,49.278420913735886
43,45.15334645456181
54,51.217764826637676
72,83.51338960610089
157,142.68791862811128
274,231.23889976507093
403,336.90529660277946
339,356.86696703668156
273,268.46932613152217
202,214.66330505070184
194,189.18884057904782
189,193.3284113829061
258,221.46896677810003
277,269.63878115819904
264,261.60551759258436
236,249.95134137790726
235,240.9888924344203
194,220.80127623240935
194,185.16748063779627
168,172.46071067477212
141,162.9592748874017
162,153.0497364854799
130,133.67463144566315
94,87.37810889045981
55,60.25522825196111
55,53.06399909616587
61,54.28250897090185
75,81.22549439961735
176,146.29145885039694
303,290.37304517422297
415,402.1566665219705
459,393.47977488885067
322,331.06592046263927
224,222.2535759850315
206,201.75547221123972
209,196.24590426680453
232,227.4851474539331
305,268.1327171082666
279,281.2014327213805
237,265.30159361118734
302,260.0047100909237
222,256.39960323936435
223,202.03705736894645
183,193.77559964587616
180,172.08527946446958
170,170.79388714492373
125,134.85936235007557
97,91.13871451253664
63,65.79218630557213
48,50.55840731340008
60,56.650730518839545
68,80.02512132275469
164,154.50404006787218
307,294.38469206302506
451,413.5789057058831
431,444.17503904735867
305,340.611617711216
258,235.80251693904503
223,234.3605881390016
246,226.92368797331193
263,251.84562073170682
304,298.02819462899765
298,288.6576738470482
289,279.5061599688287
306,300.6480363689739
304,271.695141615721
285,261.4435400283677
228,230.3285860929273
186,201.4494487627364
160,179.45864675414938
164,145.83572888877072
111,114.51443804994155
76,65.37647460255069
47,53.93681306092292
71,66.42314230028018
94,88.77339347546352
162,156.50230700431527
270,287.1834766735642
423,396.26047957179094
407,411.33882605265813
335,301.4495610241089
268,266.9865254742372
245,245.11628676480143
268,251.13864191976012
270,278.430868307929
328,299.52850267022427
296,313.2200390833142
306,304.8866754219664
372,339.914868175272
319,366.0892856212958
324,306.8149084850254
265,276.1311062500356
252,247.17405847699203
252,239.93710142763533
199,214.2583506694363
181,159.00544016279602
131,130.17219061641467
106,88.83570476552735
81,89.58306087680147
111,92.23151990664964
122,106.77977735142107
142,160.64457487507894
209,194.21730020663335
287,252.02617814594035
330,305.0059987057353
289,303.90565519900304
290,278.2329469141299
258,275.7259793314929
282,263.1011787759079
273,285.1173048061294
281,276.4034407424467
261,280.73862356104394
331,291.5130214178844
346,326.3156638345375
307,321.21424987207257
275,278.7114257683874
260,263.0002109657329
284,260.21651103116216
261,245.35155578479058
203,207.8895360119485
138,157.35899707240392
129,99.35037505688312
113,91.35113335148698
85,99.12979196229222
123,109.26432695393378
148,139.51420747376054
184,178.6727831824187
193,205.33676855699173
288,260.8058078366699
275,298.2713586745613
271,269.85730187291006
250,256.70362021367725
266,249.96671106684624
268,257.76474966435796
250,252.29861901487706
288,239.52776786547983
270,266.5640960219175
239,259.00106944860676
215,225.8070369515438
185,198.38126454283594
195,181.55497006416618
193,172.56224507998817
161,155.8710687368469
120,102.61863108695927
71,71.9542201897046
54,47.00037536309516
48,53.70839054261717
68,75.35320121674188
150,141.99920990382537
261,253.52815339371682
356,374.18188996974783
394,365.813087852939
276,291.12618938910316
232,215.10054380997707
199,205.064796513279
216,196.5328043174689
239,221.9783881044268
279,268.17868785852374
279,256.56566674552363
262,259.98773542561673
272,260.9908483645291
261,253.8055072124211
198,217.47438282107817
179,176.01623573274279
170,164.51611447263718
179,155.36641686803685
138,132.5663303490738
78,87.22960739921044
64,53.159191642228954
57,47.01070286199142
55,51.89854315664953
79,80.97794887252707
144,145.86843472760637
258,235.08008766085305
427,359.27076245731206
385,378.9483753421096
296,282.5310593004385
241,223.9958832143677
222,207.6136051496574
235,208.0414714973493
274,243.13973305426853
322,278.20382252098153
312,287.9473878744665
319,284.17407137003676
316,296.3217494820445
312,270.5055739899478
287,248.05179829425387
253,216.46260975166987
197,202.01627860005524
216,179.40469195216505
191,150.56998394662637
101,111.88960850599119
56,62.0518179944076
63,51.864000737624
83,58.017218639436784
67,84.17956826005197
143,146.09665052038835
268,265.52445801207205
412,400.8660622632859
398,420.8336230615953
297,295.3045140150185
298,229.30579826124796
236,248.06552959796244
253,219.868847354656
277,248.34709055649216
385,300.8656651693579
304,339.4725138855528
283,295.877208695935
339,305.4235870528477
308,310.1024237248854
346,265.56607863531764
277,289.7313246718524
244,224.33088710542398
237,208.2922906072325
219,173.88948315099853
166,145.2307622056327
146,100.09303452818713
92,101.08180968425162
69,84.18326974944871
84,77.279781712025
92,132.13190848593425
132,168.55086943885505
141,196.00178850255335
154,182.6588161110417
131,176.71057523010404
143,182.39450921275562
153,181.9871518605856
190,193.87041324864742
235,229.02123986664304
264,256.71346697071795
328,291.2209918827856
365,324.7704501813215
448,354.65154317601804
488,407.7693261471558
476,425.65667431132516
466,370.60167871958885
448,381.4929049530649
435,401.934499499722
482,303.7776714203021
351,271.136967175987
214,110.65952785914183
154,130.598937785497
114,101.19416194793887
113,100.913791428187
120,142.4084521823428
187,213.57367837835062
209,250.9539458999392
247,271.4268997555543
236,244.61013730508012
207,225.23789998682255
209,212.59325864870704
258,227.18845270329305
253,272.25445499221325
294,290.8643149503079
241,295.0662647188644
291,283.43127394206215
333,336.2191475931138
281,352.09817272842554
265,295.5444554922083
217,260.7194649977782
249,247.423253374612
241,270.1022058860411
227,245.58243601497148
183,195.76339400888668
120,141.31018071049326
95,100.6676876369294
124,84.63045753122692
107,104.1576026095058
117,110.66252200309658
138,150.8222441155751
164,185.26370249393491
205,237.5391499056679
241,262.5988083406856
234,266.78087461692166
256,255.69104878851024
224,263.763600624818
259,250.12138238454258
263,275.61826718912795
280,265.7997600846389
248,276.68485970672236
309,280.3747391665925
270,309.79013334622726
302,279.75206916655975
269,266.59106083354254
243,262.25116061399797
240,252.5918936087042
250,231.54109768651415
237,204.7144668180623
136,160.59015389027428
131,103.24320601570766
130,110.03068154588065
94,100.99631803146661
113,110.15364098877133
154,139.34702045115571
175,173.45690903405168
188,196.69403793683264
243,247.5782639632124
284,273.62793753904646
301,272.7563140231956
261,270.24541996675504
263,258.17267719495703
276,260.4240212685222
255,258.62741354049473
218,243.62060290795273
251,227.19126315267425
231,239.23997375429255
208,215.75691005843137
208,192.7387279727046
166,192.25019810385922
188,175.54477998476642
151,158.55401959831067
301,210.3584007990137
299,185.74185675790108
225,157.11683107736377
210,139.68949004153896
128,99.51472080606456
94,77.95352298675995
99,107.57982395753145
142,131.70067122912334
208,184.4395991430175
211,240.4605891108357
217,232.7084096685865
262,238.61382789712815
251,264.11352210135124
274,253.33631796012594
248,279.7152824312849
272,261.36012382764005
301,287.5312980567615
276,311.12056733124115
329,311.5024162569705
327,310.1530758644236
299,309.1386684719979
353,296.80279175326865
338,337.7698946804473
288,303.642011341493
300,245.87440804368705
377,202.99525634666466
122,215.376588990141
72,103.82609142742463
93,79.60917399465205
80,78.53613158953698
79,93.91404752566889
124,111.967580326219
124,156.67012226558717
142,177.74549374624556
180,194.02010841318472
162,213.17012934215626
209,198.75265977197898
181,222.59511146490794
201,203.77648029308264
173,219.29202301834002
162,203.03038442863078
161,197.58936505695436
172,201.25677527369365
203,192.59613179653184
206,209.0469323172927
193,208.4429393159976
169,184.6988866985854
141,144.92320808384434
87,95.73497485772224
37,55.875122292793534
31,35.1335645721844
31,34.117777906657324
51,47.861454527913104
81,70.55724350788239
118,123.11497103081923
232,184.5538291325992
249,266.0845161250714
192,214.99387232443058
183,169.41839028263922
159,171.74381175936148
176,175.07861907081883
182,179.63397081000525
200,190.03361028148933
183,195.16330178604406
224,190.80173868054774
229,233.22378321862539
249,244.86797191323964
233,221.2296197481599
180,204.91669658229918
128,166.22776242978327
131,140.95759145933843
102,108.22252387854142
59,68.16569168001573
37,34.58793809054393
24,23.361514503342402
27,21.93645553149297
69,46.79788346258566
62,83.71592659380589
108,127.33293713890609
213,226.16687511744607
190,268.4990800620618
188,199.033300698202
177,171.6774168555423
172,165.36460928962293
170,178.70178071978236
177,182.53911417778227
189,193.48833643504904
204,199.66535818769924
200,217.216845312206
243,245.3117312885197
227,268.49875767739536
216,218.6337119726147
202,194.00324219197682
177,175.60946362830617
156,152.664373145635
133,120.94424986280706
98,74.9373018933669
44,44.86067336353812
21,27.228688483806007
30,23.37439936409235
56,48.6113106001317
74,76.37109116215959
134,131.5347299339347
255,218.68199037282508
270,277.6216886623234
216,219.29321117865143
190,184.65858513563683
149,179.3551865396896
197,168.99690313302474
177,196.8791661331871
206,193.76130428614576
206,212.74660641644533
227,217.2965581628598
269,263.59335079216976
257,273.1908199236047
213,241.69982179751642
205,208.8157505728251
214,211.31699513298219
166,192.7824503072077
132,141.39418249916875
82,96.76215970605895
51,50.661252629694346
30,33.918138470076265
30,31.03293128185622
59,56.65823347867239
82,79.83079144532479
131,140.41167970762416
232,242.0728376285693
259,285.62548259401785
215,235.08668378658314
203,196.2872911624035
207,183.61504434204053
187,204.5813551061428
230,205.86273929005378
203,233.17945047135157
226,215.85952426036198
232,233.8625417167847
322,268.65937609043397
278,305.81924884782745
291,251.25461896909482
296,254.0282621455215
235,259.3943629932931
177,204.4422203868452
161,150.5145838787091
128,98.97662758586503
65,74.53078529474509
38,47.04131376925245
36,43.683574162853986
62,63.81908737940079
74,77.16978112617105
127,132.31459685569484
241,224.7011287188759
267,279.4750489351323
203,230.1580682729759
197,202.20381650538513
203,202.79797198586124
242,210.5690063984748
213,236.8362252744488
241,222.31912183758956
234,242.65007412888895
240,249.95565945870626
317,287.4135724628859
330,329.5973111444417
312,317.4426645507108
299,299.4391126653304
311,284.1827993795153
287,298.4914818538989
270,276.92774056170595
229,229.85699506546183
152,157.49408646527618
100,108.59419942246288
79,80.61047711496512
59,71.71063426284961
63,68.78516846956056
116,93.97298976383705
130,139.33169528169208
185,186.94459719058727
216,219.12859544414493
212,225.3196559481727
227,236.30581716062565
241,245.2554240878918
223,252.71030808345918
248,245.47613361491258
303,255.7838285308457
300,298.0228794320114
289,308.12609363036955
303,312.6248386696367
271,299.84436820206327
288,272.5199626517218
261,299.81501215956877
261,287.5902012094396
283,256.5736970591834
219,242.77433584913962
193,168.1295050300353
99,125.6088933278198
82,85.20738453346941
67,71.6181871252229
66,68.91249809762866
80,89.69795035538517
88,111.0411788596853
137,134.75676943408254
169,178.8923928599634
168,202.1404599259317
229,202.0453306702194
253,235.1940737168264
251,235.77650183409
282,240.20417340069082
323,264.11153702285276
256,292.4284185155121
284,242.79948774054463
258,265.69343961797006
265,233.8901344499046
204,238.53671443361995
181,196.56942609941825
159,169.76933689463164
121,132.61756621616115
95,83.48010793333394
36,52.47091986908651
25,33.36532098707186
38,29.255934825854784
45,53.09548896933552
82,74.32405725556468
146,121.83954780872944
229,221.89732191668395
253,258.70094822415996
202,213.06460400515175
183,170.1368185592391
185,166.50900949301283
241,182.35710808225792
232,219.34582193224875
215,221.08664699663387
218,205.44802825796492
212,224.5641272155298
263,235.2233782652651
291,264.81828854700103
266,256.28052691586913
262,219.86043536233743
229,221.71714271739668
196,184.68383581486677
133,126.44828531864255
83,90.16649256823494
34,50.37292529134736
28,29.861307164982804
29,32.27589091023091
46,47.064432936084735
66,65.54719134532509
101,108.05222352537861
239,158.28029605797906
213,264.25998232760134
212,216.02927192934618
183,202.13189602374985
175,190.55304282859862
208,196.53635593855634
213,210.81081569124188
215,214.23923914486866
242,222.04701033024705
222,241.02180154758634
274,237.0542542739538
275,286.7099104096167
242,258.3268315142802
219,226.40074102670118
197,207.19380101128203
187,181.6115343080372
126,148.9043324560777
54,84.35699870357305
36,39.748390953127256
28,24.15040836830931
27,26.498996217943436
39,46.46987315543982
79,72.98169221699278
152,127.24352412352272
261,233.3259467974837
294,282.42200450637523
217,236.9228064050674
174,189.82121808816504
192,172.0989804061656
205,198.7646472789514
227,200.27209521375622
230,221.7006197138495
237,229.2728683520837
235,236.92340337135283
268,277.7021140960804
251,280.08045890804476
238,235.67159991820597
217,225.2309344986466
192,216.0100251079677
175,180.08805323712292
134,140.21899424280033
83,89.38171329998484
42,49.38934608394821
26,30.946396046211184
37,29.364934700131887
48,54.19789182184016
83,79.55445888267558
153,138.22227232778127
245,240.3638505312668
264,280.95164893066976
258,229.98774688507817
182,203.32827706279625
205,193.236596293828
252,201.71158272498397
213,244.47815642978645
215,222.15929044763212
231,227.33186257146096
255,240.40145304781905
308,288.40669440614846
296,297.94948281507817
289,265.9208215681431
244,262.5158730672255
219,233.4179142103357
178,195.59427097698898
162,155.61435842500302
113,102.23400598191503
69,67.71663050866819
41,46.712037219977084
46,40.81585646448577
60,61.23192635658883
99,78.34413204424182
137,144.4089435548266
252,231.66670659297833
274,270.7757470613021
240,236.9293029972629
208,207.02045055202365
210,206.96854530603264
219,224.6057933439901
221,222.79016257973703
230,235.32159445322296
238,238.18159766871483
266,254.50756068067824
327,303.97311203339046
350,336.39713482165934
319,321.4136374786408
279,289.9720505979351
296,280.80790225970475
318,291.742165093644
330,288.4523243033975
236,245.37362742807755
172,157.61661502709734
106,112.43210161125677
63,78.29901652611335
68,61.09974627312934
68,68.48676833784386
101,102.78657403294729
150,133.33933144433726
203,188.98224919780782
235,232.23263870848098
248,237.7534319566654
275,252.5972253762253
303,269.9848702633453
272,287.20541643678285
260,268.829937716819
331,267.4073134821334
335,322.93249880883684
331,340.6386788043445
348,337.6385423650132
380,318.9413080003868
374,327.0009922808268
316,337.54294627256843
332,319.4769741852548
293,308.90624112029457
237,244.309614363151
175,185.41138006809132
129,120.31266234799348
68,83.35929683793076
81,72.28770562979027
64,68.47861885560371
79,80.98956103313355
91,111.18542193500396
136,134.30101320047544
176,184.32824869923869
210,200.46612645766825
233,229.93338248592556
282,248.35836398459375
286,269.4824224865125
263,269.89116262027426
275,261.3297908354131
272,269.5251920745125
294,267.8534066716382
277,279.4298878873194
261,255.32759330483935
216,233.86340070380862
214,201.33547927928845
152,184.41787025639363
153,120.56690323465483
83,95.2164078369234
69,41.676207047789156
27,37.44900104546668
29,34.48442296740816
45,51.353583338896605
71,75.99649703614641
136,134.45990418077673
223,224.82765000835613
282,257.3927353940339
208,221.88493452512114
156,182.99969372453776
148,157.5788473430321
171,169.01833511639418
180,182.29660304009263
187,196.024240885086
225,192.3504793069752
215,225.24039843776032
252,238.5168748107939
259,268.8329003942593
226,234.29136272105129
168,209.81357725511106
175,163.18334063744655
156,164.05490337575347
173,118.96783296469839
84,93.9202543098359
37,43.82348418800035
18,24.951129123576255
26,23.50803679676545
43,49.526100333975904
74,66.59227159987003
141,114.73518531036677
254,228.88096264379814
255,262.08734795914603
220,224.70797105229232
187,178.32717640981812
163,168.59446040709815
195,173.36289808759466
189,195.82038701214051
186,199.62232801942568
229,208.70558689898252
218,220.82752441939962
276,259.9023691350579
246,278.85096229103846
231,224.9493420693583
179,200.67722716660927
198,178.29024192684187
155,171.699846955541
142,134.83147384941958
101,77.24519835487075
43,44.86067336353812
26,26.473415134478923
26,26.498996217943436
57,45.01255869371274
86,77.55689735551574
155,145.05553708310063
222,257.82586457302114
281,279.85967864762785
264,235.77508851607573
216,203.45173221428615
196,190.0254184430008
191,198.89170856211516
220,196.24908644029932
206,216.67618739822913
231,218.1305867772819
249,239.11999900355252
299,281.5303684442339
278,285.23388275923446
280,252.3225540249064
232,230.52697622853088
222,218.66306672529143
214,188.36220759100877
152,160.74238813638527
104,92.16458862344375
52,55.68863971398238
27,30.898989405371484
32,31.022038929435375
55,56.65823347867239
86,84.18448493621413
127,142.43598379974102
228,228.4657631303904
312,275.14972744092995
267,267.28514141634304
199,215.11136916454973
193,198.36668314118666
206,209.85206039262738
215,220.0692276673475
218,219.1440636813935
236,229.5250113068064
269,245.41102312283326
280,299.9576262480368
291,291.3074736508463
270,282.3849325506379
223,252.02851593737026
214,222.03344892523023
230,198.93540922886302
172,182.15104108967063
115,117.10775118528585
77,69.91110768171326
47,45.343122645464014
66,44.62683856218104
65,65.78985044285598
73,79.57958056536589
148,126.22297915993619
243,232.6255185460303
318,279.15335464387863
259,256.991353500261
205,221.10297492505322
190,204.46055742300607
232,207.37327927485896
226,228.66424993429888
255,237.6467123253607
222,249.95483079935596
261,260.25637503419523
307,303.2005729841273
315,333.6484978918665
322,304.32129252726725
323,289.17616229725667
334,304.45611498514245
292,313.6201901009957
295,272.61383060076776
227,232.80281206855574
190,168.50947514759903
113,119.3447372715324
66,83.99752731914286
83,66.47993594388221
60,70.39054866225976
93,93.47288910024999
125,136.04767442899472
220,194.54220351608578
235,241.68861045807137
211,242.50341369994123
251,238.03949067294724
240,258.36976655886934
273,249.8151077635195
252,274.0931710336801
290,265.7640986288654
327,296.2590551871557
316,335.37903964376926
348,332.86019900739456
322,335.20750596364803
309,313.31035400126274
298,315.09853838552993
314,312.9449317728852
314,302.0384651333773
235,247.5391086839941
193,187.9080087161319
135,129.3252817202957
82,85.01686688372325
93,80.44045709493143
69,70.39232924483375
90,82.10120765222518
130,104.73939746024581
119,153.61586055948237
197,171.20304093070175
213,207.3243604117701
243,232.06215141493314
258,246.76159252976072
274,254.4298427498914
278,263.74951634995665
241,272.41615369574464
259,252.2596903701412
281,272.274137014944
252,276.9234558609864
249,240.49773427223806
193,225.9033755523106
176,191.6539568778137
193,161.83457530459742
140,157.7313179707953
96,86.277923713091
58,47.58258988241532
33,32.28755220429349
40,31.072401086561335
59,49.645448334511215
73,79.58275346155594
121,132.34635564581902
210,212.8150094418144
240,261.90980966872127
185,213.74522191732544
187,174.67109215952024
176,167.7889358448265
186,176.50675564447377
177,188.51235748938427
222,191.48351310842136
215,222.86256798766297
221,219.52477237364218
276,248.24550983169306
221,273.759788173089
228,215.80686244864268
176,192.5390018578665
184,169.2610355960466
164,163.33954556134037
108,134.19289545215574
85,77.0496655557446
50,43.76813964727266
40,25.398112590404597
34,29.454419339563447
44,49.74058692869705
76,68.39667280385753
129,118.79013675775158
232,229.03502281486087
267,248.48039474082904
213,221.66478654382303
196,187.7498541153383
189,179.01023793276084
196,191.41304199262183
232,192.3316416209439
256,224.50358941428843
248,239.24153652759014
214,240.32483185721878
243,264.25835992586923
270,250.1606139877683
288,242.98911994537502
247,227.0617532240382
237,213.87844634516986
193,194.6625928613898
169,140.35010196072167
103,104.09811760389952
62,55.112425719447494
40,33.31328207608394
42,31.00060290449802
52,55.42896981693076
75,80.74805511786006
107,145.6813988601361
201,223.75367592438175
220,272.9128242293771
197,219.6900566046898
222,188.4243316733401
197,200.72863280897312
234,198.89170856211516
219,233.4118086864299
257,225.00207072040388
252,251.96685616815805
280,246.45950883334416
275,287.9561566962917
293,282.67670089185197
379,275.2865407203915
278,310.7257076096175
284,252.19215217782352
237,232.25844880278234
165,177.00869786986257
133,112.66306952689989
97,80.31858711075523
54,53.4358484284792
44,43.344271303463316
57,58.3513709815851
82,73.18469493878656
108,107.52865009980191
100,149.13462597394755
108,124.70749906765846
113,115.39041671272304
140,146.05672297802496
181,166.71967116511576
214,203.94386462930342
218,226.2660297141375
211,233.31611619981535
261,239.59872142410816
323,289.2392541173666
316,320.174495281213
324,321.54502612615454
287,326.7111235632741
361,274.0168919269485
384,330.0435206542124
455,333.6777372787071
323,303.8820686635348
236,164.83716483180206
162,104.0109333893712
109,89.06214034490131
73,66.4500745033914
50,66.35924736045082
52,75.93071001864853
68,119.72576602584053
104,154.05033222476655
114,169.19841278554972
130,145.22579436502164
143,161.56574074791567
156,172.48642408647467
197,199.82586376834288
203,216.3400014400389
193,227.15687502321413
209,223.41331881612558
233,253.18501288205707
254,288.5278315670475
278,302.4410845691651
226,289.43296311902094
247,249.98181067778282
243,283.9894123604842
245,289.2680260148519
225,276.4597359033946
179,210.45742201091682
124,152.6358201320649
84,101.81530338103042
47,69.07144157822955
51,57.386597963159154
60,57.63272986657608
66,80.91315065129429
70,96.70379876049572
111,114.32465111292107
149,151.57119210785197
144,183.32489701983616
189,175.068727523492
209,215.53762148743886
223,234.08264432160973
203,233.8164652534077
249,232.87975219013816
286,276.0588243595219
264,302.7002198922718
276,302.06666771475204
285,279.672779259193
280,277.992481548693
226,279.2039462630011
262,251.85093135744654
220,257.3806220525023
198,191.3437870743651
145,166.34692958948438
94,103.13651017665137
68,69.46271228424497
63,68.40028671057874
61,65.31414958031631
79,73.99402727184348
87,86.26214453052893
124,113.98675986518917
169,164.46631506106283
223,191.3983728178589
238,229.37010754667529
283,239.447745070357
269,272.23727416038656
289,261.6135368902921
258,271.9466159862796
270,256.8650311216013
270,274.2011512626857
251,263.624328505284
223,238.99451576458972
151,207.7326800928655
169,166.73900014070495
169,161.21613895409152
129,141.28681401970786
295,274.574824998596
278,222.16160936050534
271,197.33210403871516
247,182.3315628464238
232,158.47343483324326
135,141.51036296334212
180,180.5726368423352
210,225.3883672563038
267,292.0520717990259
296,322.2000038454902
307,315.2974605331182
276,312.3247814191186
316,291.2569389833498
295,318.4667726886998
318,319.39695841522587
324,316.24629826453
315,331.4609204479797
318,336.2989642727956
381,346.2687461058407
362,376.09744201507
368,339.24255769403163
351,358.5944463842184
329,367.87253872447167
331,326.5914181947848
306,300.00776333105097
433,251.4457303314056
133,262.14164222807636
126,144.46343665809542
140,143.77344874186707
112,117.16490296167439
142,148.72734395744732
143,191.9286225414398
170,198.98577535077314
241,255.96901572859508
242,293.03783403868346
233,273.48224575031895
226,256.45832424295577
206,243.29347599153556
200,242.2939657926453
218,233.25954874574106
188,243.06578094262017
189,217.36193217753396
180,216.68149803954284
222,202.16445754194987
239,230.5470671160646
237,242.70568657562157
250,240.37807174942878
191,228.35118866249303
134,147.88389792619128
101,94.1090818976242
74,74.89499338322175
84,67.02235786439292
90,91.91881671047403
143,115.1086375775312
226,204.27398063668673
421,353.3492627761285
408,412.87132863029115
314,320.0657806545096
210,240.6915151065455
188,192.96478537686224
209,191.12346132404
224,212.34213624835272
249,223.68699295028003
262,236.61109228338398
261,251.17664147623864
237,265.5963306258233
240,246.6868824634504
268,225.9013160198483
199,229.6521906323066
208,186.19186285225842
168,199.23220685052155
201,164.10111679542575
113,134.6504538145527
66,73.48653787124017
52,51.49787521962068
59,58.780315116015075
135,81.32264259558657
127,137.53751684005658
203,225.88100389855936
332,369.0725045041597
341,412.37870966835976
285,315.9305587973738
232,240.16731485074797
213,203.90485958645715
207,208.1734741105194
215,217.87044828445795
189,236.22450423149039
244,226.35529338097436
234,261.4470351473057
268,266.5514096896062
272,279.1684399177278
218,258.2279538804315
250,213.90685913730334
208,226.32766940801235
195,198.28540117699615
183,189.7456432833104
128,119.50082958859768
82,82.88631448960773
48,63.37128208357776
66,57.79931854518505
99,87.2531399916905
132,127.30612689044906
254,224.6893891666959
428,409.7989409203414
445,429.6761899204222
323,342.09586263327225
260,257.2767726398774
200,228.8944658186656
238,210.8883701650925
225,239.93107910117732
248,239.93653316735498
249,254.0632482887352
287,262.74019415868355
307,304.79501899554845
245,307.8419693041158
259,254.17426949366816
228,252.0309696012656
218,221.50162049703795
239,217.9886944469783
174,222.30392756948132
136,137.37142386872821
91,93.0197782938599
67,64.45277543491012
76,70.47389183582031
103,105.1440398039046
136,141.04226812037993
260,249.34876884136398
387,438.93848441408073
366,459.7259056446343
337,326.0143833668374
254,273.7922984075918
247,233.1766139262875
242,247.5405464136562
253,253.4339310873554
259,268.1063872443801
267,270.5478725792576
293,291.7397548115359
314,311.30692682559214
334,307.8028755738016
319,291.07368043601275
249,279.4688814924556
242,246.14331997166187
244,239.81734401306127
230,217.72568626650045
191,162.18305217609202
116,119.18710656620797
102,82.10766596766085
95,94.99453611791151
101,116.56071104768424
135,138.72792194260805
232,225.91592168376187
444,415.8150070589244
427,445.16239754403546
329,372.1298165506214
281,282.8441841783524
255,264.1530583189481
296,261.6513013995094
282,292.6724328520458
288,284.0043284982442
264,284.305291442368
364,295.6912677708263
322,364.2943796298709
366,367.1644800884467
360,374.3740580052314
349,352.9801082358182
361,346.91028797807087
315,368.53889849417385
324,316.37379063144215
331,286.00418518928376
222,250.09542131027197
177,183.00130674982717
157,148.9227107965388
153,135.64742946080173
131,130.50840893609634
175,177.3664729825073
233,212.27358125260886
282,290.2776946042428
322,311.16070338812176
295,322.8266702767096
302,301.0278635108891
311,312.96108550218315
286,309.97836540554033
304,298.52827452015936
309,303.1002211062722
305,320.8743566127133
349,323.86541092697485
344,364.7480743235249
376,349.64337779678795
340,359.1431868449287
343,345.6304542312305
335,353.0776778699582
346,332.5843248651659
290,306.51465216226455
256,235.7778672347482
221,182.37745377498607
156,168.61302658161867
156,142.9153389983846
102,123.55448601393438
162,143.89293933693645
157,187.77456558062883
218,201.13083885701462
306,272.60510953184354
280,308.1028024753573
249,288.6112752773015
288,262.66763969566983
279,277.0356208446797
286,275.9408762686566
299,269.18291411634203
293,280.2562215395396
270,277.2958747635634
274,261.31212930070535
264,261.8110034122363
230,252.1526228575816
224,236.895724658085
227,236.10574122306008
220,211.8102894889612
165,156.62863105310402
86,104.6812161804601
74,69.67089066058614
61,76.04004957128959
94,89.23189012187899
134,127.91381930566827
247,223.1382471320148
417,401.3668981170565
432,414.4590126022991
296,334.7730515599219
208,240.20229964233036
215,193.2552348168908
224,204.80159254203238
256,227.55611781993593
281,249.44645956900098
242,272.5605021733883
293,254.9066216087807
317,285.2934477337368
293,293.92336473347746
261,264.11848325265527
247,224.39941358323543
224,219.47351302795605
209,194.15246829707783
204,184.65812593448499
137,155.87482147313133
94,90.030550330416
67,70.57434321578161
68,66.57674546697258
77,87.37736690946804
112,114.98289453247504
185,174.19548850705866
274,283.6751242155055
329,358.731607389886
296,311.84509188262024
253,248.5161791019501
239,238.4780326923504
236,241.15470753501617
258,240.89287234445968
247,269.62763114640836
295,257.68689635633604
293,310.4196759223267
261,302.13862504606243
301,280.6948215884853
264,289.42720950956976
230,246.63285620073293
184,221.48862381233255
197,188.06968667520076
171,192.07384964027653
95,126.3647112740107
76,77.2301060745408
57,59.901622728865576
62,60.881886989544014
84,90.2164183075961
123,119.82260321530126
258,217.52411149552586
398,378.9047257599329
446,403.9810479351574
286,335.25012083771645
294,251.6325449436569
223,255.63823560774713
223,230.1357069227773
256,238.55286717139987
253,261.2302100839763
266,263.76741974566005
286,290.43599422267596
256,301.66284102904206
326,281.94038278436983
243,291.25525716576846
240,233.63404761243035
221,222.76783372264208
225,224.04391387118554
207,205.57976127901205
144,135.8871216587507
101,92.79529942146232
66,66.86440946266612
77,71.95745088692955
104,98.87649789057275
142,138.30136193641806
255,257.00001964262407
453,410.0126156283092
460,465.80483307601304
323,353.8838081083779
299,274.061358553838
270,267.1980043787866
296,255.02004454786768
264,282.1909059098052
290,273.62792445869746
267,282.6267998161486
302,291.0491401421804
328,311.49080893924935
355,338.5879571387084
309,308.7232279307868
261,276.2973256628212
256,249.30203756116373
243,243.10120809363758
222,230.16253113599274
170,173.9182685122756
108,115.41560127343587
91,86.98606869060558
107,92.15696191300076
128,117.73123639108739
141,141.08962889572524
236,233.62061716723522
476,426.2572140721228
458,457.70625488713154
318,372.1280125227201
268,288.90269546887225
243,258.15462816936156
263,273.5580003791142
322,277.4820917893778
310,313.08943833542094
304,295.92721244319443
312,331.0117444416174
349,338.38841787877095
393,378.71162823820976
395,372.0217369368046
365,368.74552100500796
327,353.86695568885267
346,342.77056351171865
365,324.96910734409516
312,302.889293207772
219,230.1050996807673
174,178.20777781248682
158,151.0875675687094
139,145.38362442775977
120,133.52925217965333
195,176.00422121169458
229,227.46350088542113
321,287.6461153690979
337,337.05779865749014
316,321.76556284902887
316,305.32997220009344
333,310.96369605853056
299,326.81209066449145
332,311.6243467918255
317,333.2334637129089
390,328.29725254078187
353,378.73756797127527
347,367.552007617336
364,356.0790689979891
398,341.4385327482127
374,374.101743808961
392,373.3211430104882
350,368.7654187770914
326,311.54651919541624
243,251.3460906016654
199,178.57012241696648
157,161.14119336752725
157,147.32410381973196
105,122.38706369165659
162,155.5521783631852
170,173.3396411019703
237,217.25708602530295
322,285.59206909950814
261,314.22196433063584
302,267.5976513296177
319,299.5240684810919
284,299.98111223723055
308,281.5866234490123
338,292.23257001623637
287,324.4025497220798
284,280.1910501306909
330,279.32648328042455
268,290.6383815745255
236,249.89528293668187
232,230.91987976446887
216,239.72538916463284
221,206.21733313426398
145,159.71037880740317
84,96.05126722297243
78,66.76372141583633
70,75.14931018259786
90,92.43399671367983
116,126.59540874381878
228,219.25492795744088
416,373.98934162275157
448,425.14029999761186
306,335.2812735673989
261,228.87757695933524
230,223.1584391199311
205,223.0695538686988
209,218.5662238826456
225,235.23605080166652
262,237.72791921498546
277,270.7477255681022
278,292.38335535794675
274,269.7665205185598
241,252.73558112056625
227,215.19237485148437
197,213.59364070626063
192,193.1852452841488
186,184.94317930996885
147,136.07569464697355
77,85.39846196635501
52,56.015830979450996
49,59.61995927006886
85,78.3059223105027
120,123.28968494816664
235,211.98192482490904
445,369.8511288834823
479,417.9673422482671
338,341.5066600876358
258,264.3004140463376
211,228.077846828292
220,213.54972217703144
238,225.8756780915025
245,248.3162503829991
294,261.9955734688881
294,288.3257871666538
283,294.9865754882899
307,288.55772229709584
248,268.04971674278914
211,234.61534411460545
228,206.77596281308425
220,208.83266669423872
195,196.2552363600235
122,128.49364628898644
73,79.00236322402037
38,55.14531647715836
68,55.08075939985907
97,87.23838552159926
137,126.5842290724643
220,247.88198631368837
394,408.0591200576359
433,456.6499790048117
392,356.66109685520667
263,295.802843387464
227,226.68711063933955
240,229.115774646994
235,247.81925596165428
276,253.8206670309472
259,280.7370252537286
309,285.76175250288594
335,318.81974785170536
290,334.51280586792484
322,265.77319490838363
262,265.23431791653354
223,244.3445293185795
224,229.3745271367557
200,210.44123892142986
159,141.92410442725705
98,96.9087411493785
67,63.686665729238946
79,72.86149107231003
84,103.49017182838988
128,137.86256916819096
252,233.13883143292347
453,412.87216184448107
476,471.33619335412806
393,390.3182429301843
300,294.1875955492102
230,269.0274516080332
255,247.7805562176388
254,258.55200811778366
333,275.1999455330365
290,308.3001511543882
321,303.1576529729783
362,339.5240819925688
337,345.5580867421057
357,317.24424718936666
282,304.5773479194459
278,264.20541051874386
255,263.4607719429811
246,227.41977343162185
182,179.9783721106956
140,114.69922086290468
96,98.86067374241135
114,98.14198166406219
118,117.33404669636904
152,135.4749339123268
242,236.6000290092144
454,439.467544833789
488,467.05178502463025
394,390.10233589483096
318,307.45529982119166
269,283.16855503256704
337,277.72543870248023
306,321.430625299429
296,311.3163320438118
295,297.66644154612715
346,329.5379959787724
339,364.76435819297967
426,376.2506661613261
407,411.1544034146174
372,366.8269373419229
361,358.38043441326084
345,352.49647239778255
340,339.2251923665964
285,300.84809570692255
217,227.31674214305187
187,167.05355297459494
176,151.48887625853249
179,144.40318647247437
162,139.60252643191336
182,185.48501171109052
250,232.4298890197906
310,305.1335947548371
335,338.74806808335404
325,332.4490471171229
306,318.53006890610953
324,322.9139065328983
333,319.62309192377745
322,332.92702275736224
327,322.27081104223953
357,342.234958547679
373,364.82391591014505
356,389.6897945236902
412,358.35576623300466
379,386.07940052436334
392,372.9137612894248
391,382.59710100626097
398,369.7008660672728
381,318.96413637483016
309,270.2386501202231
248,216.5605937906764
190,180.4580611934421
194,161.80539549265856
123,130.10618968438573
155,161.29228042329225
170,173.2380161778639
207,223.96953357927825
274,279.62825187581757
323,287.54433462586377
296,310.3200643036183
309,294.3598069174136
326,293.9974742773811
296,308.00513404584854
314,290.89403225042975
297,303.7065352429013
269,289.7546232906663
307,274.2492352965234
275,280.68402467874307
274,253.22712246998154
233,259.5255002796479
249,229.4829374534747
210,229.4940811308446
149,144.33646037673898
101,91.42238414755018
86,71.30953956262643
87,71.38529918017879
117,93.53981009501602
146,133.33597247177235
232,231.47131331070085
366,378.35367458344416
410,418.36352978273146
356,309.29334937787036
242,263.65454130869796
226,223.27325410150033
226,216.10665663310863
246,227.8918709803806
261,253.2678463637353
249,258.62632665138125
297,262.6662955745609
297,297.0063711646141
280,291.4616571448802
232,254.23604680400908
215,223.48573646290941
206,207.4242853466913
208,195.49564163812354
193,191.39573608929518
144,139.99529535465072
73,85.23424824436056
57,52.15833933750684
59,58.93956237094751
95,87.0290609031203
155,124.5678339567651
214,232.75870250209195
388,368.06421446338567
453,401.09613702294126
355,362.65224412443865
307,266.4725215743137
256,261.8314911172425
267,237.21561545716557
297,256.80799379473683
306,288.243237537554
300,293.93735123712355
307,306.2610196621729
301,320.0482151399146
311,302.34100544693365
333,269.57418380446694
290,270.90396265623366
258,246.4060366921041
269,229.04802679406154
230,213.09190979201142
145,148.1428736720493
114,82.00038274716941
78,65.02734763492948
91,68.44615441204576
103,100.99235342308434
138,140.97360358105067
226,233.61810482525382
384,399.67857109580035
384,448.613422529679
370,343.6412358295212
283,283.5335724978408
300,260.1900246074297
295,281.1634842649849
311,289.7226322011309
341,306.2347534487275
336,327.6728834471074
318,336.9000973856603
304,332.8208615347677
353,310.7939028333667
433,322.2795132983951
341,371.81863539451757
335,301.48239619319554
344,300.56557793928266
282,256.5261209701562
227,214.52272399428244
174,157.6557602837352
123,119.0232900585311
124,104.63511941549253
110,112.98515825668922
115,133.76836886532416
140,170.33533745071495
183,206.32682019476664
174,246.3585909128492
170,221.67578302577368
222,193.3661326346541
251,249.47148538733657
300,271.82299276940904
349,313.6067486563685
386,349.97484848749315
476,372.97114035803173
529,442.1943531172715
591,432.7205874460412
569,499.6495035485859
595,511.74231873626377
607,448.16886663362277
573,455.4464069575022
669,433.2828349069041
618,434.56488410896617
501,347.1705094489798
373,254.48270214811458
227,195.69939204123918
178,149.9697925881304
122,131.31695433669742
109,136.25841307689794
164,196.49682533162016
214,273.1428388566148
215,292.77916603527547
209,247.24398229661085
235,233.29407662433815
207,245.56140735865924
227,256.18756454012487
234,267.7055776028476
241,275.22855721881945
256,284.6036164655467
301,308.4834621829452
326,340.44764106871384
322,381.8725365810027
304,371.5865028604387
332,334.3043613722811
298,363.5519642914372
337,351.5995902472599
340,352.73543062268976
256,319.1994175385597
183,226.66001262264143
165,169.95964863693285
130,161.25494820299488
136,140.00822779408517
110,126.34024352811278
132,161.95859136365803
162,204.9068048150606
200,238.05654585859847
248,276.4720700856423
240,285.31091945516357
251,271.74022852624415
266,275.74875524512095
266,280.0789567984993
286,283.19166598637287
299,297.5996263040083
306,325.56331401232154
334,336.6379561144504
348,347.8260089243783
379,345.9074245083223
343,358.2413221623564
330,352.5255490933532
321,358.34378257367365
348,329.96930830183425
284,303.09170448579897
218,244.35776700819187
201,183.71104836406573
159,159.8761385226952
143,144.50081675425272
102,110.29976977866113
148,142.1134580890667
162,164.32542682564772
194,203.38439681926133
233,255.15231709978556
286,266.74980053474746
297,286.3940171268221
301,295.3081184054778
300,288.1677901938464
275,291.2675004566546
232,280.81809163286994
294,257.9454217554181
256,282.7054261898972
256,271.08091489389307
258,253.8932279424797
245,245.9881256269232
209,238.9969832422933
231,217.9467767814161
192,217.86047213563143
615,556.2556151126853
625,526.6879135860377
630,455.5836977437153
552,373.37418844437536
473,291.2570483517254
256,212.19196079242386
185,214.24261814375404
191,183.216617132985
221,237.7577384147245
260,285.37923010447264
312,307.5036394963425
312,321.67025167996144
321,319.1557947846105
347,300.11533885268506
291,325.7535717471083
323,281.7522994640332
397,356.39378079170103
380,400.910409397889
428,426.11452910645716
412,443.99221557417616
445,426.42646526063623
483,500.33882584225734
644,597.5526611943302
538,620.4989241428226
541,543.3896599792065
1007,517.6389548024199
402,659.9001572307817
274,361.80020039102936
255,240.49106031194634
231,191.74980543511083
199,198.6112500688184
166,177.72400457669116
204,206.23554638469332
212,260.0845913700024
251,283.3325977420447
261,296.28085083942113
268,274.3581049420516
229,274.4638823606147
265,244.43192290069055
295,267.85583312367004
322,316.9872126981788
376,338.97320312840435
443,377.764653143129
456,404.8907105484567
372,422.90620550731325
408,372.8980175464005
359,398.23534672456066
285,308.98255623819335
196,219.08413454513834
146,139.34787033063967
101,113.93461798875626
131,105.86151735755497
112,119.80670109789988
152,151.29675158144246
204,197.64913405977163
245,262.0662755592552
288,315.9519266313291
288,257.089755689754
257,241.44597374227698
238,236.54206545697062
223,222.92747688518054
220,227.47107409507672
241,224.49620044551037
226,227.9278425647747
241,230.12009796622698
260,266.7840047094009
295,305.53439786139774
301,278.3011288072784
194,274.8511710169933
293,226.5319481084469
217,278.11900677099345
188,196.06297040109496
154,151.13329409105526
87,115.29050982316078
81,74.67523677860098
100,76.81747604658301
100,102.92214105694923
152,119.69047969572374
207,196.83910519322865
277,282.2786777469725
356,367.5206454897901
291,313.9754728101594
222,250.47646764515224
211,213.84412639815943
192,213.6448689627144
202,197.122249390732
227,215.22664116506172
174,212.57201559413792
218,203.35087062799192
280,258.08418196719606
319,309.02328647913566
276,303.84415759727625
328,271.458277754805
342,357.97317610748536
268,321.6776990191739
246,239.81472639598243
178,179.8638909923089
121,113.76321925800144
112,80.88602404648958
84,99.2456304785404
118,101.25549928520977
125,131.71467081620247
181,186.4717901811173
298,301.58684507510736
385,384.97058391103604
325,325.49248632781405
275,248.82957447388645
226,241.37611798570265
224,207.26897030284528
232,210.31260244083364
185,219.3512487123658
205,182.52817432615126
243,235.38197229362737
291,297.0120322619075
292,334.8163263620577
313,320.45208448161736
335,329.4585810942335
359,386.1287267645162
397,350.92159538126236
271,320.9673993379906
201,228.82557316169598
142,153.292427723856
99,115.83035241783433
118,93.796582047909
132,129.9302018779717
134,148.15465548591976
213,200.51596193164835
320,328.9010197294242
372,399.6675148013802
288,357.61413941909257
273,282.41852725667223
242,255.39692590211064
227,232.40503053926867
223,233.62234467133192
215,218.33508773329763
211,207.51396502608904
239,223.15923954657237
239,268.4138961356971
354,283.8451474547195
398,329.84414845808124
412,373.32172957840015
497,425.5780305661663
452,478.1167610559597
413,393.04892007621856
322,341.73731158068574
274,290.7727054320507
176,193.52747428928745
183,159.16853970081416
161,161.66326427721586
150,151.41028463645887
192,193.21360792013914
297,261.3766656287271
306,317.2508393906523
274,295.13930205872987
273,260.2602141712919
270,263.67162534252
239,256.9274511845797
254,233.7472938603452
235,247.65829872531611
199,231.49313876758708
270,241.50717470086533
326,296.6848959030035
391,378.2513886273473
412,428.5115177742021
427,431.2262215948659
444,484.79747252309477
574,542.2440134450537
522,583.3603771826198
533,504.60376600697197
482,443.4540226681482
331,345.2696437516457
304,257.58385462049444
222,220.29220967027538
153,180.8253447054198
149,169.25176095328337
185,178.49772735947064
215,228.5687806015045
280,265.3874773689694
357,312.24273707518694
349,346.6344992362594
325,337.1334586852392
278,314.7969524111044
255,280.6846337250662
264,262.0074462940822
405,327.246332918849
374,418.6524971140674
394,422.1810857757461
420,415.21890001831997
350,441.8771290324455
427,416.3276935345885
603,554.2199401867808
532,565.3335429784777
523,540.8266378445229
486,429.7250267575523
352,391.7097222216386
326,294.59822406694354
252,233.5420591523846
154,172.8074334238436
165,160.98629151535664
170,171.21165110454388
222,205.1331917827622
292,256.48378639778207
319,318.67609049633506
304,319.37646397490624
328,298.5940461315119
257,302.38285549511227
350,259.20175170829145
325,315.51383214664656
396,335.2998348049293
353,394.47185646632823
371,358.60638013847984
340,355.04166570744667
279,321.45069306100226
334,317.9858793390341
335,340.91434656940294
283,290.1368084089093
223,212.9376461508454
164,150.3224649283707
108,123.1481341797157
117,110.06802419330477
124,115.09412271849332
151,154.97522825836776
172,196.24079495505725
273,247.14226050092321
321,314.0365604973271
341,287.0548624009342
265,272.6640644109895
244,244.94942497382942
273,229.13524205159948
264,258.5571053952593
234,254.17796505606182
224,225.96071951344987
246,233.6421737325689
279,269.9014650356245
336,297.7971528999894
288,307.40597069576194
302,249.3419676503044
338,303.8642084371331
290,307.5076346608766
256,227.06865393873707
194,214.74739150676038
155,141.43052622094268
120,116.0803750943848
103,101.49367861904098
135,109.05910634035111
147,134.31323630405737
197,170.3298556758466
324,246.5960340043964
374,368.2491526115323
324,363.90025955969793
268,278.789293785901
250,257.1686439594184
236,245.19662484985804
194,233.19657105096786
223,217.07265283979171
233,216.59954818310774
236,247.85727414852283
286,266.6338059642141
326,324.0010322421153
313,319.62276730609693
262,312.55257922235216
361,300.3625533224791
346,336.72956534151433
237,279.00831511168207
186,186.4397138075483
118,133.04346384430397
86,99.96856744839972
79,84.44186774016748
97,111.49208820500006
120,128.2981762304352
218,183.73997212997327
330,325.7609501950446
396,397.9728744621493
311,335.9521102585973
280,263.4279819100071
224,256.83805444033106
239,220.45751940676348
177,220.1689706203176
214,189.69479885798847
211,210.72921121879514
219,241.44463368753097
276,278.6992551677532
323,322.2120083964356
295,324.75716847750016
315,308.66035982242295
354,374.8912685006534
370,385.6056972333538
295,297.07398920312374
215,232.8279525274832
162,159.73703702073195
94,118.52442066255784
95,90.21325911473104
112,123.72057996753647
166,137.6147370486523
206,225.32867854653287
345,325.7303819737831
400,398.5192328776808
318,334.34659336619296
240,287.30254050671385
276,233.68885302989878
237,256.82964509722547
183,222.64127931084835
228,203.4822723399928
204,219.8493290979928
270,223.37407094337198
295,284.58765436427524
338,331.87058983273255
307,330.835219411358
384,327.8948810774688
459,419.12826935240884
437,456.8485609523525
424,382.03971356697343
325,346.69523488916315
283,275.1461038390046
162,201.53666748569628
166,157.49392646500252
163,152.6285284301893
182,159.62885726144484
222,212.19884120920227
285,304.053264841226
347,331.94895669564625
273,305.6746633013831
272,254.50164337293495
263,268.97159741180985
213,250.58095893969661
234,219.85209697958538
234,235.31158185835875
247,225.92557551615948
257,279.30529423818615
310,312.05073378922566
417,371.09951638049534
362,417.1795581157189
370,399.30176901531297
530,438.1289184465459
560,587.9383658728151
566,526.3554883585138
538,535.9898902343419
461,482.4599045976848
343,377.94265925900504
293,283.244332732127
193,230.18800562703652
159,157.69380749421023
167,168.55580950542102
146,196.6427141248689
227,211.3305742652917
282,273.18429703858163
323,329.71986249649285
350,328.20828749251694
354,336.33671801997303
304,327.068225950136
279,288.71565086901575
291,277.90847117846755
412,349.3986415934407
413,425.32645086046745
441,451.16838024378114
455,436.29351465948605
520,456.90359283601447
499,526.3776903191037
634,613.9258865914779
596,573.5624379253252
466,582.0968207975782
479,477.8580724706935
422,394.3100517364029
353,321.0751242057041
287,238.82433679374614
162,171.93342737266676
182,168.61391289424378
171,166.80418960360223
221,211.98036124750982
290,275.86016134795227
307,320.5131256238054
331,318.22775963381196
358,328.9919260411761
310,327.4520334412458
274,294.39848646475946
246,282.4265613403962
344,295.6814627777681
366,361.0167647282351
383,371.0068998913766
351,358.7084465788135
374,330.4740222857922
395,374.5572446209383
307,388.2518231389743
268,272.2339075023167
211,207.45629119215366
152,154.49289409595457
111,113.58191468715644
100,110.49701471922212
142,121.02434233653977
138,155.885374126051
198,191.34761080448965
265,267.03714907068826
357,325.2052153409008
319,309.09472748270605
236,268.44263564771745
202,229.9226993880455
231,210.73796855807402
209,233.923427852881
206,223.09413512249287
222,213.3703349489437
237,241.15224146546186
280,267.3701814169227
298,315.9963773875417
262,283.29006934230335
273,242.28246681564121
301,294.08997021088163
288,297.24988861914
265,227.96752993747472
197,187.1448558035854
125,133.0232431945219
66,95.30349486580016
87,86.15519734841679
100,105.25640006855343
129,142.27120478284843
185,199.78745552804827
294,291.1843364556296
370,385.8856868773123
291,325.50337855036355
228,242.15190903370075
234,208.79876761749586
193,225.56997893116758
211,196.5396634183467
222,216.6585798031023
210,212.57477618595203
214,228.37171536986935
308,269.0962396483775
322,329.5288268155007
287,293.8516981309694
324,287.8082065529749
328,352.81906827576046
279,331.46349980425657
277,248.41206203445415
222,201.92972679219548
139,137.07515513592347
99,90.5949332561787
106,84.48998662150909
128,103.40139809916242
149,131.0437345248345
259,199.18264133288775
409,348.28660211684513
477,421.99916868055124
471,387.41914105764533
310,356.7214608227662
253,274.79386355719714
198,228.33419252492453
232,199.52898547378553
191,221.44639107976658
191,202.24492886818558
212,228.1238401542015
303,278.07002544071
313,335.4776244009095
290,313.15458660482835
332,311.5997650130499
376,361.14073973969346
387,369.7690060754163
317,316.9879603148255
247,240.66291869810465
160,171.7370415878478
123,111.13529006657278
112,103.14456240235847
139,131.0496708473835
146,158.7135600910805
220,223.74411129823372
329,360.6670223472452
429,434.5246569510645
352,388.32956150435865
278,296.0638840899134
241,271.3073097384712
228,227.83258426051646
200,227.38672495955376
249,209.15639852308124
235,225.5218888660717
209,249.04270243590113
229,253.88471356814605
309,294.95598237304534
336,308.36189403225865
338,357.6085098708078
442,404.44504518972946
388,453.8787756928033
378,382.6497325635039
321,324.81420690803594
245,274.82232801562395
216,182.6317054079753
184,176.85082436056507
177,161.0129870680749
148,154.46904074272635
194,203.5048834227973
259,296.605281737112
291,331.5434796520445
298,290.3871170578921
233,276.20826159098635
252,241.6259696143434
241,243.67473196836139
233,233.23489595114273
232,238.19078846485925
236,241.89807296817241
259,259.73683272666426
297,303.1576986313992
387,368.87734443158695
412,402.71264860683124
422,412.75662046108863
456,494.5900883298729
533,547.366361566804
490,557.5794197474892
500,513.2070159858565
458,486.8166783216585
408,380.1700009552969
301,312.5774022036004
224,225.86163986568923
160,156.84442119306505
161,171.81186345280855
147,186.8271910303554
233,211.12872352366355
279,283.0747568808022
314,310.7894395572672
354,334.82946655715654
316,343.9594329227225
329,302.9906609185628
286,307.55750393983436
283,287.7565523760364
330,349.34933046012634
354,366.8113337639272
432,409.3817531473074
409,441.5039104961747
357,446.1808346790735
417,428.16132043366247
572,534.3432869871478
559,556.13406112916
538,539.9401164996448
468,496.9960507425826
413,397.7107916018847
322,321.4254004124987
234,241.86107873178372
149,158.9104050405788
157,166.19663947204504
151,158.9953309952555
217,201.8506779866215
241,277.28356565518095
333,301.6135254922846
312,338.52604141222866
281,322.3799854039298
249,276.56333791804957
257,257.6196388524862
272,263.5580602553729
339,312.1938978302632
331,356.21230897465654
313,348.95215674567817
332,320.5337305678815
276,329.94700874203534
317,325.5469881937793
270,320.2391941368282
240,246.9484970230345
189,193.45773039570733
125,142.32976178731056
108,98.75257868242817
107,105.83453442050538
115,121.84083842672813
130,148.22348068395087
171,198.5481954635378
195,263.96928390072884
291,292.6891210689821
240,284.9499859927861
244,234.34367067917833
184,231.76267590477002
208,204.24624721556944
195,211.65711059883418
191,211.8327883816441
151,205.60588270374006
185,188.6988332808249
212,235.85141515804816
253,258.3956099143348
189,257.1204029297859
248,208.77912327656486
309,276.38924453575754
241,292.4394823261085
168,219.56559952842173
133,143.29522654517163
92,105.52646278332983
69,75.92924919206163
77,86.89914839128072
111,100.00303743913089
98,138.72046886856646
166,183.88403006612253
188,256.84472835618647
290,308.26743658986516
275,269.0084417001194
225,234.95190461393204
206,212.75463162273738
188,196.9368410301986
182,197.72183054400068
216,200.0124836732635
200,200.17467078598665
199,210.92166693559633
215,253.75202164182042
275,274.2768668810182
280,265.8607341955952
345,294.9313895511826
415,352.9306265828334
369,353.83308232740217
266,269.2476779982576
177,185.32612873592072
131,116.35289126847766
90,95.2857476078736
114,84.95230901637355
115,118.08106419881874
148,125.51522686477192
143,212.1380721386372
151,198.90542202781205
244,254.62844895924957
237,286.67020159105107
221,243.0692285857779
206,217.2206890032013
250,204.3062772462948
259,232.56806246928514
215,233.16944576211225
226,209.68185977993144
231,228.59123253804202
259,269.6285021340275
279,301.93889976471536
437,287.4721310599122
300,406.9910201389046
324,358.29892308022505
347,375.82022323450343
258,301.50218869129685
241,223.30643141961258
225,193.88556720747115
205,157.81849461733444
181,159.39731460324776
146,143.65636351029755
165,151.27180350317218
213,167.72566954399986
171,222.1007448096373
135,198.7346857457374
138,150.54755480765672
198,153.05523510243623
257,209.7896759378641
236,256.5330647945486
224,237.1744683845004
235,228.6844214204691
215,240.6777451054515
276,238.04347634590388
257,285.87715971041166
259,287.37152229417677
273,313.87810464728574
257,290.2166708960028
273,261.1246734251714
283,303.4202228182861
235,275.2787732417669
189,203.97992108961145
175,172.82787202692336
131,160.5232369395501
121,157.1145563236186
122,154.21628061350086
100,154.00807775598074
116,190.84577259721453
110,198.59803600066357
134,179.14170538342307
188,171.34195309464482
197,218.43306263128235
228,228.16284063835587
221,236.11861591490202
173,232.44282675735593
200,205.45310101826738
209,217.04923647953322
315,254.31820282845493
290,328.13840322262234
335,357.12072609274594
302,378.9846982329386
307,334.57754204038946
340,368.9083151607139
426,464.63757018142394
367,442.0001843130706
387,392.8409045565516
283,381.66878757693854
223,252.98667775931898
216,232.45747762542732
146,194.6844715360312
111,136.57554141887735
116,136.64583047923412
132,128.90678878328737
146,179.9705012721175
204,199.19976465713742
266,263.61806296018915
254,310.3471598320855
241,282.4031555666904
228,257.09760043646367
211,243.53463296005717
227,234.71621312379216
315,287.3924288488782
322,358.27408232730374
357,373.6006557555529
350,378.6484037137266
302,348.52898357605045
389,357.49576109292383
477,445.0536697566248
396,481.97628825020695
418,390.76068288101544
382,396.9826378553713
285,322.68179903242907
256,254.37176300325746
173,216.25579536194454
147,137.61708018955304
141,146.40344668209516
141,152.64006794831377
196,184.9873746024828
209,250.28346632696162
303,274.9361388841928
383,303.6424385813563
328,340.0432805531594
307,289.22600353524376
273,277.5105910168754
271,259.8780093762904
292,308.34214521703024
318,324.10077266202165
368,334.1707339061419
308,339.9412188353693
293,287.1188356035385
275,320.1072540707478
223,289.780495527638
214,218.33494068717144
963,782.1889551681079
1022,680.79966321391
910,564.0387653459045
709,468.8569294712648
450,268.0964457437863
281,192.92141214776126
254,249.06730308368373
258,304.86348770472443
361,334.6551524232386
391,434.21019130766894
404,431.5813079579946
457,441.03466664859354
399,482.54059310576616
446,433.2855569990329
492,471.7345814471299
524,515.4920402315158
519,549.7441814026561
549,591.5635234906538
654,628.2582247017533
715,687.5075150083215
772,725.903529103544
799,768.8328272030157
876,860.4721284084404
944,849.3866931182664
946,855.0243850975631
1499,852.2588337452448
561,828.8284758119195
342,440.35622221414275
275,252.40067645496376
220,199.64664815829585
211,213.27279961192636
256,245.79856098974986
293,308.9913726675205
337,361.0401746332171
425,404.28973764523045
379,448.73082575366675
407,406.4795943187758
402,426.3121748077433
451,457.426196169734
409,461.9959016374208
438,441.3299012329307
497,475.28857770150273
510,497.54972492081043
518,488.00667901467926
485,480.1586314825941
396,469.26470170552176
425,395.57323684927997
350,332.8998158186598
222,225.48877338856306
109,151.91668957130383
72,88.70482725309951
97,82.17683654920754
115,122.11845019908748
172,145.90925550084188
293,238.66624782094996
379,357.5397058327571
396,397.38434358711703
424,372.6647811198578
311,352.10751778301693
274,292.05660401440093
292,287.72584740025655
303,318.65885762686094
348,317.0988703711363
365,358.14272490680503
384,380.7067094634302
401,426.2491314042593
423,435.73586380923064
350,410.6605654180784
344,342.43439726950015
293,330.1135109379255
284,311.05907875295424
253,256.9130844845887
205,185.53682793433705
117,108.65141760508789
72,72.1887607998577
88,66.11382809440819
118,110.6320687213487
164,158.02493078886297
249,280.6995234468366
325,380.92650771378123
369,414.8068075033611
359,385.85309973695047
314,306.5974214573995
301,296.1349286093313
283,297.0980337284445
313,296.0137114669036
319,340.5194777139532
353,346.2356619763692
347,371.7532330268493
432,420.37031273333565
474,448.7039019488365
498,415.26226906854765
461,415.4176204943319
348,399.6728741793002
438,346.8739834451284
394,333.45493656561916
257,244.69971413071497
146,144.17247313823378
87,91.23334530462634
86,82.46026168463801
117,117.94962452537845
179,156.39310203665013
316,254.75133003695947
399,378.6025624376177
408,418.9978143576473
423,378.58684802209706
330,344.7818410062353
248,323.991552268043
283,260.8934930346744
297,319.2465161846089
360,335.6871200879654
342,363.12168568484
379,366.23319297928754
450,451.60086524524723
444,495.9861391870785
431,469.88530855379645
371,422.25064481774365
402,383.02600803050944
508,431.90162785777716
367,423.0451733716338
257,270.55617427630085
150,160.5795193861426
97,95.21329680970305
87,91.75530109867543
135,130.70229459160393
187,182.00702788660584
291,285.8401249911459
388,381.30776595778195
457,448.23902747529854
416,449.7615311965037
344,369.5597987164331
364,328.9529286115196
330,343.5828352793157
331,344.6367576622028
358,359.17424292933765
378,377.1515002962122
385,422.85072754959094
536,461.85979725805595
571,563.2638818704942
517,546.7413857190878
467,467.1574522762116
455,461.6125995371532
441,509.26480204666666
433,411.65362691424315
303,315.39114410692196
189,193.39883543580544
100,129.62670869583783
116,107.21363735680238
142,157.29937674795016
180,175.87580488746985
290,255.1042543178959
416,387.7412880244961
449,470.8015796776118
440,429.204953305624
379,385.62011245297197
327,390.50173397070284
401,355.11284839064876
399,392.2500985765727
435,417.12378862651036
432,474.9693109421141
509,497.94957330771103
596,598.4743938751767
623,696.1175789578034
669,669.9602225190541
566,710.567479377906
515,648.8050710871073
649,629.4248614858005
680,682.9514073508252
607,623.2035752010023
453,475.2329433058629
312,258.4282183641667
275,216.22823824626448
161,183.87274418655971
154,166.79295107211564
220,220.88581967984587
298,270.04698792955526
317,354.7434363015435
428,403.591309919307
413,432.49740574062815
418,431.6375734886756
427,442.32135227322516
445,448.0746858104377
430,477.983391518175
523,471.6213594428848
549,550.165377951734
618,593.3235573637414
684,659.157730814653
700,698.9623375879173
617,721.772787262851
636,675.4279728065029
732,728.6141740261686
789,735.4725976812196
766,773.907795244747
540,641.7968709498306
346,368.79525304538885
285,271.1278070375538
216,216.87460439896714
193,172.48790016511316
196,192.34161983953408
245,254.59071628441794
304,302.3327388428087
377,368.3091929885063
421,427.50608592720704
457,446.20926964917476
477,460.79978648489146
430,471.51917881896776
549,447.68892468029753
547,519.7785183956014
479,520.1108702533649
499,500.3422532841237
487,508.71142339932584
462,476.96037510764
384,443.46440050727415
392,392.2440878549008
390,404.81701934181325
292,304.3346652199515
252,218.65918690522548
133,145.5854050187055
116,86.86222011225006
76,92.83734171824219
117,120.09372030212897
170,166.8416600136697
280,257.62097581478764
396,366.8471284838538
457,399.8497646296331
394,413.75379064310926
296,330.46614694295045
281,282.866561806493
292,288.81352750812454
372,301.96739336285816
374,377.8260064387234
348,386.2371773134935
376,374.32646561799646
453,421.4500179793166
473,465.8038464000177
398,440.23053347767916
349,359.1170934732903
353,332.9505117565677
340,334.31476219988247
288,279.27246558015077
184,243.43681815978337
127,133.25322731772556
67,95.53070822774224
97,81.544799859628
117,118.21469460462707
153,149.23525396675242
266,213.12144967264743
307,338.10561549156364
404,376.17944330183184
354,394.39644707825454
344,329.96198757790944
355,351.95296299072277
345,357.78879129285167
356,363.83616409998643
345,378.1477032975645
442,369.7738133724035
391,461.74992338575623
514,437.29806799955304
485,514.6462814152962
398,484.2534430839222
407,376.77648181157474
405,399.70173977846656
418,393.83828221812973
337,337.91375280613175
227,227.5539643414291
127,134.88265815467636
85,83.8077556279881
77,83.12738346797947
122,115.88488104289056
173,163.27947611493386
293,276.0868984263145
380,368.4994442499625
406,416.68732940558283
418,388.17635279459887
331,351.00478708137445
290,324.1433999502655
307,299.1109257023438
301,329.8190412287447
351,341.8990135518731
395,365.39789625401494
416,413.12102772302904
448,482.56783571071026
477,489.8342229808984
486,446.6206597243705
378,437.1090438025058
400,397.08317779105363
391,430.22856195449305
365,354.8338727341026
231,258.8171156401478
146,141.43643626712958
96,95.91327007335907
99,89.21455822071951
139,129.68308791213514
166,181.61360596781472
309,281.0055674769349
401,390.7698769492576
445,442.15663096024815
396,414.5531761915694
348,349.83911695204927
347,341.2149111319086
369,336.25792393447404
339,359.435039932879
395,362.2275415849566
435,403.9586379760865
422,446.29167052006204
548,500.9606172036648
590,564.2987256523339
591,560.0828745827088
536,510.2070536293886
467,505.3451795614626
459,480.38712341802653
401,417.4119693537666
304,298.74870731037925
202,194.8530837877815
139,127.30577650254726
129,120.28191457552569
142,156.839256251987
175,169.41140069621267
308,276.42932533845413
380,402.00703197758867
493,442.1349371680283
421,452.98108089703885
324,387.79147342516274
354,352.5145452027557
340,388.7249520302534
390,367.0440480200434
432,435.49534179299906
461,468.77587777049445
500,517.4600029397645
634,596.9822167480455
645,698.7629764973317
707,687.9057854230961
624,676.5109454273502
597,649.4914032916264
684,663.8792584118296
647,732.3623493697941
563,595.1278091359744
460,452.2512393219997
303,353.61506408208754
206,238.46447227709675
155,173.5548774385482
147,158.25847535644618
205,218.41084142189607
268,281.90055282787023
314,341.8723930825127
393,404.2197922994212
402,403.5316409403816
438,430.1213618389853
432,441.747635609215
445,448.88531627192293
493,473.1045783077013
470,520.4796273732633
575,520.2066652141576
677,622.6512991897282
738,708.1054807365242
812,760.3620430735116
765,753.7801279876074
709,759.397409202737
693,784.7480325500235
793,731.3785541363892
732,743.9533079054879
536,616.505427783277
397,398.8533055619407
320,287.16322730997217
278,217.11519533685103
183,188.75585745119554
200,197.27677267551823
262,247.7929494396798
297,309.6047312350818
387,364.82543072017756
446,427.4224874597718
440,459.4831681167011
468,458.75898121374655
468,453.52158388492876
477,491.07520224694525
517,478.87688218747655
521,508.40285733275823
607,520.7777017286534
572,578.1693724698796
566,545.2150027003316
494,509.89621234070864
487,465.10412314608345
478,462.67426111316433
371,401.52281821866774
244,251.80735962903447
132,142.75571991318475
92,90.76528565606114
98,84.4887541603217
122,115.15695250309808
174,166.0668120553213
308,282.3216581395827
345,398.07229665652943
434,407.86541729089464
422,406.83041378136187
409,342.4527647852765
304,364.8454417135356
329,298.9021972577244
367,340.9105637794001
358,378.06471800008
415,370.0884646849704
422,436.48702667548497
467,468.19168330799505
514,490.508376594519
428,473.57735257712864
353,388.90812543199763
346,340.37781758661066
325,333.9365278498878
269,276.9970513002352
225,191.48431772152034
111,128.01926149841393
62,71.32348055922509
75,81.99105614625812
121,113.43452745195337
157,157.5430509803103
298,276.5928571892263
377,360.8044432813364
453,422.8467862730949
427,393.34328746093956
327,370.843886666913
240,321.7682681756244
266,280.2607194164804
310,303.3822318175572
342,338.7787158581954
379,366.1739258771789
380,401.2344604862578
486,444.8911899749213
493,507.6622291648253
448,461.8479892734709
353,405.03229312471785
349,362.9102057122504
400,369.48129128716363
296,329.921171451673
203,221.66927371511423
118,119.9928118464876
77,80.63525406479172
77,75.82179533641636
128,119.33941852928196
166,167.67116170844
331,300.89336305359376
366,404.74908885490527
417,432.75424023646775
489,409.685013549081
322,395.58919639585673
294,294.7041006357029
315,291.836073842463
298,323.2784751401612
388,339.2764443231982
394,393.73192902827424
357,419.3555779821124
513,445.8432078064565
547,531.2827654881727
480,503.60474169702115
421,422.8830182767065
437,414.9726495583081
428,433.96294315781495
355,364.91085062891716
289,245.66072988918643
161,156.5659104848852
96,103.62022949105985
90,89.53387229080867
127,132.6531248526926
189,170.40542926584354
299,312.77694622961724
437,396.3361339857931
490,457.767287498549
464,450.3475915753578
356,380.99671986742965
315,342.62286015655445
340,336.2280070580157
364,339.06150365889266
394,392.20138682582393
436,429.42126131493063
423,441.69159215014196
568,516.5664005971515
633,597.3412719627984
618,588.0904918692792
490,546.2263637577363
483,487.2279055545904
488,479.410360939494
423,430.8796032252828
382,315.5154316992519
208,236.2487370344049
141,133.8690199687987
113,120.48752774993726
148,135.89178888795735
191,178.3393719270675
327,298.76116483255345
445,407.85483105661257
458,489.59669923207866
464,451.8175159909689
404,393.85155958298895
382,382.1668219997449
395,392.40887535573626
352,406.6134779617056
432,408.6505666793735
434,460.92004299352146
490,486.60135581120676
596,609.0093014181577
692,653.7464118495687
678,719.3656836139794
627,639.7440236779652
586,620.2806358025921
726,671.769803049927
684,712.9007852112895
684,572.5766934299419
452,532.0881261033206
356,319.75719429639
252,247.809121055697
230,176.07110477904797
188,165.05850621248788
243,223.2723465099933
309,291.6980499936962
397,343.08010723772037
480,425.00016965402983
455,440.1066778733986
454,468.3831869980145
443,464.2900954828755
498,446.9630999904168
531,510.39764187303876
526,531.1274234472683
578,558.897129967441
658,635.1033034571948
722,699.202583977491
818,726.3973257719629
718,793.6376665007657
647,710.3329513660674
716,712.0180987983139
757,726.7555810045073
696,725.4034739762006
493,529.8793581637408
374,373.5207121206897
328,275.9249772211163
251,239.71781409040995
185,187.5495489220977
200,202.51044130361169
258,253.99927882854738
296,311.55881861947034
382,376.9956510465922
466,438.71928038570155
456,465.3127939208005
482,466.4591177937566
450,475.53206367709413
505,478.1607706169024
537,503.55608987067137
552,517.7750495828351
523,553.5103347024032
551,514.7840129309914
494,523.9299940844588
503,475.35773170527904
428,468.0318452918853
434,430.36751966957627
372,356.2078198583584
239,243.71783920847415
126,138.5104968092662
119,87.8783600384252
128,96.94420060317997
156,123.79397270740846
180,175.11272775490937
319,296.610287793014
379,396.5650015686134
477,412.47714075392594
416,423.17985730171995
375,363.2951363894869
290,341.1436350503516
298,297.0322764922259
341,334.34107274064615
353,369.1270368048134
393,374.4821840821448
412,421.8355752307564
418,472.4632021186008
425,465.56026955065283
409,405.6852237812902
364,378.4479037469153
312,348.1511226873029
347,309.4252460082602
307,278.50417661557117
191,210.31743209120967
118,112.70297769024621
66,71.07618211369406
84,82.6583103684518
131,118.7018673899777
172,159.39614876240958
286,291.731323347927
421,371.3113191191041
471,452.82229572725913
433,395.5935861461887
365,369.8752620758314
329,330.8078012569721
341,313.84273373622875
347,342.6200691825984
355,358.7376793316175
439,375.9888886177433
458,445.52757983347743
542,503.91451650872824
654,520.1985893741032
636,561.6335863900964
465,549.5849052001431
431,413.93968126279606
492,415.4833849183556
393,368.3435569551313
256,245.5249392657732
152,144.28091488309917
116,93.64822739393952
107,86.83703657884205
122,127.4537205991938
164,169.85342340178204
280,302.2201228209338
391,396.0201600941485
454,449.3248841794714
485,438.8676314806697
398,405.7589884914732
391,371.3191276528155
397,368.17375180775764
383,380.61924737731704
456,389.3128287366983
452,466.8540685046278
475,461.89608556413936
552,519.7978530455462
527,588.7605913720275
624,540.7576310477444
536,516.7256358977658
455,509.5856745334984
411,474.9428981961054
426,370.73661030757296
382,386.22508235819225
227,284.84689567352984
206,154.46575449041538
149,149.43900517563432
125,142.74524771350622
159,156.27340840475202
206,204.0660048632812
207,286.754469658919
208,284.9568781710042
244,274.7169209494212
272,301.55181151638004
294,319.38731544003537
342,331.85352493596787
465,375.84678658713506
555,500.1509599990564
665,542.1704745774261
717,617.9370508159817
819,657.3091344485986
781,739.5110656394719
703,711.9755945246799
722,633.9825385537212
826,639.0253585293958
900,696.0387792411012
842,766.3977713107236
666,557.4159143022046
442,331.9240725449492
252,226.48659266708597
176,162.9476220406098
156,147.26320648035977
140,172.92153282919546
185,243.7523952792807
278,273.64887561908694
266,341.9804715229485
291,314.9343397138305
325,309.18431667611605
296,336.64250689405867
320,345.7501244886274
356,370.5334379197913
367,423.1381536257976
362,429.38671613709994
405,447.71481601590574
476,563.8274815381274
487,613.6266689053857
496,598.3058956082225
454,590.8750135991407
463,559.2583652780432
478,618.5909063638835
511,607.268904506891
403,540.9173313898086
306,377.68245343654144
210,273.50309840732683
187,216.6793350581156
158,166.19779353135502
130,153.64356464478112
160,201.33322192127295
228,255.7649581825168
234,299.8014376738933
309,311.3450467125816
299,369.6179336283137
358,348.6662839812073
375,390.2604709806746
379,409.01600284063596
414,430.32071306038074
436,456.8361471562979
450,491.3256741449617
540,526.9743393905912
591,611.118527547486
566,658.9828142445205
561,592.8717617006703
577,591.4579892373324
593,644.3653890595198
608,599.0436467071329
482,580.572613017703
395,412.3956821453333
263,305.589459487332
214,237.28393343742277
171,206.9729672114111
130,157.55676655933212
171,175.53408946115857
231,235.40091169220176
235,276.45128651825297
290,311.0722569458825
434,342.115337189419
434,438.1177954176999
437,447.0489886026466
491,431.4749359116186
487,487.2916508803682
521,462.7709049583832
477,502.2811217655703
485,499.73986943251913
485,501.357175555774
411,471.80489286542235
374,426.3301810014313
342,393.2682370781761
377,366.1750699479329
319,322.081535676252
474,434.050600465149
368,327.0079837850121
420,258.1702890401823
387,264.079334728979
311,170.79831154271108
171,149.9306326206442
118,152.40932347349832
145,143.1296226978547
199,204.3866902794265
247,274.7581406145477
260,302.9056351424917
376,328.511388354736
411,383.78681940100984
469,416.65938318255866
399,429.5728803101428
389,374.80965312650596
408,410.988024625205
463,439.2724998279921
489,490.9876714716627
491,501.22407257695744
492,486.7882563805114
539,510.2460902533605
694,567.139363049427
555,583.9019944245506
507,453.1038835424614
829,359.00044955150736
328,447.2071555248846
225,239.8400854998378
165,196.90020263093072
167,129.11099402795423
138,129.66346477554106
141,138.10382656583553
185,179.86089915733268
220,245.69505922733933
268,278.77201048823747
329,337.5001931233157
314,355.2962604197719
335,361.1937560129604
314,337.20335646048795
272,327.2375013798835
333,320.4306559194575
363,375.4978426427275
398,386.187485564571
376,369.98991488985297
488,362.1788482367086
480,471.41697463386504
347,461.61833730742455
204,263.26956179904505
158,169.1299415217491
53,91.73827318763229
53,52.48564162681759
64,49.47445730122604
76,74.6775927613533
125,106.73925963914314
160,165.407858319581
256,246.791038478832
311,341.60654418789164
269,278.9698273250265
281,255.03915871940325
284,277.4403396615207
239,286.022547726085
313,295.06163100448333
284,304.92990990972214
280,294.7821188073137
332,320.3152587595405
428,406.84054859327784
415,445.2902482830995
375,400.24959607727055
383,404.7625751909544
461,424.17967905486205
395,412.85935640497627
198,225.0017308886737
122,127.12096385033955
64,65.57884760008453
71,52.87969021873868
49,50.50523071138581
75,67.10931397594176
94,103.17627803220405
170,164.10166456197953
232,291.6381865581361
348,348.09662962409624
266,296.18699826476967
281,269.88390345249934
258,290.6013248656174
259,258.0152720969732
298,299.81476614184277
293,302.213387958365
301,298.3192897356746
374,351.78798195426674
449,459.5097113231412
484,468.26120273245306
448,456.04630625676253
589,456.2234822248292
545,552.2286406187097
441,467.5877970672302
271,275.4302246367697
155,163.8728563587327
92,77.35177801750336
48,50.572070893860904
55,37.49676765694773
62,64.74329994481887
106,99.26228923184831
170,173.5974470799448
313,275.67783940829986
382,404.32148701330914
303,304.2210601765565
278,268.7593653018561
245,284.26857063852816
281,264.6142130023916
356,308.10916649399815
354,332.16937342466224
351,337.7065518039858
402,393.81661072182317
518,479.9563795390233
530,527.3135191384433
512,504.15391351384073
583,558.8421419576243
548,578.3447304247279
561,491.1989233268969
338,375.51359790017426
196,204.26559480263214
87,109.74832863794698
65,61.88671132091862
51,55.32965463034947
80,82.32430967599939
116,126.47793216942422
175,187.59692687954805
317,318.2364709765622
360,416.79398657892375
327,343.55595642646733
273,302.7034371413971
313,282.2987461954466
315,316.3435500148072
361,355.56777252001194
397,390.3423548198584
380,398.6866336830961
434,396.43688687298663
466,464.19299888651267
533,489.65032170192575
583,525.3142492031677
649,604.2354224040317
681,597.7435546454982
632,612.9892876664379
450,481.58225016788634
273,317.1053874094469
167,175.15478017654672
110,134.57944315454003
106,101.02147942584135
133,112.81120943935007
133,132.40871176144842
191,182.48604566713502
277,278.333634824703
324,330.23918371829836
277,316.03337213752883
310,279.9981030473009
330,338.02053504850454
320,338.9415566269357
390,379.31715044468996
396,387.2284112482174
386,387.63082667370236
379,402.23376819978756
467,434.28086238086183
545,515.1204026612861
547,542.1985344211453
510,534.4934384204354
532,531.9700416152407
588,607.0880506037664
533,526.1132165627888
447,425.5434980096254
269,308.694258193626
212,210.0616336783261
184,206.5063551316583
105,157.46748160416482
101,110.19102899357209
112,131.06585508800725
134,153.5494550083533
182,204.414823189909
258,250.09420491641234
289,303.5085826551316
332,342.73417098854577
424,357.8221953938604
354,437.8804586600277
367,365.54500368843094
380,364.83948138478166
390,405.69553666844473
439,441.29636351199105
510,489.2329922584072
456,516.2496392303993
401,478.7815385104003
478,448.37743907446094
532,562.2226972170808
452,500.84670278595945
458,418.1757454005929
408,310.784702789353
277,275.9653626874733
171,214.54509526935573
147,145.40806822719102
91,126.97756963930257
86,112.35037023748576
123,123.94095375560705
204,174.06371732826372
260,242.4074829662939
318,302.52466897570866
379,354.1821587604334
338,372.9508319635769
370,348.8725106877267
485,345.90415754029107
416,414.5739754589066
404,406.2619373417865
482,399.23471801783364
504,472.1355211442463
417,436.76411862700166
407,393.95922495116776
334,418.149187460442
506,337.80496799495273
248,303.52221850374497
269,179.42927024951027
73,126.04271373997076
55,49.28381531702381
63,51.13637191491118
81,76.62070178092546
132,107.74599649342818
134,174.21032698002142
216,241.2453713389096
347,314.5867329581468
266,291.4706764745924
299,265.00294141987195
325,292.251487902126
313,303.98219932234554
477,333.0413314352746
329,424.2380578874143
335,325.6594596037757
328,360.42312674990427
497,415.3039361443763
488,506.38345179231413
448,441.5442412111915
524,423.154268617749
639,490.8071897229903
441,535.4481376018746
219,260.73462809581144
186,164.98590999127427
87,105.70472079799448
68,69.72655072054044
69,60.09597882691375
78,75.12500671717997
123,96.36900569154616
147,142.38950406932858
303,192.36144108811752
446,367.55351346281117
342,372.4190449079275
271,316.0285001484188
323,297.1201722681652
252,330.4644537961643
302,299.3385746583811
294,316.01720341641123
307,320.1322036331433
372,344.83909080827317
468,433.3082232392041
560,490.7136785300935
521,513.1708230389697
540,527.4421179142739
557,543.6973314268328
463,477.5925569227409
259,281.4865554705346
150,171.14714283790872
55,87.79216402835084
43,41.37042092359909
33,39.05487344933346
76,62.262893871657134
106,108.87826709235344
171,168.0938223194539
302,314.5498499776609
446,420.95234582387525
326,355.59070413647044
297,277.03348146980983
321,303.6918536176525
279,299.6794544928172
345,320.2607180479497
305,333.6426891397185
339,329.63629345157835
369,390.1385592523005
469,464.90809604015953
572,507.9376708672309
461,553.9340235754722
578,513.0125642367533
644,570.930065020659
451,539.0820517108048
332,328.4111257250905
227,205.5769718504325
89,120.79766619861591
67,60.86818844078505
65,51.40409544287462
71,82.83948822048411
109,120.3261073797316
194,181.95720022593977
315,318.5844833791648
422,429.6184593950305
324,348.55186547282966
294,295.9564245787877
356,313.9621559773493
320,330.20080713163605
325,355.90194568821306
364,350.6922018897741
383,371.50990264828164
374,409.07338761558907
505,442.2323571004587
578,526.9009493527901
633,548.3242411987904
712,640.5371584103265
594,683.7068373372522
597,564.9900095476593
393,451.12055475813605
292,304.3433805386554
173,176.9522503826611
118,129.55504873086957
131,105.04261383900135
140,120.50461848000907
125,130.78604509397206
215,190.6753108583655
297,298.7050792420199
335,348.52434297864835
352,308.32164269620506
296,307.78085532256347
331,320.1676173184619
348,336.2690665720788
409,385.60968881866694
367,401.4491540931109
354,371.7919443910178
416,385.42014308350423
495,471.2483761314206
603,536.5832186951632
533,602.0282023298969
540,549.1837026831736
572,540.9989711613918
714,622.2012367495643
550,599.1855603574169
489,435.5444182991518
324,336.82903401631745
254,235.57902291707515
250,199.90079933422513
157,142.03665166182907
99,115.4132117496643
100,123.9819521594639
112,140.84431735282027
185,183.0790923435245
263,256.3713276742068
300,303.35728066961224
371,344.8707006022625
418,394.4834807303372
417,421.24885065899224
325,401.2655374518224
342,349.99457021790187
462,389.5514845444792
461,482.3367807686018
500,513.4229820135158
553,506.0504611254346
544,525.9584104346377
480,534.78935449982
530,532.019677288758
547,494.12055141937384
461,471.3729143891602
454,367.47494565160184
285,319.92527535517496
217,223.65782644766998
159,164.42175785120702
117,109.54252302237838
109,107.20969837584234
155,127.0603721452898
172,187.71005029975615
240,240.93749273858558
294,305.82064814761304
396,341.99606957870543
388,383.3277826618494
414,375.3071465071712
367,370.19289996331486
357,345.0312327700773
355,375.5107145035333
441,397.6032886366088
434,445.6702702382847
442,403.07608699658914
354,413.99129010173294
432,383.73760563354153
377,427.2388776474792
265,268.3195020246341
132,192.3888760689388
74,70.63708107916095
96,50.38340268366501
58,69.05753326767162
69,77.45561355651863
100,118.68338042287995
165,158.13270687732967
258,258.98313241589
345,343.83330686762946
344,282.4526202319525
281,291.86315036332314
277,284.6031709446434
287,285.1367828640577
308,315.9830785481739
300,304.9930748133363
276,306.0017128813631
343,318.37177996106055
454,425.0628672684834
466,482.9389546409534
360,442.80536618055896
473,404.3202560506533
496,477.19320183238267
466,426.6368794531415
281,266.71682462801596
155,160.8732407980858
63,82.32878590459364
69,58.485218971997526
56,54.28782731382629
74,74.65675904420709
93,98.08725864728724
145,154.8825574381644
291,268.12325314252337
408,399.711417517862
345,347.4330360918095
293,290.0299480856732
290,296.1563726819771
279,281.93890139917244
301,308.04737669104594
281,303.0207339218251
323,294.09869012615445
349,371.1211244738381
450,442.23056022544336
508,496.08268609825024
444,468.9700720123128
611,486.50190900447996
586,577.177139848695
429,496.18245327362376
361,290.90949425649916
159,192.74398420193134
109,75.2944691699104
43,63.47282510343289
35,37.054853441342544
79,64.00694517385392
107,104.31497374900123
217,168.95055042796696
382,324.6575792345995
547,438.991878300928
449,387.88752342991296
349,336.20142873559394
330,330.44998992867113
318,314.0802983071058
292,334.91787833489616
331,301.3592466508074
365,339.69663437319963
386,396.1535636375377
469,466.56214267930744
548,512.8343330569362
510,506.561222931349
551,573.6079251048188
544,598.4729695553094
534,482.83857416481374
324,383.6172909275343
205,203.79091803661433
83,107.25336424740496
75,60.679626001126366
56,53.50170054718889
89,75.88136396280966
118,115.46762277894743
188,205.5048302284147
336,335.1113913339058
432,474.3032579170008
301,376.57184606472833
308,302.14944903393075
283,337.89412382742074
282,310.27565706218996
354,317.05760021642493
368,369.0856815085403
381,382.73684124618603
399,398.52562884268707
469,458.66113896452686
572,511.5335572462785
541,574.8202920150511
613,600.4049885457052
584,624.8881498466417
542,596.4128671150443
393,416.05151196011093
280,292.6323413994809
151,174.7287243062074
138,110.74318712774328
94,115.64149895439786
117,118.41840581546137
143,130.2279750629757
195,196.31841356445128
237,301.42660432425197
320,327.8864517539332
285,307.80069883632245
323,291.45111340166267
306,328.6022127683343
289,319.2501203408684
352,346.3047073553466
337,363.0440085328198
328,358.0108198368844
353,385.32032222372436
443,436.0682493343709
485,525.584795520103
486,508.0930205499679
446,504.5299451288212
519,494.70024748109705
595,602.9286252573752
498,534.2683958609394
415,447.30496856973593
224,304.47582866551073
204,206.55919587945644
214,203.09107362671887
150,154.30033130669355
112,111.02043153415548
134,120.04630840111965
175,145.57200686464301
195,207.46728214899454
241,255.30516550139964
306,301.54675603961357
350,349.9691347066864
342,377.5209094975858
352,385.2329653700709
322,353.26006597384384
311,338.4283401145436
360,358.86140217541214
408,421.9795312945936
457,455.1475791629251
452,483.6579005179521
397,466.57803521602773
459,444.2266041328661
463,523.186997961965
585,451.8749364800871
432,472.20203671856893
285,347.82040864320754
258,238.5775062039321
175,213.31818914774914
127,152.06554058273443
103,114.12850220772918
128,118.4001514158933
128,149.63704304751482
169,177.93303774774301
214,232.54256145701814
299,287.9155346651427
342,345.3885766153786
385,351.1386435078177
330,373.0627882496517
300,327.31906866496666
332,317.2309127851165
323,348.2711215559008
332,377.10723435779676
334,360.5673346667773
285,348.6985904510483
317,316.24306153433844
293,352.8846047689703
293,317.8625900319733
181,230.32652359814944
119,136.09390405758805
82,59.474560733181995
43,57.471608341067686
60,55.243332590179655
73,76.72165976855895
79,112.42334862676933
124,156.8515827099703
228,239.299866307454
258,333.12780151459117
226,260.5070201424732
192,241.8384367130026
230,232.61450058787636
201,256.10653444815784
248,259.08694918359134
249,264.86483488416354
254,265.26047980473317
248,301.1475302117863
266,325.51820738558786
344,328.6561192804863
343,341.3007687932223
309,393.3727871082626
400,353.61913351248853
350,393.06926681260023
229,230.66168027749438
103,147.74028393380223
68,59.63789863002463
48,56.721285114207475
64,52.38280947102184
87,76.22012953149265
114,94.32543458992882
158,151.55629716582567
213,269.0543227918021
250,310.8359493274971
226,265.26720317099523
243,235.45274459842258
230,256.13117230964247
245,241.9722561370496
245,281.70087817640103
235,265.92960349873886
293,269.4738266441432
307,328.6450973966781
323,364.3462967950179
399,380.8874803160286
322,402.8507793443358
377,386.4177424558171
366,436.6236277404372
445,396.27650895697036
287,293.203018522565
191,168.08681799752443
116,98.9379870197201
42,62.6248738946126
47,40.059271555046855
79,76.53501755142067
112,108.3964446605789
139,178.7628552475987
159,232.03467112435237
171,205.17981872252207
192,211.52930761627644
213,240.71534936942325
246,246.90590609392962
247,264.35641524667443
264,279.72989721096303
252,276.8044863936408
236,289.18434189798023
253,291.0810517743362
303,322.19229777655335
289,349.1918076771768
425,301.7975856031748
311,453.547574090001
303,376.603188714247
284,338.177803566443
239,281.19192644116305
180,202.20765936436388
132,116.11900897176756
78,87.52530514964081
82,70.16248338501288
82,85.17881094932498
104,113.53502805566008
108,140.5166997291248
99,109.82283620170323
108,101.99342991476021
130,116.57619301644807
178,145.08327226783118
229,196.62350553950802
235,245.78936430838374
214,249.10521337521715
238,206.88218625781852
222,228.35628639750902
291,234.02847634060768
293,295.2038345921267
290,286.306955102976
245,291.56674933420095
257,162.3720200934786
257,195.68123060767508
240,228.11241423505894
185,192.49719902371464
142,152.05525314640417
63,116.1662271688998
73,60.85683053732934
76,90.56733068224266
64,113.46702106294255
66,119.882506189794
67,148.85811153286272
108,162.74471875518893
136,170.17282571315275
170,181.8423632480063
209,215.32056965459606
275,248.20295858725322
243,287.93365091192885
309,284.6226395960801
271,317.84106208701763
339,299.52641989746985
265,370.49583235463047
327,337.74435624905226
401,386.15140522893677
350,402.96169303496515
325,364.2705145229451
314,348.1498922806389
492,379.0971931715955
392,416.50811088448137
216,348.15881901503127
153,184.97226891191195
122,145.53878506312049
121,166.14992128340123
71,125.63630362567473
71,81.78158167732173
77,87.99958825805109
100,99.150543128744
127,150.59956054145638
183,188.64372204212677
241,251.6966766013945
294,301.2113981772743
290,314.5985477768682
395,328.686485558852
309,350.66556039953366
257,329.0511625408603
404,303.41247791560875
381,422.7805051140501
407,415.6693699209956
469,407.6069717759386
356,410.05200786389133
447,370.59124590382083
470,484.5767501124026
409,443.43350298472825
364,334.2399480272903
231,278.7713036417483
161,191.48840154468704
149,154.7194239521954
87,117.60363782960374
74,87.71147731198405
81,95.90396352815112
109,108.51317181966192
153,148.78066659247142
230,211.73878450472498
300,281.51818614612904
413,332.693253025108
415,376.1805774326832
443,400.5983957395507
390,387.1908924080624
433,340.73372326572763
392,412.05809164059747
406,407.34752235024587
494,407.5632222782467
527,452.2259080020673
500,434.5393727605713
439,443.18799380314056
375,408.793680332263
239,265.18042121584057
282,232.94433992458562
285,179.81385016988412
241,160.1508067761942
210,143.94451404139866
181,122.27322492288307
145,112.03250053959702
164,156.89967710968358
186,181.22936808866447
209,219.50644234082955
256,240.8777579472128
258,259.0381713528388
247,257.79330574011016
241,257.704649814823
286,255.91230075863854
283,285.4178915095731
274,280.0869911375932
261,283.5091225669838
319,296.94432068313654
333,338.44982137472135
369,339.2593145135702
350,348.80224045716284
298,340.0860740237443
310,318.6003535653508
286,307.99348936969267
244,256.54403850068536
332,204.67632555726388
111,203.52183461689964
102,107.49111040517134
111,116.71705584507698
115,103.16058550362818
144,130.3774020949533
133,154.3681545679381
154,161.46079938701152
142,202.11417858679496
181,195.45798061840182
186,200.21573937388106
215,209.35155807953018
224,221.71137644445898
220,234.62093999914188
200,229.1064323917254
142,226.98092296489924
162,184.2641550937214
141,203.81440993603167
166,175.8903263599746
210,186.5613120471287
238,211.84921249825143
251,224.59096812264062
170,211.9189783623673
110,119.84032615231006
76,69.52535221161689
45,47.15515736855914
40,43.61631528121531
52,55.20389641478916
100,95.17420448427436
198,174.18826491421754
290,277.92296215618927
270,307.7342088697001
222,232.8068521305988
172,187.39194779171484
164,174.94235344748807
154,165.63115081646524
159,170.27439215092681
219,181.94886844463315
203,207.2952578033402
194,198.76042745050538
211,207.69919700197002
202,223.4418920750628
231,192.36710936356732
177,195.8128844284993
161,165.97091916602767
156,154.27979481373922
149,136.53897504164306
106,97.22352240763213
54,60.22092841680775
35,36.219760885774306
37,35.018512812733796
63,58.26420100407507
92,98.4255799105756
206,191.43606209425062
226,308.0779849730095
238,306.39283224931097
193,224.36048631453295
173,179.32412304370868
180,172.35450947250732
164,167.72299651044156
178,171.08141362539567
192,207.12557305146422
193,197.05965874241673
204,204.94866480865966
210,224.62047260123586
205,218.23770172965118
226,203.60634541408115
182,195.71217456352286
165,173.12357522592362
166,167.08655959035343
149,145.98936654950083
99,100.44559989602867
66,58.112196513403745
31,33.796678338857205
39,34.008095383630895
73,56.26380194335576
106,95.57510442817403
208,193.8630542573941
320,284.3522556271814
300,325.97857952213946
243,245.9554810576698
198,189.63639363361872
143,182.5762622158919
158,158.07712262315272
168,182.04101526010135
229,197.0380306495323
196,218.54915238530205
204,213.06391703624914
236,225.7384905351291
216,248.39993582592686
222,228.00633151608952
207,208.01791136656817
170,193.34152006011178
174,177.3391157924147
161,152.7984264223085
118,105.2009276619798
62,65.91697860642942
48,41.05793339665442
55,47.184952251919974
79,66.67017466169676
117,102.92015683521788
192,201.96983994361176
412,309.5211878653041
411,357.83657441897344
342,302.2589778363169
201,242.99442630434623
184,184.50283861549505
196,186.03358054343892
189,197.35775708056903
229,220.89888642708016
226,227.92012485863503
240,233.03850392838046
230,256.76540522429144
259,245.88001219111902
222,238.93168376534305
237,215.68139394599734
202,206.4311839812561
206,194.96027561857667
203,183.07940675450627
143,135.199340509464
76,86.1835519056002
59,49.9204895208924
41,53.114637797287074
65,80.56564426808525
107,101.0625285755621
209,191.7413765214532
347,331.32731631579406
314,364.6895212511227
233,267.85088343238516
205,211.72842998703305
213,200.04925729761385
205,224.26479801509245
204,219.51967428517338
258,234.8569529074187
216,249.18074858319864
281,245.68727814161713
329,296.0475458691127
324,353.1876307848088
278,334.14003532961
268,279.6067697174773
274,277.517708982323
250,293.149727227947
237,263.4830457924614
220,198.4811718482495
153,152.0278437573049
101,112.6045106967503
95,80.85735833611821
102,92.78387034526213
113,105.89438753268274
167,156.96823204914418
180,194.29579413524831
203,214.49426534405185
233,241.58082805416998
213,250.3477891247878
240,237.6041581692392
243,245.3918453703748
258,249.1121697913702
273,270.0149715663506
268,272.35970481520974
311,281.31371826573593
304,325.0761048391443
338,320.3408520007337
282,338.4825722780934
305,292.8301758455405
288,299.83063337780453
272,295.57011925858774
262,271.6861756472021
212,234.52860282632935
174,173.0733082303811
116,116.18648601573845
95,96.31247624020007
87,101.16744473165744
81,98.58203644319197
132,123.7783603596246
122,147.86907987455177
131,158.55812082998773
174,183.38178281485798
189,210.5791157719723
224,200.27001796425304
214,224.3956314216206
217,220.94040905899064
261,226.9941229677832
281,247.16852350276156
266,275.76187023211776
234,257.19306869827744
270,253.08210399416083
233,260.8566239132224
204,235.8466222798972
164,216.94336643870696
182,184.3461239107181
175,164.30870344575766
110,115.52144829871804
62,70.26637239809556
44,43.49718481989606
42,43.07403996017162
77,55.319016840933834
99,98.98566490358482
194,189.56891944688093
318,286.8488577133246
313,302.80800108021265
228,239.85600773051513
182,181.3448052747185
152,170.21923639179658
203,156.42865654617643
217,192.80067215973114
213,211.90717064062684
195,208.9459123839041
238,202.85709961231825
245,232.98599831358055
281,249.57058061265045
187,239.42555628490908
197,176.1272259576274
159,170.9361540163349
153,153.57974105998474
160,135.67319735543174
88,118.59188723905
58,63.78902143565069
51,46.24580828509719
48,43.1516280255556
66,63.00111907858179
97,94.76218292755169
174,149.07053260578996
216,232.5909522111626
237,246.0591619869321
198,234.40944023850528
184,197.20240360004078
172,183.0605782387416
187,185.33500203250287
189,195.27318530045792
204,204.48863364090641
224,209.98083188326132
228,233.54373212741342
245,238.97280852155674
242,251.06728054115587
207,225.37886871288856
196,194.64135189703242
164,176.46516578893582
166,153.22758317687743
143,151.31237463326184
94,95.71572770926157
64,62.85219527719525
37,38.21027896882296
46,39.38311372512143
61,61.09787958816924
102,99.32871806557351
186,186.39850317664374
290,270.860879430359
298,313.08370869190446
228,244.27147916541685
217,192.06548602616405
173,181.01848985981442
183,172.51816242776692
171,189.04743047648628
221,200.4467605752648
224,226.28162478407333
229,225.23583085893281
228,242.9911930710256
247,249.4853324188466
238,228.3369472765096
207,211.73797330473494
151,189.79903289670608
149,165.64062239060272
138,143.4605899077579
101,102.47193091495775
51,61.98926273817157
47,43.3062208411439
52,49.14089950388362
74,71.40460829551226
119,104.35798309989153
201,193.14111922660177
351,292.4068404283389
330,349.84501231559057
252,293.96642165580784
197,211.57671252526646
195,185.84028991232208
214,197.71354861133042
207,200.37877482059073
263,225.46080428472015
238,248.96059308278234
259,245.21908382789852
259,260.3657701035242
235,269.871294458563
237,227.7640717207831
237,224.83221373103495
227,204.12034722624557
191,199.46904539230223
189,170.62671662062206
122,129.02625817380147
86,76.69239541185661
37,51.46232701663903
43,49.196285327000915
70,74.58897403632227
99,105.87173940672614
193,194.21770562159958
330,321.01859774528236
303,342.4839960015508
240,250.23060359378937
216,210.78191172131434
203,207.88194828099063
207,211.0406533141286
214,217.47563550395327
248,248.7112280863851
222,244.2452265276535
283,258.0247733013748
299,309.10169779219757
339,324.8806991152687
389,335.86881386267794
295,337.8623486860961
267,282.0188381445151
292,277.7009191146103
321,278.97952194142
220,231.86379006889658
175,153.1907508922659
109,116.17441208372219
102,84.69535529684855
85,94.39300530459911
102,100.27554588626927
171,155.23713201775521
166,192.31996487126548
215,204.12761645259081
227,240.0015479920625
230,240.98463175160677
258,247.13382919856835
266,253.68752171548917
265,262.3199106572565
275,275.2720168410143
291,271.09173596633184
299,302.1746814987312
320,312.3262825717072
335,345.0129925248117
355,331.82667183559016
301,334.27608540384466
283,297.3446991150312
334,305.6813988744402
271,318.6194155025192
255,240.1336950188994
178,202.070697213082
135,119.48400174778035
98,102.91594927770497
100,97.10264754643565
92,96.63203007532364
106,128.20823144955244
142,134.7797286996515
123,159.63853573321438
197,171.49745628709525
209,210.15367605862662
186,222.6949894298963
212,208.9593038091792
234,219.4568705103521
236,240.3046996386954
239,239.32411064245832
263,252.1424977577199
278,259.64134505301075
298,280.839594883139
253,269.39565310138795
210,227.85606387517774
201,208.1104430092621
186,201.423649875765
165,164.45035335700197
136,110.59971997527909
79,72.97821368522699
51,48.24146917347308
62,42.84628882280729
87,67.75833906757691
101,101.07380410690334
205,189.3291401508111
326,293.28717628203515
332,330.197960858106
241,246.62117949646867
200,190.8002880967914
156,175.30882332710303
158,161.77651418945428
161,177.46388344525852
224,191.0164742178006
183,210.71779493661217
230,198.9874126941928
228,233.17712447961605
229,240.86178923554803
181,200.64388222642177
170,174.4207010967225
146,162.3245290376106
169,148.27346071033594
150,146.23750875617546
87,98.79592754067714
50,53.41021556090232
27,39.998879672302536
39,36.361103056776805
73,63.94994051581801
89,96.62264093111916
186,176.64176286615597
338,265.84877351982254
346,311.0748107536331
225,258.052137218383
193,190.75817423541335
179,174.11558924787016
167,169.3336067310488
194,174.5238368750547
211,209.87817120549988
209,204.38551447071666
229,219.28195256853797
230,239.2787340038774
252,232.4918693703789
186,216.01968895222774
201,180.51972142712177
181,172.30042396945615
164,175.10583126774645
130,145.98936654950083
98,88.40397633658165
51,61.38319835105662
30,32.492251926360645
49,35.66519961293438
66,63.59052415975992
105,98.02024785597104
217,189.42605909267985
298,324.08655852695733
320,323.76284312871303
267,249.89184971214812
222,207.46717290690776
169,189.6450832679905
172,172.01573319585876
201,182.4140514361256
235,218.1893466754343
220,226.4980212392339
232,225.48758161250706
253,243.392329991342
245,263.00293863089183
243,226.79740070569446
230,214.0225021090929
204,200.61155959368114
179,182.29747026959737
156,143.35802641066076
116,112.60243887977883
64,63.376323612574595
44,44.694674250946434
46,49.75140735300998
60,71.6006573364848
115,110.76636786866551
206,204.47253959955162
342,323.5782521483745
333,351.1945690698742
263,277.4863252993157
207,213.31621740768998
185,187.97485610401438
187,190.3323612897276
200,203.20423261874268
220,236.00536444833082
234,230.59002199818931
260,246.5126208917423
226,274.05750971301853
276,252.4355840591416
248,251.48637561004597
251,234.60216771078427
226,229.036359673344
218,207.1621277762376
210,186.3942438383523
157,136.77533570240809
97,91.53023349238947
65,53.634968075702496
44,50.01938697551715
70,69.43406612654141
100,102.0084253149931
201,196.39317093980927
357,320.28723110004717
327,338.76012931800614
275,261.96422188026366
220,222.6802037606269
231,206.71328169241818
236,217.38237495820118
231,224.57275609892798
251,245.3032990913965
233,243.00799736141238
269,261.73708090669794
318,289.0584687218331
340,328.95513564666163
345,352.11441187999475
278,311.91999980215024
303,275.9642290993976
268,297.1399311269035
292,271.22577445789057
241,225.5791597013497
180,178.39907486736533
110,119.8054068971195
90,89.71569378576636
100,91.91524746986413
114,103.04101615483611
157,159.32738888241053
189,187.97402147749588
246,216.54681172741465
269,257.57060195214876
236,261.7776041434325
256,252.309662843008
281,259.9766778215103
269,277.4310764110931
261,274.89235537091645
250,269.44371852466924
294,277.1988381164202
313,315.99108112496964
352,339.28286014043306
360,357.03051152654285
290,325.49234074044205
313,291.93958219719275
315,314.68776420114904
318,304.8346006783257
268,251.53722243679266
213,193.46051234836108
141,133.3536538325486
110,102.18196220197436
106,99.74317931309086
97,96.12691882775721
112,128.4320363867103
159,139.48605050833555
161,163.5317128908349
199,195.71069101747796
215,210.03445760696675
218,215.83632651081516
210,223.46944389016963
238,219.35172546640896
253,238.803685945918
269,242.39092436213264
278,266.2297384863496
271,276.7897843962051
272,279.7746671832854
233,256.28144699472756
231,217.49763764557073
196,218.88814630584588
185,191.3925585583043
177,162.7785377902177
134,112.4226382328233
71,77.56537369712784
44,45.219885704080205
58,41.14632330025269
75,77.51563787746134
91,100.34197441785902
186,187.4253299572305
283,296.244091332328
309,323.31676043648116
233,239.96434454499334
176,189.63348985621786
156,161.12168706712433
165,158.01624576292903
189,165.48673489631975
215,209.31023685365776
216,204.6243630440509
227,229.13911423627482
217,234.93026932299864
257,228.47052084150693
207,217.17051432782674
217,184.01591892918432
163,182.05504068997226
165,158.0170053737821
139,143.5303284618614
106,89.99591692473673
81,59.56051591691199
35,42.044639382112564
57,37.6439146605389
81,68.53122995348686
100,94.78656593118839
174,188.78558199681814
305,271.38195835652107
332,310.3949721114163
261,253.1839287231533
236,197.13641230144577
195,188.5740400466513
217,179.19063483125137
236,204.0263758976473
254,225.69192211151955
225,228.8570863059419
252,231.73857272193808
270,248.35470992413903
280,267.6774091398229
307,230.71959643371144
250,250.75439014369002
240,205.11135272137273
230,197.3512308628701
198,164.228073010741
122,114.76522132180551
97,69.98122369847603
53,44.59435772308527
57,48.528038940852156
82,70.19505888463894
105,103.98237120446623
198,194.82071465385175
299,309.92819663914094
292,324.8698775885387
245,257.3297488566147
232,216.27060477031392
209,196.3731990725749
224,200.52785617296195
245,218.5260445295014
294,248.08588059678635
248,268.52504348789296
263,251.05970991212774
274,265.9372889085433
323,278.67865121165124
378,293.8789818631521
304,308.31444410318807
242,260.5335894281116
261,211.03549576438803
226,202.30331515300293
180,163.6762809078252
130,109.7425288113046
81,84.53060771646132
70,68.36953889354338
75,77.34156585208578
89,109.75068703153784
150,147.3112945552177
146,194.27374255890484
128,178.2743033556761
150,165.92606186329627
145,179.00389921409698
161,171.34431884006574
190,188.11008951974097
222,210.72495194796144
270,247.5584823829055
333,282.42129290130583
404,338.1789336600772
468,355.4349474799072
485,432.8971807729561
504,439.79216458458177
498,409.3511416856791
543,391.3046670697923
542,378.3982770924115
509,323.56471121898517
362,257.1559498931194
236,173.85637011113832
128,110.36934794973996
98,80.06440297226185
100,80.22926743501901
87,102.98419105083694
124,174.8933884696821
179,190.61050720809803
173,240.7380025479837
156,191.26542681711766
178,180.9834211973291
182,186.91536252188556
212,200.23885252841447
198,222.27272555237968
242,235.9970991675451
207,249.07073304483038
270,255.69507671923515
265,308.7751031793087
249,322.8800947979058
300,299.9514603143749
266,292.91055672591256
231,296.1795497284074
258,282.68131686478233
241,283.89828850619693
188,212.73093021173594
145,168.52563996171833
92,117.41524077260459
89,90.21807241494922
90,97.22293282433334
92,98.50551167548463
132,133.2774225004011
174,172.62625209961416
154,204.85503313991333
189,203.51504184386525
185,216.72039781471298
212,217.77592876539927
199,235.9101767368006
252,231.15410497430028
278,263.50291632336865
277,270.624123728494
291,293.48581500404003
333,303.80143441428805
316,343.33619206717265
308,321.6170633977559
283,288.93016889102364
291,283.4524559854897
258,303.7232454028295
254,259.8001196979626
207,229.68824073083965
165,162.2721784412861
121,113.98240875417673
99,95.8880461464303
82,94.23225146294634
81,89.14944683237105
140,111.04045117894125
116,149.75994799422844
125,141.5482458584083
157,178.5815727527861
223,199.2773350487422
243,225.60442613587298
263,229.23812582897833
254,249.37267590615266
302,250.8936204383096
284,284.75433353672116
292,281.20296935484413
261,292.1389701315346
263,269.86287405344206
228,239.08889822156064
208,214.13731350383298
250,202.99368249123572
176,220.70989469538986
161,164.55874575292148
345,260.8394016594516
240,210.3306404852239
212,153.67104856251916
228,149.28720053450763
249,154.4038892961033
247,195.43296429628822
238,260.2037127424533
300,311.9473480655232
343,370.6276674094144
352,369.70969841501875
344,372.0914697381358
375,375.88726467271005
389,395.11898679127506
397,417.20432115807694
461,446.97797557940135
407,464.6007718532331
408,445.092016353815
435,443.6136544518194
500,456.61232449909426
495,485.65858595093255
440,472.7399216170716
471,441.3830987474785
455,453.1838980709566
374,404.95026397773313
303,321.66705477594337
351,238.92988402477906
122,219.80632726572867
139,152.29567882426034
154,164.71159447136068
147,178.1711513701534
217,199.72124067865946
239,239.26951210951344
244,283.3803795571063
308,299.0022100223222
312,337.1485665616523
348,335.2942229929337
314,348.86350933401343
331,326.98927377032214
351,351.262892025205
390,357.1323976800864
382,373.8215330707565
370,372.70103805936736
335,354.34738507149586
336,323.27128092647985
324,323.84447273891516
271,301.79452382778726
226,278.5536725031777
215,210.8725687185825
175,161.38669681807085
92,120.6640419717249
73,71.80797170860585
77,77.43048289672743
134,113.49082832980464
204,180.0111446308319
394,308.7549591616107
571,485.26020577323493
525,489.7277594584214
354,387.7413272631291
303,289.5838598727424
293,285.7987884097807
281,282.8449565113656
339,305.3504425025758
398,364.2668187273291
379,377.7378974344513
347,379.49704403450954
412,364.2610537515977
331,373.40766858238817
288,318.4210698256326
270,266.55717704072345
206,256.6672354917688
215,214.16303146174076
212,191.305006551154
162,144.3922520880712
92,87.13320041699737
63,62.82756001136542
80,68.98045497328029
165,103.87951561981791
212,205.9466815193919
286,365.5490547619821
371,461.390569931634
417,498.68258807971563
319,359.78134221220233
281,287.0985867598761
289,273.6110204855137
300,280.48374243530895
314,321.5190691088535
314,369.72758687271556
354,348.850114465726
371,358.71842432906766
397,400.4076160409306
355,356.089796668785
305,315.2986338638764
293,275.47734486985337
248,257.46515414053
274,243.37433335603143
202,222.2515396062905
143,153.10313291517943
74,92.18914919248978
61,64.65230666704885
102,77.05165983228568
141,123.1042764260973
228,211.7392723651919
378,349.6004224726294
606,498.708088039779
492,537.3619364826142
358,362.56304181785544
274,294.04043168142493
261,280.82089367486356
286,285.5475990408742
299,313.10130024256637
383,350.74603940193003
392,384.18627212600376
400,392.3689987418656
463,402.860706911952
382,406.1404172970448
313,345.31855059375624
256,300.75512776663237
234,263.9956224041489
279,263.2724840505188
235,232.73191733338288
172,160.48181965747256
100,99.7003709657015
68,68.76378827031783
78,84.6281601313772
118,123.5851116828699
240,231.22305905650651
398,396.68934745517123
634,605.5413626988501
548,574.6918419276981
393,404.8132588954303
343,301.58089026277133
362,323.13141695199874
372,340.3902569476675
357,378.7996128759921
393,413.215014022199
441,415.8072311128147
449,445.54238266833556
527,452.6885053483476
419,469.6863335226207
379,385.33761584328715
334,329.56284822917036
306,299.20616239767264
311,291.3142219785285
252,269.4473671126908
179,182.13315750707517
107,107.46359374210037
68,80.80329587309653
88,85.11260379897672
124,122.6393480704001
248,221.1344605498864
428,396.27737413373035
646,625.2950890569418
538,583.7326886407131
423,434.1261382950357
381,362.3775642285195
352,376.41696076697986
368,377.90096711163983
414,387.59331161937433
473,464.6338314577046
466,490.1073328157962
512,492.20625876106453
538,539.4743680265605
490,538.0601721823423
451,498.2791533954512
433,433.72781534058095
373,408.83723046932806
385,406.7238211243883
397,367.4980845833075
246,304.296759811974
170,187.20231157292457
110,133.7290941245031
132,113.85454258893937
137,140.2987976951176
204,196.19525889032488
225,252.850166942368
305,311.586728562966
359,364.1420876352317
341,375.46416482994016
358,368.06100742538797
385,375.76434853696634
372,397.2830374997554
443,397.37267094087656
489,464.8042147452401
456,476.7535398286431
453,468.50680740899685
447,460.669514296373
442,456.02120018539114
443,459.4079018264935
432,431.74752900994866
462,426.5869169193108
412,456.43784898355483
426,396.877776687014
320,320.44058957170233
215,246.2405286799615
173,153.76415759991033
180,155.482414318351
206,153.2313578316866
206,166.4597913768651
195,220.0434495081773
258,239.28380151182157
269,276.25207992275875
313,314.4003501595644
358,337.4362576725449
319,357.79809348836454
348,327.0103122552188
349,347.6888541441806
509,370.59394051292753
350,465.3366958937551
348,355.96996326713776
346,350.28463862769195
330,337.8599786937415
312,324.1583316293877
338,304.4638963382717
285,319.04361246066804
274,278.0451753766753
234,238.1806805121948
184,167.32260003717647
121,107.10552675323716
48,79.54386393843775
87,70.23788586022428
107,115.90007812991088
211,199.2021790871245
354,342.1557712911407
587,506.52078651855686
508,542.6177283559902
380,385.08966371332934
301,299.07646721592016
280,288.27833441367403
302,277.0355888621818
401,321.09452027213035
409,415.9178686309305
380,397.08948959696374
417,376.7418232465274
447,406.6408399411999
360,390.22827576196136
301,326.3608956203996
297,278.95307640392764
263,269.904140173256
285,235.85688495120584
252,224.55361974161715
153,186.49235193218053
82,103.33822042692493
62,69.08612402630874
89,79.67247552081746
123,103.46202658658352
161,175.24359401472037
264,233.379634963375
355,367.2008333987819
377,473.46579472429056
319,370.6974406215933
287,307.7905922142768
268,298.78952769908085
353,293.60997127076485
339,364.7910037038345
349,367.3779083211223
356,367.99756888891847
404,373.8448850462485
374,409.7471791778082
372,355.1560751672034
339,336.40132989475285
303,306.5474668013875
248,286.3219869996759
273,256.9286167138905
231,228.0064850068187
169,160.92670822867987
87,99.62686122627854
60,61.85829043412061
63,81.04971833432508
118,112.81120829784925
215,199.10303154321906
384,330.27598880834205
634,494.8033399401618
555,515.8260942706768
355,381.11553348385866
316,294.50147803501073
294,297.15643161769236
291,306.1148947529299
362,309.6247204752617
384,388.18850974894474
392,386.5597344139725
426,401.09618090336886
427,429.4054281906218
359,389.9665874927659
339,343.23598013114747
294,304.02152048216703
272,271.0492982032035
279,282.13574197744254
226,237.8731358203009
150,165.35864011478537
90,94.55588345418676
59,67.37992977496427
95,76.40209147724629
101,121.43271244353713
211,223.88428784195835
400,374.2076304890862
613,614.8251636519894
562,563.0888177412983
431,402.163804165651
331,344.3828496262138
385,334.34645511388237
404,354.28515080432715
362,396.4115659857446
426,414.90576742232895
450,439.4125785551241
444,460.16485089181975
523,447.3325765160019
428,451.7647299548973
334,387.21509968341064
336,314.6406258718056
317,312.8350510975304
296,302.83837159196906
267,258.74959901180597
185,181.43899919196215
106,117.12287446527917
80,78.74382797471995
101,90.12940067989491
118,120.87562372318473
263,214.5987824424962
403,404.38832384850303
657,628.0562138609179
594,585.9623986103677
422,465.7405330234059
365,362.13087461875267
347,368.6368004135306
382,375.1905325816346
419,406.48816005180555
480,473.0687619681571
499,489.2638959290261
566,518.5970503738781
552,567.0372200973101
496,546.4456958790512
433,487.99885213401444
456,413.56869015951895
370,421.5957232246414
370,381.21340383361627
385,372.3313012850308
279,283.5916502125089
188,196.64606171741195
128,147.12177614173984
114,122.75646632299927
125,126.58428174031334
174,195.95978501135943
237,239.50828712519564
270,325.341573141796
322,350.00802247153797
346,360.0574923981112
361,370.37136516672734
380,374.8646511461881
348,390.6769790276472
405,388.91772310747575
448,456.7875763213604
482,455.43535724564856
466,489.24196230886486
493,464.75830131109547
477,480.4331153380307
451,462.06707343620445
483,437.479132900504
439,460.42869813670467
438,433.50683956341476
426,416.09926916265437
333,327.32204379309303
260,242.061362237305
262,179.0662124738711
147,182.02974562258356
120,165.1217827975673
153,170.61332017155823
215,204.32475225145095
246,252.71263284730261
237,278.11268113623703
312,298.4177216855221
320,348.2135217899052
345,339.02908507306597
350,345.88778129020034
346,345.3894784654123
396,360.8642858065487
382,390.4616066862488
392,381.00814046754004
414,380.32390805522857
379,384.9307552719804
351,352.32086972652155
312,328.99671578532684
274,296.8994735285579
274,274.47608831240535
255,237.32852991257795
156,182.04270078074472
95,97.39458231337373
86,68.8442811238223
88,80.45880012300822
116,114.88763562361272
203,196.61550764017971
384,353.4150417139975
632,540.7437280710731
557,582.6702840673381
402,390.5945854591832
311,303.8515640461791
287,297.01189838875973
283,285.87712597485387
331,318.1696777152647
388,381.2075241185343
381,387.4075170024689
435,385.4893968729197
435,437.7969810546913
347,379.9606017565766
325,309.49475930883926
252,291.3074598899898
237,243.60509747907673
232,230.68555317593407
205,200.46547574095558
152,148.97885971051784
75,86.84844405436698
68,59.946580859778194
76,78.79906316495968
104,116.84761116750198
197,191.78120955754275
353,313.4587422608576
592,470.3461633075318
555,483.7588082857267
380,401.12041604145406
330,293.11503637800297
278,305.863887219713
250,287.70032285011024
369,300.63572922825944
418,382.81552241938965
404,406.51240468454
376,406.5576547394906
422,399.34125238658504
352,377.2494938961716
327,318.0651523923608
253,290.8468758273231
203,248.04584408091438
254,234.09846617664618
231,213.762749472132
148,160.82246326987706
76,88.60169400650958
65,61.052222788044276
76,76.24504631502548
112,114.39815496154831
249,208.47197954829483
410,394.01986622855236
678,612.2443920386725
628,564.7267533815808
422,430.32101592050435
299,341.3686462924143
297,290.5707952115105
299,287.9233044802371
355,333.23774475143193
390,397.50020084866037
412,401.1801110663264
417,417.2368468553556
473,439.5839040135708
410,397.850936648275
318,363.8021531269393
298,289.78865761469217
275,273.10128919575664
301,277.4581892438062
239,247.52374874009695
163,165.52059150603165
84,97.30945967648162
85,64.05293029705257
90,85.10409087361936
134,118.48272707603188
255,234.19781975319978
448,423.3236095787581
647,614.6318862559584
586,589.596023539589
463,458.3007349002924
347,349.3962337074761
340,342.9979334950815
366,352.87669212294696
394,374.5859550188763
511,423.68195090687334
457,492.6564445043502
508,457.00308018180965
524,519.9346755757656
487,469.15059438465966
430,408.6166440754214
331,369.77156930997705
322,311.8656251367328
263,308.84748791146626
270,247.49505690402123
176,191.30325422290832
100,108.84221525279101
68,80.1082959499686
104,93.22102550273993
140,129.64510866928507
255,238.07929356587
431,426.99635012507974
680,635.254545188092
591,609.4237942130986
489,468.45117955900866
394,375.7656884910812
393,372.5564805235414
421,396.5822034746294
464,433.33129880948644
514,502.03388359101575
498,514.3738439077551
568,539.6170770351939
590,588.9471001065242
562,561.7049084330641
479,517.5936692826579
490,442.58392609574076
429,428.4819358738087
465,404.77417112231365
385,408.25098066366223
271,290.5355278128991
200,194.4399460512697
127,138.8333386370417
155,122.46410245371658
156,142.64598981477786
208,196.39245968109088
246,250.1060915288463
266,334.73830456607726
339,329.00806446603775
376,371.9038969520584
333,386.9610591645577
367,362.50264144871613
356,385.9705350805718
397,397.49243340946396
472,443.28436835429653
430,479.3967571599834
491,459.22144351184414
497,483.42892120141397
509,487.3239199366592
502,487.5412051852616
458,476.3419200990644
434,449.86831902724435
432,450.77444774389033
429,417.507021313823
341,325.0332072409397
236,258.3564563727028
178,170.04168806265355
195,157.4776946188403
166,160.0690933844036
170,163.75452425522425
243,210.594730026559
237,259.1903170385592
245,263.52740887351194
327,307.1316676276081
355,340.4396569599041
397,357.3597570360984
329,372.70181902443807
355,336.30662004887625
390,380.536442195546
390,375.94829203763703
388,379.8883114293324
416,378.10932430557864
375,394.6011985347884
372,355.8606831289896
358,343.13830904085114
317,328.20699193492015
304,301.38509002544623
239,251.27300566162313
189,166.18371800619056
106,106.15983023087338
88,74.51610294952901
93,87.25240593779331
134,116.23554065830432
216,193.0558170849819
362,362.1230447330228
623,547.6926417095779
560,547.5805202448555
379,398.43188610742624
308,301.42410193632566
306,294.96128508332805
309,296.2870945252091
336,330.55772458798185
404,383.81964226777336
415,396.6645560202117
438,433.4614978150571
444,445.87319537760334
419,390.17489070086714
360,355.03833784141415
291,317.3172456009591
232,263.3366075003271
303,227.6078975581512
225,232.90556402034917
172,157.58018855283493
114,95.2263485957944
72,71.5367227195339
80,78.58965036482512
113,121.11121775898798
210,200.31718420297236
384,340.6293667779527
623,520.5910461256577
569,532.6439539542091
442,410.5031886969172
329,326.32330065095505
343,314.28962248326684
339,323.588861901758
368,351.89748123253213
459,386.470606424052
518,431.28540711798445
530,488.4377364015255
567,514.9112848266898
572,481.64607672846
445,451.3053995924884
423,369.9984580012821
359,343.7759175025959
475,323.0571511644885
300,279.8965108195548
181,178.71268447785786
106,97.14282624601618
74,70.0220010360186
101,79.21503382917138
134,119.84784783726847
254,217.86797608476058
352,402.35787635656345
607,564.1332288853633
552,576.9040089475071
488,427.75256584579546
370,365.1049425162391
374,347.0651822710825
436,350.9018315421808
464,403.354524751875
515,466.0202884299513
472,497.3709053797494
525,478.7112959123579
529,535.4099817099398
530,477.98366430236433
532,437.1510620880235
463,429.92060428790813
373,402.4501911744481
387,365.0971902295761
370,293.30285722202456
270,286.14280331499657
185,175.93235834709165
127,123.39818496539523
112,115.06159702575366
128,126.65411821301888
173,191.14284343919087
192,282.72127371237036
205,323.289876508604
182,285.8938433322017
232,241.40614755086423
233,272.53477455991964
268,283.9882720256236
284,314.503704583031
336,333.8808293198924
414,402.86776654397516
473,449.1690356006649
646,492.76006088704776
685,575.926764728629
740,613.3035513301202
678,678.4664611409647
673,540.7660947732478
654,515.625345283551
582,470.7288722579204
655,405.446476843577
527,356.90770031351803
379,295.4823036783929
232,181.17713894612473
181,152.941209424903
132,139.7806362679333
179,206.53848604563987
287,301.73529139212064
303,466.3853825104227
352,411.22235699475624
327,371.6446580380874
317,334.7133912575326
315,325.79191635269507
360,347.5970259740737
382,398.15082751685156
454,444.1629513349975
452,490.11934242669594
487,534.2003266467311
482,534.8429509545897
502,498.59709737425595
435,500.35349053351683
408,452.9588949168788
372,425.14221370153854
419,429.47874239629414
387,427.53318238923833
291,327.5817458639343
218,235.81495994841907
162,158.8818840410493
195,152.78621201687486
157,147.96914331770733
186,188.37992198333717
227,239.50437376985613
232,273.87748216177624
277,310.70141697882855
335,332.9299982640921
327,363.3560824415981
351,354.11173491149543
362,364.1495905422638
376,387.7088910850927
404,427.8619554860214
407,431.7214462265408
425,441.9622545609484
466,461.2418789309391
466,474.6603491963166
460,453.79467503585767
441,443.42116297200994
390,431.4641282092381
451,416.1065276214609
372,430.69842843213723
332,315.9804601844976
234,241.3321553127012
201,178.66029073757466
173,180.85080867532548
188,163.31289224437063
173,170.58733421638397
217,211.04535531974983
213,245.0703178600266
244,247.50132380471385
290,303.16101045837996
353,335.1679530478146
386,362.1277218667372
334,369.4810692848087
364,342.21938046030533
398,374.0830695930447
382,380.88838438947346
374,376.4655926526419
350,386.5515028745981
353,347.2704521377808
287,336.9195135246345
318,301.07091867769714
290,303.0756596217892
271,283.6256242966791
233,236.97722043454746
1317,1177.5704992696776
1632,1180.320303473631
1927,1107.4008850707844
1519,859.561686662204
863,710.6050264982821
282,334.21205554955054
192,207.1832796266161
157,177.61018560315517
238,200.22397423148215
236,275.8814606211168
329,294.849453684118
396,345.0072278391002
410,404.24806162600146
468,419.5777644955442
489,450.69058376859874
475,489.58827191503343
504,490.9807095727876
601,583.0770363272972
718,716.0676661009886
829,843.9492327807382
989,922.0328060356045
1224,1054.7264001332678
1235,1252.6282139984303
1218,1160.3454396603117
1479,1228.883411716559
3149,1227.31983925869
1108,1114.2985549301227
617,946.420566529082
361,442.96895745726175
246,198.828739000587
175,193.9303306284484
145,158.3191213930085
188,194.95383526717427
259,230.14913512958276
291,307.8932245127695
282,333.0055213628993
247,316.89234708755777
285,288.2346960415966
299,307.1519865046296
305,322.20916293972124
407,350.00099286452235
444,434.2945049565009
532,478.17993691380275
592,507.33924836844693
604,565.105980002686
669,598.8931288380819
501,632.895783504775
318,365.3733106977312
222,236.9016627186938
140,160.0168466901479
106,95.82158873037805
103,88.4545687225001
105,106.606374244408
155,126.466729880845
179,175.2681927132349
205,204.00486833378991
253,264.87939065015166
241,253.52087808982586
221,201.70326213922584
208,191.19802095081408
233,191.81402848188773
210,218.8894716182566
222,208.97554740805404
204,210.6779380375259
217,223.8358184853379
232,255.3076417546315
313,298.5143819430067
318,352.3827968133799
334,358.1441823536948
391,426.62341869006394
353,396.314914464475
254,290.3406310952185
168,196.65496790476797
115,129.3812680642836
100,87.46450356517536
61,75.35788111220643
79,87.60567438626812
97,102.2928164000638
157,161.08301112537356
187,206.12793313195178
263,241.51664293427382
255,261.6191884020201
182,207.68967567007513
158,181.46077173923365
195,177.4722450434561
169,188.64087002515038
166,180.2277591860037
181,178.11587934503572
205,197.0464820665516
253,235.3840828746971
298,346.25254204060593
360,364.977969247969
483,429.5002887392838
506,506.63247111783693
445,462.88844345071965
345,361.47341319671074
274,256.74773827594396
193,177.2178986867394
134,141.06973701815707
98,98.804874540811
92,93.85846820535821
113,97.43968022990344
164,154.85419421827456
206,208.3011739735469
278,272.4157411895107
269,271.3853948265302
219,204.99083839191945
184,178.76981319567182
163,184.11165725169622
177,173.8644884480051
213,174.5053578310976
196,204.65580639103
181,210.51236573313858
252,237.4460804638008
323,350.13508043247214
413,405.42057173059067
506,492.7539675210367
635,587.6134939681867
577,574.449140168058
479,460.1777414528945
287,376.53814113233
205,201.1760541296324
123,134.68874407066332
103,99.75278760263042
125,101.87042650232317
120,119.29917595150948
174,170.1868202837934
221,218.61540471574352
285,272.3632724106944
260,279.7260600889683
206,236.64926647856257
176,201.83585533584355
197,179.6825346220374
197,194.74521195213677
184,218.00559449238827
225,207.38031146893982
248,236.15532839800156
317,293.44087173573814
384,404.2697018591537
536,452.87132824208084
592,585.1731947317709
687,701.0091389092312
761,747.9186206078788
633,681.6330235396055
470,584.0462734156115
351,369.2995198399378
280,274.1876604736735
206,206.6089440750734
159,170.03632611587153
155,132.61000053105184
214,173.06984682434148
211,234.33514795127635
260,258.4657829016449
262,264.5035385917953
184,229.22777012836968
194,206.3625778102499
243,214.5252861358229
232,248.0539482818422
246,239.5986975612869
267,251.27105041611938
269,303.96551821581994
409,357.47399309089553
550,518.8692729482992
709,697.3694638270097
628,763.5149378711413
733,799.2846570392859
937,920.9577360096549
1080,1012.5626316896596
1252,1094.1347560562606
1265,1125.8020666042423
997,1055.1845994151663
639,755.8212738090012
293,399.2562522688108
140,185.97657072613885
131,163.06826153817687
133,156.66993410418587
200,195.6969554151726
233,251.28599417419824
324,277.13334136924476
340,350.7552020475504
392,368.7514591489293
360,412.64546834962704
340,381.3156088089243
387,382.1789555629601
436,443.7444317367039
546,532.0543815105714
653,686.2621600551735
759,788.1204940911156
784,858.4590066735368
905,969.73282696983
1107,1059.0136594341636
1120,1082.3390705162349
1180,1156.5872253970579
1258,1227.31983925869
1090,1103.4581650891253
751,738.509789197117
325,320.4437376300814
138,172.26027818484843
124,137.83761887922432
156,134.8722544999272
181,191.9221862548518
256,225.3466331169717
300,306.64794352163057
342,320.38758154900887
361,337.6696868528332
430,350.20364014108094
481,400.3136351167712
437,451.5598937074328
443,432.1187417432047
430,461.3926659277045
437,481.6408548069614
430,452.7316240097957
405,456.42406237871717
439,472.6834787440266
333,418.5116907246339
283,256.7041023570807
252,224.4095041935843
140,157.75070744605452
92,95.63061118561588
85,83.52961528404725
122,99.70305414893247
108,129.41697970126228
162,173.3766256327027
203,200.39774818116229
248,255.95491572094204
244,241.4903956215703
187,211.75563099968792
198,179.60609480483575
216,195.06172135449654
256,216.92107849019834
192,250.3409963714096
174,192.80185137286222
176,200.42784248577712
254,218.49704789419872
320,312.6012552341096
365,335.31177870844857
375,372.23339538389047
437,405.31858476493085
424,371.6281332092465
383,299.2488914189192
275,326.4373393399515
174,199.3725004831108
123,123.33662499109627
67,93.2697359446576
75,89.88985767036735
92,91.80067989972262
161,128.43157204984607
218,185.07520030287435
273,256.22297250165343
269,276.7524943134474
240,234.38056721414205
176,231.16604642260594
173,192.21478560302293
190,187.5486738048151
201,194.7652218208001
216,198.0722068348552
225,213.71462904738584
296,254.20109693283402
360,361.70737872516094
397,399.29093429619184
421,445.37198164464326
556,472.80530755869034
498,470.02042539968625
368,410.3224848172323
252,296.03128958549644
165,179.2776883761088
121,133.6594182856498
94,96.90188977348551
93,91.06895261932375
92,102.78434967102605
161,153.0257096099001
220,217.05283604058204
274,287.20378461150875
297,275.84715479348694
229,233.43095032302725
213,187.59899227777416
175,197.08185530140966
176,184.06991804030608
161,183.86609138296328
194,189.0881831980844
202,206.86119974714907
251,265.7147402645414
353,354.55532446551786
401,428.2157633418766
465,474.08538481192255
609,579.9559382346575
490,584.0013204934737
426,432.07528643823105
304,335.0279516178353
237,200.2884237768628
128,145.34232067415113
106,102.96280103712631
102,110.50771323332796
105,112.60511215515243
164,166.56211968478235
219,221.16823026780756
307,275.07829586334424
304,291.2306459694508
234,239.65341266341966
216,205.3428237483772
214,199.71342155084045
186,202.0371576889121
204,197.0954129063163
220,214.51588941796
235,232.91933485344046
329,288.78001549301985
428,416.04904721726916
508,507.17919341389074
616,591.1972039087767
684,722.2800526241948
683,735.555395034417
684,619.8568931308083
566,613.7019763100892
394,442.77490250863434
330,292.61001426292347
277,227.9539786693372
180,169.87799559768797
156,141.45158222590948
180,179.41084349808693
213,210.39832480227508
278,263.1105386520938
300,274.43384762328236
277,246.78099661538397
243,247.32440928917592
252,243.01691149191186
230,244.67943083384336
221,241.00818426299665
277,237.84026328295212
296,291.8635486198989
400,390.58818997713485
545,515.4668765805468
699,695.340671990571
811,754.9394023061541
813,899.4047276031183
1016,989.6542228543585
1213,1045.0856634140707
1185,1166.8003002264168
1299,1189.3099198230843
1102,1015.8508282143621
784,783.7706307027886
363,396.52666602574647
159,172.6510623437854
128,145.64003310692965
139,154.11058862826079
173,195.03968225380999
239,232.36564030161674
322,306.0329970184994
334,345.1900770816428
391,367.65300934274256
398,402.96569178516324
364,393.97448110535277
426,393.90327630000087
515,460.91370882436956
634,579.4626765942596
697,731.3114464300842
881,852.7752586390975
1003,943.7198897116582
1077,1060.7876734729712
1236,1148.1290393382524
1235,1206.277383560747
1112,1228.883411716559
1124,1155.0236529391889
1083,1059.2285057070937
838,787.3205782501749
390,376.2607255578421
163,190.3138203440071
165,139.46983876605313
155,150.3841641805987
196,176.1124344831481
264,246.5997873174998
301,311.268043411109
368,331.77753495659675
363,372.0125489656064
352,375.4551366111585
353,358.13269592678586
382,356.76334898246483
433,403.4147695965127
439,455.35746974650135
508,474.00595241910224
455,501.42427507098756
517,448.4108074348871
532,483.7241113798706
397,484.4878292994556
305,300.2563499463784
209,227.72904671201374
132,145.01690183733228
103,86.6384742792838
80,96.18501278800949
109,100.01939236073484
110,118.80454665435346
169,174.47471279363225
202,212.53033643397146
270,251.3275558145785
240,248.41138506475096
209,201.59713779590305
162,196.85950931423056
174,191.3556628904588
181,194.06589914189126
190,190.6605998325195
196,191.95042201009687
205,203.67664305610782
237,243.10494033670165
359,305.0921222463262
330,369.54879736640993
339,363.7027564170867
451,403.3445173132708
454,408.64327349303335
311,323.63459372025466
203,226.66126540155076
139,134.84089888108
94,97.06405026176014
63,70.99673007640348
80,81.55656132327304
96,94.89095194358262
177,161.49476330294826
218,217.43956816088868
266,280.76196845213605
289,262.47369312877714
193,218.55538138756796
151,172.42325839804917
177,167.6962112232049
178,177.67272481406394
185,182.29786326670768
208,191.02538320148932
210,216.03075104482548
244,259.05774850308626
372,350.1047333816871
396,403.78270522734175
458,453.45064410606966
518,524.3325626391025
382,493.2748130331569
358,345.33026717593725
292,263.61253530462733
212,188.99844310354504
171,137.72298664061947
132,109.81743844258486
105,99.6304276192687
121,103.53093427838766
188,170.45007759095037
205,232.69260326156189
253,281.8994408401875
361,286.1467520363555
235,255.15024954443996
204,193.29273729495705
175,191.27544652682187
165,182.24617748776822
187,176.78255932065167
191,198.41084628483156
210,204.1698579874136
249,261.15815840147974
433,360.8013236311431
409,468.852742274635
498,482.1713120751841
628,577.5678468919167
533,559.0144047441014
465,445.6826022188373
330,348.868886583338
233,229.55017225795203
160,153.14497882512333
124,121.12543994522582
154,108.26917936669967
115,126.27626306596298
180,173.17854899999008
196,226.73126764544136
291,274.3160696989002
271,311.39191559118564
232,237.88694663482062
219,215.99490911743754
229,209.93033263912034
169,208.91636836449123
196,191.20979889240908
227,210.1688533900703
238,239.58680169796185
273,301.283124530879
387,385.2515114952194
566,465.59013956771093
617,601.9945705367763
778,730.3986631329329
730,797.4017566882148
599,723.110194917018
502,538.6061138467107
387,407.1984640486218
373,297.35528013839405
255,265.2011657698267
197,184.78716326905294
163,144.04046456173577
203,187.50912799700558
220,229.31975494307002
284,278.4399951104399
301,277.864712549058
253,264.51612586286325
232,247.08108684549336
260,244.74614320969775
275,246.02109227311337
263,263.84350242656205
287,271.24469828897554
266,310.4032870164333
370,355.8096031229696
517,500.9196719884074
656,677.0411309810963
696,779.7292745817323
739,850.4001823539684
1060,959.972630087146
1024,1099.8303294508912
1104,1030.5564230365892
1171,1136.959936321021
1026,1067.5708108121814
690,779.7992642185338
356,360.3889304207553
192,181.06686740236017
187,157.82671103843353
200,164.952320226822
258,217.17520296205615
282,276.4192423050046
312,323.7696545945902
370,340.9518673613633
369,395.0935794883357
375,390.56113231517406
411,384.09960842693613
436,427.2261040745964
443,470.04954209237206
542,541.1022235188647
655,683.1623228782006
766,759.4505299299454
733,912.5016682404845
895,895.9515037058279
992,1074.8539728049464
1051,986.5538185639891
1138,1157.0702179889838
1137,1242.5198886822243
1050,1060.9067672621761
777,781.8265282477623
363,409.26262895119953
197,178.93562927535652
174,180.50751057135056
199,166.18924520546258
212,209.25203169747698
282,262.656163741083
328,318.6249022324531
347,353.3602616864709
416,363.4611585950856
411,400.22613525654447
321,391.97873282663625
357,332.70035475774563
377,379.9744686334067
389,412.0676743257683
410,444.7526522711105
417,431.66744809231255
412,467.93860473207354
415,476.04122965630876
449,394.33447286888753
296,338.450916097828
210,233.76407277598238
160,145.01690183733228
84,104.19869082100215
100,80.86050188545595
113,106.34097496130002
115,116.75154336843447
175,171.37656480431858
220,221.73159742868012
277,266.169466834854
215,253.32637082137495
187,196.1701919874416
188,185.65195346438423
182,197.35243281124227
213,196.9453799558212
195,207.42045494838567
207,197.04134129957498
234,211.6577083122356
281,264.11278711281255
296,332.26206847442
288,322.00012229582256
300,323.1996895558723
325,357.7726984351104
295,361.446476865424
246,265.7351707643729
233,187.44461645712803
161,155.8482566274531
95,103.7752278444622
114,70.06061987415856
163,91.39932168264018
147,116.6618373231334
187,181.21733318914903
250,233.4387736978306
312,289.93881994946196
277,269.3165858385747
211,206.64100394345897
185,181.78979612295734
251,181.5338269621053
279,227.87580793676543
259,242.26834030143473
266,233.09165593100306
285,254.68237089270704
271,309.96932971324054
359,357.3988545657936
422,398.36032836720466
488,462.6953514918792
514,511.4405475738779
501,448.13032807233424
430,373.03061249973825
285,321.7423634700044
234,190.40384532606723
225,140.316087843384
162,145.1760661793002
179,122.60361084611075
170,132.73387118556943
194,199.193435725413
227,240.76167249222658
259,294.34936867459163
251,285.087642126956
219,223.6626259112435
237,200.62641044985617
265,221.68090071488646
250,242.32321605438548
231,242.72138271266178
223,227.39858857927678
276,234.60366623767047
287,307.21058648680713
326,391.2589971766248
541,411.71068979515746
391,567.4315249279512
398,499.1888015283941
424,478.7837252959668
506,415.77044858650453
443,422.6221839617483
451,369.4062619952796
292,332.1327937184842
203,212.51415851750733
139,166.58009747738186
117,140.12915499569078
127,149.67599037140099
117,164.51523160004393
110,155.71652464090772
109,143.0763359758091
131,134.77285258841053
164,162.73983618507373
202,197.56921383652792
176,214.11407263487797
185,198.4252875080071
238,216.5929532434143
248,275.73856248181187
244,289.6397601330486
283,309.0362872176816
267,326.92103663711146
260,248.86749882382844
294,241.06984419592467
294,329.13362102028356
262,280.77544593212053
180,251.8077740184141
164,205.0250220824251
94,162.78013507975706
87,157.80140901703723
65,151.01841948205274
38,129.26113879449676
61,157.98956097701117
57,141.1975473669991
78,124.79210826120796
111,127.627902451707
108,122.22515056937183
147,131.85482683966566
156,179.60135238565158
196,190.82210353873285
160,221.90671637196962
210,199.30670980165783
221,256.44020765666085
253,296.24756968985656
347,367.3847190764542
359,408.3017140191801
353,429.97175913707804
440,431.3798862434981
443,557.1043779620187
531,418.761628294242
560,574.8931625821726
460,608.4057150042748
452,362.4007759983907
301,348.0253817166008
139,238.4983118294124
76,126.0798008953669
62,99.69128359867945
69,77.51465911109541
74,110.16672474222402
93,117.7653265329955
154,121.51843597594835
198,187.8760541284093
209,234.49711615436993
203,255.49832389214492
221,235.85082121139394
215,256.2517657643343
274,263.2235298225059
309,349.11309923248564
400,378.8966298577437
444,513.6336996983389
503,561.1454430742261
552,586.58982275556
568,721.9045351066611
669,661.0296208686586
716,748.6928318784051
617,762.5050041596935
558,534.1125152292884
390,446.01169537759387
199,232.6186937273865
100,132.20285376992516
85,115.05823839308162
78,106.14677673731843
118,114.1897425155117
137,162.5933250672
207,189.84479306930515
259,253.12862303975194
259,274.1623420669277
315,272.9286636337795
290,302.2953384580266
284,289.4449405493506
310,294.73088032150775
313,332.5979839566791
372,367.50006277450814
294,385.3392566890126
314,324.54872158437615
373,362.71366364930304
268,374.55217821508
202,235.72653751854958
1425,1066.5574206984647
1087,1085.0405390515984
1051,818.862031362061
1075,730.5826020441931
710,633.4227627509136
325,233.70079139535358
226,219.32431851718562
199,192.88909942713528
184,196.0107838797474
215,214.12695860340227
235,251.86734165049688
236,263.01993997851037
260,254.55849715204673
258,270.2161173275379
285,273.8196937939103
288,292.43507370529187
318,318.01402868272265
310,376.4389054107224
416,387.3440095955658
548,478.5552404172809
575,596.1645411956922
593,645.6011088390668
853,701.709835156613
940,973.0496516037117
979,1082.0018068421039
1679,1020.5368128885575
660,1038.1013081728454
532,582.0087699917135
286,409.79311062911665
165,234.0598109316329
191,170.08436665054847
183,172.8263235634918
144,185.84021787353237
204,186.11241359545437
217,229.4109760461377
222,238.93042721333347
236,236.9796117792706
197,242.67950730207045
243,225.4839300890298
240,251.21015317370578
290,261.3213491366825
328,301.4127132100851
318,332.5291327030435
353,301.74542385607117
325,329.2661543711231
336,308.56316052708775
372,328.3065001116074
204,292.26293498682793
211,142.41255336540704
121,138.7926511081623
118,78.61842755832848
106,78.48015744834665
164,81.30418672767794
102,119.5237425949118
132,125.74179010636826
170,160.48177992247048
171,185.58425206244058
147,161.89972798500233
117,131.1979747103542
125,119.1107031431454
138,121.93065515505018
145,140.67044704294483
150,149.7169373840628
141,145.68121927677828
165,152.1240066606184
195,190.6071941776121
195,207.3597922200408
242,203.5378874578102
156,231.28450485094945
164,166.51728261627227
172,198.92794903866613
148,147.3201435610015
90,115.18629826516445
47,60.94249494673854
40,40.49671078798371
47,49.334933626852425
78,61.18230471684662
75,87.08072038058158
102,117.06967153530623
130,148.12444191811895
156,161.2825829190972
142,153.1346368749521
105,122.86177918430577
140,115.11942593244595
135,132.82822193403535
121,131.92160206311814
143,139.3763463081695
116,140.90785978224028
171,137.8621461894946
188,200.23315265079603
223,214.99226447269697
245,215.45731334974656
233,218.9821950915164
244,229.3725007161731
301,287.73666212806006
326,259.93712217387616
145,199.1593712140554
104,89.06498346868852
66,65.77460811369605
58,49.73015966601873
77,67.9954766373281
90,75.08166336787757
133,121.88208503616193
143,145.98069008683757
175,165.0557470286961
143,158.2057192161795
137,126.57619992077917
113,131.62377880741226
143,125.11903715497235
123,139.04461721318003
133,142.30587478672112
144,134.47322852031908
147,160.4718556121413
194,193.3679638259953
223,246.18749610221386
216,241.3088894355927
189,243.28035966753745
251,237.0921207755194
425,355.12636028551515
255,361.7240446715379
158,200.1394041176411
81,103.87126257514008
52,63.830796343922174
64,64.64977094219601
73,74.62520359728985
108,91.54558972734898
104,128.29196981396555
156,141.60693328403093
155,191.70282014975894
175,169.99317185613302
130,149.6314402918222
172,136.1162167663294
150,164.29189519975958
144,152.26695374304555
168,155.61545392260922
161,166.98790115504264
200,173.03913669703948
204,236.76510801540107
264,253.58216412507915
288,274.66035688123486
276,280.39490429849747
306,298.5115567575019
474,436.1448115667872
376,421.1002084892849
244,341.3691326433773
156,175.9525635567166
129,125.41784528467508
103,125.5901994629315
130,111.75246268783235
119,107.91239102094546
149,125.84438449769613
163,160.96704935626008
167,184.65421281164566
138,176.4773631005001
152,146.95294363774514
171,164.86698632537394
163,171.60668011497384
153,171.50303320195147
171,175.04857978468945
175,174.9909765179644
229,211.77606186043823
280,286.09250480691287
365,356.6005103675971
388,433.1572542435951
326,420.27757898906674
359,381.71738241722727
592,527.3898507684224
740,698.2184032308962
750,852.372677028694
701,815.7801434612373
603,685.49786463862
420,547.4944631767424
254,238.12462090434556
108,200.18921574783104
121,134.3093598353127
111,155.44998198920902
139,159.24145735659903
200,191.23807586749365
212,229.58701541323515
245,235.5443107735601
239,257.69529679194966
268,252.70457298463532
287,279.0078656681362
349,292.2092388727144
290,344.1020864068266
397,336.61994192313813
424,457.6288305419578
511,450.8871034196987
444,521.4448930843138
472,512.4358126983246
674,566.7653141574309
708,812.4938237838336
739,739.3944312536311
738,830.4644778284211
574,661.8125436382021
546,461.95568085863135
317,320.30642504668947
165,202.8547022407122
130,164.8278988092074
132,142.6258441335527
113,150.6314459718978
127,165.961506925714
212,177.39941998990463
216,236.7256789853109
236,232.21496292275407
226,238.0096895140403
333,241.23839543019497
313,321.148453189977
309,317.20931197689595
292,314.36972093301114
265,300.6723356777976
225,269.1782008176299
236,238.07868467583194
234,253.82926720284672
211,277.14964650709277
221,202.2352628531134
122,156.96168248425334
80,78.61793804987603
59,62.429958020109126
53,62.74033226947991
74,80.40059484218405
84,98.68589036489142
110,122.24924384157734
157,150.1044043439662
188,177.23976239569768
142,159.14595454640312
113,127.23643489896146
135,117.94681180384225
163,128.36785215941305
163,157.8632880135937
155,164.64452733317012
138,147.98798538869735
166,154.3138943930086
223,190.86611923824796
273,223.76197373381453
215,260.94455464045683
206,189.7028433824041
189,185.63091554739114
221,187.45100022989004
171,167.3208436852564
116,130.15734117493614
56,84.06003740632302
59,54.04863025031015
57,59.765336534297795
63,62.60545309136625
68,78.96968854299796
94,96.19378339613057
149,113.23012953429547
156,172.07234016683864
154,158.93278413134797
140,144.8979663762027
137,145.77981123341738
151,144.39806069775045
164,151.18855249921353
169,168.66228253288995
154,164.84445725621023
187,167.32115243498208
258,215.8975150606663
280,281.3607039014672
253,274.3818845463683
220,238.56972081988133
246,221.04514568784407
543,270.50405670030625
256,344.53861127786445
148,178.41835235300982
86,92.82106657292417
53,63.643801948148926
62,51.88168229758572
57,69.64828566499946
75,72.12201964553819
105,119.21701656567299
158,139.47377058564592
182,171.90132424527633
144,163.48150087129474
117,136.5250795827607
137,121.41685694602008
123,136.29841623003742
138,134.27465715946244
143,146.47029047643878
155,152.0313727439057
171,167.6079242812837
200,210.57777835162966
223,259.22895213716833
225,237.856573286666
223,218.0764867682321
232,257.66015171578726
389,369.6643270231742
296,321.1729729712999
187,198.22216564738414
112,122.87780613294194
106,72.83646695890994
65,78.91752953891152
60,72.34614729799821
98,89.49378200078749
115,116.49139018196404
141,149.40745940059892
178,177.1712512660042
166,169.848914882925
166,140.32014150769396
145,160.54226257205684
155,146.06723693502641
134,154.11793927958044
144,154.2427530437472
153,159.9467562385027
178,183.56487017893699
230,214.71774582436223
264,265.9836051573889
257,281.29443550384343
207,262.36707150098937
279,252.6042822998706
466,420.5492830639047
403,434.58048569614317
311,330.3563454717183
239,214.33134593131564
196,171.69429577790407
233,138.64564479027837
176,155.77221199993673
112,127.0964994674548
143,129.0315769196818
164,154.5260746045872
208,179.68932620051316
254,186.0351725450595
189,219.17111949007625
192,179.77417707027868
175,186.352549600745
190,168.11237612118
195,188.52699079297054
194,189.0306259049766
219,222.56473962491663
318,280.75647623939534
364,372.79047030024196
413,405.47076206418444
571,398.9246503041051
451,604.9904626918554
534,618.2952283703728
699,678.6460447888967
681,764.5954372924438
563,688.7117704218803
485,550.9180026205362
468,413.18028021298113
356,287.7226683438655
120,209.37193844406787
125,131.94835734023795
119,147.1866217256559
129,161.26173421694486
184,198.3297583061106
196,224.721673613582
224,238.93558737052297
229,239.5595567738296
277,249.63883030120152
272,295.8483577344866
301,293.92734043635704
312,317.04495560818
360,366.74447418078955
420,428.68603988720844
504,475.51532140872683
551,545.349027218246
522,628.4361816817878
604,647.5310895064387
781,707.4889053646398
855,827.4857329522694
678,800.1981436585872
531,580.8827005724306
428,440.0728339661866
266,295.8625320480606
206,160.03586418653612
154,170.57923644342267
161,140.40715996495513
153,148.30186673321796
159,182.36739943438823
213,203.70198947412547
212,231.58805484512763
252,227.28900855316562
266,248.39335854457957
263,267.4869676909924
280,264.56141580729377
286,286.98823122403945
298,303.49419136225697
321,306.59444944728347
300,306.4510522663613
323,289.19833080526786
455,310.89942294414936
355,463.0823258329841
205,303.23781381956326
140,149.0992354791765
94,86.12795579554799
77,65.22783248401915
82,62.32726632084561
74,78.33310284771271
82,97.65689791397885
113,118.91996086488466
139,159.73580971789224
170,180.5485565103227
179,159.5545705599131
117,142.16866332146085
130,118.1540198606621
121,137.21382348825523
132,137.23003127981858
135,144.4250770995881
138,140.36076326510224
149,157.28590471716424
202,186.62053393029777
236,213.77554254140176
217,232.64301465594602
217,208.29732349170146
199,202.03916299308784
200,222.4745616772737
153,159.1158336180037
98,104.64064351818608
66,60.18391940873486
43,46.0237592109732
40,53.86758004257136
49,61.82041480124535
84,75.36233860633125
120,106.96070293534603
144,146.12096479046596
167,167.6827063754397
155,160.2338887274298
122,126.91756336282813
121,126.89278058741439
101,127.43065346097427
113,119.55481696319899
179,132.98113665966923
145,158.50997254954137
150,165.04715624494304
191,192.76564591703334
226,232.03512905714794
208,233.69536007924046
209,216.55400115098146
243,235.68925144930634
316,289.3139675379105
195,259.02433770377695
134,135.5296220800474
91,86.08730812888713
45,62.90933095727277
44,50.34782885362581
53,57.44861420359362
87,77.12332131926264
126,118.00827672898096
162,152.21960301431508
189,181.34283816315386
181,168.59640260850665
147,146.57964904382612
160,133.788982714163
124,136.78701717254543
149,125.29469719057461
161,157.163490711107
127,159.54369306899304
267,149.26922539257245
250,264.42680771242374
284,263.27099154983057
262,266.1307769044759
221,246.19960412630877
272,252.78333856016937
474,392.71028227971397
263,299.1584965546336
176,196.0779818237179
126,118.7727999454642
94,97.55103205390665
66,67.07426718277624
79,70.21890971052329
95,95.87420726175586
121,120.87087027336504
169,151.41510897483127
218,193.17253848061873
163,197.24907212482324
154,153.16096685154315
149,161.773160752111
131,148.4262509954855
127,146.52236986291425
149,153.85535880435938
141,151.8986275739252
198,179.55737653743424
275,247.07315548584452
308,306.1827628442724
349,302.51711842370884
343,310.6129901935835
300,336.61914061245125
390,422.54438303429157
499,388.61956017335575
277,379.37584401819356
210,230.68815770380564
151,180.3244737725796
126,167.93000710634558
130,133.65713060117454
103,117.05935041024766
144,135.01813950675043
174,171.2514284549087
203,203.80234343437704
176,195.11883703870058
165,176.23507881643732
169,168.78370700979607
187,169.96618460678033
182,180.90943341733933
205,190.94632091700916
197,203.94153469269082
275,224.801104577893
314,333.85965637726434
358,371.95941033934037
397,424.34464762823353
481,469.84124965729524
399,494.12018185144854
960,530.7565617192943
739,1052.3589002247215
612,791.2087742520101
540,626.9329576865354
528,548.7041179332219
427,476.4289188338889
270,283.8615787956145
166,143.83249940418432
166,142.12289325131866
192,146.4008722788247
216,181.6100641046544
216,224.29739700698136
246,230.9199638965492
274,262.2455650574338
240,278.9471128696281
252,258.4647338860496
277,276.6216033465951
323,295.7092409298436
332,345.8056502099364
376,376.86989922229833
447,435.22319462975224
480,489.88940558152643
459,528.0664108342941
436,503.60209929453146
497,602.5152244113846
607,538.2921968215024
744,650.6759083189289
575,712.1341136598462
614,525.4825026769541
553,511.7721263191537
422,324.3885135781277
168,200.70082972453
180,161.77116424660576
165,177.75643796560294
138,170.17720093836607
182,172.9269715187144
264,221.36607573392
244,266.0623857371999
288,247.98098599213196
265,274.7122361120866
275,270.1548998769989
287,280.0938398123077
309,295.10344918488744
315,316.42187688567094
326,319.96544863955563
309,303.0198786331583
273,301.81687979890523
256,296.7661687103086
251,300.18865460984193
180,225.36333980496815
135,126.85894907117525
73,89.27424707046046
60,64.09402846590709
52,69.20643179571543
76,73.23597857252186
108,86.57147364459503
137,128.83727348143717
170,170.2894204717015
184,183.94387269854474
165,167.4476088315557
148,138.4731225201394
122,138.59899705836392
152,134.74311408309066
153,149.16576661565307
160,153.10639367019476
152,155.9818036607696
171,162.16438144985568
210,201.89300124923182
207,234.34336805349741
183,204.31626084472236
162,189.29952820688627
127,177.06263067679313
178,170.03705818754395
148,153.226720177073
100,101.17238331106665
89,60.6101235368172
109,53.49340960992159
57,66.50334549883178
101,65.113775024631
116,85.72442613378232
121,119.85314764277231
167,155.68014940507493
179,179.10325549539158
147,167.92211356523853
155,129.33031531167742
155,137.7595352147596
128,141.69952131464538
166,130.2632659264724
170,173.35840527874348
198,162.17753928627693
215,192.7536173510548
259,225.834233505366
291,259.8577476069208
293,275.6716127392948
263,252.90044075367564
218,245.14979517352566
238,270.662875849026
195,217.6415260980914
135,135.37667993318775
83,91.40007744096836
82,59.86451662841098
82,60.37495499128794
78,70.05441465637762
92,92.50970793671647
137,126.42458264063112
148,170.05905207659592
151,186.7720087691965
148,150.8378955931766
170,144.53778234895324
151,158.6733889848631
191,138.30838714455044
191,176.59661662630438
181,178.68471486722768
198,172.03371555425713
211,212.47107533916258
245,242.76418005605686
262,281.6874289136145
333,268.01048025612795
266,306.41982343153853
222,272.9591728185436
210,284.4820627403044
214,213.66584042105754
188,170.9486526604183
201,144.539608733923
223,146.8354418085563
187,165.35911367116015
139,141.31310550264558
93,118.25995843501634
96,111.65253067891584
102,119.33625865507129
86,130.05314644776098
104,113.76073544484377
116,133.4040365679344
137,136.54220566195835
157,166.13578670990438
167,170.42434572539787
187,178.9971381292191
231,195.54352893731638
264,250.24543636228506
251,287.43548308869333
202,290.1938624332168
211,252.0524393718663
229,229.97299223015224
243,226.05931679900416
274,288.2944653781138
301,280.9723756947703
225,280.7481513068421
140,208.56739417256446
91,144.67004203295184
79,109.70698881270506
95,122.2085161563784
77,105.33642634476136
60,123.55789410649383
81,112.00035060637495
82,135.874148173323
102,120.33113909631744
111,130.47219446200933
91,140.94888268572785
112,134.0792766250621
125,154.05366935272593
119,172.74317059890112
160,164.70802522132482
158,213.56821794654408
200,232.2164977922678
198,277.13475322040057
214,249.84539051668077
189,248.50368594188834
234,236.8098119337428
230,340.3104998824419
252,323.2681675788238
284,335.67542451557307
229,267.07606307099627
332,201.69207158587827
501,305.6320678602566
215,300.9853027453937
84,123.11752335834451
84,93.55706403601862
71,97.27319644584193
87,87.89440027816804
120,127.77334077623814
107,153.3831866593405
144,115.4914947010823
142,155.58765398079265
138,155.2282325718007
141,145.074843213989
162,149.32513886564433
185,193.01073233242033
220,246.605875802475
260,290.3356931749273
272,278.7998951631714
319,315.75130083367634
318,357.95452657882737
473,427.9935373781063
472,526.7233196120268
382,441.04370826317813
392,366.51204428018366
438,347.33278633747693
387,429.1681192110994
243,253.15923173355483
136,139.1888999314753
100,128.89689499949915
90,114.54334053995758
95,102.110529659356
146,128.30551571488627
159,173.75903336416934
209,186.75126308683392
193,218.75518183965565
212,209.2098628092736
214,219.04206038937218
196,225.04605433293273
240,214.42353012674408
226,254.2494281346112
268,257.6600144212529
219,275.6580871583973
203,233.28454003427777
184,226.90800722230625
401,212.8608356178201
237,317.57734549753246
296,252.33394692710894
269,197.37046336798852
262,182.72104655206513
236,183.520585599646
249,164.76138342581638
210,143.2916869881287
164,196.83980121519602
182,189.98711388140777
233,226.52077235079858
253,265.2993729071045
250,264.5434715366812
223,250.10093970950388
252,235.81698249702214
215,270.21641703808365
241,256.41669489995706
305,275.70554645366894
294,337.8066773741121
325,338.93549198333
363,359.06651498954375
343,383.7895785898857
383,357.76652454630107
329,399.50443571521856
322,338.3881836892583
306,316.3903363167322
270,289.2242301437194
363,227.9740057286685
125,245.6560392454595
153,143.91606662081966
161,174.60806472880006
119,142.68335452785126
134,139.90786515427456
147,164.9332544811347
170,186.33215941381297
200,227.32025896867617
243,240.63820344979152
204,237.66994354552108
216,209.45371466183195
268,225.88020637854848
243,261.2162144273401
276,254.07777333371706
276,286.3311772244853
318,296.88193303698057
257,321.4362958412697
266,271.84912417880577
281,264.0711901690267
240,273.3173797272751
232,224.60876850347327
195,205.93885089719066
133,155.95030829854537
94,98.91747763870437
61,75.18077864704306
85,78.35008194292007
104,110.15672926655657
114,130.2062784149115
187,168.48631845440607
233,238.1132043604386
217,246.43613987228727
202,205.27551565813607
185,189.36051707876422
160,179.12200187200457
177,170.27048929833165
187,190.8690488133342
204,209.98721511193196
220,221.66693291454897
214,230.329188807849
264,225.30805304489778
267,258.65984856353873
242,253.68866772740233
220,230.7826795618778
214,207.14147997563742
195,199.7754619421415
132,157.7906534393386
117,101.88400344013023
71,76.95284360244827
55,50.04781306136939
64,64.13018411039627
97,92.02495564067776
109,107.58867836820406
160,162.88763663545953
161,238.93751852306258
161,212.23669656020644
172,196.99740404434817
185,183.97000598442747
152,172.4181689503689
159,160.67821190855767
154,184.25156877021547
164,194.47125243517576
195,201.74195299724474
204,213.9235687107181
244,241.24977656130778
244,262.77471222181754
227,229.45350139790813
230,219.98701754623306
200,227.52877791134082
215,198.61293738123874
168,167.61499667296513
118,124.05755875198535
59,89.0784578444633
50,52.52530046636327
65,65.48521926473417
82,93.18693374053784
104,108.2538698384531
156,164.848466137869
230,215.48816125699815
234,231.45775336555914
182,199.3083339701
198,187.49383721959663
172,181.4547276112871
163,174.84412968577504
182,180.7624800046992
208,201.0854663108799
270,217.55873238789826
270,262.2660620365979
234,276.0278973227771
278,257.39749100110237
618,257.2183888261482
303,431.20630413231834
224,266.6838941541274
207,211.53044282432484
180,176.376094124029
134,132.0791482834488
79,81.916929536785
48,58.877792024884194
70,65.13981396396557
88,98.07794235740646
115,110.42726814086225
156,178.22373082982864
243,239.02164706942156
223,250.28971757383144
203,214.67044163361217
214,195.08921476959713
189,197.5298763435913
180,187.40327875099953
181,202.84744155119813
218,200.6958498887965
222,221.56317197521426
244,251.60548494472397
305,260.7436688144277
312,309.7526748697619
262,330.3818895439915
281,262.89164758508156
298,265.0640704197835
209,258.5279361685786
178,194.214955466444
145,147.80370334334248
99,100.17582941522602
72,69.4097222224064
93,84.59450795233919
115,115.95449178318627
122,120.98175692988283
167,167.40817449709417
234,246.32198460512325
225,246.9110199219384
199,220.5857412336379
207,203.93253012884134
183,196.97811608532467
201,189.71694683632543
209,223.04080956662017
263,235.7870450290653
268,275.94101630354777
303,296.35573114505604
316,332.1085268670797
314,352.17560882348783
309,338.8995864464048
278,315.6844040934612
283,310.33955823723517
287,299.1167064178987
311,286.21159197128986
264,258.5268036235723
159,204.08805573659353
127,132.26627712796065
163,129.94941961384896
175,155.714283631347
135,142.63548323603638
177,164.78649528176155
186,190.01934109452318
226,222.62956052942718
254,244.59810850825264
246,263.72302510569375
239,243.18994335149245
220,244.75614740191614
245,237.62072820369116
300,270.3190461634098
279,304.85428942284204
333,313.00498934737647
328,350.98400202083053
375,350.6003416931061
387,368.3490547111308
310,371.1918958103904
323,329.6592795383283
286,327.60221409552133
293,295.2668714520175
244,270.7268370653296
218,212.12201805205592
171,163.4261846649703
143,159.34576474996499
144,158.9139896920635
135,127.96192238094847
138,145.2300196609859
143,162.40098206239273
182,179.8735775625977
204,230.44748938999362
215,243.10094212790108
193,223.88737290718382
226,206.13105627312362
219,243.07145558935758
421,237.47938830667616
352,368.598221599143
296,333.40484987411287
284,304.7944238395116
271,295.0333486581351
246,276.48940534112654
230,249.03862995997062
237,231.64385368723316
193,224.48142920671233
188,181.2176448707812
140,147.17063345104174
96,96.87807146057811
73,72.8417087977111
63,82.15733627186347
96,104.89969522207063
115,117.13167061208785
161,180.50079730190538
269,226.80194130091311
239,251.70865016538968
203,210.73547266363175
199,186.85237975781857
166,176.41465397601092
201,173.85560521173244
291,196.77132621095802
215,281.8191863458807
242,223.8219322198782
255,236.12105001256694
260,247.9774081963606
286,259.42829969272805
228,255.68523998713783
222,220.07777988480274
228,211.36404207837413
217,201.55603669057336
194,162.15327437326945
142,150.04704476738831
80,97.95736843315109
66,65.80288864419117
69,68.82361807274543
85,93.15160207650261
97,105.88577269760873
146,127.97941883558386
145,201.91953128931578
201,187.75755681581657
202,207.47667086942204
182,202.1658309073554
191,180.44028829492652
171,194.03246700371915
198,197.3956052811938
220,212.02520142702377
213,232.25813378236674
229,228.9331099593066
307,243.8261055237569
255,316.2952907127642
260,245.15008616904285
234,241.7604681418824
244,223.05032475581172
195,226.7600244027058
175,178.042654381695
127,124.50391011234339
61,89.01473454571958
63,54.627436429735994
65,64.65840895827725
77,85.88395317584663
124,105.90455347285835
190,161.90759132120922
249,219.53149446190758
238,241.1012773051565
207,206.68219486775877
218,192.69385188911505
192,196.40292716397298
198,183.8262962978233
204,205.8023290974278
198,217.88561651416816
241,224.70915601546162
234,256.39156535060505
263,263.02769035210156
262,279.31577713350305
213,244.615126312729
222,225.16369288466387
214,227.18026320356904
180,203.7543075928931
158,173.06714852901905
120,125.5519401938174
67,79.58700352522175
55,58.92711625982569
75,67.17697573832015
86,93.46235109156144
114,118.90451986929742
183,168.37872733714727
243,250.96704528526675
227,243.47801727650403
211,207.98315194311076
637,206.6595418341406
238,359.1111528479533
229,217.50081103614866
198,219.61297603946315
212,221.78206941172868
257,226.73750016125027
263,261.073605205283
303,286.63865162742167
290,307.1781800026038
267,270.00007477598774
253,259.4647474144657
243,247.1705309306465
200,226.02005382555313
177,181.07168676462254
125,145.61106036884414
113,92.59159132047802
87,75.87714025243042
98,89.22992750896728
126,115.74487528725062
124,125.42054663887055
171,170.5976712026381
259,250.6811258326831
246,252.7297046445013
210,225.69158309597833
221,233.49889463012784
200,212.0854710004649
208,210.18737077428077
208,212.66794050227756
243,236.43273364933842
290,269.3183990531185
288,308.7784877161065
335,314.2889024309108
346,356.33704725309315
375,346.6087783782754
327,345.27203235090246
309,320.2243123044206
271,302.5322528135006
282,268.7576143985517
241,244.0132276642241
151,180.05215727681096
115,131.91583494033807
155,120.21324771755137
131,158.95864033648328
126,130.92788490014098
164,167.13711136036048
169,190.64738653951613
226,220.3296505646223
243,246.86587492034656
255,258.12126267593413
252,253.14433500293163
249,246.75614113710833
274,251.20677239368578
275,285.560299435928
315,290.50396401206734
352,331.89246000711654
385,357.13003465705486
464,388.2748966811194
388,441.64567968009464
453,375.20131975863967
362,404.5250112113356
282,329.734969842062
332,285.01825743257064
261,273.51796367649473
249,219.70322019887485
203,170.3942922717492
158,166.0558645179559
176,147.90704463546248
128,129.5470667581122
158,143.68212359210787
165,156.5819808500303
171,188.3695550398926
227,212.76577503937884
224,250.28111910089848
198,228.78487137693855
213,215.10043336528997
241,235.447889860848
264,252.83182821377625
269,271.97740557058626
306,281.78690368772607
336,306.7444906911674
342,328.29999417726043
338,309.02574082462945
306,310.47067903834113
246,274.3523599503536
238,224.54649205702987
189,207.76043571601687
144,141.178529924782
99,97.3922903953477
66,71.71564022238923
71,73.31902315851666
105,99.64397184489653
111,119.03875644807238
204,177.6501333611596
291,272.04663355399214
231,265.2975409790443
204,210.8252873137914
201,191.47641358404033
210,178.93824969281914
193,195.99239616084336
211,204.9838265856837
204,218.89457476084476
253,220.03623907746626
233,244.42418649998132
252,253.71733601530056
257,258.1989988207461
236,237.18255208490638
227,219.6226846691217
208,215.66137781767216
183,198.79273366672845
173,156.37223893928865
125,123.79948840278637
95,81.35728532002514
61,62.37658203444043
78,63.7511154936698
92,96.02390418401282
103,105.5340068098675
139,159.83413877383327
242,189.8761039382687
200,231.39703982131246
217,199.13798643606376
195,191.1337262042708
135,185.23844032345633
151,156.2467900979229
190,184.63035434953022
204,210.16568580610488
264,215.8631962521439
243,251.76774953369366
250,262.4523747285337
284,259.89510102971883
257,258.2631537230964
224,238.84962164026197
201,223.93690731677677
188,198.23057223179305
251,170.42478737245776
158,146.57622724866596
99,80.93482076704963
76,63.87510727044814
77,69.60482782549806
104,87.4943532090469
97,116.92655223459833
184,160.76352513533445
311,253.56503483603328
333,259.27073650043815
229,255.38863862729102
200,199.5600621970627
205,177.19232102186646
189,187.44894276820173
185,201.4204956218843
249,205.70252959891815
241,254.97779104231017
273,256.78520602492887
278,280.5731865960799
259,289.9707826097807
267,247.51002007044718
210,245.97812037314333
232,211.8976507538719
206,206.94089025942202
188,184.45384674748743
144,142.92848740071625
95,89.25255435375735
62,63.720823437814374
57,70.50040570602582
100,90.49669417581903
101,117.00224139563454
168,182.62344546409597
270,269.5008637606235
244,280.63649602188065
197,222.84464749880243
206,184.24263747050333
173,209.527058026531
192,198.67381955739287
244,203.07461886339215
235,247.3091278194992
265,247.68198247730376
284,280.02460744841443
327,303.58412941677705
324,319.95025741179904
301,296.35887896787335
259,260.1738050555283
245,251.94317717385997
205,223.71799477420404
201,187.0191182246606
144,153.77227988958344
105,104.39308722701935
92,74.84836258423934
86,85.11313979220736
106,116.51718486737988
112,120.84580573484172
165,166.5466914745403
274,255.77310443031277
231,260.404332245161
227,210.4292968098845
196,211.49242033701287
219,189.9743495000736
218,214.16176896242487
244,224.8634051900158
330,259.24120861619775
277,318.114280258013
324,300.3295313536728
319,351.80287309418003
388,349.719922559283
355,383.10538022704424
345,327.6676329432325
307,322.6642903361482
327,290.74949965607743
282,305.7304285635236
226,248.2958174488791
169,163.10266720505237
169,132.00637916819275
151,150.67096636269898
177,148.9486350584513
192,129.8261762125382
229,179.9990770714409
268,223.83487153218414
341,247.55324566454289
366,297.9846269592777
361,302.0775874520046
328,339.35371844190877
331,300.8959663301985
323,315.5566161849277
394,323.50321172969103
386,365.7683246648917
404,380.0701145603983
444,399.405114980337
444,447.78270264801847
419,414.4916050721357
450,403.21932290857285
413,402.92903971661235
318,376.30535170617884
321,310.00594545077854
280,267.65551658667044
250,234.079190077119
159,188.102487586654
148,151.32359797175965
181,160.5886519002891
130,142.67529804873217
203,152.3578641523765
204,188.46030271385862
230,215.27427222585354
262,255.62786646654445
321,274.4897833479494
281,300.7544390292154
241,276.7668543154612
307,248.24213953811378
324,301.4192161692085
323,313.8236868600213
347,321.28972332194076
376,350.6020537003578
369,357.2594606412857
361,324.4196713152822
326,329.5627355253043
276,286.6746338075969
245,253.57201644854024
221,209.0392757466437
149,148.96537998970553
116,99.1019310837561
74,72.28105015858205
108,70.6668403756109
127,110.22056055582863
105,122.56235279311962
164,188.21933770137665
279,256.3478149454942
262,263.4102647336007
215,226.21482086368434
221,197.45978645142551
182,201.48945786278472
172,186.13123100191075
189,198.73998313995853
229,203.62192859898536
243,234.42069295970703
251,243.36272056595794
246,265.2068313389386
251,255.38113003893136
255,231.85882175948407
227,230.79500904882448
228,214.34197774164338
186,206.7761118861164
182,162.6304611480393
125,126.82372669467678
83,82.98207971936276
61,59.50217447234709
60,68.65812372695342
86,92.06056185772393
121,101.00934874386441
157,156.798430763688
234,219.92149811375361
216,231.6364907943528
225,206.4119895949668
200,198.8553066265373
201,170.66646556424232
185,177.24104634154165
227,193.91543239411573
245,226.239257144379
254,236.52472532746668
372,252.7841765611041
367,356.4623935229199
434,341.60436442816297
435,363.8460457036403
347,353.19620813475314
307,284.47087660375115
306,248.73553767245969
216,220.63332259610044
140,141.42621202366294
90,80.09923444299304
79,65.90978843393812
78,69.05640904240757
99,88.17342586023204
103,109.85914194663863
157,174.38287838286664
252,245.22091803025555
254,258.04314601710917
226,224.67085240184866
247,200.14937962068072
206,214.17167105130045
220,199.67363421924208
240,218.3597229973099
289,243.67688256874067
335,283.31637005957316
301,352.6239929608204
342,328.7844865398642
360,352.43048777660283
483,349.6237220588809
412,387.91295549054604
329,344.83876748998773
286,290.59382929746744
293,219.9648071988879
233,215.216052029891
172,152.82746603433154
147,108.48224702759022
115,112.41814893849642
145,104.98002196361061
111,127.32391125394273
157,135.712503359926
144,189.25239123389872
127,187.91030481598776
158,165.326947424754
182,191.49600019734754
188,202.27255386688995
209,208.8958082645122
237,225.80500929603696
266,257.4238209827096
261,298.3628738073186
316,296.1472660480948
421,327.33537158541964
413,414.2524130128223
435,412.7609728789512
359,398.8541688881858
366,349.67340403959054
358,344.59191578636313
412,287.5202569758177
296,224.95067223482005
230,181.59330424926742
181,150.40004439477053
135,122.38293838719618
147,128.71214851461534
116,127.3181737795407
157,161.40029838644367
203,213.67711215950968
204,217.2338922897073
196,197.45410795858774
229,198.07675212949513
235,209.70575518593927
227,225.93260036409924
245,229.40946853043442
325,268.84159841359286
348,307.11517010707183
360,349.9875598981565
365,377.0112455400143
407,389.34545246764475
391,402.11603900185594
403,366.34178072269054
371,377.173956633291
398,356.42010373680483
321,355.19053498417304
285,272.74485415273193
184,206.47467524905878
113,153.41937070533268
122,122.51013777401842
147,155.86270268957273
109,134.38618085372158
170,161.17463252447698
170,199.44696356986975
179,217.32386655318768
192,228.97974581223235
239,238.8838130580508
213,261.66632554231717
212,237.15217443536383
228,243.5787373540473
261,266.5548852466189
289,302.49076071531715
287,333.82242818450095
361,336.8518755676177
362,406.26881369632133
449,377.23006164069284
366,440.49766410117763
387,374.68154762523307
353,357.55947609447924
305,328.55871886494486
266,278.6710588811212
219,233.9607533066546
160,164.88111734761836
181,145.43919027196105
187,162.96193598451814
106,131.06997090593117
150,150.3866032785884
164,164.33316731844047
146,188.13881010664207
185,200.8466939688659
271,226.96218253524137
244,254.51778335020725
230,235.86582681736985
248,237.75223565426523
296,264.4871690011275
295,297.20881975205543
296,299.8830227374565
282,322.3727379818151
297,300.6748723460434
319,306.25895791341514
286,305.55315254430576
244,268.72240446026836
225,236.06613326931492
177,196.04460351185108
334,301.1903513419398
328,200.78143963289784
205,164.6706800334664
175,119.88408030006225
144,105.46727294983624
139,116.40812186460577
160,167.20288931709544
207,209.08082280691065
248,261.7318951005507
246,293.9714111578802
299,287.5513868934265
269,298.6928110610002
260,276.9157012730979
319,277.18908930895583
335,320.27008048687406
311,317.6736855153839
346,322.3368202699342
325,372.05423428112715
389,352.036867041492
417,373.66703873683264
344,400.445162267306
365,348.8316845727052
449,396.69370275396784
372,389.08134724268797
321,302.6972515395278
385,236.2896768518898
98,228.55365506339808
82,96.10058970136251
95,100.44301329234703
112,100.35172988224365
130,127.15127506138302
175,180.94149560388772
228,225.07826044348815
262,253.57700749012523
293,295.8167065775911
265,290.76710161658804
271,268.56251124790117
255,270.703893975229
257,259.81281510546
278,260.19255633593804
277,278.3828079726317
305,292.5630945421333
301,299.09040923313074
278,279.22034369674884
237,255.89883688819478
204,232.73913987363525
237,216.90109357981532
180,204.0479999002622
103,119.39213841095585
73,68.04557789967146
41,45.132411817116676
46,45.803370758815404
82,81.85172852490358
121,116.14334514391969
242,200.39944461902255
307,303.0012051242611
311,326.6119008450093
246,263.1250402963871
194,213.23746215381402
200,191.35772829792228
200,195.97891128304042
221,208.73405882191906
224,235.00821623823967
245,222.49116207277405
262,239.86017451075455
283,276.22398848953776
265,287.2619360544582
223,238.18382344755645
208,209.9367527877906
176,189.81841883269746
175,182.11936984903048
153,148.56765607554533
94,97.86660796202918
48,60.04497196690423
24,35.91835918941225
43,34.361051886879935
118,63.886839509057765
136,120.63013889818092
219,227.08787905620176
225,320.06341963864213
263,309.7602000411072
266,251.23001370266962
208,218.53636458806756
192,202.58929915743903
209,199.22238206390765
242,215.18845521291883
248,252.30491609512086
256,235.9337532320849
264,255.0479176963363
282,282.36879085400847
297,290.1926821002294
293,262.47024932802566
250,241.42859408019763
233,212.14109318568362
221,206.19241333064707
187,169.29137262932255
119,113.48170075916288
61,60.86526111647656
37,33.53251487158393
37,42.56136568800051
62,65.55796038340037
113,111.34611881690796
242,215.6338229285133
334,309.3626004076454
292,340.5588566543088
236,264.4157994888056
248,218.87191896623503
207,213.09183281412072
211,213.62896168639173
220,228.28649712114841
272,253.5898549048886
231,266.3438413312344
231,256.67345717087335
290,284.82914673221796
273,304.9569220817058
263,271.3445305933424
213,249.24592470972917
208,218.3930559827542
228,219.14211304583907
164,192.024713763527
112,122.31936195128183
61,71.18139411680784
48,44.96643310408903
37,43.220771020460454
70,73.27027930791189
109,120.58385270618587
237,225.5053016432052
347,352.0467955733915
304,343.71575798374255
271,266.28447999038457
250,252.46635119971592
283,228.14357529989593
221,262.7779389265766
277,236.63297682176196
246,292.28476478015835
237,239.93455387582182
275,255.59984607426745
332,315.9467076735442
349,329.72431881018514
312,314.03815385919677
267,271.458829078547
215,247.17906663225355
239,237.84650738893242
211,207.01990581372635
150,138.9448115475099
80,83.99359152612249
50,54.800184224592655
54,49.79137487395672
82,74.64147661519802
143,122.19147079024498
231,232.4652503431154
355,351.6088060887357
311,347.2379574383336
294,286.74387671418185
223,262.179991123419
247,239.68600218746957
237,247.78714899585458
262,262.0596434110589
297,283.5371641598729
266,281.4129483868769
279,297.503036002558
373,334.5782487663236
370,406.31828132800905
319,375.4815393325375
295,303.6685835522521
257,293.37626348547315
315,296.25775238870096
263,306.72285927674244
196,229.80389809033585
153,146.20603010073944
86,110.01982476050394
67,80.36295095432767
90,83.14918555798845
105,114.34632175195267
137,159.44410231522113
191,205.895095922818
230,247.9947059317123
273,279.4595540547894
299,292.4142443139998
276,288.6007768851811
259,277.2191039141503
294,270.869516628281
272,301.01947774810253
293,287.3959628317298
347,308.20169242168055
336,357.11140176788336
328,369.25989242220254
378,329.1761664357219
332,347.1846960866878
343,323.62918679452775
536,371.30936314566526
350,412.06773749348946
235,290.48920737000293
161,178.53946809834085
125,104.6405400870239
87,83.63271368691107
80,91.43081026714198
84,100.24258596763728
135,121.04040512700007
177,176.36648361210226
214,222.96684454324375
261,260.1007548833935
306,301.8337337803109
285,295.44178045934547
239,278.05266491387766
287,249.7494084831514
445,273.33539309438356
297,385.2781707380036
286,291.4838090088233
254,296.29900028867536
265,269.3028985619512
261,261.8723985887982
223,241.552946390421
221,224.226552048024
262,227.59170004537845
191,213.14336504693318
114,118.10331143220324
62,69.79091228151123
40,41.58789592643422
51,44.42580837683317
73,77.01959408812897
137,113.48853408663771
224,223.31995424209418
332,316.9724171956624
322,329.12652516325403
252,265.04091462886674
247,215.12518874303794
212,217.17163140522248
252,202.90143385617358
286,238.5246659884134
282,275.8604359939989
280,263.9859933928351
274,267.80499426724174
287,280.6000328818457
320,285.4644234879864
293,273.0960501987325
236,246.4524085061959
380,202.5462332281731
225,334.765202827604
187,167.7665965857543
124,128.38331115697036
72,78.2270771689897
44,44.71809157295139
43,47.86253971764273
70,60.433776754244974
110,110.54270031099678
200,172.53140586530014
212,256.52770420368233
261,248.97546744357552
266,266.0566700587821
259,252.868897676068
239,244.40124478123943
239,244.10356713398596
262,252.49877545124747
246,277.95139210069965
251,259.1094122157642
266,270.28626481709455
315,293.16818849962823
313,334.89607851302713
265,317.90969850617074
229,244.62777779248688
263,241.25280026418812
277,247.1694328369762
175,214.2524461785726
103,116.35320713944321
61,62.07017512077966
33,36.90056259384527
47,41.238636449836974
71,64.18398003789655
112,110.86075817904816
228,210.751998314123
359,304.0266174430645
358,338.5004538506054
262,278.8001999548676
230,244.7167525488797
235,220.407531284534
234,228.6159312855759
244,234.91868102536822
269,261.6336915839984
250,257.9237809724615
257,263.6190746164297
289,304.0532433564438
289,307.4719347375558
261,273.7477563925621
243,242.88458371671067
212,229.04249215442925
197,233.2679466473458
152,175.05670488125787
91,110.12850773837042
55,66.55975838192352
48,42.585378470601874
49,41.93993587592504
76,71.83459582136912
139,116.31380001606598
240,239.39628389880914
358,358.45190014701154
347,358.90205444033694
307,280.7096504077357
257,244.85224191323718
262,248.87182425487876
278,245.99170319313646
255,276.3303854715231
278,275.40070186696795
288,267.4443420241594
265,290.86359083892984
340,310.9929776178248
343,342.78268551988504
329,310.7284661020064
279,282.8292163682139
242,252.3604712887416
352,243.27586912647217
245,250.3412348821824
136,156.16907535469159
81,79.46532760532155
50,52.7559537256075
58,53.54159047912016
91,81.99938464015293
130,134.73443734292513
249,227.28127507331507
333,364.2567379684538
367,341.4657964708798
265,309.35266646228587
253,254.86107113482313
233,252.2354963361183
265,252.2972572237808
241,271.2989599541606
300,277.6085129833165
317,289.3819442936323
299,319.3071254211898
337,349.681401222425
367,382.29886666662173
314,366.53746978552306
300,299.3493793091426
266,297.6661500783554
283,327.7953589985412
289,305.20023360801554
239,247.29127208199276
137,176.41045727341228
97,99.72655799822546
80,71.61499952729282
91,89.07118684774012
135,113.367309925502
211,163.7404311337872
270,229.03065150952176
370,278.2295811328016
421,322.2260667688682
437,354.9800797022455
398,393.0361760692211
392,357.9387577457705
394,353.3213636613801
384,364.72668475438866
397,363.9686337142764
396,378.32545434801995
488,396.6021070167092
550,474.872061776676
470,474.11148088606245
450,409.2550878177496
576,400.10702928688823
380,559.7135730204308
389,345.7187590967035
506,300.21486148838477
218,300.78686683807325
120,130.21815027456756
130,86.92549492165787
89,96.76108303807545
104,97.90077415319155
174,139.12739836492096
232,191.3495297262474
286,250.73893790884176
346,301.09707408822004
402,337.200456732723
373,377.054062472614
370,353.2551081957578
379,340.6413617440717
381,375.44932481377043
340,346.9256594071558
338,327.34560294159184
402,327.940330234389
355,372.6328853753715
326,312.1886623853814
449,277.72579466151035
301,369.8808537913204
272,276.09080905986207
195,221.05502433375415
98,121.02074849071828
73,66.23403867602265
52,43.597758584555955
44,50.110229088717155
102,77.06310402465843
168,124.86170197263073
240,234.35214261848856
367,333.44492826402626
376,350.3146577129467
263,299.0013287017996
232,221.91821722721727
217,220.5880075225258
234,215.8489374189461
246,228.9139211305892
290,245.9648088135091
246,271.4075508884433
269,256.1271814645062
300,292.08982589454314
301,299.0137359522727
234,272.82552037695206
188,216.6267912107712
169,190.30299661367025
170,184.7447169749751
151,151.80798590989903
116,98.00358719197068
52,66.70920474125958
33,37.03493944851743
39,41.15479505048385
77,70.86159558276972
109,131.73746314997183
226,211.80209162590972
375,296.04309697319184
349,345.72261426491207
287,280.01590768745166
242,235.24334650458172
235,223.62417101704253
205,226.57092983037884
218,228.86025439198048
254,252.48335714674297
252,250.80114464154408
259,268.50592930423664
301,298.24482277938097
287,313.8975434161422
254,262.65422615662527
203,221.58173864005744
198,211.3845866126856
189,201.34977131229104
183,165.82968935639335
109,116.12680116759832
63,62.601433852663924
34,34.58817698888769
58,40.89914864452793
77,70.87842208495495
130,112.60894822644634
264,226.55135594742634
421,372.0993318993356
459,397.6793102103373
299,342.1021935394488
264,244.856497309214
227,246.4968243464234
214,222.11061369147947
226,226.6887745830897
242,259.18152456350543
249,245.93764692671138
248,265.382381168472
360,294.0063038147477
310,351.31731214990185
263,280.74635135215397
245,235.5427268810999
235,222.82427180408163
235,228.06734631424442
198,183.62760309772554
137,123.2759989934457
62,73.5800208209077
50,44.90593312575433
41,43.29941331967637
67,71.81093420151075
113,129.58200527097028
247,239.082270461828
376,374.09391269975816
359,400.99895191728086
263,306.1354966584038
242,248.73279690441137
238,243.62106030724948
219,246.67884467638694
271,241.95348283240068
280,276.27126095406834
290,280.8323438647837
277,289.4729689325224
350,327.36907997316405
360,355.8874639017692
367,320.3529787774309
259,311.56263849185024
302,249.59312579083706
386,289.1614699878348
217,283.4175322327599
180,152.0164734326132
88,95.97619495113099
56,54.16391754846935
58,53.9708881200699
86,79.53737657476887
142,122.52638947072789
265,239.39986529679888
402,365.6350260225924
401,377.159197015991
270,311.5055546161088
254,246.83633564193445
239,247.53592034076257
259,245.3733669177248
268,265.1599355991728
335,288.91837332442606
279,327.66079458671555
313,298.98617760573893
348,359.45904017654544
404,377.5880250971818
380,375.88915331105443
312,327.8205188283991
384,300.93685286052016
462,380.65862474994765
315,346.2027807544145
259,247.00132798514133
205,170.46803808915467
111,117.20687380232394
95,81.86854063590003
103,91.35759919561524
154,127.03689873567545
225,175.08442691640226
302,260.4230033053328
411,323.6610236614054
365,358.7863390761148
448,352.3020810123478
421,413.5211424976989
405,392.0649822121373
383,377.68300341825744
394,372.76913597488794
358,366.17869900429054
408,359.97544345933306
451,416.02140487983576
502,472.67479711217896
450,466.85234290902156
397,401.7868695513495
564,396.06234504924686
418,520.9797783959331
368,371.681534830175
238,298.64838505056525
174,196.94887963521265
123,119.37415562161962
96,92.5922210493936
110,94.08241360457784
125,110.88690882044537
178,146.93189660343458
246,203.92561864818651
280,273.0129870778082
361,302.23209066562396
380,368.5612345936308
368,372.4267948385712
350,355.35276765548616
347,338.0482212037028
359,347.3140208883513
371,339.2413622071182
360,351.24658635855815
385,357.32134560396577
325,365.0273911437221
347,293.1474575560001
282,323.3526364658202
255,260.34471788369314
344,257.8008546949021
205,260.70208459748676
102,117.37917749971547
62,67.5465772870347
61,41.60194587978813
55,48.11534162284505
121,80.90922536880976
136,140.01625341441132
223,234.89496279383502
367,328.5570265535341
347,357.3685264047469
266,285.0818095913871
273,235.15493021192933
226,245.03304647639942
231,232.10091677253556
239,239.29948226679056
257,259.84669297501324
253,248.90858103940963
262,263.6194181512201
312,291.1923015912407
264,313.37581956101775
243,240.5577646521961
237,213.32655660567636
186,202.59684657525702
193,182.63312837703472
171,157.8016111672581
100,111.761194714196
59,55.27198796817532
37,36.03920214462579
51,43.31897540091173
81,79.50128915132423
100,114.55115985532221
249,215.21897834027212
362,342.88788774101533
354,344.0240011831994
314,284.74379111947985
260,256.7856870555802
252,237.81636447323976
237,233.5856806958036
257,236.8066748025862
285,261.4509046766275
317,273.57453517732705
341,307.7127379387213
413,357.0004006626986
395,377.58112333780844
408,324.03964132287484
315,324.727183627968
267,260.2095246270126
305,237.6849477102965
232,209.47259638978335
119,132.47330342008263
83,65.3705051679602
62,41.59187756803008
47,50.598120715287436
76,73.48543601067875
137,111.5260048138959
221,246.78565562224017
352,345.6272897288721
318,368.62292784018314
283,289.3805079527306
301,252.24942536681525
268,276.91054979891504
290,246.6520316620216
301,277.0737900069737
312,300.27349919760775
290,304.2359437570493
319,296.9252731117594
346,368.19203123581116
345,362.3136279453739
436,324.52502552033314
312,371.7842678115053
269,269.67374191321113
259,267.08173216023965
274,211.56399012574605
212,193.52684786900446
130,120.10781610476586
71,83.98882179308151
71,59.80072295155171
110,78.90488235135605
112,125.16609421544548
128,162.9113941676974
154,180.91110206185076
149,193.24780421061
141,182.84677762996714
196,186.4908764052897
207,226.29794140147982
217,236.06574025772076
277,234.70044138957664
364,305.853951763744
426,358.78478876625366
453,425.6905749747806
531,445.50199398438644
525,479.22547422370724
519,494.4433148957995
533,427.42708385161575
531,423.5108514709743
539,421.0592759027862
464,347.48974989166527
367,263.04707687515804
246,143.28728552785822
123,129.75047240996355
105,79.97734143108738
97,98.94265321390202
95,130.9746950743582
149,180.80520847489058
170,206.42304349885154
207,235.47639445403402
219,218.3904261387343
219,225.20657328025746
228,226.47603146039592
199,242.43719421447926
223,236.0226600276303
253,269.7434487544557
248,279.03889465008774
288,290.6055789602064
324,341.79270542219746
317,372.07918436330993
312,331.16651630248884
326,309.3405469370885
287,324.40168436346175
309,337.8616435222922
283,316.8106544713212
195,247.71156942788113
138,165.7282537673449
79,104.58726541200642
81,81.29154366286635
85,91.23323915623219
123,102.42946412638472
190,183.16240474479582
191,231.07892071195488
249,258.1255908268699
273,294.7304342695723
328,315.8475730149596
305,341.37274690534053
306,320.55457381620414
351,313.77520372854235
333,348.1178451656018
322,330.6080458575201
335,341.9942956194514
352,377.2143482134457
368,382.5288298565386
368,372.99460950445985
358,356.56656705610305
332,399.7499049519836
353,349.8386173612796
387,320.67858590663633
246,269.55829943122797
152,173.7439954528459
116,105.2131180948045
79,93.01226328212715
102,84.20628291222091
115,108.26166637363747
150,165.08021521323946
217,201.40701032420895
225,265.39098487037603
270,285.20154788825977
352,320.2594704528928
366,333.87743880253754
338,340.7626766159662
330,331.1457268984236
385,328.7916604825669
295,344.7430538584404
338,307.21400999432683
344,349.87746415802866
328,335.1827979869076
279,306.25962250043455
246,269.2333354999414
258,242.65701744500316
333,266.9819781632756
224,262.28460651648163
413,353.2614675974479
475,315.08475032782894
496,332.76814410468336
413,292.1904924083805
297,221.87078780325436
123,141.1515337384057
85,104.4152197347464
108,113.54124993734453
151,137.06894444964735
164,199.57587572864102
192,197.4764720053348
276,216.63085435932788
244,272.71756580164583
254,232.31251198886716
239,248.23389441875648
275,237.068252615666
262,272.422889543084
328,291.0008618451542
390,356.4570733729942
397,377.55667966942246
378,361.0447173810331
453,377.79948262548356
401,436.90382130680814
363,392.5373620929581
473,331.0627729098249
710,382.89456287742723
231,357.33727022133934
172,197.47089894129317
133,154.31252197386817
110,108.91173321394919
120,96.82876249343333
109,118.57558990510958
127,135.96219569657575
148,162.15228478098194
171,195.61505052808107
213,217.3619857265834
163,225.11069988211236
163,195.97747298665678
165,183.97615735021452
191,180.0336568486072
206,208.74364385704516
240,230.00563925340546
282,247.60536502225773
239,252.2453649868585
269,205.62269796740156
211,232.6906178540928
139,179.4395717742187
122,105.91635056285834
100,82.76122883670755
71,59.69139394011627
64,55.97555389870242
56,41.53068589093497
74,62.78785263055308
96,92.2645812988718
181,135.72539003175913
194,213.64027493106528
230,235.36853945839906
180,201.5981459410989
151,158.19705588109207
151,148.0000846121772
155,145.5986156204027
148,159.1239588853157
209,158.09024365712978
196,193.27858243204255
162,191.5985300722622
271,199.0027902363554
276,274.33944560671625
212,236.6661552997686
175,188.0285315806359
169,164.20512827794585
137,138.8042476726856
112,103.34892546990487
67,81.19901935945109
39,57.348725495989456
31,33.47157802777256
18,31.692718385833565
45,51.56937170787385
83,80.17840879017685
157,148.08536339851656
177,225.78407238236323
261,248.5535514988908
218,227.0836029040303
129,172.472101349724
176,143.7502555244606
158,155.81484649360257
161,152.83823486331207
151,165.90374992504246
162,159.70005948038047
191,180.79295727110224
263,227.8632228687506
311,298.3058823362347
248,279.78705968047217
228,223.19430858288007
191,211.82991028085178
129,179.94796146145242
120,128.80920922192365
106,91.9057421207793
43,64.97565379230163
38,40.572525640700555
21,26.121728979515872
56,44.33427125158154
93,76.27545035445318
164,154.672790105143
225,216.30577449713113
275,288.05874516513006
204,232.7000182632417
137,160.03617842390454
145,155.5399767742559
166,153.21743327495074
152,166.42006881790618
206,159.83060778567227
164,183.96431706415612
192,194.39079452667133
294,254.9578829649108
307,322.2519199924145
289,285.7968567187571
271,261.86776909527765
253,262.5287439022951
210,204.57847422788433
141,172.22412914210068
122,118.96026071570431
79,77.39079576948986
50,55.980626390234164
52,37.174998411820006
70,67.32618370172277
110,100.92156097589661
159,168.28238100939433
206,230.53912498818218
272,274.85875958084125
233,241.6677237605411
160,181.05924146337287
192,158.34763532414755
173,181.6541524772538
151,172.4900255652814
176,172.7122968538007
179,182.40983626458996
220,200.97658479403427
251,256.05264809170944
313,289.08753122574126
318,316.8537461426287
259,301.57521591200003
335,278.4544574020781
281,284.7034906440674
266,232.16404883302312
168,203.99585710264046
139,141.38254196769134
143,121.44320839613442
129,100.47176844042572
110,101.98522925083931
104,102.14184819711238
143,140.91656869351746
207,174.47632955031375
220,231.58076485583044
184,210.07205694015425
191,173.04059457385017
205,191.97507478466656
179,196.26954991510166
186,177.40208464626647
175,180.0422003429046
165,174.90714751674443
209,200.84545327520604
280,261.9190006136829
359,332.58010654218214
381,360.73393728959417
331,355.61499446174554
318,344.06013425498355
350,343.72974931217766
352,344.52750339575675
352,331.4090586942411
306,288.78216969973573
292,237.0564264925494
193,203.7143118854572
109,148.73091729550265
80,97.34673842820723
58,93.49305564067807
100,96.49938443393852
125,145.93870413791026
174,167.2809560558192
206,201.1980011354454
209,229.6442686075195
228,228.1650009351112
195,229.8097883505264
220,214.22925086377197
223,224.83891824421855
270,245.01988399779106
322,315.71414405321116
371,363.4324767182107
399,382.32043471348413
267,371.873758952288
302,300.8098807115488
401,343.2629898994585
344,374.35392070964787
377,308.6399510921404
299,288.1893725599662
314,248.7755385611581
190,217.64564899057692
135,136.5484298174874
90,101.27511226503535
94,80.39992650301434
71,107.66752551306087
115,109.60648460896202
153,156.3890438457593
209,194.4261005283544
230,222.3267672920692
236,222.67140767755947
214,224.32985050528063
293,200.76056173341232
264,261.9450524213248
278,251.50455010770293
280,278.28830525817125
271,275.3109872359065
206,243.12600941241402
194,189.7279455792111
162,186.6954062473392
138,143.46279432681686
108,111.48769864692477
70,81.39894884280356
58,56.02763011265589
53,51.31819474057587
59,44.60021120274486
79,67.25989421405939
93,95.548304976299
149,145.6729706642765
192,196.81150112857378
240,235.54599171345328
185,200.2300699181471
169,160.7247538937759
157,157.70163081041628
195,151.99273676830342
183,178.6735446938659
175,177.61874831338233
168,183.41269020891517
192,175.8595810501726
227,218.3631428940758
290,245.48592844481018
216,235.6618194774929
197,187.45773618490773
176,173.78976190180273
126,142.7806473689261
124,111.531797980617
106,88.85338977581581
52,77.60867719674576
52,44.84050916071073
27,43.77807330529548
65,53.40773681891961
70,80.4099562932527
116,109.49311115139987
200,154.98841934104112
245,240.81402695610512
195,232.73592583038945
164,180.4479692951856
163,164.36143928130215
144,169.15084649938035
128,158.6899633007912
134,145.1202653938286
159,149.8212508825173
206,183.74569624054988
233,232.58482828734407
297,259.9786131086009
275,280.84652910323325
234,238.68546376385692
230,204.24929841906425
212,189.20211764292284
130,164.14386519730462
83,101.54337742897724
48,58.74338257132944
44,39.9187156599902
31,27.870026909465746
57,49.54514738983939
83,77.00852708115414
155,144.02583480545965
221,219.99126236442638
312,273.2762505793162
234,239.8942664518657
152,174.0242813203853
178,153.53731603582574
119,167.64640995754567
149,140.0012457670987
167,157.66950345241358
149,169.61005543070644
179,190.31993965842645
234,229.41168455766828
306,288.2957627727816
251,294.7072999309498
227,247.8520970636516
277,240.44850520196715
189,240.83912862484763
222,159.85552407376892
117,143.20873649750104
56,76.59761428254828
46,49.85579567043423
59,44.77722306458725
62,69.45422568885031
93,101.96391796238784
150,158.23609231962337
233,213.8514086584259
314,291.02252356925965
246,255.88629927068496
164,185.61244433850658
170,175.1400159261887
166,162.1408240354819
139,165.53864866917874
162,163.84855670513673
158,168.70650425437546
218,191.44484475691138
272,256.3025263682407
329,309.7528479161707
320,313.49196282109466
293,278.7545102762478
266,302.15003672042513
262,256.79005362363887
233,249.6395366563902
185,185.70258546281067
188,142.14555105154616
108,141.20880223062858
93,105.36588424552578
88,102.20807795936146
99,101.80404091836894
148,138.72305636106066
183,189.9973154956807
227,224.6232234679701
225,213.94650452455286
164,189.68399370367155
171,179.64646944961382
187,179.40285257163768
180,179.14932193038908
167,178.86534072214207
170,169.50881818803273
213,203.9104518205906
288,269.8542199093428
355,352.682540911627
373,363.82783387391123
393,356.7001237714789
342,357.9724977237137
370,352.7611841345428
361,370.2976449876259
357,325.6199945057786
353,313.8597566516191
318,277.5958814186885
218,213.7035309519124
123,133.02257516182735
87,92.5018571222119
69,89.95783186455466
103,103.03255161310297
151,137.36956390006165
183,187.72949150220603
225,202.36580430906267
240,227.84059104520938
283,243.41250737333053
260,262.39564183266316
258,243.89492178687888
248,247.37164244575567
297,260.664546436805
364,327.46254683641166
404,387.25613285866984
435,400.8552329694793
476,394.6105087852663
395,434.06303125706523
391,407.15162182235315
454,374.0686162248052
334,392.40269530156655
266,304.3038307465872
272,237.8763232140835
210,206.11412357458576
131,142.89589765248473
93,98.74597779432057
70,88.24052639874883
100,99.06638098904943
127,129.66194341971183
179,161.16367205661507
217,215.47273437668827
252,239.02677812045548
214,244.30677848416562
269,214.64119846235297
226,250.26947026102
199,220.86065576110417
266,218.6530442932911
289,266.8458361025795
288,285.983173126323
219,258.6053238784515
179,201.09049043114874
148,175.89971874684005
132,134.77021768653964
124,106.18936488302695
82,81.85171751020745
59,56.62224554308162
45,51.895180970684486
46,50.24882497116442
79,71.53352883039948
91,95.548304976299
153,145.04998085744407
224,201.7207820092702
252,250.3779344720376
195,210.5548207263951
161,162.20171053228702
134,156.29336729140184
147,148.24511846680818
161,155.74561361062445
142,167.87654073448292
159,157.32159650618323
207,172.00935612662775
230,237.0417240099544
257,261.5218395740571
214,227.32736776445614
179,186.31961244176765
192,164.09222844268868
203,149.97470210749836
113,138.69783031787884
74,79.57041906155597
46,51.36439915395533
34,34.21664216960483
22,29.98865047086287
51,53.8616108225599
70,80.7252147672998
154,139.4873950260793
213,218.4522288950279
319,262.9287502375347
235,245.2770556577031
169,177.04602835535096
138,152.8772806130284
121,146.64652638123383
146,137.0011596940139
161,150.1670239484841
149,164.34717832082399
183,186.4641568150371
247,230.97159999186238
289,287.06251146144666
275,267.41044315992053
275,240.48254724333648
214,247.79626848199476
199,209.00493848031815
163,145.0578938678951
102,101.30741246199865
53,60.348988519823756
55,42.704659768703074
30,31.52849718112257
59,54.97375932223414
82,81.5017219200967
189,154.4399080588763
261,239.13609338662448
359,322.47620705705924
281,278.9488829451847
173,197.7691531108964
154,157.65503402467039
140,141.64603762221057
136,151.68879149885075
157,159.48628704311332
138,158.69849258066023
225,174.59477819009882
256,269.62712443105437
332,301.68165454315636
276,302.8464536148833
270,270.2496160706165
212,265.9684572077687
202,207.23412874161835
191,177.6498086326018
141,130.3897543381298
87,82.99504030842978
47,55.032145104033845
55,45.478911573824
83,66.98171497997015
97,103.24999974910857
146,164.32591235207772
263,237.85978458969703
286,325.84442568092425
225,259.9208058988105
170,180.19827995642933
157,169.27192659918362
163,162.43896604320577
172,159.08247529528472
191,175.46631859652103
148,176.21599296911143
217,194.55959209897955
231,261.195236480298
333,295.3093688854764
329,317.9846054098577
283,302.6626632350867
259,273.2290737049595
279,248.75266095792136
224,253.1498265782587
192,187.87821757936106
149,159.78206821522696
122,123.79445059016922
84,109.09986402572706
100,102.1591466388034
112,103.86077833470159
146,145.98582617955614
182,198.78632378399755
255,224.99855371314047
234,228.18680509635573
167,190.14010391083679
169,175.08107632670576
176,178.62320492698436
159,181.73741627897812
162,173.67020461903832
174,166.25809570513258
209,204.91157220456003
286,259.6937846249479
344,352.6576229928501
338,366.938321038029
347,336.34525608580793
313,334.2759355035652
442,343.32161484539336
354,397.7664745215473
343,332.1919431258998
319,315.3422166498696
260,285.30633564983043
199,201.98153665970165
136,133.32742115162276
101,97.11366814384165
101,83.38207616856415
138,114.8178761974222
177,164.56794457430152
180,201.71061947954604
178,203.00636957200555
227,209.19049357326747
229,234.31433693027876
258,234.18070917685915
240,246.89721094931417
203,242.28829805990213
229,235.92980751751864
286,279.68101449794733
353,342.04735142766515
347,375.88898824150135
297,351.01999061366047
301,330.51375536460125
349,346.4357045676657
338,344.96919889741275
353,319.95306278247347
315,301.1985439818899
274,268.8383950594763
177,202.58027422841738
131,136.37309539579513
88,97.71337873520524
97,94.6282875552579
118,112.76462906190307
134,138.186471150652
150,168.4427435906476
225,191.89038871779786
237,241.46995468762114
242,227.15660742682437
191,234.21060466427977
217,204.49030751448768
189,203.1906922145599
227,214.13232250825675
236,247.1280232035673
211,251.39468967115604
182,204.29300141989566
166,181.7603341085635
134,163.84045451221903
117,126.33619822171286
90,108.62711538881645
55,70.63585609525728
53,47.385317273427766
44,45.869720406299045
24,50.514388072179756
59,71.34108897977237
81,90.3662749769854
104,147.23609868485826
157,184.30035980618302
187,223.38025535081138
157,179.08187289619437
134,152.88121855547382
124,143.06596414977125
144,141.86066565715865
139,155.11995030688402
138,153.3434214887043
150,154.3378706982297
152,179.52744142757552
193,207.76948638671018
225,237.54635973007757
172,205.4009898169904
158,167.12884414773504
133,156.17963656116132
113,127.95661796097542
104,102.42949761377206
116,69.81437883668303
92,63.92989117522114
62,48.14384970981908
29,30.46234015552769
78,50.789335751302836
79,78.34141718851022
103,142.14888956072076
162,180.4403568946088
194,233.36335680553236
182,195.18031652444466
147,150.76466532715366
162,143.43790663595738
135,155.53863531270588
138,143.849278355179
158,146.74474758786445
183,157.3870749967169
179,187.86311802893
179,223.48819338463645
277,220.22458961259167
235,260.9144324989734
242,218.725336731876
216,210.57160179140973
153,185.42737805596155
140,129.5627158518555
100,106.14738141709823
58,60.93004279020173
42,47.02356163727752
31,32.26809162913822
71,59.7713242999793
88,86.80320496674574
130,152.45155888308304
131,205.44955289721662
131,198.30162752304085
171,177.8448612473893
143,152.8071137471525
163,151.04015331577835
154,154.81211102365825
136,153.127996766788
182,157.696269185196
136,172.32174640188532
174,177.0058002186507
178,218.57269284254474
209,235.77527602874494
272,235.10784890372176
166,261.73884656741393
175,201.17088802862133
165,177.16392234880215
149,165.10751054909122
110,122.81544399544426
112,86.1148412852134
99,74.33985971010506
71,70.90623820139156
56,74.93820134362782
75,88.54195225983669
90,112.56398622917413
72,109.9844874139511
68,68.5284650866862
96,78.53250244333391
78,116.97072083106883
94,103.65211601195553
115,122.74141813321215
121,126.98720602684061
107,147.83647265332837
142,132.857497861756
130,172.34326908463825
143,142.62446439405582
149,145.27769004355426
127,173.1159468006258
134,106.26511325067901
119,120.33528364373849
125,103.46902224809777
108,123.54925681261403
73,106.55931119725025
73,71.45481280333364
32,65.20888773191453
38,70.04449919837421
28,76.10565580172111
25,91.52077182530593
55,125.91115232381463
59,113.04308553776787
72,116.9066705953358
89,101.67546725388921
102,112.06829439136673
119,129.63433481080025
135,144.67780060283073
112,155.51359932158124
104,139.9751401870265
117,142.05937104829107
152,145.59523175660723
179,193.00555602598112
209,219.90637059781858
203,230.65304623724597
149,210.441187804664
155,164.11982241619174
141,165.60937843445186
175,143.59942016086936
147,156.35232370805713
139,137.38439455730804
135,138.65958614848526
110,144.79554841373877
64,99.4568480864376
53,63.966754721386366
43,65.20178378420545
58,61.42385817754489
70,75.51111832790687
94,88.93306522413353
137,105.90239900936726
147,172.5826532568571
130,163.78917785586842
147,136.45512337481208
150,152.5357951285196
154,159.46203574046797
157,180.11219924133428
203,196.0318956777165
207,258.1687541240901
249,230.4589938270738
216,238.24066179485098
198,221.22482678688047
194,206.26400249202393
198,205.99019688387003
226,171.25146221152332
187,200.4959000407702
178,172.22197093907872
102,158.98641625428556
57,97.8130094518594
64,68.69270234243153
54,72.82195401266928
65,68.5430750852251
68,87.81319288227733
125,100.13517668296684
163,159.37472515611427
228,191.8995123982116
192,217.9555267202746
203,191.06599501377866
193,196.3421935791707
172,182.11762883844324
198,192.80981892863048
168,225.14312521455093
180,196.33621555596676
161,185.0112684081566
141,164.05657545537076
133,145.170985161745
89,127.08063237713182
69,100.49904971110936
226,190.28373480251935
191,149.6803171791499
180,101.30359453907866
131,86.47174876859904
134,75.83425108874349
87,80.18507947315567
98,93.82787255120795
177,156.95587815637126
213,233.69324837972005
239,248.43501877982567
204,258.76646635025213
247,240.38905198028255
229,257.48464804769935
268,253.9201207036485
239,278.39294695854875
248,262.44132706683746
272,275.6399289940145
267,294.24256043558984
322,302.9639020079511
337,316.8489972856222
286,325.7802916779192
265,379.97442533761085
244,290.049421014311
203,231.6000654100026
215,194.04595125579633
228,158.39931032815394
66,146.45006714734424
58,76.52389613114683
70,82.12618631624407
93,70.2920240486626
78,94.5960630157215
139,120.32723566788779
164,172.31614783892198
204,195.4323756380633
208,223.0160606456205
245,233.21630610460522
243,247.18425825125001
230,243.77388040166952
240,235.41081871542775
257,238.70582732857582
234,255.30603502160037
249,247.2178817464056
245,250.73275030287795
223,236.316643823295
209,216.06220130618553
152,195.266668157811
133,155.18306954419572
108,111.08313592225649
64,75.72180560160169
36,51.05089563985592
23,34.37321349374611
42,31.582987236775967
63,56.49777203101573
84,90.99673032831467
195,158.89222986140888
313,261.94978513538575
285,341.2471778827855
251,247.13626485477099
250,218.756160377941
238,233.3195147949236
206,228.97256647620333
252,218.77119762780703
251,242.39634921613063
264,247.4885151424274
269,268.19680803925286
286,283.6138141442692
260,282.5380096255429
230,228.39148067435264
188,200.34376946505722
142,164.35410332155584
121,125.90946442510423
102,90.58298215008237
48,58.23861354732791
28,27.19911599140322
21,20.6907980317403
32,25.484370959274468
62,46.81814864683598
93,95.68416192413392
163,179.21401700179246
240,309.4824390445876
261,312.96440081242235
257,262.8302897366293
230,236.42802906276228
232,214.04257117509457
241,221.65154417144106
245,244.4557160428053
256,259.1224106408573
253,271.39780569013834
256,261.0315483938828
295,292.6164115690097
254,294.1413119876096
228,231.6696641662059
199,207.87689453658442
162,167.34967391809886
167,140.74841550100078
121,113.88786245424579
74,70.80990197834961
45,46.82205271285281
19,27.966531324685448
24,30.94186887299913
56,51.50236077221183
94,95.53395925893068
214,165.97066910995426
331,304.96823466808803
332,334.6564658912304
266,272.36334959090095
255,231.4514903559183
226,232.69684677515602
215,225.38405619670354
247,230.6170293915687
269,263.71658259670863
268,265.75776410210005
293,272.3109214043149
322,313.08498775103874
264,318.6768744329447
635,246.9042563685205
282,373.25697858889095
180,287.9704803955916
169,166.68109076067037
117,132.8789346839702
67,72.6756969448702
35,42.422538026394406
30,26.25716715400819
26,33.03587251868969
56,51.18386531102609
111,99.1929707794369
206,193.94080162548673
301,332.09963785102093
328,345.9385598122818
269,292.39083636136394
268,246.07644456106243
258,250.5824177063208
246,247.5528457429808
231,261.11535968680965
289,260.83497962277403
296,288.6574333576456
312,314.1815504160138
337,339.13275925686673
334,338.565861455819
275,334.0289871917047
251,254.8674005216776
222,220.65297926924393
164,196.05132651869465
153,132.66349332532582
92,87.53381581066651
49,57.669679347486536
35,35.92141928852053
35,35.112599704146135
63,57.79109998521739
110,99.75601163855625
193,171.0848806716224
347,303.5264107998392
295,339.4421354951616
261,266.00516838993735
246,244.70349021559565
259,246.9459854158736
247,254.6247931174602
231,258.4498693241015
313,269.462415667501
305,310.6145218672077
294,323.1636748988659
345,337.29028477702326
360,351.1296923228583
284,345.77725156948037
257,272.05197787788507
265,262.27648495099277
211,279.1786615415064
224,211.50278511586862
173,197.1834851733607
91,123.18871709123856
63,69.35041987331924
36,51.36053678923088
59,58.94980003024672
75,79.22584121096006
104,95.50346738902437
140,168.6461055099814
217,200.16802801051423
357,248.42129434727653
305,325.1773165516063
237,292.9139709024887
240,243.2129646685796
255,249.34149509662777
279,268.459744552344
278,283.47701491582086
260,283.5423472493955
322,274.5050026830721
281,328.041506607283
270,284.0176477969262
217,259.8798468276591
228,207.87632577808324
257,302.7960168255953
214,226.30964329296643
150,202.13769665074915
102,112.84992423076488
87,71.12397046458867
64,64.8258259852381
70,66.1528771513544
58,69.26639539870231
81,84.98737119541305
104,118.55580540286138
172,156.17465971571744
212,238.5229282279914
222,239.6205338641924
229,241.07437970805597
229,235.67183684183345
241,236.25114848613683
402,246.12918558350307
284,356.4780984959595
246,265.6881323493885
242,251.6558302308773
211,243.0906410826911
199,207.69708252117516
151,190.59583950019984
162,161.70535401409614
137,148.24568819862483
103,111.61256332091033
79,74.89201830303143
42,42.08809241496237
22,25.698117034521818
31,33.91788994631254
42,58.609405314275804
97,76.20360412812806
217,174.81888639276156
316,324.1919100837318
315,332.38558948633727
243,254.24824980336697
211,218.65761494430944
215,212.9043711165081
241,212.13645247009273
313,241.0784981715671
288,308.17909028994245
292,272.80048169119226
247,281.4419465635897
299,272.754957449519
334,281.5775658792758
272,269.7337567799635
217,210.94727728790502
153,175.19283474907772
159,129.2390642919694
112,104.17548377545904
63,73.81128413476144
32,36.881244536329724
19,28.054084498542554
26,31.182937333277707
47,39.533370252570194
91,79.95215666886575
135,148.4719877591918
231,184.731590975399
277,259.1717073180399
261,272.1589495242395
222,240.99552181095956
262,227.8000263731049
255,259.2650413989616
275,274.6335299835507
267,282.6913918601852
309,287.45710631284413
285,305.14722789058123
317,307.4728470669684
299,318.6101648476477
241,284.95200234389984
210,218.52824862994973
171,178.87073402507664
162,153.00276027695156
116,125.23155815197643
73,71.05828030075159
43,45.88653155448837
32,25.040635464049075
20,31.65623646218563
43,52.8039350091464
102,90.86469169246423
165,168.76897745247592
313,269.8009205984045
342,331.12079645248883
292,276.90648211114865
227,240.6566648334475
247,224.96129237753166
223,239.8872665012927
237,240.52483548543452
269,262.38029945476757
280,282.46285784417825
289,290.38165242624666
339,319.5881566304467
298,332.6200185821462
224,278.00134194893724
240,218.35209121832293
218,209.8964400414647
145,189.46702570029478
96,122.73505325336461
58,65.87820615631988
39,39.56633499819
33,30.62828889781974
32,31.48415648423442
41,51.501121947277326
108,98.86553015921903
188,187.17351247474792
357,323.303524820166
363,354.51576294323354
296,290.69495868786
541,244.32124429666266
319,415.2108614588233
238,284.0288574680337
257,248.16688925244824
273,276.6018968102951
272,286.83324257837796
324,297.09649380234583
301,350.5742207230574
334,327.14466138929726
270,271.55564374295943
261,246.7698490594783
224,237.86098418762296
164,192.48385635960656
148,130.63119565076445
88,90.89508521933111
47,56.42688179698368
41,35.50571077277567
44,36.786731866964395
47,59.65604192978589
109,98.49668697623105
174,178.53809864063297
331,332.7282733990042
318,323.2152951135116
283,280.3893959282067
249,329.44533556717744
239,258.82694478919564
211,246.48696102718037
277,232.377240667362
263,293.26827674819185
329,282.3918932622648
342,331.3870961858959
341,353.8809021024705
339,357.64057943932335
315,305.16268929869324
257,276.5063799493848
238,248.76124140409394
215,255.98451066780444
171,207.8685888602271
144,154.49441992591514
106,108.85600749832436
75,71.01071093900505
58,53.33397552528686
64,59.075355793269054
61,75.22134986367257
102,98.35309904992533
165,164.43862776315183
241,215.84578974341602
221,272.9754010636302
227,249.60711360725583
243,250.09267376242903
302,245.11901379739936
234,292.6465341791808
276,253.45005385058624
240,284.76910860308385
289,266.38572189769053
340,295.3796088577377
310,329.2234792815833
317,286.4038660341447
345,285.2532117121614
259,372.60918940228584
249,267.7671463671576
216,188.41777347445924
169,179.75167832598828
192,122.09424415618983
89,103.3408036239063
52,64.93883329458929
62,66.32855939187984
60,63.480573242015
89,80.46545501136086
118,126.1869273283136
153,163.89504891849907
185,205.8055606903832
200,220.26330700683863
220,228.11395750727903
276,236.87580794786825
239,259.4876433879235
237,249.17511790526342
283,235.87550671407755
259,270.3895399372144
265,267.0937691761234
258,262.8170477721554
233,237.20861700842212
196,219.9022921783166
168,183.8678671778975
138,148.40649499950558
108,101.76648410570789
77,73.71935751773432
36,43.261343933844856
33,24.34537137427733
30,32.90882801532308
59,56.470890740146366
99,82.75286537208784
207,184.9263744400841
344,321.61201042538397
338,346.8959652642378
294,269.57333367145776
242,229.14277319989642
216,221.19663417165063
234,217.39097914411647
253,237.90604600247678
258,253.62856287350704
267,259.34855804775736
283,268.92533092457774
325,294.6938805569761
282,315.1416176749375
222,243.2065710944706
197,192.45590864403502
148,166.8736029073025
129,131.29364361026666
110,101.23852314411404
64,62.66783116282839
34,33.28644745425478
25,18.693096972674653
24,27.498866834127867
53,47.67393095251246
91,90.96886343529935
179,168.13588251119486
318,288.7326229529507
310,325.85213435397105
275,274.8846288567459
226,232.63219899852848
250,222.53711562139546
214,243.59182033213693
269,236.43990589385606
216,272.2259303677806
293,247.76768739447144
284,294.24938097294057
314,312.0958925795779
308,310.0831325622297
242,259.23802744828936
221,210.61751682833147
196,187.87290215483628
148,164.58789631055012
112,118.05599165242809
82,71.41706883411833
52,45.52293515632546
27,30.607616737729117
30,23.93765177280004
44,48.62952688467848
109,90.65231480810981
190,175.43591629585978
377,329.3309120536543
436,355.3871233412785
310,341.88995443366923
261,240.77401528076433
258,246.9500020814365
231,240.37664600570133
274,247.04629202387497
257,266.9976752858656
287,274.12511197635564
265,298.8322433845012
324,313.787289024056
320,324.6691763777622
276,271.93563443089994
220,245.89583971971072
196,203.6814957689191
152,170.28126568171774
140,120.34820609121239
89,78.28342414330888
55,46.00599436737915
28,33.42344322048939
27,29.779717429857392
62,47.06699036377345
117,105.05258966373164
199,196.7202188018223
333,349.31751687379847
345,362.86676546441316
273,300.87550238474216
264,255.06438347275707
278,263.3091254659716
247,263.1631066165255
245,260.3269721033501
294,269.1569269315094
282,294.35530200107576
308,299.39319823993327
336,332.07304209097333
360,341.09724232399003
289,303.0784670225965
266,248.1446412426619
238,241.054880435396
176,208.72655624089546
128,147.69291821228495
108,91.63691993936101
79,61.119929398623874
43,43.50979529405535
37,38.384209635876175
49,53.23634716084463
107,105.77565052789879
184,173.05029634828114
317,339.95638608575564
304,331.8282070980676
280,271.1410257897515
271,251.51107455551505
253,263.7215575735774
266,254.10423941194526
271,270.52668502446033
304,288.5375999582194
359,305.1923957326666
313,353.0265323194288
328,345.2484441526199
357,346.8868222973275
319,325.18744625147383
313,277.534617569921
244,345.23332164013647
252,245.04404167664828
208,190.23541778961354
168,163.4841663200523
96,112.50704012697258
62,69.35794718931639
53,52.247891665387264
65,57.6798752875938
65,71.77296265438224
105,96.82065763957779
161,160.72969579860458
221,217.51974892919586
272,253.4730675281661
249,273.9656229814994
292,263.9964076642159
324,286.0732239163942
294,303.7201556344892
295,294.2204788201511
309,308.58165205292966
315,310.14966412335235
335,328.9288904070723
333,333.6715435775844
333,315.84273039919947
281,310.74790592205244
262,329.1227176156038
248,280.0601102499603
228,188.6921926763358
211,182.02891962784716
157,161.6406178392761
87,92.4269484849887
66,59.86226518300308
67,65.99433438671544
57,62.26882564958923
117,79.66493570160084
145,128.33943695577082
157,174.11655157165774
212,210.90124490380427
255,229.96341209337467
252,261.01095300425044
280,256.8658141765893
275,271.22164141621215
259,270.0013725072511
306,262.22650411189915
297,292.63597815123205
282,294.28257146874506
239,276.8219605857173
243,221.20525675442875
233,212.54998422678563
168,217.72043568750183
163,148.40649499950558
110,115.14406546251546
81,72.59348591239653
46,42.41779112349466
23,28.810160598964906
33,29.247517869045254
63,56.91130619054279
89,89.5459267633366
196,195.21574661161517
327,310.5159879552781
306,344.54074964664994
260,250.8135872791497
246,229.89470981009978
217,224.72276662422303
213,224.6993764047932
262,228.15014225109115
233,259.23698465296576
267,248.2009863895634
284,273.775998358513
291,302.04043033923614
287,280.56558111327865
223,250.4386044332351
199,198.53737396495194
152,167.83623188172427
143,133.0433345072392
97,108.75865703166546
73,63.89546694615617
48,36.883375290145516
24,25.223966932586336
23,23.221855256010507
45,52.60304893228501
98,88.50505248105854
208,174.62087104495092
285,311.52869745599475
330,315.2473091736595
263,271.4819699800611
263,230.81993069040988
241,240.89659650496034
248,233.41220277304217
257,257.2134701682815
299,254.57097357531438
325,293.5369190966573
370,319.56535035479885
411,363.99041117050643
408,378.22703553038593
376,337.6903426589739
319,318.544489605223
246,333.48149532862493
202,211.7267006602082
141,135.252064936729
90,81.0285909695071
65,51.3238732193538
51,32.74540875640682
24,30.98781744070618
63,44.84879444642211
101,102.20424769964407
178,194.8869640875817
313,302.9090974801576
320,349.558775937097
251,280.1250903836785
268,244.61861196604295
249,253.21793582824037
279,243.00892446833438
285,274.262648834238
343,289.81360377607785
324,332.8974342676121
342,333.13254780702107
371,382.66667282200586
349,379.53931555703963
429,316.8559147530405
304,407.02353503041957
271,322.10561428755364
181,290.2893034512935
196,137.09427342097206
163,123.52859230531651
114,93.21804281165883
72,70.3545344797561
63,44.81737236905333
83,63.43893293565558
92,106.6205953391269
118,144.68927320159196
130,167.08404910517532
125,152.34671745183755
128,156.72483128487804
154,162.37067911530153
199,168.55184898635687
238,228.21054214067655
267,262.4847647864542
304,288.505705920947
297,324.358003346599
333,328.2852451816243
318,345.75895025588784
316,332.5917967970929
318,328.65906995070594
316,292.07604276306347
285,337.30160555664895
266,308.2214517031296
197,209.55500252898548
138,122.65924705277456
100,81.7256269786376
58,57.17118182142448
39,45.55048057894631
52,56.608459872302944
94,98.69067969101232
105,161.78284507013456
138,187.48697789376874
170,203.3060766324684
195,204.36601091452707
188,216.29049705850298
204,212.70848341911443
237,231.59370172968482
222,257.8393895667659
258,262.3418914202953
267,286.0984648153844
258,298.31805976552226
291,308.9129690251551
271,327.6761780978693
278,287.6700527974118
245,260.6330520523659
200,253.0047570781743
208,230.84678258973094
197,191.74997322574364
150,157.1116619614782
102,103.51084155527313
61,68.49271963367907
45,49.67251801801429
52,58.814328946545864
65,64.74931952278057
72,91.28998796117065
117,110.14491908664678
163,170.38651106327484
182,220.4913249892224
204,222.90737763251104
215,232.3638148465477
192,241.48334561856328
225,223.52894348914765
237,248.36984891816442
249,257.54698091867203
257,269.8176989408573
259,289.3733281320354
258,286.3111014012531
269,274.98081402967637
215,255.91723777927325
227,230.23744138763942
213,250.28930268170964
184,183.3995159020291
166,152.85778077329968
129,129.82550723105402
70,81.38986251159055
50,55.91373865709522
44,61.34272992172156
71,56.88483413662286
88,81.52997033892221
106,114.70392189397766
146,149.27276490956208
148,193.76634400500203
210,195.11867028834445
209,226.2915863559945
244,227.45822379086135
272,240.66392171991828
218,259.79981283067224
248,228.27290569098392
248,249.2837635721202
251,250.3863571809067
266,242.12177652952101
188,236.27822908523848
182,184.76391585408788
162,170.09988026282838
138,152.5533438990988
108,106.8015616916972
517,513.2772884026527
435,315.82104932458054
322,185.09775889488242
200,177.31942030604742
207,111.91379750882751
172,108.76046473759008
186,120.07899006913496
112,151.81151156649858
149,140.7326155184604
197,202.6362070055723
217,234.4906609228388
221,246.70668286786747
246,245.0003088049628
273,283.91752236839824
313,297.8428550197248
288,327.3000485361781
335,330.403873641827
365,361.97285937866025
415,410.1033129478908
443,442.43003278487686
432,451.198046659741
393,464.2564311353129
581,495.34971515464025
672,555.9670208227778
459,506.7038058187292
392,311.42590284797836
122,209.51238728896155
125,102.77358900276363
168,98.9722648860767
159,114.91183425014617
163,117.49028829435696
89,133.38742026214055
104,118.73811470836658
117,149.8627709442331
155,165.52944281959438
167,188.5007890773087
174,201.00117332413075
186,202.7196838125497
178,217.78298254878706
136,204.1614159126287
167,171.25294526785117
237,205.10942925267645
284,265.95168684766736
342,282.4632560133426
420,310.0322620094587
320,380.93021559858
295,297.7595297674252
133,216.581620076361
76,76.7876530121874
55,43.21582672078244
24,29.584668626848597
20,20.475041261537385
46,36.82422141871547
93,67.16222650418017
115,115.88808533018631
162,145.47809313009242
198,188.13922812044518
178,176.55583818776344
177,158.65934909041155
125,160.3424546976243
150,150.18136090953521
151,154.67716068854494
157,163.0923887405687
174,166.43833715133522
193,180.79729944734135
228,216.2242295776479
271,253.15647847075263
212,256.8664713823635
236,202.17571428764887
342,244.66053455633897
271,346.5537308598225
227,173.71000042401
76,107.91579973827292
41,39.700548995420725
22,17.93694648119065
18,16.456822444762807
49,42.36397494661989
83,66.6296289143345
101,116.42757951854563
132,166.9719865782793
191,196.0743126934048
182,189.43421984656183
156,163.6291911747281
149,143.05250244227867
166,150.58674067414412
166,164.35023322040388
176,166.06990115861447
150,180.25022703945513
161,184.37042310676605
218,214.2002325588858
223,257.36842836713146
260,227.52956358428688
251,250.22750249325182
281,291.2135666083218
422,320.28845942033826
302,309.74150956137964
257,143.2999670933925
184,99.28557390795052
63,89.07168808321387
31,26.10307348132699
39,42.603654476464214
78,66.29453622447232
122,120.57982963561906
170,160.30823604059725
189,219.6764394919373
210,196.33678821886141
151,170.83352597626296
170,158.07971972404684
124,168.54241123856622
167,152.79921478746834
166,182.1216719497889
180,174.71045745361454
217,194.3430122181642
240,251.79253649247957
258,267.5062058912453
253,274.1921717684166
174,256.11106781193354
420,232.3361681806864
383,457.637801371991
192,298.5428628276665
92,126.05883877688272
48,54.197035563090296
29,34.536495835544876
18,28.066118526331124
45,40.949947450265036
80,73.19539522307431
90,123.94528834862419
161,157.1126712672539
228,201.89505038053898
184,216.1673421471582
151,166.95758050217626
147,163.17662252549215
171,158.04578525199608
159,180.32792061885016
173,178.34284999732958
187,190.52232124257034
220,212.58709871680097
299,262.0990103656366
328,325.8800981773723
375,301.1597489885313
311,321.3592654800529
280,349.30203427635195
334,347.7708384356695
422,274.17302527099724
179,215.1338699668936
65,84.09063791093456
43,42.59833032368146
39,33.01761667713385
56,48.86470707954445
69,71.93454477156283
123,109.35841201322563
177,162.19067966942873
193,202.9036566228073
194,196.7080764102502
180,183.85222697537694
171,170.45412008277233
206,183.45645613009228
186,202.6013015125128
194,213.05969454212152
211,212.30510060116217
251,241.63781610346155
339,302.01390908877886
340,390.255486309654
380,391.95857295137756
341,394.8686829983849
394,398.270766708822
525,491.94247718127735
515,536.0601258149551
333,417.86227248722713
177,245.4578423459366
72,120.96297178165447
57,55.79017380172357
45,54.11044309799219
62,56.191372140699734
65,91.9091271609179
99,100.23596844036064
153,138.2817262017556
148,197.86995355506056
231,200.92179797784308
239,246.81991840577996
281,258.7340847284744
281,289.66901446617857
300,299.5563333548734
321,309.73613000918976
316,344.69014272051544
351,357.93404417936415
406,385.9110844269649
398,428.7166341064477
361,391.3223400022559
408,394.6741136462665
513,497.12303761351734
504,528.2009621165214
367,428.88079162322975
233,272.1388097523842
166,116.32087559484977
174,104.53383540097248
67,94.0063768269315
49,66.94482459234783
74,72.3006197442596
70,93.32099423373661
103,111.34567943526257
137,141.96327356793756
178,179.76952311463288
241,198.0408251674069
222,235.94656155017046
236,229.71348720794816
333,241.02198870068264
339,302.7698451347813
282,310.7668864268817
256,287.9355922962579
273,277.80592494331063
273,275.0066035850825
224,266.60918494289547
270,234.94918516296093
445,273.28274732540115
306,301.8290720240023
129,138.14127748466223
53,62.88245993399002
32,26.449118080838335
23,21.95329602022682
35,39.81645058473504
67,67.74289659785053
104,105.46162803757557
159,145.69028642831887
199,189.5044186293952
169,178.80697210386944
168,156.89675774150308
127,151.45697978917715
143,142.70273563220516
151,149.3775554635858
179,161.88206791230988
200,182.287319649754
203,200.2352356826306
222,226.96055418069767
304,245.57899431339666
265,272.30461156128604
232,241.58722667150758
253,252.18902244545944
206,277.0430776259722
176,183.8264399128526
96,110.93582121844612
55,58.18179021389741
31,31.628722287355252
24,25.59226427502695
39,38.77871574033316
62,57.12568227262377
92,92.36790306492651
151,120.81410941987825
200,179.68752554279692
208,201.42989259330005
179,191.59963529285244
195,164.23365576736012
173,184.5502479798856
183,166.2086453161486
190,180.28578253262597
212,197.05848142323535
193,222.37500519873132
263,217.44356535403085
262,290.2090283265992
265,274.3367768843364
238,261.9340665308897
414,263.1692478952116
520,396.1641232593698
317,303.9044928067516
125,166.92190348393365
50,60.0603088896575
22,31.039128059275857
15,20.820662137998532
47,37.4144511928432
70,73.39558613314817
105,114.11416158816165
195,159.17399630629095
202,217.3996083624397
200,206.55838016466566
168,169.18777041441777
186,174.89116162276522
162,168.76191674366248
167,175.01870172919317
176,184.26277781029373
220,191.381039353698
191,224.06058505689316
254,241.364929069524
262,287.3248127720801
245,275.24128430168327
205,234.43229149897354
239,273.64704755726933
235,317.4175046961094
240,221.75890649243382
109,121.09583204039326
47,59.105837965989714
27,27.450291349235858
13,18.62943330815712
45,45.599755261572156
80,71.14188535373687
126,114.24865787458135
167,175.85855793624967
202,210.54825727257088
210,203.66402930631224
185,175.5440628106666
209,175.08336687399418
171,193.26927238809694
164,178.76947297199462
203,181.29991354041587
203,206.81312258799878
225,215.41073668904684
298,279.8914136834688
305,323.73221182064503
302,295.71147586546573
294,289.2928959160448
307,336.79795115652183
368,364.1348567738902
271,284.4311464029047
139,154.90279065433702
69,70.47515888696847
34,42.63594353673431
32,34.95659826507469
54,49.025986937135094
75,75.09544842548536
121,121.90054874148402
169,163.7125215699284
205,196.29505230532837
173,201.84788163113345
172,187.07768826461358
186,182.40308147110602
200,191.4057396840003
217,198.35003175823942
215,226.85215482967695
230,220.58402687837534
232,256.8924584648652
303,304.20555280160437
369,356.67869186815574
418,384.2398429603129
377,391.3606901145023
365,414.8864303893222
468,474.384786272143
394,473.02831339007815
295,354.611108069306
158,218.04513692504813
90,105.58811409702298
52,74.93445515518953
51,60.016881232249425
49,59.065905684582276
72,78.64756712306222
86,106.18933461928198
139,132.62063015819234
160,177.484019174246
201,208.22072321279006
245,231.02922322004363
287,266.9333064262016
333,299.2057166986907
287,335.4535476079893
315,311.91033275971273
358,335.9121958891231
363,376.7963582737799
414,404.7277929389698
457,429.3231710411261
438,449.58551176194686
462,439.2100942813389
543,542.7514719890356
513,492.16901803998195
421,403.0320334681684
290,267.56144739042986
137,153.1544500694936
126,92.6234303000407
151,84.82644879685277
98,90.84556754864327
59,88.51425888936342
65,81.63075290787388
108,99.4445567380647
131,142.94332547873262
202,176.20692060117022
235,215.1228065490713
265,238.84841731655166
246,263.14861290298234
265,258.2563326891661
259,270.0956198781437
296,267.17562054899213
334,299.9670744233753
312,330.19329790629087
309,296.68180103685205
278,284.7141993283752
248,278.4136388036371
237,279.052568821485
231,204.1033699990753
98,109.76626161716264
46,50.83123065704094
23,28.109316915256787
23,20.475041261537385
50,38.05517311246871
68,75.73218471771573
124,107.60341889374763
142,163.6740974026701
190,191.98748824562475
191,176.86297656513625
155,167.70955586244432
149,142.50679651626103
157,149.70740866911314
172,158.1633028698018
182,174.2296395201287
187,181.5209380041937
195,196.84491131191484
198,223.85162039763358
251,246.16923770683542
238,251.67862216667262
231,231.19870273787924
259,262.7198842942081
219,284.2976739288899
139,185.0363707847606
66,85.80138008330167
40,44.84217892424825
30,23.702763614263787
19,19.77963999085522
30,44.01611889510739
70,62.25917722611735
93,106.60163322180998
166,146.06492568884627
246,205.30085261678406
206,213.44270995451572
133,167.00645967257634
156,145.77963051397333
140,160.65449973147255
173,162.1028963324251
167,185.24988221905843
176,183.8714963653644
205,193.54053275027667
231,229.25261192890383
256,262.37422024259604
244,259.62636180621564
243,245.49155731108397
394,285.726942986004
519,412.7501606807143
237,315.8237715501132
117,122.83928660572622
33,57.49203050828913
25,21.679010106227675
16,17.894766277362173
40,36.36863410523212
74,69.13273564315202
128,117.63373839094626
189,180.61844615448945
173,233.138973848131
243,197.924928937701
172,180.34341401014947
160,171.08119943393217
154,158.35351033316655
176,171.13467321671973
185,181.93090260777902
214,193.5718049246074
197,221.44093085645125
276,243.592500968336
293,295.9469936758046
340,284.0335546087443
297,289.23026665096427
356,367.41930786114386
569,433.25022722666444
327,316.1123083076785
160,135.21751105382518
48,77.3128284205935
29,27.450291349235858
23,18.62943330815712
37,44.249759623121825
73,74.45834764700082
124,121.65638576122296
150,175.81575715073785
221,194.29402170129197
193,219.36063547258635
148,180.22113242388085
165,167.7474422536658
194,167.32919149146903
174,186.98732372819077
180,195.09928500913597
218,202.45028643296266
222,227.70911841164082
274,278.8739714220272
331,311.74641048883166
324,329.3559205663894
279,316.37202288453676
330,332.98765961704186
382,398.4175207478442
616,326.947494980175
527,310.19463785360495
94,153.52026776886487
64,56.07963052943719
36,40.69895358528209
49,52.25550152279337
87,71.64303453393468
115,122.6376540200181
184,156.92513758469568
203,204.9460504593947
221,198.95920791635658
172,190.16946753344908
193,179.65282389463832
197,203.35302541202333
197,207.28061773129338
210,212.7688190189272
246,224.60878321292634
235,261.48732482629566
294,292.0949658306868
431,359.85154237023977
402,428.1811782166826
391,392.151968987233
339,414.8996350925448
436,443.5973359409719
549,491.5455838207446
378,447.6130430481575
302,222.04285743687007
128,160.47703245870068
111,87.42904993986573
126,90.78490247241919
115,91.18607792382159
93,88.0439158740339
126,109.72690526198029
149,155.97223987522372
204,184.13431895208865
235,222.02088894647827
251,255.12735980807645
252,267.6833186718509
289,268.8618172457175
298,304.54495281731437
298,317.65026263062435
329,330.59940192180215
367,364.8212845102754
417,416.7480168393184
410,435.9342003094791
360,418.73428769215485
374,390.53865349196104
448,452.3136011890217
546,479.92059819661716
448,421.3675985320227
221,326.7703461361632
105,131.39115626873203
88,98.0138619797854
133,113.95802633803747
199,105.25800971491171
91,117.46576954202902
89,90.59553499740997
121,114.70373145890446
149,150.7619366849502
188,188.91701784927727
202,222.65073519342354
246,221.80693415910127
260,246.2623025115642
259,267.3250947622286
266,261.107049178582
275,279.8999772462985
304,285.629327001208
259,311.9123278899114
245,277.6019172831031
242,257.5111136223312
277,256.8539436948156
404,281.98327771490665
168,311.4597710962108
113,96.25862733480406
60,57.35769813375051
28,28.6892750433207
16,23.977510064151037
47,46.60268309663473
87,70.77397979745457
118,123.16392877329922
140,155.6386083526661
208,192.3136903319915
174,185.15352830137712
165,162.2587348262517
168,148.33809939022652
154,163.6203157567979
155,158.02005439552326
151,172.15414572709923
195,171.9731358462954
185,198.8403289331836
221,218.00611298387292
219,254.65749819843793
223,222.6222196496975
189,224.67195327777344
359,227.81136242096537
459,372.51860954364736
235,237.07788238105138
90,97.3650556213601
34,44.22773356789339
35,25.8170074085417
31,19.041741357440113
47,39.853833659692334
81,72.6885361425178
113,104.15665765746093
151,153.8247116274714
200,208.85321138490323
217,195.23213792825112
169,169.8275557364363
174,161.56456120004756
161,165.72752500886725
169,166.86877335920818
204,173.53253031624493
225,197.62289831851223
219,216.58017027072032
248,245.19114436867142
314,263.4325810460953
323,286.3086024055433
262,282.586943755776
302,342.8949898001721
266,373.1573312532879
204,249.31234582204354
104,113.46477066878853
51,50.59737021794043
32,25.635941850939844
34,21.32582355578979
53,46.71132174229617
76,76.55201469748108
132,123.25858400721074
160,183.3501935277381
214,194.36639072942344
191,217.74332308249137
184,172.9414050193547
213,176.38491617771504
168,188.47369986247898
200,178.5193820129296
223,202.25465083256563
223,230.888418632395
227,226.0666487115439
228,267.0584869003841
270,276.39242069968236
392,283.952752125071
303,347.6873791909733
237,358.14965472429884
283,262.8975908756427
234,241.60378590038408
135,145.35678683535033
69,77.20469837658123
54,41.44522583151362
35,33.58123076917245
51,48.64244470709082
55,71.08331224160905
72,100.79650874744787
89,103.27659960365807
94,123.09140072916627
106,134.47095150219994
106,141.06884536971944
142,152.7880678309039
159,154.2608173816646
176,174.52308530003074
170,199.07337133365618
234,202.77542883193252
256,256.2211289393664
231,271.5236224647781
249,259.4061569858141
234,289.6797899749454
257,234.6298465413234
282,292.4415089848785
268,302.6510126684336
228,192.5611973126437
176,153.8992478334781
102,88.60648148845061
47,62.81267289136078
18,38.56178667833032
36,51.970435270697294
33,67.30407964767164
64,90.39018328703091
77,119.29761973785851
87,136.05224478549658
114,134.2596243932513
137,139.57867836294997
145,162.7765878071339
152,174.11412595667042
159,179.3162611819454
172,188.85454906344464
186,211.5582672981095
230,225.68725686501116
219,277.0273785999242
272,288.5737155593106
261,320.56799558658724
255,300.38406592798503
340,309.62563875508175
443,409.82513104253746
341,442.9242377361312
264,306.93352777652643
96,175.42851382378453
62,72.34736108772609
36,43.0578964190063
38,49.29780956151872
51,52.08941432587927
53,68.9967126547291
62,76.3822525875868
94,85.90105632430681
121,133.57011653212405
145,155.04046487640696
162,178.2294947937488
189,189.92713859270063
176,208.7960358525503
212,195.4771658619069
228,244.90930453251778
259,268.58695358917777
305,308.7008323543516
321,347.27507159942485
318,342.93914910499115
306,340.48119240393396
312,352.3205347765364
284,385.63611913519304
421,301.12382603104993
299,360.5565101863554
132,214.00902206804162
92,89.1285678900319
51,68.63518437371275
57,65.51787627204502
32,57.94491563512353
59,57.18269881163836
83,67.94757933180237
99,99.83929449758917
114,129.29758589622932
202,146.43230180344025
212,219.1833362502571
216,225.19782964374087
266,224.5172125495981
219,261.2742977189126
268,235.54664042596616
273,273.3445329946924
268,292.97817713452525
254,279.45577601117816
252,255.36460942489165
207,240.64979697177554
176,231.0959223739508
399,170.5352560808269
119,285.43331461980495
529,409.3008848250479
635,393.7281508740078
668,380.4053049524001
477,289.1799967206088
294,203.81505616747822
144,141.54766019689873
112,116.92049686855181
145,127.58659441624054
146,181.9725059720542
189,200.0767180649785
248,221.95149717940487
292,265.89736038604366
287,278.0682328570918
296,287.77935449369147
292,283.578472981746
301,286.5742046388561
322,303.3426376194369
372,344.9450017707223
447,412.1979015798415
494,454.2568575561904
489,483.8239313157626
525,493.74259662752894
554,544.3658836498739
519,503.4583853365812
584,463.35646238376086
950,497.56384805031814
283,522.4937423384252
184,220.9403837006729
115,140.54090894625705
134,89.64103976034824
135,108.35053870545711
112,125.62730244022434
129,133.4446374864425
171,173.1590289624613
187,214.05211781311186
210,220.8418156956493
173,239.92277206033032
252,198.83925721340583
195,242.29403077621004
186,219.94895658022128
254,213.22993531089713
266,263.2026741416183
305,275.68317128987707
352,274.21447162257067
328,317.64346699193953
279,286.0598250436091
204,246.80315370016774
112,156.52714842783993
75,81.26095644814868
48,37.61482880022839
33,37.327847154766026
45,30.67210232178362
77,61.06841628168292
104,96.03915682837882
169,149.86445139114923
191,207.37781893909354
257,257.8950988206535
202,216.60822285187453
170,177.18798626580747
177,163.85862855996072
202,171.24348760364333
160,183.2578681442658
178,182.4577426140128
196,193.24515535043477
217,192.247400621093
215,243.54394600475953
221,247.69601906218003
282,221.35239731775775
231,261.0983953079873
246,225.68165809509705
146,204.3444018794375
135,117.56033003535445
70,77.65180504000803
52,43.37284266403266
31,29.095172015880795
30,21.333986788023996
54,49.432272027001765
78,82.75892659261805
144,164.33984466651262
212,210.93641162005753
232,272.682744113506
215,229.73237352089234
140,179.5376905560459
152,154.15589119391052
168,163.92054828664493
177,167.04965056981464
171,180.21110508733963
191,189.68112514692763
206,201.8724211150328
245,233.77626759694633
291,274.69724530625075
270,286.95407500815446
310,280.0897512578068
294,317.66402026933895
252,266.77205172268475
184,178.54679411859482
96,102.627000398591
46,59.989251982968334
24,30.221583250330475
16,23.4450151114275
60,48.86214909973069
89,83.22851017155504
160,154.39633156183143
213,235.0723511472552
288,270.55293603053093
261,253.43595659840474
194,197.26718704080204
162,176.96647641234807
172,173.34300148086
161,177.02533959273563
202,176.4926736123033
199,204.58595314683492
220,213.71221896066166
259,266.03844287411346
273,308.98760756580947
294,290.74135238911896
300,306.06066077936583
334,323.35018593645555
349,302.2369922760826
253,250.96742956807233
165,153.12758442444434
91,85.69169928564287
45,52.13352513645497
29,29.74158193065519
57,58.599805860377145
102,85.75757648616691
163,168.43412654375348
263,226.0724142823477
337,309.01633220199767
298,288.15148362310515
181,231.432910248959
199,181.71425467439025
162,192.36759470594578
191,179.0805928148186
195,209.85850382220403
217,207.61983949554207
245,233.41182221383315
295,270.5530231509683
298,314.80245354218164
381,321.06506126594655
383,361.65092435046586
387,378.0188973183315
384,386.913493045138
284,313.74303718361966
200,198.8380586869071
116,129.41918930025292
89,71.57630915851422
58,62.75309853263435
91,69.7475886967209
113,105.12805596068651
166,156.27539838543797
209,217.25458412624258
266,241.29573615069287
202,244.85852218356925
195,195.5876825648217
202,199.62576278427753
209,195.77420912342765
189,210.011009178315
215,204.11987195906806
226,224.2572406910312
236,244.22122447260514
293,292.87022123443654
404,339.66963876501967
490,436.89453290593525
433,482.9769902204133
401,447.028465631844
473,468.8183686351539
528,475.6696039202217
447,426.9182931501439
375,282.70585054699654
203,243.1700364388274
171,162.3714885687989
79,134.3124039142568
68,98.8427473106695
79,98.24068433797626
120,114.47941898449335
152,161.42628628085984
211,196.18789809828303
236,239.4846142219582
259,257.6322573889316
285,258.0744859225724
275,287.3686205209943
268,275.2215743778859
291,276.59062258477945
323,303.64003544679406
383,349.9428175208398
457,435.10143500716345
494,477.84354883180123
466,477.61791600768487
438,466.38992997720055
573,504.8090667737927
462,516.0130622373418
416,437.2043720192592
339,301.51570658638565
231,255.68883635683534
153,181.01716109696903
98,105.1255552405732
56,78.47851847297478
76,83.61625098205903
97,105.91289888380895
128,126.85889568109013
204,174.22913785850116
218,220.68000609355812
257,236.1490522589235
278,245.4416249192967
239,258.12819129922383
310,227.99132135321938
292,277.79183217133453
300,281.3460656288257
286,291.7773795018549
273,287.6493631159815
233,263.64855455223073
257,237.92243203858797
215,251.2869308090628
204,203.37351995533228
154,146.523792045894
123,83.49028592260817
46,63.60506410319228
27,32.29456265772948
31,30.45819661728846
56,62.484186536283346
80,87.53987300098491
150,156.58307166998586
212,198.28285053167698
256,266.0772738672458
221,223.7742000703413
177,185.65877377637077
156,168.6457477092461
219,166.79268947777925
267,192.70019071300337
195,246.27530992024955
208,202.71288794760494
215,211.84178488686058
219,241.66058574804688
263,239.93562239787053
288,240.07267255940533
293,264.65778719772356
302,260.1799990050629
226,237.13325460627797
248,157.26169400824028
103,151.65883562917833
60,66.1507119777772
37,40.644957731892326
35,27.699125653515576
67,45.469519615618445
58,77.45695885664682
143,106.39036065607428
192,174.5573752081054
295,233.7400065682717
249,266.22917317798664
200,215.36257072970565
197,185.18026900363947
171,204.05114901318487
173,186.84064945858347
191,186.17345758764696
220,203.49034829487863
246,225.42452703418658
252,261.16836256769614
287,270.3694717236165
298,299.61377477136057
305,297.7124490134333
363,309.2170234935674
337,316.42292956861195
180,246.12586389107483
109,109.01335954608017
63,64.44533907169539
35,30.557478696136425
22,26.702835107134913
53,51.62899690260036
82,75.6421076562894
168,151.84329170631432
266,229.00472982105785
305,311.45194922787886
284,267.5757908094261
187,217.45765882534698
185,182.77664332945102
165,181.32674468605225
179,171.11162570349427
185,189.63436124547854
209,203.59859268939744
218,229.60934952697713
275,269.68992378687176
309,306.91550635736616
332,306.48968762969713
337,319.2435672710138
377,354.16261323110444
276,356.4715976888772
216,232.16082245825146
149,139.40615918219513
111,82.58256213471812
54,58.66799101439454
39,33.14671882248075
76,58.33243103008049
94,98.44946021319195
167,164.93131397023515
223,238.93993209198868
304,298.45041456226716
246,289.51507767342366
202,207.20957715384532
212,196.83581193310206
215,192.08830784990573
186,211.1687349181918
203,202.4805956931556
218,213.3993262267304
225,238.83668122424513
300,275.51394790230404
341,322.8816524850435
429,350.0664508515166
427,400.61722306547125
383,421.2952072071705
348,372.79139236767145
356,279.5894030734157
219,232.5370887188373
153,135.31061315849365
88,95.22645969538264
53,60.004401965913196
99,73.39109256878882
96,107.95884584903342
168,159.7868160223693
231,212.71986629139076
254,264.008449626612
237,236.1796497205544
220,208.42718376159058
205,212.04284012510863
226,209.71386921712002
212,216.01845772947857
258,219.14303184385884
225,245.16313892968947
251,241.88130697248434
320,303.3355350811607
438,374.0685731560088
464,483.28017785442216
475,457.10767754051056
401,469.27195081775506
480,458.7507918225285
530,477.8849178910501
414,441.8092794886311
368,344.3062309267627
270,264.91434697371426
167,186.64159715880177
111,114.33648022939707
91,85.07865311006408
85,97.86763532295564
112,118.61335434583434
143,156.9728751696794
197,194.63269658662034
209,235.37320360028204
258,246.13631014410353
250,272.7376842265883
265,263.09512779127436
258,277.01236895764674
275,273.20285345901544
366,299.587345207857
423,395.7336708155465
491,461.8553607395452
516,504.02166763252916
532,497.8347202986098
486,503.2443970901074
589,534.0328074949596
587,523.8213323442124
417,472.7134470615857
349,368.3737595947551
260,264.57301364133275
164,183.18103182408984
110,120.38496349004458
81,78.99546581114289
91,90.29656808943943
104,110.53715069428351
148,128.64894330990487
178,190.6501041741526
211,211.95210106641
229,243.63425395677825
264,247.2544578537649
258,252.51036270189653
245,255.73751785252782
230,248.5593822264557
252,246.0547283885201
253,267.8956301801439
257,271.3329254024345
263,240.26203247462183
272,255.28156598820823
260,259.8644581560757
179,235.60149792677598
133,131.70729294032265
73,79.63293582043403
40,43.80155446928272
29,32.009241146834874
31,28.65124334291374
55,59.5089370824642
101,87.30218576093186
146,162.1374037654938
234,197.26611946377298
287,270.5650468069728
197,225.82620182821273
170,173.94119797844152
165,163.29534577712639
168,185.43883612765754
155,168.63877174451858
186,173.0389257236611
207,199.1254568719031
218,216.1626033631721
253,235.5264745531092
258,266.04987626278074
225,256.8175962047653
270,224.10469381527795
242,258.966595139595
217,204.14334982617007
159,153.68325049702128
79,97.1305958156518
51,47.52214686685634
17,31.30096340904453
27,26.259218663750655
46,53.78684316106186
81,76.65927207739784
144,146.69251159234094
243,220.85217795382385
308,295.52710362452586
232,241.14143286476724
196,184.15643370078118
169,176.90051434123683
149,170.6094702567276
180,161.2650083028712
192,185.46368157754867
205,200.43070527366987
238,215.83877061253511
308,271.24314108367827
314,309.5818380057808
323,282.91726996889724
348,311.7446365454639
339,348.9848332139004
281,299.62469026722414
173,197.6794431644528
102,102.83650987907966
54,60.99302504333947
36,27.98354192524153
25,25.921694291769633
59,51.68980829436889
90,82.49108388280936
181,154.92438662173103
278,254.07261921654688
309,323.9145554055802
334,264.31751483674776
198,236.31185952721236
207,183.70569379236352
211,183.43304488343546
198,200.92851305609048
178,201.02468109531193
221,197.6515313212954
225,235.27236123049053
293,283.35923257728115
338,325.75263077837707
322,337.30682255906487
345,335.6466459739672
344,366.4671804457145
337,320.16030050434136
291,237.87305203918294
132,168.72926202735067
92,83.03425521474492
52,54.807204887400175
38,34.249837164610064
62,61.26424819061335
98,98.0673292098605
185,172.14475511450766
223,248.21678300930543
332,295.7928715373281
248,306.71080385686975
200,210.7081484957599
201,200.68656885123133
195,209.43253022286603
174,199.10378530447298
212,189.357800489978
200,220.1591900050045
210,223.20100724524295
279,275.71178653376757
303,321.11268848593704
389,334.60991045275233
394,385.51422725478477
413,391.9636957846682
360,396.5512117111245
311,303.2318519279243
221,216.58549266352313
151,148.73953431278593
99,93.93446370159211
73,63.83853300178867
78,86.4299244820403
103,101.86113947569733
151,169.07224459298894
208,210.3229656826898
267,257.4056739008442
226,240.6391238188267
233,203.77458112684147
202,216.33526754525303
221,208.45781221856663
236,215.13424337845768
209,236.55162040044502
213,217.0129467707538
249,231.43907848370833
276,303.05924733368755
369,353.2521439094868
480,431.273264274353
427,480.1945854128276
393,433.1040383232613
482,440.58491526756643
450,478.3998885947547
376,405.12424532978076
361,327.5353979731603
249,275.00329321462067
182,177.6342573188923
128,118.39765972519352
98,97.31867100245502
134,96.55970314226572
141,137.02709104358743
174,161.8919974244757
200,209.20724602625177
236,230.3552909565801
222,254.48734233270747
278,246.73913730190742
259,282.842059717823
247,263.9173852264258
292,265.49224590340236
304,314.36571047147953
331,347.3628344474869
461,381.39802582175645
444,498.318209764965
418,460.19691144602314
407,446.603175874602
527,469.84565810313137
451,496.8199051709212
399,401.88846104240366
325,349.9564251666116
234,251.56878577565098
175,175.60276728868604
112,123.15311266929645
98,86.48518719816859
103,101.22897309658161
134,116.30920776386048
151,143.22667866368235
162,184.60104118047147
239,203.3240102203894
224,239.44727107801978
244,246.98081785369675
247,246.89690244467198
231,243.14315556272453
218,233.96068484310737
246,236.69016335801098
223,261.4619350806166
219,250.56179908254887
222,231.71494334051314
212,235.66199284958972
201,230.96374986757303
158,187.9303776047039
127,125.01082576563188
79,74.6420902642173
44,44.66987776595539
37,28.72445200807002
30,31.993950534041034
47,55.39276450047551
81,94.41210789146584
141,146.85373461447927
193,214.90519220322932
234,257.5729773248895
200,205.08466973795146
169,173.78191926318942
141,163.50349220443323
157,163.4637565161911
190,162.04631787930737
189,195.2287198867852
215,198.17884666839885
223,220.72613396662464
219,240.61031004760105
220,245.45709829111422
229,227.6035153049264
213,239.5263062836384
190,213.978512706672
220,189.22997516690998
128,152.53624379731716
98,78.78215227791914
58,52.545010946296586
31,31.456295145157767
52,29.120874160030336
75,56.11876433562915
106,84.27004647605295
173,151.7836217999128
210,230.73497068898521
254,274.90817168121384
202,227.69522896754302
188,182.885380937434
157,164.60330854514123
178,161.0862040903424
174,185.91204468057214
194,189.65472838731577
223,204.72019698411194
219,236.54761563307645
245,251.21148962810946
275,276.2870636081319
297,273.5806320997535
237,293.8347268929927
303,265.57119975345705
281,281.4511826034544
248,188.16056547983746
127,132.4589710062959
71,64.31230492175047
49,38.191125759305706
52,32.56255176086654
77,64.15602786990318
92,96.71517421382256
147,171.82593334863273
185,237.34542264397618
194,276.869734572805
196,223.62778912767513
159,187.70534868989984
195,167.9939824606892
209,188.14984603146004
206,197.1365851660788
208,203.173325038345
225,216.81857070722742
189,234.74082369880662
224,242.75030330471145
212,279.2209217091784
324,256.0689055140591
261,313.5300352051538
212,302.07310728339763
183,254.2403125578545
165,192.76290028755784
91,138.17846992442466
84,81.9560226707172
48,66.98164265357099
61,49.67226621266956
52,67.82756373127859
79,88.35932571285753
96,116.14586866526435
102,127.99549696226872
106,111.13667344709496
92,119.85872449599222
110,104.72676169280805
97,131.19289932038262
145,125.58312947943537
150,170.16735620473875
126,169.8731086925318
166,159.6026670618339
181,193.61721649749927
172,203.8916278493703
186,198.39148151866493
196,185.10997337190017
209,174.89146292325722
208,182.4785149828681
181,195.45620325943804
121,141.06237339283297
83,109.35382087293716
49,66.07127054188453
42,52.156496786943315
34,57.35207963553582
28,72.70375460482148
35,87.98826818443061
50,132.7960343403775
50,141.51383255410423
53,123.26312483268444
61,96.53393791448231
106,70.45260605682192
110,125.88781349946625
106,132.7965878785654
156,134.4233057626317
139,179.46185855551894
132,170.76008347903723
184,168.67806762909296
190,228.03654494691273
229,253.99987625462614
219,279.0388012528695
243,241.07547033977417
226,284.12323096442793
220,272.0843608943919
208,220.06514364002865
148,159.18155719438445
131,126.8003585986242
64,108.78404285983028
58,67.6437622892823
58,72.47885833985863
46,68.39996690955083
42,64.28788620510397
59,60.30226537008882
62,76.14334737990387
70,90.74252857671974
123,70.46979687687293
152,146.1656640061193
145,155.72715395281924
164,165.48976185228145
154,185.4413109676416
204,164.52009111884152
209,235.1840462391709
206,260.4999461363679
297,258.933806361097
303,326.70180942591395
277,328.6963932743838
259,296.8506108959808
281,274.92103411436983
290,275.3678525877719
247,241.32542895916546
177,187.53846671217724
140,121.23596319856584
108,115.01376835105575
64,86.9709069879686
67,65.8904777297269
51,72.21465654070523
67,68.70914389537295
69,88.32722856813352
96,89.49288485294124
141,113.31560670313196
198,169.4264174122093
182,212.7533586505397
196,195.34925867215816
206,202.90386366779245
165,207.18453049861924
242,186.84297253748582
171,240.59561504405926
197,202.3762093834335
178,205.43664016682885
180,193.71823159717195
151,190.50991443768729
123,160.03985986876717
70,113.50240182035118
894,948.5713274125407
758,688.4870533013601
587,527.7810136926591
531,289.4669636630635
443,284.2477440798351
229,183.10346444558203
203,205.6865527427278
241,214.3040740513033
270,287.18064665137155
291,335.4137541690413
412,344.4474863759007
428,430.3378591829594
368,437.63533084141744
427,395.07364251706144
417,436.0942297636234
421,439.0834165469534
494,494.1760870878673
553,580.9923891610467
722,666.0704284216837
738,772.7520817934217
704,759.8587662501237
688,743.3949723949363
716,831.8537773741563
665,772.0190097951429
711,645.7256861229475
1069,561.0100304040228
347,627.0371937903016
282,248.51947875186508
200,202.9221930984271
185,142.85206326500287
159,160.5394038526971
121,169.83902692777835
133,181.82914323827947
148,215.9101404075007
182,246.4499227956712
216,271.0882067165877
230,270.6742916734592
238,274.69670650759065
245,274.6949341522551
201,284.6498752923134
268,247.48864231440595
299,325.10937904528583
335,338.8725952600241
368,381.06834204621407
369,384.12621674727797
348,388.062924857711
280,335.68935219062786
168,213.7880785674716
106,113.21404917390508
62,62.77510548540192
39,50.30540743324746
45,36.58805956302169
80,73.49555611010551
131,115.29722250603783
254,199.03328923646964
299,314.2412007893521
330,375.1376695585559
302,291.88714372987096
204,225.541542776969
242,202.63824799435594
195,221.81848475035775
233,197.86252270775003
219,230.24753115945708
221,217.40546016877119
239,241.8573530429264
328,293.9310486532041
316,355.9810261165238
304,309.4445367861104
250,273.86488965351674
239,257.71182884449854
204,227.15473706689875
135,150.2135953733776
80,81.07836363064952
50,48.451806729764584
33,37.57806159097874
32,31.059962741107714
83,61.598720191396495
103,113.7153272460196
205,214.21268303600883
301,314.75124856189194
387,374.3973266000057
304,337.46590248086454
242,222.85240922698387
206,223.63171501653173
187,200.22568653631805
204,203.88043084762415
188,218.01777325066635
199,198.1816022790807
224,227.37461259149788
323,290.5313930454814
345,372.8973779560577
345,316.76937421090264
298,296.3101857016557
298,308.05335101073774
264,315.2134331511577
198,181.04361385468772
120,121.6851195419178
66,64.28394630862567
39,38.99303080532731
45,29.7790812760884
72,67.14107794621486
113,106.1149390083231
210,203.03923338731147
298,314.26155854339754
427,387.1362558400679
385,361.3452216422757
236,278.60040130742243
228,213.3960734859249
181,213.55654404218618
221,198.16974877882353
200,225.46512869241974
189,212.7796572888833
227,224.77262980376528
371,312.2049821324947
368,426.75250473891174
344,348.48397721901506
288,316.62018529351735
278,339.95355902633855
310,315.4946573300673
194,233.41250915230273
110,140.16637617170778
81,66.85569111225466
44,47.490014929277336
40,41.699663260614535
74,68.48476915522103
118,114.46416845584191
229,222.89910650537962
331,313.3732187130176
384,428.75502323079405
369,395.1570596388133
258,275.4550727057941
251,248.73308805931308
217,239.39599283204754
228,229.29221425346321
242,240.14393975178072
221,235.8174453550785
298,245.82352880509043
396,379.758274899054
438,454.99761794097805
463,414.3520319930864
383,395.3108072691003
395,402.15726972226133
530,404.02808303980817
368,396.53085710558065
241,231.26890807708358
113,141.9559634596818
53,71.94227264580002
53,52.1468265260557
105,84.9670026768566
123,128.04842962757328
228,204.68940755083486
278,309.12425988406574
343,354.87292647093847
336,348.6535090109905
253,283.92050942799494
240,269.9384734585638
233,252.15799149119783
281,256.84565156440675
274,295.5873034681301
252,292.36953805793087
334,317.43352489281693
508,439.3489036330455
591,606.8984920602146
545,640.0218967592052
516,589.7243680223639
536,556.6446367738421
637,691.4089528298982
723,717.7614580511578
635,619.4677851976965
442,496.034795335608
318,283.7696228741013
181,205.23168218765738
122,158.2237821221858
96,138.90163791354482
149,156.02818479142144
175,208.3295652990314
222,254.56967003240956
297,298.97306063604464
311,347.88909191536914
404,350.5003623896152
370,412.83013084332595
366,395.2804728260314
410,389.08931924781075
402,426.9926990756874
486,461.8369065922072
580,570.635272073818
637,675.6680336057669
627,673.9522711878919
624,658.8664197003899
546,666.0697101107842
729,654.9518965985219
699,747.2588816810784
647,659.3754119482626
438,496.769899842583
328,321.7882794141274
243,233.35234394864403
197,172.81471718796737
197,133.09275010143907
154,172.54505069923596
125,159.63489144408442
175,169.1804979190717
256,231.4703941417922
276,296.0114762075343
324,316.00930613117873
385,343.74186158308623
350,402.625781368247
567,346.5003320546679
465,508.6533201374961
501,457.4896409205249
453,507.5751890668441
362,469.43581888631485
337,349.60113185241465
280,323.7939538170361
259,302.94238051485246
237,272.1672332426112
183,190.91196121141402
134,113.03167086498412
92,75.51212761361202
63,51.136428594038364
40,46.17282949819395
56,75.28516548738311
117,120.27533660631897
231,204.5129687615149
290,320.61138414853474
360,374.1156576752776
313,301.81820306365995
225,230.37086279181383
221,217.65500306403155
238,211.1185514927236
262,229.91474726829003
233,261.17362564740364
224,232.8173852772076
241,245.22064117177925
358,304.3193658262877
395,375.7898172564344
359,351.48271888085145
307,313.47831977747137
253,278.08848422551785
221,226.8089117351855
161,149.19239922520345
91,108.66033109007819
56,67.22652288280247
29,46.88213202738009
37,36.021065540987
63,55.51918340257398
89,100.28134863601392
211,155.51627451137878
282,245.944640782075
399,337.34421930036615
368,370.4615341421697
252,293.0558110819586
267,242.34548739827093
248,261.43776385235174
244,249.356286035576
246,249.18307629518483
274,246.84129481305328
302,287.32503228599893
382,355.5418008741222
423,416.7896016875453
370,414.376712899507
311,324.6066864161366
279,315.562744157109
414,282.278643569792
191,255.48661578540177
105,120.9448205397776
44,64.26577225240703
26,34.67946451871417
30,34.84328907740257
56,65.91406231221778
123,103.20803255854972
232,208.9830516081533
351,318.29193926868476
416,408.2276263895459
419,382.80096665939243
230,305.46845296120154
233,224.724686469659
218,227.29931256879425
218,223.1970026411141
238,226.3255241686865
206,233.0069892778991
219,243.83439231669618
343,322.51971618129875
405,401.72946275938756
331,384.189515698701
267,307.5369666246519
273,309.20114818158953
276,348.1872495349538
211,214.83458908367749
134,130.5553210620765
82,70.62648192193359
47,46.46286871711396
46,41.38340120728333
60,69.51981908790918
119,116.16935972266103
209,220.0456623293942
346,318.6395347372803
428,415.6598355185908
378,414.9982135870202
288,271.948595668563
255,266.50589901269944
235,234.80380193691497
239,236.6330131189841
242,254.09598270551973
227,234.35663384627043
296,259.32934599786955
407,382.10623784378134
429,469.5941643158368
420,413.28044011028175
351,375.3495532033216
328,373.3252009862535
356,397.34505775762494
310,289.9783999255298
212,223.79408523089987
166,132.18278192701095
117,88.53453792253408
68,70.61480701636467
106,87.97540032667466
124,129.35608276370849
207,212.86732101629397
318,300.2004977784577
366,367.00598017566404
321,353.3518790418304
271,283.32378445392584
264,262.2278394899509
252,263.03989062718443
276,269.2081733111686
270,292.0197223789831
295,285.90729675971346
353,348.25707448900926
481,463.3927431241136
549,567.551714470253
608,585.3342203241905
522,583.6886964874022
502,562.1859512866204
644,651.9388813840429
723,681.0440414141087
648,639.9385718486969
382,536.5123927998169
358,313.40389198174364
227,242.97907135695445
180,169.25249043916736
155,135.50793149732647
139,173.31760463892078
177,200.17686902040188
216,251.83972460342562
285,287.3553797776893
347,341.84305751245097
402,383.57095100482087
373,409.78884824050743
419,391.6101784697278
384,425.61598743652445
449,407.978916724803
576,499.3792434243899
586,634.8376018021868
702,687.9174587858251
748,742.0155358088534
725,734.1788913632299
694,718.4675288706721
829,751.6814968940648
824,753.3791701508123
678,743.4082074111308
466,483.3449850052073
373,338.1331610688049
199,246.49223739415956
151,175.67393769272968
119,156.90455153688174
115,141.50238878187514
143,132.7923995529865
155,176.01825031444267
232,225.02673407165892
274,286.63116596253775
363,313.60108109769186
395,377.6321664760596
378,389.39493370472525
363,380.277134811926
392,377.00328930792534
482,426.3430882452095
466,508.0922832517998
456,461.3391674212738
408,403.12723456883305
365,363.86431763979397
388,358.3480526932148
301,352.19016586220357
173,202.53312247822223
101,115.28085241778659
73,70.23469851324148
40,52.82468225584331
44,42.04987466627453
65,70.54325285625191
116,112.23934435841421
244,214.56156670393992
292,329.54371555256796
368,365.4574972000496
318,304.18101081642465
265,231.1594300502941
227,237.54783002070258
182,217.19369160611885
189,206.20342341992944
219,211.68062599496315
224,225.5600177601612
227,244.15977318438632
347,291.8403154364012
384,381.6353803391566
266,355.17468794324316
235,263.97536375581564
216,242.99552265274812
228,218.3604076252264
124,161.7333670904419
79,85.14021277478513
55,51.68927312306489
31,32.4206494149874
21,32.71706697041134
56,59.2114231471863
116,99.87913970393609
203,208.860767152149
321,306.7202937427857
379,392.32265178455253
393,337.45855857360755
242,284.1277724487193
208,225.4296120372706
199,201.58630194633622
186,204.06253905164988
214,212.29885522925065
194,219.64063611271428
230,224.8388813655065
327,314.4393350753912
339,387.01971329902074
338,318.76350731456415
293,300.37229419807034
283,297.94998063042834
441,294.5092827439644
297,257.75158926963894
121,151.7465906194976
65,64.22881140542711
37,37.50574658686174
38,31.500232273445814
62,57.56719315464648
135,111.58605519043543
236,214.6884374217735
338,337.5424842721069
434,419.460257612692
429,407.32605025286523
273,308.63172532069905
240,240.07053934899753
223,222.60669973609112
224,219.11333222342782
220,226.26370227666786
228,214.81116589401194
282,243.57991092482715
382,354.00062857303607
416,432.1440902004349
368,380.85856480060943
273,324.57839943275343
314,299.44722689948406
590,346.22653496973913
295,361.25400552783606
141,165.59383026571746
85,79.58682270168615
44,47.92145615917409
46,42.10962073025017
64,62.77611466272946
119,118.63050911328722
229,220.46165898117442
312,346.31398412937637
450,418.90328120884317
371,413.67980866698343
291,300.86947152920567
233,269.862932993113
225,233.68906528728496
227,239.1636995347651
258,240.1624776883372
228,248.9825100275499
290,278.00370331072577
397,375.2284716517476
492,461.5883393276395
461,461.44623330813965
400,407.71112438229426
354,399.18201230350184
370,463.92230374990766
318,335.9604199552217
221,227.15252286306094
123,139.62925121780924
101,78.74587589725466
75,65.78517967860938
97,96.85596721469503
128,125.29795060402678
187,207.51171055631605
287,291.88635176026025
384,360.39816914498886
332,355.42894683361993
270,291.5650911948263
299,267.1772198316291
283,283.2246149429393
270,287.04973347846783
288,284.5698416604521
273,294.02768148644
381,335.49996537039164
479,471.61666875938977
561,579.1303673593032
641,589.9571726665023
560,617.8342567756745
481,577.1472316792011
654,594.2100395354535
652,695.3445094389534
609,577.6866781865082
454,485.50240114115417
289,342.32472750792374
189,214.27846584523812
159,157.68641591039113
129,142.59747366636643
160,152.310803837678
203,187.35025153828846
233,235.01667917597703
310,296.8613982807547
342,346.633941976245
410,382.62207444388827
397,421.5351198161542
406,413.97130584243115
411,416.6196335123027
663,426.14936837925825
506,621.1530220251633
584,595.4912901907209
698,671.6487632565493
573,738.1753361851031
624,619.5012293537038
575,665.2126046846707
842,683.0757276458079
712,783.2740041354366
606,645.3832322368727
486,489.72740691826317
328,353.9591340342062
214,228.9326929972902
166,167.74524808479168
132,147.9115713126522
136,148.39580662529752
174,144.5492990383446
208,185.07140267610828
234,249.5221768095283
300,290.3579737748747
376,331.3055078260576
383,389.0246935049332
402,384.09044117652564
393,387.33834118102936
356,391.1663594104745
390,395.8707613337436
412,427.8636696088805
393,419.55015674817935
393,359.3813025256551
335,358.5094755157865
294,340.1056545886369
330,287.27800562674713
195,243.74781971600638
99,112.71645404219198
57,65.93826794220216
73,39.94791419249433
42,48.75854438650929
81,64.50501673412198
131,117.38069899381269
203,234.61051232613474
314,296.33104044404007
366,369.312064518327
316,312.7309346948752
221,245.13860425897028
222,221.0075726921574
217,210.20941129070764
209,222.4726736600588
236,219.80622765212348
222,233.11425918160367
249,239.8412645285076
300,331.00348839795413
307,360.02723215436004
292,284.64332316287954
200,262.09169352916115
203,216.69767916689165
293,213.84525535332773
168,176.0384476084534
104,93.64926550687836
62,58.00101931525408
31,38.16369237469637
38,28.518427755223478
88,62.800280360275615
137,110.10927217554224
190,212.1498911527252
329,311.5817957935984
354,391.65132196224084
327,337.58479736901273
246,236.9059533825558
226,218.2888516343837
235,211.21127994245353
249,223.0464930357835
280,244.29077964309164
272,254.1103052716043
346,279.30574119146047
400,376.96107011957787
455,412.73223294740575
442,392.656714879364
339,363.9905137220132
287,317.1703308233858
294,342.242303187419
213,210.11843202238506
124,129.7268121408066
64,70.36525674138824
39,38.36042313024049
42,37.45647748411875
97,64.30433204838096
140,127.78170219627836
191,219.00883330080796
248,330.8946343838485
294,359.4216785564914
280,337.69431167126686
283,240.57211773303572
259,261.0769871466047
288,243.05111214232454
278,273.41859322589534
273,273.17254471425593
271,260.32737469318175
272,293.8455266501885
342,363.61047541695126
364,425.58822296127215
457,357.55671943691846
350,411.0706674297216
259,348.2710547253557
308,292.1056354363007
248,238.0654740773054
172,173.9977747293237
144,112.19095112724084
94,85.13365578227607
64,66.56316766213624
81,72.11417886950314
104,119.687490325874
145,157.01626879323075
140,168.00963825912373
140,140.4657893964513
166,157.4020855088045
182,204.81242187129635
210,216.58369008302796
218,243.7674938241262
277,242.24338115707948
321,294.1356535610137
347,322.95900272809007
344,370.50576689482114
316,395.7200759466931
259,354.33784754887745
282,260.67238073411266
271,270.5925025443569
301,288.06014322288735
323,336.8434611183617
304,288.02038607403443
206,217.22012954902857
152,142.44814036140613
74,107.09822122466048
43,69.60129635632882
40,92.14302253364342
60,105.63966683006501
79,166.41366283399637
111,170.83444876973627
124,187.732991375532
143,179.32177565770962
159,180.70752530419063
186,194.25819116949057
207,221.96160929536927
192,249.2719754940412
208,244.36654758883228
214,256.3817623629068
235,299.44276080510514
244,327.85126991901024
296,323.4323642597881
297,360.8077137746654
288,314.7960197959724
254,341.82841455975114
424,346.92187073953176
261,532.7224350438046
217,273.9247449729677
188,171.07265268826293
113,156.6423458180717
100,115.96014464923267
94,111.05083637110067
71,98.9564040771367
95,99.54900770446008
110,133.06542286762456
133,156.16497218972228
152,192.9247641238078
212,207.11027711526734
271,259.5970197776455
289,317.8990613656137
237,324.366929320714
271,273.8732537510728
274,332.5267435271578
309,338.3766094817128
373,356.54177504166853
403,436.56504123144947
411,421.96064369414273
355,430.6429739502984
343,395.427640997715
463,452.74141905011794
384,466.91477261747343
364,331.2223754626972
266,271.8397157673349
215,189.66268445464829
187,171.06282307412303
141,140.4035810681556
92,110.57945878493301
100,111.78443425536551
107,119.87227270645931
131,145.90512938588572
171,180.4210683877795
264,230.93665711236625
344,301.099174301423
318,347.2791123222098
344,315.0041313291191
354,336.6371087531799
324,346.46355124880586
340,344.44081205686217
311,384.08479884698806
316,343.632655167655
271,318.6493950094519
265,283.0636046015801
223,284.91285869018975
224,258.06637141928206
158,180.7676551046233
349,284.1896093656685
366,267.41547739664026
380,239.8583537048164
413,276.6514040377985
431,277.06750464584655
308,251.78829274229378
224,257.65294827912055
208,249.1591517362737
254,258.6474106073386
283,276.9085410449015
281,297.510653838182
279,281.51808218495586
235,275.4557611882757
276,261.41466238494695
285,290.70655074220133
291,282.7877368187573
262,289.73585306210236
260,292.30865292963676
305,303.8144946569075
310,333.3779940953998
348,338.00436118323995
367,349.9458763412401
341,368.06659793555417
329,323.85720334609357
319,312.892729601933
513,302.9263390442341
240,375.8101188371098
302,282.06410004474515
302,292.57136328110175
182,212.9563317073166
203,181.79979239857812
162,181.28072435994258
173,191.64651905596517
216,225.069252174731
242,251.85977121024686
240,259.16342458005346
237,230.27430517995919
249,240.66415096638045
254,257.4787441947306
246,249.30659078269815
260,254.86989572472393
281,268.7919347173845
270,277.6978931897785
238,264.8476786006737
202,242.04609469647943
227,216.23207276836246
210,225.37734366112073
154,184.0740159215386
124,128.52856803344173
82,96.1124098067337
84,70.90372328380137
124,98.06790845162047
153,161.41675994317228
164,180.69834758105597
220,251.80002294982634
338,286.2644108658103
342,344.33600777233244
261,272.6006075364868
188,221.20372441709688
182,180.63631352619313
172,194.66971269899287
221,202.40005926309433
232,234.65305185764024
215,222.7189443901056
201,216.63604834865905
217,209.77862794829173
192,227.061641977211
246,188.96180784674812
161,206.88486697317722
172,161.67084474086724
150,163.81822046973073
128,124.38323344294987
84,95.48080475479031
68,71.90905838143782
66,54.167975963464905
72,72.60113468148509
126,114.10809772876046
173,145.21909727103545
221,243.92832206867848
245,347.3775133935353
274,316.05611024485205
219,248.43682100447754
198,204.53867285533877
212,182.7101433923497
173,191.0048905435831
198,199.10367005232757
201,221.5036638889224
224,208.18682707955395
210,211.91858155955146
225,224.5718588707018
221,218.0772222790026
164,207.73726978572074
202,171.40776513379552
168,188.51869175033116
167,161.9762502490231
149,134.682962050692
108,108.64548527758764
73,81.21885362206548
44,63.46181549174783
82,79.2240200887462
122,123.87466728370146
153,157.85748180837336
224,225.2338329757182
369,316.72305514066966
337,347.95436616997785
258,270.1300758138081
207,219.01463933334188
166,196.01048718115763
176,177.15475091403715
243,199.88410672307677
218,237.41718032480625
206,217.0346827169767
241,204.84789247728642
203,244.10761258447528
225,218.9818384323922
224,199.6922304945987
206,202.31637050479418
182,184.17185442465484
181,175.2612261061038
140,157.22416708075707
99,106.28634309650576
82,78.56625248981676
55,56.104403678851575
95,85.7867330481265
144,146.580543668369
169,171.12977351016744
250,255.04171843207757
340,366.9807384129784
321,357.0059796686334
277,295.48150224569423
197,221.07622484920265
202,193.10902586836352
193,197.30884538506115
223,227.312842539643
228,231.99529715746354
226,228.09845437381858
252,241.6709047121138
228,256.1413517516796
235,245.1272698779701
219,234.63117261907155
217,214.03218010383543
222,204.12924573551308
168,206.2041014369345
137,156.8856183850723
102,121.6484705615532
78,84.46390704472327
63,72.17273753838226
94,93.83476275406164
162,152.75097614410979
160,174.37243586415912
256,252.91946357337986
359,378.13749168175434
343,352.43260697535237
247,283.9900256059465
239,234.39271131292665
222,230.40986100589225
219,219.43817470698806
237,241.7082969829736
279,251.71858340270165
237,268.6727132051255
253,255.34299517396946
287,277.1763846928128
283,301.94334208446077
283,299.36120613306736
280,286.0673796138121
254,283.77661817918454
277,266.3234861452757
283,262.39665663864827
272,248.29665228826167
200,241.30236359941196
176,185.81389434581527
224,210.2275521081845
206,240.61965431985806
162,207.8543921233686
179,205.90894059463204
224,224.91896905591807
259,261.20275814724164
284,278.27122412013875
249,287.14253297924375
271,264.7221299962913
238,267.257196847215
262,255.944464546296
262,279.9648142233124
257,273.9623873790689
245,267.3230407692747
254,275.0250175090248
312,293.9332791396787
308,320.72465384290587
325,315.3946960650329
280,333.171392710653
295,306.2986884255367
286,297.26680429833806
271,282.09273493994226
263,233.25257406124067
229,245.96964066818686
270,267.24486019870335
278,269.200676530572
202,177.4445264304306
173,195.10025611263129
166,175.39202225766167
185,190.89987263327748
216,229.68590921626856
236,247.27357989132824
227,245.83020591934343
242,231.5183033605526
246,247.97569958585478
392,247.98568037616747
286,341.85229562470874
283,277.88497864146694
259,279.6992192073699
211,260.08332765515604
245,220.60637822829676
191,241.34767059913233
204,206.49358077412094
174,211.27842943352522
142,155.87141296898693
116,121.40940353817314
109,84.79651654697643
78,83.60494297348717
87,95.42638705142531
146,145.1028390312427
179,170.83375237325242
233,229.51595145923133
361,334.1218467488024
346,351.9019709191217
259,266.54710324467413
250,210.125515039659
210,210.6186912419755
239,204.56210266657527
259,232.6471933408038
253,256.3839861688629
226,235.12524129862837
224,223.22755943622974
235,227.91243834108064
266,226.07097609937918
222,228.0589866531434
188,187.00784428140108
168,175.94764303330538
177,159.26117189383504
144,133.28481673957054
89,113.30159505126461
73,88.96528401573501
79,72.13374811934669
95,85.35036631889355
122,119.71696314146064
131,142.09033881406276
198,179.49149681416947
234,282.4035797664377
279,256.8771265778745
267,268.8557479169948
251,241.13589207704538
224,234.93446328056285
227,218.68193065572
246,230.35247234074347
194,252.26414779005992
204,212.0683788327965
195,217.84013718913593
250,219.52363253087645
204,250.29242200934974
204,205.16900276245525
175,193.55902261193685
169,167.49498142520034
151,169.65982257312407
131,136.23433606345685
105,100.33086222534145
72,80.14970589639529
55,56.29144940160783
85,79.0182218091852
117,125.32280262248246
159,148.13608158827068
240,220.51616680002806
378,315.9539878569395
338,341.45287425897095
309,278.79705277013244
208,246.87624147643896
198,192.7099731644682
178,198.84829467380322
231,208.91454930569407
251,229.52744777068526
213,229.43628311811082
217,214.77778074126323
224,236.86809323130106
210,227.145234023146
180,206.81333459639495
169,185.00819783070133
161,175.99964220481837
167,164.58767234397493
122,141.30230512716452
94,100.64239381355141
82,78.34771503904568
67,60.170580450434755
94,87.31038529992699
132,139.82039586298552
149,166.2370540238659
269,245.4043208814783
345,379.6701529461379
350,341.22191009511147
279,301.8359291948427
277,218.2973745573893
233,237.73801062883436
216,206.38101587986125
237,229.1609052867076
264,251.8038119799045
240,247.84575362608592
219,242.7202375675453
246,243.70615024159068
264,247.0420675058629
248,233.48814907064087
213,217.68649806281465
201,202.44110200335558
179,185.80080705268716
142,154.17181684520966
123,120.5918054394573
102,90.32736005414712
88,79.53040762210497
104,105.73842599204767
158,156.6821260440536
183,163.2762419153262
267,257.5670728301054
404,375.0756716577802
332,368.14281769633425
265,269.2200156300054
247,245.18423100052183
207,233.84776020839112
191,213.7701954957857
239,229.83345311904768
262,264.0580577029061
260,260.62619849988045
243,257.30656790660225
315,278.7014274902946
291,319.8480619593917
296,300.1739408445002
260,289.0783991171851
268,264.32707755298657
306,274.49484268371623
257,283.90591376673564
248,240.962722112682
193,231.93361371356147
161,177.97643532444147
197,202.22791868023114
251,224.1101138863532
181,193.22305175739243
185,188.63857860140018
219,222.69694063183056
242,257.14017277509834
292,274.29881686971527
263,276.6664265689567
270,268.7840809502141
258,257.07185871149926
282,268.1500901190711
265,283.8971554234138
299,269.9376930637166
308,286.99671279088153
289,307.83691328100406
366,304.45005494546757
354,336.1468309592978
409,342.6446853209176
322,363.1335384606489
308,333.26041155954334
323,299.37348634923103
318,290.62350303660276
324,275.9455120572796
285,252.29239819300778
270,271.8258112443165
326,272.3460991115082
184,214.08537943216228
165,178.15672256554888
141,170.9147971242738
170,180.2393023457549
255,224.9259702630117
257,257.0268046630556
255,254.07434784644312
242,244.8563830342142
262,249.39004752850684
243,260.1722623701243
225,245.2082738121381
283,239.7769152138835
282,275.60558042999463
250,272.11237827356473
267,240.375632854444
188,238.75067879335674
231,202.27305964653397
209,214.6149682141793
173,160.22530619872398
132,126.35421126310467
84,94.20003234376696
90,75.71066477423425
108,97.7126006113854
151,149.8496140729782
177,180.9094484633624
253,236.87408147490837
394,353.72218325342834
357,372.2526802717156
270,273.1659664932542
241,212.2125843237869
191,207.63090800899946
204,200.46579891013383
220,217.8237509081381
253,235.1707117614175
223,232.77036594680453
238,223.88471773870853
257,235.57841791693184
210,245.78507923748384
194,204.00967761123718
175,172.38671985393734
180,166.18887454382627
151,167.66217870399993
137,125.20244507692244
90,96.1960251921465
82,72.3245765558462
53,68.50977521922317
82,75.90578853485108
112,123.77516303486917
150,138.5300383109048
249,223.9557176115358
385,322.5494607287714
346,345.75139480735226
286,273.1274242918325
226,235.4953249385372
172,204.4918444116741
184,185.3178864619072
205,213.70312985831964
234,214.02397053612293
190,222.04974497302462
210,203.05238660410907
249,241.49367087857075
281,233.8845336269391
235,234.96333869800694
181,201.74514669217808
154,175.29761297740998
144,158.70321575361936
198,130.83281588551029
169,124.04204623995291
127,96.6992001108675
93,70.14243478803816
106,86.28360955508187
141,122.78040899204697
179,154.3988092201639
272,240.32780987217882
449,388.5866015665913
460,399.1200748388798
340,349.74655766021453
255,245.24854795117002
200,207.940894868259
199,191.6349184177562
225,218.85471886486087
229,245.7273477024333
193,211.71781178418144
217,210.10563974480087
249,236.15905767379206
229,248.8465668020539
206,205.7576890833073
186,194.9008938571838
192,173.5944163867052
161,173.605939445033
135,147.98510841455447
106,107.6720188419119
87,83.28636121691281
59,66.57476877307742
79,89.84605443531012
151,142.5503237743156
171,170.2372044409135
230,269.0910764638213
364,366.2892624720989
365,389.10594211989
268,309.49331689175096
248,247.94729447157454
193,224.2906515448265
196,202.4847138493056
241,226.2507288540227
237,257.6731452047323
236,230.2486331865179
245,236.55278887613758
252,260.6020584240921
276,254.8724359028281
249,246.62045751419407
229,220.37413388632606
223,210.88851477511488
180,195.38461677933492
175,150.28507508122826
137,129.25444438141028
85,101.54354168769262
70,74.68729370562245
99,95.19646604032758
158,157.44610397509618
208,177.60229323553804
259,262.4457762098601
401,383.1151159392575
379,372.1475491581704
300,285.0899442829531
244,249.28993611646067
222,223.31620920887866
224,215.68077992014102
247,242.0753712119967
264,263.9092060295655
273,264.8409787517878
294,273.1910499302912
310,307.01271596330326
330,311.0889126736784
318,309.7238304380459
287,286.0207575057093
271,277.82756664880253
307,282.6831700886516
249,285.8765418351821
238,236.1050172479016
206,211.7339869573228
167,178.986632848359
212,200.10268579887244
270,235.61810961201508
220,191.76914564517415
232,212.66672646818367
201,250.04954868236794
295,247.39777784734386
294,304.80810108395997
295,279.393690776733
281,282.82020277319725
302,274.56387129921904
287,293.72693705289225
268,284.74740385339067
285,281.3922399137538
326,288.93240639580193
314,323.1834106465396
330,331.8399857525745
351,328.1114471193995
338,341.19975174327635
345,322.89444842539825
333,336.9727290190109
312,320.9982920387397
315,294.2480606323505
289,285.76438201962617
235,246.6504832022578
285,254.42262228825174
299,279.2708626943418
203,208.5899058295613
182,193.0110991032367
175,171.12339121746746
212,191.5697354908449
252,241.0073580917948
273,263.8099412255168
250,268.6358298306008
215,248.95269066666063
258,236.27833807231053
242,252.52165267766853
241,240.71001882184794
276,254.56580167998138
298,278.3692877137543
257,283.01590755055327
275,245.44877003932982
256,238.04494722770175
236,242.94147383967092
227,219.79090611652873
174,171.89918794096113
149,125.50032703321807
102,94.18920394941297
100,82.15913231452177
99,104.22408234697227
158,146.29062941282518
176,181.6605601113686
250,239.5599368089361
369,360.6914759431334
364,362.49422790283353
279,281.0851819606035
261,233.71265001070444
230,220.16059861968145
166,212.03772325419436
218,198.45471035210184
234,235.8815242564437
226,223.82896133377224
248,223.44043094409307
258,251.42093691186662
231,237.3522462089404
192,213.8924166828253
197,177.12709614111225
161,180.4123712707813
149,151.42430620419145
116,128.6266444413904
73,89.47696278812468
73,68.06201114317615
60,63.29436557152813
79,77.72397625637582
137,123.91685575016092
148,156.57775555371737
242,230.43435831596003
381,341.05025904589075
350,353.29900081293044
276,278.05352561459114
247,235.5850178327464
199,214.99443610393433
231,182.8296646450397
238,225.05233147868842
286,234.09928549938567
258,258.07899489379736
287,243.25339078242453
289,284.1879863313087
291,266.4563316986167
331,240.02470842704224
282,253.3865634979333
239,222.067909410441
239,195.40758563081687
152,173.95144092146856
109,107.92083458760206
107,77.40233756639319
52,71.33252232146292
74,83.96780809405867
135,126.1870544992219
156,159.39018128448834
253,246.2341434298455
351,385.89690737754955
345,361.15168439608107
283,293.69259343190333
277,232.2718846868981
236,229.13549600002347
227,218.6795264441271
300,238.51699965991654
294,295.50831706529243
258,271.1590432590168
279,254.79598157786435
312,280.9229349292973
304,294.3042734495501
419,269.0580604368068
345,367.6359771075165
255,294.2507436967864
238,219.22613328752087
237,170.60614811390676
199,170.20040903372552
174,137.4772760983344
175,110.09402707578468
181,128.51746860484826
220,162.65051146943105
171,176.6135025096685
193,216.24565357598024
168,256.35436118349685
147,228.74895077320926
172,174.84758550778835
166,210.18091219915686
221,191.98992657823754
257,226.700669604961
292,278.7992619562542
271,306.36670892676955
305,280.0946562326077
385,318.5947220278355
434,365.9281975389629
518,408.0504352445679
461,437.3403291339871
458,389.2180477301614
457,375.8921341130572
460,392.05245414312856
474,289.3472327750955
378,248.1568954261148
262,188.2433435273181
183,161.76765605027867
185,135.77451452067567
187,180.25565060208285
169,175.8104796123454
192,238.2057941887194
209,265.55631447535444
211,268.65098589540867
220,219.71997951496198
199,214.28889797839878
212,209.259000315653
232,221.8614591107254
208,253.5484562516041
233,247.35390061467342
233,256.4308022374574
271,260.345571817373
273,305.98041248884925
274,308.79231726258143
278,297.99332967333265
246,285.81250052705934
254,275.3230159631934
287,302.56411923248885
249,292.2334580174037
192,253.57283775802298
202,195.42148034916707
155,184.181370654621
166,204.85943181023248
194,224.44737664868367
154,175.85107220989866
184,182.95328926305731
186,206.46854834936542
214,231.20332731374336
248,255.5477694543303
251,256.200504961137
247,261.29113341953547
239,254.4225290772967
229,252.691309570033
258,251.66367859515444
272,268.2047788237723
298,292.9450059884175
306,303.30814758301733
303,315.60665119498293
313,317.67889391824923
314,313.3908877406125
285,314.10221257703773
288,308.1323369282886
294,288.11555772969973
310,281.29676047197427
255,281.82697905767606
244,231.36436834232822
265,250.3872650373452
283,271.7928886308127
179,203.8714821683186
172,175.91260734929955
132,173.25646686332155
168,178.30895784945636
237,224.4018397360798
265,257.3015091344568
289,261.7037931626388
236,270.29667887763867
276,239.8100504496555
295,268.9029217735145
258,272.0747101814803
248,263.03158524738956
247,259.8398779099909
259,247.79590250296482
259,253.75786100848205
243,231.4902369931786
233,233.80395151466556
203,219.32979435927595
177,174.2581223869547
283,251.00721941490838
291,220.99322295962793
327,187.72002223850734
330,179.35060871618242
275,151.20135993377806
126,143.09746727206453
147,147.43708422858631
166,159.47449317485535
173,205.72502233208687
209,203.20887826971784
216,228.53867128319746
202,229.33063300022206
237,238.8330233404759
248,255.66008906046906
288,277.28640759875316
293,298.5360374921605
275,316.5777714079669
295,322.0679279971744
378,332.22648103615575
338,364.2514101491079
312,319.31376954722225
323,302.70858726437075
301,323.22456514630596
325,309.6306104540936
285,263.6787066001304
452,236.88439647380335
158,278.5177995816186
145,133.03003864836106
123,126.29984320863218
122,105.77962793675535
131,134.7567573350528
139,137.42553840565697
152,152.98636499139295
174,181.71838509251864
203,194.0988734796637
203,200.02117791071979
210,209.99881126315265
214,228.48720152038146
238,232.15573572121284
230,243.0593108018395
287,241.81505440154817
251,277.067671663258
270,259.82049988144365
233,256.5348071394956
242,236.5745858593926
237,235.71513805972836
225,229.3258922714609
217,213.35316703616473
202,161.3482872093672
108,127.80750269365133
59,81.39567789538002
67,56.33551556342679
69,67.23656530160343
106,111.54623234347623
171,164.83374314535868
231,221.21570328024734
248,264.9392719443307
231,224.44969907213013
205,205.09547041660633
215,206.4079985732941
213,212.6926705126551
219,226.67622355377853
282,241.97368131644487
249,273.25168890718845
277,269.48282943645887
312,295.5230830339657
312,301.59292044010107
253,260.19775766539374
182,224.06021228998205
181,179.81067962194882
207,190.52192876769104
176,178.52719793048286
155,144.64800416859956
92,95.82698394160427
47,63.51131662113625
42,42.9559945930165
71,59.14583044747522
96,92.87243946402991
146,176.1156831266518
169,237.777236883181
188,245.84531093017185
188,207.55358904591003
179,196.17106598458918
181,194.91819895211634
219,205.29627448708925
245,229.62351524633198
228,267.422537675368
242,255.88091894588712
275,282.95117825581696
276,317.6060157475687
293,319.2388090634241
239,272.4520725842192
214,213.48360880181122
195,205.73031116743243
219,207.31810190642028
212,196.58554099620588
145,157.6149666840608
89,96.91555643805081
65,57.14706568764447
40,45.20951413445019
63,60.07358073039725
98,99.05008143922774
163,159.13839093403615
214,222.42910727316254
250,240.47298927260908
229,228.8183112686364
215,206.72171020925674
219,207.15646501567792
249,225.68430797319445
253,260.97526507666163
245,261.7040263539394
264,262.6035839272118
325,300.5086109670016
325,342.01377760819685
327,328.7272233731208
374,283.1653776736437
280,304.227983557899
234,242.7625862784055
269,242.63703097344336
225,233.61664043350913
161,168.540922277797
106,104.27918285439866
52,74.19980266941204
47,44.14464801523181
81,62.95314290180706
95,114.24273829878015
184,175.70002816181284
200,249.12766736474228
251,271.1554189951098
250,241.46087187793887
230,233.4345041935206
217,232.62360277935971
202,238.60039652305576
236,239.0048411027354
280,260.32378847223595
302,287.83220838774145
335,331.88962257236784
392,360.7548580469582
329,377.8947136100343
304,309.4739664884019
290,283.8986719434479
221,269.2349906273263
268,255.13012898333363
255,260.7280703495335
262,184.13104629283123
132,170.03309759090806
75,84.11329183190493
52,63.27176022970124
73,88.19412919617338
118,110.42555094962148
194,179.24710264453535
243,251.06514890550906
262,289.43029197598946
238,255.6136921490908
248,233.32497033538803
224,244.75689343180204
251,236.24410878537816
264,271.8879787086792
278,296.43474543447655
349,315.2546633034193
377,362.69884358056044
390,399.2723850571953
388,402.80743917537023
345,368.7483967597021
305,317.7623163921227
274,299.97911421155766
297,302.156495515172
342,313.2508218597212
279,288.60106886048135
208,222.5449257200017
174,145.58143443250543
105,138.0988871789456
121,108.87524956645063
130,112.88329314897247
134,150.17845801930474
156,158.36272217243067
214,193.53610831916512
302,219.4785753329156
249,277.9317459529144
229,245.8228543011138
244,250.1398390341219
258,260.2616893699124
288,282.5346932183815
322,302.3742359722938
331,327.15524873566244
361,346.1498708913861
340,358.0312701799733
343,335.29097708635356
313,318.94677890022103
305,302.4876405791678
313,310.75409256658224
330,321.49633751362853
284,285.93951264580494
231,224.79179918563213
182,167.6042524166142
127,134.98383842198623
148,114.77524538334549
116,119.37263733783429
128,130.5030263506472
150,144.34780152474744
153,167.16630121469132
189,189.16236152873554
224,207.2172999981482
198,221.02242037904773
237,210.38863438418036
267,230.8748989332665
324,261.3306547437061
316,297.77060704346616
262,301.0284493920002
265,262.1552124583436
263,268.6711270072131
233,240.55610805705203
230,229.96574832761246
236,230.87848166797366
206,227.4132741283954
220,202.39988279339823
175,164.44028609176954
114,111.96979290081545
106,70.30662303701983
58,74.10168180086873
74,72.58798706867924
119,108.34595963131193
159,173.67718058280386
249,229.95523221674108
266,271.20179985714896
264,233.77543689507732
231,219.81995124164922
230,215.56913864386004
231,224.4079235906615
312,239.08475570783227
323,301.56113111003407
305,307.6277484870836
307,294.8619621828022
333,314.17481330615055
368,313.24187533293923
272,297.6070418573006
236,235.1789366577535
239,209.2162654047969
227,215.97601655652576
213,193.5403012687043
158,178.15320539199772
112,116.6805507873657
48,83.44144081180495
51,51.171144426777474
75,62.2806025251134
87,94.5899941568444
130,129.13864421410852
142,188.5635693170529
200,186.2738589335252
178,220.97574112026683
205,202.1708002777953
197,219.7408149681546
199,220.46923507215828
246,237.8913599503001
238,278.3014274241333
258,259.7950076599784
255,290.62511928108046
280,286.94527277366757
289,301.4195368495686
250,286.88294994114204
194,233.98625039762734
198,203.00701673941958
232,207.16633554145645
214,214.298513066276
146,155.35656552712072
71,100.31678545431008
62,52.46790281152282
34,47.4283084170344
54,62.85936918576217
103,94.31232816903075
145,154.7267074752792
259,193.04206782203724
257,260.6734838705581
266,224.9799783452281
227,221.9956285012818
229,213.46791435055712
254,232.48669309653243
233,260.9938513710021
285,256.1012877595887
270,280.6463089434251
308,297.69223887449635
313,334.5859059115244
337,320.9553311692467
257,309.30827520542016
228,248.38750051871918
230,225.6199900981355
230,246.46643306695114
197,223.28065413774945
139,151.88450305092064
89,93.78961237665634
61,68.28817431134156
50,47.512966365271325
79,65.88579353863516
86,112.79660616829626
185,167.79095438377618
250,252.6991974966017
271,278.0946007699246
271,255.10796574725597
237,235.12897594527976
255,226.19027366675974
295,250.46832584394255
247,280.11187337324503
269,279.8667977921598
316,289.6872259549518
379,337.448112656435
399,373.69962429091095
352,383.4916636566909
288,305.23799160033303
285,268.9240951788873
249,264.6417501300235
278,254.99344853681427
249,254.14495450731752
189,186.4150959203495
140,135.37698498502903
63,88.12384064983551
72,60.39061396949512
82,79.52817593604608
109,108.04136792132918
172,184.3099615148775
244,255.28673427501732
262,278.1481318462409
292,254.92712206515668
222,250.82779103975898
226,236.4352246111013
267,254.3024481629015
264,284.1184785492365
324,292.5975955463301
320,339.4770972599196
388,355.7505637296943
366,408.02211599553243
376,387.27689035331247
307,353.18345994828985
316,296.94551443538654
289,299.64707098527
348,304.92680200182457
278,329.7625999691159
223,246.4864681093791
175,192.17295696620133
131,144.07372647553206
102,105.3743792602491
107,107.0002693384205
100,114.80231954559851
145,140.02764129602483
149,165.38918586025315
187,192.4693566642964
220,237.95923982004098
241,235.82936038442972
200,241.36726013058677
231,236.86819694443486
266,256.0675784720226
287,294.3627759919478
313,301.8230312562329
343,334.4864107000514
333,359.7212448962298
326,342.98673287048854
312,323.2308195951153
373,305.0447441345672
267,340.51268212434917
349,301.407740085538
272,319.9104709859029
277,243.55936555899623
269,224.37293812670413
196,185.47709680416946
142,137.08534226127244
123,120.88252713172135
107,108.4248168231139
144,131.1432184979472
122,146.45653476537024
179,155.0981741822613
167,199.35849771095
218,206.25619589781405
176,213.05822409356193
170,198.39587426041766
214,200.84256111769437
234,236.77707798548985
237,245.276455296764
273,252.41920468338876
275,272.8115636692247
288,272.21505966564393
263,256.77317455001605
256,244.73206422112062
221,240.12041414593253
247,221.68089957667038
203,219.29288979773196
159,156.91027309466196
115,108.11872273570533
62,74.32548368435397
47,57.91531630572407
64,70.64102571257389
110,105.53744528696372
176,174.58790476961698
264,250.01596795228878
283,285.24720229975327
254,240.53058761446752
225,218.60298180361727
219,211.41035813420828
243,214.8769250697043
253,245.40184000919248
284,272.1517990551479
254,280.73421751970415
321,279.3612434296146
374,326.723655326719
291,351.6919191437848
266,258.07501540275246
218,232.255297458376
231,208.3882688564651
211,218.69965766112517
216,186.49701888833718
129,157.27723838355416
90,91.16791132888287
56,55.84513246795498
42,44.243940685308225
66,67.9848454107089
91,92.24663970132741
284,154.68547301880275
261,279.9606257959462
244,262.9601578936004
255,223.2491283252951
210,221.72450913946807
202,203.15906738127626
213,216.85445200947703
259,240.1172161205556
253,268.32976939678673
239,265.2707454793678
312,275.9977799064577
318,336.2545525806879
339,312.5594861506833
277,293.705072838885
233,235.33257068222457
199,220.49533504987056
224,211.70472996319495
201,215.22475290632227
141,141.4313467786675
87,90.6358797240604
72,59.29674154998423
51,45.21121996452782
68,64.23610103185837
106,99.25064464557866
181,192.7552402176551
268,245.59419903829317
339,274.2828115022144
272,277.2058678885987
235,224.29364562432252
185,221.42305563065116
209,220.7177817460314
206,244.4213294606548
272,250.268194371342
277,272.4460582504863
336,312.29909023739384
348,352.68952783777377
386,345.9224142594874
332,319.94122817812087
288,276.22693739638135
216,254.19730943196203
234,232.77595819096686
292,216.07788255960912
157,180.57565483763207
114,101.67437278742199
79,69.65261792510928
54,54.14764991947281
68,78.3244262405962
102,97.20762811157583
179,183.4290109969792
253,259.30757447931285
287,297.22552750184053
241,267.68297443910933
230,235.89796290939984
214,230.1609582813179
247,240.78231706152715
262,247.17837090074238
284,285.8711288199992
323,300.1659979548286
340,353.5312050118409
381,371.2611159664617
369,380.4535764132484
342,329.13930281055053
268,307.13250837366326
269,252.63078422821425
291,268.72507013605815
286,272.3418225106803
313,200.4097181649436
138,180.71787742781112
61,86.94416587687861
66,66.37225078594585
69,80.59530572224882
122,110.15390166635206
188,181.88906493258068
276,248.6917412324146
270,281.1113656168253
278,253.26963625406927
247,244.14908921340455
263,235.15095364009463
255,267.9244940673731
287,268.9933800129454
325,308.4976661579038
377,337.97111562544006
424,383.37631071984157
424,431.5823369171952
386,410.699064735804
392,358.69643673815926
323,337.73720246467997
309,301.33385679295674
347,320.08540123394744
351,327.6248105320485
284,295.7096422802447
248,216.9546926514675
201,174.55107768324095
101,125.18443185349949
99,104.4610586631294
131,113.6171812917737
136,150.05864020249126
176,162.49779309999633
202,199.4024873301324
239,232.5200605872839
219,256.5383549544727
221,229.0593871575157
267,243.54219423968502
283,277.8155284537244
308,302.00816416451124
286,319.8718981115482
308,320.398494861617
342,336.9344705810677
365,347.29614818219125
337,348.3983302206182
378,319.96647153880656
288,340.45768731787865
307,315.02594907179474
333,312.93467630927574
332,287.893921103223
265,262.58149045270653
154,198.71231919388623
115,125.48613790571001
129,110.00408589757468
103,115.31982329195858
160,128.0879553146689
136,155.37468815253578
148,165.25846102806855
191,182.9023563373059
205,216.3381787245133
202,209.8422038722312
227,211.2634523989087
217,228.6161298769749
214,236.69116574366745
225,229.5085143687334
271,249.15607489354798
278,275.5558704340884
279,278.22168402514694
242,254.05970534071173
250,236.3009066862337
249,238.1759515854901
234,238.26603288656628
236,215.76308307755644
167,170.00371705797275
114,114.96958030232065
69,68.6121047027691
67,58.31665689330948
60,73.5877784360657
109,105.83647304991501
146,177.3172999522709
240,229.39663729731936
283,278.515773554906
234,243.7837455079519
245,215.46792256357026
216,223.46621826029528
222,228.29288470377386
229,234.2644186202907
260,252.64177506907828
286,255.0100846475801
309,298.12127423522145
330,332.17107913610073
339,311.8614893195992
289,285.1351499200615
207,249.23474391251065
235,216.6202219996636
238,219.95850034016112
244,209.30330587785457
159,165.58286151851513
94,100.0666480130534
62,57.114131181326975
49,47.25476333767764
48,68.27862127989296
100,90.45529652048602
149,158.66729971407608
252,218.40704559804252
272,260.1724343009466
258,231.93896793886412
213,224.92419872269653
214,203.3991989713997
243,218.22131361278088
246,251.0016904135439
285,260.02840183702784
336,280.68907458303903
384,336.20444634006213
470,375.3862649178639
442,424.8031410112389
423,362.4682241823796
334,315.76897234111516
279,275.7578057253088
311,254.67007469129615
257,248.30435454450338
162,172.62127904853537
107,99.19285679988971
70,69.69358379152752
49,48.495756766722934
68,63.965640764266105
98,102.62892508206764
148,159.9272336954475
247,250.8374657461429
272,285.40401304464393
270,259.84134435844857
269,229.43264539388028
230,235.9209413487021
250,243.41338321219706
302,252.38327532302137
331,303.92475050913475
361,328.5342139309715
355,371.075929125444
427,380.82059367358505
352,417.1968298830053
409,340.6291971536927
387,358.6695897743648
282,333.2962976650776
267,277.97790282311945
272,250.99666865585897
211,213.3138284896093
181,147.76676987779382
130,115.53620086193108
74,87.82852097795453
81,80.89840922242236
89,96.18351246450102
138,130.04333444426854
114,186.4640647163657
123,151.22607929392882
130,167.56092947240367
145,174.63766963638864
179,172.3906197206832
204,212.98093016021843
232,239.59513819367064
277,261.5858105593184
348,319.9790299156039
378,370.4984158243885
432,383.9303989703306
422,420.0580742158865
370,403.5680110795289
336,336.18903144589217
333,309.92795468099575
298,309.9772441130902
342,283.4453215170375
243,267.5190986803401
177,166.76454210222374
99,93.10116757828973
83,75.34931072981912
85,81.66384442815517
108,110.59336518219206
126,168.1518663426133
137,185.898852569722
198,188.00498629443004
203,216.92396800148876
219,211.4812098457864
205,223.72121559272227
261,229.10196441975256
255,269.0178014752697
256,294.619131740811
304,309.4840641488328
333,343.801338377044
345,377.012166683224
318,370.99247836258377
313,334.0200004932646
291,308.8639865586167
307,298.26847131790237
299,333.4871362486658
315,335.248349108925
257,276.8509514910434
183,213.51053788195338
107,151.0706585690889
99,97.17862057539281
119,97.46859021279673
85,116.88121047730662
141,116.9760667768965
132,149.9559469419561
156,182.41000963147857
190,207.62969105254976
183,223.6895770917827
196,208.46013068720535
203,236.4843878762609
239,242.1274321044395
247,272.92741746820616
259,283.0497753983196
303,298.68049613314594
301,331.5181171695793
335,327.1973609074005
298,331.14244793212896
286,301.7092329624011
281,291.9136944017414
300,302.3827244889895
334,309.9476860011909
308,280.80210189930136
192,247.21916570063755
153,152.2022560430405
160,118.8171610820648
132,131.4839777916503
109,98.71793539775489
131,138.39874869777373
135,134.48720683239438
141,154.33800961296154
153,180.62989313499486
205,188.21760357143427
227,207.56428604393358
198,226.11922248034935
225,212.140724359301
276,236.79386120337287
256,263.48324289568154
260,266.22738487411107
291,272.65541911384355
249,284.6383511512225
253,235.59600074507995
215,241.5060554083837
220,220.37476113642882
257,225.85751056273872
214,225.57294544661355
612,506.84406309216246
384,265.85347751150283
120,217.57327880006858
41,109.25409198748098
42,82.3363450804522
102,167.27990185573876
304,412.82928227056976
466,400.6436243819607
311,409.34292226275846
308,349.08520584265796
481,376.3628420295908
320,447.69091771360735
292,351.2193097287864
300,345.62771683119314
508,455.5961691506356
591,588.2866509024224
493,590.0476705730294
565,503.60632811713594
543,524.266147425916
414,549.7783347741417
593,504.3594124240408
569,597.2358772829169
611,676.0091794159332
479,647.0452641087589
478,422.1620532907913
308,256.27423754566115
35,151.94464799982637
47,48.02025807186421
76,54.21969974383912
250,126.12250011786288
297,357.0252462157339
302,395.0773200120786
321,340.74931278070505
400,337.01892588118284
364,469.44245815627414
344,420.3218892386191
304,352.1910717669413
485,367.06771015454586
524,657.4216497483072
679,787.2621750561113
825,801.5975250556082
554,771.3306677339866
700,721.1699336767058
799,766.7806777663993
874,925.0304299621431
912,873.5574368506967
1205,1007.4731539110036
891,1103.9470661314265
547,847.0640833142918
147,304.74483662890924
115,104.26128311242105
63,80.74060872202959
79,85.20152730201615
294,242.74186185552313
480,456.6591519375498
402,442.03390521004553
355,364.36583555992985
355,379.37939457323523
429,384.995265109789
352,420.16702767754447
289,356.7947062250492
451,349.72562007152254
479,554.9286928215087
711,613.4858262724192
695,730.7093802135682
525,616.2916386024096
595,613.5010636956472
709,667.8372077871876
663,767.9041790889864
775,745.3381481256099
714,919.1114502827738
550,751.0032768960523
406,607.0172746958709
165,191.8566889264
57,89.81351706137474
47,39.66890617027769
105,77.7477151191008
181,264.8898991666086
334,354.9356098757656
295,364.6732671353759
260,269.5417435358042
240,293.7692686530856
277,288.2718911708483
276,310.90526630250326
239,285.3903904762871
357,296.86997088073036
539,442.8454982654517
497,627.420510640418
526,553.1600121999719
423,542.64955404092
523,515.3276949350252
620,576.1347598308266
574,627.1237489586867
641,585.3617615090644
586,740.6388397271365
452,520.5467347499131
232,375.5467379449445
123,144.44506294997927
47,63.02880333568017
37,42.387937418476554
66,64.02193155191593
218,173.77112331040072
270,329.7556878380656
156,317.9592775086523
235,222.2936998099885
229,242.64824219306462
275,250.1883546407473
214,293.2190771049184
294,269.06957543615806
321,330.45299494996885
349,469.21165166001737
530,438.9936662204889
599,588.3891868782143
435,531.0631835502304
399,508.7468174509484
522,522.8163837008177
636,663.5656516198312
797,689.1670418445773
599,775.574035861525
566,597.8665470201973
331,407.9292650990045
146,133.1859266849584
86,69.28048267037526
36,46.44473950025118
73,51.42699976233306
195,210.12081348615425
338,305.1675110486263
340,333.66062113672285
285,270.7544395865554
198,254.18635579526642
326,279.7785626160516
262,291.0786185753604
352,314.76655933371063
436,329.2502914105055
384,430.85214067251337
629,544.7682709867662
507,573.6801422862295
451,481.17544301540397
491,477.2690938922634
653,555.3527278068044
615,696.5988089630168
695,739.8345447040215
940,767.6146649833873
599,736.531085392708
536,584.1597509798858
158,278.1079529408697
40,58.13761856093236
39,84.85363381480416
69,66.87164286169363
220,221.63868079759447
550,434.460453068812
453,470.92065225788156
396,351.4384789562535
279,344.2306430850388
382,345.19166168900995
366,404.9085028716479
374,385.3380633561739
410,415.17848025315686
422,496.81182424559904
596,578.3812812808983
593,590.9247120422697
386,544.9181982504548
475,493.3210754911674
730,593.3826122770354
660,711.583835516628
632,677.7704446577518
848,714.2563597192005
663,750.7773266125872
617,526.926278317726
194,291.444850240553
41,91.9476868877291
71,47.31155052415975
45,60.668345141833264
146,151.95398447482236
389,398.2398406404058
448,438.81723326914636
469,339.6785173322656
325,354.0048131875625
372,369.068203834704
265,355.48063925631743
282,327.3151499995379
359,324.4003686372476
443,469.61619627660207
524,549.6405503864488
575,572.4854006531025
360,485.7756409958182
409,443.6653695807095
513,499.17529643437905
479,589.1681298547043
507,547.1292582665008
742,680.934964027402
674,620.7309001232999
668,514.2745202914156
368,297.487890355586
156,190.28073047441157
158,86.81663695873345
91,86.52590553683477
178,186.44984134735896
313,375.44210230364763
416,367.82667955679614
454,388.7597860971646
344,404.8112231268396
534,436.0784975912418
406,420.86392749372027
364,367.8881116236636
489,438.1896180278377
489,547.4416619738594
657,724.4990997696669
750,811.3888125263878
623,682.836455875419
524,717.7419443328065
810,742.5151945665892
845,835.0143790300853
858,873.8776843710112
953,1047.0720949121992
1271,901.911081420119
867,966.9689526473063
836,478.2018280016682
737,469.7204931677313
124,316.2131154678754
114,91.48682074809366
152,266.5391230221237
368,442.2399064585425
447,472.84028137268376
574,417.75086470227734
468,429.44237942365055
440,479.98182984789565
404,401.624082270417
325,364.77363707938105
370,386.1139413967774
421,523.6968647420315
582,593.2617585471422
877,670.6772027253742
642,656.5612783248532
545,614.2494471358414
631,663.7908395127184
930,721.9871896307039
647,825.4953107265815
773,787.6776884749944
825,683.4066963604622
689,687.0950260451551
307,425.11000388356274
94,217.2464144583428
138,76.80091353078726
122,121.74345184613647
205,159.44329442912593
360,271.54793266224675
433,391.2040404211349
337,432.8958744295929
384,338.4685253450039
461,377.4517365598578
397,414.2188113273322
382,360.92186903154567
394,373.6515375298163
479,459.20877233474573
651,563.6984201804274
727,648.1408559437181
371,579.8320047480232
512,468.84889844328166
949,591.331072561175
563,963.8188695505977
612,574.665833217424
747,673.0865390556352
600,701.2402610645386
499,397.3857568306125
166,192.9753350817348
60,65.63467846900738
34,46.800544367712774
68,68.9808230878385
156,214.31982028747
374,329.1757657607037
300,337.1844606906443
271,272.0408683598167
219,279.0177262533701
338,277.95015859585266
277,327.62316635822026
316,325.34614603746655
325,341.4305549974065
355,439.6557048668432
593,497.2065879380465
660,627.5009910900508
396,508.96546575112325
586,470.3537361941212
693,654.6195466832236
534,698.3163167873937
633,660.4351220985496
694,732.107728406349
523,610.2280209234266
275,461.4154452228153
127,146.05464630193106
43,70.98617954369587
31,34.79874760126731
34,52.10989501635225
252,181.7621555186848
361,403.43571954050293
330,356.63335610140876
312,273.53546784315665
198,239.7762813776391
353,297.9949885079529
290,310.49783158694896
347,335.1039923105753
400,348.47185613734433
379,401.7897302787179
618,536.6493922263941
557,593.0077530353165
375,487.3046036166655
523,505.6541300066384
592,653.8745576454636
681,633.0483428993293
643,684.8462241499639
726,773.557542140061
730,674.5108365201396
313,523.7728742901604
240,201.4792256678373
42,96.45199554186628
47,41.10703412171409
75,56.60942071915913
247,235.33368271684003
554,459.53424770236836
455,428.1760154774958
434,373.6646629207722
258,315.21134199911455
437,340.89432643310556
338,388.84493165103265
399,374.69149396643047
448,408.06501349305694
374,522.56213036401
747,543.161579256859
546,631.4994212240913
424,529.0886265383798
517,495.15698942643206
743,649.1211761277049
669,681.5933801983305
688,640.1174912641143
770,724.6465697617438
318,690.1085092537152
315,305.48177388959095
112,186.00434482709133
39,68.74992230084949
47,48.949075963788495
74,50.45806494685698
230,164.4063186540238
416,391.79313796281053
480,433.5279317780183
387,410.74609059282574
255,317.2056312443092
380,349.32532283173134
272,342.7486813594692
340,319.6918606991591
397,352.689250534428
308,438.7666804446213
615,466.3408697143765
544,578.2545488369994
427,494.9888209732927
408,485.6811830359396
576,514.7761964244276
546,599.8002199414212
576,576.8819946808572
699,666.2302344239987
422,560.6436918589395
213,338.18035594123023
119,152.79670673059454
51,65.39508859216569
40,41.3210074642717
54,63.50262475390818
253,189.73205749125097
385,348.5016078353136
324,448.4754816414666
450,349.21754677722436
400,377.4688508187742
464,437.6763534694089
346,419.7538499836629
382,371.5542018854269
517,464.9125046691615
541,497.3146834879595
849,750.8238482777772
933,896.774032979659
651,693.528674028589
556,642.7618252741781
929,782.9390819169594
1062,887.421010644566
988,991.7023202496434
1149,1054.8969376374198
881,1013.7553149790988
548,627.4556592731612
240,207.12950557422403
92,61.82321251868805
54,58.20792507540367
60,70.04042915935055
252,181.71028906342954
498,485.82294739895025
423,424.7437854938981
398,430.7050300047438
426,395.29993529259406
438,435.8854695389128
366,390.3674776793145
363,351.0493824156898
506,395.2105411928602
472,568.1139040999667
617,651.0717180207001
778,712.6815568789999
528,623.3741176395987
577,556.1820480284632
799,694.7705013035454
749,853.2560950235761
821,784.7221887082145
721,883.3743346023705
599,659.6008533872682
294,566.2528108904329
211,197.63180045896058
64,83.7683286519964
42,63.547434413734884
96,69.72536040065354
196,222.44126654544803
418,331.8856829192888
269,401.7384520830528
243,283.60819138594934
219,287.95650309823327
253,285.3051544963511
234,283.7782452719472
249,279.59479692645743
299,336.8555139778478
396,422.24609069570084
433,533.2442249477654
541,543.6802758499521
335,477.73122942674615
433,459.95966046428777
583,541.802671214489
620,623.47113425133
578,605.9809200073629
546,681.5969888360207
445,526.1995130867086
256,346.7860427412648
126,157.15548325763208
25,55.455896783393776
45,29.818415734616114
39,68.80124520660235
162,175.5180667044504
350,351.38412252220706
259,316.3458151110456
205,248.3553058399155
217,224.43132466831722
307,267.1389206722542
254,282.38777414288285
249,298.45123533614486
391,311.6094886698341
368,391.08017893035725
545,449.2571094491973
533,604.6863759113495
345,463.69908057272625
477,407.0233587445404
649,584.1869444683334
698,674.3024814032161
548,698.9819416037858
571,660.3080890872234
541,557.0850065618921
432,316.70835285515676
162,154.63283299351488
61,75.49033130496207
38,39.331126453634425
36,43.12452037673468
200,181.4938424220886
420,364.6308300807373
301,346.4210445911953
269,269.4378269632349
234,234.8760852695803
221,301.03092601660035
298,262.5824827937381
351,321.11932496176297
301,382.6583784318717
432,383.72764854685437
531,567.7519564784836
577,542.7456518883697
369,468.26035711445445
456,473.7712234586216
607,558.0957116752753
690,690.6596263287637
713,667.7264615639555
674,707.4071673633134
630,704.6410414379575
425,530.2549908674916
308,232.88177424538978
77,130.91052013374707
41,47.2429843600367
60,57.69218142520766
256,219.12519959349103
439,499.08698501924624
359,421.6137242548332
321,374.0564608693345
366,269.24513663185905
315,379.2734395253084
288,332.8954724052497
421,360.416573645666
368,408.5753103487523
467,440.8091414365119
527,598.8545051167168
681,595.3292794613449
335,556.647275101164
520,437.59528442055625
504,687.7253488607038
821,638.8144076034233
578,713.5120978597685
578,725.8763846013034
574,680.9918547950456
457,457.3139680456383
245,215.97150401336765
206,114.69619678220698
93,98.47899536569062
67,59.297137401162395
188,179.39145110438844
360,357.5632879349481
376,413.1669199080947
446,346.9078941964675
336,342.8899035443747
269,375.2010115234385
340,294.53562010173346
297,351.268414497877
328,346.32394329038266
369,418.26121644302134
553,488.999670126537
439,561.8695295180436
351,414.6447349884107
419,403.30415956201176
419,504.26058832702824
632,534.958614179966
530,603.7784144473835
479,655.3820381452842
592,526.3751874793013
312,402.8255518459473
233,199.94796679374937
89,127.78264053042986
63,61.31569772561889
43,70.04864756349608
210,188.8504942063383
433,333.70539530098495
344,367.29640940190706
305,409.222091103341
343,399.4214574591919
350,425.80166803137087
268,369.8691717193936
307,331.8183264643697
440,413.53046534868764
324,503.37811520185755
537,483.3030499254931
643,616.8220097564741
438,591.5253082008892
499,499.8474631463657
658,631.4611026267091
763,851.7518657300503
679,857.0177458794283
694,893.7029834152221
922,855.470706240154
670,685.5685247019816
264,349.5871734096149
144,115.79099714254899
109,85.89825674090135
67,78.76894330251423
317,236.38894828604492
413,474.10658348827064
348,441.82786523754373
345,380.7665203282562
252,383.91090162332705
308,335.8754842460556
263,320.7347988268121
263,323.0848685351475
267,371.90110146769524
318,398.5117486548521
504,506.89583186333266
490,614.5096543070164
330,496.162809634314
460,442.3602013893596
473,590.3975132190355
586,661.0339834216234
465,649.6262666903857
567,617.9204419425987
452,664.9259210200407
424,362.46657434494995
242,182.7721041235783
81,91.02168175835997
86,53.10352317622705
63,82.79605859837454
231,233.1977751183124
321,353.9485826473266
273,330.1961239621004
257,262.75037886911224
299,247.47172333101378
241,277.46463121489325
223,255.9207993814978
248,250.68178871958642
334,289.25458890891184
302,400.2932557386378
365,438.56536397888095
429,444.9509439117042
341,382.10584864963573
361,434.7393345918674
422,454.48043517880427
539,552.213019471022
458,554.6913064742556
493,558.8602492703187
492,470.95610557637286
420,261.9455167276746
189,140.98372020038244
138,75.41470669058792
65,68.91565253691608
45,66.02506776488575
169,202.97920017543936
298,344.94793038328015
220,295.61074039018877
299,232.9725302523157
305,261.8687739772679
313,288.77604061849934
234,270.88884750818227
294,278.9078254198278
327,333.2767988999869
285,350.3937305865068
400,447.8983101900417
486,469.6867760219522
355,431.558616566127
334,416.33078787681353
487,410.36374999628185
508,588.2960046367974
544,553.110994093397
470,598.619171268734
544,517.1736376418394
442,452.6473404088589
172,210.33613806172409
76,101.4837835019358
114,63.14573371421707
96,71.78172423035512
201,171.645853315989
343,271.45235961215457
305,351.37823958826044
243,310.2203403647109
253,273.0573809266421
250,319.44593757280177
304,281.7351063861319
255,336.22293189046695
248,309.35370081183004
332,317.50461760880023
413,407.5664384866377
429,481.22895910238464
273,434.71611927907094
327,377.7661903433942
369,406.73820079409916
370,461.03724463681704
219,469.7805297253795
221,336.59612217561795
258,359.99096505085964
153,262.96479850854337
67,145.44135247386754
25,45.28321745167967
41,46.80554694151583
38,69.54117090879839
114,204.97489541709257
244,483.3345741734259
204,403.75029115867414
160,297.7380756539282
231,244.601390703055
340,298.360554317757
259,343.19526488235454
238,335.46647749531115
344,313.8793084653054
373,423.45095589538505
579,496.02955899017996
464,561.0175589443791
389,422.7871980146555
431,465.18411286774307
558,533.0736740665211
597,595.3182856496954
592,498.6217222633482
716,541.7645770525686
491,538.2695631271602
416,319.41958202270996
201,163.02642767500544
46,91.60344155596928
37,48.77809180985668
55,50.77048018592582
158,150.9836831408151
335,330.6060592993526
450,386.6961004588485
292,342.5369740813414
483,311.17459594470597
545,367.08951882860816
419,400.35876167667305
264,343.1558510117743
528,324.44924683433595
531,475.27322751259476
744,589.9937147307929
769,578.5475317130437
433,562.7944068102405
532,433.98386125343785
568,566.1400133700685
902,608.3079326032029
760,767.1918339868231
783,673.5857437894887
824,598.1175688381207
681,445.73733719811696
441,283.9605751461766
148,173.18841945509374
152,79.55017615449023
141,88.50138475734323
311,186.49845014566088
609,381.748362367086
572,458.2031384798739
539,381.6037069959806
637,451.3358265885679
607,554.5330992501556
454,407.74946234609797
431,398.8310897873374
495,500.8304166272975
708,547.4897308510565
828,784.1057370886983
1088,876.9769443270449
846,714.0818530026936
677,697.9473273292631
936,851.708828852571
1353,998.7375950854633
1155,1118.9989854154778
1370,1196.7898299345436
1041,1123.9884326960212
934,557.612869889801
571,308.5648191726616
204,143.01689620815557
66,43.063459248081834
16,20.48821425882497
21,15.521403832601855
38,18.500498778013455
35,53.43327627060228
176,210.6831132532321
558,456.21226284760047
720,657.3738604654908
603,528.9759919744054
446,512.3271779626971
666,550.8592402764212
544,651.7860073712588
587,511.60932887927555
838,637.8309475982704
574,693.8595444298713
538,475.1901507296839
402,378.34957683738554
317,416.1308007808542
415,393.1935813299832
242,380.30462683089615
441,455.2482533838955
162,141.1288739665233
16,33.34736183623429
2,10.234545821700575
6,10.772307379533036
9,10.940782469866246
11,13.839689280016982
14,18.4516253383251
138,156.818281429392
289,286.1850450118526
699,642.0618769747226
507,812.5767496800967
598,662.8353894735984
926,761.6302300465279
729,994.688545358304
1070,1004.7616445782801
1041,1049.030860011337
1121,1034.829929107633
1108,980.9302475930866
1120,1094.002027802495
1013,1069.5483548342158
1286,1110.5343909724465
1269,1200.6230314022946
1195,1160.650942485066
1188,1291.6302863325457
659,768.9540548557299
128,152.72898905589443
3,22.620541828337196
4,-3.069516591373928
15,7.600119732479066
12,14.35804395037251
19,18.622496502472142
369,357.9757774624768
482,594.8676582267207
814,836.3390544220507
1064,935.5698042481514
868,711.0125107158334
850,848.4684917401778
754,799.5152881468595
1165,983.1908741361399
1012,988.5228766535208
799,979.5954500928706
907,869.5529645787793
865,970.7044309321114
1015,940.0110489045672
1016,1080.8841226359445
888,1106.569622948118
897,1078.7653730973304
949,1098.1664665574513
816,591.3218872038054
5,200.91418581404315
2,12.049274943182917
3,0.08031885465405403
8,6.672317829017174
9,9.759347005726253
10,16.39899234604692
345,307.81743042446124
398,513.5467807676887
737,735.747606137654
801,874.4483495779974
652,684.4705679630632
648,697.3027529066485
589,763.8685099075379
742,812.7443840720781
520,822.9843737938937
778,629.281896047648
925,735.8981112864001
776,932.13411250749
944,841.305324354817
952,991.8520955195568
1051,1030.024456669932
1051,933.7939285742033
1063,989.9727818884159
788,470.74579971394627
86,195.34747731373182
1,10.923582731651535
1,1.1058992467125215
2,6.904826940150609
9,9.840537110335084
11,16.140578147196887
248,282.041287486551
412,404.35186071201656
677,708.4478809610107
838,843.1123589714535
784,669.9884495603021
725,687.7306264466722
741,694.1211569149948
847,901.7168897046548
966,786.3933791613381
1084,927.0699574043514
794,831.2796552876358
999,950.8857812239845
983,1023.2359433104909
1084,1037.6116156515345
1090,1110.4821831635818
842,1046.8601073043876
842,1098.5081082141908
363,405.63832206352254
4,25.42836454599131
0,5.8683055487739555
2,61.11667990162753
9,8.458474823898596
12,11.247243236685986
16,17.015172512029807
230,231.81516928550093
360,418.60739886252225
733,659.5485215620147
713,885.2224781973953
769,690.6885777525058
706,738.5152259453785
655,709.4930574446
694,842.8623074453476
646,823.9353991700866
1070,798.0828943600513
892,855.010015641411
1149,1006.423721287908
1325,1088.0996256662834
684,1132.9552844306638
1821,979.0863026545109
1288,1064.166825247146
1458,1273.9472508780923
982,515.1065407823437
174,284.7761086039195
5,13.198135853015861
3,3.3336122015913965
10,10.80116382172811
11,11.247068222625979
14,15.866400339643727
244,218.18643249818507
451,430.71008225790985
625,665.2006531400668
1062,839.5123978160589
845,797.2440495060806
864,820.385552524998
678,734.5478355066825
1063,914.0224707482156
1125,919.7286527341173
1050,1017.431572028609
929,861.5563332505852
948,942.1435818365413
1129,983.723499142509
689,964.875149712274
1040,895.3636669223933
736,900.7617400171201
960,854.5706249058798
449,441.2110948541994
95,32.70753556201189
2,1.6043441920003865
1,2.040491558604694
9,6.514927332328849
12,8.878252491151283
7,15.810885120692724
42,45.27263109302071
192,180.48982939114418
505,392.1802739825711
582,686.5308515774976
324,508.8785889525431
603,454.09971188055636
588,615.0415083764207
454,587.6819314148297
349,526.523915868169
504,461.01372811866815
659,553.3066307165733
716,525.5129982181658
652,550.1244211757937
378,511.259083093319
328,381.12580483056644
360,341.84772989713207
326,468.76992564346494
427,182.15628582782864
236,42.44098337639267
132,44.86344915711504
63,29.7596726863005
22,21.05500294240833
15,14.915306088502973
19,17.01391496099457
186,147.96438648157599
352,328.5502646669494
548,672.5865082391824
907,749.6168370450982
755,661.5902551128635
650,892.2189833611026
808,858.728074392133
1052,1067.042658453451
470,1013.8052649958322
622,690.5472473515313
1013,843.8229490353705
612,1099.6391715400837
729,927.9303176252897
835,950.6526824379362
569,1093.1911907595386
494,756.9007494589245
501,778.5965073280125
804,516.6277976338203
1011,433.9825638089273
526,524.249150154818
692,125.93407328144691
66,186.29891895900462
48,32.65008012620753
41,35.78724039805129
317,359.82031179073675
525,610.6394393968125
1116,862.1843736922556
867,1050.4570124938489
692,753.4940293258583
731,786.5478262672285
526,806.1580888189718
998,725.3761912781985
928,902.5598315679955
803,906.9987916600875
728,859.3429752767471
958,875.693035699591
1079,974.3280965513068
1000,976.1451265317335
741,996.6898946749176
920,894.943629084947
840,1071.4447067631093
925,779.8347566208301
1359,515.3979847500185
575,731.7834079819456
35,275.389988818986
10,19.090122034793286
8,11.605623282661826
20,7.11532039437102
139,245.4482087263849
296,270.916787000996
701,670.4142876272368
867,823.2504316223142
790,730.4551273489922
661,753.9602704629713
813,594.7475219880167
788,923.9904466444436
1026,810.8519504579366
685,899.5953570403163
1011,750.0479224854241
789,949.5299194130221
1039,939.4318234141882
1056,1088.7503100474175
1111,1090.679884620315
1097,1043.8511401770309
924,1101.1924729691268
1167,369.17864365694186
182,666.96875312736
65,34.432895735956286
30,15.957373930070636
6,14.598299598659509
11,9.840537110335084
11,15.348522036474062
280,238.85368300319016
446,413.64435721086437
633,716.0847545671769
967,813.1897411799333
761,781.2257575439894
696,695.1691547818538
780,765.9857030009937
1141,854.2424359196455
684,963.3466412342158
991,838.1363739222243
727,864.225447959163
968,916.1123256295855
1091,1056.800017110912
778,1055.9241148723283
1017,910.2725610820336
895,951.2211781672748
838,963.5033730482788
76,466.42507651848575
5,-0.9780959459034395
4,8.526868910850173
7,3.9958283708630185
14,8.458474823898596
8,14.6883314668359
8,17.340062015758868
247,251.87560099509173
373,399.5791937956837
685,652.707808633595
955,837.1614081218509
682,714.056063196182
732,712.3264608904941
550,737.8786553883109
800,824.9922688147188
708,750.6665417015853
809,893.4751511660498
675,813.7258762799078
871,984.2946504241708
906,1002.3122258507913
1343,972.3032418401791
996,1207.7169404380274
1094,1011.227312648185
1286,1183.3312722680446
1133,533.1929655584469
76,462.433065917946
4,10.89466824138979
2,2.115823548241871
10,7.43832934992814
6,9.870584137138078
15,14.2767857194099
221,249.78794989293144
435,412.5581666758902
657,707.9743299164636
984,888.0638649202665
736,773.274436907639
830,796.600471709674
840,732.020762306538
926,999.5704502833717
897,916.8832089209395
1001,842.043555396772
1054,874.7688959354507
912,926.9590899566177
917,955.5981510803866
907,892.7885277223836
981,950.5772781512328
853,858.8127970685824
697,892.9790899891934
277,395.42291813418143
57,72.27177970498992
4,11.290426139098523
2,1.980117415561559
5,6.19003782859979
8,8.553362987422226
6,12.16750845897121
59,46.150905255664824
193,185.03962656142357
463,439.87087359587025
543,660.684305140943
348,432.7333839364052
603,467.3656451751238
508,631.1246784123758
642,533.6092777721911
519,585.2868159617211
563,590.3118220949971
416,573.6584959878048
358,541.293017815828
250,445.83774053030953
471,391.37368633161856
363,378.8280216737004
358,346.7466911513275
431,401.9210367521878
122,202.6271748476751
8,5.128542511223815
2,2.5602076229899544
5,5.602571746465869
6,10.940782469866246
12,12.361130936349761
6,16.442443014892504
128,163.46372589173538
237,275.6095206572187
554,528.1760968671724
723,820.3125592067573
683,670.0618407652862
814,894.7926592324678
762,905.4604213811355
875,1035.3822552014005
871,952.8028094598154
959,977.3299069489827
869,962.9785089215549
1010,999.2634750075872
1012,1095.8894286955876
1034,1147.2625254878735
1153,1097.4773997726188
1082,1114.8965988194082
1052,1247.4140653359325
991,412.9495323837036
1266,287.50713482881486
560,411.3003046300733
21,93.6420542700821
10,7.5225101641081435
15,8.93434976540213
26,27.11322549286749
327,371.7757450377587
493,564.3918692722463
868,796.2121485147234
845,978.3684923917023
893,688.0060243905262
918,848.454819969883
614,806.2421148277821
763,919.0879105753451
749,885.6690003742681
813,835.2544151412762
854,806.7666748773275
905,934.5397596467427
800,964.5644373566082
1090,948.4117257485606
1060,1040.485101284507
928,999.9435347165532
1145,989.6704357318664
1365,1079.6281697767665
730,785.5267263811709
69,310.6713087930472
22,17.482800677273573
6,12.039649878377302
12,10.09895130918512
17,17.73527358644943
346,290.2311713697659
453,461.24361421988266
722,780.720903322448
875,777.5723005368911
716,746.4035641950144
811,717.9370373956341
797,762.8481024718578
914,856.5734768450789
867,826.4811823684909
868,787.5426709165869
669,810.7688609389182
910,791.1864616441555
915,935.3853190873089
853,980.0239407292928
872,898.6596312665428
972,905.4837290189032
786,1049.2006300734513
59,898.1486974956211
19,6.008364083445231
8,10.590404529080637
40,4.356684611077935
5,17.585592186056378
11,9.840537110335084
23,15.348522036474062
259,263.82206653602844
325,405.2329969898701
654,644.7134051062653
943,816.3397172276922
774,675.3967943907854
756,760.9472982104667
729,751.7631835140219
1016,874.3365721946724
857,810.6188021735759
886,923.0205325863091
871,736.3501703204734
927,992.8880142032414
1235,1009.8672153696307
975,1126.0977769398887
945,1074.433947738957
1013,944.565188684232
1053,926.815401164194
39,398.13009347130867
54,-9.489393390510505
2,12.615282829527764
3,4.668729453893106
8,8.783364327627652
12,11.247243236685986
15,17.884287145438545
223,239.38609822863157
379,385.7195680613514
665,641.1832006307965
800,859.7789923044095
725,673.3488273714239
689,730.9025320558626
709,679.0804859917397
932,927.7721242097525
819,861.1021249230824
920,859.9287888373025
811,835.6714920727633
965,892.9994466437488
1341,1050.1706204254635
1001,1129.1293821370286
1200,1068.6687224784089
895,1119.2267023772188
1264,1190.8248330092322
305,546.9690252326068
128,49.20397710413144
46,18.351559085870722
77,11.899111095132426
12,22.817636083245993
6,9.870584137138078
19,14.2767857194099
201,224.4082055414341
451,390.2094319807483
616,665.5550379257971
1019,832.6571341407633
571,757.1441208411424
764,750.3913368318678
657,797.7102983449614
931,855.3776125029868
885,874.1068433579039
932,922.8515689581867
854,870.2630832087041
870,883.2805636449591
990,928.4580968251812
981,901.8909846490201
809,1051.4928657112243
860,773.7129864997464
872,916.6206406058234
354,479.8541800321954
19,83.36181625147935
4,5.455065409589764
5,6.093026567391135
11,6.19003782859979
10,8.086196380428456
13,11.700341851977438
59,48.671985844492724
181,185.03962656142357
546,440.3716483001679
590,623.6683279687248
407,398.7170197287834
597,577.2410123715782
434,615.0013761816675
571,590.6678433429649
374,537.9598945085861
590,503.6704969371192
572,571.8216612555971
654,512.0153233907331
433,441.3500041494331
452,409.7030578294371
260,358.37848427040615
434,385.6713417402155
546,471.15908223089065
285,181.50084459241668
28,64.47190634348428
7,6.345547532951936
2,5.454448387572714
10,10.148726359143417
15,12.036241432620704
9,16.689025457265515
103,147.22287722524442
241,254.36661747046875
345,507.5141572072221
701,661.4236173948815
546,680.9601106429119
664,798.3510867568818
605,751.1069061069081
894,875.7331591844141
877,942.1894170404314
711,978.0205646801265
821,823.0318333563577
828,983.3894901106495
981,934.5520086597439
927,993.2212951590478
834,1105.2422300808216
1009,916.8388652737428
1096,1139.2443824866723
292,811.7770098475938
26,247.59663947170569
88,194.20967777728572
6,20.297233908715594
14,7.2752302287500035
16,15.022537757560436
14,26.932570444279175
157,369.5921608027132
309,427.0258961951717
416,639.5195431819976
650,721.3313313110339
564,733.8261632328791
454,715.4795379310327
563,641.407151101142
663,768.1259323326306
641,841.3063232719743
517,785.8937223299874
568,627.586523496869
577,784.8875337966441
665,758.0115599774945
723,835.88077584723
730,889.7765687186769
649,886.4692583507344
876,840.4159336915571
374,583.3890240070613
43,97.05689405243847
32,25.04741946629299
3,12.248282218559362
10,6.672317829017174
15,10.09895130918512
11,19.8374675227753
130,340.7621139029601
213,327.8651803991185
419,439.9846321009624
599,653.1010659229177
404,580.9517648692321
474,570.785353037775
473,618.2369803785228
699,631.1046630074136
530,730.9880778882583
570,556.8584984471818
688,668.8881308041452
574,696.4629339197612
686,703.1150355966026
533,856.7335168047022
618,655.0833357006064
560,755.043031848806
876,693.9077775897241
393,403.9671903055285
33,69.52160335821515
2,10.301442257843583
45,14.000690916555062
10,18.72536429771464
16,9.840537110335084
10,19.11188671693149
202,241.75037123470466
231,340.7394172194973
474,421.00693877374226
573,655.9362512268658
472,571.0034520535272
587,574.6817324128332
539,623.0045186427697
671,736.600396834251
596,690.2798774873743
710,680.2802000287859
567,748.6622737633489
484,697.6746574314317
331,573.914669566407
596,456.7429497852797
673,748.7954122813564
738,809.653306716987
637,894.9919411380473
538,177.56555502207414
21,158.05975129285127
5,13.988754970145198
2,15.210040085006261
10,6.958076922036777
9,6.974675652583797
11,7.186387664615652
131,163.37999752571918
187,203.88025350412883
395,393.9089253749959
545,612.0314645787946
418,526.1700115003599
382,540.4056811981053
332,476.69035416042186
512,515.4539289580193
329,548.5182526587027
387,477.3017424260454
398,452.0298244843989
123,546.3100018023844
278,344.7780281936789
99,374.8331243349689
45,337.1208986726387
211,385.02777612065154
195,431.33754931740003
6,295.4287703430177
35,10.269805712621903
7,10.07986675328175
3,2.707799642181437
13,7.43832934992814
7,12.782180548109315
13,14.2767857194099
98,211.0654753191861
124,275.74108864314786
403,376.24467694713223
705,630.4404142403667
543,632.4504231549571
572,639.9787320866367
546,642.8736440178238
700,699.3335151271708
745,748.8960534684259
809,849.7572307794654
684,817.4142776181608
740,751.6128152264527
731,858.5423846804534
771,763.5673203341272
856,758.1726558617623
875,708.0692863543468
769,759.1191370982121
250,239.89122448680033
120,39.7953657033522
41,22.24677144875432
5,10.146483594862003
16,6.19003782859979
11,10.005006136768646
10,12.025231355706495
192,59.15963890700599
440,223.4231325336866
965,513.6811433661816
840,771.0875144559097
733,457.30165048507973
942,636.369965218291
740,680.1205263482026
1087,722.8044105279196
722,675.4373490721364
841,620.2031427227125
905,717.007556950429
1116,764.4790325621376
983,785.6622617107372
1012,780.0306858255885
1006,700.6875148515693
1177,703.7657740153534
1056,969.7895928794933
500,706.166365929444
158,116.89076243191934
170,25.310568994604225
105,33.30740018404409
52,36.58675777278549
19,22.305652801321095
17,16.22185885027174
341,147.76744143963145
520,317.35399760550797
851,568.6313685260914
1260,882.0748797787137
1054,836.8522911993325
1125,967.4401712980143
1283,871.990095901882
1258,1117.1323209852587
1261,1014.0134564420713
1091,1014.7981434292341
1554,1023.7461640335663
1190,1159.9646206351217
1207,1127.2584294800824
1549,1124.0014715191587
1455,1231.9097863258485
1579,1237.402233296955
1965,1369.8878745851976
328,218.51069804116815
244,178.80772688602954
208,142.944128033308
130,103.18557163172952
108,81.14867368038212
67,76.13231704447121
91,97.30988938426192
148,133.3239823233531
203,185.5780055312566
217,232.09076841331986
256,239.9394564617756
251,265.0707725151697
273,251.76646691286282
273,258.060236286526
233,257.40395889462195
232,238.18177092196038
270,252.22316976205124
334,311.4142375746083
398,388.2308379357659
452,424.62271165084184
411,409.11879489096856
386,377.6886122352241
365,352.42976372823404
277,311.60998813700195
312,238.78004246196804
322,213.9904685851887
116,190.61620842860205
58,94.97038969038425
87,76.52594550139541
114,69.78030981864624
103,91.14249838521104
97,113.23344295942415
94,146.44742104869877
107,150.8383515689101
113,151.31163146386316
131,139.27925200100483
156,155.809195602089
206,187.0917541558415
217,206.7731843757997
207,211.63360693846528
218,223.8472119916
232,238.49061489579486
241,251.83049956528782
273,225.5057017436177
245,235.1825750194584
203,216.89686792582992
168,168.09491845075868
99,102.23682964701929
55,58.793244179214405
39,29.7088579390078
16,21.849125226411545
43,17.242474656070208
61,63.2324535939447
115,102.15970616475092
191,156.8843642573701
272,268.20453191411417
290,311.9708024202648
215,232.86443773139865
171,174.62668413990568
155,163.97887147019708
176,163.48728529141488
171,172.3331523152889
159,177.02819181674536
180,173.35521718079335
179,193.26501827715884
212,215.13168277539103
233,232.7445121234672
251,218.190019819397
207,203.08650893956695
151,179.6528306318818
133,133.6246157328781
80,92.25756879952998
41,51.666998093756646
30,26.14849533378382
12,16.270922657136673
18,22.818979304482138
53,49.01935179894178
112,98.24953998969679
172,183.39001042747154
268,296.5082426247106
341,319.53532196103026
261,261.2160908226707
200,197.49923805055715
154,171.19576275814822
188,168.6127470018197
159,177.04393501123963
174,169.27015028027614
189,175.61073754791204
182,191.4994164999749
250,222.25918823498176
265,269.6582046023073
222,243.3032903138741
175,195.7282546369873
200,176.4528892991566
171,174.53099279969612
110,105.48012382843737
64,56.63002858314681
25,35.69657186475621
30,22.43943786519367
23,19.46046021711237
46,49.82751968570297
117,92.31518114836476
186,180.73681460967356
305,294.75508250258457
309,352.63837675026076
255,271.78912240298746
201,208.87722353133387
196,178.10434361412482
163,189.9132914955134
145,163.91665371867686
168,166.99019704710318
168,178.0102118263263
169,184.8799805840079
244,225.34240189555842
305,290.669881851507
237,265.03164574312837
216,210.4987919996187
210,210.93190779732453
165,178.40595197721834
101,119.02642965074155
47,61.22845908788926
42,38.83222029146176
32,30.81635212670459
27,29.848763666885436
74,56.313242298939734
107,109.25729421365212
173,184.19776679984696
289,290.03045048675096
344,341.9212001713859
293,294.2969841734365
171,239.72213151814879
174,187.35062511606765
176,172.4347138123609
154,172.84208311115611
180,165.55651037853616
205,187.61436827237074
207,202.4370528030974
275,249.03603057070325
331,301.7453220092399
249,288.0375679255277
255,224.682202244583
263,231.8116296113353
209,218.75343162802028
136,143.73567181967283
96,83.92500073021576
49,59.35478354172733
36,40.171612806146605
48,39.596808407396
77,70.03798478735925
106,96.96017837822735
171,151.67600940312548
237,248.74408507480496
274,273.8315919770749
221,254.47727294690367
181,195.78972130210656
188,180.84862162194668
183,186.47289485857186
195,182.82644009790735
197,195.69528321371624
205,200.93509036633844
220,220.99098160899266
307,280.9901707175394
390,365.57659559817625
400,403.16586405583064
279,363.36300582931705
286,286.3051204146269
306,289.4968149311036
315,270.7704814172919
240,229.9361651808311
151,159.01982497839057
110,107.17557196914792
62,78.68877977366462
69,67.54640437724849
54,68.45611895223676
93,86.9585343635719
98,133.1105134179029
159,158.8806394059311
187,213.02561105312662
240,218.7764699928594
244,248.93199423217183
277,246.5110853681095
225,265.8129962000484
196,226.0858357133461
231,219.49313180080372
270,249.32655810106164
321,313.7007336073901
411,379.34124797104386
431,434.7692357539583
338,378.92105161921296
306,329.84413461955876
280,324.18708809177735
241,262.5088026900217
203,229.94526568364904
154,158.88813649847367
123,113.04991150719326
69,80.49403113002909
71,74.92845464755048
49,63.562208186932736
80,78.26523020501557
90,98.37123877420925
149,139.1419604334357
185,188.23334142549407
227,216.95983131034697
243,234.86068363520337
250,239.55742473602155
232,237.5551350926055
275,216.66753471369782
332,245.12442082580614
298,306.0776043100398
291,288.8359381179498
261,285.0478688054144
201,241.63723101027728
226,190.37540714433155
159,204.64299771894818
132,150.91039301487825
78,88.9519325886501
47,52.06455423375113
25,29.886421178914002
20,18.627494671950398
30,21.21313520480517
60,57.226339108515816
104,103.20855508637985
162,176.18133892197068
279,260.5232373519876
295,321.5992113287743
229,232.9946954363174
182,187.42130590044877
168,170.22843430437118
232,173.9265779088418
222,210.1535256445839
182,200.93049717453687
201,184.36139039120803
210,197.610571915758
283,237.73175330105738
285,276.9761376135451
218,242.45604591034626
200,189.36891539498112
185,173.81536033514817
134,146.0436410194923
82,81.66045268048642
57,58.705943216422455
34,34.225752037137106
18,21.664295294294522
32,20.921353456865845
44,48.6257754954179
81,85.07464632372516
158,125.18851541943765
301,187.81520794179937
365,333.7434950816857
281,305.9496517609754
197,232.01542496324353
204,185.74164403523918
219,209.63967273878987
206,207.64248818516612
211,201.8260740024356
211,208.96883153527477
205,217.37627747705605
275,246.9388587000833
304,297.76268967873466
235,274.0611395203535
185,200.1235934609709
194,181.47346267980447
155,165.93008614596613
95,103.66390532191726
44,56.5979174566409
18,31.46172964607758
23,21.292839735518754
31,18.91844488416016
54,47.349803010805445
92,95.94479586466113
182,174.6054442152995
320,304.36714647561814
383,355.13299840447576
274,302.43644810664347
220,212.242161683289
178,199.73848714731878
182,182.8932382962852
162,176.6562550436996
189,179.32175046112326
182,189.40344941381903
203,187.8498713912731
233,254.782539892644
283,290.9444761943843
244,258.9650210753414
239,209.10592298287366
203,216.38214946677107
145,175.45246372844986
87,103.23382663344142
56,51.675139611979695
28,35.41995879110268
33,26.863733881608628
30,28.127612669528027
69,65.54545426346002
115,103.03171739973602
187,175.89314846511917
270,304.6643951539184
343,357.0565666397423
282,290.91477852360026
208,218.6385843734823
192,184.86114943434208
194,188.3832286015111
169,183.89854804865502
179,184.251218717564
179,192.4580069946678
209,200.44298776988836
290,254.60783912946417
337,307.61736067497765
252,297.7313488892782
246,230.7702092893371
271,235.5764440326471
221,218.282171700362
165,138.87072909554175
92,95.58145309404068
56,56.13481344093279
41,36.99764168993757
33,41.60859612151689
53,71.21414018706695
101,96.21800545780718
148,157.00653763849394
239,234.64126582213484
237,279.4411022674789
254,234.81914909745944
186,216.86074877214747
185,187.50483553564007
202,190.9453491527079
210,195.8900821757422
194,202.1009984672945
212,193.5362819303276
239,224.48024101427936
314,297.2774133021104
392,378.4007784102915
396,399.03447730047435
281,344.6882844314736
314,286.01367262270094
354,303.80486510723773
333,294.9710497443542
262,244.01992138684014
147,172.92366494535014
95,106.74949626668493
68,61.979644186831784
71,66.1932752045661
71,64.16317049528388
95,93.65632567515007
110,132.28448434829966
181,165.84551425220664
228,220.77096475435417
266,241.34280154220107
247,260.60817005916556
261,254.78823825855932
263,247.73708174451133
264,244.99489466179168
258,249.2703400251521
283,271.54811635168693
355,321.24811694146445
401,406.42816367987416
482,428.0109143451306
391,419.3745042641165
313,357.02660695645096
385,322.96259241577025
349,329.0832223524968
243,271.0637170762903
176,175.40767465109278
118,115.4393390831585
80,77.92039670079672
70,77.6099458312529
62,65.64484262311692
82,79.47758233538478
91,97.5579486778518
147,136.30331165738022
201,191.1514480159907
249,225.8132824713397
252,252.99278525846643
268,248.2964606299145
249,250.06153615330533
232,245.7906570698983
239,232.04680289731684
259,245.372519527985
284,276.12935982630984
260,282.2814036027069
229,230.6853626877825
234,216.06691709418678
168,207.4039889349719
134,144.94546811422327
89,83.39152770488768
46,53.16275055835796
27,25.298267504004308
24,18.866050583130292
28,29.25014881123978
59,55.935879939963165
116,104.78704260292666
182,164.44352122542728
290,280.9192632514602
347,313.8056573683
255,256.008420246761
213,204.30583561320654
186,189.71684918330516
208,184.91079439643366
177,198.10342231037447
190,170.9859451479516
182,187.07708006244815
177,186.81467824777104
272,213.91285899017
264,270.06070251006884
227,231.75618189268343
182,199.59272564136222
176,170.62182193075654
140,142.12338960425333
54,82.9156012778666
44,43.66806497607731
14,28.44621874853377
17,14.043712972155863
18,26.14134858654938
53,48.41332162716382
102,91.69807483370718
185,176.0711270519544
318,303.51774044354255
342,354.00868191769877
288,276.1605252666561
216,220.1951543883106
168,191.03641246422657
159,182.50542467654384
164,163.96637009581974
167,179.26788210999283
174,178.6496548817425
197,186.0284822519528
238,253.31692233802124
282,275.60705249112107
222,248.90501781647603
171,191.76495039259854
177,179.5418935587866
176,162.2972384546796
100,99.67568358279955
57,54.25025714177512
26,25.324152984370905
23,21.2562407038635
28,23.23974104449561
41,48.21496796150795
76,87.96881434638604
201,177.64066052169488
349,319.2053205256282
395,370.18961593739033
310,313.0985855333192
200,227.36165353526084
191,178.3072770333076
162,180.18245732935353
155,165.75958474730706
161,168.26976465935996
162,172.3157164596919
211,179.06125236225336
257,249.02619085850475
283,294.87949714084044
243,256.9168318999419
184,212.05865041316576
191,189.11453607432358
167,167.4505933272543
111,109.75615053275155
82,61.63304009188249
39,43.36087069607095
37,29.287286333044957
24,31.794448948792756
79,58.54723441108182
102,107.84866315839355
143,187.53529776455719
283,276.84893006889973
366,351.81267421863913
272,305.16109993718436
232,210.76113201584096
208,203.05280977144594
164,190.4043515342829
162,168.79696698882609
214,173.77422819902193
156,198.3792148217296
179,192.60219429187765
267,226.01467026983093
339,307.7702354155727
295,297.20993106718925
230,246.45377405830058
223,231.47558283426983
213,201.1712131247951
136,150.75528537279573
71,91.52309883209759
51,49.885210490876695
53,37.41521423402899
40,41.425384675594145
83,72.84067945133435
104,100.9705392359967
150,148.12866800604303
265,238.39023842073232
278,279.41134471161416
259,250.6377823876042
201,223.09468245825258
205,193.1254587396395
200,195.6601659557742
203,192.34805070693344
209,206.4431276067364
210,198.043946720043
230,222.73275800885006
306,284.8869093525863
359,369.46940859322507
442,380.1645773934141
321,361.6329665717643
297,298.1910093281661
300,304.41389781547974
296,275.60040231651567
217,235.14641260963754
128,148.37647282875156
79,101.30040315566396
83,62.18685746143588
74,75.75835947227827
94,72.22292152891572
110,100.21641495948425
117,128.94210638557567
196,172.99939816473224
231,230.7617741015027
259,250.25903635604027
285,256.2000969009975
285,278.4264946441593
247,269.10336573303664
233,242.1051709802014
260,235.69500337166264
261,269.70442886376895
332,311.0111059735846
424,383.1126195876904
444,451.68493262245056
324,401.60854267778006
275,311.9332009375406
308,309.532851216128
288,291.10097716061915
245,239.22059709486552
139,179.14236405902093
122,96.45839973658244
95,84.15243168127992
99,75.41355327818918
73,75.33903941584015
91,84.07134951144832
103,102.07339070509373
171,145.26050270858877
220,200.39541087214
230,243.4286832493097
264,250.76225583755084
278,260.1949363463606
251,259.6843253268723
231,236.8009690063372
227,230.99908899582113
277,242.28600408852338
258,287.59805646809997
236,265.96370203237944
248,219.73245305949754
220,228.91816195628058
168,191.864239985731
116,143.22236594403256
77,82.99996526651313
50,46.02125156919109
29,29.159777420283486
14,19.03391213085408
26,28.1820192440533
57,57.56546150444477
90,105.75753314351641
155,172.62896879369845
275,258.0375644517493
315,313.3568600892307
250,249.5988646301256
201,202.99365750816293
183,180.4984242393654
168,189.20734838994244
177,175.99713966069532
203,181.48045346516153
167,195.38003083372288
210,180.06103750626184
241,252.11691604312682
288,262.5667491526662
232,252.2212517078884
177,202.73403707306417
191,168.51168542963654
146,144.55038376132444
82,84.49385971790494
68,47.292961238107445
42,31.674293455655132
40,18.576134613602548
30,21.881350334131668
61,52.93552184959044
105,98.26759631734042
160,173.05975210270896
280,282.90351021122837
323,341.4702381172945
244,273.9753168421709
205,201.01983723321894
187,181.35819334140243
198,177.30535985071188
197,187.05862437565463
202,194.64449208648196
252,187.50264180974182
248,235.34555553821116
280,269.6642613260514
310,298.67301821735066
298,264.56865230812525
263,220.92045731422985
238,224.2510273972747
209,191.6656931127645
189,119.04298409164298
86,87.13528200365404
41,36.60551178247438
33,25.92549732999592
45,27.79936309763676
73,53.31407598382167
98,96.00329526418537
174,176.55898293952623
224,303.4621539079085
234,322.6720626812676
228,246.51720384950218
196,197.35991640231933
204,186.15396545641295
202,192.89822303634244
176,187.25532153135316
228,179.6880222032525
210,213.0294633719029
198,222.77460050238633
237,255.5856627852395
268,285.8509622165403
347,261.4934047380256
228,289.88666629097565
201,216.8546632497733
189,184.03754216131273
120,130.04649166992385
95,84.69048407790555
96,56.857958334237786
64,55.5507253118746
62,45.791983077742955
71,75.57199007963088
77,99.73028188476034
101,133.8582000794618
109,130.67867506257798
121,125.32630932212895
122,143.20961088823336
151,146.96153226128285
159,169.62286918197367
184,183.03037377929573
209,187.2342755760711
193,216.17399581142257
212,207.1526842136165
184,225.75775785907777
202,211.4101968172618
172,238.03028592098286
189,213.99780531078426
208,189.9734638365892
185,195.56906025372567
162,186.86885918423826
109,135.12045760901634
72,83.37312766760603
42,53.34014853929109
37,43.713582450974165
16,45.8874526530577
27,69.13332843907462
46,89.85302354449485
55,125.83337024661431
51,145.40592116020548
93,139.1146678713147
128,116.81926429990398
132,158.0528674920261
151,158.0277504851675
123,173.5281169260993
141,164.50973433982196
128,173.39216950873825
153,165.66107237708837
166,192.38237606092562
184,217.16968200066376
245,233.10470393082898
220,289.89163034205893
206,224.91282879856675
213,220.43764582124268
154,223.4234357910462
123,152.37882706177325
116,116.35134482817382
80,96.20472088670687
43,64.81227607000741
46,50.16608106542958
40,55.4094816303141
34,58.734481404017956
45,60.61756332012321
70,63.595243290472624
82,100.50135850462821
118,118.68948793894586
136,145.06116893027053
161,159.5249257502614
161,172.7090519377313
173,181.71127919656163
120,185.54119214168807
182,130.34053007136566
166,210.43415613611904
249,204.9904569921115
257,303.1502814550307
310,277.2889513374658
224,289.0921638913293
195,233.34787708906327
216,197.56015282685215
165,202.33662809269703
122,145.17147231729433
91,95.46936603834911
61,57.40448218093347
56,62.762696836965745
65,61.50837322145129
63,58.192305399470975
62,67.35168313764578
65,81.67737631572201
84,81.94026947551981
124,119.91825140209968
189,158.63674142307454
249,209.04381027679216
242,242.03610184810256
226,233.42470787140405
249,212.11202821372623
196,230.2348182925628
220,204.0514497063336
225,241.64818893412755
233,241.77133889482616
173,219.7933136187784
139,187.18265440581118
126,149.4589747529768
88,126.62789699940879
54,76.43981749082423
203,199.39760642675841
195,125.98650252877009
126,92.53263482286675
73,64.66837054510451
57,43.43176557552378
71,58.34200103508498
84,79.58979654560316
121,116.7717345939364
155,157.56152703970196
244,200.1925241824935
256,248.49654174209022
255,264.8424953803469
268,258.37896782627615
264,262.6125994091681
283,264.60666637626883
338,280.8743037124575
301,339.4597647146053
334,337.34169389880077
353,360.21334436404965
357,358.67690670391136
336,325.9600586783121
398,370.6592980962381
337,360.28306611330004
446,359.93609454124135
250,233.31725605179392
229,156.15231827404463
40,117.7558746718988
32,43.6849605110214
89,48.42321312545296
113,59.244069164131034
111,83.6637749053922
75,118.49837603000934
65,118.41865524216097
80,122.95491750259129
91,117.19251416075001
99,112.72913574268993
137,111.80994697766283
199,172.19296191833624
266,216.6305859427892
274,259.0450778969687
279,268.92542475403354
274,299.33965409289414
324,308.903085893901
283,294.2398386406839
259,258.6524602893886
231,258.53096921718986
182,207.81699106065628
132,142.3223509586771
75,66.16305078189494
44,39.58453421522051
24,18.971299105394625
32,20.31057336769405
69,50.0439738356202
84,86.5415008344137
142,135.81599009659521
231,204.09026237763797
249,258.8860446018005
212,214.42585243893006
184,183.06417459185016
192,174.91564251252325
218,183.66311201228666
183,204.47440803332006
209,191.18046622923805
223,205.52094646913227
228,234.2520945906358
239,265.71220879039396
269,267.19247358184356
302,249.46406947949765
227,262.78999285443643
300,258.90283550775564
305,263.0130566682202
201,202.62777205908012
91,95.35235797679876
48,41.87278609589861
15,26.688148808418955
21,21.37720031178689
52,47.47953184599141
76,67.00974914617115
150,147.17611674682644
249,227.28879981979796
261,281.448639712157
211,234.5576744720718
221,196.9742054152769
190,202.82141984303405
198,197.75781700706057
198,194.84318011866708
182,205.09936872403102
185,203.28660194920803
200,206.15779520202312
298,256.6079473343272
281,305.58298972062545
220,277.4693935108622
267,240.7370735185505
334,327.7774606543644
347,332.030968680717
161,219.3135202552189
79,96.37139682289768
52,46.44737481303316
19,25.937060828235346
23,17.74024166949548
61,43.415189557590445
87,81.53948973035413
174,140.27360814475963
227,253.19252315294653
241,270.6328892289482
214,233.27650046569454
166,210.80376036529594
226,182.34329426301767
195,214.09066405285208
169,197.22246471645505
193,186.8799640853112
236,211.2686008361365
209,234.09830385977216
277,281.332086409203
316,308.5690219607917
274,288.2585724113647
269,280.94989426008544
356,345.51137440331405
339,344.92888474447614
224,250.68291150584864
114,119.7103882251727
51,60.42221480643863
32,29.606482625388427
34,28.074235041887587
56,53.83271502486064
81,85.43241037201031
154,158.6241927543677
247,227.23169450451974
235,278.55954540715106
227,238.07209587279905
231,210.54006175788882
212,238.10468577534758
215,228.10373726972153
207,217.96487591808182
202,217.67638312662473
215,223.82778081781217
220,227.3398923422627
285,259.7208794752223
305,303.99072339828183
304,291.89627498190663
271,287.5168041460263
404,356.08029994943
323,348.42953578999413
302,247.42432873397104
110,157.99655985892463
39,65.55506373120342
25,34.79050244452041
31,35.1778429957749
56,56.71336262990466
66,80.45920394021145
132,115.74794725718701
205,197.6591942379693
219,220.92369219371457
196,212.06926801279468
194,196.79853295682327
206,205.60143130496343
229,211.9593832367222
205,231.80196450781767
200,210.648760364019
243,213.6186213773204
233,238.6032231348223
275,288.41650293927773
322,335.0686802353611
320,337.2317456074425
251,301.10341119032654
319,334.57421978465453
383,360.2405041774272
358,296.54277047344016
254,221.0114056756779
90,156.85514786248078
57,57.03326666436913
53,39.16649796399375
47,42.54417881300436
42,58.61416976611301
74,71.39636244582528
96,115.66630173364918
134,144.45502352210727
177,196.10058584157824
193,214.2804727737159
248,228.4126418897837
238,256.4756275395464
232,238.5322206273779
222,241.84888373786393
252,251.05660305766577
333,280.73236371932614
339,341.85009673519147
330,366.61657750243546
328,340.93134760532797
270,304.753979621265
324,329.1178570314761
417,358.8365289170584
343,390.9015427217436
224,251.93391898626038
114,127.3819684721322
74,59.62682894560304
65,43.286250745496396
63,55.85422699486204
49,49.212575257420255
67,74.35772147243574
74,91.63500506363602
102,117.42515016059777
161,151.06059364261432
195,197.2675870738185
262,225.99819413014626
262,251.1638660320613
249,244.97849857322538
342,240.9043014998001
283,311.5146951635381
315,282.858104738077
304,313.5239345932893
313,312.35098363182453
273,292.48682506683764
200,247.2922036123744
236,212.51607770470122
213,216.42285100707892
138,151.74132997190705
82,71.55692748375972
38,46.259591493122386
17,20.782615876273177
26,24.15295467077242
43,51.797230003300534
70,77.17977591498222
126,127.14237748149182
241,212.53747014804324
263,265.0442327653101
208,223.16421075020645
192,186.11920782612444
184,189.36372705650382
245,194.15250728117996
221,228.88170185347414
176,221.1549032268944
200,201.66089854055843
221,221.09790411656672
281,247.95571302790614
296,292.60464888124096
247,267.8147035946086
270,226.08196708756964
323,292.6851370892182
483,284.97116535480745
204,199.54155910382298
95,121.25610953749823
31,52.860355268765645
39,27.4883758583357
21,31.386582967389728
69,45.81754827703158
59,76.408355602142
110,100.59161986745306
261,173.09505466709862
303,283.73947122721165
246,259.6901989349265
235,228.19631230843518
209,223.36333549122838
255,220.15775187119
198,250.1942930283683
236,196.99609856403194
215,232.11142659649403
230,228.83206239501249
323,254.092768989436
323,334.9170714602102
300,305.57193129845064
294,284.68776671032583
307,328.71085740245303
297,339.2898389543893
265,221.96095590809503
104,132.03669660044105
26,51.97539332852108
22,22.173829360005996
16,19.174919185924182
38,45.564032315599114
83,70.77892238054616
144,132.57260199003622
222,235.77070388250726
291,272.8124908110924
257,253.53376235829901
243,218.51245278147817
216,219.29524223840647
190,216.51077798026898
200,192.50071442845982
203,207.16925105057774
224,223.8460904737635
238,226.95297541345406
313,304.7468591383648
287,339.4511691783754
257,286.7756683499382
278,269.819138592719
359,342.5618937922078
421,328.64043696982117
262,236.63662274960197
80,134.66081870069303
49,46.81918325168166
24,30.94276386579094
29,24.751417495795156
51,48.035284832623084
78,80.57422442704839
152,149.4360205594608
238,231.42922100347238
264,279.428239572861
254,254.39989747288698
235,233.84797276533308
208,218.50052831658573
259,216.89199647887594
198,239.7021091934057
208,212.32576012627476
219,217.5602397858977
222,235.59880958190953
293,279.3335208939355
327,310.7764999855737
299,306.37405541864075
358,282.6221323519663
422,398.11867158640007
338,383.06306389138643
248,285.50930848417266
134,130.84501370821548
85,63.62886322671476
36,36.510752621436424
28,31.990962753248784
46,54.29391537621206
78,68.90737462250928
127,120.0059190861107
211,198.15619144459626
219,229.38398845687823
202,212.89881198480631
207,201.3655293559867
220,208.11906226467602
227,229.89119727939212
213,224.32209042332963
209,215.1975653601953
219,226.924643355624
290,235.7062673580897
327,312.46120729293585
348,360.0354563601882
358,342.24584583241244
328,326.47807198190014
401,375.5732401028729
478,363.30910205916194
418,383.3873876675903
238,216.90607698446294
136,133.1558725353126
51,72.53011050767476
36,45.860963447666265
30,45.854485767072745
60,44.73529431362045
75,82.4922050474908
126,114.59908400517205
127,159.65192150852386
227,181.1216556161574
235,233.17006381584093
235,252.8191449851786
247,248.24759620922572
299,242.33507895160045
261,281.62221211885276
262,265.386731007671
368,297.645725842955
328,365.6794477584981
349,355.3348998529855
416,351.77802856425944
372,326.2416300501219
318,372.87558136950406
432,378.0791703160052
391,413.5450274546562
257,228.34510136145911
143,160.38954747025383
45,75.85640256757209
44,38.940425913883345
41,52.58244472322398
40,51.15985926035433
78,62.56081918325662
86,89.14887733521324
115,111.08921548110897
167,169.5639861773261
230,201.55023499734284
271,243.6001619980744
241,261.65365197976007
284,238.22158625033362
246,278.85518229312476
295,253.2180921236682
307,302.09210250772776
271,310.98722614358707
290,297.1947364553022
240,278.8861818231236
205,228.56539363483975
206,224.74514657237413
179,200.1936991238163
109,143.87812467337525
67,67.04232176596938
26,39.79463470293681
12,15.800759149412455
11,22.874599203298303
56,41.411792881512184
81,77.15483464581773
121,133.31949092945712
245,214.22703015685818
269,273.6549182869189
248,223.60646419133238
225,205.78071240396037
203,203.97562166907994
202,213.464821263546
197,200.473107544863
218,198.23374211010008
209,223.6896313381575
227,223.9197545103297
303,246.40535563237856
306,306.7809397336449
269,266.88776292298485
271,256.19555383115335
292,295.55451828655293
507,288.084665652384
277,204.22291686206086
139,121.2675943774275
50,61.06256321469171
28,27.206527144717025
36,21.25433035650412
52,55.24100859894208
89,66.953643709215
130,144.53049280492226
257,247.85998720700778
257,293.7104992840402
240,245.25507461144633
191,222.24362002128078
188,196.14105391572704
208,200.27192228745753
198,205.80918798716846
205,215.35743371385598
194,205.58318830440916
198,211.19473410327177
331,273.44405169046627
291,341.72342610416985
267,279.662473055104
259,282.5440559454382
345,315.2315087548656
293,365.9907198914679
319,225.7087928231506
123,143.49010505932654
34,62.98747262892301
30,23.571189998414354
18,21.942596306979368
42,40.27206678496931
76,82.25602400801489
161,141.22734955636793
257,238.9351301031595
271,285.8066335793736
278,250.43628078186669
216,232.90988290142633
246,206.5969519786055
210,225.97698721375116
193,203.81008871828772
194,200.66287600914237
227,213.2962197020288
239,233.5230239564534
314,306.35477295499226
314,327.302368291046
259,298.4498508087687
299,264.5858039335664
354,365.5165259656204
332,348.92344529083425
285,285.70836947813126
121,144.13025158569465
85,58.06564635182305
19,35.767996270468025
27,23.60481936612024
51,48.62371386806527
72,78.35717197521478
127,152.21686131224422
245,232.04021806341333
259,278.1356883394825
256,254.07224803152866
226,229.70652232057395
240,222.312951541518
206,242.09751623221544
167,207.4420177232546
193,192.72599332965603
211,212.38933610936996
227,227.3843179399859
258,283.1631193190321
338,305.82722445374276
304,311.0306237207592
281,306.0494695664398
366,355.4148389026938
315,344.6140155697089
230,269.312586001431
145,138.11463984603643
83,78.85554588757844
37,39.062873250842316
73,32.80003729254751
56,55.58287359365329
78,70.93616805988646
131,125.2815006266611
191,202.3680653150984
236,219.8762663336429
217,220.4835220865884
173,213.74409434404222
186,202.4147950825338
204,207.95861912438806
220,202.38344311270743
188,216.74465404638315
212,211.26589610768104
243,232.89266750289028
291,291.3858052395571
337,342.2644447226063
317,350.4174843264847
320,304.3801289710112
374,381.1459452525382
377,375.15611990281405
407,349.6226561826826
270,220.56580096578435
153,163.94086868571702
63,77.70798691609103
49,52.54421626898434
85,47.35263963763204
74,67.2010793445605
91,82.87241493387282
121,122.91025189989652
165,145.4062033441724
198,216.98261506800867
191,224.7824299306965
245,223.94013636636151
272,249.79241211280564
267,272.1391628250711
233,267.131663036131
272,242.89657501919527
289,303.2022078627745
418,319.9699725302874
335,384.181005151458
366,344.9506706453975
313,343.1395821564228
333,351.18912348950994
370,383.6323819712932
461,369.34535836045507
221,260.7888643918162
153,144.2113699008926
55,77.45075357737531
48,44.94476895501239
50,60.881327830568004
47,52.24821304645352
90,71.48058887337196
124,92.86921393539478
140,129.6926186158631
195,173.88951438116354
206,207.37631713954238
242,239.21365394536156
251,244.52142809246453
248,251.84733521550876
263,248.5610752282109
205,271.0060995584662
273,240.9199258699498
270,286.9420922409529
374,292.0137101121151
243,310.21001577528074
200,220.4343009717073
206,221.6875512946897
194,198.50899011928414
103,154.017317987462
80,66.45952107393919
58,41.030153490571365
18,21.81009798663649
14,22.98391184337246
42,50.80013945649682
58,73.89726452760412
104,125.53321735062667
240,217.60311752281666
257,274.6019823112902
203,231.5893699881228
189,190.15105342035685
181,186.75629809739345
198,197.6677152483492
209,198.50720385424307
191,213.96463982127068
191,199.6693323879021
225,214.19204571951414
239,265.5062213155716
242,278.5661966896215
267,243.44961592572224
175,259.5377846063951
235,219.11531832070338
285,262.1019182014788
130,199.58073785877255
93,82.39729585941328
51,52.05762321297639
21,26.69145490479714
32,22.777131821293153
45,49.14510108265415
78,72.15314977284886
140,127.84392677259633
233,243.94671968558922
230,273.82028951105093
243,228.2143865530571
204,212.1584834570303
194,192.0742293536697
196,199.35262602879868
213,204.0213966876613
232,210.30086664301237
248,216.9159303750418
221,240.83782415379423
276,275.7535208568718
327,291.25865007558855
347,295.9546503102658
253,294.4348124218491
310,294.9990391602135
360,305.9909132210678
299,239.07045921260985
134,143.6159459402346
37,60.937870383776826
26,25.809854586280686
47,19.689576377163053
64,47.133649634414915
80,86.04915235755617
117,152.03922467707775
165,217.39349273590932
186,231.32652675303333
185,223.57336912378392
183,196.7021956951004
189,199.44886958780017
201,194.67619142616687
191,203.88600393736806
191,204.0869015817248
205,219.25207612956834
199,229.01738992565475
225,267.65980417395673
263,287.11036775701814
299,273.7494260389959
221,281.799544978766
261,296.98850728617873
217,325.3951644971487
186,229.81572999975495
86,133.22950603149357
81,59.81561643675754
40,41.81482208036684
39,41.96683697399943
35,54.70286058306179
54,65.74501137040156
62,93.80650863889481
58,83.76798068874355
47,65.88983049313379
119,59.96448530895151
287,134.19006785015017
153,270.5269326462021
151,169.63140692920317
160,173.42567794393884
174,174.47574980044547
251,192.31253758184138
232,251.4289751273575
198,242.62528317056763
229,235.16866231713382
251,247.57103365328564
252,234.18892319206512
269,257.91967277097837
200,270.6340968940691
114,174.6462360416525
76,89.6612128603593
47,69.59805039128433
28,36.52827789397872
19,33.90092274879469
21,49.692212341414965
24,66.5547350550678
50,105.62200741687775
69,131.22226052534882
78,122.89431332191629
134,130.31763534855395
140,180.5889541658133
138,162.90509774082744
172,168.46823040198774
210,190.3136395953452
224,202.5571016815515
212,231.1022346618887
215,236.85459970320906
250,259.4194941516274
242,299.6415518127776
241,276.76942490318527
230,267.4570387536956
246,278.1899933815919
434,297.3804935188906
228,337.9636795324743
161,184.59928069017164
90,116.97491933817562
36,55.991915215924976
25,41.022933377396754
38,40.7199130067896
42,48.55014619279785
61,55.19246523520405
68,84.74007777165197
88,87.26425593331027
111,137.02319941267254
141,147.33475405445404
180,169.0484229299282
192,205.18967346261286
203,226.26632177380043
181,226.10342260397562
208,209.68891258203982
389,248.40461748961596
265,350.4289743149402
270,301.1256976175259
296,297.9544707040902
220,288.0728144683002
245,257.3826898215407
349,309.5498752148059
372,338.02952908087445
188,211.04827623256816
120,119.23837501725033
55,60.66039857013343
38,43.1441901922447
43,45.13105701766164
46,45.00438470106715
52,65.37741019728811
74,76.14544564980345
101,98.10121766325099
130,137.04842994983508
187,165.09170442300336
266,215.9749437345141
256,252.32423969791688
243,243.1553507337511
244,238.0043193241055
285,244.26278994526206
237,297.1355789619092
235,253.49430799678527
334,259.9913255039973
293,288.2166924422454
167,248.97591786396453
192,183.3374690401731
95,194.96804845643314
72,105.64494593261603
398,415.868411489333
430,416.29002016192953
531,384.1251819210298
523,336.9607740047734
306,226.07036171164611
118,122.75998532679331
57,71.28456714583326
49,60.73937052776354
66,78.96505785024101
131,107.06520864793792
140,163.25717453135044
218,175.5509827568016
258,230.0037510323667
290,266.54659821305387
328,308.51114388173625
369,349.5678030009752
399,388.5301078816532
428,421.0876198157553
489,452.41783561141324
488,475.73574706600226
519,479.4324284467214
560,516.9213218591802
575,545.7235231331919
519,506.8833554353978
516,483.6921351276166
1092,479.10900040875003
376,722.4792798029499
237,324.1736523806288
151,179.15625836677575
95,87.8124772113672
67,58.83348508510009
85,56.34572759461482
75,85.80328117382744
128,114.94924328164967
156,151.27510061667692
162,192.952635614034
192,201.41642438003862
211,222.6290908527649
202,238.399451406208
223,230.4133093712701
277,245.52809410228878
286,283.42178959291226
293,315.04565745083187
296,285.4448092312357
300,272.2080172256372
277,265.7160388578762
198,227.50160670268127
163,142.7669313036294
78,89.93591589025809
65,47.85836721661183
47,52.46393088432709
45,36.28329669490963
49,43.048360294705134
61,56.829777720230936
68,65.39799516763838
90,81.33928696899861
112,126.65142639965245
127,128.90134332485937
123,122.209862207428
156,132.48357152224057
179,156.6906365071759
182,181.7435009357634
246,193.82709975976357
229,235.10791218660026
242,225.60713438243326
257,266.707871723598
281,285.24223422785764
305,272.9994134048711
249,273.1228956927882
230,241.31469478991303
201,197.6427954728382
130,129.46456141839246
112,74.0678231776331
58,55.00745904056884
29,31.18154854336196
24,19.091290617510623
34,30.727676858542793
42,42.721986295276075
57,61.92867416229781
100,89.62663540891982
134,133.3695538368792
155,137.95615940387646
116,135.85176439326216
123,137.56685970509074
147,143.56625560922598
181,176.7470970762553
205,192.99486071673223
211,211.56549921479422
232,225.21778008321382
264,264.7505700023106
273,301.60974050974374
306,310.6353081982558
322,319.63377150526566
287,324.25833549696154
245,276.73284687702727
161,169.5741483907973
112,117.23455789627093
56,73.68581086323849
34,36.273824613855055
30,26.724885761035438
33,36.253579418923024
47,45.5437859510107
73,73.5780243307963
91,91.81429371080299
143,142.98053138703884
152,157.63445662755393
118,133.44989343230773
136,136.64122819368453
158,156.70346442637452
167,181.32014671377425
224,193.1599607625916
186,229.31439433151587
230,225.02335546384168
250,272.48633937484806
300,299.9704290909828
331,322.398595019934
334,349.9013160878493
368,341.46712683123485
315,328.58814040724235
201,216.57894200973377
154,139.59921704688404
85,95.66432823876136
59,52.21846429196383
41,49.40830304764746
58,44.034447258556725
49,54.57297184051949
76,74.15421174542756
96,98.2503984634945
161,139.81057806444707
133,165.0252025344775
108,134.34497542045173
136,139.83108828004455
168,160.0385508464398
213,177.37480608012484
235,227.52219680781002
270,226.213918560689
269,255.34715975498855
303,274.9825171987269
342,320.1493206808873
357,351.15941472846225
408,370.0157375682797
433,410.5344795237471
400,392.09910513222115
340,322.95940488553265
244,294.7219231640031
235,220.0107234069854
162,180.3087202890158
124,123.87631657230928
69,92.67804536484287
63,66.02058998121885
80,67.82068374836162
85,91.61573517877146
118,127.47995608886802
122,132.79247866164874
133,132.45069834276066
154,150.38653537833505
183,174.27417893993814
247,208.01555261050802
224,263.66448477705615
249,243.6525639488798
284,270.6122254172888
317,321.56476313847327
368,359.2222539596154
355,384.54695446336177
387,388.4191331811753
393,426.3867510482547
484,443.435706021957
530,463.7279029558757
483,432.2857687603775
470,445.9824559251662
384,385.66693762070156
303,284.7727134578438
144,187.42622946388144
72,83.83040028745503
47,61.37698009162929
57,54.825873571264125
72,79.40583044731315
111,110.07415413007836
166,146.46565383072047
206,191.14828444109725
256,228.7495486283612
276,276.1333866465829
319,302.63959348987584
409,342.8952735991989
426,417.9092064990277
431,444.3408567562414
398,454.722335738335
438,413.62304613773244
414,444.7074462588849
427,429.2076302609292
517,473.10689755959476
434,485.99146691125384
416,453.3504246855774
450,361.6959882262243
471,393.88597778094777
299,314.3619746976579
159,170.74759228996513
84,85.5511107162123
59,58.05514133187135
70,55.08761674780779
79,80.84219936026307
124,113.31410370761367
169,155.69589524875394
200,192.76071485356937
249,217.1595289133876
256,250.34373192574952
394,252.9839559504805
353,363.50338416895727
346,341.9392541398894
296,337.81354960933754
267,302.6125291888408
250,270.78458993113117
237,249.29289506055184
215,231.00618852283247
162,196.5964579263955
118,128.0113880595825
69,74.94973282777188
49,53.48655946464398
28,43.94685740351969
30,29.49639566063623
38,39.14055280578981
46,56.11043618597971
50,65.67607655712692
91,77.052798923163
112,123.78787587388976
118,130.48104272135484
106,122.87753361590624
137,128.6071376793906
172,149.56192593881644
267,180.5139327071627
164,257.27164793121403
203,200.24833140746495
189,223.53840353121637
219,233.8253899140835
294,254.69265298536482
314,283.5811456205361
295,283.67598551174916
279,261.53442376923186
236,220.02690352114757
146,148.3189132421922
110,99.70167383414538
56,65.50167735717488
35,36.875122766147925
24,25.24006182402765
29,25.205229254661017
34,36.153057973043545
56,45.5753888894919
94,77.40988149456261
143,109.52077872528032
157,144.9975923535462
122,142.1586447960509
148,130.84317756154542
176,162.96805262213132
191,198.55387906756124
204,189.71922276946205
225,211.5451206236644
214,229.57121683726953
284,232.1594137919907
336,313.6329884588626
320,342.7484210857272
262,321.05237471049054
328,259.5356456216804
254,294.9755819088577
173,187.71319854762243
96,117.74377078108138
50,60.900233634575
43,36.06123807653563
28,31.912539223446206
28,31.090263677908844
47,44.13505832537481
57,72.51962301624106
94,86.86709081279733
137,144.91434752971165
137,156.66931368750548
133,129.7971441962727
151,143.86453086826398
148,166.23421755924224
180,178.2007527577223
212,206.6975437233442
214,220.87971580396473
199,234.59639451969915
253,255.07624991877694
289,307.4828559884198
318,321.58820288973607
367,319.5250507341208
402,366.6799102497947
355,346.2735727944714
209,235.27329698158562
169,151.39232783080087
86,99.74669981841153
87,56.599881209423536
47,54.49248791133335
43,44.103253771285715
46,52.408559174936514
72,70.90519252478248
95,100.47998583795885
171,142.80439407900073
168,153.02456158851967
126,141.61624439294184
158,147.00489193330657
190,167.98137037583817
200,202.97730330739117
220,226.61975939046567
203,230.61528299082804
236,221.88096715959395
293,282.7074717285766
364,325.99753185867866
382,360.2035042863668
405,398.14961473309336
437,420.0587456771825
397,402.4365100813808
298,328.3774381681324
289,270.51494049575945
244,241.65367564540338
184,187.76858609826232
114,130.98514795867018
79,85.11427079491143
61,64.8403418118224
66,69.07582571621877
93,91.03705860257266
126,130.04471502062114
141,140.41322950743802
132,141.58282924447624
170,155.78186595546765
184,190.5229261283581
215,212.01960540606487
258,238.47199693764858
262,258.4801781305079
302,273.7608101566799
322,336.3929301772514
392,373.24399694912614
388,403.10038221962657
415,403.72525178597374
444,423.80138825657525
486,478.37691104661855
483,476.64864188597926
449,438.12553611413676
471,433.8025700183246
461,390.7637525835149
292,318.8810347315223
136,168.627086956512
69,78.78138792782067
50,58.15279782609063
53,56.87785294983519
58,77.42522435607773
121,106.63118006028013
136,153.978271845531
221,179.3558036382697
261,243.41200839462704
277,278.761535473082
344,303.3924956050089
434,364.08311356934666
426,441.17169247377694
429,444.9284461484095
456,455.67573007491325
506,461.20464028963914
506,493.1783015186716
454,495.19865165523936
516,501.7646293973711
450,475.480258151713
402,438.35411128724667
360,407.22495177853875
398,320.8349267852762
260,305.52910023257795
169,164.35941128543598
85,88.79992068563462
52,64.11925567901972
66,62.941232429676084
69,74.16010061181855
132,113.40325004009505
166,157.76038450162463
201,196.08368429664102
246,227.75535149771682
287,251.81180429727425
257,290.6852768376238
348,271.59851831837216
307,343.0441005072816
305,313.47836239005534
311,304.747342540356
286,291.99970549973636
286,265.60906751791316
213,254.89031019406374
162,192.39437649030774
128,120.95483588925454
70,75.12010345135774
52,45.63313573872643
43,42.54723575764159
33,35.64086487692907
33,39.05928871974907
42,55.194690608511664
73,56.995984463688565
82,97.27444644668296
131,117.76906691036014
123,135.2488278409051
122,117.43949964254246
114,135.96984087291116
157,149.77851050390288
171,175.46351392509501
184,185.72687526448215
201,204.7362431295836
220,202.6100440361974
277,243.57640776085032
308,298.2918297843529
280,304.0252776329085
279,270.53508029758177
253,257.3306741479852
202,214.00169734122255
134,136.5815831092445
52,94.09386216488342
34,45.78033385733889
21,28.086175420791477
18,21.23625422276579
25,26.138928151140735
36,35.32223079763359
61,58.96257771255771
102,94.80336428230025
149,141.3695684648675
129,149.98196423156935
122,125.42975500154468
139,132.68767947133767
152,152.16335804551372
191,175.91309549728464
179,201.74179657208256
187,199.56840987395054
232,212.4409047277907
286,277.16144650503736
296,321.0541865583165
341,309.0784864023779
362,320.8274236065442
348,336.8502602364753
257,284.77997582153665
197,178.91959060880222
110,118.85481930487155
60,58.05701593058439
30,37.66438198036554
24,27.74817741805165
29,30.499505053925454
42,44.13505832537481
78,69.3856333257011
87,105.24949831692606
155,142.590197336532
167,146.3763555629542
131,141.14568793201127
156,141.64565734400603
171,165.4694423657331
176,189.0608958450977
191,198.53856286809287
215,205.42964370243192
219,232.99563462128816
249,266.5843016900649
326,294.33818629292097
339,341.43656995161115
384,357.89054487379764
408,394.43903489365584
347,351.44187654631645
265,240.19203685592953
149,183.79695997036046
93,95.00056511078996
59,56.73940966083528
55,43.612103782115
42,45.905565486731156
48,47.27993047689203
60,75.80959573342604
100,95.05172285756292
133,157.03363790871373
166,162.60138271257733
131,144.95423749870932
172,153.02297093885684
186,186.00496371981495
204,199.94874650989132
213,222.0065431584663
237,223.71989250370234
246,243.6414154376123
287,290.7453284715612
322,335.07788347524905
370,342.8038587207747
394,393.3836306359186
406,424.37408299060604
405,399.5600460693476
277,341.1750395350013
247,255.96943059227024
213,224.11260306373035
152,177.0101974748802
118,116.71878524682647
88,82.37062662485855
59,64.85040915261035
69,67.51192840186552
79,95.19866683776122
122,122.97184562706852
126,137.82742196900142
135,137.71925147004947
135,161.27151632981779
160,173.5726311167656
221,197.78903593928754
194,246.1572332081435
241,232.19335683805951
263,276.38305342415424
289,312.0548807903152
334,348.41416560432344
405,368.93276309430485
405,421.167907807268
358,435.2595863305753
374,435.5377292822424
414,391.2161152974454
408,412.18894754163387
404,412.3423374920024
421,355.66598046337486
261,297.7758817451159
167,158.52914112083087
80,83.86862729171018
62,58.81542292405973
52,56.14439980815866
87,70.38707813584972
129,122.9802617675958
139,153.34372603223167
181,182.65446303761104
196,213.0882927953656
292,232.2085231385991
312,308.31464450999397
348,340.177543524256
406,385.96645218215986
419,433.1810845777258
401,445.93973400149787
438,441.1815428624487
421,466.8458773354191
399,423.2367379185668
462,437.8166177370525
452,438.19666260998554
429,429.10543161768317
498,429.9176030792077
406,418.0450110644848
291,294.18590408563284
175,176.47046024275505
55,96.04230400708877
71,56.46228204774107
76,65.18343895762374
73,88.36773713497915
117,113.36497262784022
143,150.9517371207383
170,176.62520435631345
268,198.2937598602862
250,266.7447665256235
288,257.3558104231428
300,318.08311025274094
375,306.6918039531042
337,367.0178378560431
303,337.2149452940111
287,292.6080760965364
245,284.4502017668946
195,230.569122758936
171,171.75116520868607
111,124.27419091973042
97,69.39220520910449
36,54.235515903614925
29,39.26550388458002
35,27.839291431332732
29,38.12821155123362
60,45.94781863666302
56,76.87805547951729
61,93.12288265214968
95,114.19379478501199
114,122.95951789341646
93,122.33783520491197
111,127.43542707202867
165,147.48251338216784
187,179.62318593374053
218,195.64508221555786
223,217.1441095139623
252,232.1581112844442
267,273.1343889385628
263,293.4296176381683
242,274.0973444424379
221,255.53245870734986
211,221.80190854922333
144,186.15353520906385
122,114.23022344005368
80,88.63033708724633
37,47.59876106813528
32,25.52078931950965
27,23.89569161148579
49,26.3940034952401
58,44.56568354142164
64,62.603815018146896
77,93.99726983251723
109,130.9390774424654
109,136.51520203835938
114,112.59709594670304
132,126.882309703321
129,152.07509213318997
193,171.08447154564053
218,208.1329623033189
241,223.5058674812544
235,250.69300529021749
203,279.211774220626
213,260.87910647357916
274,247.8138175490021
272,287.8700834922893
265,287.94684051472194
245,234.86613026715673
156,173.4190340787062
121,106.8434169745657
70,62.50963813955651
37,39.22034186664115
32,27.072910454813826
49,33.68308392446031
48,51.90751884742002
53,74.90648021253028
52,89.81180755141969
90,120.08438050302148
110,128.48036559021102
82,122.35465461436921
130,118.20498366357772
160,146.3832877762462
174,184.54324620287355
183,205.3921337690752
179,211.1206695648431
209,213.76342630715916
211,241.97778324422066
234,250.943220444016
393,274.49157217735336
245,371.8084532873468
206,288.6080216931347
177,225.2470742145136
195,157.2770697223822
189,162.42536097236106
214,123.35213668827122
187,120.46715553385961
123,110.63642983836269
72,78.47784472590202
36,54.52964286010562
42,54.11905039405504
28,54.92498607477766
24,68.88301086455428
51,73.53009459029904
68,57.32741074918326
76,78.19636153255135
88,92.59643532729535
101,112.51411459675145
101,117.36921781554908
127,107.4942465303893
130,151.64372745123885
157,136.2698552039452
167,173.44158141335384
147,190.99161321964138
140,137.018733116952
166,102.907261115243
116,135.24014732845743
112,94.86333687044575
56,117.11253530562077
55,97.42938134711669
22,87.68847813660744
37,99.62389668378323
41,73.87023423365339
14,55.14766364761974
33,56.70541666046391
24,62.83195132273974
25,80.49806504835024
36,80.03511914955773
56,77.11500384951101
118,89.44245144530903
153,149.17426738654325
237,179.29177542203104
248,222.04116491679267
277,242.3567404378359
355,280.0893124801102
303,361.3269233604958
369,338.2684593514713
301,369.08559783437687
301,324.4518576268234
265,318.7878108899783
239,310.9068958833088
210,273.4647801688791
160,191.18116398885778
173,176.09174052486298
151,163.32404172333383
116,181.55767953073845
65,115.12760980713222
31,58.059614283211715
25,42.3267317429217
21,42.66120465967126
44,52.59362834352173
67,65.87035188047089
82,79.57254547401308
141,86.76325935257776
179,166.7702484901484
200,211.503137229863
251,245.10388656819165
305,299.35737638745763
364,363.1089801007882
322,404.80420710880617
354,374.1948017686951
374,384.39520823318503
280,387.08471109980684
291,298.6695986297031
303,312.0058374864862
274,302.01106470383945
269,258.0732625831889
318,227.46651854163684
239,266.7289132873508
182,214.7634109518686
98,127.26195208053102
50,67.49391616890415
37,50.615349939921224
25,51.022540437652154
41,57.895448026575295
57,70.5822997139009
112,81.85016891117036
177,138.7443509622886
190,202.21418657612105
214,213.57878187068604
217,237.79090987568756
218,253.2732100454548
251,262.2826580875351
228,275.52840788586343
250,252.98357414655382
204,258.4386131955155
186,219.98524403038954
211,193.12047828345456
129,184.0550093211627
84,104.94601953076794
560,439.3563297844206
577,399.5197380383861
535,368.5922061124714
450,318.09550608089774
343,242.88568624143812
194,170.4917329927996
165,195.91192392270665
189,212.6926022237056
269,275.8875617412322
296,322.7842410502562
292,358.7307384398343
347,322.2788177657882
370,383.09700616037014
355,389.1252836686111
334,380.1260816295634
369,355.73099145908196
400,415.0273219085634
387,458.09206193055127
505,452.274128405733
488,544.0833251450782
480,512.7259125783232
501,513.2630630363908
496,574.5773876997555
541,549.7315387253972
510,513.1084346806225
727,424.6296206396701
231,444.4268264759887
224,214.68381583709655
177,193.15103171969648
120,135.3857199991164
151,153.28755913371126
172,159.54311414782165
154,208.41605497555125
168,232.64024030438327
220,241.9067449983603
223,281.31491082375493
246,268.26942558384076
264,283.8041090251566
305,291.9993905489497
263,325.7549299275611
293,298.1889633350356
295,339.19147156682294
319,339.9981041269107
316,321.14259327749903
310,315.5890808978903
296,308.353948025262
269,291.8858274356911
177,225.71220672197893
118,126.5954509690357
67,66.64981056557173
55,51.29846846494884
47,51.745104672639386
84,78.50622399211046
140,126.20369114055326
182,206.96926107881438
240,241.18064443311664
295,280.30336018961566
259,264.84993766602594
197,215.12938817953258
186,193.61995549810422
175,186.32475578961092
211,198.5307998256464
208,221.4937448971859
199,223.11747747372243
258,226.90918536976324
336,319.0338262811038
328,347.69565933884536
282,294.29712232731765
248,254.9574784801816
230,229.8645076527587
163,211.5994162269336
162,126.16677712602797
111,101.4758190970731
46,62.780635222530066
34,36.068952187010304
48,45.8455344073554
80,76.20072199898446
120,108.67402764185792
164,189.31505619889265
221,242.99640021446277
238,295.97225453160104
242,247.28512809911163
168,198.29427733191235
165,178.23564636601668
182,171.44226087322053
206,200.06072518425222
223,220.1635978046045
212,218.76046753296893
250,240.16015460861777
333,325.7008155287819
315,364.992840007389
298,301.21012553184016
299,279.43660375590537
262,282.36034736
255,227.61576804479552
173,193.53732984657154
128,133.96269022175332
83,75.3801816613288
46,51.19463831944155
43,40.08075572667295
83,79.25870442155872
116,113.15333905484788
216,176.76917478363458
247,256.51829752877256
282,294.84821131559335
294,263.1897838210681
210,211.55971128702407
181,188.2953120454593
178,188.6779299463655
213,199.68617956730304
254,231.896961532511
217,238.618723351856
257,258.7432813750995
305,333.9247694988325
313,348.3536771806033
563,306.2177002969996
366,457.031557732333
332,338.2388506499693
281,315.1384250670115
221,212.64769951355422
129,142.29077920116555
87,76.80195150340921
49,51.2590812507038
55,49.94798477877067
80,81.44740404482161
124,118.55677117344351
177,208.83861860401817
237,247.0324857547991
312,307.26702565408874
284,314.7052148325609
211,225.29941477321492
213,203.9917637486043
176,206.32792304554263
228,202.9261831072489
224,250.95676285814994
248,221.78640656897343
272,267.5184756112152
366,345.3416658389073
387,392.41136818726517
386,382.1286614257052
351,365.03668328299017
455,356.57727070899443
314,397.76249549621116
265,267.48188682882267
178,189.37902605819988
102,128.48131989620475
46,78.49275231278962
73,65.84653639826618
110,108.10273975540669
115,131.00267775085982
187,191.34282019970317
252,239.61361845595619
270,301.33257440468395
335,265.9279599665406
208,266.3424079247203
231,219.23078264186432
221,232.77709759088165
219,243.30790759620635
269,244.15138679900815
271,288.0386741090934
299,308.9939739508477
412,382.49216462976176
438,465.7687472004675
420,463.51119431924434
318,419.858209239286
340,370.43450880421994
477,431.4727611454615
443,467.99097794666307
476,402.74383241330196
314,341.0500832717538
230,213.71137574524442
239,198.8082619488052
154,193.59966232768542
128,154.6481644462098
140,166.2279741594521
154,202.25249818339913
240,240.87945536758767
326,317.14207278293617
305,351.49911655749236
373,337.96879560464964
368,380.5137245170462
366,379.5548217984272
330,370.15576275219337
399,355.3294569684831
395,424.0570832845354
466,435.66172016253034
439,509.70603684059273
441,466.70186920837807
381,446.99123965034653
370,398.3211710740551
458,453.3275766210168
463,498.73152843731924
451,453.85100162015993
340,314.7227048524078
253,258.73169291173554
202,213.64151347749308
140,165.24018548191626
96,121.78733095290791
157,137.38416339230852
166,161.70335147123532
197,200.0697744668477
219,260.28299882945515
266,291.8495026670408
358,311.2528878054703
358,369.4083354515287
319,350.60892820622206
436,322.0537731587277
335,394.35534018721904
392,342.52474953273037
355,395.49635132542176
322,370.11197563692
295,311.5002317046327
204,298.71845577396635
231,245.96096687240274
206,253.82664801577312
182,179.9197006263395
131,116.1009601195216
62,70.04512364844872
55,48.21602754230119
36,46.032284543184474
83,76.94513797627813
122,128.29316293244318
179,186.27646258559787
256,238.34328800858205
287,300.9154744799599
238,262.4032916406153
202,206.9532416822839
198,192.89302216928408
231,194.7668703601967
248,230.28317272668153
242,243.50154091394174
209,238.6318279640132
246,236.1323368711884
308,316.43987266885586
326,321.9823230182822
283,289.48427567975335
264,250.31414969212756
264,237.66275510339005
186,222.56211255035288
151,139.5797722794211
87,118.16144798029357
60,67.86485732328326
32,49.57352320651044
48,49.34400546067533
75,70.29920018960436
107,113.09822491961116
165,151.27379893364082
229,208.1665611445517
295,268.21549953034486
248,275.57009274222924
229,223.59123329488142
217,223.2932531936428
237,221.73967190976148
226,241.70431282757625
233,236.6445604388694
224,233.3655923463477
267,250.9113815480548
342,308.57347002481555
367,359.45157239429074
335,332.8806204587961
274,299.9678941391299
285,275.5392953207072
271,246.61481783335782
188,195.80043618011513
154,130.76929945307845
57,85.2110762169272
44,44.55768144072729
47,46.32864822625073
75,76.70512445846849
128,113.20234074203422
168,191.66976641183618
248,235.49507957999506
303,308.52505457769394
313,274.8019546227209
230,237.2570934703968
193,208.36381119097788
207,199.85347124803275
196,216.5570597289923
216,227.54786750885384
220,227.01642042082327
245,262.19769896437185
327,321.711403127612
369,364.6437501264438
297,355.7063000859686
244,300.5751847262332
264,284.21158385149266
275,285.4269336100269
171,214.34264867873475
119,128.00201498465992
76,75.94031972710434
49,50.150126377878784
46,54.070056543416385
76,77.18267304768204
113,123.47183936556576
172,186.21975363582982
251,240.39322121039893
287,311.32766619200146
291,287.82513938235087
257,232.6336115710091
242,225.30301414814113
224,220.2176310241871
200,227.13544802032396
235,220.9416616394321
228,244.779230943143
259,268.54789887723297
365,333.50055956513575
386,405.8911014792745
343,364.6860984619164
319,331.38660161322207
309,333.27649388393775
304,310.06077927937554
219,251.19199074178442
180,166.6389454657557
116,122.7933729519793
78,81.64534910121378
65,70.68575912107933
89,101.82472668932346
103,116.78306668944892
181,188.34209567424327
220,239.2368560836636
275,272.2929041396276
283,281.93607214187927
228,246.353820346596
214,234.2586837628149
221,230.83088422469726
239,224.829686019635
284,260.56911907078614
280,292.18104672877286
303,306.2744096071133
483,379.93888183796616
505,502.3156322386327
471,495.19506264515223
396,436.02911617821894
392,402.8425064440511
449,464.66185643088363
438,438.5458063547002
358,419.814808150142
300,293.65154125518694
255,235.75154179392345
202,211.16803310702906
159,153.92446213605132
117,127.11893684414913
175,156.08669277192192
191,192.3662045686251
234,248.11935082682368
332,297.5233583685741
304,335.178050170605
356,336.3465355966649
364,360.79603787139615
392,365.6611415553348
343,374.7778550676988
375,367.16810025498467
420,397.56271499985615
476,471.93826043213335
506,509.11354329009794
475,499.4968380846285
499,467.72802639722346
425,491.87117029584203
525,480.5422606274037
553,523.8307042051822
488,463.3488010990275
394,384.67747982847817
286,284.66581459755514
213,223.66882651449555
138,166.37103257626043
109,114.58546762224229
161,151.23518418067528
187,171.39743929834077
195,205.0343942552073
239,242.24286994903935
299,281.87923501410086
338,333.32113267060606
319,352.1528951080014
325,324.2479625629962
334,334.900834898032
358,331.88228703473675
382,362.4900000045663
366,388.3575773506808
370,366.25118462151846
315,325.70559794927834
279,302.97452553598487
253,282.7350752225036
239,250.11389606234002
207,194.4955163868406
130,127.81722225239474
81,66.96957593110511
39,52.39635623850104
59,41.51967731136529
84,81.4452809103856
125,128.86659858674852
224,186.941779589827
320,283.65746896031357
345,316.8871967717591
286,281.710129521253
219,225.39308831286894
188,204.07183196119945
184,192.89415675020612
196,207.93675691878846
219,216.19183457400126
217,219.17585744861995
279,243.10927815273956
352,329.33032569597754
334,352.817816693824
290,297.6306325250241
235,264.64317694279816
262,228.8129711749175
188,224.7791453763246
162,150.0128354546004
90,103.59432592682582
55,58.34433695387706
45,34.927698277084154
44,47.89981472760043
66,75.66379523589148
119,112.45694259897017
189,180.37132710851984
280,261.6613455310963
308,322.673107948408
261,270.0139849635726
201,208.95767009585413
189,190.28998452525045
195,192.2713102740268
206,206.04161373049655
231,221.65848837883118
218,228.36487588690005
258,257.7122802643986
327,337.895495579272
342,359.5233815215637
289,317.0148862119525
244,274.19287550235947
304,273.821314930843
299,274.24760439544343
267,214.18287236277416
135,164.32891719304848
67,77.2869499735538
50,46.3929761687041
43,45.545864989433994
71,74.20726365982534
121,116.26608754813718
205,186.3504111639419
271,274.41823636064385
347,325.5766169380435
338,301.60568048622304
235,247.12884595556244
172,204.54931576247296
183,191.8258307709255
186,200.30087835339975
210,217.3082727282164
189,220.49944583120504
276,238.35222584985334
372,335.2080198651611
393,389.94804242393155
288,341.83973653950136
269,279.9379261661265
319,298.27661061531876
387,312.3696430638844
231,289.8426650634049
127,148.64741597219293
71,80.96040846803078
45,49.76976016484478
51,52.161317677470734
83,75.77792917634224
113,120.20191800001638
198,186.29714834290954
275,263.4984578025226
320,328.7344952633884
301,307.8199044021645
203,249.89764803596418
190,205.70197480108067
221,204.3215441505793
215,222.5182007309723
237,231.19226239475748
204,240.10680813807866
292,253.11017176579747
359,355.77779858687865
491,393.79803579988857
379,420.78664305436416
309,345.2142848110925
314,333.97195020145944
340,335.7853289486637
228,274.54025228592474
195,169.94012327519604
121,125.58129082555173
103,77.41366342015674
81,78.14526830145806
107,104.25249712726313
126,117.45612289170411
179,187.93814631105025
258,237.40610374926456
284,298.0684178682081
273,285.06835506387876
252,232.0624634768977
240,232.3803176089496
237,235.15103786871236
242,242.82036770200742
297,270.19106224282314
270,292.53043988392716
348,308.7591506029184
495,421.63793161124227
483,527.295837594017
473,478.87102042439165
386,434.8070502022994
346,395.90406802155593
411,407.3079384104777
398,440.789200970594
409,391.7949933332135
317,320.0529744678958
221,242.50717976468744
242,206.79740063214072
178,162.3110085692002
154,135.32962431722757
179,170.05089214471076
213,200.34678993358568
257,250.19347954641424
301,306.5965782837349
337,319.38367326059614
362,370.30974874187626
384,367.1484904022476
374,386.7993633404143
417,374.6719734530342
561,415.70166706044967
417,518.8249321438852
463,473.24677175573845
523,507.65393750661224
475,509.75374297657095
424,464.92267918997896
413,427.83692229059767
472,458.32143618024634
534,470.7846718668577
438,457.6555298603759
397,370.8488988245013
229,271.7113760524781
210,202.96445580990456
165,154.18042087021578
150,124.01917672198469
138,160.3813511914357
196,171.49448336710935
213,211.65354675688354
257,246.93252329669792
280,297.4399919770939
361,325.8222893434299
360,359.74395520405363
343,351.76226315372423
332,340.6373157529051
314,348.171065937818
350,335.45129687068686
362,365.091522910736
394,363.0229291098574
282,347.7647693044394
255,270.3759877330863
251,251.73283784169377
241,241.09256072768966
198,198.43111327045722
115,127.59302476949755
90,63.662988014622464
45,56.127811045270256
48,44.05158717820112
101,79.20534558130103
98,128.16613174853205
171,183.31481491673662
243,250.85521985825068
288,303.50723815883896
215,262.71543729463525
180,197.24018661304046
176,183.5608162706893
187,182.1276911291737
216,201.5455867468949
178,224.68583547987558
246,195.75685236659587
226,263.086541708582
323,302.1944012863245
320,338.9251545552446
240,286.31967763815953
210,231.70167606455695
268,227.40644907391112
183,226.60289011135214
137,153.68599048153516
98,91.08767972323491
70,58.6403838051313
48,39.499604695734114
46,47.2207061415077
76,75.01763806722968
115,113.35198777804995
171,177.41145081617293
242,244.55673647479762
308,306.8189905916217
259,250.2663068679266
209,201.2211899215512
199,186.93073316943384
181,195.1635388538721
215,199.60955413777546
278,220.2786884286864
269,264.4039637293263
362,276.6575404489976
411,386.2738626008673
438,399.80580464024075
394,362.6477652768788
340,329.8464503600925
325,325.02048438250836
283,284.9647241319597
215,208.3799420639598
170,135.2578619263375
93,85.85423380104626
71,54.598280667144536
75,50.34464373411441
118,83.42014638662529
134,125.92233152750937
178,198.87801548309392
217,246.84622397548767
270,308.68227937597703
255,279.49978062720623
207,224.29117137053413
227,192.9168416882959
258,209.54405273453418
266,242.22081594351582
285,265.5947886573134
313,272.2703496015155
297,336.96388683010167
305,364.8352422508115
356,358.20428663793405
458,330.059070868115
313,403.1569482065627
265,327.2953168043193
247,287.1811710678666
270,212.1230521768525
202,200.89205244597457
133,130.3191035157304
159,87.55597612838764
123,112.14609962518735
159,103.15430167214649
171,141.60473643748364
181,192.7557756748118
159,204.36980929517185
142,176.2012879817847
157,167.30089148531744
172,176.27468914700935
229,198.59168168525167
225,245.6030330029588
223,239.2915105323742
257,256.1715397478012
300,283.9226007869069
313,336.01019030934486
299,333.8624709817738
320,316.5026054280499
283,348.16777102893957
281,291.22795497368827
314,291.5825784211893
293,311.3099661833845
273,260.89306529739304
214,202.1307975065756
143,140.59264022050928
98,95.99583254559435
78,85.96844063805243
54,114.81134009050389
61,119.30889430143812
122,159.40486654935603
150,194.65939669724318
149,199.32234601248894
155,178.16055794345132
154,185.91295830071095
185,195.68845411426585
204,217.68337702726583
203,228.49469027589743
235,245.62149822013896
229,269.1610678003394
243,283.8807507144607
292,326.42086715531985
299,347.9394902364769
299,343.51125789045693
274,320.29778721700046
297,321.01747207655865
289,363.8989835382507
301,337.798344915884
270,278.7363889526922
196,244.8829434524548
215,176.89107799234316
143,204.3521017977041
142,137.11982529603273
83,119.85145750174037
116,131.40001803150597
108,160.23620957704344
157,157.3058835899639
191,215.32814975397787
212,245.32545007241416
248,265.73082826248685
252,286.6333349814477
281,287.3999748858827
244,308.58216567949574
294,284.3208257558018
275,326.8232838886323
330,344.35714924401
355,372.8956247436722
400,375.3776844456073
336,390.420132703548
314,374.8901347510472
328,350.255530569598
365,340.7458839778194
317,333.10492490506056
223,260.7506274971514
188,200.13785647214036
154,173.68444821766445
150,139.23431202613392
105,109.65094096762837
130,133.98377348324007
127,154.8467068637796
139,167.44656189311792
173,191.9087309138631
251,229.31420223914034
316,286.28915065712516
306,310.67441256396194
317,304.1417228299109
313,303.7412659617901
276,315.0785683707702
326,291.9472682708065
347,341.9616267671326
330,354.58766006217684
238,295.930879163758
237,235.66476657277505
192,240.94512588982934
179,211.1400591058711
171,168.0383915231151
882,1066.864174463762
1158,1067.3665492291584
1299,974.678171175849
1322,887.9898330931554
901,675.1168249412007
296,491.3624584082365
174,165.08830611266862
123,132.83304956508832
130,148.06532284657231
188,182.97174292621162
247,219.94810483956374
245,265.0640433510928
307,279.83917718504773
311,312.70150730647913
316,334.24753767827264
357,343.0227616920721
368,387.3157811346506
467,422.0116782449049
590,525.7659194716562
635,622.4510366477851
773,649.594988698426
797,771.8827363487493
934,933.7992355080826
1087,977.5928009869236
1222,1136.3964829892543
2820,1251.6372945784174
965,1070.6347330642116
685,862.1220380398248
374,480.79263904457673
186,225.19125596466907
141,143.10372277306774
142,121.57252312621479
159,142.10936959042076
183,192.42463667428785
209,225.5364708313533
232,245.76095063568727
207,258.96712211990587
244,235.10757427223822
202,257.2668544425046
246,239.9360091931552
259,276.92638175830444
332,301.8967179805433
397,348.46300807495436
453,387.3826714260557
461,419.85751596288156
423,436.3421265799047
357,389.2431667333679
312,291.69607169533583
192,212.84610247545692
138,141.07231363770333
99,92.52221101253838
86,81.71312490766913
73,68.94976880549369
93,78.8057700944685
112,103.51564777089257
112,129.9137937147822
177,173.76518098663303
185,184.48167768114686
155,169.30240192321955
188,151.39249159364476
211,183.4767371012775
187,205.23453079318858
196,193.61507466035414
214,196.69379695048048
169,206.67207604253028
240,194.1731289445281
248,267.2362743024997
285,271.30148067529296
253,292.4190856331541
291,281.7938244442175
274,283.7759715351977
221,228.93060135657788
151,149.674504678966
103,90.38282642218833
48,61.143751161725575
49,39.26657633874287
51,53.82800311810631
75,68.18935820530668
106,94.00144334733504
156,136.69146118191424
193,192.26738306975335
192,197.94458849792585
156,163.35243283538503
148,160.26774687182285
152,156.8093996475867
152,159.42391908187903
179,161.60482922344073
164,173.2052113784898
195,181.81406403408002
212,236.11121263257587
282,282.02847274411715
308,320.52707328355643
326,361.99814420252255
360,405.4227750887147
370,398.3324665054323
303,319.90006388449405
171,219.59984318542624
123,121.8044346972601
59,78.83754902660174
47,41.15949284979215
55,52.60249099185639
53,64.44047543896633
119,100.87448630222481
163,156.5576463700163
214,207.54178588281826
205,217.10191724431903
150,177.092087766118
174,159.59770451023667
152,166.4704977124458
173,158.60587743448363
178,175.90693828134496
165,177.66263232198241
172,183.31752678409538
189,226.48118450596033
295,263.8751339689601
361,359.8053375847989
426,422.9333658916559
495,500.79952205406653
485,502.9318764289253
342,430.4499490197616
309,279.4433018461727
193,207.30691828735567
129,128.686337161569
104,99.14373480728233
90,90.39119263737666
78,83.1642465675355
119,108.86244876164488
149,159.52421620017847
226,203.82488287000712
235,234.12382361898392
212,193.4002582100456
191,202.12954445955876
170,184.94474710660157
160,179.76492400235676
192,172.6598327032959
196,190.0348201694888
217,192.38630019627513
252,235.0635328616009
306,306.9881853438282
451,370.00439332529544
492,497.4520208389347
800,574.3831500547151
835,744.3491858137957
763,717.1639653517468
562,717.5272172438713
415,441.9294140722256
252,278.77847542661135
172,182.94236334213156
114,136.04973109876826
86,105.09544928834679
95,109.1728997140801
141,114.12436388144519
174,177.1546071574974
214,192.52526395665595
189,203.29078003031853
204,196.6985534374315
193,213.11974182594614
211,195.9663339569361
247,216.31578654119986
212,241.33353906612516
239,236.0790259436296
335,290.5309813756956
404,401.20067954253886
430,486.34310197776745
512,515.4171402805642
574,654.7916696273625
747,767.2576886962331
987,879.2328626746123
1112,1099.7590810952508
1208,1215.5898786326197
975,1000.6385102501052
708,716.2321650284813
297,396.15567141606374
143,140.80327953898137
104,115.77782266408556
88,122.28136896014304
140,134.4097493240827
208,192.92805955821385
215,233.61237850802567
262,251.03702805265237
340,286.75498536005415
295,344.18010434049614
341,318.984996642944
373,369.4205790784059
413,398.88418967474394
442,467.9237306741099
496,518.6490723179143
564,561.797318265948
618,635.4829491286168
723,722.6831874645995
900,874.7020601844376
921,908.6499315224231
1027,1034.9160306740755
1125,1098.4795484944495
1014,1000.6769308147473
711,718.7935589335046
407,377.5446438910237
184,193.07554445136765
114,134.775787042271
129,107.68566951389116
137,142.6658430564136
229,187.24401730779118
249,234.0826541651034
290,257.0339760097106
299,289.9208676564106
362,286.5978962973764
400,342.530022164022
382,377.82130916573806
366,367.87572892243827
344,370.61992966240655
318,363.6213841347236
322,325.87218913515875
287,329.8198109690491
303,320.91000753046643
305,325.93873334536266
229,269.0044346274965
202,164.3936250633834
126,141.30600361177437
93,86.89104907520004
74,78.9678741874476
80,70.28711634038278
81,86.00008440071032
107,106.13021715929388
130,129.09160030711394
150,176.8621372598586
176,174.5448983348069
175,162.1641503512078
185,167.9475277973444
222,183.87624056565224
212,220.54238329453366
199,213.43439768882936
173,201.81360094485996
201,182.05183686109064
230,220.10711924212907
253,258.59506884962985
278,265.52401325718387
305,284.9577963740932
357,318.4016515534276
365,336.6218258242222
250,265.8320430875084
239,198.88008951753878
125,166.91754611396584
85,81.00683286394283
56,63.58656168943501
54,55.32547736174332
75,63.00737047575225
86,94.29034123721965
156,103.88681883832967
177,161.25550379544364
204,190.25903063306276
158,191.91197375772927
134,170.8935662078208
187,151.32898852948819
176,186.28099735422614
166,179.94223598411259
157,174.34710557099467
202,183.23929959356033
237,232.78922209580804
296,282.3130651648342
298,349.16371344315434
375,335.7771362232686
421,415.3140656116046
409,434.82360934740876
300,334.4217164241137
217,235.12923768667187
147,138.55918717709213
76,86.68463048490082
51,51.19066554285318
56,54.933209706806004
70,59.82336474192746
79,102.30047797829495
149,143.01430884516063
188,196.48570014875645
204,206.76571549242024
187,174.58338928042215
148,169.5269358634389
142,162.16006335468055
162,163.71451159745124
149,175.86444322299434
162,160.4995600039599
177,183.11650612801975
219,228.2749171915886
286,294.2264571926292
346,346.06496321100576
404,425.7672816921276
602,483.5546611840066
618,547.8571254820673
444,467.5561928553578
367,324.0606332894232
210,227.91292962231088
160,130.40397108495992
107,108.16472585103094
110,86.29740959203681
96,83.99111370578699
112,107.35053303461852
139,153.23984605882887
217,198.00930265580539
231,227.84837756619837
194,212.80898813902493
197,180.90498602460067
175,180.7829790386284
172,176.4597166597406
153,179.4820103958356
166,174.62134635117337
197,186.4092078958809
241,237.85186941912622
330,312.17047822384393
448,388.22021441207767
594,496.9255787833812
767,694.3034529097542
777,780.0555497356715
759,776.9770428678931
678,705.7369066401338
488,515.3288408550973
307,340.3326189490353
190,194.08147983604056
161,138.68208014609405
94,111.43814666842461
90,106.02595166011639
119,113.08615036965588
173,169.9329723622846
211,194.55012271429382
184,203.80465959247778
198,197.242235655861
202,197.35440087025606
220,201.81531550029484
214,214.7866392057599
215,215.3299371384474
245,235.08559378303678
315,300.9057215095446
438,387.19557747752117
529,504.9748343428872
533,593.6681345925466
585,641.4006138158649
848,772.078868789892
1100,942.6084038712219
1172,1134.6123130831347
1388,1195.6073327658453
1027,973.2672057351041
689,684.3965314092595
349,364.3019856220214
128,146.69359105577877
92,104.18467514662092
98,111.4824359299821
119,136.2320198363615
157,182.7307998063365
220,204.21457003137826
303,251.49919634899138
322,317.89566329269195
281,324.21846246202114
313,307.8640268194133
382,344.84417580769787
426,411.41823213533354
489,470.860928683072
539,557.8462727964122
633,624.6158464914741
741,663.9381881037527
765,779.5104088723772
975,905.0861939846513
1093,1002.8492873199488
934,1215.8282017067793
1088,1051.8061687366735
1026,1024.054399699148
760,703.8761012588075
407,419.56439799532495
178,191.2651689362572
140,122.12826677964009
146,122.13787804197243
146,142.43897001030143
186,181.54598962584998
218,230.52589679247254
279,254.6389775766092
262,291.0834377992283
262,268.2643389887957
279,270.8390335524625
343,294.23984130813363
313,348.2585529154515
363,336.97051317668144
359,379.6889029984254
403,355.20521696033717
313,397.66260614898766
343,338.2544075676498
346,326.4180942746473
237,272.9271238537048
227,165.5148565342019
137,156.12393039437902
88,89.76880166666626
84,75.76492341222341
66,77.55115188450033
105,81.59920793769827
93,122.26219001947904
127,124.68550543164763
152,164.50478941650465
168,173.6054651097803
144,165.847527772601
168,164.1994668666878
162,191.31681084595346
155,178.49183743312545
180,177.0015393623447
173,186.55375426411567
191,180.03143764393295
248,232.0076712848954
243,268.2233545193523
255,262.23371033937076
294,271.2260055586442
408,328.3838378988768
326,376.6077412982201
240,250.0080078469617
181,170.62920489982264
103,120.57522034093822
57,67.75160847468534
41,48.1819618274225
47,53.648261515321636
56,74.7026983816455
87,95.82145273596396
125,139.54789953608534
190,174.584363305215
212,187.4690249016487
156,167.64835868376346
152,154.73541656269919
150,164.36345891649384
134,155.86234755712456
146,159.69082820510081
152,158.94001556930823
168,183.33926763391904
198,224.23854677103455
321,270.97019166218143
305,343.8800722564558
358,365.6409483714696
519,441.9184469707929
482,472.8146512651865
328,346.25379561424876
175,232.25371074548102
125,126.87611154029202
80,75.3004815253829
57,52.7940918346848
75,57.618555949642506
85,69.81149414623445
115,101.61683729299669
156,146.92681568270552
187,204.48296300767637
288,205.54323050030504
197,210.77525241567136
172,173.38882762387206
170,163.859849895763
167,164.923166443748
185,169.84556158304125
128,176.24834844897617
189,161.71199745631034
198,223.8289382376061
302,283.53320852625444
362,353.83585801910726
436,426.5605433961106
603,537.4738886571803
539,586.1142122889247
497,449.4184156519832
301,329.50683071144675
205,198.21603187454318
148,140.0612122135202
129,107.90411637537055
89,108.86361878825313
111,92.89200913155268
125,126.29432814981564
160,160.15312240551944
228,203.67690025012732
235,251.09092135872393
178,217.2490707929801
181,184.441850059262
167,182.20688293622916
182,176.11836423329078
168,194.12186580403642
197,172.18486771914343
183,207.72294575626583
209,225.60164662524514
328,291.90414110658384
397,403.6107327925286
433,478.4683766217514
626,606.7443871346672
660,717.7168694465747
681,721.2688058888374
522,652.1470092501368
474,442.7535423332288
296,335.27970632095787
179,207.29422018286238
164,143.87465324451568
103,112.26553688842898
124,102.13512692150822
126,136.60143171767288
177,177.56020442424966
171,207.20565680431835
178,182.02794171043823
184,191.7941849171247
187,191.47348424913457
206,205.17807056088785
174,211.70105661044062
196,202.80303000306344
198,226.88197994022758
251,268.9433797090794
364,361.72591374466157
462,456.44074836651754
486,523.6881743167256
567,580.6739147075139
696,735.7591324105944
990,860.4694415700973
1107,1115.012570673264
1156,1191.9111571675517
986,991.2744591296087
649,677.2157645069244
324,370.7633850014671
144,140.70079276424883
103,111.08382710604569
112,109.10735100786069
150,138.05377068444088
176,181.13836362613978
223,213.76162679241273
255,257.9599842828119
254,286.34739933286806
335,280.1347627700996
321,340.8806538973112
362,350.4695100861513
389,398.69421226845543
442,445.8831829363347
491,514.4249919757527
591,575.885946492239
607,668.2602955047149
659,707.8226838578756
805,815.4087297431965
925,882.9498479095173
963,1037.4892345210835
1211,1051.8061687366735
1010,1039.0229723442637
735,697.883609190051
379,408.05616232950047
134,185.98668799387838
128,124.75715820804905
115,129.93835463775156
155,143.0759309776641
176,188.33631674586488
230,219.65959383496215
270,266.6877935540798
259,271.3241011630186
320,264.5638913520621
288,308.9808940433989
268,308.2992715668663
309,290.65765969108514
297,336.3933093849494
332,331.21251458752664
328,343.8300723998819
283,322.5140959778441
332,308.56108924275634
311,327.12482393470225
285,263.87142517326726
187,210.74495225159671
151,139.46366670878916
93,95.94911034187028
74,78.5058138591457
85,74.22153696683648
75,97.78003660260273
98,112.39477971189785
118,134.8202996545881
144,162.74122619681867
134,165.50411112440068
151,145.40040878483936
129,162.90076016613983
164,158.7681458573297
177,177.91867464079894
179,189.37269609745744
178,181.34670889997034
169,190.04265130509978
193,213.83963934508918
257,232.19974994876182
226,263.40003349854305
202,256.0216974490404
268,254.65736831476968
251,290.3675500255631
221,214.61977948331213
153,169.2360915593663
78,101.27542840715505
56,55.79785942288754
51,47.598010364336126
78,54.9578470621929
74,75.55510676161869
102,95.2612334702622
114,146.5013264920992
143,170.8731971956066
180,171.17539231802127
150,160.2552948226895
131,142.39857008282036
154,147.80150350614835
174,158.01043117678347
187,176.90562341794606
181,174.93122833878894
169,191.08246582325464
189,212.24805605468413
235,260.0207032934953
317,276.26821333674764
314,357.4336367617799
365,392.40090620427134
408,399.18061188682276
303,317.4862837991642
206,199.9064280564082
159,125.62373017753363
99,89.1050421070396
53,61.26195558633307
74,63.09367584887633
77,75.17831845789684
77,114.17259380569686
106,131.4340910227501
115,162.96213736127316
151,167.20192134513297
146,159.22264465020334
169,153.0745815362152
151,164.1654556441407
196,168.12662315170442
179,200.00812768427565
177,176.66716615913364
196,185.69375635830517
187,220.51789598315287
252,250.99170927281344
379,317.3852352512208
322,424.3477882656814
276,400.57550799383756
352,340.20819430731285
394,344.3722574541496
446,369.33052423369634
437,347.14787014202534
377,307.7118015160058
253,245.380327221103
148,153.63976800579024
103,112.82098241070302
69,100.50562737585469
79,87.71187643694806
86,76.73774897032149
105,86.75638782466294
98,116.8959423186561
154,128.1109708716621
174,158.35152269960378
130,192.55497571598127
131,155.92906015698316
172,156.82125473232054
198,204.34547561035725
229,210.27666392868804
274,275.38958862707824
199,334.91959511744835
180,193.24647471136808
182,216.58499754718963
223,216.74671888792346
195,223.8047029600152
160,256.60433372896625
116,221.02868865584753
94,154.60287523259316
60,140.19694890373003
46,137.0994077260005
28,88.72167564448809
43,83.0556407625854
43,98.15079288691474
53,107.02374388034116
89,98.8214302177125
118,117.69424464054005
130,152.3522159510768
170,165.5915462951099
183,183.40219557519922
183,193.17764187918507
193,198.91981709908669
233,224.5924361427178
250,288.9891662536905
307,342.88258145809715
311,364.3699987985102
306,371.2302332032619
338,342.86036986804487
405,422.2237003932076
500,402.78775296182823
477,634.1701467602165
545,534.1954028555157
503,449.34906715697133
408,383.56075625494833
238,241.98685312472364
59,121.84946443659402
59,69.03174372903696
66,67.02784747931324
76,85.34368262829166
118,104.50770670553237
168,144.0611821736251
166,200.44107656622623
188,201.42054778519994
183,219.17499513629312
204,218.5250037939093
271,255.063558160015
263,330.4315856929241
315,327.86450370555076
383,372.9277496913023
337,432.2753080574757
379,388.7037473275781
442,431.584757527514
568,587.1585150613946
591,665.9902308128889
667,639.4754268723905
698,780.1793675274504
643,654.2358139106344
489,511.6403668266959
267,300.785755194059
114,131.9831560666775
112,104.13047485809552
114,110.14542445947556
115,123.32855704501718
139,144.50060659933462
160,185.17002502462236
220,194.51913987849414
218,232.9062736870868
262,228.87960007321638
249,268.326913920009
238,265.5438756152471
274,263.4891911367336
267,300.68195593309815
298,300.7636779775718
259,305.4061792892844
270,275.7703127145497
348,298.86100150658933
243,336.9360926707348
187,222.215582555073
298,233.90588265090668
162,190.52301955412827
125,94.06048398784826
99,75.68809954757283
69,61.86112044354306
56,45.68134208865951
61,56.898881887669255
53,68.06167411239448
89,99.4769862034939
106,148.07801553749886
212,159.9379421916728
272,275.97048758021833
292,296.0173810314992
351,307.9480280087782
356,357.8796222054356
359,363.89087366132594
486,408.40409879478784
493,502.47174663293606
516,485.31386441835
428,479.61997757451803
396,399.8958987243704
415,384.45981328158706
397,411.59141788942793
358,338.2623280213317
313,266.5077763172575
449,217.80357027288528
69,215.20008832809938
65,75.14661162902269
83,59.25639993445074
134,60.769676741067194
104,90.39090343095218
96,92.77655075792127
98,117.20500967702958
132,130.67329535589576
177,194.5396938558156
232,226.19918408546758
234,264.9771432722848
270,261.7092238151948
259,286.2585976308381
263,276.64631565900436
319,307.10250600767534
370,349.41650666560565
401,380.3285354732869
386,363.4108224499408
337,332.75731984421435
311,316.30911052148116
231,269.0138776638142
175,190.73103475638095
106,101.26387817198119
44,54.722071596163616
23,30.389653615109975
30,22.654508603474206
37,40.02100362340507
79,45.518498255641056
102,96.51286693450871
144,135.87701301495068
191,181.31680214282883
235,205.56931488175388
307,254.75795703543682
290,338.0012152853204
320,307.8971605726625
382,352.1741685822477
386,413.3744207137702
413,419.48628830062705
473,465.26742269201367
640,625.4044617516627
652,686.3500943246272
765,754.032018338204
1063,989.5217570932061
991,995.0702781681167
730,647.3295468659195
471,490.12029947666747
357,308.21214382604217
188,223.44978490585217
105,120.5592723538931
66,63.82161221327773
72,51.36647229343444
68,62.629979749404306
83,90.99357356243273
136,145.46423607882062
185,214.89318049778066
239,231.0438065551813
253,290.04885601530907
319,312.89361589366877
371,350.3667814298398
424,402.9496565147802
437,461.7117647480477
467,465.476079122847
533,541.894075629356
720,694.7087893502098
721,740.833033950716
819,820.6708433889593
1122,1016.2948585414866
1054,1078.407629820189
731,797.2796075412408
545,554.4108833567185
368,392.99598405776413
238,235.3187484536929
179,136.5254836387511
75,106.5391509494486
65,67.53457038905634
74,63.47096656417614
79,97.67918771066962
158,144.66296338017386
195,230.46917730695
223,243.80491578229442
279,274.3936246703391
349,337.90510833638564
447,390.5228561519584
473,471.4981894398247
495,500.61024540159303
539,526.417411589259
590,600.0239378331203
726,733.6446673709495
755,768.056428506305
953,878.0632813166353
1092,1077.4283505148994
1169,1077.9989455257107
942,927.0057956918522
647,661.2412783444174
435,448.45333188629377
240,277.1123980107932
154,166.9215053482016
79,88.37169976968318
79,75.19942940697084
79,76.15108398182981
115,117.05526431677447
168,183.23229112760916
228,239.75761090068488
231,263.6455994941929
282,289.84950554224014
412,349.90675612409126
463,439.30266202392374
499,507.4236638061363
494,562.6897321678028
539,532.625017119402
652,600.423121145381
754,711.5822476624544
784,723.4479663905508
873,887.7006887756969
1142,1025.4232280755616
1187,1212.0283337334777
894,972.72148262573
705,677.093358422265
463,498.3866845548482
261,295.0891346413597
166,167.94447965436387
124,103.974985434285
94,85.5343056026673
104,81.62194690476004
100,120.5498247557915
136,143.3011251442903
179,191.56590933203637
230,211.2866771514223
261,263.7188179239975
332,322.082340864243
356,359.09414277898526
412,401.9975709040387
396,446.6798790550334
463,426.20524337786213
531,502.5800047515169
584,536.0795190649408
588,605.630627716463
563,609.9959017101418
599,537.7609025102568
577,624.2783951875091
587,592.6416070864245
469,469.787315492407
357,338.11517327934075
159,210.4458924799121
103,94.83830013658009
61,72.54182729959243
33,53.1869744981303
42,38.64091748292674
52,57.67620097320875
67,65.65077150982653
104,106.20433813537257
174,157.75276240877076
249,227.1804054356729
345,286.63213678870954
336,345.63806034819794
345,347.3894406903778
378,362.473881374362
414,389.9278886264773
452,456.2576498801181
575,487.82392487203884
505,564.809991997404
475,483.01569087440305
389,433.8414474574688
458,418.2051870651881
596,463.4663724418525
427,469.1421185962119
326,313.32160579951625
338,233.46122945557914
161,184.44295473247766
145,89.11286358698253
125,81.96812342048818
68,76.85258589930207
66,70.47504859940553
93,85.44870283408245
138,121.23012267536679
175,173.59253681938134
261,222.33525026094097
349,292.3926816326187
394,336.9595529810402
340,368.556386645604
607,327.825219421361
489,434.78305967266743
481,451.8258954632845
501,468.91867213784514
385,460.45042382876863
320,353.3078392094775
306,291.70306275383484
324,295.88495354274676
280,272.4507894926219
196,216.3480815706853
111,109.26980458053869
89,53.88891857563214
52,41.37653131542477
36,32.449447591081174
39,41.87473092479859
51,53.00645608364582
69,84.16801875848935
124,123.63823698591729
155,186.65821972921074
198,194.26724203088418
210,237.1404946710646
319,274.7510551077853
431,348.2078187173221
526,445.1168291248404
407,566.5924519934325
433,461.7898637665129
512,502.26235331790963
644,667.8783757797061
701,673.6211308805013
777,824.9206341317788
1057,995.003836407684
1075,1004.1350495395786
682,786.8226476783468
510,497.70214394300734
310,389.00293515757
171,213.77069988995746
132,110.48931631295538
49,78.31031168250628
49,38.519850003056234
49,45.81553190795347
67,62.55920764646403
163,96.06190148715083
166,189.48926811363435
199,204.94254498544342
205,225.0275040776644
212,258.2762802708213
204,274.6952189556456
244,246.17457013334203
316,271.48161100506854
284,341.7604874426569
342,351.99555348946853
549,391.57106298986145
740,606.4655739822175
781,824.7898316215823
1011,897.4471770002384
1061,1092.5228092625318
710,858.0568656521299
529,531.7738315339101
352,381.6971574259606
220,219.51822933318488
125,150.93452262482774
67,78.71739681369964
80,61.66856866474369
48,67.13793102908578
87,82.22847782028411
164,157.8344875249087
222,216.82272384250393
210,239.40839443864522
288,248.67728809208097
312,313.2572078871268
343,326.3463551257089
432,370.6225827742598
475,447.281678418585
478,486.4825781850322
566,524.701086820881
680,678.3401845536546
711,746.6648796682865
887,824.6872462798722
1254,1103.0844816602485
1375,1089.9474164407054
919,963.1764457043811
727,655.8456677082652
444,498.1698655582953
224,260.42255836512237
159,149.04105202618283
86,93.10646698282947
73,81.56742289148629
84,72.28533778432391
112,119.47829001667725
147,175.27794403911946
234,224.5102775688898
257,260.9118803869197
322,293.77248341678865
413,379.38372627605304
483,437.649603349336
458,505.1349873380394
554,510.98263867123615
552,560.8544102765632
643,623.7969472152791
753,711.7559114050213
798,754.5816480027125
851,883.549735185028
1110,1124.855107491232
1155,1185.8331237226098
1029,982.6662372527306
689,692.8542302259523
475,512.0946456308363
263,290.0806381077098
152,167.2882819856845
89,101.05837306544252
100,75.52258821429136
103,95.59571020022855
105,116.24766806280286
146,144.38532357659935
193,196.11127974876794
238,222.71365278614707
258,271.3310329428448
320,318.8688165874519
371,360.9251278055643
427,409.1619091908066
477,451.5248685315471
478,487.9507755131525
567,510.03625354945143
580,595.3449310760035
625,592.0366667640027
589,617.5554231504688
528,609.4508830174256
620,533.8731403125316
610,582.0769956241874
533,497.27645435242374
340,385.9818432279061
172,202.95087132259226
119,104.49659463241038
58,73.42893929168595
56,41.927733451067965
33,47.27883799305345
60,52.99603971830787
72,70.95133678091364
97,108.88316802052786
164,154.35202680123086
227,227.03343244641863
285,277.6539819094561
355,308.7883479801873
424,368.6127110911031
347,442.49227298020696
420,371.8410673242885
500,459.9416153748083
546,531.0750353617842
516,534.6079500426649
558,490.51082980458716
539,486.61523209944863
451,507.9517938099743
535,486.83680428990164
493,446.8754479887892
349,338.7916799233624
322,256.1259750619702
160,170.39712395964114
91,91.95246901937325
87,71.13562737444677
61,62.054086215378945
83,67.15654325410797
104,92.09912227438714
119,121.6246453020352
177,162.87477251643335
266,224.89925240840097
309,300.62810223104225
325,321.12839891828645
318,320.8146737693407
343,310.3063121946199
397,349.54863530738186
413,405.19251936176374
404,443.9990139155743
410,396.2802484617386
359,370.0688731228866
334,318.5436653772506
334,317.7868220214013
223,286.21131560954495
188,182.03962534731232
98,107.08554247516304
44,54.52403473752066
30,30.095065759232334
28,30.846106647061426
44,39.92857117662286
44,55.415366549093626
62,85.15529047591293
114,122.78578942406824
182,177.65359114559016
193,211.79338239707238
223,229.9508134270604
322,285.91775821676424
343,358.0695070277223
384,377.3009608343002
415,413.19376679674747
411,459.23470043240286
486,477.4057830166406
654,608.8570364576551
673,707.4348892982513
783,773.2711923788227
1150,962.9856560835508
1083,1068.6311416618714
722,736.5623286271772
571,488.9367053772772
391,360.95105320631046
247,240.72169098718905
131,137.6309124171517
90,74.71527071458705
48,61.366141221170075
55,50.7751770960095
62,77.10679601308992
134,128.7535450500984
158,198.185133352718
216,214.81817643066393
250,249.2741548988456
348,312.1488551022107
403,377.3868573045155
409,433.73060538781334
429,447.35627413954813
539,466.32582575104595
617,584.1540326050605
703,723.900490260173
834,732.6777858678329
878,888.6103823670567
1181,1092.8971135741472
1079,1098.1487671798131
772,804.3629858230079
581,576.3480768478058
447,399.17840706798137
249,287.0742063671943
148,158.19432836753737
92,93.37792109324688
71,70.66121083983256
68,58.09318762647422
119,89.53102311622901
266,163.4684152899229
369,262.15257447851843
295,312.94853492005063
336,302.4262612349111
367,373.7378985296512
402,404.85212917346564
455,438.9566821189343
472,492.9587896720364
491,526.476055184162
641,588.10222887271
714,741.1481128707192
768,760.9721532360109
852,905.8305191519246
1216,1107.157305279365
1319,1089.9474164407054
877,975.943808090194
612,661.7771804480749
456,443.6492430752087
280,294.734132557245
185,165.52127330524476
109,109.58247244170386
72,83.17823940796697
72,78.3765543569497
90,124.81173672676043
153,191.44394062259357
207,255.658161167903
182,257.92250705541056
278,266.12484828899954
377,369.9335404357146
390,421.73371303590267
497,445.3494333984406
516,537.5248983956544
531,539.1670803614269
642,616.4746589259089
705,736.7704277407536
711,755.901050617568
854,815.3106928452003
1054,1043.175288181423
1228,1185.8331237226098
864,978.9229968244799
654,646.1798890569784
405,496.6200461780593
258,265.1146532137804
148,169.80755476685167
98,102.77260592353889
92,85.22632095035816
80,90.1720563850937
106,104.94500688383555
133,149.62424530672232
173,188.1304118761616
192,210.16862150000492
249,239.707760814486
309,307.6826467702509
355,349.09060916440706
402,403.06663536594107
437,438.4285065379961
412,466.43340332915835
543,473.1487642763734
626,583.1032180412769
531,635.8494498497139
542,540.8552643234058
563,525.7976759495956
635,573.8445814734313
537,626.2652314196787
435,441.5998904691238
301,343.22398645482156
161,189.8200738204175
77,110.21792802694516
64,61.07562671074038
54,57.044796959853244
47,44.73934594307152
70,61.954986372838825
63,76.53325322274581
89,98.06623775809393
157,147.01510262972528
224,222.68186821394167
287,276.1609388163178
320,324.6538777868113
347,348.04912088943166
353,363.1402733799887
418,395.83861241558833
421,470.9515157464769
486,490.62681443499184
476,486.37911318157876
527,477.06665713355386
440,492.15390225758193
379,438.45836551130145
443,401.360129914985
490,380.9967864195691
282,337.37330826936454
179,199.16433298944457
74,114.69347166062403
47,70.42175690196765
42,56.27396666749217
28,55.21252803878398
55,57.91740422275712
84,79.84563972374451
104,107.06549511292378
194,151.77797425332636
237,245.18253867337023
292,290.22194101402295
338,307.67020576578676
329,335.7330562083089
327,333.4246466106445
356,349.8112721403518
392,383.09383780599535
365,410.51760799736337
431,371.07876288261554
361,377.4245961920002
313,330.6539379076333
271,313.2833812445081
264,249.65631251768397
175,206.1156056670712
107,103.76409176135395
51,53.27689205543884
23,31.555329626352624
34,27.84353280039005
27,36.939067342612255
36,46.18206967538128
60,68.84516750923267
89,118.29424998720127
147,168.09352487790022
194,200.97931317415333
226,227.8701906839899
281,290.30789559772666
278,324.4009048266791
340,333.5967795109702
369,385.99032135969026
399,416.47823369573416
481,464.23697885180417
534,620.2511508234903
500,611.9435494727774
610,599.2392967348087
800,850.1638456665974
795,889.9656383981215
531,678.3278380123808
406,443.726656646582
220,281.0609770911631
129,158.53329537318075
87,95.3230664800143
65,57.698445832554704
45,49.51395440543635
38,53.01637969583362
71,65.81718240166741
107,123.50668461832231
167,168.22556837690612
167,221.07549215743856
229,220.99743831005276
279,294.0120089909156
318,319.037861839429
376,370.7308403256638
410,421.973311303065
523,449.15573193406436
635,592.9698167958165
671,732.6592201618356
656,672.1954356571337
752,730.2898750543199
806,840.2933677197636
802,873.922369050708
601,664.2169689648614
338,504.5838583370964
216,241.56925398864507
103,142.45504539881037
65,73.92976321838438
63,65.22662700445188
40,64.55897470866702
42,58.06776638689802
49,80.85379371508141
76,129.1013010728784
94,168.17883952401897
149,152.0389233768365
188,204.43208725148986
250,256.5895285868823
263,315.77747999210936
294,324.83261951967717
325,358.87773813305034
329,407.04625265906475
356,430.40873804624533
375,463.44412618887753
376,453.5449823928255
687,451.70559143479153
438,814.1341223035131
331,466.43574632347696
313,333.9047723228072
214,247.22470308805126
146,106.82527635525652
69,58.43654655229844
57,34.112577836996216
30,68.47295512008387
24,48.3338669991226
27,47.820902136675535
30,64.5109650673853
38,64.61653903181022
30,58.81708802654028
40,72.2699581646426
62,56.78489166089052
121,107.22052973780063
101,112.28523726369914
124,108.27486597423588
172,135.8348070110619
262,197.0060188210585
308,240.86051444663917
349,296.91767981120717
360,345.06091814051445
306,380.7221192802081
327,328.1575396951612
330,398.7015335600376
313,305.16700941360807
192,198.36195887414698
72,118.09029830734097
37,31.880402074340434
29,41.60389214834223
37,58.749930818351295
32,57.5892953127905
31,60.77663144658641
55,70.32521887778108
60,97.42275713756742
116,107.20009772692981
176,143.55296880461256
229,193.89162116839293
354,268.7406103519144
330,332.61385079975867
360,349.7984830371902
348,378.5865279134755
396,377.78715543109126
459,446.3798133996106
463,528.7031077747462
530,464.25085934923305
456,518.005216193315
468,439.5604629870843
444,435.39853818623897
339,460.56619486434795
368,312.6138862792734
215,254.80685157025087
86,136.31372557305627
47,61.35813506322348
37,47.80919795867533
54,42.73593494430581
45,37.7756865490684
48,58.353034525214824
80,61.200407264652235
100,102.32715077596718
187,156.78681951711206
242,230.14089105369422
338,291.71446475312797
319,349.74416388852546
349,343.7519238977738
304,364.3235366453202
339,345.4151685713176
446,393.2464919142892
479,501.79534118654493
478,478.1595768366276
482,469.40707861390706
445,451.9824116087701
384,429.69541311399007
436,377.7826001427058
392,386.32414899574877
231,274.00840344235905
102,159.30751971713818
56,59.99824189952975
41,61.13777764205976
44,57.6046539604185
45,51.622708781632205
63,60.96277801625429
71,86.05197977544574
99,106.30559495934584
143,157.87122877446978
260,207.41974364222006
392,302.9573233070622
438,373.53136445382324
419,415.8107487352965
426,389.681363433654
366,410.99768437762
382,391.6015853066712
372,400.19430016865755
336,380.15436172344334
347,324.5807188653118
275,312.5417429314258
264,284.69374151292214
195,263.5181524673907
144,176.80604063313672
201,181.86048623801142
183,147.64695746501164
176,117.42418258998197
130,105.65905470906361
90,79.2209916323856
55,63.26175097614878
78,71.7758637422843
97,96.90393780981938
118,131.41602868047983
139,171.61426331697587
230,188.00646844160235
255,248.92500439878407
266,254.54305267015903
242,244.56763945870517
197,231.32765626561383
230,205.29170135468254
279,254.70258766464656
279,303.02817546039915
290,300.63686375432087
307,288.6853311652998
279,278.99326960006215
260,248.126191652136
267,247.83802968014314
236,229.9527160951958
218,193.0640740120385
345,153.2940561566807
82,191.7290015570247
82,79.98357213413412
77,80.40253721327419
104,61.21125211641357
92,83.58272523290854
105,101.07778904371084
107,127.13707513970178
159,148.1282588583561
176,213.79417211648015
228,212.49995048409846
223,238.32743628485684
196,216.65382506793816
230,203.8015419701116
170,221.94998793111512
216,195.09209048878992
206,220.82878388766176
224,218.3553013634228
234,221.78487551714554
226,217.1090626714621
184,207.24123508125098
139,163.03495572229323
113,120.59129942451256
76,74.13139626868674
52,43.4136330240821
27,36.4153969738421
42,29.98715769402249
55,48.31421373830017
79,64.88713429348884
106,92.66934218379717
138,140.92422983151627
185,179.8450534477375
184,184.98362460925347
205,185.77455936441456
210,227.37208716872732
239,222.14617255788505
247,248.7109958471013
255,258.95632473153603
280,265.9770541270482
292,306.73925324096587
452,380.86854363826274
410,460.929102345903
544,422.9981095015594
684,731.8674414115391
545,609.7709450944409
349,389.00150529340124
263,247.612888959298
178,167.84762614337433
93,105.53035620582303
61,60.99731565942502
42,40.1843641992157
39,47.689330723403366
56,52.64355068386619
84,85.7191618730685
140,136.06004010691825
194,203.30889869863174
171,196.50606993063622
153,182.79766039256876
203,188.72738789690465
217,226.44753358740869
230,241.12781746088655
276,264.65235109357
311,294.2439842585356
311,345.3382011249937
474,433.24460912083407
467,491.1138093637796
532,527.6279803895707
724,712.0451476848415
569,631.5597937448784
456,411.536077913285
300,322.9746487840303
212,195.48280902416363
118,123.13803644639077
83,74.67605986556016
39,49.19432112399133
47,48.862383184554524
62,60.28337925135405
107,97.17248634968718
168,157.62919972370946
196,215.0018617221303
184,194.66163141344305
181,177.14672641496304
226,204.00316221117174
253,245.55071006873533
267,265.0398595291651
270,294.3727343762339
321,306.8052854790092
353,376.18372747842267
478,470.3418589462133
488,499.41461011398036
616,515.02386961353
771,811.2807355518145
765,690.9319581967495
480,538.5102460245023
348,336.4790740975412
242,233.10250664122918
134,136.9500738924596
79,82.6377599548628
42,52.75313967058876
62,59.084521821559
56,70.35545298495066
99,110.71528770849822
282,175.06684954739464
272,278.7207908878661
234,247.18532977113108
199,218.4468993256336
239,231.156887255153
308,267.60605305596386
305,312.1258820633878
319,314.9209541428736
334,340.79631880421465
379,371.1856664401251
497,461.7542557169511
500,504.4208930347949
557,550.8814959537796
759,731.1728258881072
712,703.5729249609795
528,518.2365269709785
417,392.8563793753602
245,290.6370876467846
151,159.30534242552318
108,98.66911649690205
94,74.54922096107666
111,85.62760621354995
105,86.59608029770027
129,122.69031035527733
162,181.63193665544432
158,206.81746706830336
204,189.63450231145495
207,199.51344523632483
226,225.0460491289604
250,248.87231323776317
238,254.1718646538821
283,249.04454855076756
253,279.3373862407438
396,292.0299581318445
363,416.9876435578527
427,386.8996901702732
346,389.55438149080123
392,364.4229294913803
350,380.18794408561416
366,324.1455731970485
289,296.70806527074245
198,228.5797631256708
130,154.16416215190685
64,101.07883498735967
64,66.00109436499413
35,62.19365969280563
38,53.02195057956086
94,65.56961019253424
93,109.54062178571884
112,127.05922667972366
180,166.0611112381735
224,215.04463843507745
241,246.28070012646097
232,253.45563774367858
223,234.80003439739872
203,221.67629665084988
188,213.9975766600607
237,226.95377402330774
268,272.3690895430909
330,292.2658492404007
299,312.5194301772007
233,285.33732199854563
203,230.1683602803804
293,224.75228344338225
243,254.1861580758399
208,194.31274943489575
174,147.52334606734175
106,93.67979863249272
85,78.60854950611748
78,68.12807234885068
59,62.66321508739915
77,77.30176073676371
103,94.66288834862274
123,123.07222124847533
193,170.01467988914737
253,208.44650163648726
236,250.3803429114041
220,231.00474640557792
200,212.6254795644899
265,211.67176557476654
235,226.28623863024274
270,228.74929337038714
242,253.52941533985225
267,237.53938377499463
241,241.9261534496547
180,221.72101570962695
163,172.94251236302517
147,141.0366358496143
104,118.51318264641358
89,71.46146744197397
36,47.77892505287398
22,27.833310796737713
26,31.19978639227916
45,45.31023906187649
66,63.51258111648658
73,93.66187774422306
129,133.45625913163096
151,181.55934842285325
185,178.27888939447755
183,195.79226706779417
212,201.88659593014194
257,226.00317788587535
284,258.1759367357334
270,288.67573200697103
254,281.8567059599735
287,295.9166901075283
430,384.0644576928082
433,438.47870625241114
437,449.8113092911458
677,706.2850602165913
588,561.4409362608772
450,390.07719127840096
306,268.33239851438555
159,218.13266315169696
105,109.36780959184765
52,72.82307511270028
31,46.3357324733506
58,42.504901712031575
49,51.447139252560774
82,65.2137442856344
154,110.3816332198258
176,166.77780818861112
155,201.17308506579792
164,175.5389292981178
205,190.0137979260895
212,229.56112857302733
234,248.15431344439222
205,253.75162894150296
241,230.14357247903462
306,284.4287051760067
413,382.16825704440976
441,440.57211557567007
480,457.7077483427806
767,664.821953719349
647,614.709436199339
528,466.22138248562874
321,339.66169272800016
199,199.25569890576415
108,122.0426358022308
65,73.88486343505173
38,40.915397737585565
38,51.4580167510551
85,59.64418142489005
84,102.94690906608949
164,154.21622467097777
209,205.7115719264271
218,198.95731843652618
165,194.67957437055748
247,201.34321453602885
237,252.67647688464353
248,252.9806030492194
263,264.2518499421286
302,285.5464061580222
323,366.7856877749625
455,442.9960325584544
479,490.23180050219634
532,490.56212841047255
792,767.0950641256314
708,767.5291071679845
500,520.538049620494
318,350.6102564757436
192,223.19987459074443
121,118.74229164885385
88,77.31217583621957
47,52.98737062595961
43,57.40241297858285
59,62.51011557264547
102,99.26730346377234
168,186.21395652990728
193,234.7928734784424
228,225.5220485707004
220,207.85193486048425
265,237.79477826919373
266,278.1149666631265
285,284.3918984795075
321,300.5919745066887
362,332.5025029149684
410,383.5602516495769
492,485.07794490021394
544,502.0686631678611
666,548.3015606424283
792,781.2324155078459
631,740.1118790992897
516,514.1913650003028
363,386.5764617375637
265,254.60312611755475
120,166.71675938752725
104,94.51713585242229
83,83.70222515379282
78,89.61661651313614
80,89.74901739226765
126,119.19183422395736
152,157.31493474840994
197,189.88995169551316
196,202.98469921579934
181,203.90349211550065
217,213.34554246401595
233,240.57820013120093
270,247.18992094190114
262,270.5320790034679
264,262.5465044109591
332,303.2592157603823
396,370.47398381633394
408,415.46986636358287
411,392.71690035671287
357,407.417147376333
343,326.67251749216484
354,338.4015343822464
286,285.9193663733943
197,225.6919298137694
107,138.4546494704164
93,84.3841405260745
52,69.95836149311641
41,52.09801964821677
59,52.634297401577435
75,79.33556028092303
77,98.48289598487953
111,112.83739942650648
215,165.8315758840107
237,227.17418831427275
242,248.1981707260578
233,248.6663381697996
236,236.21057963045453
186,230.26207787477017
206,201.92274600854748
215,238.26321900321287
279,256.1419612178686
349,302.8410718426459
320,322.60711089602006
285,294.606431812671
231,257.5796898496947
264,244.23786435622577
261,232.2635429507516
196,208.2500297355668
159,148.13559051488664
107,97.47643854906963
95,74.19329309421394
92,69.57699401449008
69,67.68225080996413
101,76.70087270028148
111,104.47845722489191
119,123.8846744269466
190,175.77687515726444
226,229.9223483434541
226,243.1912274838935
220,226.59357659032958
197,213.4168887255541
196,209.92008205694395
200,201.77932638347147
198,210.60302473015994
229,212.25928590586688
255,235.13167238677323
216,234.11109056402537
175,204.63909902030983
175,170.42073414623798
148,150.53422778291534
109,114.78739407843985
49,73.65345132199357
37,34.83818824666795
25,26.71138680460138
25,29.500108040025395
38,46.56115161817591
47,64.46988539415223
75,82.92015014058668
165,135.7143010602972
180,193.19345062841765
184,191.29188704237987
180,197.46663337182125
217,203.3086462097292
220,234.74797814767646
288,230.76266695657122
260,287.71275909093885
280,272.86173857479696
302,304.87189451778914
426,394.65914335071045
423,437.0799647893688
469,441.00862013361626
797,725.1296308578853
585,646.4667770852961
384,410.78161491061644
284,260.2263127884617
157,178.46637808993634
101,94.6333806419621
72,58.79607829945203
31,42.08030165936527
30,42.34261333448098
45,51.69248411923231
81,80.74479771325433
144,147.48896347511135
183,193.43510136424572
162,185.87954224484884
210,169.17477662128968
221,220.93313970571464
233,231.22461997601522
265,255.7116936915472
322,282.7807277005604
317,316.3226628748503
402,347.84604702497745
506,500.8340713834589
549,506.6730512051003
500,554.3406646508381
862,742.5439328387307
746,721.9913397932377
459,486.78868105118033
328,322.1509785562678
228,200.86276233721964
123,129.24721097499548
74,81.9266763188326
37,43.31610252248683
49,46.24706486834879
78,62.32193203869519
131,99.44158416266774
233,167.05429855737515
332,242.6002811714432
284,247.8185275279696
235,232.14875868025968
305,241.55605415412455
282,286.19617421441205
314,288.9735741303824
320,325.61361315403076
397,338.49400925155936
391,423.31196467468294
568,508.1383181139918
488,567.4373910778835
538,509.86842386051165
890,782.1713085853734
827,870.5270342557807
565,590.5150924646919
330,371.0639736336209
223,235.88617024612074
121,135.89568239919763
68,80.20035209724179
52,48.13840735566828
70,61.694619100430316
86,71.02666285754755
102,114.82408568712631
167,202.41701752037747
263,259.4200650306675
215,255.53603813188397
194,218.42262007049743
265,240.40273558439458
245,285.75668944051785
282,283.388171485604
319,310.3544324539519
313,354.7364099902534
346,373.5268457707853
527,451.06522383575196
519,533.9227000407902
563,568.2542010073508
857,768.7337428209876
632,812.1545734852871
494,532.5690640350837
419,379.6231754771761
236,286.16150843850824
159,149.11336447884887
123,106.50222866349176
91,90.36897460608908
77,99.43531203905073
118,95.73715765464293
119,127.54707837014674
140,155.80671788384203
169,192.7588535666422
194,193.62479676427617
198,193.52361128423465
214,215.58264447391463
225,231.24108202547924
248,242.62784564986967
235,263.16481010061744
288,253.7322541081548
318,320.6812426441146
397,365.7579253286721
377,418.6799682171921
395,366.04893768091875
333,400.20053597767753
289,320.90047519571624
277,306.7977083722282
243,254.93301089427118
203,199.63797462024883
148,142.88876523485166
72,105.12807901082034
63,62.8509609035561
58,49.62805302434668
49,59.07403710340484
57,72.99956406845905
82,86.28810190697918
119,112.54675583339043
166,177.06988307154694
210,210.5552061212274
212,236.54798942008733
227,228.1094693008955
199,237.12383780081112
170,205.45027261233085
177,192.6390717431409
215,215.2917256161857
284,256.3482432605044
285,308.04244646233553
307,291.20936251154427
249,290.0695022521064
250,231.2419172733513
272,241.583095880197
226,241.80735372071916
182,191.8986344086798
156,147.39546332370097
86,99.76665410209814
51,76.99596843148181
47,64.33000306620899
42,59.0948958320645
50,64.3290106910191
92,77.58958669171871
118,120.2529217277919
170,168.69135692593795
213,218.14840597590785
224,228.65392335552463
224,226.09869636110872
192,210.9150134711988
178,201.00087969753457
180,182.60610030130022
188,196.24643080189838
223,214.28181033578244
203,235.31713913551158
201,210.25904263206496
167,189.16918177979193
140,167.0628834783729
135,132.87047701193296
101,113.4835563392061
83,68.76945116512043
29,44.06741223363622
21,22.365814388766104
20,24.15270801153396
32,42.966486712513785
32,58.29296827672549
73,73.24164213258403
104,133.68681135122935
133,169.8218088307019
157,171.0231156334227
189,175.39190578479543
196,209.96962814745206
201,221.2787144873069
212,233.2794497680306
221,241.83578054008157
226,245.1281431267148
280,264.7439806670382
326,368.24010596864105
386,372.60663815771704
394,432.5694989453321
565,641.3747220879075
423,510.71311649397904
281,346.8112736594287
241,218.6405571377541
146,159.4087482729226
90,89.53617596860053
57,57.12492982592772
38,32.88309134380608
53,38.26906492199467
37,51.37334148848297
66,77.16656761785866
127,127.55430359624602
134,178.5089904138204
154,162.18564835208085
184,170.26370806706316
192,204.8914312174836
186,212.58851120563034
195,220.05575519630017
229,230.3021592692602
271,258.3584983745435
390,320.01420905720215
446,483.69104441546074
429,457.27830369154333
456,456.3357478400625
551,620.5151472080297
481,575.9492452254016
336,404.8585554733608
209,272.9768451485478
130,156.26565179440703
54,96.19270990305556
47,57.2696208241821
28,38.13900239586573
41,48.44201314812453
49,67.19045252664539
59,101.22741233272207
94,131.5528814832083
109,169.00988277735743
157,156.46189129579767
166,175.90386547273084
172,193.28404118497483
181,200.32322639249819
196,215.7247324123657
170,230.04684614260523
185,213.8987719261116
200,266.3824660336473
189,270.5257519435721
211,250.52654767782988
273,227.0236079676673
232,343.4099361548073
182,254.2029609395437
165,176.47120044386318
147,143.86685001230822
101,97.83706738442142
55,77.05154758014174
49,62.27859460176892
48,49.91863807650624
53,55.129277459947254
54,58.379272578023205
67,72.58714404723236
76,81.73047394140755
70,59.83532284926336
59,71.86688192052064
89,67.69038788978301
119,80.24622985246441
128,105.81334456285882
127,130.03868623990718
118,105.67332906690362
158,114.09895711638032
176,173.08937764931218
196,181.95645431425925
183,228.20479846265553
222,160.14225395300005
245,257.56775575674766
239,186.74650980476878
201,166.1661497605172
134,114.21998743811609
83,95.21625405764202
33,59.84767261113666
20,49.47049319972307
22,64.7474446374022
39,64.18101983120866
31,78.48896016076058
45,93.98779417778493
48,104.17827142104727
99,103.48419731801327
143,128.96313677942004
186,154.1606656804144
181,188.52266145276937
196,193.53311993937234
178,206.43721662910568
187,184.57379357532182
155,203.58906745013746
198,182.56731186442315
208,258.84850412404705
271,253.30174947921938
246,297.6109562389369
202,277.9038795195877
207,207.0876287521916
176,212.75942679102596
149,165.3551727092836
92,125.9579645743984
79,65.5981358261641
49,57.09064005682163
45,49.693573866461016
48,40.48799659576729
60,43.12789313322308
62,61.19230080047933
75,67.16062297440347
98,99.40181102749808
150,142.8583943215942
194,193.49423891554946
231,215.6170698448452
212,232.35456235191148
194,211.74980156415862
182,194.22732348589327
213,179.67113276956843
197,215.43456920599394
260,228.33011486807598
246,287.18301843898695
278,258.3342253481714
230,246.59437201320088
201,216.38729341628456
174,203.59334128030957
180,169.60569588720398
126,146.8425933264292
71,93.1036009886263
53,53.898821553313155
66,63.230691350990746
59,64.60607802882903
47,59.62908763379032
58,65.25028822176
80,80.30076165631964
101,106.95526679328887
122,142.36609968761576
225,173.92404844915188
277,236.62308661460605
273,253.3389567177294
270,242.6732581595694
299,237.1007836712971
231,259.5400226426155
264,218.5569111147482
264,256.68126051141854
237,255.05761832289767
219,214.27182286083053
167,194.10590318586722
240,155.8922895275841
119,190.45678572742997
74,100.84976818759615
226,223.57775169439356
224,166.07565079103068
177,138.58683506507705
142,90.35333242294882
92,87.32499831188971
64,68.19095466549214
59,72.90967006291241
91,91.58910266023825
117,146.64125732532526
139,178.58273833424028
214,197.17154192270712
293,253.68581551154233
302,285.77282208835516
375,308.90205504224343
345,349.2396450971046
321,323.4303531804801
393,344.4422071974102
384,416.10687862644676
409,417.82566760562486
379,400.40288529388266
270,335.20712155963446
329,283.6598461394372
401,322.9323165331404
276,310.4248096350287
258,237.02320598880559
338,187.79206888841958
75,192.5582821996615
62,81.74664854026346
103,76.9674901110621
158,79.860518529862
102,101.32029107967928
97,110.88821004062221
79,129.89139071162296
96,118.6060634331511
146,119.45586237310148
147,196.08157557006723
196,179.95785891155037
215,225.98910233134507
202,235.88727023816787
238,227.3095925901322
271,268.26828666758985
275,292.0008993716356
323,295.6337766214622
329,272.0176569383233
295,274.633343690704
308,262.3346023349242
238,280.62451298104014
164,194.65154286254057
108,109.9406501460344
55,64.3166731695737
35,37.58158313901281
38,29.088341288502928
55,56.0831156054216
103,66.99880587931578
129,109.86861009611512
166,161.3144753650623
222,201.74919000715286
206,200.22040054827823
255,195.56989902699553
308,234.2849298843753
281,283.98261765483943
265,269.5763043833844
271,264.89281134996696
280,264.3903260726227
290,298.13887142682074
359,358.8826905480795
398,402.69737074997335
490,371.51517478105677
583,533.9562739892943
472,492.39919247560465
335,381.39820861115714
232,219.47205438965042
160,173.0522184781789
75,87.32596672913587
45,45.03161846200318
35,34.72189714957927
52,51.870747105899625
79,67.33689269555889
125,108.6316222052984
197,192.576896030706
250,263.8383793370822
209,241.67790167619341
225,218.85170569238278
244,247.18277774072675
255,250.7448505647921
288,261.6785763067442
264,289.8965412438394
276,281.7195837447545
320,309.00917974104124
411,400.6669147962346
440,450.48990040750704
448,432.3945049576029
630,651.5003415302044
500,577.2793973244337
455,397.93755777262703
276,287.4122926055808
231,199.01660083501133
99,127.23399680799709
56,63.49043485072977
48,40.04173465834645
61,52.02492059045897
85,78.31860278936914
125,115.9194636758111
186,211.7403497798215
299,269.74767254692887
252,255.8175467225855
204,239.80021640852937
231,237.1150647906579
229,252.35123850596554
290,257.86894600488614
268,290.9342688844432
273,280.09476152824413
317,322.7182876412398
393,413.0087561579609
455,435.8615208104833
445,460.51969042741723
678,623.10890768633
552,583.2382520224357
454,464.5181403724058
292,322.95503997892945
194,224.79765800234003
128,118.2251794960448
51,77.52049691966991
34,41.20689070945581
64,57.96276193432053
71,90.98760120594444
130,125.20534031187191
185,211.82435687272803
285,291.3814972855728
271,280.91662162287946
232,254.97933643940013
284,246.9424449500434
306,285.91774500033006
282,324.1385268578389
329,303.07337210162876
328,333.3261475654501
386,347.54548068871253
450,425.95831187323245
518,485.21886910692825
434,485.2078237940804
625,591.3302406682469
686,595.2556451668743
447,526.0215922817116
312,325.2309455802851
221,234.06059142698476
127,133.41645741114144
72,84.34373675207519
44,54.78219271763876
86,67.7807120896557
100,96.36940573645866
126,129.65040462263525
174,188.3428156470063
197,217.85021044015562
265,218.57514559924203
216,243.63311070136132
259,247.61081212391684
286,272.4349914006156
280,291.2905722109244
276,288.2910781954716
267,285.0666170095133
293,301.1245359412827
348,354.8362278484366
376,410.00848022296327
342,371.2129533171263
332,335.7789528732005
426,368.2921425016688
565,403.0342151325579
380,387.09030619994337
310,281.0558102680242
233,203.7518981104605
135,139.25563913524297
81,78.14641546292735
64,67.56192746832672
50,66.25700436447453
71,63.63858829559924
83,97.32324829626239
115,125.99414961365527
204,174.00465975077915
271,234.8401556625459
274,283.68039089756525
292,285.96421960907213
309,308.7596112448962
311,305.2489447240352
300,304.54064565639595
367,336.4751155672755
440,395.43336779821135
439,448.22779331037407
393,397.077838247938
311,332.17878544467624
424,314.2869953895129
356,420.76751995452645
321,296.9136914694229
268,262.5848551882227
169,207.5461955707586
104,115.38390471562565
73,74.46377881967379
78,72.94259876378736
64,71.82959692731121
104,78.9846830325536
124,106.59938004129312
117,136.61485330751776
244,171.34841003449586
281,258.53221758279244
300,285.000607255591
316,288.41973683477534
278,300.9909482295744
430,272.9028416469184
396,386.9931517625026
364,370.92274343478493
348,357.0726687736346
315,345.1932450885922
248,277.0433708473224
231,234.42513019791582
234,225.9320553868376
217,222.82315828623848
290,168.3136012820887
234,170.4475489942917
115,99.1935002796898
43,59.65982795780896
19,32.96985804076811
49,53.745096318125505
74,69.07362284038781
93,109.10390028581935
144,150.75945370497942
187,201.27306519618577
240,202.6877291211609
200,227.636416990626
287,212.38736788513708
307,276.33001517381143
333,293.08614950865757
254,330.18086670725665
251,259.0104243392019
282,275.78779668025294
401,357.90708166062285
489,418.3891942739485
427,456.35107068478936
634,593.0135572059578
554,528.4123923744161
375,414.8190747341895
307,258.30528274289634
154,254.40272056302038
84,109.15521065926505
73,60.414415092497265
38,44.747357771196306
59,49.97664812417014
81,63.38336973344167
90,97.77788967156178
179,126.57038515818266
249,217.6054736884234
271,261.4145364158371
227,254.2878413685363
223,253.3987000560571
245,244.75581691654926
294,273.9976590544722
288,297.2466652730266
258,296.5639405884573
283,291.3442899146437
375,337.8374322130147
453,429.79799245571456
418,461.1049987127959
658,613.2858442589294
586,568.7044995313437
401,423.6218238416083
314,281.7112576376702
146,211.12927089718949
94,91.5696759628322
58,62.12697464276873
38,43.47646545581239
74,60.42741541467082
78,90.54629351311955
120,118.98262390920813
208,205.1739829244246
271,283.7730421199694
247,264.17788244528265
214,232.277677448542
280,224.50760467447967
238,272.13435639350564
247,273.8173066057864
265,273.84656721185337
283,275.73589829754263
290,317.05507049057786
455,372.2789931524411
438,484.20144602728345
391,436.9066784678636
749,562.5548498167478
643,651.3969698238666
555,473.6497777014373
339,335.42971168543744
230,215.71449692388413
129,130.83672950996748
59,75.57515954821928
50,39.269140474043084
80,63.11698889068447
92,85.42750447823745
120,139.33244182628016
260,200.0632917845548
232,311.1835550970034
227,247.8922907506796
236,222.64010059267832
265,256.2153652112454
288,272.9789521504029
265,290.3615940400803
248,287.70571819233817
283,281.32466240852625
336,318.5154827274139
421,415.1798990369033
526,466.48131442513255
499,476.3140563870343
713,634.8239504639417
595,675.72704098859
557,502.57007142401005
401,371.5581703742661
264,283.5720866985604
116,154.5434730242736
97,72.53522235741497
54,64.33021803992946
85,82.70866317092296
105,99.77068333785486
143,134.09492550840113
172,200.44813842830857
201,211.68198744959167
202,217.8139569966011
220,216.86294554299647
298,246.21084440707054
243,296.68665120729
278,267.2135562394119
270,278.8674238108162
290,277.94011839482005
337,309.3398402174389
364,378.12248924968515
449,409.2073712852895
348,408.7557586602011
347,357.61588215322513
394,362.9206059503697
471,443.4502475244752
382,369.20130160586797
272,313.23106478883625
183,207.83695292311663
119,126.69024047744578
71,80.46850850079124
47,67.99966019608034
50,55.72848910688296
65,71.71147567571133
101,91.58573963679459
119,134.66009257468372
195,182.78844991974785
224,234.79549394170039
263,264.40744722571617
287,277.7420337657496
341,298.8404022216062
301,326.2453580685539
326,306.2843926564034
371,357.46920297927227
409,412.9246146771359
370,444.1600159566114
463,365.18214343281136
395,395.4894334451373
365,366.4988612086785
446,361.15323174243264
384,343.64400323468965
300,294.4464128077611
169,200.09935316919137
104,114.92589142900393
82,76.37355752675737
91,69.20116245066546
60,68.15283587034637
93,82.81702981926851
101,104.15006752866731
172,128.67185752324647
220,218.41887319616478
266,246.16586100626694
316,269.7107328520978
309,307.6161041394364
308,300.7478268762698
311,304.4941195358074
286,307.35343267726773
334,298.4947461400002
320,339.22063335926924
331,327.07692737805485
292,284.63834711665487
221,258.7596425383376
233,219.69435559320843
193,213.69241965728088
135,160.08654230301238
97,98.31852919175807
49,59.80838737557887
41,42.159366065579796
46,29.594661812749337
54,58.941026130188575
71,74.1229228034638
103,105.01334322626528
134,155.10112155209228
184,197.26216112960327
188,207.54708332597679
226,200.62194140749432
255,243.37984966116665
230,265.62301661480694
231,249.6276241714218
278,249.2536000674297
255,273.6337214369842
251,281.010297806328
385,329.1784873375702
408,434.44518084902705
366,398.79187963281476
643,560.8833127262322
511,596.9059337239815
389,362.14476053591557
253,234.45934479979175
184,165.16322566358315
91,96.21660132346489
55,59.42352022261191
37,41.25977200655573
48,53.80795268297626
65,76.69581458988718
105,101.18653880873906
205,170.97034698208452
257,253.17908314754703
217,245.73573616630858
226,216.37484654160653
224,238.31920211313326
255,234.26239775105313
255,267.11549137906974
276,277.04123448045897
284,283.0593708905662
274,311.32534885499774
433,364.3438529704973
533,459.13730774923846
439,467.2392671625752
707,654.363947678791
537,617.9382499917433
452,418.38785327176646
301,299.873197167973
194,211.615111983819
93,109.47663636244025
67,59.47287088925783
43,42.558081842753246
72,62.76620337049428
89,85.35273742918254
138,128.1996375609697
293,220.19323265524773
395,313.5919892657718
294,291.9960149827224
244,257.20581081523284
227,252.0892637467419
270,243.31966353883465
302,283.90260503174295
270,302.9366248970375
283,284.80881984615655
307,310.26363212869944
398,406.0395008490404
469,453.36867332813875
463,450.85556903347225
678,664.4281651669247
628,601.1903792496755
548,526.202503911335
275,349.35826444739206
213,210.64070791000492
101,122.8286275370553
64,64.4929494221647
47,50.025716487038835
77,66.99026323969152
95,95.48512369888905
146,143.52722201958588
213,264.62033539624133
261,294.5251021325768
263,266.06406481282056
239,245.19721134812917
237,247.454762401246
254,264.24757680540654
275,276.04732833712916
309,291.17158423589564
252,310.76171339002195
339,296.5028399466572
422,409.95639118510337
415,492.6979173986461
428,431.41322953999014
612,609.2545923341917
673,634.3532205467665
520,578.7810486187776
354,348.321623812988
196,263.5137417172932
126,121.1001824372075
68,87.48456152600909
39,54.71398045413887
90,78.36934555310086
86,103.09934561597437
128,145.6792438121768
187,185.68274390986304
198,221.29458988896224
217,215.4821216120362
215,222.93649575084527
260,237.3127335518215
253,262.43220947436356
274,272.1522817825673
267,284.283291553874
283,269.51544078781154
302,311.48920493723637
362,358.23324322290165
397,418.36648568978984
361,376.0891561764745
333,354.3898547828371
407,364.26920043632816
408,450.4667559308573
291,359.3007954984782
256,254.05792983721818
142,205.4828470341869
102,113.41317580358623
85,74.62777519456068
55,70.7161441271925
47,53.54439190618608
75,66.8494535295379
71,102.24920692360324
114,115.33220740537072
187,176.4552343190229
234,224.07172006215913
269,266.11333695397013
240,283.2683944737778
261,273.2763635601493
269,282.34585585725785
281,289.93621237278074
349,321.59584722536744
358,394.41566667100267
423,395.8804960324004
398,408.9207140903751
291,349.240724615306
353,310.8990647913215
337,363.8163199434265
310,293.8694171954085
304,273.11484425034206
172,187.0780554671268
106,108.44322853514824
80,80.6128014511488
52,73.5199711533769
57,57.982339125878894
78,83.13283979854907
115,91.64481807096087
119,134.96535204652847
153,176.8536139916595
251,215.02502344955127
268,284.9806976349795
314,273.42339626756416
297,293.0008022562953
285,290.4300873486419
268,282.1707418727143
285,294.1273873378435
302,308.7601428596495
333,316.7961909194765
282,296.25324682054213
186,252.5732339885773
205,197.9586235125513
176,200.3204842023976
149,149.15650258046614
98,107.60709742092445
46,55.64041408183239
44,40.37140543558233
26,38.8599659200461
40,50.71027242820221
37,69.73380297752038
70,96.2552068179269
129,134.73590736266559
152,190.9404431463427
183,182.36093216738104
200,199.58653507300255
223,229.32015070424288
229,242.88150443150545
231,248.21470618215918
268,253.90406741231584
238,263.1855836298174
259,261.9217741395734
294,328.4269869161973
375,347.8854722704554
300,374.11138366499273
472,470.232563170426
428,489.26364571110565
341,339.2285359918747
199,223.65076182339652
152,145.93870500724307
67,79.95765266967923
50,49.59399983416144
29,36.972966036316755
33,48.239264618217256
48,66.19628094273067
79,99.03259700969627
138,162.17012191783778
177,205.83422798665177
200,201.83055811976925
207,201.51176707415306
246,214.14288519104628
210,247.21388330754237
242,238.6805636755082
273,267.41288024611896
310,275.26394669439793
363,313.20131353949586
334,420.79618198377307
392,408.61750753699835
397,389.8986104149674
435,561.8692970090661
417,482.32130621999056
330,376.2691799626484
205,244.42293377458626
115,167.6972595235938
56,76.96059090923885
42,51.039466902300305
26,40.770395827768716
42,58.38825755880005
35,70.81877202265217
56,102.76310107190149
88,155.13027215442904
119,184.23275245444663
159,164.60187918674208
159,191.60950896976033
203,206.06909038281432
208,223.5628606148793
227,241.07556259014686
180,258.30122568908035
234,229.21977485447673
239,285.95360246780996
225,326.37150906088897
283,297.07571362346357
439,330.4851352259007
254,551.1541566884994
187,285.0847885805131
218,213.21197691511907
184,197.14937136032452
119,141.88304525015164
83,91.33607587561906
52,66.25896096631196
32,51.204613366118515
30,54.8730716889209
34,56.02316667779916
27,65.89513757835576
17,84.8216027750645
15,78.93924706524906
19,84.61200802959979
40,74.86018419261335
60,51.38739632297663
64,60.12308895650277
100,64.31435504296886
165,77.62192564734832
198,181.99292983874227
268,228.84237208690084
256,242.23453571245153
284,252.44389703135104
245,298.24061524952043
211,228.031503254096
217,207.28301501484762
180,174.72191606533627
122,124.79634981694093
119,118.09559784888886
51,91.39129392305338
41,56.43953854960112
42,41.95750785312054
37,67.34645957236373
41,74.75471736675482
54,89.6257367555889
74,103.46891613914357
123,121.77903363804141
177,149.05831418635753
202,172.6148911540198
266,203.02258191737167
211,229.58796308424976
278,214.37193345394166
236,271.18155623586074
265,244.13403259456587
270,294.1985047917803
320,324.8158322626346
397,365.0993341791908
321,355.76162604173624
265,298.65755170632286
281,279.3718134830057
282,314.0898222747469
213,264.8078398501183
160,185.86294212850336
85,130.12466601147113
58,65.472390665392
39,61.573808823384425
49,49.602314501201725
48,46.50918291441368
73,62.08656376256554
71,83.06155943523639
104,108.60133356198119
178,162.98514715950967
238,216.82667685575157
257,271.6788515303771
283,265.6825158128125
290,291.4763608957347
226,288.1777447841584
309,253.14403375428327
311,333.10405666000725
311,354.70297902045246
341,366.6781001982723
377,349.81034654299583
304,319.40157463672574
276,301.9798939452598
300,293.97652926418033
216,264.6485373754963
202,183.03826387793308
103,134.2751664552435
95,72.00392367680381
49,69.01270205770756
58,61.40692731281045
63,57.83494288530334
68,80.7575565658029
85,91.10349840338488
108,114.21265077074159
150,155.63316093699186
252,211.14711783706136
341,278.7129771388006
284,323.5062832571377
305,286.5361529821559
348,288.6095814818653
256,318.84717595467845
305,280.8009546415646
253,317.875882296674
250,283.2158773428717
244,249.55016394421142
224,220.78591396165407
216,217.6995579378557
188,198.17259304400665
128,154.86575735224096
468,501.869461317442
572,456.77873185835057
630,440.1612428293168
519,384.95155387159144
403,287.2522502474288
222,197.64830308503198
153,159.37162414557696
122,159.95598404485193
170,175.83313579078356
214,229.36570956602648
279,267.0340817054821
305,324.66232636368886
377,307.05219818632116
385,348.4932379510031
321,349.5296007793927
327,307.0389319736552
385,348.063816597572
429,422.74595962415344
502,456.2601050276108
498,497.49582189417686
520,477.5412150956933
537,506.4540283930504
632,551.9555156255485
566,545.0880922337369
624,514.6545248758108
1083,557.3107090691952
435,725.078075302466
323,377.2707855753416
271,252.0415743066941
177,196.63863100508078
138,160.72603371100237
167,138.93648644717288
169,193.62881061539724
220,226.82998586601522
251,285.4416423615057
272,298.8714783792927
302,308.11413062396167
271,295.1235118450005
258,274.5169341567813
265,257.9370966732534
297,297.0997957280677
344,321.44441008862964
409,353.751608169816
411,382.58073501195304
413,371.27767414406696
421,387.7900337500188
304,393.76413038791185
196,248.1558326702641
158,137.84394798180531
130,102.36308910152005
82,84.27300627712219
87,67.85817608050121
97,75.11799891108468
122,99.73235404861839
139,155.74653627495974
214,193.66927999293722
225,270.6549485289987
251,231.5510698855213
256,235.45219032654612
272,252.3005618027076
308,266.52887070241417
270,292.39058779920646
256,270.1389307910063
266,256.3885548906096
292,294.41344537579135
360,359.58218101662743
404,406.0050051094984
363,403.6529620934222
412,366.4781652153565
391,407.0443694652185
359,339.12149767550335
260,247.1721355575265
203,164.73725234418347
116,108.02987522885991
68,74.23174145347483
56,56.67504968971865
67,67.36599484138024
91,84.8555304210801
142,131.50621346794307
246,234.8921705983683
339,319.3496519667123
302,280.3902961756737
222,254.99003856001528
247,238.34033835415264
223,257.94743486747035
271,249.24011799873404
280,277.48206126332127
255,275.07655575659976
310,300.48795305706324
422,401.60564695190186
423,460.9668983328681
422,429.0930382371219
456,471.1865941947831
458,450.53130504393647
370,417.3199903757392
296,298.9358666667616
189,216.17024157155714
137,126.02076728393052
77,85.99934502240063
69,63.56769867790604
87,79.17949706701964
108,90.35918422105601
165,145.26571220609432
246,274.36270790554823
395,368.0357866165062
308,325.8154504120375
247,257.1731723759212
268,258.7751840198966
277,252.98280439691302
278,284.00605324869565
288,287.0048466804585
278,292.5605200222225
381,325.67297391309734
424,452.81328687942323
514,471.4284417534477
500,493.4235453998551
491,517.4169291298507
532,502.0622264441063
499,468.4378323620065
358,392.12275298277206
271,272.9383962219386
168,180.23792854149193
96,109.46751571002956
82,86.80449695871681
108,99.27258601138112
111,115.6146250540089
156,171.9952904883501
322,261.33642943611784
403,411.24294729463185
347,359.1395877698968
260,291.1435133456177
274,285.0738045810007
310,290.2982075328278
303,317.1414387381012
346,323.2234411340128
332,330.37731715446347
367,354.951393391552
443,399.66963232631986
498,463.43565462169073
501,494.6726709292872
603,514.3167054771303
569,566.046501338167
547,546.9880095305699
507,454.29738292924304
419,406.9873526336778
248,340.4270864202151
188,192.52456758275824
149,144.72874260329846
145,139.88512757304537
170,148.5775956683873
177,190.46541295069406
228,249.10758668682945
297,298.0632865873545
302,288.687825981135
291,274.0125241246907
307,289.7222320156833
279,317.8387077013583
288,291.69237365656454
313,292.7823139377242
290,311.3821359504706
337,310.90146949463826
395,392.1705175691632
477,450.02854065826847
490,476.8100363066639
453,480.35530191751434
513,481.7522227672138
551,549.1275420852428
588,536.6233421329309
531,531.8484237312157
473,480.33733483674337
379,350.0602986084674
290,310.41899488090127
217,225.34754032290405
134,149.9985718264156
107,139.48272426991747
124,144.62297490281776
200,174.61715299773735
233,252.03470444373673
346,277.0243101782559
349,348.18774246609325
318,345.7566285321064
295,325.08253749422164
293,297.8054327446435
329,299.40632172234626
410,360.039586051151
462,440.8635469347469
507,493.47638556123593
525,518.3516203754856
466,509.6754659563309
494,508.25865142322914
583,556.5465584859022
619,583.1791340937335
531,570.5259708131645
540,470.1085476013894
419,405.3902965296392
373,311.8554477514907
268,254.93681437080747
141,172.41534621122796
117,134.091328475207
142,137.2945612346412
204,177.64346513260563
272,238.68341955020762
385,320.0298939028988
383,373.7409262244507
412,360.0997057928683
308,366.31873726441887
444,289.8641144720831
388,391.15190895720497
333,368.5353275983696
344,354.55785161173316
369,354.8777871773954
373,347.48677265205055
339,351.4334998309525
292,332.56369054250786
274,287.4145790494128
211,214.54747879668102
191,144.35909658209042
99,121.46838619921192
73,73.5016153945537
66,67.85694367651384
86,72.5778202176082
97,103.98803723080727
120,144.40490033689687
179,188.68377316792157
279,245.4707620607975
278,255.93792847273005
269,253.54309841767596
301,263.7714497287235
351,292.4990978745876
354,332.7836096227436
308,345.0129411922854
277,296.6725222540044
325,300.667901767048
398,391.48290596726315
494,421.95024398208926
416,445.26742808480617
490,423.08435376515496
444,448.97156452141314
376,372.06033407312725
241,265.0139710075002
189,197.36655557915927
132,129.31860120857908
87,90.2271885102215
67,71.93261627344822
86,69.41456851418381
75,85.90480081872319
117,107.31510081240421
252,164.15328288413582
237,314.32316134054844
174,254.48217187992944
121,211.7487020578384
80,162.149347859979
70,96.12637650074089
100,77.50877012362382
74,119.49784591776644
80,81.70874345250121
71,78.21427413902683
310,126.73585794490702
475,349.9304766672323
471,455.58894737743907
502,479.78877106540017
518,450.44324388662466
380,439.3275464354786
305,283.337329894658
188,214.47956441204718
140,136.41168379142772
75,87.0214832346743
71,67.45115189962314
72,82.35898351176574
80,87.88599616337063
142,134.77792903102005
252,263.9732603592441
361,331.8538524177577
321,279.1634002919112
235,229.17355552254517
283,210.11490388221162
248,247.0924794257081
273,225.33793073103473
297,247.13303220938906
251,266.6150322829196
354,250.69870774146594
420,413.4520865855268
474,477.8911649386168
484,489.48120558696775
592,513.9419035689915
522,576.009939386891
487,470.21678240897495
367,370.68992728601364
262,273.33959073719683
178,175.77171034744654
107,108.08707513546769
94,83.56861796191228
107,101.61304241475843
120,111.62454835251962
169,165.0318908772654
285,286.61799637992806
411,392.8684593937525
335,352.56888395066323
256,270.6661366428888
294,271.80097836926
310,294.27660582280447
333,306.3302533602724
328,337.9223110555159
285,323.9837757410419
385,337.3473427066586
429,431.97818503262914
468,464.90668469793707
519,486.8041614812806
582,564.6815978978665
605,579.5424977064387
533,552.8329027850513
434,459.0986907713318
406,373.1856581090775
298,317.485285239464
181,220.57145093485227
169,143.32510362125024
161,145.51953603245678
160,155.55457514815643
206,190.35102697540276
266,258.4814893925914
311,323.5608091511764
322,299.50566379810664
294,284.6966520058441
294,297.3762222908196
251,302.14361362281784
286,274.57035066835033
290,293.3390724384917
289,288.0097298401767
309,314.0445384197265
465,372.4890067645567
459,492.9073046249933
448,471.33125203560746
455,452.26241621990334
524,489.63276115015606
605,571.1132155207276
563,566.9685023363637
537,506.88868465256337
609,480.4572565791442
539,445.2079961175609
406,362.1729739811284
266,258.786618947713
127,163.15284336519036
126,121.78591688243772
149,139.96584803524843
178,188.89164824785126
262,238.72157559170583
329,299.9379741201801
344,343.1189351691983
334,334.2228696230715
357,327.4129212599314
317,337.8380412553656
349,320.4088667847618
383,375.8703053592205
473,442.681294759496
526,507.00956100449457
592,523.7550230424451
583,535.275097626032
527,573.8186219999553
573,586.4200307963287
627,586.4443523634986
543,572.4301679091387
610,519.4716820986062
533,463.58568909341983
341,392.1583645614231
299,252.58260840145869
167,170.71793499483087
152,145.90609747095056
173,150.25637358351906
196,191.76678985939097
281,251.05498611676538
367,333.6620359302633
375,369.66375123696025
359,365.94048411896966
367,341.6684672751939
346,345.12479698834517
337,338.50999319469196
318,342.56258028956387
316,345.08633040993936
380,334.779228895759
355,361.822865484409
310,338.98213954782835
362,313.51283426734454
294,328.2129993542445
208,226.04849558454575
173,151.96006240082642
124,108.73986768633992
68,82.4892403167313
53,62.14821462062742
85,80.72317341778044
101,100.16857994939788
162,153.61914680269322
214,211.78841355851833
293,272.3689193531847
260,268.68465746581853
236,249.91997911402825
235,249.3235280226255
254,255.72230852315738
260,267.09710112225895
282,262.98841100003864
257,278.3011441097253
303,287.46323794222855
423,369.10758854067853
418,456.6709041447443
389,412.68488469953627
440,420.69706908606224
448,433.35806891544064
342,383.4811114431763
281,245.60626991685328
144,195.7874443192914
107,109.966875647883
59,70.54715438196622
45,57.869326045522186
79,67.63700519004118
71,84.55566495382284
136,124.89597176918872
280,246.9029489944476
362,326.81429617441745
317,281.8117065521777
225,247.35889102865883
244,237.113392617254
260,240.13417139139904
258,261.933275469002
273,270.6526344212745
261,262.7116056182537
329,288.4798295348959
421,419.46982496421595
474,466.20832491069683
513,462.0046139034645
540,512.9858712564437
476,513.1181917445335
380,412.04011503088014
368,304.8629471563756
244,218.07792541756078
132,147.07071748235575
116,81.25775972164236
93,73.98498579819355
95,86.90825571330556
111,87.64817533907602
213,152.23088613823987
367,297.88130496432467
541,403.2606902973941
413,397.6735214335178
267,300.94788210154513
347,264.3376685504549
283,327.53594329127026
273,286.69059991885
282,288.1241999393232
307,283.9925430822289
356,353.529210352754
450,439.40735541718396
466,491.7088640230379
508,502.2293362567064
579,551.6018324621431
503,560.9622289063379
532,462.7560412883078
404,413.91209970032526
302,294.75312132111446
196,192.4471252048752
101,124.70387560808462
68,93.64025080385261
104,101.08787954233385
119,122.21942218934112
200,187.90809822733482
310,344.64247352046135
410,443.4414083113347
350,383.4355990993905
270,282.2848620521254
314,295.08090882347744
316,311.2110751188361
289,318.73609610942515
355,310.56862523808985
322,348.25713787626296
343,359.214584863772
345,419.20387849494375
409,412.01641143170804
517,455.8720782125407
609,565.0000879233843
524,592.3547171581502
544,537.1811575027635
491,462.63481456093547
410,406.2796337603009
273,317.71263689279505
191,186.49402856757382
141,151.35504735359024
151,145.81549925101217
127,155.01250870067005
194,186.22721977647058
251,257.30335071232855
314,319.07948396250697
268,304.68584555186203
267,275.99862431917603
324,288.85475219211855
270,315.62989912582617
255,283.10007488004373
273,278.16612233686527
255,287.99550531300696
318,295.64202644287775
327,381.51502617251526
407,403.9942006312042
453,444.1627848494277
472,470.20783853538796
469,508.0951218801429
440,552.4294023877806
561,491.49514707905433
504,539.1791051938516
496,490.74358524635664
390,445.2145398229867
291,341.4684860556249
208,233.47087356548482
118,138.41799746548133
125,135.76791486761653
115,140.3547760407364
180,175.7017824824264
230,236.81512257540737
296,283.15906549346766
326,331.8546678252994
286,328.7847177704045
316,318.3570460212041
278,309.944710244873
294,294.6123511693084
323,333.969924246761
423,384.2363977755428
500,477.55285045409374
524,516.939780140705
476,520.4462264372276
501,502.4385634374352
601,541.1860662686652
564,618.2701965416557
463,525.4374294955755
497,467.19054189682294
414,408.1369130407502
317,318.41408277186673
231,249.27241236946443
143,147.26616519831188
136,139.5099860392928
129,148.28879695460498
181,178.66897445569055
245,238.77039542534777
271,306.1827861752234
328,317.9173529751744
349,325.8891999444354
318,332.915625804324
311,302.5924899648693
324,308.46825137367296
346,326.5564850020135
297,358.85296584292166
322,326.13441461183027
298,330.1359755158799
315,306.11574951168916
314,331.8215968361632
241,299.36507319371606
183,205.1277984312833
144,140.93445361252634
67,107.04083677171796
76,62.773157980415554
83,62.97253189248449
60,88.24840874150419
68,97.94429868287949
113,140.6921886629682
158,205.63163126961882
209,243.5930455560065
249,239.6875514966961
231,239.26478739976292
232,246.00385502861474
231,255.7962819652404
221,249.55472682266034
260,241.93534097002208
211,264.5746841645835
263,256.83572894546853
324,340.3046445630509
356,369.83751022987866
308,354.9130797335606
332,348.0502613656073
359,360.61636557389465
292,336.54441459836687
224,231.18411865831533
165,168.09417660116844
76,104.91026121835709
66,61.061881344550734
75,56.13595917201437
70,79.38548406521163
77,78.8955142077093
113,132.22194792204752
148,204.295697612807
224,243.08830335128889
216,254.49118596911688
180,218.6355639207996
231,210.63274432533677
210,234.62113426729107
237,233.3968769907465
215,257.3334032031709
259,231.2067683734383
297,294.83265585605415
300,382.19320510189374
357,364.0317100070275
416,380.9901339398924
448,447.6269425590031
430,442.0433651844757
425,384.48047002668767
296,314.47682369012034
198,207.05581460225608
123,130.7887192984088
90,79.8840970537701
70,75.91119484130243
59,84.4914392348212
80,98.51148663517316
102,154.02372813105063
119,192.46304783479795
156,189.47535056553957
173,188.74427777140428
187,198.7284818953965
198,217.24136452584202
237,229.30600099341814
241,253.05738560200797
225,258.739097644102
211,254.26105410459232
223,267.4234731849739
263,279.25656079271903
350,325.4635919495749
533,389.99108956014015
363,551.0382556166074
303,423.21112630832334
308,353.3010327663046
280,295.88651925223485
284,262.42377274318164
203,216.87350355253577
128,139.62475312136635
111,99.56912918243201
72,98.33088170589227
77,99.181497025726
71,106.63241902831467
73,54.622766700441055
58,102.76834136463037
64,73.346108888987
81,49.49211777052778
115,72.00833244768589
134,96.2839782336255
154,138.65681096731694
161,142.2947624048371
194,163.61635667506414
213,211.3347560608003
268,208.10299226832424
325,308.0580567705325
321,391.2311733186394
355,286.1400815849079
265,360.4866166975141
272,239.57460481362511
207,244.80196779213435
165,160.62699679062388
166,150.63568972258685
124,139.66080563704946
116,124.68891512810488
93,130.29025819999399
63,130.2539945487613
83,135.9442225287351
86,144.82096882455025
131,154.3452626404661
177,158.54624154840687
250,196.11770285665662
226,244.8294102386643
246,231.69316392548947
254,247.2876062994038
261,251.78209327756525
264,265.59379843155074
293,292.1577187112743
328,339.44409313369306
427,386.70400981443726
430,437.0076183127091
368,424.96372732998617
359,406.47057581816347
434,446.5922674103928
389,438.44421341219964
355,389.36688436749193
322,322.34854233077067
295,286.3182861224808
277,241.33372614342812
196,197.67376660068683
109,119.81378848730212
90,110.90810864940389
94,103.1534828576166
129,137.37169488582538
192,189.0595802259788
252,245.88386669406705
298,292.54323016663733
303,305.3866053869121
278,306.83515221360693
289,282.00042626873505
294,296.0660880943428
303,326.76459365068484
373,366.8475413981315
422,435.63692658653844
429,462.29787329062594
406,440.4697616803693
398,420.9068940046493
417,441.7480522084412
464,428.2920137799818
407,456.3861814038074
366,376.9815509128008
300,307.3249392920002
227,273.3455225174912
157,227.46612750356013
122,134.32745765145555
113,119.80204945369952
113,123.33852003406624
154,150.6944447269764
189,213.44669425642172
284,246.68553718524865
363,314.6472746473981
335,343.03421153036516
335,316.2353284483387
315,322.8638113837096
274,310.2521555388643
279,294.4003818413337
268,307.8064109628389
307,303.5038410443577
270,306.79792384485813
307,282.49588895386773
249,305.8525437529196
187,254.04039657852795
150,175.11233251255453
283,205.74560926888554
317,183.36358963123746
252,165.0811277118212
194,145.17629565738332
171,115.08930618999956
150,108.61670551153694
138,148.26043547994115
173,177.64717991594947
196,197.53969406394634
226,220.2780331472639
203,235.49600757557377
212,229.274410511749
201,222.81418526940948
205,216.15341636285788
192,231.8098684705927
204,227.78835984200273
200,222.67267034660506
217,237.30358927525998
250,253.8704040826631
269,266.82531342612026
237,272.41033175493374
247,261.73330171547417
270,283.26862689879454
272,269.17600986597
233,253.35948780473765
357,201.95879243329549
117,234.24405076829223
85,116.81567178301925
97,108.80127835062264
103,109.61193471002495
114,126.15024676933857
120,143.28090597602645
92,141.16165820566923
136,146.82854871250305
154,176.06561106688903
151,180.33803245941314
139,177.17474464508058
143,166.57521097663468
157,164.90444902061512
157,178.4984692251069
182,174.6569207164681
171,189.90442225531024
174,200.58956987395513
170,179.38262530465855
197,179.9373489111559
198,196.0243514793755
173,191.48780930514806
141,154.78877175993156
114,104.58303268073637
74,76.45649537342364
51,49.03582227408998
52,43.940904414379474
76,69.83545648104526
116,94.2981723274089
201,161.9405401581954
327,301.9406900211144
298,281.77246758940095
192,214.9990722768234
158,158.7749944788794
138,149.17834429192686
134,143.79928657654446
168,148.39752614009433
161,166.80020825543346
194,167.60152004184405
215,192.90334975906802
217,203.022533256801
205,197.31734524421373
177,174.17228578281544
133,158.86752995213396
110,126.58537578244538
116,122.79202679533654
114,110.36049050066556
97,86.79311889928691
51,54.092699675804944
50,40.18430259178158
38,42.99834802893761
70,70.74231931507447
91,98.33693076343427
160,172.8340759266518
263,321.57055780333627
208,308.5700842579226
181,200.8034221270275
154,164.87038420361347
133,145.68575829054137
145,142.11567592134637
152,150.86130168626138
160,174.406284564892
176,183.9793946424964
177,197.66718665918378
241,212.27968497520817
207,221.6318047153145
164,179.33578030761453
166,153.0220631310036
134,149.66174790330246
144,131.15211894993726
109,126.94718490792113
91,90.64668531181708
71,60.762979246978894
46,42.35945651967608
48,44.49659700197755
58,65.08320709862785
101,96.16137338368267
182,174.07043620793658
352,313.1601100744407
284,303.31411153074697
221,226.6639166539958
160,177.57478181843547
164,154.30611421485008
172,162.40881707496774
180,175.41003525663385
196,190.652326511186
169,197.70655749501037
232,199.75201704601628
250,250.02537916378148
168,245.45699130117893
175,191.5638667803159
151,171.13357291832833
163,154.39102326201805
132,157.87411479789134
134,136.132739778279
95,101.77037735352624
53,70.95724043290112
50,45.6669938780903
57,53.38851506568681
73,77.59487933303882
106,103.90263420507739
205,193.8913774159151
607,359.97931570951795
432,422.9707458276217
286,299.8294184825485
202,203.54388943317076
180,187.28236154462982
191,185.58604459688488
181,195.21985856374314
250,205.08862605174514
206,236.80980834170316
240,229.69358117913
289,251.26345523897967
235,252.50107149722322
217,205.92003099725804
173,202.42368483618935
180,172.82415133746755
165,163.82132667585944
165,154.5838890239224
137,119.08622057589459
89,80.64683121165892
64,56.99398669481693
65,60.21450312157204
78,84.1986615089637
149,103.65132244507923
201,204.1868734146994
359,380.37564479451055
343,357.29109209417607
230,279.378703499628
184,210.96145024224037
186,196.42580280478936
162,199.29694527413676
169,194.47896585744996
231,209.534330545113
237,234.85042625987472
289,257.4034945357547
305,304.57769935066574
287,306.66934107339665
255,291.3885843509457
246,250.64999984149011
272,247.4145895809583
263,269.55181146846337
208,253.92361862512797
209,185.97400371020248
146,151.2030954993406
107,115.992596275585
74,90.13348302804782
88,83.19535323321472
89,95.77667525958225
145,127.89827920457269
185,178.56302548329958
183,201.94449601047754
204,213.2133047362785
186,212.52729952967263
184,204.39819224402783
178,193.2050636997418
213,192.31130880402432
214,226.0721131314582
212,222.4696319152659
218,220.25055315653856
261,243.81829764756665
223,266.3643820497978
257,242.59071609034098
250,255.31435598579426
238,263.67663706416783
280,268.6717503095975
252,271.9132903621568
244,231.97278211230497
159,199.25241944841036
158,123.31520577560046
112,110.36369712398647
99,98.66366587021002
110,96.13948496443474
112,127.47551167509525
141,141.6393306730575
98,141.64995038469158
142,149.54880735163198
160,165.19808016917594
162,178.05309463458266
164,176.28607913300667
175,172.05363286344942
187,184.6070418428402
241,189.50005084038875
199,215.78026763968273
206,194.29127302879567
202,206.2348575745847
167,187.11048555299297
170,178.80424431436597
150,182.46949984677534
188,163.80243979475
157,160.73096961433563
103,110.21847441638698
65,69.58389154207593
50,47.677525618078306
53,44.070481309372916
65,72.0218899120421
107,105.93252715009159
158,176.66570070068457
315,277.9405012168465
292,294.60773986857447
239,216.06459681693613
143,177.87061900204577
139,141.09481426945578
173,137.88535072925004
185,167.67622624262606
214,179.33387218292185
202,201.76949812719442
223,202.59380810528552
247,216.68472988132575
253,218.28598088844853
176,199.62376983677953
155,155.07273313340522
117,132.72450776337485
137,118.71782149893042
139,117.22615894683427
95,104.43609932799535
65,65.55989163031188
34,50.67878231677051
41,45.27555182320943
71,62.23171504523599
85,89.87645436326697
153,122.7056075174569
234,207.69738006189291
173,237.8058381009226
176,199.83850117594528
160,155.65355939914386
143,155.89463167327665
137,150.1582190787755
140,149.28606074545405
150,166.43219642263364
168,168.22986048524356
175,195.99268940372082
208,206.7251658707814
183,216.87673961495491
167,182.65982996185437
152,152.99372685047837
145,137.32048085524394
141,130.13314399834735
130,127.72645928955359
85,94.0233129211488
62,65.14185211292
39,44.31979956687437
45,43.55333260265049
56,63.78698929216945
97,95.5008310133768
172,172.01118094665173
371,295.3366185933152
284,303.88171264603864
217,216.55392267746916
152,176.42051756174016
139,152.0623043621606
163,154.45816617716653
171,168.82756265344594
168,181.27662001817345
243,179.11807181941793
213,227.33831110052603
264,235.3266131285054
206,242.0796189167664
202,195.41029436137802
148,173.35785452861825
124,157.16873460728488
154,144.9975466513645
137,144.58104491115327
91,101.66451647496828
62,68.08199234061784
40,46.01175795321254
53,50.830730445185914
72,74.40800285705562
107,105.13857777015494
180,189.57437931262476
373,320.46160834774463
309,342.89826470659233
242,253.31937681194484
172,191.14352603548232
186,173.14512670944293
202,185.55219611369398
204,195.0979134110587
217,220.60503777070326
248,218.7774562486403
254,242.03959431342736
270,273.09727130366
267,246.08286332497528
243,226.6100410848121
182,198.06738099918635
145,168.43668681716713
178,158.23104868881384
175,160.36835583068643
126,120.38558109340386
74,78.6532399166492
57,55.65832265844685
65,61.49882660123082
81,78.93426877645983
107,107.89198416153002
214,187.04559586976447
371,381.89781485254105
324,336.59786389031717
251,247.09080300473354
209,209.79854642404774
189,200.2101390227262
195,195.73107946746762
206,210.7050890411112
270,225.25511603823418
250,260.8502609405007
279,270.119867757875
289,299.55118268447865
274,295.4050734332057
264,284.6502197508523
278,259.018221680619
245,263.7154288421913
266,257.7555781292435
284,250.65018112751136
216,230.4759274230004
158,151.3454853809708
125,114.24389092981963
87,88.27906019670154
82,86.93494735108204
110,89.08966106948206
169,143.55232944113115
175,191.40827931161766
222,195.4373931442581
256,227.33518240742717
229,235.86682153743524
229,218.90147827831174
227,218.61330267541342
238,220.4144667908744
271,238.97182092663178
241,255.70041660417357
240,239.02981103657686
241,256.3445414575467
282,249.63986451122383
299,272.6404116684175
286,278.19696701831634
284,273.92064684812743
288,293.13070625208894
295,278.8990930614258
251,250.2827241268658
213,192.2466152577183
161,155.810502726094
135,112.95623593766888
104,98.51768060593236
117,105.75396662190504
127,124.35760425376571
165,143.7766706963216
148,147.88387565216067
196,168.39705978452184
187,196.75402814838512
165,191.17373468964436
210,179.75196548158166
220,199.56620656481368
196,214.24695845482026
208,200.01758964893844
201,199.87794561803838
208,192.20909650686235
215,208.58112454469804
218,193.58993167360345
179,201.22246049706575
167,186.7857079926405
213,175.24712852157575
170,172.09154293969567
116,110.88565375213287
67,68.04185293470296
53,47.29788105270006
64,49.11771782711813
81,69.13708534951051
108,107.84424616470315
201,173.33296281251523
364,324.6812770524938
293,316.3439468556583
211,227.59211085906875
184,167.05385765705304
150,161.71186005990882
164,154.97863883322287
162,169.07068472278957
188,177.30056270625252
214,191.97268302666254
254,211.55929435661326
254,238.80005459642985
189,226.86768055686593
172,176.25234210432708
133,155.76065648475412
137,125.65244184520256
168,131.74217283261427
148,130.3493974947013
84,99.6326854030275
54,54.52911922372408
47,40.21131729307239
50,43.52098652273457
71,72.28037596550232
92,94.84595393472259
186,166.35195037875016
371,312.92429769859996
302,296.1808163319888
250,227.5762111524772
148,191.3123208388664
167,146.76571307694684
171,160.74000264294463
194,161.44047760922095
217,185.46533415193744
178,201.73666331609266
271,194.2406784669924
252,269.089423915886
220,222.95891840908837
175,183.0665530277682
144,156.3044023928956
138,147.00264819466514
144,144.10598347653402
151,131.02628460896028
112,98.2628479705616
62,69.25179733513457
41,46.47677551559293
40,46.33768204436085
66,60.27445287428593
107,95.62632876369044
214,178.7416745780552
377,376.22659627011456
358,321.11047101699717
265,266.6629172380255
181,188.9867194312318
167,165.7220429367295
201,175.28828508269078
196,196.54092132970254
205,199.6733869148053
207,200.7449839013535
254,228.4698381643018
247,264.52961553959517
239,230.26081005584706
200,203.73969023915393
202,166.53189746507087
146,168.54650132258104
136,150.99728509235572
168,140.8244296590329
129,108.11971992381086
67,70.24225858484076
57,45.57548070754326
53,52.03202641592728
83,73.67667072314492
111,108.09139860381389
198,201.1812008077958
388,362.10869447228987
322,355.0571695424041
252,260.9414170198035
190,198.6245517437038
203,179.1064234315827
198,200.07091972992924
213,205.79695567280802
230,227.39888152719158
225,233.41481506093237
274,247.77152050834323
283,276.4786667688802
249,269.1463896782083
250,223.35774776711082
215,215.2554681595743
186,182.21957539877295
201,166.77092787853127
194,176.5523607055096
168,141.97999621473414
86,93.03592186735537
55,59.4609830933213
62,61.17949392946494
64,81.09412545495958
109,102.95389054968363
197,192.75289153975157
399,377.8716198477275
335,336.0093242396827
267,257.754463723789
199,212.55929964224265
194,194.6492382714476
204,199.06833127307328
230,211.10101057658545
281,244.12010132567755
229,268.64777614969677
270,260.31769400282576
330,295.8614634159867
300,316.07278594242354
293,279.4727616519085
265,272.78114497559636
264,261.134100348219
278,275.72034455087186
248,266.4305527094249
231,215.42213800689402
184,163.71192589348047
118,128.7700156854552
96,91.1107910595452
117,85.63986856436821
104,110.38662515331973
158,145.6857045445322
195,183.35329819459625
246,209.87007425066886
254,249.45624199863573
244,234.42121810986941
240,237.26668974233542
235,230.8890499273031
265,234.56945814329842
256,264.51932979818804
262,245.87424077884862
240,256.3767203004138
292,254.16807232973167
336,290.49680194764585
329,310.59715191213706
304,294.6495033190747
287,288.9472367315527
304,295.0381995257049
265,284.5299455709115
258,242.68696963075908
226,211.26457863360804
173,154.5139981508747
131,119.98671403046873
90,109.29694324532662
113,103.16271356891
136,124.46681861607111
165,152.1298168586009
166,152.26449063893094
199,182.1828153626762
199,199.1438718782038
207,198.9377731668823
198,201.07650538533474
237,199.44283110533576
193,224.9163701425988
227,202.3125538211998
221,214.85987259816372
240,219.43276614409996
229,229.62741039799823
239,205.79683868908987
209,211.90846449904345
196,191.82241332677873
168,192.86360496264587
189,150.6550592819921
109,123.99746315743184
74,66.98843877559688
59,50.017811451529475
59,51.7353132956076
74,75.30274545171628
107,106.3709599224198
175,193.05425802005934
288,308.2984599532527
307,300.6370245824431
224,226.90674025144966
162,171.6562307492332
158,153.78664505235878
132,162.16685726998594
169,152.07178454985316
206,184.52005434260462
188,205.34702761817684
215,209.662566233282
217,233.39857412517392
203,210.62986275279684
181,182.45978374201397
173,152.69473603745763
149,141.14835075727217
157,141.26374986360773
125,138.5991716147557
119,89.13728208472212
67,62.55026883838898
55,46.47836621024121
53,44.33288452504225
76,71.00672442433874
98,96.69668903204024
158,172.86680452240387
287,288.5427981091907
303,294.75348211839304
234,235.21827218090766
170,174.0661454719639
164,157.27076248165278
167,153.39182735431973
192,168.0941085624098
222,191.17466646823442
241,205.42581241763943
238,229.28338650131784
243,243.17596292240245
221,221.57484086559055
257,189.5938263484295
218,215.93653826255468
184,177.16035726279668
202,167.92137698626922
158,151.94750415366087
143,106.87841099410613
70,74.33173961017073
55,45.6759949796717
65,47.487336609486576
72,67.8895391200118
100,102.54764575895331
156,176.7006692061344
319,292.514862093456
288,318.9762777179061
260,230.74365851533236
208,194.53911203260753
203,180.85334758848487
209,188.47402843869534
207,203.12976842667857
240,211.07041127400825
216,229.37136705914108
215,236.2664582374228
267,244.49132371011217
230,241.3737777012073
300,217.2429353052756
214,241.2470854363519
239,187.3312951014577
220,201.65686754224208
192,170.7544424305255
159,141.5655105930718
140,98.62139731476499
87,87.20679139329255
89,73.2353660758249
66,82.19985836141224
82,100.04515066807137
120,126.22749082021139
142,159.80195700804035
115,162.9849995411119
121,151.71489416268741
121,154.94773745966444
160,150.9725564386655
173,182.82634701336383
200,191.63220100684302
221,227.25483095002042
299,233.01723386313222
330,294.24293450586595
433,318.3513596099698
477,375.73956754104535
451,424.7262118084207
464,383.34127037961196
467,394.5460621703618
478,379.49021838201867
472,298.2217425525824
420,269.4982871480821
285,214.3292315281928
198,141.75787380634316
125,112.10770556061931
87,90.84140902480512
78,105.98900876098372
148,166.5750675552447
172,224.9865819540823
181,241.8252718855672
152,193.68418366583836
163,163.5396110981893
162,174.15388019641892
170,181.94419332398653
161,196.07441334190685
171,202.7484017725453
181,212.74663752577868
194,228.48008247536578
220,264.5727002060641
227,272.4282452370609
217,259.0790788646485
225,248.1366456214345
214,265.62219936752786
243,269.4250829013014
232,273.5491955289016
198,219.71401431618406
160,173.5284938454516
122,131.3680345990142
84,100.58313885439928
66,87.62138643003989
105,83.31624730172679
154,145.2815486561484
165,176.64593170908554
162,201.65365656550878
185,205.5359130993013
159,209.01600825468822
193,194.03821956709785
214,209.50575576041612
226,222.18926842326806
217,232.00217902389758
225,224.7677371431982
207,231.2319088794479
236,234.55341763041147
261,248.73451181067685
286,272.1778101968801
286,275.4738217194337
262,281.4551429172258
267,283.88023005994967
272,264.6003806588543
231,243.19169152775703
182,191.25832540688737
143,140.60153143876178
129,109.69980237772648
96,95.38949752967955
112,106.29632199588707
134,131.82300769714186
144,156.83184493853025
126,154.8097336926701
162,177.9939852066208
196,177.55655687746193
214,194.6315755165798
196,208.88529217308985
200,211.34243946722674
211,198.37935586031827
195,215.79584378565426
191,199.14166960216687
219,201.7630257462112
212,220.51014295840247
169,209.50461763646342
172,177.32669157140597
168,173.52983092764597
177,175.30244171576123
144,160.44292279246318
339,313.20268528648035
372,230.85482470644732
323,217.40379036088592
259,172.53901123110828
207,142.1191491556065
117,109.28761240953837
109,117.23764266976778
127,145.7260043575498
180,182.2342914252933
227,231.97099308457084
313,274.20156362051296
360,320.20399260894686
350,343.3095839120571
347,333.46523626718795
331,329.4106098672573
385,338.4182067970442
402,366.3393941780264
420,426.3011107247609
473,454.521803032613
510,469.51292380443743
499,486.23764234239536
494,482.2913443689585
512,482.1268393692822
464,424.3297032507084
432,364.6228376329256
589,321.99215287619444
184,303.0880625554317
144,143.34437940539163
103,115.03742675571941
154,86.15135268342785
130,111.91161475326939
131,130.39864659992094
159,162.17283120265867
176,218.74367312284605
268,239.80684211042433
271,295.89835924283636
286,305.04632596635827
258,291.8342975980671
234,261.86434841012624
212,251.54292033473075
244,255.75214198396307
301,277.7869641325502
316,314.13416273007186
334,290.7698460673708
323,293.4646450158114
249,280.3182662265586
184,213.38452540151732
133,143.82288191720838
60,74.01204104177869
42,39.92068614821268
26,26.216011302158723
28,30.01121308747272
69,51.71625650108841
98,90.44002520012943
164,156.77270306601633
250,244.32784845880434
328,315.5115876826831
306,280.12039879198795
258,253.31031316936046
233,250.84168302536165
228,250.14233281837778
257,236.80892586263187
259,264.7282459579539
288,264.59515429140436
297,305.1765734173522
364,328.8440868994781
364,373.05848630600923
357,336.8814720174073
306,327.15112147222567
295,266.9082250397474
223,238.1644174854454
161,145.34852850357169
122,86.90792646187425
40,57.01263916025955
25,30.486696375633578
25,22.697214605186193
58,47.6529480097158
82,79.81373439070927
159,169.1254334850497
228,259.9666255862941
343,357.9851496829588
293,307.3218684151784
241,255.83275141775698
257,242.73456766841434
259,255.4168578257786
265,266.4138675235448
284,281.25682194919597
300,293.1221412748322
338,318.5496493878287
394,408.05912805003226
414,420.74904499839465
357,398.94229019793687
352,360.3188380570047
293,321.64140445661127
272,265.2940496467445
195,197.28371133158217
115,125.41128948282503
50,60.72988856165858
28,33.55387921996685
29,26.561353938946024
55,51.25646056763611
95,80.26592873233
171,170.5112262943652
261,267.58054068645424
348,375.973187042711
359,307.55953001461177
273,286.8814164502941
287,278.5514952192462
289,279.4369214706166
300,290.8808638884128
299,305.8210653909092
294,310.90737490159387
353,336.5304276039834
440,410.9583165202325
456,464.29926268623615
428,447.8332958805939
451,420.9850619290141
411,411.42402318219723
317,340.8198082416968
218,233.42771410506916
119,137.0201305950655
75,70.41830140647997
37,47.96370350184408
32,39.35174177421069
76,61.156107725307294
108,106.34265084983618
168,188.14465418386843
386,269.56337296864916
420,401.7768372202569
326,369.7890133960874
291,300.7364992297068
286,298.9530444782213
286,296.98460865663395
314,303.1172656359621
323,326.4352967552358
340,334.40567424166386
381,353.3058706762652
414,409.2839320326343
443,434.21914641893846
459,435.2928299626153
464,447.0049272260711
421,446.40815383553564
377,371.33178185197426
276,292.58829737892125
204,198.7229150157504
125,127.2120237374839
60,77.57227676324105
70,56.55686923893811
83,85.70398489131895
123,100.83329417791425
206,168.89792220094336
228,279.9748263676712
284,297.59988930902904
262,280.4634041244106
267,269.28345280163995
267,271.8357211914544
307,285.70198999849885
285,309.86804205351433
300,303.6085123234118
280,305.3200028254269
348,308.0314861349481
397,392.45273801207185
503,443.90479595155534
493,501.5278935481124
455,477.40527792251635
429,454.69137747348225
410,438.01410513921974
402,383.5047981192214
338,320.1167242496718
210,231.22955690619568
140,153.8965354137259
133,99.73590079823427
81,100.09819511417597
70,98.82405744532271
104,108.15833019746547
128,143.07581367625406
176,182.2497626581716
230,228.49287870897572
331,277.24538120905675
337,337.64673498551235
364,336.6370014900484
304,340.59711441293166
322,311.5383721374576
313,329.0578437685704
380,342.58480672560376
421,414.3724138374901
457,467.71289299439286
452,469.32785062513494
439,454.5174979724018
425,436.22089362477124
419,447.9633919906971
392,397.88460301853087
353,340.1255642799863
265,256.8228599061361
143,186.6516139130545
81,127.6138317561364
81,88.62108449557401
65,80.29511666288379
83,95.3894172467291
103,115.90914456185226
156,148.31117934018087
224,210.22706624336774
281,273.9344093932952
339,299.03353545012214
327,333.80164560468654
289,307.71248504926746
342,276.45452306042523
329,316.72707122634273
330,318.31169258641756
331,330.6188008702565
305,332.81904468352525
238,290.2788018237394
226,240.98671094723187
187,222.67289631345432
169,173.0842699032384
96,126.83516005873396
69,62.306290087321905
45,42.142834562378134
30,29.053080925176644
41,29.544976575029718
57,64.00565499928128
74,85.48245668145152
169,149.04225451206264
221,249.6882959734815
293,306.4634334118578
296,276.02018938214013
260,254.47616311216686
287,246.90898311317602
335,273.6107704468598
331,315.5339253090164
299,325.28791852153256
256,297.435638504824
288,282.6361450254448
339,333.2704682705098
341,361.38360348810727
339,319.2771308287763
340,312.62101434006973
324,296.070397498398
262,244.56663623903634
168,166.03864151316273
115,109.33895355986016
66,68.18072334255712
38,37.16019899730229
38,30.794183527340937
45,46.990665965279725
88,64.79882355205962
139,136.75794294308727
227,177.52343072487
309,272.5717632986744
329,301.4171796462505
287,288.6674240231547
263,298.6626412293587
248,279.96027150681243
235,266.5230557686421
238,252.59571980096726
245,249.34385367875834
289,277.77519953673783
304,309.42051840895357
414,315.5261740921896
364,406.99837465604554
410,338.5938998838297
329,355.81471251126715
306,288.4609330335544
181,207.8354979909425
106,118.29013900939995
61,62.39784912912117
21,35.62748692366431
30,27.05603534096273
37,49.71570492320364
98,79.67942614780044
160,168.10150322622334
260,255.91474421226312
370,363.1979622552494
333,336.0651476927146
287,291.87167874741056
275,284.3951551071876
292,273.88880911607345
261,284.93140466508424
317,277.85631370252736
305,306.3846981114262
378,334.3966426573348
384,416.9383847290761
438,424.5337607239085
421,418.41470553404935
468,429.80257749456274
381,422.246149531863
299,335.13022410438344
219,227.54397494263375
152,129.43224637069375
99,81.89218302381458
53,53.240154357999934
35,35.8807347087887
55,63.916298529654604
114,100.95523090909637
174,173.78803859088688
277,282.3278304082987
400,389.54218616663354
345,346.99755209854106
270,302.47239965124174
335,280.29142870412244
325,322.3492338061788
325,316.1739517307061
340,340.6187953778925
390,339.56332212618963
379,399.5065019636047
451,408.37162618104884
425,463.830178914374
435,429.0652948072171
453,444.0666388057678
465,435.77827588233504
372,385.69838153616604
283,285.61319052872136
203,205.537076123441
117,128.87877489155875
64,70.27260567134478
52,58.34203993289503
81,75.58546191425137
102,104.54100262162278
201,175.99679783829805
267,259.2880746756699
318,308.62163198642173
279,291.98122450094564
233,263.23927397589625
279,260.2209428844406
280,295.93288991149313
304,292.1081397408199
351,311.08869004670686
302,342.6787799612406
355,333.8976416341333
469,406.0223488405408
465,489.5547962228479
486,489.7062125105055
465,471.63679108484064
429,456.5343599795251
447,433.2480375340464
442,396.04821279183994
335,344.69705137686225
220,226.72565126925016
179,162.84976634161012
107,128.62398466188756
82,90.38545836178122
103,84.03209531660464
104,117.67309311029848
123,134.9191702177032
157,178.26304677627357
234,224.36987978574226
281,278.0692204673176
326,315.0205969771924
362,334.0921135014708
307,344.0293016477969
284,321.4231268237171
327,303.1564464364301
380,354.63491993604015
381,427.39579476195576
477,426.6740401767155
518,476.4792543952654
547,491.54949743269185
456,493.5163611892241
485,473.8765101626268
441,445.93465969314536
337,356.5116145237588
261,254.1056798913722
170,187.35085547619664
100,124.81249444174759
92,92.04827488448889
63,93.04261354705527
106,84.63469123441665
122,124.34039788799676
147,153.3674942311741
226,209.82320452738654
290,268.3964947621267
312,309.3817327373288
269,322.30873846985025
280,274.7708283465383
270,273.38767078672765
261,268.6138422065319
247,274.42009823364333
309,273.1943772916811
267,316.26682712373554
268,248.32521456861608
228,251.96107731596027
219,220.07973234923477
152,191.69870537973404
124,109.81724399031226
68,71.41015934480306
50,42.15688451573204
29,31.167219385364103
20,32.97504042116582
63,55.34267963988994
96,85.32032983985296
169,165.44882795937028
239,246.91791805717693
298,307.2964298622371
256,274.2590285730262
247,242.6301588611433
255,246.43282700118408
258,249.6877378677285
282,261.9760383322977
269,279.57224075898637
301,274.08595704252366
313,305.8364856777459
360,354.56740245874903
380,356.3026923105543
347,347.6725170116944
343,321.8071511833142
258,302.1010140888354
227,224.95881438219075
136,160.1300223068423
109,95.44119086654503
51,57.954528678068165
22,28.38483738293458
42,24.679420522776137
53,50.872260479164716
79,82.94083135548199
174,160.35713556838735
278,245.75867535589182
380,361.16564037807865
319,302.00510546576635
271,260.77157884472916
259,264.70374915351255
253,262.6021159482915
268,266.6169988867921
281,282.5347842940964
305,292.46856216118516
351,329.8279173247884
375,391.8396788553059
442,409.25759645329975
427,390.54853831773977
417,409.0396728488714
387,352.77997678885697
287,315.30806622982317
233,199.78635537549883
120,138.4006326959526
78,64.30513196095643
33,34.5603478962954
32,31.652272374212213
45,51.75238640586283
93,88.10239106247795
220,173.41729258091326
357,297.7352142016489
483,405.86085760788797
420,387.2028795574372
309,325.78068771381294
299,292.36667061842917
311,289.382141595976
290,302.99666274791537
296,303.67767853468166
331,309.31874557943786
365,361.35542743231645
410,427.36734484837126
383,442.42901665585947
478,408.3954758286595
487,462.02660674072524
430,443.81017560956906
344,359.8654869292434
284,264.58344775983846
149,166.92676812267288
100,85.2456660123605
40,54.29888368985661
36,35.64064768483002
59,57.0976784760522
109,104.76968185112631
187,187.3175915958013
281,326.9676668939521
438,424.8556743147405
354,388.55503526117593
278,299.366164321588
317,301.95932062079225
308,323.723735406463
322,312.56106655911594
346,328.7822862080875
366,350.7167218890484
343,386.56965146314315
385,402.9435117374634
438,417.45139724838396
475,445.6509232589974
505,468.4476133968923
429,474.9552767223246
387,384.8667198567642
305,312.19670258180605
200,212.09001091977123
121,127.55863700823471
75,70.08892296119386
72,59.21513462930047
96,78.16725396141487
101,104.19652645695317
181,191.16386733018678
249,249.80501252075885
309,305.68423889059744
255,294.68097683672113
282,256.440913398693
302,283.2569520316305
307,307.12914961790966
267,312.72585816607926
284,296.0733092821919
321,303.1668993719722
322,351.5302139096971
356,384.99705169983986
443,422.63115182794405
503,479.01451596768175
453,486.52621169215405
378,438.2895962349949
426,409.5441555515339
357,406.7789675952345
308,306.6165224789268
219,217.69812511951326
131,165.77052254150277
99,116.00769613117662
136,85.84920558412519
105,104.11274739787626
111,113.43438186500305
145,136.84617078573146
173,180.67594003360793
233,228.85689291855357
264,287.9754307502388
306,305.7939832197972
304,330.9382340129381
349,303.4618344415596
296,336.1010030562917
310,313.4330567974227
339,336.33975686318286
362,384.04120791312636
425,415.0293613426904
442,477.5118292146227
432,460.3509045127484
385,421.0246389313688
378,422.50318549495853
404,368.9551092214758
366,331.1951755124666
289,268.78681608463154
181,182.68217211734137
121,116.02404030986717
93,101.81840822329686
88,76.44228507536477
107,105.00104710052112
131,127.23744693559229
159,158.33397817062422
222,217.87891530660443
284,265.75147888950346
288,308.0658786256509
281,292.38813081277465
252,280.598023564311
248,258.118699727285
253,251.56271444385894
259,256.7876231492281
257,285.42314302904254
268,274.64020886981814
246,260.47302001885714
183,231.81399686092055
188,190.2222238735503
152,164.91890573831367
139,114.22332128265982
75,76.87224279444929
41,43.99058640200657
36,28.940733758678885
26,28.460118883547654
55,61.20258855788776
73,93.67367547372633
125,157.46388021503026
198,225.36852435196866
298,290.1257967366781
266,271.670254057026
225,246.30005766905703
250,234.66482759717962
258,250.12051941846323
226,266.0062530994127
258,248.41370649583402
271,272.0754624909354
277,289.605199653425
307,334.5605052676267
358,333.0048962749693
288,340.99543337780887
218,305.97231855757184
239,231.03762963112393
197,210.4800436994573
128,148.70051371948708
87,93.48817964420192
55,48.84684087353443
40,27.62995131788089
33,35.79601310588774
74,53.70206693789867
87,84.50256241054056
167,152.42698149684736
237,234.5384729221658
282,343.31147161192615
272,279.38142864377926
222,243.64015513172876
250,241.20673716654773
250,255.97803289731414
257,253.7361585444596
289,274.98253027788087
334,296.17987705565514
339,342.7704217054737
345,381.09214138111577
365,388.33934639373314
366,347.89353639136823
367,361.14144604202215
312,330.20243051622293
266,279.0366942600763
233,187.2825242147811
143,136.00186609572657
76,73.12207687963814
51,36.30368466151892
44,34.76742967740881
83,53.18166345273748
96,95.00053892787604
158,177.89758754956327
192,252.55409945547262
194,304.7584326822889
207,235.2844294794565
235,230.55309685993143
248,254.25441487296942
267,268.5318773740473
252,280.70616035856096
246,282.74275171303395
260,288.1788866951956
271,317.972077892777
255,349.4204733627451
268,320.2232747910389
378,305.85896218973767
267,398.00766242885504
209,294.83257406794905
169,245.54278108962885
165,177.42287189363608
115,143.9959454781763
76,97.31938694208365
58,58.72011841693743
67,49.60319402458458
60,69.2163870425344
94,94.54111830538221
122,132.22527313308777
119,129.80499587078893
104,114.10343786342969
113,94.21674683266546
157,135.3922879258449
205,164.78966237240155
222,215.59081019694105
198,232.9095388175688
159,219.92693888509814
211,165.91137207863665
206,232.1445396028499
172,203.75792602743547
241,155.33045222208963
214,256.1750360166536
227,162.81165667951018
201,172.07086912159292
198,156.79509377660392
171,168.81220846406373
105,134.4585560509523
54,81.8045661492815
47,56.913608130729514
33,65.09831532072104
46,72.15967605333391
33,93.40658739545093
66,166.0380140224779
85,149.21076886036582
84,153.87849668357913
142,106.15554792622045
171,168.95319612911103
217,200.43723219953893
193,243.9397955656272
180,225.1799609686579
203,204.78373404996796
184,240.0270107703251
203,238.24897405850805
266,251.2676036436604
297,329.91088562381685
303,334.95345954546855
223,318.1385173215019
252,240.17067685399542
231,276.01812164015365
238,260.14250138881204
139,183.84291015982043
88,115.16989211113999
71,63.05157946530268
71,70.93825199631651
56,68.5719378449467
53,69.81540895808683
52,77.99428609172776
74,81.7016350240634
88,105.55803368519994
147,133.71273122059273
204,193.0673628455534
221,255.39586253412784
229,256.60537899934513
249,245.2809545176172
223,264.84825440973145
254,242.46928116571584
306,290.2485850648752
304,338.3381384892332
338,341.1615491928637
372,355.6568306472926
283,364.98927594735187
274,295.874090276214
257,282.63284437408544
234,270.24189229509784
212,179.0611874842523
136,166.34440707818243
95,103.19371659707222
70,79.86563093806272
56,71.45587691702538
67,62.22470619652716
60,77.7275762940015
72,90.14033829038227
102,93.89675374977364
149,153.19192152557946
250,206.8804900305224
312,274.97819434493994
267,290.1478019728811
260,266.6532897498688
291,254.00453677928152
267,271.2150345081166
286,267.70320112169367
329,293.3497029413008
252,313.693988909678
203,239.42830437799262
213,206.46449361920028
189,192.61818269775355
126,160.9504993681831
93,110.85250557990909
722,768.9350820454246
513,406.6153565029779
387,246.1808097622205
257,186.42462779495062
146,137.7264861657012
138,95.12847364472539
113,125.19624677677068
145,163.34606696778908
220,225.77410511603483
288,294.6386066463063
356,343.2951245652264
372,391.6029132331754
411,399.3358828730484
443,425.7490083632981
436,441.5398172095591
428,443.4491680087826
440,460.8943719620109
487,489.0844907267917
584,533.0976473656657
680,613.4776483012896
608,595.6307150392657
603,576.8141399285057
649,659.1213230643316
879,654.6789862303827
697,714.6152169226013
710,465.9867821544974
151,321.84123888643256
97,123.56582029195299
88,104.97543914767553
118,94.32251878800865
111,106.48202620259642
122,128.25527308351917
137,170.61604524720653
148,218.40920871332645
200,235.96975960213024
226,284.60913727842126
247,270.25030080336137
259,282.46469980560073
297,289.71767932506975
274,318.8876867069635
335,307.2151148382654
390,376.34393848922366
440,389.8562785528076
416,408.69992559384383
496,382.4189715277689
365,443.7488554055547
246,321.66486010240885
144,192.19682618487332
92,99.49939668102506
56,50.42768774185698
35,39.95516260497953
43,31.981009695924442
80,68.02274125955174
104,125.33163710390728
215,158.30635006268471
261,259.85470675101635
277,326.3617986225986
270,258.55172277118413
234,235.17854792356866
245,231.09823716067558
240,242.84739405113004
263,237.42960706894837
278,272.42145935722755
304,287.26553990654935
335,311.6536281017444
342,362.1280591142338
404,367.2080269576654
300,372.7545355637323
347,288.7204982546285
508,336.4191466136495
291,392.97088937745764
189,191.47950018602802
120,108.01696041965204
50,59.95140634702324
34,33.48418680417507
37,36.6186554561126
60,67.74658504212204
109,109.46965325037087
229,189.5780946359107
218,296.79557049681193
346,300.720262364355
279,283.28181892007194
266,237.09591111235525
227,242.41849888413557
227,232.8195022592436
254,240.256955715943
271,270.1350672624298
290,288.0631816040461
290,308.75513493183615
394,336.7195546701331
395,416.2950389262459
358,348.24741934789137
374,336.95054610902105
398,374.8827570405354
583,366.93379112994995
343,340.29683884201444
225,161.68731171912316
101,101.98171755593673
47,53.09314980135572
39,41.7403868909445
89,63.92608117834823
138,108.25690868891897
206,205.43494283628144
268,272.23367842355276
315,335.60602636068137
275,286.8191529999252
231,251.85799747371948
233,234.91454571873973
222,235.79149946255973
221,234.50297457463364
278,260.7048304065332
263,296.3109786016023
301,294.4518410754675
368,369.5428166557942
371,418.7289431195103
357,362.6646509947242
327,352.104871887044
342,372.6664718095535
306,349.7784385080745
220,269.8186291782169
98,151.0434675774476
64,62.13385771174311
28,43.12332855896873
44,30.92594061322908
74,65.81916966707648
115,114.69494587314317
203,197.34612183003412
313,301.92856824536375
311,348.1297505905821
268,293.5978282599181
244,239.01981797961452
244,248.74154589014256
228,249.55430149815805
219,240.31663722383666
306,251.83579030061006
320,311.7124183886473
344,339.5117680843649
408,401.27162022022355
456,446.4332107965269
421,433.89599863461154
407,385.02031998444545
454,419.6259748360636
443,413.78456370086764
654,340.41481450326353
285,302.1942976025265
139,143.92944290918834
71,70.03617404875052
50,45.822198236206646
91,70.23309999112702
121,105.37693352547115
171,169.0204759440948
261,264.1066300334965
279,319.6256520871816
242,272.3281966942648
247,250.86024719613283
269,257.8193491730789
257,267.97919706147457
277,265.7686923983844
300,310.48388485573406
339,321.81338663682067
361,368.4235718655874
502,442.77431327098174
542,559.6784477283977
516,588.8923523315766
464,550.8464927695019
635,496.84943358816054
669,700.7563969870442
593,640.1861734823816
406,511.7700891494554
266,281.5137995230564
147,168.51677518167043
107,114.20531923260342
54,95.79979548638588
81,91.48922714467041
110,112.96297188203982
150,156.82872211124607
233,221.33479183675047
295,289.49312967642874
353,344.92630399561824
381,381.87907999996077
367,401.9850890671733
423,394.06564795949055
414,427.87974546370515
418,430.3169256550828
445,435.1518751875747
520,502.9490376273746
550,582.2380852643521
520,575.3538206524183
494,531.2179328827854
588,554.2097328440726
764,628.8085106029785
712,723.1224194315718
551,565.6939019332649
336,349.87433267634276
202,183.78019807581128
120,124.01437387197336
88,85.95180585472694
68,87.63822141857955
88,101.12467433901455
112,123.33329753366412
170,162.40191801118416
248,241.71061819912447
296,310.94416411152173
365,328.0919342051196
412,371.67595889596987
428,399.30007839564576
664,423.1159618445327
478,538.473880983017
454,463.5049393371275
437,454.18420808120413
393,428.2582490421095
336,377.81045287328334
290,330.93075600385566
385,289.346823239691
465,358.43044514266967
402,348.1417102729266
173,214.91216494503098
70,78.21246529876379
52,38.02619281472424
35,38.20062724757973
82,74.70943521330601
126,118.25875214470625
177,182.15854474542414
251,255.6822050033233
312,313.23888148368246
232,269.1595910572201
239,225.31483778956408
230,238.1568274393457
308,236.4481187858016
286,288.5509747599261
302,304.8026539037082
290,312.6313122677305
316,308.4388293598319
402,348.14348604369684
434,407.46879746918887
385,375.35515091568806
381,354.3860732334015
318,374.55798805003315
229,302.1567429612973
257,194.51705697383605
110,191.74377641847175
77,67.9156634625201
57,51.302482025245524
38,45.541165426788794
66,61.207328938353264
100,109.4568926453338
146,148.18107646387358
232,199.93619728182676
356,272.1549185681569
329,302.9522145755943
288,277.5171755778965
314,286.7417855192363
288,324.90408909602013
297,300.9313043779477
314,313.7812597001724
359,326.42519288103335
388,371.9465318849643
479,419.56488763886694
436,490.1989098148389
420,429.4015992329649
389,389.1834104201393
462,368.4212399387507
484,402.9374275561814
293,359.3406362529399
124,177.14836603769768
79,74.48440216817372
45,51.49184935007454
21,38.70015045811788
71,62.72434185274573
134,106.97499826658282
187,178.682460985934
310,266.33201200998076
357,347.2595756328936
275,312.7810517438526
238,257.09964774181805
222,248.88143261251105
224,239.98505393680747
230,244.49850224969097
263,271.24509639322326
303,293.8500107297634
322,331.59369120536047
379,384.91858726372857
437,419.65583390841255
378,406.7124914217509
342,364.08313944651456
339,368.07396886214894
289,343.8358196692813
215,245.01077444863895
128,127.1447945760569
71,68.58613390671115
56,39.353705821379734
37,37.30166215705068
68,65.10482751911414
103,115.34943727027381
171,191.9851961785576
296,309.3087879717263
315,338.7176260737911
297,284.37784823579074
246,246.59941778361883
260,239.93240687186864
315,247.7960911615087
237,292.93342056252123
263,275.0990289827743
319,298.19627819674247
320,344.8335514924312
455,389.49893445276314
442,489.1163630719679
425,428.8766431144749
356,392.670290707764
380,388.3295537293126
331,367.616331823541
269,263.0470584676919
174,175.97190120601107
86,98.77088775730213
62,63.65236731694878
49,49.02508723391825
47,69.81977753369225
96,97.81766934365562
189,161.90891455526378
275,265.33236656207305
298,312.3986368424734
296,269.70372862688515
235,257.6530039845285
278,255.28833294841246
265,284.0119384737495
244,271.73624147640226
321,279.0099709165513
327,335.279371445886
347,358.09731207488437
536,432.73874181132396
578,570.5764860941337
587,573.9878099183036
467,534.2697299411911
452,498.85823314344367
517,546.945210309769
520,528.5626627734649
446,473.13499875561547
256,289.54078836246924
171,160.70211401262895
126,115.73821284333152
81,86.8136707854189
80,93.32164299034353
91,112.03058081747865
153,143.16829463711247
228,224.02890461831998
309,290.9300586180977
362,348.8195494419588
372,378.7889496532664
404,394.23687764631956
446,417.2901938188525
438,445.32043117047925
437,438.32659361863637
507,440.96984996976073
603,551.8657569132729
648,648.134407498206
629,617.1315597548506
656,605.1483010830655
570,605.1355539212332
643,627.0784113796342
581,650.6430432983
653,516.5708766403942
405,415.73137775580955
213,236.48276991315632
131,138.0481055998487
89,93.46088821542247
83,88.74952220263793
96,99.22476476564253
134,126.15699654809315
193,177.4386241784669
242,252.71836164411917
339,306.62393482442184
357,356.2164762611251
365,364.08879405247797
400,367.96951284465644
440,408.03773226243
421,430.0819918583889
460,435.3331935076403
486,460.21997677087126
466,466.0756486796789
407,431.67368337976933
367,371.3803806010417
326,349.1099314525824
202,304.1693734149361
210,170.06876482572957
128,121.96544305596355
57,65.83115610672758
41,36.210316368088
25,36.69593118905531
82,71.0614674526806
130,120.90950867948366
200,182.24288569187465
283,266.4709524796874
354,329.26975501104425
276,281.64969284297206
245,244.6766533478317
261,237.56836225291318
256,255.43176282853813
259,259.89611000226193
255,274.9128047843707
308,274.3807230309165
322,327.4669621396312
416,370.5682893653335
392,451.29531608776654
351,365.5067121503488
318,350.86349323028907
271,327.4691727286217
223,265.13812796892313
172,196.62065306857522
95,112.78473833892403
63,60.104936713813565
29,43.198827274925115
37,32.37847528532387
44,63.40028246887769
89,103.30288952655238
167,174.47343539596073
294,249.95464291815875
335,353.1866427077293
286,291.2502425796832
244,250.37599742224594
219,247.7145979782122
201,230.28673705159017
242,228.34170802581997
264,268.8015459175028
307,294.3951212252179
325,326.46175687875365
394,400.52587930002517
395,419.9428330696848
351,373.2684826116612
282,351.63634844944227
517,329.32510311920765
551,444.4912963357831
281,366.6956369113334
148,170.72600920348378
73,78.90171388015513
47,42.848035516572544
37,35.98501755012005
58,63.69456791127618
110,113.42502617751667
192,180.64217449102478
345,299.1149786430544
454,362.14908080313666
345,358.92752944333057
262,272.93523905896063
230,241.56059955918477
225,230.2108998163011
216,238.89616296962745
259,255.76052941576035
287,290.5676176616963
330,317.2253048361319
390,393.79204152406476
450,435.4471651509442
359,407.82700211244844
372,330.92447620800317
454,385.4726022388368
690,453.99829866511715
332,407.7547272544981
194,178.29717914896648
63,90.66211194565308
42,40.060577287173096
47,38.54258922347
63,67.85537663922536
95,106.515824146884
175,186.0880569405772
314,319.20644053787663
349,359.1861494303089
265,317.51474758828584
239,245.66024511835647
237,242.67037932409465
252,258.6151730637159
235,243.00763588041312
283,272.7285991871448
333,308.1414761270585
341,355.7828484943598
458,404.4144422946922
478,483.25206404926263
476,448.1960279019524
367,432.0151267974124
391,399.23538985059497
375,406.7475639114414
546,342.3169831009868
588,291.2015893659506
167,198.93788461780647
93,78.44051719539551
66,60.25285971356574
81,70.19478522655088
111,101.91850115672418
180,173.29140710124418
253,275.80535966306604
313,306.65003845289385
257,288.74662009966187
297,245.48293036051032
281,284.83741567686246
292,276.1756720887141
276,283.6384355818356
319,305.3064504301792
318,340.08751762457223
361,348.60840101531494
486,438.59770509770954
637,536.8738389060067
554,611.4325301418959
480,500.2358635277437
478,487.5921158491903
505,533.6012485922099
499,538.6058861965735
380,467.831438246547
233,268.49466358218154
171,160.00085134230602
122,123.07261443150108
112,88.92778348268712
132,87.89454800305532
145,122.43867319298873
188,165.24746572881364
253,235.92306598138327
313,296.2349783611573
376,354.5940764682593
424,391.82721936428146
381,432.5900248499777
356,400.9283263841033
415,380.6879459448437
415,425.87499084429516
447,440.1061065580695
526,511.8091106104734
673,597.7738812615901
602,641.9255415105288
522,585.1340143766996
579,551.0941054963187
620,617.8681587280087
769,628.9436714387678
698,616.5059507846582
411,489.5122932596229
231,242.13911098082121
145,148.4060699572417
115,101.85227663696621
78,92.86552725614403
103,102.61896856002491
137,132.9713078456433
178,186.67036663702245
255,242.0505660568574
344,307.5983684238354
382,364.0794940019244
401,384.311181471788
378,393.83787323555816
357,389.9649925562946
369,376.2817928679877
387,396.49995777957196
403,426.34622937577535
391,423.79932764635026
393,376.49228255143055
365,357.058264436332
379,357.62092479863094
252,352.95469988606897
209,198.45116969463714
125,136.59733532466146
59,61.375533407124806
49,38.456495873819854
32,36.7839313126261
74,74.35703623172216
103,119.92543217141048
159,193.04891932477165
258,249.1712934595208
255,320.73847718728206
241,250.08381775446418
220,235.78974777338155
232,228.67369628312818
260,240.90744157391384
228,261.2760900259048
274,257.8664663353551
277,290.6169739030271
285,305.3274649379973
395,356.7386039912868
328,413.0448075907044
313,324.58434531465565
315,326.164600185293
485,325.3839017328459
452,392.2750878801027
231,289.4726083914025
137,130.710296223738
70,67.74964586345432
46,38.77548153124428
47,36.65354758124474
65,62.355638959830216
112,98.73784441109156
151,169.77843719522824
261,243.31507612871792
294,327.3133697196982
266,264.9193641500495
260,240.37850162957403
253,244.65212106995716
291,246.0807910970671
282,273.6046702566919
336,290.00117159855733
347,330.27083015906396
389,345.2773949077227
451,435.7230463624893
426,438.22106167618045
487,376.95466273117773
446,438.36331797335987
358,469.05864069850725
356,427.3969986436741
265,293.0761700990035
141,156.1879646161965
76,74.88504954598667
37,47.00716270891426
45,39.93084669950271
98,67.93470418777676
101,126.23473226839282
187,177.04260860403318
245,291.66465958454046
244,326.8987591063538
258,262.4107063640571
257,245.71858609741642
311,246.8689638629095
282,297.4278372060573
274,278.47784168455183
323,294.38913115504175
293,335.8308285995153
274,336.08434255145823
329,348.31756064263
342,387.6235986113317
466,354.9393413363005
400,423.74041290727814
281,409.6669866478323
290,296.209511187005
327,242.17875646065943
204,220.4559908479676
129,114.12862286399375
98,74.78347914417684
58,69.61837312437564
75,72.68483744859256
86,101.29632259472024
118,140.66559938467532
129,132.16493343345584
142,145.8539375459634
144,177.6810105384471
193,177.68461509270819
196,237.5760667281111
231,231.68972729301552
258,254.78461097783602
280,294.3762622975766
337,312.1256802131888
320,349.37391031040346
318,341.9867425786824
316,342.4112563893584
364,339.23532474448024
462,348.29623447712555
449,444.5596226037978
421,421.7661766208049
304,379.81198391176537
189,226.19928368597476
107,127.19354311456934
56,76.2286387179476
45,53.058110021063925
48,77.26793945053393
58,95.62744255401327
72,134.83598313815088
84,153.3082040959421
122,165.83328740712463
163,162.2389501623856
163,196.05622455673597
217,195.0475447267635
234,241.4096991706818
191,259.8679053785696
242,242.19587060328672
226,292.7177076524703
283,284.47819601673785
311,356.8030785117152
309,386.3644232991685
307,367.82320120454625
304,341.83339820233846
498,354.8246586090012
535,540.9639370359814
353,524.6389035371826
214,331.71637919504633
134,155.28749467309606
88,108.03797966336992
74,79.06956921594526
55,69.35410157445283
65,68.43091394927974
68,86.83639209024554
90,87.63481209330197
124,132.87997496429475
162,187.37008638390637
214,220.2730532041475
244,271.2721749723392
253,285.4456429997967
262,291.1049772310251
279,303.5414368295488
295,310.061944654072
353,337.567034886165
361,418.42289675613466
462,389.1173797426211
423,485.3050492042256
406,423.91169009826115
369,458.8444760264135
382,441.2800312823213
341,370.29383612312716
311,296.4327576120463
205,220.92400970807273
137,126.73037071023752
72,102.45732605641356
51,68.86860662777698
81,67.58978608711178
88,89.33344156633335
97,107.61496726860837
125,132.20119951024432
150,177.30169672753314
254,201.6162963477412
303,286.3750720915467
314,316.25893529887753
326,318.5026932530708
344,330.75120011599535
339,348.4942546829833
365,366.42948586698503
351,384.35182913551307
359,362.002199404169
324,339.8056204882506
289,313.5906449792545
251,307.9949071695921
523,241.83939003489192
157,315.0042434273431
389,279.5946751445166
338,248.91048906986862
289,180.25105216968123
168,169.71067097148514
136,92.33715956597858
129,97.81800573941445
136,140.04270073202056
205,177.897576459331
216,236.4026051981133
227,258.1388657185917
240,255.04137881265868
256,258.8229983811014
258,257.6085348052485
278,261.8605214703584
278,280.20174070853534
284,284.46123109155604
239,296.43647131937104
325,286.5894308850743
309,347.1356446277741
387,334.59409359674174
347,370.3895772012427
331,341.04828944920223
383,365.030986724888
363,377.54783506952674
350,322.109787811927
400,269.47508062143874
108,251.4540374562281
86,106.8983013954289
113,84.05452331740698
103,99.75797068550646
133,119.81056958396002
163,160.1411880618309
182,197.44126644810635
251,226.31638654491385
236,273.0747709986045
258,259.5723198045105
179,255.7442282548725
201,203.0178484561812
219,227.83498506680138
242,237.7462732373388
229,254.4725012303767
263,246.4558448801492
261,271.5833325952946
247,256.59346104310987
208,235.29565216843838
202,214.031253752391
199,210.56011133024194
150,193.68835859798943
142,116.75548162119085
66,79.30261071568118
48,52.45834789243421
41,44.67731081570637
64,65.89823231857825
124,92.56705715073538
177,172.1929574849241
272,232.71839596944326
280,302.7318244242981
249,245.47066140498924
202,211.8407096144458
194,198.71943197009657
189,193.42660363887705
197,198.51244979148873
209,210.98396350519616
227,223.43584769210827
241,242.2855377025761
266,253.82439526738796
269,253.51162869001308
254,233.03592435219346
185,218.58181742781497
175,176.86317911143584
155,164.7329907409245
117,146.43056749820695
99,90.46648598007336
45,52.67482269405047
25,35.6600373589151
44,37.6940645110109
86,62.10401401677748
99,104.81174981009934
144,174.85146257402346
203,253.73376740165264
268,283.164354280458
244,253.92562856201593
192,209.37553832353174
179,184.62616646748708
184,186.6359595810526
222,197.86140891191044
186,225.34656028260815
223,216.2761750000568
230,241.60420086701026
311,258.1141713102917
265,289.13208326318625
243,244.33274665222282
256,209.15232177211226
198,214.08558380390878
227,174.0697711441278
185,176.7396879826137
110,121.35416783613259
63,57.82684357958266
43,40.037976285771144
40,41.30472293062005
63,64.12371919665023
117,101.35842399230825
177,161.022283870027
290,242.04338543227203
330,318.2698467513578
247,273.2583071003136
214,215.83680219840764
200,200.06717166593145
173,205.99128440032803
204,196.14129898100066
226,218.51599452081456
228,233.84721328067215
282,244.97439375902036
292,301.410400848559
248,300.41192458926577
238,249.76874265868724
192,228.57676453650438
160,202.5916969933538
209,188.21923052917387
181,195.70432615365377
122,132.34785794629138
55,72.90348637406528
32,43.06337977737092
52,42.83223455106605
71,70.6548464677018
122,113.1081464961518
201,189.78411249487277
279,279.49344697037907
265,328.58897183058
258,270.70980390078216
244,226.3535964897236
246,225.571380700019
245,231.4363174727582
204,247.17470212493626
245,233.51332717464112
275,257.0846472016944
295,296.8370579499869
351,310.05834090589775
302,325.0823298564493
255,281.21708073275784
224,230.17848505116947
199,222.49315068504322
224,219.00685980113457
200,215.26077440226234
146,141.16946386157218
87,86.38944038320143
44,52.03416410612907
40,50.373009272126914
80,76.78420614664175
118,109.22322313987881
186,181.84558741413787
273,267.17222192907747
283,309.315265634471
260,271.6621111987318
237,244.36239936047468
228,233.96054069464884
252,249.54262210374796
232,252.25758092218945
293,254.2571806356886
302,295.4129971775347
343,322.48548548229996
360,363.20922478762776
366,372.2147593403266
304,369.99234750918407
271,295.0783729229386
270,267.4682873501256
291,291.3296346493678
317,310.0191293256486
241,261.2069687928685
189,179.69282298966604
111,130.06074823048675
74,86.32572422547187
80,77.1701454245884
89,95.42917824777405
155,131.46882685761202
175,185.9147710090854
191,220.90251164619426
231,233.92857167311757
228,254.64628859857237
246,255.5558292800226
240,251.2946947675564
261,250.86128709106683
236,274.46781585877875
240,261.68449811093234
292,262.1030164106765
336,314.47818085154637
332,341.8271518863683
344,336.0421076127273
352,330.64799198062167
301,328.2532980123971
349,330.74952197986187
318,347.7779698422988
286,262.0319000220894
232,243.09153257941702
138,149.80711959581618
115,98.20531439159834
92,83.07241261944904
104,93.09403380870833
138,132.92457918753328
156,161.7298848904173
209,186.42192774071285
242,241.60108100020824
294,265.5255001991178
260,279.3970993776912
236,252.2189557889818
263,233.48617154190066
385,252.44508327679193
291,336.1069517771438
250,282.72920732768506
245,255.71287854757045
246,252.81153993806566
229,239.71476325620787
218,219.1856096241326
198,214.02219482723427
229,200.97146259114442
194,196.35928420585518
114,136.596827628997
52,66.27935183265303
46,44.52519757113532
43,43.42999773087614
62,63.83934612275745
91,108.3498302481854
170,168.78075630654828
276,239.29027615547108
291,301.70552325391316
270,250.2342502551066
221,218.58948088984772
203,206.82455179441195
218,200.8831418936482
255,209.59281416390706
253,245.50405276026854
261,243.2058198345366
292,253.8177749690786
295,285.8920523825766
262,275.2268692253749
267,231.16508644929365
203,223.68463142576886
203,186.01335212209702
164,179.18109479669772
153,149.05744464078634
126,115.91083160967861
59,73.63548207643271
35,46.1841860813591
52,48.81627465483037
51,60.59333113837382
111,85.18599755882364
149,147.20567209154817
177,197.85906195440785
246,220.11256393567078
235,257.2307541780755
205,228.66899008007803
215,209.3572048381271
198,217.07145760297686
206,219.25965324046493
206,222.521565419047
246,230.2532989239739
265,274.01439279514636
246,287.9075156437229
274,264.13437185984543
236,274.95602136796293
214,216.540078389073
179,206.15632814461088
213,167.25702398798654
168,182.36700373257622
96,117.66830811993178
59,61.798709979002915
35,41.8214486587872
40,42.607424051796194
73,59.936246443659826
105,112.39530906480017
185,163.44278870053776
265,246.66025138710467
316,306.8955955698953
270,262.4491331867357
199,223.4876428776757
208,202.88993048981322
210,206.89970385664432
211,213.57547047849832
267,223.82243909535052
244,261.3541399123625
271,272.2653330581084
326,284.7640638052584
257,309.3771577896959
257,249.29462802598746
207,229.56953021096723
225,197.79400540108986
219,216.9148214408365
205,193.782530655138
126,135.46387502364468
81,69.56539468560388
50,46.811662084459876
43,46.96853203089816
68,70.93427192140493
137,110.09923490370909
190,199.7540450460304
290,281.4524216415559
322,313.11164050614974
267,274.7303697921921
271,230.1386811946343
262,246.71182169604026
245,245.12630382956675
216,242.6091392708269
247,253.27464778566534
277,258.81937519989555
299,294.56342294080343
318,321.9824665256298
319,306.4692766863943
337,287.8573755702058
281,276.71491842902634
245,264.49680934118777
244,238.71817644469198
226,226.31153622896383
158,153.76803175170735
88,97.00413994852273
58,55.74810346587076
52,45.63169752977978
85,77.80621074861605
116,113.07165562456508
190,184.08055248169617
300,275.5971768776936
330,318.64350996158686
273,284.041338483094
217,253.6663170438029
235,229.02314088352512
254,246.49807857850882
275,244.6493835743372
277,274.9219432574259
329,292.3971069877457
303,343.8085642484137
329,342.37477691391115
341,355.04477479751966
336,349.026501293249
277,309.1722850278196
272,286.4251326359421
286,297.7550728639372
367,318.7126542313538
341,276.75766698854216
272,224.64313437217243
149,160.15552239162338
100,99.58173059838109
87,84.98334925273807
91,90.29121577645547
144,131.95124752151787
201,181.62659203800237
253,227.35796062632969
293,262.5112454894431
250,271.6786427855481
268,262.44558646068185
288,265.59142415116713
310,282.39388737081117
275,300.721035420189
329,288.08099382334086
383,328.7398572154584
404,378.7907240991615
466,396.28532713804555
435,418.93429930073916
449,385.3060411878394
409,396.5851349859624
429,390.1159815995901
485,405.3942222520051
367,381.58980822006873
274,282.3013274748317
168,177.20626553133008
117,120.75856077243205
83,93.23739041487686
102,91.77051403122165
114,129.39690524526304
197,158.6379567966065
243,219.8607071023669
257,264.30276282994623
310,278.86637522676665
261,295.4798898489292
274,252.72168268668827
271,266.1314891104751
260,267.62397137124873
309,260.0504192416682
334,294.58113234501906
366,316.01349539118297
400,344.5059331108555
333,338.70329209359664
256,288.95535894988205
277,238.02967470257835
274,257.5821770109156
234,220.84252518711034
152,148.3827793940228
75,76.8499630614785
56,47.10859354081297
48,45.19903830768957
93,62.46373800572451
145,110.02512385441732
181,182.08354319925363
264,268.5724531145286
275,301.84677704717336
274,255.84296910908824
228,222.66016635194546
205,208.06094872444845
233,202.40945496455257
194,229.33566477809154
240,216.3590574898841
295,237.62523647115654
285,288.1179883257388
303,290.6289915776639
286,288.8662637252367
224,257.5419696548781
210,206.7598044423848
175,190.6607985741828
177,168.5108030060309
146,156.18508932541513
97,103.63829680095283
40,52.20080681720841
44,34.591181306545174
38,43.86396381230964
73,61.71270107973752
104,107.30577622804404
176,161.8506893412306
287,233.99152476113989
310,287.7732353002903
274,262.3936613741926
217,219.99655763944983
175,196.53626658765265
166,192.88096016275486
212,191.41452747532261
218,219.21611632491982
273,237.4392374604072
275,284.74779172717086
278,288.53287670623666
258,281.3826635642917
233,236.6901918679531
208,214.81984596333407
193,188.78547832203503
171,193.71833594436427
180,164.3649439009327
116,113.87324843335286
64,60.368519508797775
38,43.649145132924644
52,40.725743467528766
66,67.7858575845671
116,110.01125856481268
230,182.3519813265713
293,305.2284342480029
374,331.8987436340729
317,298.3741453664164
235,237.20156191002852
234,202.54394159700917
212,210.68462042139777
210,218.25014801010005
249,237.94266146424107
263,256.30228853905453
325,278.8600771705907
326,325.13568366930923
322,306.40848647840045
272,278.959589805399
219,230.94013553740194
214,218.5039862650644
220,203.91901212456406
165,200.34252996500805
144,120.65229552113058
45,79.52732912781127
51,41.771020481217164
34,48.57285440148264
84,65.77572308820548
112,121.47328569672571
207,202.6199522988164
291,294.64738437483936
341,337.6957478935293
290,294.8976673831085
254,252.38311272356614
236,244.71651706053834
222,234.71622610094988
221,222.44493414300038
275,246.0975996397773
281,278.4182305809716
309,302.4391439505735
345,326.50698749826955
343,338.23879135082205
355,310.0418394565471
233,301.0787592015209
243,236.67744271664085
241,244.67515982875068
230,221.8744782761532
175,161.05923772283808
97,93.55091401301368
49,61.32079228057515
61,47.34945652576502
73,82.47815331531419
129,110.4531323322999
202,192.09604473977194
303,288.2339843384517
326,333.44369871388506
282,290.61389138204186
259,251.38342877910233
254,243.8557209429645
265,250.37803474947214
253,262.4167985931775
306,274.6282680599189
298,312.83863206857717
324,325.3740509157414
360,353.62308648215213
348,370.8383405314476
347,350.6639444499603
304,301.2395972170752
290,285.56596761521536
313,299.28666734538626
365,336.74975845870114
384,313.0389790207406
305,276.38037603463823
186,181.48045670827548
101,118.97964830309752
96,86.82713230319807
130,94.94985376660799
148,150.67642316172484
177,198.39878516560944
278,223.42141274467022
286,287.1828337506339
283,280.90340195404457
310,284.04963038880186
280,302.7642331915545
329,281.3797273372446
294,326.29717066513473
297,301.52929101472085
327,314.2599401134182
400,354.7133446182508
477,408.18763461668874
479,445.7271982775424
434,426.8215484700992
339,396.6706594967365
448,364.3812541563494
423,408.9615767247525
371,371.07972934351466
267,298.709389662322
171,190.72477603020025
104,120.79834408283558
112,93.86561055857295
119,104.44305399165758
157,133.31983396113623
174,167.78084479571098
230,215.51414704051294
271,265.35356862218254
289,303.81437255759016
296,284.74106144332114
311,281.5922104185968
286,299.2442201265953
273,273.5821866737213
303,278.5996804620985
301,296.4300801216725
304,303.8649782235123
320,301.5973130041287
353,288.7963359601454
302,313.15381632312653
225,276.906607712637
247,222.5171261421724
262,216.0799249438975
164,168.5775001858515
81,86.36315639804629
52,51.102744132833585
61,45.27576856316304
89,70.09931956658531
134,125.62796965385418
176,186.30710296388295
283,266.8676790712215
294,303.52689318138374
258,267.7229897652724
250,222.41766561512182
241,223.42510556554925
226,231.29884318306816
215,215.28210359603258
247,230.0863510900865
256,252.4498666824012
295,271.21580353068146
256,308.4166789371529
279,262.9546703769022
222,254.54359147773405
207,206.38319926573396
158,183.74176657063248
150,160.11519694399212
158,147.2741976153366
105,106.86354879165243
63,57.05202756403867
67,39.59872245933369
58,48.823330591751535
75,75.35226422109852
108,108.23365005295598
204,165.7006310374114
297,279.487631106651
300,310.58117744355496
268,261.6437018739775
248,223.28800329965645
237,211.5663782432662
235,218.9817224886844
200,226.8137863233219
283,214.74952710601198
342,279.3064620949489
339,336.4725105413361
387,329.789043601638
320,346.18157451138126
339,268.5157614146295
298,274.3105539785505
237,236.0613442239748
223,204.40210580051274
203,187.1129596015977
125,123.32145183970889
74,68.88012769174028
47,45.289116133992245
64,44.99952322524302
78,69.85172406233973
116,112.22998412338778
187,198.3688258012405
284,301.8902394772154
298,329.20959162478283
293,276.43674401585497
269,241.47893372397644
253,237.72095674612265
264,238.2196893783889
264,242.66659202083716
273,277.0831882399113
303,287.5190785927516
295,320.2789254478525
286,331.24013171918614
284,296.43133499839547
391,280.9732498375204
321,340.4618929973614
258,275.36940459889973
251,241.460268947152
245,214.17758806167078
180,177.37319083404276
123,101.40327291493655
99,81.51710467561317
78,72.9976644450446
85,80.3601792199006
93,116.11383221974981
132,145.46419230848147
158,180.18482627738848
164,199.19928588772217
178,205.1694898470299
197,212.73043009108193
188,225.47743860431837
228,218.47394059602968
255,242.24443103006905
302,275.3305469805562
351,326.9892532391549
461,358.22508783776175
503,429.142341732227
456,424.4144528451881
483,463.59876174078715
441,405.4592765413224
410,394.87655832066486
455,372.109199710413
469,337.12218336065064
297,267.21203252700195
182,166.12336625145667
107,98.81331666300433
77,71.33798103279938
70,85.5104484174535
117,107.6457921747489
132,171.2043775489917
153,205.87774520830888
183,211.62103590402916
168,216.83571427266682
217,198.37914338472078
192,221.928284506678
200,225.6140336561632
190,229.87977922060375
245,240.40508574731544
285,282.7414556746231
289,314.2116618621979
263,342.483936529327
266,320.90296790657476
246,308.29291511710665
252,266.3345510669076
207,273.8244960892401
267,271.3911324983277
328,318.87172565312477
258,303.74711185915044
137,226.71795826739796
112,122.95902641561646
75,97.83731575078518
65,81.42039107743713
99,88.32898614447119
121,132.23697526607813
155,157.6495775632102
200,205.62523179507755
193,241.33920705308768
240,234.80075396018145
206,258.8066967228251
236,232.30764568677995
230,250.46876884382402
225,254.34120104040971
299,257.35086217484684
294,313.18307606420626
363,328.0697801640703
346,385.9170516369403
366,359.72454193071576
322,370.6352770514434
299,319.7663692506459
345,328.80419648919053
373,364.94411362064045
301,322.3905668117892
216,239.59468184813954
149,152.8793488007775
98,107.32653401277214
83,84.26301192769084
94,92.79077679875876
116,123.09349925593966
157,152.29026058152897
192,205.83583458790986
234,237.68358734809883
277,270.8782977206976
286,272.71070292219895
271,281.23315761056807
316,261.4680880712143
298,288.1473523581828
277,294.313174236817
304,282.6421704736959
312,304.5932060070541
275,313.3411992101115
244,285.5129096540935
258,242.5777873499982
221,242.74461975700072
234,230.96584742569513
196,218.66416052970942
203,189.13305727911143
240,155.48509770591622
210,163.01884968851815
233,150.94345622447355
255,172.38688457197173
147,163.42591514053976
148,153.3359240931001
150,167.248326645181
194,188.0288945978102
203,205.7978291679885
171,211.1092155804302
172,197.90659021928963
212,205.59703214081415
196,237.88339575409415
215,232.36618761886422
223,223.2678939122041
215,245.40896770934228
253,250.18896873827785
279,274.6922639298163
297,281.3275785324393
275,273.554497873565
244,266.69141605221915
241,251.72546442071211
246,237.44707811937246
230,214.22795718761873
367,216.4576818011605
137,257.2376050412643
188,168.87514608745062
160,190.47042626608447
128,143.2478679492503
136,123.31458218544526
136,139.2102980286422
146,152.4757318089186
186,176.32825239504587
173,185.04938205815498
192,179.6518087787985
157,195.8282859778335
187,178.01870167035509
170,200.5109959445445
190,173.1287538576103
183,191.36314050431412
216,188.9766162163227
172,217.0242657406767
182,182.6038312555323
159,178.04760030783177
124,156.0534002380666
120,138.92126734496443
119,116.78132915950634
80,87.66782957829207
77,68.28589850694104
46,67.05710315686974
80,65.96561898264959
89,95.01364958424057
161,134.3115928267942
226,210.23298477266584
315,279.30382913220336
281,295.58029919458727
214,220.39799556909293
163,170.8281644053991
142,151.34886910818733
141,153.09485861784438
171,168.06859717923405
210,193.00533075171904
160,182.7277360556353
164,164.23975074366584
180,190.1674193262801
165,182.1382086979222
160,158.25869195724988
138,144.63810782653053
97,111.61160571809688
100,101.95049728018203
89,89.75406731924205
88,62.845663239635954
55,53.20066141957448
43,45.358104730658496
61,66.9553511713967
104,81.60870387089925
130,147.21831840832292
186,207.24949107289058
241,310.74721972252155
249,291.5838608016801
195,223.38364007391132
147,163.8035260965896
146,142.3882253912852
159,149.90640112063892
172,181.3050527828443
191,205.38383193746822
172,174.4479645776826
163,166.96936603999444
187,179.24791673139035
166,176.101930578787
166,156.03320546500132
137,141.2784956502207
129,120.88220608492969
105,116.95475674032113
84,91.96707477999408
87,60.46866004690087
37,55.49776128440855
37,42.6314577475765
61,59.62774034805612
77,85.80110603810513
153,132.4482457917582
208,208.30582674376936
339,288.53783227290154
278,303.83661093596845
221,226.7425956899716
186,170.0041279774453
148,163.5690575191426
160,162.11632971462566
205,181.69362850559477
201,218.66642394959874
169,179.91038259450596
183,177.1237316017556
214,200.3807834345047
143,195.15830757247878
156,155.74044204300208
139,140.00754304124092
124,131.1696698396995
137,119.39846399073062
103,107.19606305221505
79,80.32173621100384
52,52.83447667983172
45,39.188005453468556
81,64.42908144956338
88,101.69178602902396
155,162.55770674429795
238,233.37637290457312
349,370.82768689661725
297,323.52637213238995
249,242.40033558602494
184,199.04716952150565
183,168.18463313553883
188,180.34097711578215
197,213.3789704697959
217,218.960535896749
194,198.0743529451893
201,196.74666580899262
207,212.85853851980312
199,196.79709709458024
181,187.14346225056698
147,159.23934510962994
118,135.43383941468903
144,136.43173710311282
105,109.09515315892246
80,80.09151872124362
51,60.50955105148001
52,47.97981855834229
84,72.36272670142424
108,123.13836998397855
153,172.50693085362718
227,224.1307898126014
333,356.72098546425764
285,316.43469667469867
239,245.46880517685057
194,202.20724827781436
159,190.52841458374243
184,182.78754683772405
213,219.42966574688433
251,248.76292381408174
213,233.94589967396286
253,222.79370343681728
265,263.14738403782883
242,275.6481542569233
262,246.59732676283429
205,227.44573577709363
178,184.4705548465522
200,192.4809396411515
184,189.1113705674444
196,163.10115345663144
145,150.40435723820138
133,133.58124113572592
167,137.9250256562726
148,155.6062835711678
137,138.2740417190843
140,151.27542491168745
159,162.64113955283605
184,191.26581738183523
171,202.06432831628183
155,181.83722408334378
210,173.43718507175774
193,215.99200368026905
217,216.19381366704934
229,237.79838891592493
233,224.85382397381886
231,250.04459839621765
254,255.96036014507766
254,266.6691556349943
276,267.1495352770415
245,258.6062548636504
242,240.42970306722825
223,239.87547249574695
218,219.01451309065098
224,208.77681493729517
181,193.93666246486833
188,160.43612155841532
180,183.9231699176449
180,162.7846119461535
151,140.76597153650707
125,133.2422059435872
120,138.04475532871433
157,145.23562587843
169,181.70428078940625
187,174.33255762617307
148,189.4184935420583
187,171.5279954840152
186,192.34863549731662
213,187.9699869217293
180,196.76525248259338
175,183.54766998130629
199,188.69713061940473
177,190.09339074473374
194,176.96031383503254
168,180.70928879170225
135,157.8144712045036
139,129.86089977352825
134,119.1958626154293
81,92.39578851650144
60,69.28344158716853
65,55.9317256651071
92,72.06814540606965
124,96.90585864563279
177,158.08298995214548
239,230.1015192338892
310,328.68452869989045
331,296.3947797622231
215,235.67082781276338
192,176.00172470153075
142,159.55043433049093
188,141.30989541349658
196,192.9917654167001
250,212.52429716228087
180,200.42836739237168
170,172.95361814718962
180,190.84429373910737
144,183.39170877995323
157,151.32967570075772
129,139.29620213419676
142,110.17609514450119
144,110.18864207692884
80,98.00572668256324
60,76.14988971374214
49,58.47056099729333
52,53.16274791252293
67,69.95965319192341
84,96.8590307314989
127,130.45324189448354
173,168.5327574405871
223,234.30463871103498
224,240.70203172142703
205,221.5167535047231
196,189.80791148403054
151,179.31943624965038
158,163.3508098323349
182,178.06792015871255
179,201.9275177849968
153,178.63654984053292
197,163.76504131776747
196,198.57100887968903
171,177.24747212472747
157,166.29658495122553
134,130.75444790843636
104,123.50244099726855
112,110.02636648153997
74,81.32347722726755
64,68.54354067079694
49,49.876145304136045
39,46.27775764472449
70,58.85094704292387
80,83.82220653082433
153,138.63783553241365
199,202.45870685602293
344,276.5408078567971
292,294.83769860566093
239,228.06516600820987
169,199.45628756449435
170,157.465970629285
187,167.7199585269059
188,196.7944061120817
185,209.2443971031824
183,167.38803858956985
193,187.28823149565824
172,208.5702909223031
187,173.43062455836838
173,165.57597940861518
130,145.51839509429198
124,121.30482019327
107,121.38598339720821
87,97.77157281656139
60,73.83220137502121
53,51.19576659960392
50,45.28439957416391
71,65.58128786881745
95,95.18959844483325
150,154.710212060362
220,225.89756419762463
369,347.287321861504
323,318.26472845136294
230,249.2230325315237
201,189.20835268268033
167,179.5655631597941
198,184.4664959105901
165,212.40691904182506
206,202.4294031482586
194,193.10782604326326
192,202.4931217625188
225,199.16692939532587
175,211.47474800330156
175,174.5953168092575
157,149.80683234601483
126,137.00738721826303
137,129.7017086000056
102,103.50207037944654
91,76.97160544261554
56,60.231332322163844
57,50.4911479321386
82,76.35173991096025
111,118.36678101474256
156,164.2203038050336
215,218.45362129161646
359,356.99407976772676
296,320.4025853753276
251,243.2098824733702
206,211.05333415607862
185,188.4034913731583
179,193.75787405475498
282,201.09590252168687
225,269.06680675286515
219,215.04086233226658
270,233.9323484544674
284,272.7141265941152
242,262.99987556607607
268,244.12990810682
214,214.83309173999658
185,187.60690654282487
194,199.10458701394163
168,183.48113719767835
155,160.92063398951225
123,139.79917285140482
141,122.41799640073145
132,150.2360597996458
158,142.56016895390079
114,147.73558542456018
146,143.87166261716283
161,164.8467251333819
179,192.25382838953016
186,202.31851774377378
201,184.61938524917525
180,209.45573921970106
219,200.1985242296026
227,236.33692718604652
209,238.26197517291516
225,219.70351164540327
269,240.1609477989614
269,271.2338280418966
258,266.72490515217567
270,265.5657263775063
265,246.4528760702616
217,247.91179051462674
223,222.12361362592313
215,213.10183123733972
219,204.13452088016405
216,195.1532671123978
215,184.75630469997094
225,187.1402396275077
207,185.00563593339928
131,140.2272032766012
117,128.2445257198244
112,133.00722915263395
131,143.89613423003257
164,164.87346200647787
164,183.16954748709705
160,172.59614833735154
166,180.49343592046816
195,184.5783958688981
180,204.51147654722465
205,179.12694472573534
198,197.69744650824262
223,200.30515576911858
202,205.47771766473397
167,189.8756907059343
194,164.04798327744592
155,162.34641120231512
136,140.03092338410696
129,118.14734593760949
85,84.95651338526665
73,66.86407595673349
82,60.119341373148664
73,79.57958211482368
101,97.20173245635782
141,162.0347807099743
234,220.71457797525707
346,323.3493655317503
310,320.43609545167453
216,223.4088919146082
194,171.81353024781447
161,161.43640639403645
145,154.09936468926435
195,173.81369571575743
209,209.20488577755185
184,185.51432008458744
185,176.01390962757648
196,188.05488030257607
174,180.5792636348829
148,156.04456613882354
135,132.2149966265167
103,113.5350824386983
102,109.68389014755508
74,82.76242629117674
62,60.08500219488273
50,49.44851805471665
43,46.058624090361604
77,62.55329818881264
78,90.44452938846153
134,132.25491618120182
205,196.0717655256357
360,286.8746505505638
270,304.2313507996937
234,219.56058927815837
181,187.03381855477258
140,161.65111447298463
146,149.4261831999702
204,180.5987613227171
213,208.50410435400292
178,188.67330002872544
166,178.22152958454595
192,188.37722583124713
173,182.2546536041694
146,156.25558274704957
125,135.15543755728532
99,115.84282075359657
112,111.43132324495393
99,85.08965107701502
81,67.53895454856736
49,53.38499922987619
35,39.58543209853579
57,61.25537195054346
87,82.329415681549
150,144.6774558356074
259,210.82091775276078
426,364.5870120777581
362,344.27992423790647
244,271.19531044314175
186,193.3212754296775
159,167.81768595032875
181,161.60679195518014
193,200.1442914887727
209,212.11707616429553
183,185.28737612428705
214,182.2503144869941
212,208.6576167420363
185,199.05350937471883
145,163.96190092260392
137,134.11167498917604
119,122.63936596150607
115,115.08080233135561
86,101.07709686030896
64,73.67034214230468
68,51.631643392804314
64,47.669302277773596
59,68.18613058865675
107,92.77213872026094
146,155.67303626661842
223,242.20119602940605
378,370.31637179266943
337,346.5145681445893
236,260.01203415456285
182,193.7559683810551
145,171.29376499361737
184,178.96004266296373
192,202.26835469534606
236,217.64462065793933
212,204.2736230383955
234,212.92509665292164
199,228.24375267651183
222,198.56327651674545
178,184.16149237488915
150,153.55592624554163
138,134.31305826799237
135,133.24201920878147
92,103.5776331978228
69,77.05634929240584
77,56.581291582509245
62,59.240659933948656
77,74.54657411361056
121,111.77392461032017
181,156.63214705207506
234,227.385373953787
360,364.2371647818115
312,322.3877826175453
258,246.3665902247125
190,209.15279726451905
173,180.7013249477659
186,187.04221532084716
232,226.2631774186538
255,252.9483808763792
214,231.34985275564543
238,245.54949130349914
259,259.6115792301708
263,256.4168244480275
258,254.78998445393364
193,216.54718677921585
203,176.9197806103371
198,196.62944187289887
155,172.75906451874704
159,147.28075301888708
158,141.98353773501896
126,136.98416635385516
162,140.70380975088327
153,159.79558399480513
166,146.6724618220167
152,157.75959388316218
167,167.05894756693908
208,190.60072543529722
203,215.9254191667224
191,197.20055523703107
203,190.82191612292843
199,214.2870620894092
223,222.58450497106801
243,234.7410297632032
231,232.46774343382899
286,243.43418032102736
277,278.05260425549847
271,276.3240146682461
284,268.25009255469854
240,254.77499385718784
234,233.94100176501726
249,230.07092291829812
230,222.35899306730286
223,216.87064243237862
210,202.16766534820164
171,183.97868887265955
193,172.61654130552014
172,175.04188272247805
143,142.90872586698143
125,130.9972235341753
141,127.4143139736356
161,153.6492142217629
200,182.068773772005
165,194.56477890771376
190,177.19162962015173
180,190.21859113181722
229,191.06642089687753
220,215.43027330087088
215,204.6170806713531
227,204.76425340490232
218,223.03460530170943
203,203.74537589745196
195,189.83777459213906
157,176.12956721638034
148,144.61811248453873
151,136.62006267760225
147,123.14435926885324
86,91.78929275506036
81,68.88759999318145
45,67.21689770511689
69,70.80958759079356
104,99.02635612772862
160,154.7820837147336
257,230.87311715779333
324,334.032243551451
279,310.53673352017233
251,223.5456351779482
177,190.7959695251756
161,155.55787134616432
172,155.1675280079153
204,192.0643256431728
208,216.4491439046836
176,188.9085142804261
167,174.68186421530436
208,178.6449847510828
202,188.24973084136218
161,168.04872627380175
161,138.4594918386634
109,120.64146088044191
125,103.67517919209389
86,87.82662272484725
61,62.458360001092444
54,49.3542837595691
44,43.74342499749901
67,62.139152597397725
99,86.93533476875213
137,138.170173856033
206,205.28978136196224
355,309.39564474818957
290,300.11687555610297
257,238.34223112077385
177,192.23534712421377
157,156.63736161618243
167,159.5369288126896
222,190.8572644462123
238,219.87685778210945
211,194.37974932187933
209,190.98243991778247
224,209.5845379448148
223,205.48420281184707
204,176.9868769149113
159,160.43375651448125
126,124.70612252107965
162,121.2634806962399
91,103.49797824825728
71,73.23710331136421
57,50.54321991977965
59,39.58031401938119
93,60.7010119048872
84,92.83424517031594
153,144.6774558356074
210,219.92183685331563
319,334.5138983053027
313,311.68995994926877
251,256.0228874338122
225,193.70415661922252
188,181.30450518949874
190,182.54966834943792
237,208.5288450415329
274,235.14818308233876
232,224.09508809850257
227,217.53135287257277
247,231.4640182532114
220,224.00823615735624
265,184.28303849314815
226,206.97880974402705
190,172.82315430998855
188,146.4105908198422
174,115.33857892871889
132,111.61520248331634
113,86.6585311015473
146,84.83058586786566
136,116.83501656828355
147,117.57511050901931
140,154.9984572267313
129,178.14245752902235
123,160.37540641793362
120,154.32946646186568
98,157.0277886356632
136,138.2558643527457
137,159.92478204841177
156,164.36898110073756
199,192.25274617562664
200,231.90355286336447
222,212.28981375278352
275,235.64956568007446
339,255.2569902154512
364,300.6369741482826
325,334.3766616006313
301,289.36249108860267
276,254.94978569490607
295,240.4299001574279
247,188.43202257957572
191,137.86885827155052
160,108.16395724902624
127,96.99492160213617
122,100.98538246349752
120,129.96026157018912
153,157.50156973884853
178,201.39268022550152
168,258.7784448997548
177,222.32586979004472
172,181.01895552604597
168,169.0872276737456
168,163.91883997085696
169,178.3183537106158
201,209.7017124741392
212,233.54467274024645
201,214.3976991728545
208,236.50070329897275
239,256.11190111928255
184,262.7658631124505
242,225.35564272662023
225,224.65652499602996
203,212.01949594261706
186,216.84418016769519
198,188.16148390986152
159,180.88040039509588
129,155.32704986842583
113,133.8936919986963
162,130.6326075156035
185,156.85229230550922
127,150.0880804577995
143,144.08320815570207
138,155.13539718513138
188,171.75292226020966
150,191.14068841863113
171,174.6298215350985
179,187.1104224483634
168,193.44424271158152
208,203.42290996879785
180,228.3896179309744
203,201.6989115473512
226,232.5421321955436
251,246.85037080871223
247,246.33553681828806
251,254.5221712000372
205,238.49613956991823
222,216.7291317352295
215,223.9023454894274
251,209.2835546812123
207,223.72775834008155
187,188.50552694207238
165,169.93917100087077
188,177.81790704694552
206,183.40776022714024
129,144.49832918572224
126,128.1837372980971
114,126.35353386912271
132,150.82878922479668
168,158.15351409724042
166,177.89160659315556
161,177.6605182148212
186,170.3558132576405
193,197.62404355706803
197,201.1778587314208
198,197.22792269882564
158,202.61010326433484
176,186.07575169988627
174,186.06312125183632
154,180.9422303293103
143,155.9282194220267
147,143.74258625407694
134,138.73368939885768
113,118.27998034051338
750,712.77586340965
614,451.4209950353873
622,410.4437544543974
558,315.70778842935255
348,232.84476276626495
247,157.78602260587408
162,203.18182136887293
191,191.826100149235
210,233.4101480450972
244,263.1788951481058
259,286.80435373421506
293,295.53976027273177
308,305.2427399229478
254,295.971700110804
305,283.05226503028723
318,317.76135083925027
287,332.34290045475973
322,341.43027304573445
401,389.2091419007826
451,454.72674043860417
537,466.62837343972006
489,555.1952274560759
585,547.7374655718728
628,582.3397425927398
698,584.6685856840102
1204,557.373944876693
413,730.8148491847759
302,311.6979894777246
227,211.47183837884717
136,159.2003823954035
151,135.465016145058
169,163.30128981687764
195,193.77836106196136
230,229.4202402689902
290,268.76282221266047
260,297.8516524621431
225,271.8981376088668
219,250.55100613401353
233,247.21028281173642
269,254.29204460270074
258,275.23796808825705
281,274.7589564672577
281,304.87272352544676
261,282.84228188736466
243,253.65177354600291
280,242.35577155146515
249,272.1522914454534
180,205.6510151615472
126,127.87110429348616
97,92.67609396064292
74,66.91972587589369
71,61.67385424580184
82,81.59189691338862
107,106.31396705110038
173,140.5775148662534
237,215.88303889925305
239,265.3325975834556
239,223.74654555209113
189,196.25520960744112
156,174.13944097162317
184,170.40676837468587
169,189.11596635695324
193,172.1435471386317
188,196.7689444237451
215,205.43197788913218
236,230.3363147498793
278,246.40234643230707
206,239.494483477098
195,190.6248187016013
173,181.35290077398926
165,182.74300724721851
166,151.8141913455919
103,113.1800971439244
66,67.48531759268884
43,46.293363895664456
50,46.44028483621446
89,71.2050139964787
121,109.1398151285938
192,164.39560371348304
226,249.99083801324178
227,257.4913540902721
233,222.415327383861
176,187.66289404566524
171,164.52876841321043
151,173.11876686118157
183,165.20179299103847
176,188.5620055085508
192,190.30145469590352
209,201.98036250354758
245,244.0397940456417
243,275.6047787378673
296,222.3748337606002
284,246.05627374532375
179,226.51964225847868
202,184.7953978053858
196,167.44809282725905
146,126.03009446705943
80,79.60447787180864
44,51.13802448488328
60,52.90883531616226
93,83.56695852841088
122,114.81984603076786
182,179.75693249562985
242,237.84850224610605
248,260.0577815159449
238,242.62510992512313
199,197.4275198833159
181,180.68472851612387
172,179.1533218285019
160,183.33578353718457
188,180.5343801596437
196,205.94965656621918
207,210.953611281324
234,249.3692209506204
267,268.68424099108864
268,273.95770077494194
192,255.54210258571055
201,196.1337336500996
228,211.6989674259364
196,206.2465218087233
124,151.67562477451625
82,86.57284632250992
67,58.23820779672786
58,63.67915053063827
68,87.50975233492143
128,113.96155620543567
176,175.04207621842005
272,246.4143708397838
284,293.5881155055959
251,254.60658892490005
205,223.5487426666815
208,195.10601236438225
181,202.2125928068843
182,184.2029368242919
170,201.26641093662477
224,194.70171936778652
213,238.2804458217358
334,257.5507409848427
342,338.23883629643683
322,319.3738347578839
237,281.6004454206882
263,241.97432564744688
254,274.44889187631566
242,227.7360970383618
163,176.8769040339635
101,115.61506642844044
81,71.61016200074467
84,77.16072373479886
75,97.06211649859337
90,123.86122507184184
185,162.06055509173285
266,263.50595206468404
295,293.78968149510047
250,262.5819315783656
215,236.10606747015734
226,213.62141049613945
222,231.82605812164476
220,224.6703013674411
236,229.7978173471256
240,252.14178931415515
299,269.0438908671527
379,364.2688273466288
405,430.2785170846639
402,459.5962134254345
379,444.57228769017416
366,408.93337037456865
381,451.0871287243811
460,428.5423237099837
365,412.7959711039578
344,271.0461398079334
260,219.1478323589809
221,174.6792378959699
159,168.52146113968416
130,141.6215249287243
130,159.64783229388766
199,184.7570161509474
221,229.0368778168844
248,260.159770287687
268,272.8074342917279
333,288.8348511941779
291,327.59300911676536
301,283.3175673271734
297,300.76875747395667
282,306.97184260980634
341,301.768878379546
364,373.68782973641356
412,416.31237426953504
459,434.5809370461089
408,463.75870478431517
417,436.52277632118887
417,453.5165378508327
460,463.5340523547889
444,402.96864933603956
359,342.6425855628752
301,283.55388255209283
219,245.30052836925108
159,178.1316576450974
110,132.6176419572471
154,135.8984244426058
126,167.95223446388496
200,178.26659062408146
246,235.0955272121297
239,287.4832924206713
260,276.18620146199237
294,265.54159891973063
298,290.6685478743128
320,286.83190553318406
332,300.8881696797312
280,321.4538791567467
317,289.20494672950025
267,318.2601610340959
315,267.08956261438203
257,284.16002712272206
220,267.87935324949376
226,231.76623326165227
178,199.7768786741331
149,129.93018326425351
103,95.90346020508967
77,71.03801735217817
53,63.27148943809574
68,77.45350899413823
117,102.94377816760415
163,151.90743399665365
256,230.66794712684464
265,269.008999509324
249,235.02446960331946
187,200.7028487243675
164,171.4370889904657
192,175.00728712544242
185,186.6826237373208
203,185.07697322081725
199,204.9636327467198
230,210.4977231173918
271,242.12995793053506
285,273.1777231919312
222,244.3043000827542
217,201.3998467243032
178,192.34693913489218
200,180.4179477225628
174,167.4214256162388
129,130.30697803368545
76,88.16574563971987
46,60.39563776134255
50,53.218123402400366
44,63.798762253062655
101,90.40416755789902
156,133.86944261420533
197,195.5102331889536
256,237.8256694321189
238,255.7720448386684
197,219.7826347175022
211,190.39954958487067
185,206.589408254503
202,195.58992000117007
183,206.227163463969
212,195.16521665052173
210,227.99349446403647
256,239.5274624451465
286,279.6597064980083
259,271.40185964407976
233,239.50638771055543
200,206.64438725969507
227,197.09757302011653
173,187.59691596965055
144,122.86211922448241
71,84.77357602148321
52,47.32799126415269
39,56.239429303498206
74,67.97752043988847
107,110.93758685207648
168,165.7934049976132
252,226.38867370648444
274,269.45953923323066
241,244.64368838758648
216,206.32566692494814
149,198.9496316991121
161,174.27565554182436
205,173.14990729758895
187,204.04999452902115
199,209.67292970058404
214,211.47744965409512
221,256.8277628777605
263,271.82253083780495
219,262.17111588487626
232,219.18379901700092
196,217.83250810630395
207,218.19465685869605
171,187.6157136461384
115,132.7240174830275
64,75.33395357843395
49,58.55240157080387
65,51.57534176659586
71,80.81370375999353
135,117.62702592826706
171,175.70251137537062
276,248.36966648279795
266,299.8821954683314
263,246.5882235243018
226,224.904673747411
208,196.37967926277426
211,197.22399459556044
218,209.9737416999324
210,208.00014777136343
216,217.410081861356
269,229.31877435237638
283,292.8936356205783
304,314.84661283376613
309,291.33400788912724
265,280.22876391535095
245,258.9341376984426
284,257.1703288223278
231,243.5268575242244
187,172.43943486185603
125,117.63738055936827
86,80.26675845441702
80,83.32556272148936
84,90.77230477451991
109,121.78835801585159
176,177.17935977700927
269,261.0556832470469
274,301.525484818836
237,258.748465823929
206,231.87498815987172
209,214.35546091393707
230,220.8273798348287
200,230.88192066568703
265,224.25730741558962
239,264.9719897675572
294,283.8883713498513
361,350.1155181760892
436,407.3002302690155
438,461.26690592908625
387,432.64155420728525
369,397.4096975875827
415,421.6355493865173
489,446.5241857194723
434,441.4964803854551
297,350.8585719956322
244,238.10941195569333
238,197.6545856824678
162,153.22692757920504
122,126.17755200954008
153,153.94408383331935
184,190.19365860069567
224,223.00754215268543
270,254.8400429016842
288,277.9698545957891
280,306.80083360199063
305,290.290664974725
322,293.0164814496168
298,318.79281811631745
322,306.1242512627014
364,339.337705786892
397,388.22371292706373
419,434.4451271191006
455,451.016186610236
481,458.87437949817644
415,488.2465473018519
485,461.9514698650483
504,516.2727148406777
453,477.6222898286201
341,393.1127769429171
260,279.4268029646684
214,234.665513443528
145,173.89865662393944
122,128.62535413261807
146,147.36680119100123
128,161.70660839869137
177,183.54839984051966
228,228.42933156033624
264,260.17707150394796
299,276.350405471115
333,296.43860969302386
277,323.31150204954525
292,284.2147012175694
313,288.8526118115513
273,315.2514503064639
336,288.1615901946911
325,328.1677385375591
330,306.42085659006295
287,296.6202869330455
304,282.89231843517973
257,283.52325739786215
224,210.01599821457646
147,147.48680554150934
89,96.08517885724828
67,68.04858929309302
66,58.32888947871503
77,80.34087600228115
123,108.96927550090915
169,172.4176402977987
222,239.58492681716007
250,263.54690344547714
212,234.1500300471833
189,188.48677558910998
194,175.24310478509506
154,191.45543488320448
186,164.51685900416572
200,195.80990402842895
211,200.87492617766802
219,225.58865493865923
255,239.16516798510793
227,270.0414344578971
223,211.88253248258596
237,202.15091845747827
183,206.5237831291554
186,188.36134364422753
174,163.43352319012547
99,116.31119108442273
58,66.90987338792388
37,44.21880519721661
46,46.86131510677384
68,65.66229390236087
101,104.86176123687542
178,163.06586833655982
236,232.4055124945719
275,263.79137132344636
268,231.78440175542414
199,205.68059845283224
175,184.91376740318734
151,170.5491753634638
180,175.35162687986602
176,189.0759832337207
212,198.2323905200812
205,217.42583271987058
259,246.13690493451165
251,268.60045446269436
223,239.42245783130952
192,224.317076644986
195,189.84569451799408
202,197.3361494905951
154,177.05515307261527
124,121.92090004142891
68,72.94379550884643
65,44.932806390129166
54,55.38502094809608
84,73.65009618760591
104,107.18147935563285
188,172.5422987441791
263,251.68514709510424
227,280.6635819052641
279,238.63683909484834
211,215.59993036355038
172,181.36942327417415
174,171.79570923313187
179,181.33573181591598
210,188.8647395236704
213,211.45078970525083
220,219.07564960449614
294,253.4799881200767
318,290.8240616097365
278,285.5736861103963
205,237.94607964818846
231,204.99494159243514
256,226.6963969505192
212,202.58459288402963
150,136.34785640209154
109,83.22805327495816
71,68.91857677213953
68,62.72951108735819
85,78.81509855890563
126,121.39401070228811
187,181.4465809247868
254,265.9429317227449
297,271.28999689777453
302,270.24550352342294
196,239.57472513902513
192,192.41516099856943
196,197.73065534729267
226,208.4490831063052
231,222.1728765503374
220,230.04909830039736
245,243.00192875669973
336,301.1843828323724
363,356.53687736643536
392,329.6902971679501
323,323.2642894196213
250,291.0168321711778
282,270.17403965373524
265,251.94376555200074
165,190.85874680196918
140,119.33707330420384
75,92.2554955394474
91,79.61952862753132
99,91.05181115299355
103,118.78647181347992
198,177.1549949827597
316,269.2659239932174
294,311.9447133412033
283,268.5036770585289
223,233.18087654235526
242,214.267823794653
225,235.87948029045256
205,232.36538662043242
238,242.5069594753381
273,244.8335162302269
311,294.55059887566574
383,372.10938255233225
444,439.4627298859871
500,462.07097959413835
428,471.61431740054326
395,403.5578675259595
431,427.7698457487457
507,457.47890019818095
447,441.96628572788893
347,349.0801481715517
284,253.53157291163157
216,227.55209701679755
173,160.39061909471127
143,126.20577120986438
150,157.5261413657525
189,193.00746195583667
259,226.20650549689896
279,279.7163218784896
304,282.5566489802412
293,306.8743460878513
269,301.38819558026194
313,280.82937489038784
297,308.32735267281964
309,308.61544004827675
335,341.4793089110085
413,380.6585676375402
458,447.4622121843709
451,479.20299439868114
452,470.8762416374771
420,454.26938343864646
475,470.7893487351921
537,491.89887374613517
439,486.2823386863508
408,362.4603587739035
301,299.45484986760124
193,225.856221521191
193,157.57350793342601
148,133.76514964105203
148,148.78648227792522
140,148.41358581328203
205,185.995646909166
228,246.89571788380644
298,274.30772265789676
311,297.9139533324721
294,305.2282998410753
290,287.5829624366274
287,288.49279883051025
286,294.0756003659426
306,286.4139702280951
340,324.3213551148551
322,340.37151445040956
341,311.90584583042164
282,309.346405068693
246,282.92581790542545
286,248.08600385293997
197,234.5212899481904
173,136.39516017604285
115,103.53409018298201
79,73.37607070826668
71,64.649263676692
100,79.40767838767073
132,123.93579381959053
179,176.02454459588424
253,237.89746445367095
290,263.9767246509321
231,243.7078392846181
212,199.95273750309883
175,189.8757257437533
172,178.06381616870794
212,183.11275521878443
202,212.2589887767921
193,202.0970514219702
212,209.02304574182517
250,243.27925041415753
263,264.3962598597945
214,231.8174038327344
207,206.93715629924029
139,189.23016802980976
176,165.1149493725278
171,159.95488066448164
105,110.56649709884637
65,66.84124847652532
54,45.997423351977496
81,49.804745885911444
94,75.87808041686073
118,105.72837116460181
189,179.51222893789955
280,243.36033568267013
282,285.9330800170157
277,242.55546483701787
211,215.14386123170698
174,187.60936413222157
193,165.36730027765392
197,196.0605400252536
248,197.61569406826703
243,229.50916846294018
242,231.34683560089354
281,268.56861101059576
344,280.6707500242207
351,294.5215536506482
276,286.20675245416726
215,223.9837141223388
250,202.18850130785634
188,192.48810692875443
141,134.1753035531333
83,79.66686576026517
55,55.0031414945842
103,54.74397932744696
86,93.88818810727889
134,111.31109941011049
176,192.95018776044364
239,265.69065787786184
281,269.72379519037224
286,263.3389708031697
246,225.76267392340623
237,199.91010377954197
221,215.13305387083943
233,210.97007377023203
260,233.52171695291145
223,244.10117708138975
246,234.62640287515572
256,275.6689051713933
279,295.4580631612754
353,283.90482120381216
281,304.136976943835
251,249.5054830419448
247,248.82760881767436
265,206.93934921857937
206,197.98332967422047
151,130.47232605087868
114,101.08751401602055
111,94.55502990271209
97,91.07380632364594
104,124.3973844010074
124,145.68780246985196
110,156.7273737890504
123,157.21217763369802
147,165.12476953873107
170,183.53911252369687
213,198.14288857039054
220,222.90570883537254
274,236.25042848658276
311,277.1412553921236
390,306.0855024972611
471,374.3443395582298
538,444.83146038580537
504,494.1010738552118
444,462.54278729483474
460,395.0613811161484
535,391.6420415456125
606,431.46970315966104
570,412.8886522153513
415,320.0177724872446
274,247.31832443440157
170,170.7306567983621
152,113.63330356895402
114,107.4290907053915
109,108.59840650715333
105,168.19405633768787
136,179.56183208810472
172,198.18100498206522
161,199.80226442459042
224,188.6783172176539
191,228.04555469791052
174,215.15271936211582
193,200.89542977618189
190,233.80133417075572
207,232.56204671819097
216,264.7082012164155
243,296.075460272341
283,339.2195981216281
293,341.9703778883918
321,337.95475578543585
266,371.6748133124321
307,352.307805218651
325,375.5549984152734
266,316.97362060758564
181,228.08209289971407
151,166.2513742522873
142,181.85732428665716
128,145.69901095707598
95,123.66857186241852
113,122.48887858327284
127,156.0630592308837
176,188.27340296271717
199,221.28732830819172
214,251.27039384435514
229,253.1428922380625
211,244.12612327118853
185,243.20153212835774
205,215.21843668008128
246,239.5078245077812
240,283.80634712740465
267,290.29389151912346
337,324.71939878426053
298,368.6785898134685
317,319.1510910923365
325,344.51628281816943
352,370.3528500698626
366,383.4842099234643
268,347.1014900998777
256,206.21006878375974
160,211.72603968629255
164,172.20934222991016
115,142.54666197379737
115,113.53156201554722
121,132.74266370970196
129,129.73342175971837
155,173.8246709208659
207,209.79719694247387
252,248.28077674056226
293,278.8071205331162
271,290.0439566563189
289,267.6251080304962
247,282.4432417913938
258,258.2259917951601
262,266.7770555535307
249,282.53284751852993
285,280.6129689809423
287,283.6681566158146
216,274.90644338343986
198,227.90952551138417
207,219.3525085842843
212,188.67042356041668
393,360.8055520464254
442,348.0274650843182
444,312.74096737069874
417,277.0579215888907
404,217.80066137167768
260,188.1394087475002
194,199.50497483573824
195,184.56078401501784
188,243.60386371796005
215,263.3932620810165
323,305.89720662719657
329,355.65241830549286
332,322.87571494061206
296,311.3074546638079
288,290.3225664495682
316,298.1612381322828
522,454.9948344692702
432,472.6476609151798
458,416.8793430723499
399,439.8601617721144
380,378.1006307679693
395,450.46212746228616
669,546.6868369577418
518,501.70323019337786
493,425.2238786538228
884,397.9957151753204
326,537.294913271537
275,294.1053364855815
230,256.5245726567874
268,171.98318450553083
233,248.21198664283006
182,240.63622668575857
193,260.7936148934994
208,269.7159037327738
302,293.34095677507355
280,373.59062230223714
257,309.15905837784925
227,279.88903477055015
219,255.5651475674935
290,265.3531376325972
304,354.32911551061756
349,368.9840857626083
411,363.52960260651366
379,381.0365090728483
430,366.91080974614323
525,445.9095981641113
394,481.3068013978445
332,312.44294161817487
187,234.2218590552265
133,126.46365790445735
96,100.83781218041919
91,83.68887484381291
123,103.36963229151985
138,104.93475455714184
195,169.8909736779197
255,249.07913027121756
255,304.69122955510755
341,254.78479144722087
326,312.45834946975384
346,310.59215780396045
346,315.4906938785976
334,321.2909900732785
330,308.43395692340414
316,320.44475397199056
329,335.2076363515178
383,411.3183395202088
439,419.5850786420172
554,467.40037314767153
657,665.4929077063364
772,782.608156749793
557,613.1497849621537
393,447.6095098379511
325,303.936313430336
189,201.44420505511644
141,128.2378576569082
107,112.97041793801434
121,99.4407021982184
106,104.01694378151373
156,148.70170605335966
261,273.9289365481422
353,393.2881611634035
335,327.60557712644993
338,320.3047589227247
329,339.52682658288523
279,323.53541059097665
300,300.2124146549554
297,309.29913443193993
326,305.5518416979243
323,383.17667048585315
471,425.12748648327795
473,492.7498337115377
527,522.6518424431015
692,754.2089647034139
841,886.1774345470471
632,679.7596191833584
541,491.32858071077305
375,371.94435774362205
214,244.25486366523512
126,155.17932062815112
129,105.24185351044692
105,126.74274027981296
132,117.71378801691301
189,187.3136979199306
274,327.86750435121945
432,419.0274277100755
307,378.35331646921713
287,320.37863730062503
305,319.03435176186815
341,310.21521851659975
306,332.05115766131087
314,314.4351829800444
346,340.4299211807852
378,423.22058054621385
503,461.141560057421
531,509.83819433341824
672,563.4425159638196
672,778.8856154536785
874,924.2486951832302
785,763.473385465919
561,552.2840475628026
397,409.13644285899244
258,273.8070487723248
173,166.8112842858712
120,142.16108758474854
176,139.23332428949738
164,155.5961277028606
230,236.20212623433366
380,360.2597329478565
456,482.6740932680654
390,409.82101211119726
365,365.27562663086564
362,377.3794385518179
364,370.17098780065874
364,358.75503311660515
371,354.3166917151738
384,377.4479651403741
433,439.4754934110322
465,465.4943014878323
522,467.03452697862826
579,554.2107431000761
730,676.1566356554656
982,897.2795768730697
863,848.4126412707308
659,601.04996576389
469,470.6299508344405
250,335.945756058345
195,189.28954087922074
139,159.0257834847803
180,168.7901199553777
214,172.29100628346376
248,249.4355149286479
277,317.7453773936582
352,341.04335048614723
337,317.5198036962998
428,353.4678577111247
484,408.823974310565
389,437.74462875840413
323,356.9607468172598
335,320.80492979859554
336,329.61060331976046
367,354.66032970885874
379,387.00701859878404
431,411.0394941416882
413,437.1134769199857
488,430.659682225925
702,651.9006839625508
651,693.7438783335418
611,572.4220158773675
517,479.934141508257
393,375.6385563859651
281,289.84335096501957
217,206.66161422857317
121,195.796242982691
116,153.90664583512458
121,156.6255866318074
171,174.36973886363583
225,236.06589810843866
287,281.2268764759641
367,337.6416107724007
395,374.59192191280613
316,369.99662258746616
255,312.22017390496876
263,272.9149012761301
315,293.52449409848515
484,472.7237570369644
402,451.81530969746126
386,424.4889223811686
378,397.8802956309635
348,386.20000256491545
485,457.97419674644976
724,653.7420328070103
567,557.7104892844019
430,463.24880342520567
375,300.9317533398443
298,286.01916520519376
283,247.39997205003468
245,231.736833733477
161,184.23255773465866
169,163.75392408636665
197,198.79007569020757
292,266.8794073841253
443,329.80769631585275
418,416.784779175173
465,415.7375265464671
390,390.7335863739372
305,334.1648819355103
378,292.99521402311274
459,347.57553539030243
494,444.1916805780131
494,452.4682378934923
361,441.3465479347077
310,357.29892929656694
323,321.41064741999566
595,405.4772047127832
465,545.7666238350074
325,361.92537437412864
268,225.62011760356725
124,162.03599545915588
92,93.46115761923645
79,84.35426152134134
119,102.57054925246659
114,109.37217144956071
177,156.46226009508132
177,243.3780110205169
306,267.77036156502186
399,302.50727520259227
330,359.228427283079
376,324.9935138108536
409,369.01815498873077
374,371.89235926632074
301,361.03773375849823
266,309.25430798758543
365,312.79195435183107
435,441.2854751564018
489,447.0869034146833
528,501.79444559015695
697,669.4010148609656
909,801.0760084321934
720,700.8353972876647
510,494.0175950485706
343,413.92678056468594
201,245.6907371467772
158,143.63359190636479
111,129.70664390150702
144,107.16739079737975
130,121.47952643793465
200,149.72209226692186
313,245.57301225926426
357,401.7498534035838
321,346.09877500932924
289,338.8206276090025
306,320.71448020724023
280,330.18780543007415
270,312.6244849257685
294,288.39065558768715
273,304.0623324333891
293,323.4626342494023
417,339.7936821971391
484,465.09653565170413
527,504.4207734348136
621,656.2813815670282
923,816.7391497568344
635,832.0071591757008
464,471.4002370736093
339,352.7616723060009
189,219.56377083614427
123,148.3736109835695
110,104.96955822754485
115,123.78806751220449
112,130.4502833424164
185,187.23425898483757
308,332.85826952122466
419,440.9219495262456
320,360.54076320618486
280,313.7169249739141
332,298.93420807065803
277,318.61374068186757
269,299.7315797341569
268,294.41162731593676
331,301.8200051903878
412,390.2136886468285
495,465.0313123184903
457,501.2273142128101
576,542.3048100990779
756,715.5024164424614
974,910.3025654561552
810,803.6766203270602
616,559.8800004312361
349,436.10539322851474
272,243.08800309326307
160,164.4485085527418
137,130.57892505218388
158,153.84689981239902
165,153.39541703724265
224,243.15484855309603
367,356.6389782401008
431,469.9062866912203
381,380.2420902402149
393,341.46830978332594
384,379.1874988657637
401,367.5537152443051
341,376.09991821389343
335,334.55905856298597
369,357.01573889694157
434,436.3609930233729
537,471.55276576340975
505,522.1585243159727
512,546.0536971248354
778,681.4147830718398
949,953.0698520944624
870,854.1717700715408
655,630.4826627963643
447,478.41808043179446
317,303.2797783369877
221,218.70083993007106
146,163.76204697907926
189,162.61574628375223
208,175.83494999675793
244,254.8612701937722
348,317.0094699849343
339,387.2779430849232
365,321.45574447523416
367,372.27182082384235
421,385.68255014614766
387,414.3022444394177
373,354.74306701906715
366,355.88727184660775
327,356.9105013745079
355,362.16023600470623
408,388.6441070010638
438,431.32949188740395
415,445.2263289532127
516,451.7027613037178
782,695.9526678515599
648,745.0587746706525
546,544.3653599346229
494,463.1943690798715
375,385.5840751210482
279,281.43891264250345
206,220.15962433747222
162,159.0274292511215
125,149.04393237333363
166,134.10975227235207
193,201.1419352308654
254,249.28666235195507
355,303.45836738555295
445,388.6215927946822
423,451.9190144471355
337,390.1683568586552
313,317.84245842177125
336,314.0627654541416
278,333.70585812087575
547,443.7342962821394
429,494.2594894048902
415,429.31291724399875
447,409.80420287589817
505,430.52666722799216
501,546.7853330414947
786,676.2625233066755
621,560.986522959778
422,492.78945480738554
370,364.32312384908795
389,283.2341864726712
369,287.37281544558255
298,253.05674569571167
241,176.18890444598978
232,224.54204866375693
250,243.07207980623778
295,308.8785072744877
381,349.6617014860264
461,427.03628934055376
525,467.2431211824651
397,447.60439904193345
364,342.6601983560525
330,338.4255425059716
393,326.4794922218436
456,425.24349887384693
518,440.3658897714979
422,465.41575131888226
427,397.9532435775449
394,398.6132473082989
633,477.6281387258093
446,580.7360800385477
274,339.47690926240654
213,212.42904672420727
114,136.90337742744342
92,85.65023095733507
110,84.30365750227449
129,115.63021013654428
124,127.39724081774582
198,186.54225899005087
303,258.37774086166695
295,346.673950430318
369,325.15961290626086
336,351.1164798655433
344,368.1292823654311
300,344.83526549449516
326,316.9485499028715
284,319.43657953922803
302,286.372186177783
319,347.04816811182087
437,416.716095247112
480,458.95896125490066
545,516.7564166714126
672,702.0858134438864
840,859.8327692308293
613,682.4402578121945
437,480.573952719708
369,325.0690385182473
205,213.61318467964324
132,132.96682863590598
100,109.0788442184674
101,117.96746212188626
122,111.6522938889243
150,183.42492768219842
283,298.216211434731
337,390.2972037810353
337,334.4754485954594
330,321.35885695241154
313,332.73933187538626
303,306.9188135260223
334,307.964927244832
340,322.65913848397287
313,334.73430496919815
444,350.3803527589946
601,492.053952563335
490,560.8620832731034
545,526.908086041841
737,704.0994208445503
885,944.7723011589339
657,700.6992945044468
480,501.9324021170968
384,364.24612412888257
268,233.7019111146372
150,160.14882216795777
120,119.79227102742453
158,116.10087801560438
181,137.1784029557409
241,228.07571289295595
486,365.0547950703805
558,496.455765413785
458,421.58829263929624
353,399.06887464928303
371,345.857953473651
353,342.83808047426743
316,339.536847157276
383,322.29049973907877
409,374.4815242589297
484,461.47894015468034
469,556.9857693423581
510,485.396749647032
573,568.9670659042264
721,754.3806002232494
843,915.8983274000984
793,765.447445145592
633,558.5684950381359
443,433.9777629898468
289,303.4058374318521
212,179.981125376677
146,153.8743413741048
200,159.40842329890143
179,178.25923981355973
247,258.76559126199555
374,416.94532891697133
456,493.45422212383875
370,441.6389198910421
382,372.30275976094214
373,397.118634481861
343,384.2018921112937
361,341.18346681986316
377,371.29008924259654
352,393.60836522069997
404,439.41433117966443
458,451.66610610450005
476,491.8228132472188
556,517.1970591098916
696,743.1730173914979
841,918.2050228114513
718,833.0864728704207
648,619.8114374110226
436,481.52615217901877
314,314.18808446191633
198,226.56597431618735
162,156.22680479414683
177,177.58865460347633
169,190.64395565012194
224,252.68879025036017
284,322.7488858661088
310,377.4638200755954
338,328.481957119431
320,354.83019955419275
365,366.11278659620996
367,371.2021841569457
331,357.2526647426607
288,342.2970726076557
292,308.7766459903566
314,345.29827120923846
348,372.93941778966405
387,404.3608787764461
375,426.32967403805355
391,459.2800853020389
671,625.2776846120324
649,688.3200488635282
521,525.1902723771149
464,462.1829490223888
343,378.1721136036301
248,270.33836702464697
199,206.25089773719446
159,171.3582831304754
87,137.1552960979671
111,141.54032811120734
139,178.58236295278738
280,219.69242544355936
319,318.8545780512471
371,369.71617881906826
353,402.9221064771688
287,345.3436578096061
308,296.9683132372414
284,305.18874349792003
332,299.07914905917715
529,476.8811873344705
431,483.3557448026129
390,414.39823868263676
391,401.7402313575209
386,402.2757355772429
461,486.00317602124363
682,685.1467530334666
560,547.152004447136
431,443.58227026203036
348,351.3678195471802
296,280.321182920495
277,260.1800964794281
211,228.89877448936292
127,201.07700036708067
153,186.67290308156436
204,192.27042800317403
257,301.096855647469
397,341.8994755941852
424,433.39563583187226
452,450.77109395089076
375,406.9177183591595
312,335.03230454787297
330,301.29645719993954
333,345.6723612755472
416,428.6594352914653
436,435.0674158047949
417,397.3776474674148
331,387.4893427671051
327,351.585374865919
427,488.3894213375115
404,432.2987918460124
280,336.4711058068668
191,209.13126799585308
148,122.08528624244332
66,100.24834904681909
83,76.77521874234402
102,113.80437533513327
113,122.74324030306525
129,185.5957305629126
158,227.27905227085915
242,266.86693553608546
312,314.3680909422637
326,317.91392444862834
298,341.08140538236546
292,309.4012077200115
301,308.6918052625236
243,301.9235129207486
234,267.91187692008026
268,287.69255039472125
315,369.73156183849267
381,372.1923372822435
394,454.17680875995256
526,543.6224307464438
665,740.275628588829
589,577.7897792989181
413,459.1405988489426
313,318.7899454808712
175,197.83614771569026
126,120.00748951586739
89,100.6095259006005
84,106.47457141179477
79,113.30745301496225
121,137.88500132755235
172,216.80331199520612
210,293.85120729794335
243,281.1035122101877
271,281.2434094703787
304,289.7732200780149
273,299.8368782226138
263,292.6794579931774
237,277.22633200379755
286,261.2036165505142
309,334.18091385187915
328,402.55474478953283
405,388.8362834844301
488,450.86443571597795
524,649.6235510013892
870,769.2652940831246
695,673.6181952140456
420,508.12589791693864
254,333.94136607139285
163,184.25805276796711
118,122.64990897984143
107,106.33668146998154
77,110.33440933784074
65,117.83706711201226
108,148.221779320093
122,213.36263016633174
171,179.57977483336015
237,233.76297806665792
250,274.7524492486202
278,293.8534486181196
252,300.66001860978855
221,274.590797197296
224,246.49526190664943
274,271.15652671845106
362,364.2871752333552
278,422.1424180376964
286,319.1902633438147
469,368.2548857867375
372,592.1078298192695
434,587.413235148169
529,635.6616707813866
369,495.2458938580788
261,327.36128103398545
196,223.17826865572073
139,151.17007494999052
116,128.87294568052852
99,117.02096961507962
97,105.62680242658251
93,112.36272791018082
63,98.37573448344737
49,114.30904690932785
45,115.83438298212047
79,114.10506212224547
100,76.71506122289462
90,76.80518785187897
118,58.4643473177106
180,99.51587007961238
286,204.1376292846269
275,341.79181616956436
381,280.67240704864656
371,380.70635492367757
357,410.2608581376951
353,395.19163934419436
359,464.4972297811481
286,462.4304284291816
278,227.1512794004852
202,222.62795194219478
125,150.06902642860658
71,111.11338130266402
81,86.40386226262758
122,134.76869841613552
119,161.05582257182678
163,184.12353641301044
143,219.92965435982487
212,197.38430451667105
325,235.72225618220412
353,297.07772079296547
353,340.39816228989855
288,314.3631576894932
291,280.28128477579224
284,287.0969377874068
341,298.4285447000034
497,355.19759046740364
461,468.96518590173525
424,451.6308613914685
394,417.2165916822381
364,415.9947932574073
481,511.61480908414427
728,579.9938428111402
513,553.9481395148237
428,449.70181666138205
259,332.27564173689933
185,200.47647904902723
170,173.1997220722541
146,149.25108265554317
120,114.76423123537305
147,128.74392111754742
160,163.09445050577074
219,225.55884109717263
332,294.49367388638467
391,375.54823325350645
426,399.2690529983959
383,374.007786276698
285,349.8723160781472
297,288.29317844153667
322,316.6656480469739
498,484.5240900646248
436,485.91889635949514
383,417.4501123997532
398,392.41432209754504
340,388.18548777055116
434,446.6291838003626
545,633.2465193279961
395,493.86902184448877
368,357.92525701159894
276,303.83249559413514
236,238.82607118640817
242,231.9581445359973
174,219.39641594997067
131,149.28409658200678
130,161.16413213230564
194,185.9868676184096
247,266.5803790086359
342,352.16864705750027
413,424.75446854278977
455,439.1159336460902
378,434.7624308534443
306,334.45696435906797
326,300.08203563873514
274,337.1530480893166
369,384.7469182709521
495,414.6335078194088
410,443.67846943327817
320,375.16173180445077
298,315.92255201433926
289,409.5551790506365
262,342.16160934970463
204,252.2215537678943
592,563.7998062808141
560,391.3891018851089
394,332.57355983450276
277,238.7006162986131
225,164.8427822110645
92,119.68699839146363
120,112.02858347624563
148,149.36631313652526
184,235.55938856098487
254,258.97261888922446
366,308.2983358440178
396,391.7733990660322
459,401.4548640365836
446,452.2836404995934
431,441.63271863853964
448,432.0109192551693
388,451.0797553135446
517,444.6827849093025
649,576.289386524335
690,664.5018946981359
657,665.1392756095863
707,663.9802282342977
764,713.0552728651033
665,679.2513395893042
657,557.2533721637195
889,521.7883983730529
176,539.3499786809326
117,166.58555492510823
147,130.11770870268168
120,98.97657515924338
110,102.44577929320006
141,135.3132673231087
202,180.57528326675234
268,256.23966647203815
285,331.5187456514956
293,330.9305070393643
260,326.71050519910796
263,293.80800050322694
299,291.14824720969483
330,308.53699481046965
392,335.6922013123977
417,412.1879210096351
475,420.8435171144504
398,436.61740580574815
402,363.7835662860676
362,382.3911504306199
262,316.78069183193554
149,186.1804633293252
86,88.61490136807926
40,40.21875222364606
34,27.993175844352823
24,40.68807293562652
78,55.038372220215486
114,109.37392379592376
230,186.0053011545955
336,319.68629085804656
387,395.01000255938544
311,313.53526488495584
343,274.19352052946203
287,324.511935743392
286,280.342763811225
335,294.2444367827824
304,332.963249322113
326,320.3047660776487
378,363.0895201277019
425,448.50212340840886
494,480.7914454900979
478,486.94027548721834
461,469.64913301112665
453,464.87338742861874
417,390.79994823343407
219,237.90882233873435
134,120.24376717204248
65,65.06499591093319
50,37.69934762162709
33,37.16676883453776
65,55.73053684485764
125,98.50541532824408
223,212.650471812535
354,356.8882967107847
376,454.9026525323644
352,331.815254780563
302,312.04492440307394
321,304.68915176522495
317,316.5577262519953
310,327.2062375351105
344,330.5082329951481
351,348.87426759657654
367,385.1822638152307
475,483.11036416501804
502,548.9633620551599
518,558.6650365301272
547,588.2326683424272
554,573.7455531965792
513,511.23027151157686
306,295.62207163745177
169,171.32514914381065
80,99.53053274563098
55,58.62616098386201
29,43.80500019440084
54,64.37171616539548
107,108.76433001435785
220,198.97332045517854
348,368.08033756791247
428,438.8434914088818
354,369.4112214317082
266,308.783860088122
318,299.0957105335831
291,330.1760539811953
296,317.16191326939366
344,320.99753727793967
364,357.86393831301734
392,411.0575445362089
501,486.49946325499695
577,552.5241597155316
564,594.4992170095973
638,597.9006749434845
692,658.987740738421
576,592.2044023652381
413,373.397884006724
226,246.57034616808895
108,131.93696731890702
54,71.442151925159
66,52.103107369031676
81,75.88226570618572
112,103.52661790819124
222,210.4206325741042
359,358.2344153003546
444,444.7492124231539
318,401.6000307996786
345,299.91958338907625
339,347.06672693718303
356,340.3042058655266
383,355.7638768721539
353,398.1695985054949
409,383.2220789095299
498,434.61078484236367
561,524.7964531026803
624,581.7852215705682
718,630.2698862352331
667,684.3269205017305
771,705.6969355403779
797,725.0800139667364
549,608.0023558267646
285,366.54727940557586
140,196.4666300844321
85,100.52207241886448
77,82.94302928719837
122,102.8032841087089
141,126.17293018143955
194,184.0727263624927
293,318.95335358533106
390,354.4521040429873
319,329.842885533762
291,310.3553856808121
366,317.83607035625204
359,367.04764124196186
370,366.1390121771683
339,371.79787183532716
350,351.7222444088336
391,374.4646801283777
470,453.68708219499064
616,544.779715433447
734,687.582808679285
585,681.5769657895435
563,645.507251239507
695,646.9845778780273
700,661.7195200737852
528,558.0468755508913
351,360.60649338760305
167,246.89303180080628
132,155.0138696449637
98,137.11238831190494
58,96.4583881715028
93,102.84592115485248
131,145.88492440714714
171,217.84571417432346
291,247.10150626221827
297,335.04191050857
356,356.4566409578907
412,386.5269002278006
440,430.882637003035
399,434.8062893485702
469,411.3695105902389
490,470.44250201259314
581,522.3294836219608
624,636.2170335618163
677,684.3274476173773
583,649.3678692459401
598,603.1099050702734
697,665.872777809174
640,668.0987707068386
464,571.2620302996066
303,323.05098563004725
206,215.65619830895452
153,150.7792622349793
130,126.98329726934212
80,87.1557426330847
97,93.33022945394966
103,125.52460722375976
154,158.184964843502
246,235.60751460365518
337,310.2238694459307
382,350.4474540249656
406,370.05428674027866
388,383.33264492534346
501,361.29362659242616
457,467.3160109245993
378,437.4992138469981
379,395.1805343947163
350,398.5342771278835
271,344.4753629394773
286,271.74267476713294
274,289.98768800578597
222,261.3818068899706
156,157.03375794946263
86,92.02855653406628
43,45.18721072843386
27,28.66787826788779
31,24.640630182859304
57,65.31371873692297
108,105.2685460936214
185,188.9126675274025
308,305.8035990182994
382,382.28033952783426
287,313.12825453309705
272,279.9309413619345
293,278.9702990822464
365,291.5381901311971
407,368.8535016421841
361,395.1122970168727
307,363.5768611443577
376,348.5380099691164
493,446.11310912373136
514,525.5902287161953
434,489.28665450770364
433,430.82679523829546
469,434.36347902136004
423,402.6814313214036
277,226.96712130638335
145,170.97894019650266
68,81.04295619132333
45,42.30403486262177
40,37.72409111725545
74,48.48032056456257
86,91.0260632926779
163,146.1667479240466
340,231.6738438775187
401,414.42986882623705
351,356.71236299065697
330,310.869349723754
357,340.5622388614265
338,360.48388087665734
328,356.1438631336623
356,348.64847680378557
351,348.2084471032952
420,380.4134465449407
557,503.4249219916549
592,549.0555591858047
562,538.9256364602157
506,507.26074581475586
487,474.7947471300189
415,437.37025243808483
273,284.2710148028313
133,164.5399964762412
70,83.71877699515109
49,50.72810511693011
42,42.977545728026634
67,59.94650238421269
98,99.64534935672768
218,187.89963056421277
358,363.174988322117
471,448.3847816324966
379,380.7037469493781
337,316.3846268941914
351,350.1581431810118
307,344.5025836770509
342,323.05818657253576
344,358.00449237730754
328,362.4334762118518
362,393.79430320165926
480,478.9818433542903
571,557.5939924781165
600,590.2432139954128
696,598.5868519750111
700,662.4946107732624
637,572.1401067439961
356,408.2042812266873
220,206.8734851981135
104,120.19517459024523
57,60.75035644135922
56,54.932950984843096
109,78.50586143051632
127,115.56585028455443
215,222.29535149750393
382,357.9299222617621
405,471.30713173084695
352,354.78017579803776
336,333.10849537093543
381,347.53485999858765
404,364.2014113601495
375,399.18565077415985
365,378.92972194255566
386,380.46198958248
443,416.89494589349874
528,517.3354278667701
606,602.6367286858656
741,631.5875955909654
719,724.5510703124446
824,769.0358830967474
798,748.8946797007688
522,596.9491468289975
380,357.9394497463863
241,203.73666474952384
115,137.21416868160733
92,81.5078852984264
109,115.6044941421602
123,129.2160741126245
220,182.77761079111144
295,319.6991157404922
370,361.65399062019674
347,332.36202054238254
314,316.7577700911062
346,345.48854098817253
376,355.4127254762525
357,384.34814250495594
381,361.3232968592913
405,387.12151803080866
346,423.66435921900177
519,433.03773308559755
637,590.4516190661027
705,710.1393905282987
734,692.4398559468276
640,731.3815041373355
739,716.042455105017
669,725.0506682644399
508,554.4041604069482
347,376.69798606468527
223,217.64236396244527
165,153.84283712229015
135,126.55846793390431
61,82.782871213098
93,93.35718332600943
133,146.49560775601205
200,188.9187267202952
307,270.1655905031246
362,345.21632866322466
426,386.91300424397275
445,441.03386530236133
457,442.98528312107635
437,461.6660614528161
456,452.6503516773428
546,477.86064477945945
594,569.3757474162259
689,649.9455606879449
730,706.8264955524726
680,692.2359615341759
669,659.1182291926538
759,705.5863357929544
682,692.5133625401255
436,552.7427536842049
337,351.62139646228195
253,233.31682276331762
135,169.7149058672979
113,130.4613473706139
70,85.15381958212818
80,91.32787117804222
99,120.55236388547644
193,153.44350486650123
265,257.2383427478449
359,327.99699876787827
414,370.5259621238849
444,420.5106763990269
450,430.93165153835287
379,440.33423588930964
402,381.67533267150674
387,403.79965496391105
384,398.3200209419019
361,392.8197073088289
338,335.6401437344415
348,311.3099426679123
336,325.71832217775375
290,306.4066292187496
176,196.93539244383666
81,98.14344770167722
40,45.56640116130097
28,32.09636827277885
27,30.188238701839126
71,61.12663188549385
112,101.95133353073797
205,183.91337889797603
315,315.72914628233235
392,382.7620175989279
310,316.0448766570509
322,285.082847257701
313,312.17512874333744
318,321.59235357707206
301,338.11960388757467
364,315.46364098845754
373,361.08871082822435
398,402.07238831575944
490,463.60310938512987
528,527.3372688964275
472,511.6978945793488
543,479.691917607246
481,511.19818363153956
431,422.2682496630271
217,245.8864966015627
110,128.52629570272592
63,61.749192992105215
40,41.439370533492784
32,36.47422853409451
60,64.36772720777036
96,95.39429392577617
211,188.04438492657354
364,344.57085500951086
447,432.27259807121067
341,356.8354274084946
284,310.5908469451496
311,308.78616320644824
332,323.7411217985753
339,332.02438815964786
371,368.4833381194576
361,390.89886450610504
462,396.55326718150235
551,567.2415017082661
617,594.4100614148382
556,598.5272147691278
594,585.958120356554
681,584.8165954984097
548,561.5675172799948
310,338.28865221092974
161,171.54495834499625
96,86.69263034321072
51,54.73677654694267
40,41.7124774717649
72,61.8135133747921
110,102.32931404286664
239,217.11993650013014
436,383.33279897478695
543,487.39652109554845
413,408.2201324998188
341,326.9425725235704
331,340.90601813172367
344,334.4403013380515
331,352.40772777661715
346,354.4873414140779
345,362.1027882857828
449,398.7113362293479
534,533.3418790977236
623,593.9226152440459
619,629.5364405177667
682,641.9722145121132
710,703.8831273217695
662,630.6962370774589
435,445.8902858029115
187,260.9098527516311
90,111.71919715615059
75,58.90142559133013
48,58.617056949727264
73,83.95277158061329
129,116.14719867801185
194,228.74872086652707
415,366.26022735867906
446,481.9394119939365
366,389.5477132345673
315,342.15787331457045
358,340.1522558054739
351,376.87956925557927
347,363.9662859173959
379,360.41330534457364
412,389.85983828848856
454,451.9754337482596
529,532.745331799779
578,602.736853802085
674,658.7242002387048
716,699.6204204763746
772,780.8972933329421
800,758.0548973896981
535,578.3178248157288
376,376.4521933949662
200,235.38897949273394
125,128.32095525814933
83,91.51781357912766
128,106.46401015778386
129,132.40003872759652
175,194.84673909746337
315,311.2303905005506
374,375.17595943542295
324,345.46445766413126
326,308.5176808374836
350,344.4334544462947
322,362.210904208521
367,344.47512914848147
374,381.839258163334
364,387.01420853441556
405,373.78953185586204
472,473.72875996306595
589,577.8349033802438
649,671.2595616053364
594,689.8025316270781
552,655.540424377424
674,658.7904427251323
633,659.1520919178638
486,542.4908195748461
345,357.5760028810682
255,225.81566167854282
183,174.730608313568
151,134.99482924365552
100,90.34701018790018
111,103.84533826305396
169,145.3105494761341
253,214.55732992240416
278,302.4008060871146
397,338.7864921374333
377,409.23242276280723
392,400.3969086317192
414,418.6487659081707
374,426.2632550814497
402,405.7242049724692
403,443.3376245294318
542,470.96919396348835
553,618.2662448125892
683,621.9604153766436
616,659.4415081353733
591,636.1509180152514
634,671.4056883870962
597,604.4287808479451
402,500.61674634371934
338,325.0884348552444
199,230.43368189840407
170,148.03797708003677
120,136.56044438960757
99,88.48718186042542
115,99.42195227255313
133,124.00706982261337
161,185.97521594327628
228,237.79363542577536
359,311.40045610037
351,378.3133195827148
394,373.956822912069
389,395.74195786845974
388,376.0690388834151
353,383.5665447934814
380,361.1400992017743
353,389.2500642626583
367,364.8012095399217
321,343.3649688870539
249,316.69316584436535
253,265.78981530537806
223,244.17297310166555
154,163.1062564391339
86,90.30593307337034
50,45.55744879423943
21,29.918282187253027
28,26.848048321778094
59,67.6066572374941
86,107.56806128075813
135,191.2923906141958
275,255.69159823662616
295,372.4602295779962
238,278.3312074168289
240,272.6052631484617
251,264.39945003000634
273,275.0415020803712
296,298.8674976058994
294,340.67175652157
308,318.68839437592277
373,356.2934828037884
387,459.788152421449
395,463.81416091707723
352,413.1712024078184
339,403.24623887061966
322,381.2386277072504
313,323.0070969247082
218,191.85406263984794
92,126.75539023624464
57,60.48119449029562
32,39.339731233500046
38,30.447764599344065
81,62.46839183482513
98,97.10901245820531
155,186.10597207517534
293,292.8105022065644
352,374.5966183353734
277,311.49401580041814
268,263.48371671869
308,279.76079265034105
314,308.11158464497555
298,320.96387220557324
362,324.02927510092513
378,358.63190684254016
406,430.93379059003007
332,505.98579699046
360,416.5853933956809
429,417.5787494067072
394,489.45104341179183
459,460.31602797559907
433,455.3106651650265
324,286.84111946414714
170,170.3278791536195
103,89.49176059669661
63,54.84425231921394
80,44.90604519682631
78,77.22337289819221
93,106.78440771001439
150,186.76876579670196
195,279.17721155404416
237,307.1810918138982
263,272.0642102539094
239,269.21226726603027
248,282.89556866418735
291,283.1674631934106
290,312.3876145506215
298,326.2310213847467
249,334.12726621475747
238,309.5602933689403
270,297.62105952825095
304,316.2481231275386
418,316.6200169976869
353,491.2266602529103
278,391.2534155038312
282,291.3997231580572
257,263.5329096657517
186,199.220821457041
138,128.76807681602344
109,89.35484257850078
82,84.89968134155995
78,84.77029936631668
51,103.1253273219589
87,109.43894567392861
80,99.70961588674636
127,103.8678569801114
133,120.76086297012313
152,139.62813329850184
150,147.16522901251378
182,146.595337814598
178,191.03196430208976
149,186.934058978681
179,127.51611770870781
219,172.67474455834687
228,203.84684321030198
230,230.75312038216524
274,182.92514053624768
294,226.14515184600583
316,262.9367722527712
263,295.33370233362785
180,159.65770665809993
103,123.23280290511534
60,85.20123918858032
41,59.4207924284011
29,74.60862420260288
26,101.97695304086713
39,98.18814755616233
42,135.6194398202905
62,157.067415028703
97,190.57876496040345
118,129.37148116015786
156,140.84614674938422
211,160.28961769701192
224,236.8015968232175
205,247.3702677765387
210,232.83086187382273
230,241.17618142232106
281,272.11916050406506
289,327.750875441253
323,338.05707079936906
299,348.96849483086226
314,303.6193012559491
303,352.8349676678615
288,333.74194830934186
289,269.27426678157263
204,209.93764157179226
135,134.9611085306162
85,109.06966746320776
65,80.92645337893352
71,78.5833709671218
53,58.677066064733104
64,70.81707200460241
63,84.73132744783203
93,102.10111190426575
145,150.41206011903725
188,190.39366093745124
252,235.81632070200237
265,279.1774030545267
257,288.43582470209236
250,278.0211519096116
315,275.39500433245854
312,355.77347459760637
343,371.0790416130291
366,383.95008071915726
374,382.74404222800166
353,371.49733900455897
331,365.3016808164048
332,329.4387346154653
331,282.76498742179155
227,263.940448655135
173,155.73401364865614
136,119.35712009150944
83,110.01260891166606
69,89.69961776522555
80,69.56083664206277
66,85.93211348273442
69,79.70396057201266
101,96.69729340586595
157,144.1356349805933
247,199.0077243850797
296,281.75914053218173
303,306.1661071628553
342,294.12234723320324
287,314.3385788958884
307,295.82830306571276
283,314.6064802134373
294,313.07698477672926
262,319.2607415116146
221,273.4100031197396
231,239.17219426096645
228,240.09297449192204
193,220.32140087574172
112,144.0834753967624
550,507.3658187560475
648,446.17016024686524
676,454.3586391583333
578,353.89532878272905
310,269.18330224423687
118,120.84567100990279
109,85.5378129884084
111,116.17856762237308
133,141.2716430264413
203,182.5965954311184
256,253.59493420342562
326,285.25068074003667
342,332.38550390710134
397,349.14731969049905
356,389.0560668000879
407,361.9263407144671
411,415.3398110509618
406,432.2690986436276
500,441.97154965571707
544,511.20388397155375
567,518.2242306618457
587,557.1982801453233
650,618.6546457664246
616,576.4140657065218
610,562.5886352186812
1007,533.7778012186945
382,662.9748764896419
226,297.18544838360594
114,165.14983697076266
95,89.55373091275764
88,87.68161898903122
100,95.25772851777941
86,121.0066869722534
158,143.06432888669192
192,217.85180786878857
227,245.09888981469658
217,260.9590653158416
227,252.52221919163065
244,260.91525556790293
221,276.0953204639768
264,253.618640332489
290,293.54091191570205
330,312.8265899168394
321,328.4679680208675
354,312.9118824971455
408,354.36458764283947
322,383.5751125459392
223,206.52297243224717
159,156.50894607390893
114,79.17712839209555
78,59.5943873618086
52,45.853615764253746
52,46.40197700076753
61,63.61107891360442
154,118.78867663455283
200,204.19171830612166
226,243.7669123420445
201,224.27803872589135
204,188.24109675312422
226,215.121226065613
246,237.24792355321702
313,259.03132399018085
303,315.4018442213103
345,304.90972803107184
342,362.6068623935888
488,421.56417038048954
486,511.1003928795264
520,474.0531981904804
495,550.2192616884084
607,561.3643792769874
402,451.6417134785772
244,258.2433220429108
176,169.89593287170027
89,93.71140973230557
49,55.06773601323503
27,31.410566462674332
52,38.67656253439739
79,64.97757399306536
136,142.19884429894398
208,225.3337715099465
243,277.3035203225681
221,247.6464238778691
218,223.9939756386101
239,236.43979910288186
254,265.0678494265478
299,294.605791634471
317,326.7082726077718
340,352.8440662974161
417,408.0286168007518
539,533.2120815030505
588,573.8914789387823
566,604.0945741682377
653,635.5462874430582
688,727.2513498800973
448,527.9967862188873
314,338.49100057815275
192,209.2200232876192
133,101.77257981237439
46,64.24002363591744
28,32.116676667236526
43,38.57494671848339
81,62.09926883774105
134,141.61389408675902
199,221.5069932130448
302,281.5021860632954
258,262.50138236366695
263,245.6331594739605
301,272.1546212764439
308,302.70867692196157
331,329.1367968228842
338,354.0671498735703
396,376.6653538642199
440,451.76926664193525
548,555.3687375062135
585,605.2712315821128
599,618.2111713034774
725,680.9558863727939
752,769.7517267054411
586,628.8339940545125
462,410.5468523710833
271,301.2157658267619
141,153.73950079530835
48,72.85120568394103
39,37.10309296885556
40,46.17421651940666
70,76.57317739483035
138,137.90686824485724
240,221.38352636447388
301,299.3605290258619
286,288.14519903648056
246,272.18235024938656
271,283.3002978746126
373,293.627440014854
364,400.74012604999723
407,383.4086991020382
445,420.31799802604877
509,466.0855883073728
521,551.5023205688782
638,555.5862976848895
666,642.7499567570403
740,711.6489993563422
808,743.7392798669744
681,673.5286684887826
512,552.3334208562986
336,385.02732306471154
251,250.19089527748432
171,155.89088699830629
122,100.22619172202619
85,81.05306898320416
78,77.43759782468868
150,117.95828831926728
210,206.89121865926768
206,237.59663440602966
220,233.3908952312574
243,238.47261017217332
278,267.20426042560644
317,304.30895600285885
352,334.88026889495063
385,368.0911229460302
336,393.42925669026585
466,373.14097949918926
463,483.98864871347365
556,498.7154522523429
560,566.3508408800745
546,562.2957444144233
601,557.3568780961315
748,650.9440199680504
684,693.8876418346829
568,567.6448142449052
454,470.7095687108593
340,367.8462135470902
222,239.1935263859031
132,154.03524054897713
73,83.76241462837179
62,82.26433041557142
98,102.58239899315497
129,134.75836209558156
169,182.31218973332435
238,229.74228810407763
312,280.5725880708822
301,328.79909795418047
360,336.660069482683
384,372.60919013041183
380,390.6501993256338
447,414.99908802069086
440,464.23217800999953
479,492.93853307144843
560,516.3071610241255
529,558.1385729070089
641,559.3662062148791
691,688.3231814273734
683,648.1172157097811
498,607.4831605713396
454,386.5363483192157
327,359.67477876269754
215,233.85510314150278
148,134.9983684856654
60,89.2650035486979
69,71.00642232272908
78,93.56640425281894
108,100.86659330164458
163,156.33413504731772
231,207.58679704971715
270,254.1496579210411
346,274.0171648134948
308,335.2159542427943
496,305.1916259339782
466,447.50656989927
394,430.65007333486284
388,384.65376551689207
357,381.28798231278046
303,332.44602708879154
318,308.6490111546053
338,329.67498116681634
302,329.42484704438465
202,215.1217468620579
160,142.59211537572068
114,94.52292918772726
48,62.58075928236236
43,35.0483862477824
47,48.25402176107012
55,61.85172563462248
124,122.41677529796097
187,191.28539565018858
237,237.64472702207794
216,214.6297003654677
221,203.41359906982817
252,230.9705564874055
312,260.51254929669847
358,314.72155468090165
314,367.0786861188971
309,330.8306907905874
362,350.98985446972887
496,444.7382456481069
530,514.4076354803557
502,507.0287963015611
591,542.6110266250978
621,627.5901553472453
532,447.1525639225594
371,297.3108235551102
176,279.88299187284304
109,111.63332314226516
54,67.99272832045085
30,37.29724490451002
45,41.909327468002566
58,51.2972866454304
104,96.04048236858263
181,153.42957321615515
186,224.77496513453787
174,219.3096029452704
166,204.14942881785228
215,213.3796751593651
197,253.16086636838958
247,229.33383568020312
243,278.8094174736778
276,261.47049498764966
321,310.8652154385572
549,393.3515201337709
604,545.0142161852947
580,564.5526603720638
682,588.6824444458315
735,675.7931568054183
526,568.1935546036023
359,379.6394992034448
214,218.7641076448943
97,125.59635650384864
41,54.140960862803254
26,31.401896845834976
32,38.39394824449371
63,61.98708187417096
125,122.82618527829167
247,205.46289106441878
314,273.87731274352916
313,259.6574349833728
254,257.2149590346012
303,260.6850989146781
288,291.83635767247586
318,306.40572368145536
367,324.7129984781656
361,376.76201125658747
479,408.78686676305506
596,563.2300175991763
581,628.497985410594
605,623.9918058018352
759,701.6258765015491
771,771.6834666390324
588,602.8228760843507
402,429.23064173796996
256,278.30496159704984
150,150.51626570018524
100,71.84857779670264
43,49.4789907993124
63,43.38876410475782
65,71.92595147049565
140,131.38211044249996
230,242.98874127146502
295,302.254510547896
260,294.30775938864457
286,259.84005300166285
370,299.3470355390733
362,366.90510996607856
353,381.5647951146702
411,390.0237626490709
418,427.3619848684756
479,469.04865098400484
606,529.9188734120058
640,616.7168382263401
725,657.5628607951409
808,756.3894402234997
797,815.8195927497208
653,685.2326772131106
476,516.1552132837838
341,368.0269449899322
270,244.86386844751283
150,170.15490559652912
102,101.25313060630612
86,85.81320807698214
85,76.78853689212215
134,128.12487683054707
194,201.66951090625173
258,228.12964594203945
212,245.89589635544047
239,240.6728638128564
299,275.7661387293512
302,316.8453606261949
367,332.3524985238053
396,381.1716665967498
375,402.1711357036754
464,416.29350571673956
484,494.69294588571194
588,534.231526898389
615,627.8446488757022
565,618.0631582918932
649,594.8141386136302
693,692.6058350184112
670,678.5776570969833
534,562.2447378798951
504,447.21246012942083
357,410.0536156443548
237,239.87223837677774
145,133.3189083778863
74,84.91676989173303
59,76.00392915690801
87,94.90664191764479
118,130.51352254610356
185,172.6545590925974
252,236.53820032343603
273,295.1175126327375
336,297.47183988312315
342,361.53274541638734
412,365.3471434876775
410,420.8541152350766
439,446.71081552282715
473,474.33843534095837
528,510.12999190880424
592,567.3407834101155
636,583.1141721311465
580,639.2748702914876
694,639.6359300091416
708,646.9855699109798
536,582.9572737837053
450,475.7972053390296
376,352.67611377444564
295,266.85334636526966
139,170.17496339625572
72,79.15425383480189
67,72.47893277552252
76,85.37111138933535
107,100.15255670148338
141,159.5114197561878
238,205.74766064332817
272,271.8294575056786
308,301.09367066785956
341,307.81650580243473
338,358.4008153372973
389,349.9418223695121
356,377.884395160626
327,369.1637568159707
339,343.22186576237794
380,322.8509064476166
355,357.0430604740919
377,355.93068253310577
327,359.1778233789097
228,212.54833049882532
129,155.20299531986336
74,91.48399402684683
38,46.92531151232183
39,39.681997403807344
42,50.369175204032835
82,61.75112411865705
145,127.6529801834449
211,199.26726441476038
262,249.603473155887
236,231.3100947566605
200,221.35485463277536
220,223.06851161209298
265,236.0674659721253
287,297.15825451557987
299,303.51307906818425
323,313.64692906879696
385,366.90970158969645
536,476.4050173671827
544,550.2371301536454
591,539.6026111654824
650,602.2949647030401
665,671.5483655654394
457,520.5840168789755
332,312.5323547234674
266,198.8755487752556
89,134.1137603909013
50,49.428690158140796
19,31.733560983598206
20,41.53581600858494
55,57.58403614028376
156,132.61702690232596
229,223.6043615227709
289,269.3791852424355
267,250.40374112433932
210,230.934201613517
275,229.60203296685526
264,284.83257207952585
278,296.0077439279157
331,310.86210042025914
369,345.41376219372205
449,412.29842829794933
610,556.5296734599023
627,618.1742888760298
653,634.1408940593918
761,702.0020526708045
786,762.4181028335804
525,616.720710059323
358,389.29068334156
210,246.66133551259816
119,104.13194545576148
71,57.54585238140641
26,33.16036537815448
37,30.175350001913547
90,61.14600900031376
143,141.86273519239472
251,243.121181406247
360,314.64519685347295
332,302.4980379152574
295,265.29447987194084
319,302.80825806841307
307,315.1315398025352
321,319.31507041416853
387,352.7807914782186
415,408.9070828530173
485,469.4266130639084
564,603.5273390591179
644,603.1003124588225
648,667.0749402169155
771,730.9540908291895
881,799.8229725115624
611,640.4210909007686
465,417.18217124590285
301,293.3572488083195
172,166.38000801472916
79,90.3780550802188
38,42.677595491956076
55,45.29633261573065
73,68.77150993243133
119,138.15873342957332
243,228.52731158812585
297,313.2415297231982
256,292.67368950323083
239,276.83742187572994
291,283.34885590809284
327,323.8304717511198
386,350.87977983004197
363,410.6244647702477
386,407.803109071946
482,450.3394226297714
540,541.3765289071831
594,597.6589692981265
546,641.9760724495677
731,674.0098961458208
778,795.2219730687913
731,670.2524109600212
520,562.6506093917147
390,392.59379100511364
273,271.8472255430136
142,168.02037606493556
123,94.32956192475905
82,84.95500853001884
87,77.50937336846097
121,128.64648906712068
199,195.3797108810903
225,240.820711510533
238,230.25733660862926
221,247.17095739840713
272,255.78998818246652
299,299.10179089934746
322,340.1359133903811
307,360.5722000588664
346,341.8988711376006
341,417.6551331645138
440,436.6321327037969
493,521.8962975657672
542,545.0266820113596
534,552.6071183412988
545,604.197692189668
744,650.3704259477181
580,733.0641695980809
554,525.8414062374005
473,488.54414270652916
351,362.56523233084124
243,237.35535120186293
118,143.58127936105785
84,75.9096821081337
71,71.87948460063215
110,98.41307901494274
145,139.90788015172689
175,197.284606096838
237,226.57823215354117
294,282.70690423574104
317,320.7887752551779
358,335.8630770621737
337,367.73284688772793
354,370.2562781194809
422,391.12655087323037
420,462.46401373997367
498,481.2174446996282
508,532.6302250457619
493,541.1067561441313
513,538.1696871791077
620,595.249406322843
573,612.8888599421896
493,538.1333858654791
445,444.2578411142716
386,352.08419074916276
270,276.4356182630661
143,155.1063988960125
89,82.45113503279666
80,76.04014675111246
90,88.65572009617645
105,119.22116266941433
147,153.84031183596696
202,210.32414833314542
226,250.1029280768951
269,258.52627887976786
328,287.2032766190528
342,326.70142629131226
295,348.5785728461764
323,324.69269985724026
310,333.8309675002838
310,325.381313233475
345,305.80642761717485
327,338.321827800628
307,338.1740280835018
304,302.4918871396449
190,225.9731735089668
130,133.07322262164936
73,85.46065274361783
43,45.31034684771884
38,40.5150990374883
29,50.355125250678924
48,63.60125686291461
84,135.8082314936138
167,177.4190410763076
205,237.24360300569884
168,211.78700788627646
171,189.1716802735488
192,207.1423937280747
220,232.9231783463581
237,261.9887219540086
255,271.365646657916
314,287.5513468800639
332,356.07910982903405
375,420.1238999074342
388,445.94480533291375
382,440.1951356682176
381,499.22181931498795
419,513.7854176834378
337,399.51264797871903
262,268.3794640917811
167,172.80368968323282
73,90.2962629098303
53,44.77404228602491
15,31.160450378893177
55,36.36931402148396
60,60.70633716062629
126,131.55622545978082
166,205.54747482849496
210,236.61005657143227
192,217.49939997650847
187,192.63337552613243
251,217.01714020755318
239,258.61831480402816
248,266.06732563634284
321,285.72474290877904
376,346.21197021676585
414,422.3810938783164
406,521.43673198012
426,474.80323220441244
535,490.2810108603688
554,640.2156600811084
537,637.4721139163818
530,469.49407239387176
315,369.03049416366457
205,206.0457574378297
101,110.99549092111623
60,51.870202739480504
40,31.952828619340043
48,43.216837707488004
88,72.9018766212981
97,136.91320370970266
135,184.7643788679797
148,214.5966533601356
179,196.94802479349593
192,198.7375060429002
255,235.9073665709798
250,276.23341998268813
269,283.7858121603745
223,315.9618276386804
302,288.18901139736226
316,372.89345103774934
290,426.9292741018427
293,328.08578206570394
581,353.76245313801184
385,652.6944915227954
319,419.8469110849998
362,401.1880702396301
285,307.51011997657724
233,251.36818457946725
172,155.50070766783435
126,107.17818568979698
76,73.88385003743616
47,61.3004381896175
58,64.20260924848796
49,94.29738175892243
69,71.40979394250945
64,65.5834969246422
78,63.081301256326896
101,67.23617077629304
138,126.893603344253
133,132.2678324406857
140,119.97916385963333
152,122.96597334782545
174,132.5828453698434
176,174.23235145582765
192,169.54784704986804
217,216.84570622102538
278,189.54844630990937
277,242.0739993931995
329,284.3429414386713
264,298.1517787674275
197,187.98091493194516
112,154.49463626344183
82,87.1033980291774
66,70.88564352629267
46,83.44444066947491
30,69.99898490884921
26,67.42794412333906
34,101.30975691597308
42,137.36127927644168
58,117.32626375549913
91,99.26401805665826
115,98.07236984714365
160,134.5050074718949
200,185.99257009243019
246,231.583756908563
226,267.43660535995684
266,255.84486440366032
249,312.5906454844286
300,313.5408627509297
332,342.6199442345242
338,402.2012622513711
407,392.8656766607793
365,441.77941203248287
379,423.65164888792015
384,397.37472049415095
309,344.2127829490574
258,235.40782115789767
171,201.4376319859945
143,176.7797904932264
80,106.92553875871825
37,61.635408859938956
33,50.623429510327824
39,52.359355520179896
56,63.87149257330592
93,78.19311094338576
137,100.68782918763704
193,172.99829857327296
243,232.38246676730304
255,277.57622506746037
258,285.9693089660037
253,293.728475618526
312,294.93705088259605
311,355.36675276595173
366,354.7229265214716
381,408.53983686509173
382,419.4018475048013
413,411.5514814987075
446,455.33348639379886
439,437.8526208121308
379,405.44794059760324
366,328.3738000956393
241,286.09943502833147
183,216.06144920031278
93,118.03163235466447
43,62.24737925835132
36,56.60531050113391
57,55.88055701840353
64,79.39036504877987
94,95.5192810325633
180,110.93811867913058
216,223.80908955660777
239,243.7575896820791
293,262.97571190168617
333,293.01751261695387
278,315.4240981845984
322,300.8051437788231
264,326.83891256854776
287,293.1921629363836
266,298.7008161024332
259,279.2601634004912
270,286.8046633451923
266,273.53936371370787
152,200.0923385515151
212,156.6501431539584
120,105.25764974829747
78,68.21148874293331
68,35.8704391266771
54,45.489169714642756
61,54.43642059953761
83,78.44611769311588
117,115.55122832106446
189,171.6019108922685
236,228.64234590456837
295,257.84720036600936
317,297.8977509062141
347,315.2669186725199
313,330.8405774811165
306,299.0550496713143
310,320.5900242006485
350,322.5348666315032
433,381.3127279862967
465,455.9354549678771
455,430.3833395635669
399,393.2532252842744
328,347.26083747062916
331,322.01621949539054
260,289.2753530739318
230,187.4214049715996
193,133.06040713236084
37,96.95933852611392
28,34.287522131088764
65,33.53339247319615
104,55.461864057285204
86,81.12632645477636
88,102.09343184522497
109,134.27915264285633
140,166.31477664207458
146,203.2761182467453
174,195.3528235247121
234,212.8927259219151
287,254.4865057205478
319,283.9724318070622
335,313.1412753696972
313,330.02431706377314
282,327.010946354737
293,289.3481137489529
233,257.16702964469755
231,223.85898314988617
204,213.4203761621184
125,165.43596708254225
86,89.46640045494631
48,54.630687046492596
32,32.92613228188287
20,16.56018935865203
18,12.877278198496848
45,39.39997804480663
109,89.27815126725586
167,144.92147115192924
281,296.7104628062512
316,342.2361229037214
246,285.98068142706666
208,227.6934605786548
224,219.1616689546685
261,238.22221558728714
267,274.1764148288519
243,285.37653450607405
306,283.7886868965587
304,319.19411807454634
369,326.95075976394025
377,353.5814927598236
309,294.5784509491995
213,257.07643577881925
188,184.07587732113345
117,137.70375894600664
70,83.71896133526964
41,40.29350480736958
16,18.002596324215514
11,12.120006522693041
16,12.833264758813593
39,36.09547715061588
87,87.04457571268426
162,156.16966103085863
349,323.1791522619236
335,367.5519305203736
306,290.9733546584459
256,238.79686186543267
233,239.55021256857225
273,242.35094701471056
220,270.8341415532919
269,238.08437897848975
312,310.89545851073143
327,319.1336757165578
326,375.1773818776831
382,367.2415754755464
278,317.9295738493522
246,235.91017150196507
233,214.99826458353425
130,176.39776090668786
72,83.21436314924429
43,41.606065395453015
23,22.672767797473856
11,13.642836588183977
13,13.274738462453449
40,35.07884154729397
85,77.78632570121705
157,157.3907382586167
348,331.8420707027692
335,363.44071172915926
306,306.88175082672586
272,261.8264387472595
259,257.7036174406114
250,255.9035066922541
210,240.2033832754642
230,233.4323020889338
308,277.26958959073045
319,320.4831809637096
370,367.41757107502343
406,395.4749848427243
307,327.7592358671002
309,262.7837810461381
244,268.0636480539526
168,189.87995446958746
80,99.97212893026695
45,48.7089727554127
36,31.88913057669392
9,16.556005072752548
17,13.602988034344715
25,33.94119735397448
100,79.97312412183791
153,159.4209424835151
511,328.3845796433369
544,438.52585204578224
498,400.5663169776344
256,373.5958680982748
275,259.9474638374244
240,270.0308428067053
247,241.77329000936084
246,250.2243303985565
337,294.6145037949072
380,347.89329837713615
399,404.2644394059597
421,401.172987291324
342,334.86927413299094
326,292.6839896108094
227,275.20187686113843
178,192.02865452014535
106,120.69538901929239
59,64.02755973807794
42,36.72989420381849
15,25.699618472590775
19,16.52810750703579
39,34.313410092928784
86,77.65704505329307
139,128.062294919028
299,288.7575880120536
290,324.3986671877344
275,288.9973597253637
241,253.29040820030306
249,254.85370446337183
268,255.79821001887038
258,265.9454789323394
261,263.4058702582207
336,289.26574238130166
425,342.34425643330854
378,437.84791722669434
434,429.49210236304197
430,404.7927656921148
281,373.1455594981474
345,268.8647303872103
317,292.2836119379775
210,253.56180373374806
138,138.22514658153034
74,78.05723189864375
37,52.57381589356133
17,32.241620452140694
26,41.975362017557316
46,51.348001310653494
85,72.5917680452888
143,122.41646265852738
147,186.68807236714773
243,211.29151840344744
246,263.92699494244863
298,268.90539294537916
343,310.8843311743052
337,326.4398134791902
332,319.2551156968797
345,336.93706266606307
375,351.67250660050433
419,405.7670294851257
483,449.12131579703356
466,448.9342849480954
336,372.9630790830317
271,310.89037091845114
320,283.2958109148259
228,266.69596558055724
140,175.59965659975796
81,86.17847917097875
41,45.886446928513664
31,27.22319638960545
23,32.75692199306065
34,49.0674225488151
76,64.96999370056395
95,99.57821948805069
136,130.7970798103124
202,184.59486911904597
221,237.27086138217913
252,246.55976826665244
294,270.41728341246125
310,286.215410795911
467,300.743621413476
456,416.9341240715106
420,413.7336166101491
362,398.2086373109121
297,346.3630298116338
224,258.00392666655404
203,215.34216820361945
164,194.718428244243
81,133.50221322471515
71,75.49435079856647
35,48.417660063901536
19,29.73175202691039
10,13.384052617566038
9,13.482041552058003
38,34.16566946447092
76,81.51245372083034
155,149.21311903068303
322,284.7046226248798
334,351.19049256556207
266,286.7593063972016
258,236.78195677086836
247,249.4234788194488
315,245.7704452667892
289,306.6316682263812
287,288.228244561434
330,309.2755656422544
371,338.5264833945179
438,389.5916927836467
405,428.8336482327993
305,308.597768523086
271,243.23586568563653
209,212.35869645680603
137,137.6721608274085
123,82.46466668565306
41,66.49449255863212
22,21.605719472281987
10,18.669223620324974
11,17.345418843859736
45,30.286938699830582
78,71.0475370105411
160,121.770030743742
363,245.6017669852304
428,366.15831922592713
305,355.7325681813601
301,275.3882088923384
298,300.98517985734367
279,312.02977492834196
275,285.9473492790893
309,289.0158974995649
384,332.03631028316397
377,384.13033349099464
406,399.74800679772613
457,418.89666912520704
322,382.3124130763347
279,278.90963243126083
274,238.93084206135333
164,219.0206310354832
92,105.87775847223111
31,47.74254216163081
11,21.340993044550697
11,11.661270712470428
9,13.599627966182508
36,36.63282826291295
88,74.89296318231716
174,159.9657758147654
369,356.95992295127337
385,386.5783872227124
316,317.11455093905704
274,284.65395203778223
278,274.3421344243824
250,275.11247852918933
234,248.6744947370633
264,253.03815721109802
351,308.6344620314564
306,358.1339559226413
374,368.1421379709183
416,412.45159819114485
289,337.7536843442797
252,261.3621227116165
211,247.82232621651988
160,177.73781721669673
103,99.07218685971534
29,52.078369779672826
23,26.510869249472197
19,13.971086160075247
12,15.453454976250002
48,25.476086780734864
86,89.20567977843186
154,157.98209736531115
349,336.17212770417456
360,397.33002374820416
329,376.3960298872799
285,289.8727294153139
280,276.73204644288467
314,268.87001953187763
296,291.9187385138522
315,292.86050072733315
346,344.3872289089279
365,353.87709440135194
465,402.1494947433039
461,461.8050528956885
351,372.20182627285124
276,285.51879427752453
251,242.81761669443742
173,201.99261086691533
109,116.46407277191705
74,60.08164334620415
41,41.49779481666207
27,18.96731276193773
24,18.0531221689479
42,40.994077311685594
77,79.31632272310927
114,132.34752293690042
296,279.28853163421854
317,307.86950582438436
268,291.00713551908245
271,254.2882816199237
253,269.9457514372196
280,267.50330039790737
286,279.8162169881594
309,284.7558015704738
350,319.6187128618948
351,362.719895981586
400,387.29842267076276
444,441.4054253042442
485,411.7288707784905
331,389.9195374501485
289,301.4071166948869
248,262.2837834032422
225,206.78013962670494
106,147.8187295709716
84,68.37554312912945
43,55.556131452855574
18,27.677802746402108
17,27.393620300092124
40,45.35881079141539
78,71.08463287665477
115,125.44602196886278
163,170.4482437168907
250,220.26868524488992
260,267.75447850935967
283,285.3983081935361
285,306.96082812314256
328,299.96608547855516
299,325.94619283699353
328,324.3663125869971
411,347.57032761505485
454,436.2001093405369
452,478.2702004745507
400,444.8488575002434
308,353.2068018249426
259,282.6429643651149
297,260.59213885800676
280,257.2199136481941
160,177.4355741073355
97,92.23694700779895
54,49.60574910089723
34,31.253217018891377
32,26.860020644769026
40,43.17253089712552
57,65.86674604008013
88,89.60155771493777
131,128.76706598572756
174,190.01331360849565
241,219.4491876727388
277,260.67277312999164
322,283.87834039414093
331,307.903023301309
277,323.6036573860294
306,300.70833806549376
320,317.0968962954714
350,336.24713952071943
302,337.35392027952645
234,258.39215100958165
214,209.8361107071046
176,189.1015745718053
128,127.82597285718198
72,82.25618471912036
39,46.27675714821361
15,25.975139933176617
4,15.040768139603967
4,13.755875623782982
36,34.487127723509516
86,78.077531959754
174,149.07262822271912
319,317.35270061156706
337,348.6662638300359
325,276.192274309038
245,262.01395956278316
262,240.31233085505454
275,261.7396111214655
229,274.2186655230393
285,236.49730520592246
328,309.17469678446963
318,336.87057061803046
383,364.9210471140639
363,386.67934344982604
227,294.4610789918332
196,208.9110495434781
145,178.4086811465063
134,125.24473437058214
86,100.17723063243727
34,44.758816236835706
20,15.284375238063586
9,11.780402219234174
9,12.493660455354727
34,35.19626431148482
90,81.95218581297888
151,166.7912961619895
358,326.2380991331111
378,396.7716529878555
319,316.2026813521367
263,260.5930193032159
257,256.1919512618745
243,263.80176556793486
205,243.0912746131679
274,243.25093992527758
320,317.1132719628215
319,338.3662200996337
397,382.93871602612955
411,415.69303401328756
275,317.6046725289644
274,236.95583413235164
257,237.3838546466024
186,198.16436169399336
94,102.75058273469725
32,47.26086392815278
16,19.679822300419126
12,12.524239385175552
12,13.274738462453449
36,33.73594068982142
87,80.7339159101743
174,158.4050759224221
391,364.4118124496421
398,408.6307675415556
368,323.78203427094024
269,293.91787322777486
265,264.19847146337725
230,257.4047512521578
213,225.63823374326472
246,245.1665458490811
319,296.6374847870954
302,329.97023579744496
362,363.38691845433186
392,396.30214542218044
313,319.1833825297973
249,274.16493652958997
229,244.68256753237844
159,190.16231178407844
111,103.16551001084484
50,55.801189879398514
23,28.825795682455556
24,14.295975663804306
6,15.779996068535608
41,28.980410638239032
75,82.10523075640747
161,156.55784244660845
342,353.78645485575544
368,398.5115273508304
302,387.89331159293516
254,273.67062792459546
266,262.7779762601435
227,266.16258796074425
228,240.2207111980704
242,254.30624117913754
321,295.31598017592785
339,341.47074826622827
411,385.85396042559427
427,433.58870669065817
394,354.0937457828139
268,314.26804053447364
245,245.26277735608141
194,192.2760626822562
135,129.6474986482734
76,70.29340962014454
30,42.51280243145818
23,19.91288616983726
21,17.64670471004422
35,38.59889243766207
77,74.29970946429678
122,119.25192133191764
314,281.82002069545086
347,320.57968924772
312,295.3354688423531
248,267.38683329779707
215,253.04775852689426
261,235.45806981086062
237,263.7760210782955
260,250.53170420663932
341,299.08454246126246
328,355.25400839583256
374,378.0445963287549
417,426.4299335168447
432,417.97450830653617
330,354.76661782834907
291,301.4978505157281
276,267.0037554244547
205,226.88961878498347
132,139.87295431841278
93,79.72385317673687
47,52.8806992268402
32,23.04831049654675
35,28.78422846483213
58,48.176014469430825
78,80.95028585630891
117,122.23695925705297
210,172.42337700100214
246,256.145938900146
256,265.76364129164705
290,273.57133753325706
280,300.0235263025249
325,286.74439621537067
318,312.2217542193147
322,331.2555241847246
349,345.9651394029142
410,389.748416853617
442,441.0110478058201
418,421.9515013898917
294,355.36419321565285
338,268.15355857909503
311,308.29469182322777
238,263.05483904862433
188,164.49187627132454
85,107.94344837447572
51,47.33577138843705
40,32.17620251884997
32,34.68564930923706
45,43.884967228770535
81,67.5535677501864
107,93.84318786867198
123,141.61902972678263
194,174.7943172572326
227,227.65898057688165
269,253.34893154082818
295,281.29809468144293
294,295.77940755651446
300,294.7423464893086
313,305.51152252162325
318,314.72091772815645
325,327.5933571839229
298,316.70472517448195
245,258.2881813076353
202,218.4968673350201
181,190.2906752179001
115,140.93445005301092
73,78.08678928411636
56,42.006201181726844
25,24.986801232288933
15,16.04186490307521
12,14.326728907727517
27,32.75825518575091
81,76.4657684164197
115,159.66368555391188
312,250.2357147979651
345,344.3568036088119
258,284.0954754316892
248,235.9875631342835
242,240.59135696605728
269,248.19000083285778
239,273.15470836021433
247,258.9075043382492
320,288.1424260943929
349,328.2296843272074
351,381.0634273390252
334,365.73332480307977
278,285.23399673873797
216,229.68680199324365
199,188.5274660417284
160,145.22812456882642
86,91.29489773920211
45,46.26073285844367
37,18.690329864804355
20,16.472572606011234
18,13.589312127694523
38,33.92471711097891
98,83.42365977394302
153,153.7694866564672
327,332.0482635047703
333,368.89425847779904
278,293.95812424806644
259,244.41308829969742
260,248.2927587254237
292,264.09252543050303
288,275.3245590812668
269,285.53337721348674
398,308.19554742171044
414,387.15772031947967
361,435.19129331013585
442,387.16858553700087
350,350.76023088598595
264,274.132088513501
257,237.47441699985166
212,205.95396603937505
149,115.00963560501461
78,68.1743112893868
38,28.166891132726526
24,16.876805468493753
28,15.451746496644331
56,36.530448241770834
84,89.98743922298985
147,161.60854439731983
184,321.2071787060741
201,304.2984153926717
232,249.42144570431756
221,243.51549687386316
248,244.5003353744182
282,259.5887030930834
251,277.57008033013096
226,260.2923943919347
259,285.45033978371526
260,298.26869926161714
251,324.4112861735742
280,309.94782828428987
358,278.13420472494397
240,299.9007414558102
215,231.3737103695747
196,184.82284086278435
135,126.3478036773158
63,84.92611152606472
59,38.6733653662231
49,32.223081648984376
42,30.300900699285776
37,48.50695873489696
47,71.87464255840804
95,101.38710923677344
105,84.07314039880255
134,118.42324055069203
133,142.08825351582246
113,149.52287593626434
143,131.49683073750697
166,172.42610359601542
145,198.3637919787345
181,164.14534311310518
233,202.0998413547113
200,240.55574903997393
178,193.37178700064328
216,155.70857070781702
212,231.7088573864663
298,190.6507365889881
257,267.09901174564436
207,223.7277107162378
114,151.15819400224504
77,71.7426426817535
45,46.98060873217576
23,28.659086484199623
8,23.6746555071497
24,34.65518884700644
30,65.29557748461718
60,100.67547730222877
74,166.90133305317408
83,157.10664855806476
132,123.41678670514672
114,150.57105506980375
167,130.38426086973487
203,190.10347169072892
216,213.38609176831096
224,232.308652281545
238,259.64052054568
249,260.6312103448562
271,280.05467656146567
300,301.734987038193
279,300.14066859603815
229,264.2854227397
222,237.18332712657295
148,225.9580157390444
115,149.18099378495018
84,99.21658015623936
42,67.88454174085547
35,38.90939719052222
24,21.427343270515202
24,28.035270867468476
31,39.74159553097826
48,57.3218434881161
77,71.00917006583956
98,103.9341805577155
121,134.75703631261243
134,137.62084497730126
182,163.1134435560408
214,212.48506787298152
226,237.81169943147972
221,247.80688359223868
221,251.55785046648643
252,250.60152392063128
305,290.46631990394604
349,338.43099606237945
279,337.8793921158085
259,248.0678785464975
207,238.4387782245935
182,197.56289536982175
123,156.025593713077
94,92.23080528742273
55,67.49493992792841
37,42.44054115407031
32,33.63694410041942
35,30.84520829791108
36,39.46234762224373
49,57.328944592802024
76,78.00246822276875
83,106.4266535848943
147,121.06513768593365
180,180.90369913251243
250,207.70480170374674
310,256.278682550287
318,289.9722294565035
304,292.38542312619904
287,285.46295697414297
285,277.9887059055169
289,302.66806991219335
239,288.0296936145846
221,219.07998314760363
147,201.4826148299035
138,158.1411259544504
89,115.25665073069075
68,67.50171189892242
244,250.15801153123095
149,155.17604056214216
117,86.35415562063272
60,61.737040806889816
60,44.35428987495155
46,43.786271229245365
78,65.77819692983535
96,107.01739751962789
174,147.43061482797106
212,212.70038610509508
287,242.1203178486986
334,302.64182427887334
317,340.3785174725447
418,330.3208878617307
320,401.1570118697177
370,340.76043232386905
407,383.4368400751337
484,454.9852797011916
500,496.42244173820467
507,465.70926585585045
418,429.24723944907214
404,380.1630658658719
402,413.6307974873596
373,338.99315717033477
328,287.78089304284373
294,187.82184169409493
53,177.1917871074852
41,52.02140556015133
51,44.66080590192807
92,40.429483982047635
111,70.9690847199047
92,109.8731488324334
132,129.86682785947022
158,185.88187940040498
187,226.33961785184448
222,236.9373931609923
279,248.58788894425604
339,294.29085411028456
353,322.7969501478996
388,341.9568017798673
313,365.6566579632381
354,337.5860980849698
328,354.7429361828679
279,281.0462425583975
237,253.38798363554056
194,216.88797384927952
167,172.86443636511268
98,113.80674321578788
65,65.23483775563012
14,38.360954965266394
15,14.029643153157064
19,15.283648974688882
31,35.12632858857909
99,62.3000155287649
129,132.69855223163825
289,242.92929030443952
298,316.3757092993585
247,268.36426694668467
251,255.60388448898482
244,251.66389868698533
267,254.09194767294466
316,283.75418999705147
315,322.50484489148096
353,340.50532674954775
344,373.37291148311675
470,409.7663747400948
464,472.5670060449761
431,393.12022617058983
369,393.97761516328603
388,345.03346201269284
229,311.3220683821325
140,134.25053104652363
106,68.93404293343627
42,45.003323675737235
18,17.94231587936406
10,15.604449364667966
28,32.86169102321038
76,72.47103276873112
119,130.58244034934614
281,294.17726579348573
324,327.2263656574942
277,286.3871393342472
242,263.17533862769983
305,250.55015564771136
253,309.12562503707727
289,289.96095786180496
323,316.15420187259343
355,341.2738996714423
336,366.44270066985723
416,432.97494544205387
457,467.23666679650825
378,428.33699080114644
428,391.3326302686055
424,450.3261328574221
290,333.66663949336873
165,187.93248565036885
98,105.16107514565
54,50.441008798584136
23,24.8980716647223
19,21.674670441980812
37,33.53887450728662
74,65.87789776853509
135,127.77526470552762
311,285.16966059834533
313,336.4128107280588
308,295.98252540985317
253,259.78725938551736
273,279.7137704647718
287,275.96835689118484
286,302.2696222311138
303,313.2822123574223
302,323.867658444557
310,332.01652112632564
461,391.74167248559957
448,498.89887000040153
446,409.19301037274306
510,432.66049201153595
473,485.5990994165891
407,374.53202198870207
261,234.6539431273054
140,151.40432494957145
60,73.96346349890162
26,28.264517702493343
28,23.998952093009613
54,36.67070957870465
69,70.24972607778639
142,140.0605629770663
435,262.10392937648066
502,398.4439181983826
413,383.5322659798983
298,335.6273416058164
315,306.8244875091269
296,319.13483672288777
305,310.0088124427764
422,329.54402500002
402,411.0065039089299
416,390.98455329091047
562,465.30291460081156
529,529.9037731661616
519,484.6497814621741
574,508.3254186846216
518,548.5254859730106
495,468.98890278820033
313,317.620973947518
166,200.86147037559408
108,106.86075836900422
51,58.52786938600885
37,42.062195094373706
51,44.28033324320405
78,63.704896655334075
136,118.38288927584294
259,266.08250726410887
240,292.8253579365215
252,255.88138016437145
267,255.37201202688297
320,275.84671736336554
334,322.3029499640455
278,332.76736722615806
347,301.4285468668706
366,362.24333366925873
448,380.36599555254844
476,474.88707656807173
493,500.43628820212996
472,466.8648665270079
397,435.98579288052633
447,389.1382686278669
643,452.0142336028687
472,442.80670202457776
346,329.46854070650255
147,195.19541515919488
56,86.17662645754982
36,41.03832468996025
50,45.33062086461657
29,43.240579175041795
78,62.09370554255627
119,107.7727942751379
153,156.55370901267457
207,213.4145438119902
253,246.68527096641006
282,298.5726777918891
330,304.1964209592153
397,338.7336605787257
354,381.76419700013815
448,365.4581060321011
491,446.1661540961709
480,506.2971819083794
502,496.97008957708954
461,479.82092898934553
357,413.7576157602648
322,363.3288706403462
403,371.52195391538385
454,381.5777660698897
337,357.2726969952649
194,217.70784200593056
126,91.07457151046603
55,67.49803438080089
39,48.75604925556511
45,35.801847430117355
73,62.18943205616539
91,93.53003653053565
124,129.09181505939856
181,176.88924208225959
238,231.24765049912273
248,261.1112112789923
369,268.31101793398176
323,354.13583351074095
554,326.20844636536833
517,500.04531677591063
427,440.5153643301718
456,428.1189374480612
365,439.14793823332803
308,316.1108357890537
219,267.7525949674751
190,207.40274378929735
159,172.3565590603129
102,106.70928508462606
71,66.84978757915079
25,27.542186050492163
16,18.137260122693558
15,17.339431508031893
36,31.094032420250507
67,61.06357431605711
112,122.18256197178295
279,251.8953546326577
309,306.56108901486925
265,272.1823432485829
250,250.22271696058536
302,250.34450984524787
401,303.547573914913
379,373.5687773148622
368,380.18190844916415
394,389.45466891371643
361,410.447512249625
492,442.57295703822257
485,488.1325750383719
393,417.99446405080147
421,386.5555878489816
395,382.8304914958169
256,307.63995587804504
158,152.10218378711625
69,92.03366075299068
45,39.74704843150777
20,22.680873977463616
21,19.29045007429448
31,30.174728874456203
54,58.922792782828274
93,95.29346341739075
369,151.80730062004403
358,373.3611909511367
299,327.05417898279904
324,293.3989856083083
347,347.2849546179548
341,377.62093059973114
330,360.5241986606748
394,351.318614713486
370,411.0946524327639
438,386.30212920203866
511,504.06710227789495
537,502.8406633454826
431,484.96831256177757
509,434.97365224761336
519,465.0121586611127
331,366.803782659046
183,200.5110123283945
101,102.6976095542776
33,52.250909658530105
26,20.597536987511393
18,18.86069826917293
31,35.70583069865437
67,61.86954112375192
127,116.28000904128587
321,311.0569241456478
352,349.74074761741696
312,314.2065343962292
282,284.37271031104933
270,297.6311513517605
295,296.29062001840424
298,312.44515724348616
337,324.24103897753713
347,347.29935074401
350,374.28811843809723
424,442.6289761904213
497,483.14098276936033
454,456.04917927500975
473,474.3010242894418
528,499.8969209637574
466,396.4081433710087
244,255.50298406304003
146,142.13451225022726
66,73.69840023533546
36,32.00985886225854
27,27.186060275941678
35,40.621165342097946
83,66.04200232485204
118,139.0446364297292
309,259.7435813166369
330,355.5892776806213
283,336.90464740434203
316,285.70325534036976
289,306.72090770221973
398,295.75680449928393
284,367.9153264497944
319,332.62319827087873
351,348.47399839681776
375,369.5215069424305
483,436.7579652481219
559,507.9995610032033
463,512.286385891717
507,485.32850439205714
545,519.1736081176044
421,493.99785355911706
300,297.03038848819375
167,182.1082859516793
98,105.23661458477376
50,53.11147163700568
51,37.860925568593174
50,47.013282163629555
63,68.3345027262476
120,116.70812953298466
285,260.42335310562413
274,290.7784889646466
264,264.11470079498423
286,264.5046427154821
291,291.69986190860783
300,308.8596927043929
352,304.66775381368706
345,345.9512457645789
360,354.94556774048357
403,381.4010690996162
495,460.41332100853384
491,509.97995488715287
514,469.4131570173118
485,474.19612383394883
473,466.4682523230143
442,479.14598649814144
464,357.2332632154517
289,336.45127992081177
150,176.82338784173584
78,82.85579839605528
42,48.603131670862396
36,48.49571345919471
43,37.936395266772166
47,70.2011416074251
87,94.16357138709162
136,139.7788548370603
212,205.1260698532559
232,258.82822521453113
293,279.18921255711825
354,310.71457057636445
367,370.26124041678594
376,367.92673568720363
401,389.24680548232607
472,421.98519619366914
454,507.3946875809202
451,499.63526276794266
491,455.2112758583089
434,435.12286636852826
385,418.15743550767496
460,409.59044677362505
470,439.9944275412703
284,345.31956561909976
166,198.9436882562739
71,91.85652715567832
39,49.630049529117706
30,37.27145362592814
39,42.739143508782384
47,59.822989384932036
79,75.7221885936421
142,118.09244002564301
189,186.96721984390678
236,229.57700718178936
282,259.06893843198344
312,303.2519197735732
363,313.99351032876507
320,353.2210019848431
411,335.4387380564202
363,405.3940528555493
364,371.08085477608245
361,358.58300218896096
323,314.5243796450636
243,273.87210176189944
216,220.55304216970416
153,193.92879044403094
103,103.06308276959709
70,67.78901580044196
39,31.745682214102924
18,20.08074360387454
13,15.283648974688882
45,32.86896684370516
85,64.15740475712488
112,115.86140865084425
292,251.6143607528897
321,323.6652190490871
243,281.86050015336036
289,243.04211853089814
323,293.9010990502279
317,332.27971843933426
301,337.1904562141967
334,325.97462238617067
352,359.3636921773012
393,371.9690120655455
421,461.09842676809706
501,451.20765699779594
398,425.3710447929723
438,390.089443291039
411,402.7596305356451
222,299.6561484669176
133,134.69511963079339
70,73.61104462419262
32,38.45489751068052
9,15.961993426627247
11,14.467062567273032
35,32.16239782042928
68,66.28392658715646
126,118.76363858842839
314,296.5450483899194
342,349.130027886568
307,295.0913892008992
293,291.74063923361314
269,312.0325444966219
278,287.7642028537521
306,300.02159253115013
318,340.95475545669495
380,345.0895939302148
378,410.6766080057176
469,460.3484583965836
505,529.0660402611383
394,459.701238560521
477,439.18796244953745
561,490.02426080951784
427,382.73956982377223
241,245.30724162482775
129,125.8037009747196
47,57.225443722810034
40,25.14020166180505
17,21.24488289995972
29,34.649859243925846
79,64.06281807715803
159,131.1590962000431
358,307.7646389867288
404,365.1280269568233
372,328.2058054663514
292,315.57050030030354
346,291.75617593824677
326,331.54061627174934
324,332.4187167029757
318,338.58614421731903
332,340.45306760958965
369,357.44792213511835
493,448.5590801154138
525,512.7034826750992
424,472.92396931685465
454,456.34852304384566
513,514.8597127844367
455,446.2903321451253
212,291.48585022232356
113,136.72230810028265
74,63.5942296130965
33,33.95000085530164
30,26.58767766895427
34,36.7578101959586
73,70.14279258722826
128,141.49397641304532
311,293.95235372211283
318,370.5792422903717
322,351.88584160226117
289,303.1017948036279
277,306.24571453527915
274,305.9977488411686
291,298.7345507247477
324,313.93188163787113
369,349.73267520884815
378,387.89751827795845
479,448.07550996455063
526,504.5984017626517
489,483.6117293097428
504,478.65302026433034
600,514.305808817747
568,513.9192538253322
327,340.59240095979635
164,185.93474485156923
104,102.54048215342473
52,54.51445389260275
25,43.727740236505205
33,46.27459111400007
76,63.097541895718436
104,120.55630962538685
272,258.78110875900353
282,292.2029737457097
240,268.93362250828443
249,260.0583354915518
302,271.9280118384752
324,301.0229957030174
311,328.93699596837536
354,329.04959662425745
362,364.0167853493716
355,386.9370907893853
400,428.9015935274789
472,461.30243547927574
485,479.2830731141153
426,451.1383561316362
347,446.944450354723
414,414.9580613311982
342,380.213402864504
228,276.68802382238147
165,146.8054541595572
83,91.01408190896589
48,47.155918029060274
38,43.28629852877773
54,47.00816152754278
64,71.66567926024149
102,97.37027288302528
154,159.13131723478185
207,212.22365945085673
255,244.98829586266268
304,294.13186021159754
327,323.2155509886523
335,342.4532315465027
359,351.40792186799536
327,371.0176106057526
392,367.02579379841023
441,426.74856913961565
467,476.40849968453654
458,478.73914881446547
352,432.6155014274224
332,355.5134532524265
389,371.84864279803537
366,355.78915985296203
246,285.20002153048216
172,176.7030390912891
91,95.68389619000062
41,52.599519294440135
40,36.42335150230295
42,46.724003112171786
55,62.85423521190528
121,84.92905326382271
140,140.96630459382618
227,188.05805656962033
263,252.15705145459052
266,274.7263258846966
310,288.19645224485157
290,313.17045947170743
300,306.31107558909935
288,304.9309795459842
309,304.2785476027736
357,326.3571741715118
328,365.91359037513894
266,295.7343908705996
264,243.54751402697227
225,237.13329449052614
157,190.02759225201947
105,103.9192293670868
61,69.48224353192015
36,30.41377162735405
13,20.609458000033722
12,15.283648974688882
32,34.41452973004863
59,70.9759805666145
95,112.12240490028843
278,230.1276213294319
256,314.32622500499184
237,250.20999212314953
265,240.05395662730018
245,275.5320533484164
268,275.53765963144235
296,286.4429533137922
295,318.4167142302647
305,325.01387043682865
360,340.0316964146011
398,430.506916207149
399,437.60163385367736
305,356.30448768198966
330,342.50635044257115
283,348.45426690930327
253,235.55317863380512
135,151.88523249616767
74,72.62500119595174
32,39.0324321795351
25,15.637103922898204
15,15.907466466914972
26,31.703103396112468
78,63.7327876468697
113,121.4356503604786
264,284.5131636210403
299,319.8719455168482
263,280.5112660234391
277,270.9778334245232
255,281.48694604488026
276,271.1105090776049
316,299.85358643187664
335,322.8883390088757
447,352.6735463167805
444,439.97795363242733
440,488.3522885845852
446,475.9729196924606
490,389.922872727635
349,471.7689154462631
366,408.6311132656891
335,328.588249651227
192,200.05078056046105
122,106.66603887593071
46,57.62026946258406
19,28.095465809159784
23,15.68332205343804
35,32.22399029540332
68,71.99194797148712
102,129.5079118681668
135,242.76698247832664
175,230.38927221882747
205,232.62701208784395
249,240.8805555007223
250,263.3968817208086
286,274.98668892177795
306,310.8620089698955
287,327.6320564828306
264,321.11155939321026
281,317.8591152958701
350,351.51102129248716
318,398.8400990468612
424,359.40801961355436
294,419.535856167712
226,319.4842244764242
240,241.12074609431602
188,192.81157295832895
144,144.6894572760944
93,89.27434556231856
38,50.88584233251969
26,36.339164120802074
32,34.60779313780656
39,61.90138930663997
65,77.15884488490799
69,51.47330823757108
100,79.00466699449326
114,111.06313224134456
170,138.05239397647054
191,197.52752781594276
208,207.1686715977556
172,234.04696717608195
183,185.7803405514677
251,198.12619842801823
252,253.70667029043867
260,247.77480282648798
259,221.25863598683912
253,230.92910997107
334,168.3670943442349
264,292.4934944113773
252,213.03306593948628
142,178.78410283577676
91,107.95917127601224
24,78.49481577127013
19,40.030670902697814
13,28.91429491708697
15,42.83762138273258
34,61.79735566639415
48,92.52552214469678
78,146.69031067156365
99,143.6826177284913
145,126.98379254648472
144,182.54386962875074
222,177.57261402258777
228,250.64061356642708
281,240.56348753111604
257,295.0765175962847
269,284.26489801111524
313,302.9107664616582
339,352.410877395644
354,378.62094152432604
314,359.99899378479563
239,332.2034580819824
234,249.27849360570804
200,266.4490177462146
165,187.477358126337
103,142.6286575649036
68,79.67435995412788
43,53.9512025526501
27,37.10428047170556
33,32.48787249338734
29,39.517437260839465
32,53.019438920594034
79,60.9541403055476
104,108.72824389015322
111,157.02231443219324
192,135.9743680576134
216,237.09745624347372
240,246.51418923653367
285,268.2150026898648
259,311.0760037548974
296,283.9585619086443
317,336.9924071835289
375,366.19470460299243
397,407.1442091026513
344,382.88778429805285
287,320.79278328019126
246,278.46997157275945
234,262.4619271572289
203,211.83935495227092
149,163.49407889257242
102,103.06414599389312
49,67.34119061202082
38,38.43934912521627
45,36.318010352976536
41,40.14295485684251
61,50.37012284197906
63,84.38442648184046
100,101.2866839699145
136,140.45103153853142
231,191.89876350792767
265,252.76782085506392
287,273.7877541939603
331,287.20985421350065
332,310.65417392377475
314,314.1656056164073
308,314.621303932007
276,325.81517192179734
230,301.55074544183503
212,231.89349523461325
172,214.3384469605597
160,187.9547956442989
149,154.8734107368469
86,105.20685288776721
298,233.38725919038646
266,194.36073976700897
221,153.82950045847045
150,137.20899640605757
187,99.96301199016986
162,118.6453193351533
168,159.49716350799645
251,216.23998418846392
240,254.87751091413082
273,269.52058936906195
240,262.68034477460395
244,257.19753842422807
254,254.1150313207063
289,255.23643976641944
250,287.1389559921936
280,259.82700758109615
273,276.2621440097513
264,282.9330072522828
302,286.003278035812
350,328.11101023496684
336,331.4385143850254
308,317.454025991003
296,319.08455592938316
368,329.37408237886757
323,293.7900604586574
361,221.01728533704312
99,225.3518817477698
99,102.41764629608055
128,115.45317176408865
99,115.35808618264151
143,133.11374277151802
170,178.39768555892044
166,191.9308175653966
218,214.35145583363374
208,223.26883434477529
215,221.42112181963495
191,219.0691570403529
226,211.82681077726892
203,242.29458343617225
204,225.15044899710537
206,221.54068001273538
224,220.33813950437934
219,236.76539078633314
229,223.2090389182301
212,227.76279881540827
220,217.76979614352732
190,218.29213927628103
185,188.86768663616576
138,133.09016775883325
54,78.4203478568399
49,48.62930550090062
46,50.541061395758206
65,64.93321923326938
102,107.7316603076913
202,174.8137094584647
295,285.6188031558782
277,306.24873797736444
239,250.64247707809918
190,212.2016886989462
221,203.24749339159678
251,204.45289315359852
198,239.93238144869704
228,221.80360096607168
277,245.29012044059306
270,279.04004614847673
252,261.87751476650783
240,242.88091357098594
285,240.94381754118183
228,237.35793825707484
151,200.8360719367142
154,167.945159540227
172,155.4595330566911
136,110.73167026729641
90,73.7151936858901
51,54.009454295132365
43,39.81693354091729
69,64.33110256142612
100,97.34047815256709
193,194.05328075642
252,308.8660283510955
282,317.402865637659
265,251.1779893485696
229,227.150595240403
218,220.80683540302422
216,216.19313295971477
228,219.42011178290267
269,242.22588594859542
262,274.8251499607265
272,277.1923577843251
242,281.28595741716555
272,247.08578225563014
282,276.0105851258107
210,244.83921026971618
185,185.93079275112697
151,172.4732024537512
193,165.4185177990248
146,117.95735083136765
85,80.73646033558393
74,54.21075005004089
47,57.65180828450446
76,61.095248161528886
105,110.3336789078639
207,194.88279510206988
326,300.3444575561501
314,340.03573452965617
269,279.9167833990713
218,229.98188735413052
224,223.37175693925568
212,221.70960567193936
234,228.7671689596782
251,264.07461139257606
250,263.72164531978774
323,277.942058605126
259,303.3861855974088
260,274.04228938259956
300,271.6507923203509
207,254.6363442465269
154,203.11037242440787
213,171.7937824825029
221,191.53384651780513
132,144.2499186206523
86,79.84770944656933
57,57.08536174488264
53,52.123535199305714
75,67.00894107946851
100,112.11247698367416
193,202.8055283848233
306,326.82612241811273
322,357.1864332165728
254,290.2964352109252
227,236.51376809837421
244,229.38791702887437
250,244.6633103900338
245,252.98383286141188
280,267.8829878347799
295,282.43287630853
316,301.90762938971636
301,304.63166746344615
278,283.5130001908712
307,281.65245998196605
214,267.7664365765474
207,204.28284740929234
218,211.1152698295257
245,210.2431328414657
163,155.2441461534581
90,94.66876379274946
64,67.89413882422053
52,60.21736566730689
89,72.4515553206168
173,116.34572010585408
260,204.05694540733197
332,331.62522747092095
336,359.2837451066079
263,289.87153801856385
248,248.7784011358128
259,252.8639453963183
252,256.23064179585174
245,258.747241148951
273,274.645280084212
294,273.67661087633326
303,304.72993947385953
266,315.2194771564803
271,297.73394320852185
337,310.16949971483234
272,312.4307550365342
259,279.669776689219
321,280.974848796486
331,317.4697361927666
243,253.59335261582368
145,173.98932258634377
103,116.95789444393705
80,85.54702864605008
79,86.67778390696357
101,103.25857059889479
128,150.91905857082554
202,221.82235577654168
237,230.86452862108914
228,262.6363979798442
224,247.34131292159262
235,246.94960392781007
258,246.27265225650038
212,258.53712390533013
251,245.12976547899314
239,267.70628884351856
260,265.01964320881234
263,266.1266307893523
284,279.2575696934041
306,320.30942560422574
295,304.90990378581716
262,296.776473655409
252,293.7830383885952
286,290.4087652177191
227,253.0154119284234
172,179.302858749501
124,122.95930968123241
98,98.12005050043985
97,98.50086431921137
99,97.7220087223355
137,129.60367683876865
167,167.414560883764
168,187.5700100049732
196,211.31257212256753
198,211.31238438304027
206,215.26345051684407
183,204.95230687133278
182,200.34533109406735
236,201.16345625976479
233,230.53997741227047
198,223.67194532616264
233,212.04968914936805
247,232.00965253158756
230,231.25716889912093
235,220.98448535723168
228,223.5425551433136
202,218.72230174900767
183,187.62893262347933
109,129.95284295165004
72,63.53265699887301
55,50.45364995066684
55,50.29570475484403
64,67.2158119328507
103,105.67584384003372
189,189.90597044161473
341,293.520394963204
309,308.23847548024565
244,249.8065072973594
216,209.44165673631028
219,210.06824038419535
252,209.55633326701764
255,231.68014497251133
279,253.40706771878203
266,272.5114605111734
262,266.0084185917134
307,255.7914498195216
282,273.4303000359375
238,260.91013360150924
177,217.14006780965946
183,162.83722601711366
157,164.08064581806397
177,155.157600461099
124,127.57277439543041
70,83.22662198180149
53,57.682369075309666
46,51.82753861054417
50,60.40645720107967
83,83.17296475630268
153,143.1955340535942
272,196.525234607764
307,313.9525268960121
276,281.60731958867126
242,246.78488899066534
256,244.65693072353952
256,254.5314619298283
292,259.4745647671611
280,296.1680732032868
324,289.34659318071397
310,315.99456232949416
304,316.5510700274988
289,292.2371337044771
275,290.72265537963085
227,217.3728776668693
195,200.797453972426
175,170.1907843553841
165,167.49234323857135
91,118.81238254692161
60,63.770834471676345
37,52.50607862408789
46,53.27119539436964
55,65.24543515083414
107,96.07010636772138
199,182.22349306192748
347,307.1600378726367
365,335.5387012207709
284,288.7312136887724
236,238.44529855229422
243,240.3824305673051
199,237.70300295361614
211,235.04283914908885
265,254.03266964186585
267,277.3708511805598
300,302.22069155799056
275,300.90014685167716
258,278.951386872925
316,276.740475612132
216,270.0976685278329
183,206.32503804138437
192,185.37080809157
158,178.93355227504216
99,114.05667588071464
65,72.32028403975319
39,47.27753462917312
48,49.72920554621882
60,69.81067197270947
118,105.97159948344343
212,202.01926083199032
357,329.852825967139
333,379.1898162182727
281,288.47675148323447
240,238.6630358709775
252,237.979373504907
238,242.25524612119503
257,241.39865591540305
280,276.1922243532716
292,286.16781233777573
305,299.35935861898054
285,298.51193253093834
272,276.8858809878347
294,286.3955332278713
254,253.44311018911102
209,226.887975624754
220,210.4827242211978
166,203.85696460507054
115,130.02440229309175
74,80.39472881253865
54,59.36141513894674
67,57.631013976918354
69,75.40876190258162
107,115.57191071969862
201,196.5496138035615
338,318.4895713219856
349,364.2883241866304
304,288.70715592346784
268,248.96594560730932
256,263.20629698230266
275,254.7592496726781
253,270.69911833585917
321,275.62603527540176
290,308.7519793317721
308,299.51206083284603
308,302.8890260510344
365,308.7980890879894
359,350.25505937570415
326,311.94291002620514
283,285.48482463393447
288,301.0416564846647
288,289.4924965478129
252,227.58590469040817
144,170.89454584556222
108,106.67169991017191
77,89.93520224543295
89,82.38131027226088
104,97.57287794823044
139,144.99816025307717
238,217.9701774874173
213,257.1994646371545
242,257.9406831535044
256,255.4390097620411
225,257.7200151214297
252,251.96360044480372
254,248.22668943411608
260,267.348351752581
270,265.1909263765667
282,281.13596491031603
265,282.33256613487595
304,286.0050342692019
383,322.63560357476365
371,343.2289621351433
324,328.43796520269615
361,322.95676721099017
449,346.87659849303657
332,320.8203792084507
180,215.1168234401303
154,121.41523224635786
104,105.33149257075148
89,102.4408031138348
106,97.48857843547455
133,134.14099939103036
177,168.5904379326333
174,183.7223693939802
228,210.68410637953633
214,227.71136264687425
225,219.91269308651678
233,217.45790221298302
235,228.7597735708111
232,236.8458139346121
219,234.34708284607714
239,217.33538278221306
279,235.055805560084
248,265.7646782985469
269,235.35417008567345
257,246.26238267747297
194,238.79167604387078
239,198.09028372938462
186,209.2036404146501
128,135.64556319620252
68,75.06946015888072
39,51.85707607866437
57,47.1525956058141
80,66.66615086457675
102,102.8642877157394
218,189.90597044161473
333,317.7170852712214
326,327.9684413252531
268,254.11314407974396
222,217.21141932574815
238,217.29551509614154
245,238.92014285595985
230,237.59213307247614
271,246.79983455159712
298,265.9429874498551
298,285.4186908658871
299,282.80103539674076
252,273.92599183383703
256,246.98691915774353
217,222.75160911896248
160,194.51366325948155
158,156.75105191860231
184,157.69980098782605
87,128.32620375548257
59,67.25607584195642
45,43.61138341912746
38,45.139913545312005
63,64.10817389189174
93,93.5511583696338
210,187.4106738751737
345,308.7485662534374
373,332.83880425361764
278,287.26001822447347
255,231.16363427120012
207,234.49918413563677
212,218.44486825012592
238,228.2397172571638
270,270.8008564558728
293,282.7783537093774
294,296.7522456212512
304,298.5004971967762
263,279.1827632980817
287,267.0191543598265
214,243.6939945919072
190,190.29643646595437
168,170.02621388952033
165,171.9085371572935
119,108.47309679492683
67,66.70661848750707
64,47.022324353519316
48,47.146494543287304
70,66.06757758873187
113,100.8117580521403
204,203.35204469561563
309,344.5826017288907
400,354.3841063390993
276,302.0524220857857
254,243.95790302409364
238,235.09098063977794
229,226.3182237744753
227,238.10337655529563
299,260.83837361852085
296,293.1531046812433
330,302.02747653212435
287,327.24193909578304
260,272.8321442909273
289,279.9111007911137
230,242.81064414907698
172,211.78471069577392
180,179.95217850072277
188,172.8545354406293
133,128.21280104495057
74,80.60841336924969
45,53.162485790121146
40,50.619364617469245
72,62.04188335528161
113,114.52781056028849
200,204.2052863064004
332,322.74498207755136
364,366.0369444913599
292,287.70653782265765
272,250.7074546795153
262,256.6642577537342
288,250.37015173938278
270,273.0789401066483
296,286.2517630689456
298,298.54858144575365
306,309.3919811848211
291,302.32269442391964
284,276.9300095829563
297,284.99190794749967
254,262.82532474598844
236,221.86076272797
226,218.7342598029533
211,205.833248485976
129,149.59460461477073
84,86.33538350093491
64,59.376839271392214
66,57.89257451301517
69,74.61779957517169
125,114.93627758336866
220,197.3173120951718
344,335.18781112293647
402,357.85992010165376
327,309.862558960414
303,269.97891718032105
279,286.50125675651833
254,273.9512973016207
281,260.0928133138896
267,295.86985679634074
302,282.84003955911226
286,309.2914018454139
290,299.46552493600547
297,325.9272076562461
356,329.8021307048924
320,318.06241116357506
245,290.4474398037761
253,275.8806717270757
297,280.9272552070762
223,234.3692308869693
160,150.24515990844222
125,110.96449967413581
100,87.22078036391379
110,88.85182501290149
88,106.06688884436986
142,136.36493876702255
213,235.68766692269463
264,240.46805444335666
269,268.572053143713
227,273.22527217050373
250,246.07301132893804
242,259.29731541221963
233,258.74869581168133
271,254.05682336833044
298,276.59281214855145
263,294.012231295633
297,270.6388471847744
344,302.1069081301206
359,349.06685672031324
334,339.0061972660978
250,312.3363642849258
305,277.8392641334453
431,333.36483190231303
306,308.54611546771014
190,201.1641295363928
124,131.34523965557855
108,100.52393400366326
108,98.69692369937147
115,95.72337301870697
133,133.2433691531747
178,171.8558622714357
182,191.7086746640142
203,218.4000869748151
202,212.71288496234405
218,219.44317563087253
232,212.51375351739364
234,229.96311967303498
210,237.2350630343817
236,218.47805205262782
229,226.62200607576597
250,232.57530679400543
239,251.2660800320308
255,232.9855313881026
245,239.48097308137858
217,229.70491394186
223,214.40717312699246
212,198.3028270296378
134,136.89054154616468
67,73.93739675537024
58,47.187420713842464
49,53.247996362174
78,68.81686436051832
133,103.55218672660087
180,207.291759142031
321,305.9155562131715
350,326.4969185058139
267,265.1653938047233
220,214.17186327821963
229,217.53326987464044
235,233.90303312771792
225,237.13467164807346
290,250.25555671619884
288,276.94390137553296
290,274.3320364111108
289,284.12989899946837
242,262.2912885214993
259,239.33544741881127
208,229.2865565974844
176,179.17170240591588
183,162.27816590584808
172,171.08751394549014
120,114.74657221348848
71,70.4276351171462
64,49.189975107862075
54,47.016658275083785
71,66.91422245466138
104,97.89228092704926
167,190.56372540924454
395,296.3127167502897
424,371.41308981324096
321,314.8941313791815
246,245.00081142952857
221,228.7388145832391
262,222.83159999640418
243,249.9545118827806
281,273.91511372952107
314,288.6419125765868
311,313.7235353013397
238,312.1293871964329
290,249.6790159131792
321,278.45644020185006
293,253.8288190692908
249,231.34372185000456
260,210.30275451352196
194,204.1794720346156
117,126.35882625247572
66,68.5519492883465
68,58.094191108314156
64,50.78788189092642
86,73.6539724359341
118,108.56664066813403
178,191.48891659877853
333,329.8622124476174
339,383.5304428318712
305,291.51022000562915
287,243.7415998745834
271,261.0960333383356
267,254.6156925047697
261,254.97549057942481
310,278.67044138909756
320,310.50581116625574
285,334.5857283395263
278,277.88103261960407
340,275.35022700405005
390,316.02495587740196
315,317.4266231525117
247,273.33241805829147
271,228.06841421134925
232,224.97457350821819
181,162.15521763775638
120,114.05007458061071
109,82.95061543014374
91,82.12467780088586
75,85.46014058746046
97,112.42942217708053
168,144.85462822011522
171,230.0550400767832
137,227.45353380918968
136,179.05784735155407
168,186.88597746386927
211,211.00903981131316
244,235.33376520324308
276,263.75406779112427
313,300.8526162146188
375,331.0185501299022
393,362.90393145116053
479,344.9272209479486
510,429.6285429329844
540,439.2986248998221
499,418.4539823224638
471,362.39505581201433
535,388.6072834198605
575,342.2429536149196
456,276.92268036204337
303,209.97099776789383
195,157.01155399643972
135,110.87014596343988
112,89.78242809779418
95,120.8092147232882
115,188.77226545006138
174,196.7840897578802
182,239.32407910296982
170,215.4025251451343
161,201.25082842648595
169,195.16636913041913
175,209.64007827090333
223,213.2798573554396
206,262.4175536524138
231,258.46972151148276
235,276.2703599939826
246,279.18928319561655
243,293.5429799978451
277,303.45849615806645
263,296.26706916878226
361,278.94231624605817
263,366.62567015002315
260,304.99416704591187
184,243.73703035148557
120,155.4095498348573
71,107.30098063729518
72,79.89115148459105
73,89.16273686882428
76,89.85024864264385
119,113.8823239658827
154,182.65962060034235
166,206.15772961179366
187,208.389027016847
160,206.1361843056589
193,195.67810762860793
177,221.3850887062781
206,207.9818716933541
213,234.02794884148398
201,236.5488875017925
248,234.86527218115398
238,257.5502537456997
277,264.89360968243017
284,308.5262327765317
303,294.9287908840021
260,296.4872276036009
301,286.4793277750652
330,328.268522844417
225,281.1955178176046
185,170.89220315222926
160,110.41300855283443
115,103.92237798738938
110,91.79880753306207
99,97.14615432838343
135,124.80022556991585
162,161.78145355047852
151,171.25283762393624
162,191.15126377592082
211,183.26662755323017
210,216.57071413041655
213,213.66413635772042
245,217.79917827936887
250,233.70322125557155
242,234.78826103486355
254,234.48511746096335
231,246.02667690756311
212,238.08433298525185
222,220.25408715024665
231,225.1433461002174
200,222.51659764676754
175,207.02342265022116
163,177.67073152961547
462,379.1014220437992
582,377.854613040244
496,434.6488221610843
366,316.83111561591824
316,156.25172120681887
264,123.64184333817008
139,160.958220642535
118,138.21639572861125
153,157.35235505891958
227,212.40937977050092
390,279.19258711650394
506,403.464176781148
616,517.8157598980371
638,584.5943295884333
628,616.6894792447193
658,628.9248415137445
647,643.9414485509953
558,640.6510657113479
513,545.801972731736
493,509.10369489805765
445,466.1107515142633
505,440.43885819121823
475,476.21778633225694
468,433.7753815648205
607,419.9080246112233
1108,482.09413178392714
408,676.6220838319822
346,347.4041235978585
225,211.45531134343344
155,127.72517848347292
116,101.02066795382527
101,100.88860950987144
125,124.91285822798262
150,167.1569169103381
223,222.86490687033398
250,275.60634010052934
255,298.97841618396086
252,310.64854426975927
263,298.167241232954
284,313.0944737251881
270,326.23615655717344
335,322.78689389344834
316,353.54005423781507
277,306.86039795648645
262,265.1362496919273
245,265.4493597217296
176,221.2605690640827
130,158.87626153401126
88,96.19115731324027
37,53.96104208629315
35,46.05912279496464
45,38.27874597574143
51,59.09148515193729
71,70.39548346868305
152,125.6416281252617
249,238.09183895852138
291,329.4208943042951
244,242.42868475151312
192,222.06337382255956
228,227.14994114848363
240,235.18764201748527
244,267.25961596776153
274,273.34369721947564
382,332.15996190475437
396,415.4221479032657
545,539.2303123831645
500,569.59911315438
487,470.7297763144972
449,502.98510329100975
723,508.1966592837765
468,491.46858420094804
259,244.91200156642557
174,157.54036239507627
49,86.16560731230709
45,32.91133007076281
39,30.541229682830814
56,41.064689631820926
79,68.16354561489251
144,147.66771047136768
247,257.42738920142324
335,334.993010917113
258,285.95124630591226
216,235.16413482664265
291,241.47712050237837
289,301.1198193482755
322,314.9730592097213
379,344.9759672892668
427,439.36124132124013
467,505.7523513480641
620,650.0806410284197
659,641.5831435758251
570,615.1761396677531
637,617.2356423023625
595,668.2551243673358
488,457.21131243355086
269,309.23447290300317
166,174.79646144487782
102,82.85611008269281
54,52.141291205307866
43,39.17276622043868
39,41.64495062339208
75,67.8989609479278
169,139.46954124451563
258,269.67192736048884
331,360.4580509973048
275,288.24054914177106
251,240.6488331669949
269,281.71966247084947
299,297.0160602107049
311,342.51761905562284
376,367.4732801664766
425,434.3185038676003
487,507.9770143147665
693,653.4483274382693
632,724.7138012160152
666,620.0001451686888
658,731.7326334464725
691,642.7817576642842
520,556.688691376312
304,339.557081354708
212,216.59452171650634
108,138.15835475846248
89,88.52621081880868
55,71.74317701216698
61,50.771533212168805
74,66.85569841769255
126,160.34877012795656
274,240.8775580426579
326,357.7693755750975
315,300.95796617075337
264,274.9033350729797
303,293.34528481460944
329,327.60839341095743
390,353.5449407011273
443,435.52663823242193
532,492.76163714578126
632,589.9719745157324
804,728.0870227699324
839,730.1190767259857
890,741.3239201456666
967,801.9488980346745
889,819.6976522349966
693,693.4754900121068
415,505.25132095980746
271,296.2847220386429
182,204.34883866260577
86,139.56011130765796
67,90.57659834068512
68,67.51946911305107
64,75.36973403780229
113,116.42979762696288
203,214.23582419785868
266,272.2111338381941
240,265.4524680940201
238,249.7517804815957
270,273.6749250952104
290,308.18832870009874
364,335.69842253359707
404,391.7056324452434
451,458.6028075163702
508,494.6997985506923
589,573.9843965647203
560,627.3803638258538
537,582.5288587492605
464,522.848569145397
484,472.028547642679
444,470.02525529714126
427,407.78140407942095
323,355.76831881010565
262,285.7867285492886
237,212.04151644556833
265,226.9532109317857
83,196.86419707468107
48,105.70181144363033
70,73.57971727100055
84,109.26457069946068
130,136.73537904908534
189,197.68068612213779
246,250.06164028111039
336,296.5521068881029
351,347.75454732536815
373,374.11537088175487
396,402.876132237416
447,433.75052860485727
446,487.17272149888714
562,502.100955674032
499,549.11427306526
436,495.24343988483827
396,419.2223546479128
466,414.8892328131877
678,444.6554227619845
445,533.9555644051768
284,366.348236517987
265,253.06574974717373
224,228.4098583653762
201,267.5188378616191
101,182.8695469304887
53,106.53867361746953
69,65.38135766116689
60,78.38237311958352
102,108.24162959421109
157,152.02615361291387
196,222.40952507094568
324,246.5617657525997
311,328.35151194318667
359,320.4945747187853
628,357.18618119316983
647,555.6637740394729
714,535.7748969214377
677,643.7882562528737
383,560.7066475752945
306,331.3596069278258
250,280.2803928181355
240,254.84465165846933
183,199.5033705563318
144,146.25856793190226
98,90.71500371908483
51,56.327913448572104
24,36.339343251131794
25,37.19510376783096
41,50.91248524060282
56,66.632960084054
133,123.32002241097332
218,233.2068526391777
311,300.1665579330456
255,247.8380296354448
206,218.21169457608696
325,234.81622833780082
458,316.66788658798515
493,479.37158790972416
528,554.6183538079296
584,625.1632721215262
614,656.7919895165466
836,741.5445158541255
636,774.3680753822233
489,577.141947205365
593,501.48155961900625
583,618.3741942596135
402,415.495706465768
334,242.7683465604381
192,219.5504472870069
69,108.01774644256348
55,47.1024298383947
38,36.06482705997728
44,33.48533658920595
49,52.42154106273321
117,97.50646859442145
221,160.95169152175848
366,265.77279237889786
299,330.2953100923888
232,251.52784474422782
301,266.9451053648643
328,336.85519815919656
340,389.16332111979943
371,396.2237972508101
437,453.83884055510083
506,528.6289405038809
685,638.529944062708
722,649.2609573027198
621,604.184466397719
649,595.02774187749
751,592.2938711309913
570,516.4598583005821
277,356.0158672440463
174,176.5582226610719
81,96.2537050049882
43,54.36497941195567
34,42.43375886098575
35,40.5401171883315
63,65.22581898557857
144,132.09353960083948
258,245.7340434045694
405,364.5367998714037
307,322.6272443518598
273,254.7187862125583
289,293.05746204943443
270,309.98744448322026
330,329.0889930774753
422,369.01755175054296
456,473.1962598221911
510,563.3310554405231
815,678.593381288098
766,763.6494524400107
735,694.6637020982233
789,703.1978747939405
867,772.9291757090919
642,625.0959479971484
321,393.8933141754329
203,212.21356294504156
111,124.26730391149178
79,85.50386987091443
70,60.43132905685476
45,59.849316324143956
64,71.29941715708316
138,143.65526031585952
286,252.96404487810054
364,373.960254689087
298,317.33148346838027
293,275.2831816223107
337,310.01710866755883
376,341.46779976651965
403,387.15414529989795
434,443.4835048383122
520,491.3884288047872
567,593.4363829173426
842,698.0684618950252
797,768.9407214992887
714,811.4356245872317
755,798.6043579232856
885,833.4502553999008
688,714.2126986534691
484,507.2443635570264
318,334.21873396845814
181,212.98102466691248
156,122.82940007840453
119,117.78414040835598
66,76.46753950475733
72,67.5864166925338
127,115.70545170743168
235,218.84420923301914
278,289.2760955321014
238,267.7142458515104
238,252.8907934919566
329,273.7508848803969
340,351.4155614870662
333,372.09964527423443
421,382.46291324904956
472,470.9282303129397
430,532.1287688754276
606,546.1151837064242
623,635.1392423942038
565,607.5844218661431
506,509.14829879698584
553,502.5915834035228
497,488.3881598977936
482,446.12266485100173
284,393.02157211466636
255,266.10070732487054
209,240.39971714719357
196,226.16491402456873
104,156.62046717934737
54,106.59986782265298
64,73.79481486049055
101,99.1349252265642
134,152.20016834830187
183,200.85995041387275
275,234.29440503820157
306,331.45330206235997
364,343.23325821348686
352,378.0641167820305
342,392.83020596016803
424,403.54624670505183
462,459.0406465068877
511,551.9755595250043
480,526.5231102843791
500,474.13659468335806
439,470.63016748818967
459,446.4225861373289
481,450.9985849184091
388,432.9170521398126
302,336.1635725782898
287,247.99807464647643
244,251.15772282611263
220,251.20606918013692
120,194.9920200314096
43,113.1026886341225
63,63.508094250818345
76,66.35789327710853
107,115.13840992181937
157,154.0681745894883
240,220.85342451115076
292,280.0701349431713
365,311.3513969428137
331,369.3812928339769
321,326.90473589287217
342,338.53401085200414
382,338.9278128433882
409,386.29181902524255
359,404.422161423714
303,313.0864236880022
264,273.30896859283877
263,251.4390003987045
207,215.54138237856404
303,153.12655629810482
250,174.69348520107573
141,114.09765417330448
55,75.70049510459533
45,40.76592555031107
47,54.78601495186528
77,63.95743931351407
144,133.25002411387456
267,233.61424186358994
337,330.6719600521151
257,262.38254466683225
222,224.6642330921421
256,243.2513288251108
283,289.48926026055113
278,313.1166977166284
302,301.4660704832585
338,366.0772630668752
433,402.96748105778585
659,601.6690360128666
560,620.335760349872
471,514.7070668355344
613,526.503985799472
656,619.5906973241352
449,505.8191674832714
269,291.9828388257522
180,192.5664835273773
69,96.92610099791118
35,50.81431067092322
29,36.529319532662676
29,45.0629402120812
71,62.597099173457764
133,139.84560549694137
274,236.23877644647112
373,371.43563583580215
294,299.41422844471055
250,247.79004776438958
258,275.6779629393277
296,297.4624697679255
322,323.411662528411
349,357.0440232587769
451,409.3434322665674
570,525.9891819045899
720,734.884224007354
699,701.0679292136273
638,651.4461799945842
794,673.042652802977
733,730.8744804662671
609,526.6310931577575
376,347.14480260343834
228,201.92546379424294
105,116.63442173918376
62,56.59448361315921
43,43.11203381663434
44,38.97983380792324
60,65.73603440352635
143,140.66778658904727
320,269.5725805890081
468,378.4845419982736
365,385.07744366054123
269,292.003325148869
316,284.1101302835314
301,326.3046580043023
359,333.06668752905153
392,383.16404878102605
452,449.7235393738543
551,555.1603281718421
736,745.1437079403432
627,771.8146017537329
606,648.7578640749514
775,710.7497477510766
795,772.2064543476953
555,649.2940073709765
385,381.97350116038035
247,242.6342407380312
147,142.49195169861918
102,93.33884041976948
68,70.64850258435912
54,61.53206740207589
77,71.7704063096994
122,143.38844535199541
269,264.4916338978751
372,383.0672467912482
313,340.3908635172676
260,290.5793144569839
309,305.2993150086781
335,335.177188713176
392,382.75889298215196
447,431.8536482071492
520,501.34983575151676
517,602.4306006379755
638,656.8342859063711
645,733.1904863664693
662,660.2482348039193
753,736.9489743203374
851,847.9115151696374
630,665.6849372918127
461,452.70984256710017
289,346.869723549169
163,206.9445804247525
87,140.98856840216357
63,96.06748650209455
63,65.8344400146557
120,75.6503902482246
137,127.9762337568954
223,226.27556848744214
290,285.5744245909407
235,271.22827438758713
246,244.41433112963693
238,292.48153718720266
299,299.42943708599404
336,345.0232685134666
357,396.8533802967954
372,431.8009200232561
446,449.4080689709825
499,547.7255663853373
532,562.0281320711098
539,551.9076515620258
497,510.8227313763031
607,506.97134499113855
465,534.8016836551783
402,425.51229666128177
286,319.9798072237949
234,252.59142589104894
231,216.96737768502558
148,220.61232097564684
100,104.58348700076833
66,69.39456357049598
76,73.4104040748179
125,104.37649916599023
180,154.18430952554618
211,212.58899196017984
280,261.5850350745731
309,314.7732027399799
318,336.1611278694219
315,351.4689975728589
335,350.5810881693056
379,383.7463653319729
365,424.3383872608303
389,453.8176506659395
434,441.51459431491946
418,454.25820896159325
412,412.39230254579707
414,429.29967582129797
393,408.8635417223824
387,369.38223713652917
333,307.20397273545865
257,282.2244353469227
220,252.229042548767
169,196.34343835648633
99,119.06592642102189
56,63.60834365225744
48,68.58120899279578
92,73.59084872876447
100,120.79940922584372
138,155.94679238756916
208,207.9519847707861
281,265.15316237520216
300,302.740888973613
304,311.2445097308312
292,312.7449452325601
319,312.7554723978435
300,334.6694648642865
344,335.327967121062
282,349.2875164143312
272,272.404750881541
284,257.97324272476857
228,264.5944797038039
132,198.52490790662696
144,114.35301998841301
82,101.54085360275627
32,52.207461416240584
37,32.734510766136836
28,42.05107513513152
41,47.96590550122288
55,67.75104807219843
128,129.856585872393
195,236.8017381733378
232,292.5296211868067
204,237.1978468697207
191,196.56726966805832
205,227.93803880656196
203,244.48540927113288
239,247.5294132871519
255,274.58994402149955
252,312.54497191290636
312,315.4738818937707
434,462.22377704753876
438,478.5004924129305
340,426.18552798870894
302,453.19737287589857
315,352.70215804956024
288,289.4748274572455
172,215.88444045014094
130,123.73716266389492
43,67.08568287327057
39,39.115196789252686
22,33.63425065804404
42,40.82537745286351
66,66.7823398736798
109,131.71197022515463
204,211.97469019342404
239,294.86936050878984
226,252.7535104598478
190,218.8863594468227
220,231.91270514205053
216,241.8651274023276
263,257.42400370847633
278,309.24572323364674
369,327.7938366240548
425,434.6797809548154
373,589.9687872766887
394,453.3713850768844
373,435.2078849507055
416,465.86414854366666
442,508.6887719845225
355,418.7777322315135
205,217.34165741301857
135,140.06534934262453
68,91.88707277582165
39,46.840395353263055
45,39.05011268287363
52,41.65474109617712
85,64.68425321832393
97,140.47306723843818
155,196.0037232762731
176,246.83620844435552
184,222.55477255659537
197,212.01195375469297
221,227.67218454912083
227,244.63768077042297
235,271.35386448891956
262,278.30488695341114
285,316.2257254016496
270,358.1842071837283
300,356.6956698665072
317,326.17795205019274
401,326.8501957693084
236,476.3232318926565
201,269.30334380569343
218,185.55105510891283
149,179.50671573660492
172,101.71214067906514
144,123.33742231003481
125,102.31761038798936
134,90.23969529924938
88,82.02178086186844
50,81.91414706673542
82,88.51951300664629
96,88.09219629934408
82,97.88083709961303
84,68.41000851798732
125,79.50672625516842
160,122.47630173366827
142,168.22394430673236
158,117.56202024585478
147,136.99546215347763
225,158.86651051824933
277,232.85294690184864
269,285.04935150965554
263,267.4829371963137
219,192.73789397229305
203,185.43196495668735
188,234.67559046100925
210,154.32628630804484
154,101.0090656113937
103,114.182845153567
59,92.2230464875167
47,63.665184868010705
43,63.45228380373587
26,67.15498407755965
30,68.5489874777265
45,99.80144487460484
87,148.9204182354808
88,143.12958904989327
101,115.23592030073442
139,122.63772318462725
201,169.12670479295065
228,223.62372869768564
261,258.1605300805853
251,292.6023412066756
315,295.16473793848706
352,356.32194018049415
408,421.2892949670342
382,432.4254765683473
321,380.5593583697714
258,325.7564752091063
336,254.83484016561374
230,346.8756620565174
191,242.2857791773343
132,146.99259781734082
138,112.92861853025742
119,132.40504724956216
144,137.78932494846498
49,96.07706149282579
35,46.37790244019699
35,54.21955451278709
46,64.38099862872653
90,72.13278662692993
113,127.04381211037456
163,149.99371313972736
233,211.97087471983613
305,273.7738039851094
299,328.1205862052347
265,320.6274500824683
352,311.30076443987923
394,391.3654452060246
399,441.6856198063862
340,423.9689027756899
358,345.0825524710518
284,344.47696021725
349,324.522393067652
277,342.0576357206829
260,260.9524326062115
244,209.29699936773
183,217.22231375130087
138,163.55059628262998
129,159.90868367014346
83,84.62061672692417
37,53.18834959607921
44,51.51062730960364
46,60.07558764288549
86,78.30139232242769
121,125.7101429776396
185,160.79538448886686
276,233.13988349900143
330,301.47268791414126
404,336.4024082492315
436,374.4672431589874
393,428.73135920338234
420,386.9109469375312
488,424.5815432938978
289,420.62392794186695
320,270.1700784152838
209,282.9054119989917
214,218.76742519117204
158,184.99463655769773
120,131.98941484738572
532,527.947180216432
707,518.0795962669845
846,567.7154045593281
667,496.273807761543
346,243.5284611050562
127,124.94859027494608
96,89.7409246316041
94,107.32947972429808
138,123.60204012929448
145,175.43449801011158
203,189.4388617738144
237,228.2794177493865
293,258.01088504515354
344,313.7237384872243
327,363.82910378958405
427,340.7541295734754
468,437.1266625443808
582,496.95070297396376
694,603.9543064206189
792,685.955655863364
768,760.5212087290046
828,760.2018535901512
835,822.52394673146
830,793.2224545744473
966,678.9413840659641
1481,806.1789064770562
448,796.761155582605
308,368.1541838155693
184,179.37509356738224
129,104.27836262177422
93,83.91660820586773
99,89.70675882289021
125,113.63555714187689
185,149.46832960203957
217,195.43677953047802
205,231.60580236067088
187,237.7020911201984
233,220.30360028749865
254,249.53492688151056
227,268.5218990770171
338,257.1925391190991
350,337.5116537088317
419,360.13540776062587
464,380.9258380666894
406,428.3577933420951
419,385.53718045094223
386,374.19723062849454
271,289.2308756348808
145,174.29470794532244
108,99.17257189237421
78,72.3016679894253
50,49.89938115000578
69,61.05755480790075
116,84.29146619784382
151,134.27747546380942
178,167.20473161425718
192,217.12078723092827
176,190.57904308608585
167,146.0851972984152
133,144.81473135169912
175,139.00953380447388
173,171.4031187119725
175,171.0252348937688
232,171.7400679596833
171,216.51449536459657
208,203.70916148320202
258,262.8804770839691
294,285.8681412665327
298,322.7275914458051
400,343.4285482066759
261,354.13491351797387
183,199.19711469061093
123,119.36153601460505
91,77.25497748574455
55,62.68095623362182
30,35.170231995236975
53,54.587230339878644
72,86.11359827174093
166,142.88824091805506
186,194.78014718016888
238,213.385046310144
186,208.26984603666054
126,157.6823879380204
129,128.3786927233746
128,132.61041442152444
159,143.93842806982778
164,161.53016824347114
183,170.96823845895278
155,174.61677958560188
185,193.44861134164574
268,255.9350160337453
339,320.42050750190305
440,416.01919091482966
416,468.6738686675574
429,397.1257121928582
293,306.3683874103958
190,193.3459161642433
128,122.26971362644188
79,74.3776534176073
50,50.65319342729483
69,49.429150397072945
89,78.86729873400716
148,139.9234409799039
184,194.70562447586113
209,232.20102832209926
194,198.6923982797235
155,148.67435648268318
138,135.75613473874216
136,138.61756531042195
154,153.30694079813037
165,164.83699322388827
145,179.94612557101007
188,161.83933379870157
202,217.10895191095983
315,284.0035208564992
360,384.2482249933867
448,451.03839378623115
450,518.9699974070162
441,469.1002700905523
349,371.835106490824
252,262.96749073679837
145,164.69934307265277
76,93.21079058022164
64,58.85990778421028
69,65.35573513610957
86,87.25501066937025
150,153.93387947307406
158,178.94233469466576
216,210.92511908892294
229,221.1892981623918
165,179.97609056141724
134,156.73064496935044
157,146.94364261552673
173,162.96194130099985
178,174.35692233571535
186,172.8540254717565
215,192.2177301423001
231,227.6584725020059
343,302.75025529464045
430,389.29019998746367
521,483.9736409355312
600,574.1852876287221
671,613.8785537622523
548,581.3004981705272
365,422.0529466940809
294,295.6080865403622
176,204.95880514365078
139,137.487101870553
91,96.95185788957554
99,93.8117148245858
140,123.37147537604628
152,159.14004416868025
171,184.48217120481382
165,186.39663322723123
161,167.86216741409237
152,157.97939997202832
152,165.63312086472308
191,175.70045771244656
214,194.9440538970143
212,211.99403402349165
222,219.74198574005362
275,257.29906402120906
461,355.590634978729
481,524.8466070462778
450,548.3765771051985
551,573.6433286037092
733,669.1279609669617
842,757.7568133057445
756,726.3098215648638
679,675.4674360958022
516,546.5227891667859
354,336.72205345030085
121,146.67902003522224
57,89.09715914823833
75,79.70916129132726
94,97.92721274084232
130,126.94525965204393
178,163.50411184380025
185,203.6410746602428
224,213.46169537031136
256,241.5746401672793
275,292.8354094817506
289,303.5278236474368
342,333.09098963689684
427,375.72585800235305
473,471.11029924717803
516,562.2360276879718
585,589.3764190751741
607,641.7156392524472
676,684.6617220482499
858,782.4653106129596
816,854.5225717186535
655,753.6835495300465
654,587.9127386405246
543,498.8608778796302
402,351.6747547123075
173,178.7660507059265
87,88.90050458429408
64,79.70655258973242
94,83.16619368238531
109,112.99626709499856
144,159.43703618569316
183,185.3757539426821
240,206.48510038058794
289,242.9064149566888
264,283.01891554898407
450,260.6605402850782
394,403.09647973342453
352,374.0031818503041
302,352.05224127127474
320,320.800058507875
318,333.6490403398019
292,335.1761522355396
341,321.33984115286955
305,309.28212235262595
211,238.51620199889123
153,145.41434390072888
131,102.61015289647642
77,80.85965288533315
51,49.67290596993156
75,64.90016997680866
105,92.67827933817125
136,137.37930158385558
176,167.9356132445838
201,198.7024309660216
177,180.92255949751987
143,149.6723574779482
137,133.3423531349248
212,144.19816226006807
193,205.9679293005804
156,188.96505876375173
176,170.88982214319327
192,182.1119242311684
253,213.9322782593868
295,288.8088406934463
303,320.48783076169934
383,334.6182537494891
415,405.84594550631465
322,344.8657130581393
287,220.68507025750924
175,202.7006719105389
110,120.1812221696815
73,78.74631428231717
62,48.068625273425994
64,57.47033643937706
81,72.57110852047968
109,115.43885463474633
170,141.26770811328302
222,200.30890701862333
240,213.7951302043262
177,203.37029809761103
154,158.4865187548439
155,159.55017875958697
166,165.96823282352162
166,166.15010922709146
186,174.48542995440073
196,190.25183587974496
224,221.86832537841042
320,271.9594340230297
334,367.35113193771645
441,382.8942521967456
512,465.9228907924194
424,410.4716663251511
303,329.1252994779199
179,199.40955665262462
109,120.42463426046768
82,71.18941598499906
51,55.899950321368465
44,61.27697723878952
87,75.5930239664479
134,132.71943525949925
208,184.74171221075918
236,234.67497191134754
196,219.66395058672018
178,158.6704048679322
114,147.75350598071225
130,138.79476069649266
144,151.53044490881157
148,162.05836586773057
179,167.87577246093917
176,184.74067325412085
225,213.5730736112412
266,308.56578014723925
365,348.0525529804195
429,449.38020090243964
484,529.7432660550583
450,472.4465218516276
418,379.89287502200125
259,270.23478732363435
160,167.29028061824224
107,98.14127942159996
53,69.93848260935461
79,60.40208449982719
97,88.96574173005372
157,147.39103751802384
212,185.38014354613384
234,237.12574617172976
215,223.15018366379658
163,178.7035593806898
177,141.60139925278472
196,161.0024121840855
158,186.7729313607323
176,169.88890090744698
165,185.47131239025242
161,180.73541070171194
246,214.97485027357962
310,313.3291173651104
388,393.80573350804065
517,468.4180871048133
567,569.317580278908
627,577.6833903447268
494,563.875551638602
401,395.6502482134154
335,310.2427344579287
186,220.08694564758687
135,138.49812757330676
104,97.41886367299497
92,102.25122445362115
129,124.22090893570993
159,164.40637383353527
209,184.8747249417659
192,195.3385804198094
144,174.75846698484835
159,162.68908956733625
186,169.07863631271618
188,188.14016200423706
207,191.5334406081213
174,200.80930608288932
219,188.53067414600852
254,272.78611975161664
419,356.4846745047501
506,504.3563025188037
573,542.2357515782799
668,625.5416643971471
833,760.8217342265752
810,828.6058062142347
736,725.2221865848061
747,679.417741993782
556,567.7243292271557
391,372.81659676379206
171,182.47231599484525
72,90.88755842651425
75,79.53002116095723
73,98.50679322503159
112,116.17664437282275
165,167.94874144026738
235,188.91513459243265
227,248.16730300423626
305,249.64595791217724
304,317.4396383187571
338,319.2056448109239
393,358.58469456402173
439,430.46153051244875
525,489.6775195525248
575,601.5087800469995
757,647.0999527777249
773,724.3639571735564
700,772.9027670982292
913,809.8201793599178
856,859.3497783210486
665,783.3833971335367
590,623.7697162582215
488,485.31047476899704
353,361.8383843821355
135,174.44929878690178
73,86.46151893592535
80,73.50231566555998
74,88.30150072718787
97,106.1627404870754
151,144.7868832028852
205,190.35595412372558
235,225.6240948318725
268,253.8673488650361
286,271.663971166549
326,292.4072669805788
310,324.83755089709314
339,323.3246309422232
368,347.57169420470746
344,374.9751584138508
347,338.0240714174924
391,341.86159267482543
397,389.2748970433394
335,342.31613317355476
211,245.83756963849288
160,145.41434390072888
94,102.5810853313199
75,69.61367417330115
36,51.23092770115671
70,64.81240772251722
107,96.33208298872428
148,140.23933800401176
193,183.2428161199732
219,205.8263159826765
200,191.0150414461081
129,156.7312846971871
132,131.18958722434647
154,155.30735484988628
164,169.38910332949598
162,168.32782633855038
176,176.8588621208846
194,182.87905445917258
228,227.5109017213235
224,271.9714218261549
246,270.74776202145273
320,291.4391797933361
341,391.89015951615545
339,317.36478674782774
221,241.50773495231553
150,139.24036469806043
88,94.15051391875816
68,61.17967304808156
40,38.82423688970971
58,57.32374049337963
91,81.54914704584047
127,146.3576143221768
179,183.02349110482658
215,222.06935004308843
195,210.73623597114116
148,151.39220198075412
127,136.26929668794287
129,135.17720192831823
128,152.3745200096134
149,153.73763189807457
200,170.12985965235717
177,190.18301190974543
199,206.91309912882784
274,264.78810055438385
326,317.99953534281707
440,405.70826215128517
431,456.5912883538285
375,422.7418433406921
320,285.2357708447454
225,194.90996308554477
127,129.54564930331287
75,78.97264570310524
41,50.10197088504088
68,48.40790934148338
85,89.64878663053189
168,132.391282396674
199,213.53477203601597
241,232.98295264289658
247,214.28118614688813
178,175.56734530373686
132,144.48173568678197
153,137.52503174063241
152,149.3188119852923
163,157.4512372958959
159,181.07322219070338
139,177.94557733148505
204,189.37366319510826
351,284.95788130129534
391,390.69913507623164
483,466.37890423801827
572,514.0254538297074
467,481.84121410066297
379,389.1176626096206
228,268.536054674915
163,154.4868262982283
90,96.63537098035307
55,61.80217442563007
64,69.56880675236103
83,90.97876126477625
143,156.71211004764496
206,190.73842171470608
231,244.7136330096947
192,234.05536310467411
178,169.39502981750297
148,164.22976944270206
153,170.56831126110274
159,164.32780819462042
172,172.41363871177185
197,178.338928552239
181,182.34742027713818
206,219.342625886987
301,292.6567124969078
379,379.8069881768667
484,474.3748911103871
555,570.5702384989087
596,587.0402655692758
459,548.7017140110632
390,376.7200136526835
314,316.50579063554073
217,199.9150694987255
112,143.77634497790748
83,97.96066358804627
106,95.06726900735255
151,135.34702158665496
161,173.07434879785455
199,187.55637245099075
199,189.5271022589252
174,174.68457578041176
187,165.3607670751108
154,187.4912904332741
186,174.72990965052773
182,197.33603890665842
195,193.9435881520064
224,210.6236826028079
270,257.28424255789434
381,371.7744745401322
471,472.2776031916676
486,520.1233579415926
504,573.4761983123602
725,642.7340370904321
782,746.7628538460352
711,685.2879887715753
650,676.4847844862587
478,542.5020509796877
339,347.8675372507505
189,167.2340680868388
120,97.26280062970781
115,90.90308882811479
137,114.12153766181636
141,146.42003106474039
198,174.29949930699675
220,212.30721067677533
220,242.21163634292208
296,238.77915817420254
260,303.97516790207305
289,288.45366596009535
317,329.7240763978632
346,367.6992683541467
426,444.25349793495326
509,522.781511448708
579,610.5410487455107
575,654.9967311674909
675,665.6595532926777
785,777.480962478617
758,812.2808708745828
650,670.9244584517412
659,582.2877442120748
534,482.47091248462976
342,352.5817875190891
167,175.71492900252738
113,102.45474181787385
89,90.00548925394615
112,102.50276417094544
119,126.4203156954433
173,155.35044857895997
176,207.26849118506982
215,212.31386781629564
271,249.45269525861892
294,267.5858708699261
256,296.09017744762497
245,275.17028111070977
293,282.68451818416855
261,326.4243571088994
282,306.7620152214095
299,307.5712325227479
321,339.27875406407446
325,355.0431415940577
273,311.61188542270486
208,205.49218059518878
147,146.35012229000048
107,99.09868614462394
49,72.97599163034538
48,40.610408601402305
80,67.34424715943662
88,103.56403800160153
128,145.28028454501165
157,182.32960121584276
201,199.6373782186749
170,186.89217768786307
133,144.8460003841555
113,131.7532247297034
115,146.6614410151071
139,152.95342566071028
159,155.1746269637803
186,170.3633306681581
190,195.74967195693674
200,224.90532165705795
235,252.85981080201006
250,276.36596239922756
266,304.5114691023065
322,335.8347334604186
273,304.3225938355494
208,203.38900726803283
149,144.09350215008564
102,94.77463788045861
73,61.794214272150676
61,44.776504143453565
92,62.58155646358995
95,86.99641204945102
160,131.5357173759924
168,189.45758025590416
219,216.10583151685293
175,197.71789767256556
140,143.62016610785494
127,127.72084557585453
160,128.04206238530284
169,156.12178263717658
201,169.3843258494464
216,196.86541667324553
173,207.0884655518528
175,206.55392914723777
236,235.2630439276613
289,288.1944492429472
369,368.1476377160705
422,421.2014416150264
434,403.36690802208796
292,310.3096160848753
211,193.9110885425484
139,129.1999849293067
74,83.27640219704448
62,53.384024080083
94,71.24490059855806
106,94.37207286404026
148,159.39875241002284
128,195.41761892829422
146,205.47786370782407
158,177.53246670237615
141,156.33485717872472
148,135.1564266578398
160,152.4253808419532
153,165.5872972484018
176,172.3083801212807
171,175.25997123922338
173,177.7006028201
169,202.674234576587
197,231.81638560747885
406,243.80072602689256
302,461.5377112420352
362,391.929366908991
327,413.417690038638
334,292.21270151395873
267,285.6557672563404
234,207.97365434456958
157,156.2834853068687
93,100.44290956754949
79,82.25065520454403
65,88.59482478225112
69,108.55940781611456
39,82.09981415596909
51,68.73425542178043
69,67.82692315543517
81,71.97550850071106
93,108.22492449306249
120,127.82277407958853
125,142.539923795344
125,148.71385140724558
165,152.6358744616621
161,186.17288014748803
147,179.63294114720966
166,162.75445508776025
203,195.481423331107
219,197.3520998567541
242,211.04582513047188
227,227.3114981596215
170,227.47520980857726
144,158.0315111714012
95,132.7615422541869
58,88.12891083282386
59,87.8116701044724
42,85.72083137883536
17,84.39735310830704
27,116.77800421126796
23,107.71361051012501
46,128.61084208722937
51,93.80336127564226
81,80.55250230559975
87,106.87356010261021
131,127.64687865337444
169,159.50936312251736
152,181.34357481030037
214,173.39875299255453
213,222.40904233333865
200,246.92871753022388
241,268.94663566296003
262,315.0398251207028
324,323.8055928206424
362,392.2902686635497
407,433.5790417508999
387,427.8622512873511
325,349.93108207953713
315,308.666533702491
234,247.64658664891527
142,241.8524832858583
59,130.4293663271485
29,54.30413548421665
25,52.74683784751169
33,49.72399449626329
40,59.18380280533802
67,65.4990768437614
96,65.24728036095313
115,101.67568366836183
150,127.18258733783611
174,177.00256005966983
157,196.29325644494034
207,205.60424203753792
228,258.3683924633242
251,306.3594440031759
296,315.3904745646156
345,380.42529475245755
326,415.15373326961986
419,395.2242528939274
524,498.5270070270637
506,535.3594129048743
472,437.1876515959767
396,390.39411889748027
329,297.56395756144536
210,254.66735881724216
116,122.84087830690788
52,74.83736658373374
48,60.109726266222275
30,60.75490524018917
54,57.43022096476939
75,68.86347924843965
130,88.11915037649261
183,159.65957246109738
196,203.48497817719672
225,211.29793684672478
240,232.06711021396583
200,246.2538014224089
201,227.48098568780668
216,234.4381606833827
208,254.91870941254325
252,249.06770118375675
271,283.63544292479133
260,302.5508434944719
209,265.04137390516064
172,178.176945748215
1119,1043.8832701736299
1132,955.7225145569188
1044,743.5207189016155
817,614.5861171790135
484,314.92341238234826
167,163.36252819486046
131,124.60028069466314
145,131.03588166003473
186,177.62098558621017
218,223.01165924405032
307,273.8341192146224
314,337.6934572827752
324,344.2286185225335
419,358.00634235872616
406,465.5066697094039
483,454.0989311220714
504,552.193917309033
557,590.0374401381383
755,665.9887003286611
765,781.4880868681121
701,778.368143695788
791,776.5598076370443
821,948.2906090097655
935,966.1870625157005
997,984.9834435059364
1850,1026.9535419326019
575,1018.0173774630147
356,483.2556519591541
221,253.67045108359758
146,130.85805563703312
143,121.28466348599339
75,129.27945549672503
85,131.9122382907646
112,141.3540590146533
178,174.5354344703313
217,240.9979936698817
254,285.09597536961763
283,312.09496675962924
252,343.0628084983293
278,305.33697543607445
281,318.8491402864227
366,322.9978347465793
461,411.4662614133304
495,454.70226797762894
505,469.5439521054403
468,486.0868178488058
401,452.45561742471995
264,301.401720095323
162,185.73491750067046
104,102.73239552983647
62,67.9641634282649
49,49.59569462371548
88,61.93467050327413
122,100.4208821711332
157,148.02859417767155
178,173.12539165968064
218,215.96722342267554
176,186.2355162346904
165,165.69722919380294
192,164.59209214800205
213,191.08298093880774
193,211.41124811958332
213,198.83904700120706
223,227.02366489201924
221,243.78554397414254
311,268.1426109008856
317,341.49369899649196
376,310.13087113576984
295,343.0447317116554
336,307.4797755412849
325,322.59941825359624
215,233.72820407537907
131,133.3597177173551
70,69.95268304380981
29,38.7374366804895
24,25.920320683213497
47,54.49453093320784
100,74.1044537663553
137,146.53699558501884
181,167.09889323548646
178,212.8026598613978
181,181.58112681898942
158,170.96010446463254
159,161.6792515906412
168,163.57762394720052
193,188.34879219193493
187,212.86297170952994
173,205.1723767845074
249,208.4701949720692
304,301.7696199484878
321,353.57095867597997
344,344.2655278695562
331,350.56494315554573
385,360.8325785403411
372,378.975690367107
256,293.99921859651204
174,159.09284681769157
116,95.1203249224197
74,59.4925621305219
45,41.8882008331996
63,51.15131046534628
94,82.3317330921577
142,134.96509003523317
186,177.07255203246544
175,210.89555091687131
188,183.3303092709806
178,164.4364654272238
185,170.91365527961705
173,181.59907061192342
186,195.58049775297792
194,206.9270109396286
205,197.17550032290904
276,233.0310919622886
264,325.1078409560597
340,335.4334804965528
353,385.3610682276662
374,392.75140815606136
373,431.5108227333018
414,427.43921091695
306,349.1175850399579
172,211.16532277085355
90,110.27407166286243
34,61.09787333323144
40,46.590700622875836
67,63.55297700161797
95,91.42038501470124
131,144.5984032783361
159,180.79220263262647
205,197.94785766764068
189,219.0947259433846
169,185.3201340221739
184,185.22562439963176
194,194.72318467909327
207,209.08778900593663
208,221.77481425675862
222,227.216052256756
263,264.6416151624941
361,324.9866648503356
399,419.1410747605552
470,427.546316492634
420,448.1509929616102
414,472.07452425284123
531,500.4216058046293
497,527.1969013576247
355,393.8977645094732
212,243.42837324776963
123,146.33954799039853
91,111.64925828517228
98,89.92990073462761
85,98.42647227850026
133,119.51976542792082
142,160.203084600015
195,191.7458575423458
194,203.2777275561615
192,200.1904155616416
205,205.55675431141017
207,222.5915803483347
252,232.1461990919229
265,280.66840449349303
270,295.7840709162477
272,326.90292622998186
409,373.4816159303207
491,510.4999660613245
527,554.7904861404103
489,575.4314861618335
516,583.8167611710038
700,681.9079043627106
1021,847.7123211717526
910,967.2342225929158
750,836.675759793578
579,644.6516604199412
379,396.9090094555363
166,169.36990189941486
78,96.58662481627488
94,105.51108764053684
87,120.62927702960111
136,152.005827486818
210,201.2140751319596
247,269.4702586342856
341,300.60011503437545
361,369.9808496164986
394,397.85094288802304
464,434.40984459298795
484,502.92667434236745
605,523.1195326689939
709,637.9293115346238
719,758.6713639482425
752,736.6353223564887
660,731.436197956871
665,705.2843238732148
908,815.9853279026189
990,980.0777247579852
1051,1031.7485861684802
983,1068.3638522892234
754,710.4961545440727
520,490.31917784575654
254,254.73279172904287
84,126.63522722583572
88,114.02845497035766
99,97.88761393512478
141,140.97451051093688
187,184.03391428934327
262,219.27439490535556
323,307.16417283448897
336,344.969794094587
366,369.32675867386075
551,393.9777785942954
570,532.8486972169003
550,549.8889023413974
464,544.220590130826
488,475.2796797730349
406,478.77132409313236
386,414.65263885127223
380,414.82976383494173
344,368.6810069901357
253,257.3349298471692
153,153.78870473441503
82,90.05101059302073
56,58.157803638023445
44,46.35868223547953
77,64.36546896713239
101,98.0788678063383
118,140.55167885491906
147,156.89038800853137
175,204.89415924189802
160,182.26338222641374
161,160.26693784896213
165,164.5162589740629
231,180.0329059940441
282,227.53610845820722
211,282.86166110896744
185,228.4116408031042
204,214.02159063125742
306,250.98876754207163
373,334.24104349894986
363,355.49743643269517
380,336.04954600391613
351,371.2323682647681
301,328.03815728849
281,223.07348665752224
145,195.57770787930662
80,94.75246654224983
39,51.225541724196184
34,36.19003594546413
50,51.46831481121652
69,71.03630318492309
114,102.83624331786396
153,134.923331277851
213,174.62453147546273
210,205.53206877713
202,192.61293026564636
221,198.9613470732901
190,224.14898892277296
221,215.20260151763944
232,226.5176107978662
255,229.36125385399123
253,258.464912026528
345,310.0283152268344
396,395.16276694709273
346,397.50168345095375
385,353.5977488440655
356,374.34487985728185
422,352.3498854450065
250,320.1767471534388
121,153.99640023981698
70,82.24684171586246
44,56.64956908129685
27,37.56160851907003
57,48.61192864305668
88,78.82835264838506
127,127.77103349697028
177,168.9602937327151
173,205.1352349242203
191,192.40788292250593
168,179.13799890720313
170,174.06778253638478
186,181.70762059698012
159,202.8666302224907
195,195.55149268384227
206,214.28055507574467
206,239.8869552396196
270,277.53933666069065
314,352.4638545994331
331,350.31714006946714
410,375.13680651887717
369,432.36253396546255
411,424.5432300404197
279,332.8644586719541
177,179.37696476274948
95,100.74553863388357
60,54.737341994816134
34,44.391319457084464
67,63.58504859418871
101,93.4458635408196
119,137.09596993772084
178,163.14116428707945
192,205.22350346298313
192,201.074474351207
189,174.09170784818042
190,185.2349802683698
204,198.53530267054725
154,202.63229650269793
191,191.84451824576936
197,211.69665387029556
229,238.84844159817925
346,302.36442706070267
392,404.4877449167653
395,422.64602742187157
417,426.66018886463337
484,452.5596346155348
598,521.6351426604937
539,551.03147185081
385,379.1130737922901
304,234.4387602988979
186,174.02489316829065
130,119.21614866239831
100,95.34427700347855
95,97.58440543324427
115,126.00462911411836
161,149.25098150615926
212,192.13096677330216
403,207.6423121912041
307,299.50247397602493
238,275.54871987999275
223,240.62427922091354
239,233.619493468519
251,265.7887822731919
275,277.90933394877067
315,312.08246568424397
386,398.70203406203785
502,487.97871570301476
554,547.8593031631917
521,563.2638725565712
546,574.8217334501913
842,743.2950268104853
904,914.3743929531161
958,890.4849060468446
760,853.0892648377802
670,594.4126748597123
437,459.05632941308664
191,191.68464116879738
86,100.92618168166254
67,105.5810933875523
81,103.70964366775226
128,145.17192722792134
201,203.81707500423497
228,272.37581479733944
282,295.10208875668445
305,324.3258824840935
396,360.95458446541056
365,444.9575693343921
446,423.80777831618957
527,546.3262289307822
607,602.6327759982248
712,682.2077299439762
687,733.4346742031031
796,683.2400711167793
692,818.6642546828599
952,843.6049350518199
1127,987.1668776543387
974,1100.8822467852099
858,902.3748611859904
714,672.1997814029118
497,499.8169852435441
242,246.85087965593672
100,113.24589606053227
81,108.62647561112806
98,93.48424442480261
114,126.27459820034669
172,169.2154594468169
228,234.08736165189478
315,300.18704404780135
368,352.8715128778209
436,383.477487629402
395,449.6336526944485
476,421.8336417928924
507,494.0345312793194
506,514.1477424716221
496,504.00412925061283
471,477.5589244382682
451,439.7710733784979
410,439.2892186295185
396,392.162721793967
313,309.40117037725264
125,174.77484836872864
86,72.8766837475762
52,54.74028520271204
43,42.874159447823025
76,73.01858595190733
85,97.30727168951876
118,130.57806446782644
141,155.2272778703848
183,195.87792393588376
178,179.61749453482767
198,165.18212138907865
182,182.85015878955608
180,202.58689984871702
175,190.28926990153968
199,200.72504735588365
217,201.54558814387076
234,227.80605099906788
272,292.76388553817736
339,313.164773198641
345,340.31381751538646
291,325.45113154030525
300,315.041747468486
259,295.7724577887886
171,210.4903349570393
120,115.59097978279834
65,70.11801847685183
41,34.29955155961127
15,29.427812836711492
40,47.14027581972323
68,71.42778978746111
120,117.11428195543884
144,155.1026478569629
172,188.37526562781557
181,182.44987306297085
159,175.6028557211377
154,162.9584690878032
151,168.1645222482492
166,176.1929303065359
170,195.77399400438586
183,196.66944315240124
196,227.47885748156997
287,270.289451378147
337,348.3021958438666
282,349.19837777623746
311,313.96471634327116
345,333.744753999473
406,372.02717641112014
267,272.8928872810085
170,154.5024409753563
81,91.67452300615804
47,57.95336556860837
26,33.235161324590386
55,51.21376079695589
85,82.55956289834789
137,130.67789851600148
197,177.3114336306179
235,203.59633394664178
203,212.7651977134351
220,175.97132282448652
170,191.70627409775116
180,173.44462492912214
161,187.4578531865272
169,182.82039045274826
193,192.0889992596802
248,215.58065764295986
314,304.0411602594152
418,375.01414376171584
411,393.88087582775836
355,406.1787205955201
443,392.4714337023215
506,449.8683889363522
333,376.3557611874548
239,199.43274785102855
116,112.11851496016992
60,65.20963128540463
40,41.80847393431648
76,64.72643268364675
96,91.65754206036884
125,137.81621756557314
158,183.26322692846182
204,215.8026079837515
199,204.20892574381975
155,195.92826987766534
161,174.20309239671832
194,184.26376217445366
164,193.08479130993024
210,188.91114312854225
218,219.07190039941102
279,258.44559460658525
348,352.0254651258877
413,418.66943247628956
415,444.03681022630633
439,424.9976653265746
421,485.66676027377775
547,515.963819861704
474,530.7130420718034
316,381.6581323276527
248,236.1351047201215
145,168.84288610871621
117,114.46925983863885
107,100.57879041443579
99,97.18845356624338
140,124.22883833180596
165,157.11385190935152
178,199.66307188342574
179,203.47672611442982
194,189.00221130567613
215,202.88241842859486
208,227.0082538998805
209,224.58955692070757
247,250.411433534996
251,277.04408363900603
306,315.94710075464445
389,393.4878649054714
476,484.042851520297
538,541.3816705030953
502,550.082565477846
496,547.2855958428727
847,685.7732784354146
889,976.0240668559104
896,872.6980469797115
815,792.9946684786593
592,647.8296615907033
436,413.80798896316236
219,214.49487335048812
129,112.79536015834609
125,105.61679676467192
141,115.04865501220615
165,152.19270213855296
185,205.9918234229157
247,233.96229230019173
283,307.1241263112335
330,329.01503639813944
345,372.27293915014064
391,399.3880004085833
439,433.08576177310414
507,524.2659658764625
570,594.3912759046685
633,654.7919806543545
684,692.0901117644023
633,715.9215628561935
595,687.5930250206793
856,739.0294942280311
955,968.5095878053146
971,957.6981186429709
949,903.5747796762862
690,667.827134248931
493,493.5378544803669
214,262.34328496731445
121,119.97652228076001
136,101.17528462783747
133,126.02399572143487
129,135.59100605409563
191,172.35323581347063
214,234.9773000895448
296,292.7233524432306
374,349.4275027141495
376,391.90444313046527
409,395.78099890834005
402,433.3094469544784
405,449.8725979655564
439,445.98305520074115
421,468.72759350883933
380,424.12510303477563
422,380.3648002724821
378,417.1799740711828
365,360.5180935959083
262,275.3500301678816
177,147.87062032833242
132,88.64977247998836
110,71.87475097302864
59,64.883192036898
66,75.78302867864709
93,96.830639465731
124,127.91617235620876
147,155.3834863356156
185,187.12670982815604
152,183.930245956177
158,156.84801002360422
164,172.50521587434403
157,188.9765367510688
190,177.94926142714417
179,209.96759525073585
193,202.4777169038189
222,216.4535538313811
281,273.6799107526944
327,322.86918938355336
281,327.174862581912
265,279.89504423470123
248,286.21385898690465
246,258.987513056532
188,188.99427519237574
88,127.72243082182442
72,62.27975836767527
36,43.78587866747069
26,26.880243365662512
71,48.061911663850026
112,76.86518458071939
138,132.0722374805243
146,163.2631306892964
173,185.73321620919432
153,172.5311767987772
170,151.72005482942515
169,162.94011617311352
187,167.6783890057209
225,193.5258191104693
234,215.42263917094323
261,220.91603597933263
294,267.86857703854395
338,338.7309959046094
399,381.0199138434268
466,366.151797706259
357,418.65154176549873
390,354.0038338276646
381,384.0546054063896
254,270.2145684448342
133,154.66685478316057
81,76.86403110446385
71,46.95559081841326
71,35.37711837653407
72,66.11711136148288
80,93.08582499670706
121,137.61675905479717
155,175.6544917620472
135,192.87682194412187
172,167.88065652695363
180,177.05707469385555
205,178.6560279376909
203,199.95226290975094
228,198.86908747995219
231,228.4205154692678
272,237.6386709081505
241,299.03762126640675
287,311.5057518459363
299,365.1212974194142
573,347.57685065908066
373,510.55141844565736
282,417.91204384146243
365,349.4181550059872
336,303.9583347497385
262,242.0891731519135
220,169.23422452870238
153,131.6994178731787
143,104.99974937694154
114,99.3524289097741
73,95.81849411707773
84,108.4828513656395
82,117.03772660231625
79,98.24701414609962
113,116.32608457302497
147,142.6875979601769
191,179.08792908812578
197,208.94889641153955
157,211.3029789439801
188,185.22677105010285
222,226.69679421925912
198,255.66914170446805
234,255.80156988800815
185,271.14046886479605
200,216.77939533462103
214,195.71628810096303
240,199.7266112072075
265,255.08730752465058
213,243.27683075591165
219,178.9324928156793
168,178.6200346429776
127,138.4360683023255
129,118.11136649977506
74,106.64781182081794
37,88.82066394037514
54,103.99655516888981
53,113.46554804220601
81,113.52330053800887
103,130.29038004842786
117,144.66632198844613
137,154.97234001985734
146,179.73576901755897
181,174.66305755075982
213,216.6025340903637
198,248.0983605489812
283,252.8316987669278
286,360.51624732528205
363,360.5996592266207
326,422.24321269712664
348,350.9369021209009
363,417.83740304500867
389,434.4392098954239
379,374.5436558208095
333,326.8439060481466
325,326.09961425424103
309,287.2142783634471
286,274.8499695639511
125,172.25306287934492
50,82.47501435335097
34,70.69254895827812
50,55.53780321863006
75,74.95768230473547
115,119.47484383229413
137,131.62283775955987
193,176.3421712419595
222,233.37646029764636
250,269.14582925946047
273,306.244127419568
335,326.9678932923537
339,436.46386491162554
385,430.6777961323767
418,427.79274453306186
432,479.1071261956737
432,467.7401044858234
442,481.26603361491846
525,506.2122988521465
594,565.1288781296953
596,565.562484783538
505,542.4783036050233
431,406.4846542921836
383,353.39721961893974
206,210.27501221251623
73,96.03023286488373
73,71.62620010238716
49,75.01651842515508
128,80.63191830019485
138,162.34016487597006
201,178.67495526576192
275,261.681889045706
295,296.09827191473113
379,325.75331612512014
358,382.6806374740293
329,381.6484928994016
383,376.87486023096244
346,417.2222869557427
385,377.72565727816664
331,378.4416652282096
321,343.75541362196935
270,340.5169200421257
257,296.85067851805803
183,221.44783827579656
924,905.9373187358838
917,735.1587269239897
765,549.4186682711075
600,402.20873880265964
389,253.0674216278301
220,156.91682918532504
197,175.5418382227629
153,170.98284412032658
175,184.67904340538914
196,224.77359676123328
244,250.5792212053749
280,284.0000362787236
309,297.7808037916653
302,323.50579194433897
265,321.6822811258045
307,316.90757721184605
391,357.27396529026663
409,455.8697698445174
543,480.7460314921126
635,592.5321152167544
638,643.308771451698
701,659.5404108264526
755,734.5366091593297
731,728.9903282513523
870,691.3473076952944
1459,719.2251044036651
416,805.40266194773
324,353.6622433362917
208,216.77193340906894
170,141.23864103431416
143,147.74354244782472
122,135.20316504691124
132,161.44910740205293
171,183.17207777207483
161,232.99852379398664
220,212.1397696311903
216,252.38149400428415
228,253.9470452961181
176,256.40022528649337
198,206.04088549370675
268,254.21701895046974
331,309.2170006430757
403,353.012160228996
400,373.9122380864325
386,374.24179471110693
354,372.36379398921986
265,329.3478549139717
211,213.64828742121816
130,153.43382377386038
91,89.50986060334917
53,62.3245567010887
39,44.42543698702461
88,61.42506017328789
111,95.87753104305973
167,146.4319655638578
173,181.05943196470193
204,212.21643321564486
224,200.9586771739557
174,180.79892228003567
177,168.81637648961282
179,172.14375799674966
154,170.51423203067142
207,157.83080643886177
150,180.6222088215838
191,167.56861436747852
208,227.32009059692365
292,252.08219117699667
273,301.33181833506643
295,256.0891743147543
274,287.18160773693586
258,273.92539612220423
123,186.15035455208542
74,95.63187992263562
51,55.260498076243515
34,44.32866469532616
35,27.317238528320587
61,56.019777810956995
102,84.41072433111354
136,143.40155147004597
149,180.66082670609578
191,193.27448441773356
217,214.64371465690164
195,186.95957660666969
159,174.49957589363518
180,158.17666584447915
155,170.02215028639785
170,170.9549755151974
167,167.17229157494165
205,186.59921805276275
231,233.8973272683207
266,288.99573679659596
264,288.1553144022522
293,282.3608322615389
290,320.1728972442652
323,308.716940137852
230,229.32282109458458
146,141.98401016972127
72,76.84476486100306
57,47.350708128370094
44,39.54330591762902
73,59.00283412430432
82,83.5306727630449
148,131.98100803086035
192,163.98858392220293
202,216.644059831119
211,219.69385992237642
192,195.9736373982012
166,175.34272182702912
169,167.13850956811632
172,167.20555612542026
164,171.82059581602897
150,175.12135192687165
198,184.20904750049624
238,244.2914633041104
297,294.14107771733546
276,311.0861013160873
263,305.38876244464103
324,313.8619673411279
342,360.9654120621646
221,282.5715786999968
165,184.83726827229128
117,125.59401871428868
87,95.82214832020982
62,74.40145793310751
78,75.11349449640099
101,104.22063645118142
164,146.23775918114444
191,190.796554090916
202,232.42127350143988
211,225.26956743994148
215,207.80176601497058
194,196.83470272926473
176,192.53867684078634
199,183.85861699129268
203,191.88038136448986
206,191.41509205629464
218,221.41718243400754
265,267.00846564654455
345,319.05681567383056
395,361.4115217139865
333,384.6566985517113
362,357.13229216963833
386,417.1097745194463
343,337.46579031066136
222,281.31579454245133
148,141.28644205256606
96,110.98543526017687
92,83.24746645426671
67,93.69454745931343
106,104.5480090081879
155,147.81639439342266
174,177.33032959689902
194,208.8820497593103
210,222.84244254365177
224,210.88046728859968
200,218.94109336476103
212,210.40025016036188
211,219.8754583264033
221,226.08713160284984
216,239.56129950384343
246,262.1349862950285
330,327.94661144336425
389,411.0755294373878
419,474.28649840908696
420,480.77234892845513
452,477.5529540063717
492,537.5911872718385
657,514.7546178987972
605,579.9214215766276
434,515.28058142066
283,293.7751928932361
232,193.06778079520805
152,179.56564440068155
83,122.84393813211385
100,131.29749791155285
102,136.80711592233004
144,155.81454336295053
217,197.50048034170197
250,260.7268011125212
287,284.6696345603614
283,303.98488079104146
325,302.86381099056183
307,318.10274488118756
333,322.1459089077826
393,373.20921184649035
440,440.4602938263481
459,516.6207091283635
560,530.9459105931357
550,579.7533152351978
505,604.3572578619885
679,607.0826903952276
683,672.6079461835703
626,667.7957897292533
585,505.1721442933324
488,388.7907607072162
306,324.9097368605316
191,199.6624959551642
100,114.58835862024074
126,114.96324977493202
141,118.42716680508073
153,152.0079237948535
214,189.80784606906116
246,253.48883166029862
291,269.00377202760507
326,289.02178320846843
272,315.48434842469794
377,272.8610374521606
399,354.2160292026596
396,384.37938919358277
358,394.72228338020085
407,363.5478510174907
370,372.96967853809116
292,351.8629491502541
270,310.2380986536205
248,263.6157319294679
172,194.9336336937104
144,123.29235740547504
81,91.28425110364611
48,55.970438474192036
53,36.929597650578366
63,77.13922427821176
98,93.80777448363112
157,143.51082031083442
171,177.7017509146407
204,206.7341639434165
214,213.3766536368604
156,185.31630159011766
161,164.44487586754855
210,170.84862647046202
220,188.09178661484046
176,204.78939544967443
175,168.01761615650744
208,183.03345268216185
224,233.54398890520477
303,261.65938600299484
237,296.16183402221935
256,249.34929950649564
300,273.3686299186672
256,281.7395179361276
200,177.587046086875
119,143.14610091605186
86,75.18054393432665
45,59.089767479673235
41,42.883336761564294
55,58.61488859957424
102,84.39770853927628
126,123.99366538515787
175,142.3783438770889
213,204.7558530135078
222,233.3213408112479
195,202.37531748761623
215,186.67507293860226
193,212.91315768224626
187,192.99161547120326
195,188.8580522469713
176,196.58528530899304
256,197.03437987569873
273,271.57492521145724
342,314.7736044115969
321,332.5397902728048
293,307.1619994477857
309,313.0804136279795
346,319.90620056359944
220,241.13253749751624
143,142.88013531925557
89,81.02053879653432
47,55.22347335322283
39,37.70473251485005
58,58.57991743378289
92,80.76060278261691
143,132.87844903280757
182,177.10166659145574
194,218.68619416644003
217,214.37420088665326
197,198.52789737944167
174,186.76014952872592
153,176.0676284125932
164,168.22301797173986
181,176.84728170045676
162,182.2870535870711
197,201.94309199529758
242,254.59392571107432
312,306.48616326648255
289,327.03560368130235
276,303.3620800118505
323,332.7083279473156
307,357.038923606651
251,271.02752240772423
212,187.77647562716047
166,153.28638193393618
112,97.86086838105479
66,68.880765440939
71,74.83960391189059
102,102.33822270575945
163,148.43143958227694
184,192.75118102038093
200,215.60565959982472
195,210.74630682141964
214,201.35290032379643
199,195.35131757092066
190,183.68477550466696
178,194.53210935242998
191,197.5356890048526
174,194.5288353986417
217,208.2721631999076
291,273.66668211771156
330,346.22240346341727
370,353.60982288246834
340,361.96131125948625
435,372.1990423834181
459,423.0530069397703
384,366.0494082496006
251,283.7414249870747
147,169.4758218995114
125,104.05001676658327
80,94.47095612168863
107,82.09759891126963
90,106.22900805808169
145,146.63174393083355
174,174.72116142533784
204,198.75420886309197
267,211.08626842039442
249,235.44372237267575
184,228.6807833643237
213,203.95794076684595
184,213.10464888084095
226,212.7684038151122
198,223.885352845293
227,247.8568769199735
304,302.2190183098819
469,389.48401870622786
508,505.6859969043553
579,515.6881306400307
461,581.6627553112963
608,574.6238193938526
636,632.210682855582
647,614.0738162438429
500,536.6554227543393
389,369.0955635894391
290,264.27972287898353
182,172.94126161242806
108,113.71468419895389
104,133.48691195187698
130,137.20025485795992
151,166.02060609241443
185,212.66074964795882
225,241.11142728326317
261,260.45414669607516
282,283.3320256875551
296,301.2915369249163
320,311.89239713728415
342,336.0374115357668
371,380.6842201122297
444,430.41248426941445
565,517.892923205768
633,602.020085119039
695,638.839593927148
572,711.4111864967649
679,662.4264060874659
701,684.3648366696527
697,685.0407691485852
556,593.7829469602399
484,421.67382181140835
354,347.56772664638476
189,221.1972229094248
124,120.70302960585721
133,120.94397016333384
128,130.22539925168803
143,151.35116612210473
178,190.5342811268643
232,228.23391997276565
267,276.93976931793287
299,282.316506235168
362,294.7967879502087
302,350.0446615449088
341,310.08278470972357
342,351.06231451677303
387,361.45759397396523
387,397.48227025691483
333,367.21844918022833
347,330.8364886604476
329,337.1158719415137
296,299.8812084570111
223,216.66852132168094
138,151.83853176467386
67,85.16407081840347
61,47.060910817955424
49,50.24252785460695
66,63.4644376835457
93,97.61920955936107
152,154.27095384851867
183,186.14598561784697
199,214.38479588550578
218,203.48532663782944
196,172.94722868626226
155,181.05982186530397
154,168.05751518422676
155,161.65186196021656
174,171.44986356237573
174,172.37320291668976
168,191.98717461578013
239,211.44188377344705
283,280.86986418641163
262,283.3798512075699
258,267.84244167888806
290,281.7652427420942
282,277.76020357638185
236,191.1801865797862
128,140.3563207912238
63,66.21461992110657
37,43.13219962897589
25,37.33953914255215
57,56.56785094898451
89,94.03132288670469
150,137.62507306604365
182,188.6910747198938
197,211.80432124221954
212,216.3388940214033
175,194.2980742688741
173,165.32293174344574
166,169.93889799254342
140,167.0902622156575
174,165.25338376083374
167,180.4519391331222
178,185.53224657076396
243,231.98676784872066
288,299.28642248641154
246,295.1759167533033
272,279.5352575372657
312,304.193197198602
388,327.42629651298506
212,278.9565953701319
119,142.03865019729753
74,70.28916500291865
56,51.11773959609573
49,37.894093045368614
56,58.990456998036386
68,83.17658097041993
159,139.30640778524273
197,196.2991212519029
213,219.85352494483294
270,219.89956527976915
212,207.9718843713285
205,189.95889257069834
190,185.8153068005726
185,176.27737053115365
183,183.5880905818401
168,177.588037027794
228,192.4835591269961
289,270.4882279898361
336,328.3555143310635
339,317.015102638563
275,322.5842747910085
419,320.80482979891127
469,416.98405654213934
305,302.2421945245667
183,214.3710349792038
165,137.64941495311805
81,110.27948162807677
63,63.549420834271004
70,72.05425875433728
106,92.91480537434997
143,164.25583895594406
179,193.9966980442095
230,214.58843269122468
233,228.67861042124935
210,218.8051621455464
187,204.28973089309986
158,194.78424396632013
187,185.77755908950647
174,203.07260121632982
167,185.38121535197328
221,211.54082557678825
283,286.87274978393
369,345.45685322400465
393,384.07263607136474
351,370.30884645069114
369,410.2534592453623
404,433.005888149116
381,359.0699041264406
276,282.649528765895
177,181.00295992743162
164,120.05814550225212
94,107.48693032789963
88,91.73139978365936
123,103.25106464323163
149,147.2908003266465
195,178.19503488914359
194,216.97337372979655
212,231.27101774135144
196,225.0492681526691
186,200.0680897668125
217,196.81222832696503
217,218.4043617515847
232,228.08974041240626
219,227.07119645661885
279,247.9572926352501
339,332.0923503052196
425,420.2037512491603
556,493.16087054911145
483,584.6702117771706
445,494.06789804202214
695,554.7063439010425
749,709.1135710797225
582,659.2565797574168
507,512.3298424423738
409,409.43138918144564
324,292.8552044268309
210,188.30416346675963
158,126.27998975973463
152,126.85612120869376
151,148.91267289951497
193,163.37664540845768
216,214.06598866507994
246,246.693623944793
275,275.5485611539285
306,290.2690255243924
314,312.4991293176735
302,321.68705045280376
473,324.9842559593726
393,474.45581092461737
471,439.7716173744377
519,533.812338467816
539,602.6584888497068
559,580.2654409781723
503,576.4743098866402
658,620.7121810536157
602,653.4249756217193
595,595.7103722074605
535,541.0583632229954
408,419.6960968665443
345,312.01625934059416
210,214.78188871962251
151,138.15860496970762
151,139.29842215840188
132,139.3708961149877
151,151.14353390713347
206,187.93434404276903
226,245.98620354995774
266,266.6898893946103
286,288.306206293457
312,292.8634657504656
296,307.06216760826527
304,318.2608718296405
299,321.90868982465344
312,335.1879728516305
372,342.3970927360945
308,362.0056334293342
298,313.22626693166325
272,312.3659262001928
254,266.68192111014156
215,203.3602952660477
93,140.69416958580132
73,67.82712463073722
59,49.11210252206635
54,47.025963518588114
90,65.51558617979624
90,102.6553322421957
166,158.83472134994963
176,197.97233220719232
175,207.39637615616633
232,204.1488219277452
198,191.87618418094615
159,177.58810868037892
167,165.4338491581961
171,163.28668313033623
168,180.17742199780602
180,174.63273427020002
183,193.9199413295115
212,222.10898776721288
276,259.6943226071083
273,269.41896116147194
235,269.0437862192255
217,257.0197481928282
233,229.0758384263793
165,190.2060539155875
77,109.56955059220036
64,56.75436534479622
50,40.059107679988344
45,36.51401185401894
89,60.54036654789274
117,98.41830754642147
152,149.576632822169
182,188.52541745173988
194,207.75452845967965
187,214.77964813623612
185,186.28209788814027
170,172.2302351245317
190,170.59907764239063
195,174.29581495062087
178,187.56094119970888
185,178.7576579826025
239,201.49156645902923
288,265.449683934859
306,313.7171375333271
308,298.36988011252527
296,300.10620682095873
331,306.8147447600136
329,335.09543123456217
195,230.98876034531193
136,130.1200888196909
83,78.2431524393339
50,55.04697774105305
74,44.21719876970254
100,69.1201785186631
96,91.31534590037955
130,152.46276080105488
171,191.1943012110725
196,209.961772547352
193,209.7790337436711
233,191.8204612056883
203,197.30871198892353
203,195.7853272367549
213,201.05327708914686
185,204.71361729292943
213,183.8630908876129
188,227.9079696981677
279,253.27218281243614
302,329.0500509970769
417,319.7456914425207
318,370.5496361021707
274,351.47042500296453
263,324.1225852007426
263,236.96667905858516
226,223.43546385131356
225,174.84510124709556
190,147.74085759223146
131,126.57650009761768
104,98.96210846096497
84,105.59753802049703
132,115.88040055197102
84,159.78101378628787
102,125.33467962618566
140,142.83703353180556
137,175.1413801692023
166,161.34737563639806
195,187.789450137272
213,214.3784482516858
229,219.9749030315111
259,238.1923197526044
269,271.04809392529785
297,309.35018566949043
279,345.235667651379
240,315.456871013819
254,254.8686122569618
289,257.65531143653266
320,301.27543239645684
333,277.2927041204097
224,271.7286240422877
150,167.32299763051907
134,122.32318693701573
83,104.87250101263062
53,92.70416015911402
67,96.44686307694717
71,130.29700437959053
80,118.88140629313263
97,141.72423180825112
126,142.65175341059737
123,157.3350415485365
147,157.41520447932143
180,184.6320278911735
158,207.52958656967562
179,206.64330414123816
180,209.70053725498204
211,233.97696138528207
213,287.54310917338273
269,302.1135287014338
276,314.6106430397669
265,318.95205731671496
238,322.9751050801748
292,305.60368117698556
267,332.2598980621165
229,329.2340246604327
199,196.90369976201126
156,170.8566569783234
118,200.74977449621355
87,136.95859350157014
71,89.32730750250558
59,84.61208771803491
72,82.30074462880619
115,97.47934954760363
115,166.243841027806
134,140.44104112707262
156,167.13720256952556
202,181.91559594261759
182,232.805579116794
194,216.51287228983676
196,236.19915486861473
216,245.82896144671935
257,277.63388598231506
319,301.720155430764
399,389.85879915674707
389,416.8673453504146
376,427.22046998812857
463,424.36822818797094
377,485.86078235840546
365,368.1948038649523
346,315.0877270248455
296,296.2246081142522
262,243.21569321353817
152,167.37186997227764
101,109.55257356728757
77,103.66199448131657
75,97.72844446896352
96,110.20495409989609
139,133.5991680030481
213,179.65071150873572
255,241.4271155712215
241,269.3642865806968
280,253.3744141956702
270,282.01531796456476
242,275.93277291793885
283,256.44014268792387
305,306.2494858358737
331,325.52778203054464
249,325.06104025973946
264,266.7112845821254
260,277.239582087016
234,257.8644289212937
153,201.60937547693348
